date,model,h,y_true,y_pred,error
2024-06-29,LASSO,1,-8.047431954150777,-8.469853169597785,0.4224212154470077
2024-06-30,LASSO,1,-8.0094388103616,-7.8346720912358325,-0.1747667191257669
2024-07-01,LASSO,1,-8.415744212880016,-8.010187440984877,-0.4055567718951387
2024-07-02,LASSO,1,-7.590110308893971,-8.228072099950614,0.6379617910566431
2024-07-03,LASSO,1,-6.7568326341271066,-7.743982689803598,0.9871500556764916
2024-07-04,LASSO,1,-6.028709939198225,-7.505881455335534,1.4771715161373091
2024-07-05,LASSO,1,-7.82183717488344,-6.848606075082313,-0.9732310998011267
2024-07-06,LASSO,1,-7.599232953126869,-7.801761010331509,0.20252805720464018
2024-07-07,LASSO,1,-6.2016000220281144,-7.519626537502225,1.3180265154741102
2024-07-08,LASSO,1,-7.13201098663784,-6.852279117807883,-0.27973186882995726
2024-07-09,LASSO,1,-7.364155934126495,-7.335149226617819,-0.02900670750867551
2024-07-10,LASSO,1,-6.970855511693713,-7.211826429122067,0.24097091742835364
2024-07-11,LASSO,1,-7.461112349654011,-7.043215264995017,-0.41789708465899356
2024-07-12,LASSO,1,-8.001579020126183,-7.631742711238711,-0.3698363088874723
2024-07-13,LASSO,1,-7.503141944073601,-7.735683310365188,0.23254136629158673
2024-07-14,LASSO,1,-7.10151927124952,-7.307079601427663,0.2055603301781428
2024-07-15,LASSO,1,-6.8751174522895955,-7.1929952669025,0.31787781461290443
2024-07-16,LASSO,1,-7.273310670983561,-7.069408991197942,-0.20390167978561902
2024-07-17,LASSO,1,-7.590004120123674,-7.192258243453988,-0.39774587666968575
2024-07-18,LASSO,1,-7.361953880672214,-7.540176057736718,0.17822217706450427
2024-07-19,LASSO,1,-8.183252874840827,-7.521288556345138,-0.6619643184956887
2024-07-20,LASSO,1,-7.540508981035038,-7.811119367320966,0.27061038628592815
2024-07-21,LASSO,1,-7.831068909072291,-7.428382400049818,-0.40268650902247316
2024-07-22,LASSO,1,-7.504319171318432,-7.536916263698542,0.03259709238010977
2024-07-23,LASSO,1,-7.715830478728725,-7.482250530573813,-0.23357994815491168
2024-07-24,LASSO,1,-7.1111013620300145,-7.801434870205233,0.6903335081752182
2024-07-25,LASSO,1,-7.731151246587125,-7.522207426974135,-0.20894381961298958
2024-07-26,LASSO,1,-6.6745965844828605,-8.034136471057531,1.3595398865746704
2024-07-27,LASSO,1,-8.297723232050007,-7.370437602453511,-0.9272856295964962
2024-07-28,LASSO,1,-7.220642471062432,-7.871083962686748,0.6504414916243153
2024-07-29,LASSO,1,-7.567743991658627,-7.238449660625784,-0.3292943310328429
2024-07-30,LASSO,1,-7.537578973039193,-7.548397573233012,0.01081860019381864
2024-07-31,LASSO,1,-7.134693601377736,-7.736871573616029,0.6021779722382936
2024-08-01,LASSO,1,-6.728020741506768,-7.274776335050673,0.5467555935439048
2024-08-02,LASSO,1,-7.102715268773577,-7.006413296644992,-0.09630197212858427
2024-08-03,LASSO,1,-6.901570663299103,-7.0868732805532915,0.18530261725418828
2024-08-04,LASSO,1,-4.331832929576587,-6.993392348907485,2.6615594193308985
2024-08-05,LASSO,1,-6.129507554817753,-5.2797882442647275,-0.8497193105530254
2024-08-06,LASSO,1,-6.56821202032419,-6.762435814097986,0.19422379377379606
2024-08-07,LASSO,1,-5.881456842610719,-6.689448781573074,0.8079919389623553
2024-08-08,LASSO,1,-6.5521594278707,-6.474149482829917,-0.07800994504078318
2024-08-09,LASSO,1,-8.164746233335169,-6.899375839400005,-1.2653703939351644
2024-08-10,LASSO,1,-7.347966273268356,-7.375299173723262,0.027332900454905662
2024-08-11,LASSO,1,-6.301581779560638,-7.030730867859339,0.7291490882987013
2024-08-12,LASSO,1,-7.032064393779834,-6.8628614016230785,-0.16920299215675527
2024-08-13,LASSO,1,-7.145182948564176,-7.362616351486307,0.21743340292213098
2024-08-14,LASSO,1,-6.782869713050387,-7.278116522838212,0.4952468097878242
2024-08-15,LASSO,1,-6.993243057300741,-7.381535487126219,0.3882924298254782
2024-08-16,LASSO,1,-8.93414336978374,-7.49711325342967,-1.4370301163540704
2024-08-17,LASSO,1,-8.090430304827276,-8.025863824536685,-0.06456648029059053
2024-08-18,LASSO,1,-7.395852713362074,-7.599610753889057,0.2037580405269832
2024-08-19,LASSO,1,-7.252727153074581,-7.201973305442894,-0.05075384763168689
2024-08-20,LASSO,1,-7.122737507461557,-7.196058044293627,0.07332053683207018
2024-08-21,LASSO,1,-7.663977474896019,-7.401040469709896,-0.2629370051861235
2024-08-22,LASSO,1,-6.8510987312401355,-7.826652883294185,0.9755541520540492
2024-08-23,LASSO,1,-8.299722443510342,-8.039688177416503,-0.2600342660938395
2024-08-24,LASSO,1,-8.590906417273768,-8.14777682226602,-0.44312959500774873
2024-08-25,LASSO,1,-7.848062431939034,-7.423889655274933,-0.42417277666410147
2024-08-26,LASSO,1,-6.578074293173222,-7.260830202906266,0.6827559097330447
2024-08-27,LASSO,1,-6.625319225980788,-6.794249061501986,0.16892983552119833
2024-08-28,LASSO,1,-7.220716390846805,-6.698470035175893,-0.5222463556709123
2024-08-29,LASSO,1,-7.355348084977686,-7.8738884569244485,0.5185403719467621
2024-08-30,LASSO,1,-9.250891127347398,-7.519357718916053,-1.7315334084313445
2024-08-31,LASSO,1,-7.427050700993551,-8.454135798848997,1.027085097855446
2024-09-01,LASSO,1,-7.578986184704846,-7.395996870723982,-0.1829893139808636
2024-09-02,LASSO,1,-7.813351757199836,-7.604502628743363,-0.20884912845647285
2024-09-03,LASSO,1,-6.5034602127886165,-7.4004789197761935,0.897018706987577
2024-09-04,LASSO,1,-6.940360945467537,-6.766968179944093,-0.1733927655234444
2024-09-05,LASSO,1,-6.522114937682515,-7.122846999291896,0.6007320616093814
2024-09-06,LASSO,1,-8.259113009436971,-6.942260254467485,-1.316852754969486
2024-09-07,LASSO,1,-7.6986759889953715,-7.815579923321556,0.11690393432618418
2024-09-08,LASSO,1,-7.142083192560166,-7.184450189922895,0.04236699736272875
2024-09-09,LASSO,1,-7.454039970224542,-7.2240971692954155,-0.2299428009291269
2024-09-10,LASSO,1,-6.9566648361472945,-7.588636683505862,0.6319718473585674
2024-09-11,LASSO,1,-7.375311173852939,-7.227912653491639,-0.14739852036129975
2024-09-12,LASSO,1,-7.641682246432809,-7.743559572255503,0.10187732582269415
2024-09-13,LASSO,1,-8.772444578271369,-7.648863507365309,-1.1235810709060594
2024-09-14,LASSO,1,-8.222190817885775,-7.898171322798674,-0.32401949508710093
2024-09-15,LASSO,1,-7.505284819602623,-7.888038196898328,0.382753377295705
2024-09-16,LASSO,1,-7.206662096750963,-7.305374087140561,0.09871199038959766
2024-09-17,LASSO,1,-7.000512980515621,-7.325081316819612,0.32456833630399107
2024-09-18,LASSO,1,-7.40385524870723,-7.39565160354435,-0.008203645162880413
2024-09-19,LASSO,1,-7.62533614746632,-7.591810022611983,-0.033526124854336814
2024-09-20,LASSO,1,-9.118912980170885,-7.914536090202841,-1.204376889968044
2024-09-21,LASSO,1,-8.210854186197356,-8.463030705815191,0.2521765196178354
2024-09-22,LASSO,1,-7.594933488516639,-7.597231785215715,0.002298296699076552
2024-09-23,LASSO,1,-7.695982377007085,-7.471979697144244,-0.22400267986284117
2024-09-24,LASSO,1,-7.912236774178686,-7.54435988945759,-0.36787688472109537
2024-09-25,LASSO,1,-7.548593418115738,-7.690091264937442,0.14149784682170452
2024-09-26,LASSO,1,-8.156771512470494,-7.57443359888616,-0.5823379135843334
2024-09-27,LASSO,1,-9.137411157807458,-7.861927724512052,-1.2754834332954061
2024-09-28,LASSO,1,-9.22010927366513,-8.25001467891034,-0.9700945947547908
2024-09-29,LASSO,1,-7.657672162115085,-8.224339935415909,0.5666677733008241
2024-09-30,LASSO,1,-7.16418081548918,-7.6808137219846175,0.5166329064954374
2024-10-01,LASSO,1,-6.873239201215958,-7.350828552145012,0.47758935092905386
2024-10-02,LASSO,1,-7.372161845921349,-6.881203892780221,-0.49095795314112856
2024-10-03,LASSO,1,-7.762377171311247,-7.408412829852236,-0.3539643414590108
2024-10-04,LASSO,1,-9.410517858234718,-7.835990375493505,-1.5745274827412121
2024-10-05,LASSO,1,-8.859802514595454,-8.5031016993848,-0.35670081521065455
2024-10-06,LASSO,1,-7.354846982929903,-7.96871224511477,0.6138652621848673
2024-10-07,LASSO,1,-7.717832727168758,-7.306888006682958,-0.41094472048579966
2024-10-08,LASSO,1,-7.9430170498383745,-7.7648941536608715,-0.178122896177503
2024-10-09,LASSO,1,-7.587117550241822,-7.6692632092935815,0.08214565905175952
2024-10-10,LASSO,1,-7.8173580785041725,-7.71415263013364,-0.10320544837053269
2024-10-11,LASSO,1,-8.746814229333626,-7.89639715006993,-0.8504170792636963
2024-10-12,LASSO,1,-8.44461347063351,-7.864475172947334,-0.5801382976861751
2024-10-13,LASSO,1,-7.511216222523129,-7.871994538797266,0.36077831627413737
2024-10-14,LASSO,1,-6.879154515339575,-7.3504429349273925,0.4712884195878173
2024-10-15,LASSO,1,-7.561391084229369,-7.142120279322319,-0.4192708049070495
2024-10-16,LASSO,1,-7.954807249048968,-7.575670280068349,-0.3791369689806192
2024-10-17,LASSO,1,-7.899727601495052,-7.9579865563499625,0.05825895485491017
2024-10-18,LASSO,1,-9.798785632524316,-8.351364206058753,-1.4474214264655636
2024-10-19,LASSO,1,-9.000277471682907,-9.115010135721294,0.114732664038387
2024-10-20,LASSO,1,-7.724745468477852,-8.142214080027468,0.4174686115496167
2024-10-21,LASSO,1,-7.774179791525233,-7.676604368274377,-0.09757542325085566
2024-10-22,LASSO,1,-7.863362515397026,-7.644505350787838,-0.21885716460918747
2024-10-23,LASSO,1,-8.018551193752419,-7.542234982913529,-0.4763162108388901
2024-10-24,LASSO,1,-6.898530866282754,-7.872360459204242,0.9738295929214882
2024-10-25,LASSO,1,-8.921658190779526,-7.290318636503284,-1.6313395542762423
2024-10-26,LASSO,1,-9.079636360099444,-8.307311936734257,-0.7723244233651876
2024-10-27,LASSO,1,-7.784069601964099,-8.002926311144414,0.21885670918031508
2024-10-28,LASSO,1,-7.368623299413477,-7.370125794638741,0.0015024952252646884
2024-10-29,LASSO,1,-7.512997901045132,-7.647935979042911,0.1349380779977789
2024-10-30,LASSO,1,-7.671750079550882,-7.527582092576412,-0.14416798697446964
2024-10-31,LASSO,1,-6.998467037027406,-7.480885373598195,0.48241833657078903
2024-11-01,LASSO,1,-8.813773417610177,-7.323463713565466,-1.4903097040447113
2024-11-02,LASSO,1,-7.784664629556363,-8.195120300037761,0.4104556704813982
2024-11-03,LASSO,1,-7.509206844606907,-7.139453403739508,-0.3697534408673988
2024-11-04,LASSO,1,-7.320254941313007,-7.0561819049025996,-0.2640730364104078
2024-11-05,LASSO,1,-6.357178323463686,-7.493203478608375,1.1360251551446892
2024-11-06,LASSO,1,-7.505193457512192,-7.112807550041849,-0.3923859074703433
2024-11-07,LASSO,1,-7.882091528500882,-8.172996971173344,0.29090544267246177
2024-11-08,LASSO,1,-8.951124037321541,-8.086921633800452,-0.8642024035210891
2024-11-09,LASSO,1,-6.982350958300895,-7.921831080259376,0.9394801219584812
2024-11-10,LASSO,1,-6.610143513022823,-7.269883439910565,0.6597399268877417
2024-11-11,LASSO,1,-5.89742196217559,-7.130583618359309,1.2331616561837189
2024-11-12,LASSO,1,-5.970825445834223,-6.565584142419645,0.5947586965854219
2024-11-13,LASSO,1,-6.298780197423048,-6.6488357723892655,0.3500555749662171
2024-11-14,LASSO,1,-6.69026855754187,-6.699825296979892,0.009556739438021822
2024-11-15,LASSO,1,-7.962925402749825,-6.963814935292226,-0.9991104674575988
2024-11-16,LASSO,1,-7.719913234094788,-7.387896238602396,-0.33201699549239194
2024-11-17,LASSO,1,-6.813641525214108,-6.95395083381102,0.14030930859691182
2024-11-18,LASSO,1,-7.123061515534054,-6.822537919684216,-0.300523595849838
2024-11-19,LASSO,1,-7.349584827177568,-7.134411601648878,-0.21517322552869
2024-11-20,LASSO,1,-6.9277588146226785,-7.246140522928158,0.3183817083054796
2024-11-21,LASSO,1,-7.639603303246092,-7.317233984709567,-0.3223693185365253
2024-11-22,LASSO,1,-8.458730870211758,-7.850385402832709,-0.6083454673790492
2024-11-23,LASSO,1,-7.906636805257383,-7.977496110331604,0.07085930507422056
2024-11-24,LASSO,1,-6.845783544407805,-7.47073224624568,0.6249487018378748
2024-11-25,LASSO,1,-6.704121318827724,-6.945522555782609,0.2414012369548848
2024-11-26,LASSO,1,-7.421131408187987,-6.830679936607942,-0.5904514715800451
2024-11-27,LASSO,1,-7.777480941685613,-7.350740684859805,-0.4267402568258074
2024-11-28,LASSO,1,-7.7915055329164575,-7.338828106177783,-0.45267742673867417
2024-11-29,LASSO,1,-8.944575839059315,-7.422374786978008,-1.5222010520813072
2024-11-30,LASSO,1,-8.526681786585359,-7.989085628374388,-0.5375961582109703
2024-12-01,LASSO,1,-7.2277762188452845,-7.899692407223627,0.6719161883783427
2024-12-02,LASSO,1,-7.477860175072574,-7.328117582170468,-0.1497425929021059
2024-12-03,LASSO,1,-7.352016227925319,-7.594830367686728,0.24281413976140875
2024-12-04,LASSO,1,-5.520755763032788,-7.625786542170294,2.105030779137506
2024-12-05,LASSO,1,-7.056676956855624,-6.584290771207821,-0.4723861856478022
2024-12-06,LASSO,1,-8.28612317218258,-7.465145062659435,-0.8209781095231445
2024-12-07,LASSO,1,-8.152794625419403,-7.727076224259857,-0.4257184011595463
2024-12-08,LASSO,1,-6.452164940538162,-7.204347122320573,0.7521821817824108
2024-12-09,LASSO,1,-6.668355412158304,-6.867469539139424,0.19911412698111963
2024-12-10,LASSO,1,-7.380414836630238,-7.109466308498927,-0.2709485281313109
2024-12-11,LASSO,1,-7.347004798406336,-7.197913300572726,-0.1490914978336102
2024-12-12,LASSO,1,-7.800269430130499,-7.274055229639414,-0.5262142004910855
2024-12-13,LASSO,1,-8.329129180116265,-7.553289793330426,-0.7758393867858393
2024-12-14,LASSO,1,-7.954173621957407,-7.875776039751688,-0.07839758220571902
2024-12-15,LASSO,1,-7.167863912303163,-7.687146083913934,0.5192821716107705
2024-12-16,LASSO,1,-7.46114260237137,-7.214778194443677,-0.2463644079276932
2024-12-17,LASSO,1,-6.653480385951037,-7.301073694214437,0.6475933082633993
2024-12-18,LASSO,1,-6.215955295754829,-6.3328238726280475,0.11686857687321872
2024-12-19,LASSO,1,-6.2286006577328035,-6.999958544018158,0.7713578862853545
2024-12-20,LASSO,1,-7.472773492215739,-6.807502412116754,-0.665271080098985
2024-12-21,LASSO,1,-7.349660055218582,-7.066904297819114,-0.28275575739946746
2024-12-22,LASSO,1,-6.8404400613287955,-6.749042164196674,-0.09139789713212121
2024-12-23,LASSO,1,-7.374187208078972,-6.784024425494147,-0.5901627825848248
2024-12-24,LASSO,1,-7.715762789103233,-7.2689999838218435,-0.4467628052813897
2024-12-25,LASSO,1,-7.307697534873444,-7.353622767704139,0.04592523283069472
2024-12-26,LASSO,1,-7.106588924470662,-7.136157605852902,0.02956868138223978
2024-12-27,LASSO,1,-8.634132442724063,-7.199112000221862,-1.4350204425022008
2024-12-28,LASSO,1,-8.326756050975344,-7.988777136255638,-0.33797891471970676
2024-12-29,LASSO,1,-7.3543943334481,-7.73966935551618,0.38527502206807984
2024-12-30,LASSO,1,-7.276893060792656,-7.2331653523831445,-0.043727708409511123
2024-12-31,LASSO,1,-8.238782332690736,-7.356189560881325,-0.8825927718094109
2025-01-01,LASSO,1,-7.367896287600902,-7.772730337377242,0.40483404977633963
2025-01-02,LASSO,1,-8.097617541330267,-7.316074571254542,-0.7815429700757255
2025-01-03,LASSO,1,-9.19804542909942,-7.92939608234524,-1.26864934675418
2025-01-04,LASSO,1,-8.787325094170878,-8.42752789573436,-0.35979719843651914
2025-01-05,LASSO,1,-7.415021751205516,-8.105906979971936,0.6908852287664198
2025-01-06,LASSO,1,-7.590481289361926,-7.537994968641765,-0.052486320720160684
2025-01-07,LASSO,1,-6.90681582272137,-7.903439196471597,0.9966233737502268
2025-01-08,LASSO,1,-6.968115739055578,-7.44136680606199,0.4732510670064123
2025-01-09,LASSO,1,-6.709305206835529,-7.213620360886428,0.5043151540508992
2025-01-10,LASSO,1,-8.995729032967116,-6.98598889682931,-2.0097401361378058
2025-01-11,LASSO,1,-8.852150045924287,-8.111024351994043,-0.7411256939302433
2025-01-12,LASSO,1,-6.553319507908563,-7.802434565233443,1.2491150573248797
2025-01-13,LASSO,1,-7.303486208762694,-7.045669663489172,-0.2578165452735215
2025-01-14,LASSO,1,-7.312096925574036,-7.517625119366174,0.20552819379213805
2025-01-15,LASSO,1,-7.391486709026281,-7.497609521665375,0.10612281263909384
2025-01-16,LASSO,1,-7.511145310148465,-7.296907928250812,-0.21423738189765285
2025-01-17,LASSO,1,-7.438401020768668,-7.683203272315412,0.2448022515467434
2025-01-18,LASSO,1,-6.148112404271952,-7.578334395728652,1.4302219914567003
2025-01-19,LASSO,1,-5.214773987217453,-6.658345793175524,1.4435718059580713
2025-01-20,LASSO,1,-6.34915971482197,-6.2566345072960345,-0.0925252075259353
2025-01-21,LASSO,1,-7.594519813201731,-6.675266204011251,-0.9192536091904797
2025-01-22,LASSO,1,-5.989812005402478,-6.531549365997021,0.541737360594543
2025-01-23,LASSO,1,-7.355564283258395,-6.47528323566137,-0.8802810475970251
2025-01-24,LASSO,1,-8.788612678268954,-7.316005002542446,-1.4726076757265085
2025-01-25,LASSO,1,-8.623226788453762,-7.6949143517847185,-0.9283124366690432
2025-01-26,LASSO,1,-6.548166225847454,-7.686478594953177,1.1383123691057229
2025-01-27,LASSO,1,-7.335119722465245,-6.293381480457979,-1.0417382420072654
2025-01-28,LASSO,1,-7.350021545427285,-6.916015063054705,-0.4340064823725793
2025-01-29,LASSO,1,-7.86523565131056,-7.194400539336988,-0.670835111973572
2025-01-30,LASSO,1,-7.64515655585875,-7.607154100725346,-0.03800245513340439
2025-01-31,LASSO,1,-8.395509658549456,-7.795172836160831,-0.6003368223886243
2025-02-01,LASSO,1,-7.035755186208709,-8.145758141405944,1.1100029551972348
2025-02-02,LASSO,1,-5.95199845728886,-7.3116381139924425,1.3596396567035827
2025-02-03,LASSO,1,-6.579587906443687,-6.659290071359132,0.07970216491544502
2025-02-04,LASSO,1,-7.222214210843608,-7.1947274763001525,-0.02748673454345507
2025-02-05,LASSO,1,-7.456911400328808,-7.163500933413655,-0.2934104669151534
2025-02-06,LASSO,1,-7.097257483150888,-7.19844354467645,0.10118606152556175
2025-02-07,LASSO,1,-8.810076811866075,-7.239873031293603,-1.5702037805724727
2025-02-08,LASSO,1,-8.10773415201615,-8.00314424915767,-0.10458990285848024
2025-02-09,LASSO,1,-7.786812840962016,-7.382805426050336,-0.40400741491168013
2025-02-10,LASSO,1,-8.095685364957285,-7.599389973293141,-0.4962953916641446
2025-02-11,LASSO,1,-6.962691557561749,-7.909380114392748,0.9466885568309991
2025-02-12,LASSO,1,-7.850939573833918,-7.25645401462275,-0.5944855592111677
2025-02-13,LASSO,1,-7.6048640411791055,-7.79273410681999,0.18787006564088404
2025-02-14,LASSO,1,-9.31204237724052,-7.547841735343602,-1.7642006418969176
2025-02-15,LASSO,1,-9.354075786569943,-8.33756753845929,-1.0165082481106538
2025-02-16,LASSO,1,-8.328308753403542,-8.024275008396076,-0.30403374500746594
2025-02-17,LASSO,1,-7.735386570485104,-7.6440982274154345,-0.09128834306966915
2025-02-18,LASSO,1,-8.074161026658576,-7.46197317303459,-0.6121878536239862
2025-02-19,LASSO,1,-8.388064413225592,-7.888774561153204,-0.49928985207238874
2025-02-20,LASSO,1,-7.422492670788367,-8.37364721411988,0.9511545433315121
2025-02-21,LASSO,1,-9.351071668633756,-7.638962399888171,-1.7121092687455848
2025-02-22,LASSO,1,-9.327182940847992,-8.436234635125842,-0.8909483057221497
2025-02-23,LASSO,1,-7.366790273234517,-8.510540347754763,1.1437500745202458
2025-02-24,LASSO,1,-6.241011939761488,-7.373250933063028,1.1322389933015407
2025-02-25,LASSO,1,-6.08442226100039,-6.842904264846368,0.7584820038459776
2025-02-26,LASSO,1,-6.878853344044446,-6.7972569556567,-0.0815963883877453
2025-02-27,LASSO,1,-5.588570041559089,-7.1374621864990475,1.5488921449399582
2025-02-28,LASSO,1,-7.482186017843935,-6.725857518251208,-0.7563284995927271
2025-03-01,LASSO,1,-6.026685262486463,-7.421047426682041,1.3943621641955781
2025-03-02,LASSO,1,-6.005721130764149,-6.679627210105618,0.6739060793414691
2025-03-03,LASSO,1,-5.832575425345344,-6.435781392807897,0.6032059674625527
2025-03-04,LASSO,1,-6.528431978871631,-6.306772934871527,-0.22165904400010383
2025-03-05,LASSO,1,-6.412729998936713,-6.758622578153653,0.3458925792169403
2025-03-06,LASSO,1,-5.651155219226064,-6.711636281081528,1.060481061855464
2025-03-07,LASSO,1,-7.82002049036847,-6.225722680807063,-1.5942978095614064
2025-03-08,LASSO,1,-7.116223896566312,-7.3600991607889235,0.24387526422261185
2025-03-09,LASSO,1,-5.949376876735946,-6.878317884891582,0.9289410081556362
2025-03-10,LASSO,1,-6.2051256349718855,-6.211266803454178,0.006141168482292514
2025-03-11,LASSO,1,-6.9226794457074154,-6.500094749750611,-0.4225846959568047
2025-03-12,LASSO,1,-7.250092425539886,-7.039738605012623,-0.21035382052726348
2025-03-13,LASSO,1,-7.447118934719969,-7.168896641153919,-0.2782222935660501
2025-03-14,LASSO,1,-8.898459551988159,-7.650755385613153,-1.247704166375006
2025-03-15,LASSO,1,-7.329432996679352,-8.218831402428133,0.8893984057487812
2025-03-16,LASSO,1,-7.67080326390782,-6.754962742385538,-0.9158405215222825
2025-03-17,LASSO,1,-7.616041619926752,-7.294507847813597,-0.32153377211315437
2025-03-18,LASSO,1,-7.472221310413124,-7.555713403450546,0.08349209303742189
2025-03-19,LASSO,1,-7.439639310421675,-7.446924163178873,0.007284852757198479
2025-03-20,LASSO,1,-7.976296204139535,-7.765011079312278,-0.21128512482725714
2025-03-21,LASSO,1,-9.81200323221424,-8.053739899836502,-1.7582633323777372
2025-03-22,LASSO,1,-8.77472856117907,-8.66511714809405,-0.10961141308502143
2025-03-23,LASSO,1,-7.738805643991428,-8.266081108959405,0.5272754649679765
2025-03-24,LASSO,1,-7.907900185694711,-7.47446396292413,-0.433436222770581
2025-03-25,LASSO,1,-7.926440425992742,-7.507617741632909,-0.4188226843598333
2025-03-26,LASSO,1,-8.15773669999174,-7.639991208565128,-0.5177454914266111
2025-03-27,LASSO,1,-7.842789124023152,-7.695138483245674,-0.1476506407774787
2025-03-28,LASSO,1,-8.003994184702773,-7.948178382643807,-0.05581580205896586
2025-03-29,LASSO,1,-8.165887428032145,-7.8745212355496,-0.2913661924825446
2025-03-30,LASSO,1,-7.254418259891095,-7.648634138408022,0.39421587851692763
2025-03-31,LASSO,1,-7.756757128271761,-7.272305594635749,-0.4844515336360118
2025-04-01,LASSO,1,-6.587482790091052,-7.587106173565994,0.9996233834749422
2025-04-02,LASSO,1,-7.252194880144823,-7.280190835442628,0.027995955297805075
2025-04-03,LASSO,1,-6.63516370951007,-7.166525741392488,0.5313620318824182
2025-04-04,LASSO,1,-8.681969956851141,-6.29421440736741,-2.387755549483731
2025-04-05,LASSO,1,-7.188412492677708,-7.519483261487333,0.33107076880962527
2025-04-06,LASSO,1,-5.629049006791348,-6.754550851059663,1.1255018442683147
2025-04-07,LASSO,1,-6.933967406336497,-6.444560257549324,-0.48940714878717273
2025-04-08,LASSO,1,-5.92065466170989,-6.981490533908625,1.0608358721987345
2025-04-09,LASSO,1,-7.031037787314499,-6.689755110734897,-0.34128267657960265
2025-04-10,LASSO,1,-7.032090018849573,-6.869077271357563,-0.16301274749200978
2025-04-11,LASSO,1,-7.79990038655869,-7.480548260934244,-0.31935212562444626
2025-04-12,LASSO,1,-7.287263687197286,-7.567514927226685,0.28025124002939883
2025-04-13,LASSO,1,-7.167014962280521,-7.041401216622154,-0.12561374565836747
2025-04-14,LASSO,1,-7.777788884630375,-7.129957065190742,-0.6478318194396335
2025-04-15,LASSO,1,-7.413189676387737,-7.609040500045719,0.1958508236579819
2025-04-16,LASSO,1,-8.268721841318316,-7.411356160600822,-0.8573656807174936
2025-04-17,LASSO,1,-9.681279444888752,-8.213494306580749,-1.4677851383080025
2025-04-18,LASSO,1,-9.171548905690758,-8.75873112813224,-0.41281777755851756
2025-04-19,LASSO,1,-9.01552740253416,-8.38446685056948,-0.6310605519646799
2025-04-20,LASSO,1,-7.457356285992482,-8.441537109855146,0.9841808238626637
2025-04-21,LASSO,1,-6.979201722253075,-7.104849768282657,0.1256480460295819
2025-04-22,LASSO,1,-7.403345870725576,-7.231167928352963,-0.1721779423726133
2025-04-23,LASSO,1,-8.021045389721651,-7.677575381334826,-0.3434700083868254
2025-04-24,LASSO,1,-7.797960553044787,-7.84120243099863,0.043241877953843044
2025-04-25,LASSO,1,-8.912576429259436,-8.041325826739909,-0.8712506025195275
2025-04-26,LASSO,1,-8.579169330655771,-8.346721198110425,-0.2324481325453469
2025-04-27,LASSO,1,-7.92097208375074,-7.822848683436119,-0.09812340031462075
2025-04-28,LASSO,1,-8.087519781534887,-7.574128716096254,-0.5133910654386327
2025-04-29,LASSO,1,-8.023455793775357,-7.88060753699914,-0.14284825677621704
2025-04-30,LASSO,1,-8.09456339337235,-7.99362591649079,-0.10093747688156096
2025-05-01,LASSO,1,-8.294066343106515,-8.110597695327904,-0.18346864777861072
2025-05-02,LASSO,1,-9.46541060137628,-8.092680558898081,-1.3727300424781994
2025-05-03,LASSO,1,-8.596552100361416,-8.519664240909622,-0.07688785945179433
2025-05-04,LASSO,1,-8.166003817373237,-7.971506472249417,-0.19449734512382033
2025-05-05,LASSO,1,-8.013724640481898,-7.505993624629794,-0.5077310158521042
2025-05-06,LASSO,1,-7.894201229610753,-7.732064217947868,-0.1621370116628853
2025-05-07,LASSO,1,-7.474703553304063,-7.72255513088678,0.24785157758271747
2025-05-08,LASSO,1,-7.7544076279684,-7.799987433241956,0.04557980527355543
2025-05-09,LASSO,1,-8.51169203750711,-8.054584314095262,-0.45710772341184835
2025-05-10,LASSO,1,-7.894756830708296,-8.109457977713614,0.21470114700531795
2025-05-11,LASSO,1,-7.171315375183232,-7.349317598839303,0.17800222365607077
2025-05-12,LASSO,1,-7.898122089143746,-7.142456019281516,-0.7556660698622295
2025-05-13,LASSO,1,-8.318310440418038,-7.7171344555442305,-0.6011759848738079
2025-05-14,LASSO,1,-7.7147571999584414,-7.901388533857161,0.18663133389871955
2025-05-15,LASSO,1,-8.244800643227538,-7.928479750348669,-0.31632089287886966
2025-05-16,LASSO,1,-8.88548365814237,-8.20966300319619,-0.6758206549461789
2025-05-17,LASSO,1,-7.9130966647344225,-8.339204219904495,0.4261075551700726
2025-05-18,LASSO,1,-7.475391981698435,-7.905088325446208,0.4296963437477732
2025-05-19,LASSO,1,-7.413492676031776,-7.351697618276442,-0.06179505775533389
2025-05-20,LASSO,1,-6.9048202411259405,-7.35413632013521,0.44931607900926984
2025-05-21,LASSO,1,-7.5998782354004675,-6.949696668464254,-0.6501815669362134
2025-05-22,LASSO,1,-7.443883442529285,-7.511963680764255,0.06808023823497056
2025-05-23,LASSO,1,-8.225636513265073,-7.72587597747241,-0.4997605357926629
2025-05-24,LASSO,1,-8.196992018610825,-8.04333073735441,-0.1536612812564151
2025-05-25,LASSO,1,-8.288440304342084,-7.5370162476790235,-0.7514240566630601
2025-05-26,LASSO,1,-7.940076582517803,-7.668795230182516,-0.2712813523352873
2025-05-27,LASSO,1,-8.336031186903472,-7.632512394676566,-0.7035187922269062
2025-05-28,LASSO,1,-7.769467517478563,-7.991158205639618,0.22169068816105497
2025-05-29,LASSO,1,-7.728674501465333,-7.931855603447719,0.20318110198238593
2025-05-30,LASSO,1,-8.421598154519437,-7.768718049407704,-0.6528801051117323
2025-05-31,LASSO,1,-8.743472246073782,-8.027345908697496,-0.7161263373762861
2025-06-01,LASSO,1,-8.184430028615092,-8.049110591528484,-0.13531943708660776
2025-06-02,LASSO,1,-8.331213911925008,-7.821751272584534,-0.509462639340474
2025-06-03,LASSO,1,-8.71279939743139,-8.18809968749224,-0.5246997099391493
2025-06-04,LASSO,1,-7.51988335958094,-8.300055404288953,0.7801720447080127
2025-06-05,LASSO,1,-8.345664194572562,-7.681590243549803,-0.6640739510227585
2025-06-06,LASSO,1,-9.05218826005398,-8.399307286659734,-0.6528809733942449
2025-06-07,LASSO,1,-9.384555576107418,-8.438804040617395,-0.9457515354900234
2025-06-08,LASSO,1,-7.968985833169205,-8.164362291425425,0.19537645825622008
2025-06-09,LASSO,1,-8.125005944838898,-7.461821396847814,-0.6631845479910847
2025-06-10,LASSO,1,-8.19082610478049,-7.961953967674267,-0.22887213710622234
2025-06-11,LASSO,1,-7.927023759209108,-8.0188836087724,0.09185984956329207
2025-06-12,LASSO,1,-7.443188684929166,-8.16764627110132,0.7244575861721545
2025-06-13,LASSO,1,-9.05726972859608,-7.792207674221638,-1.2650620543744413
2025-06-14,LASSO,1,-8.953471985164441,-8.406096298882895,-0.547375686281546
2025-06-15,LASSO,1,-8.110641264350848,-8.197973946955642,0.08733268260479399
2025-06-16,LASSO,1,-7.806286485181062,-7.627015060051739,-0.17927142512932281
2025-06-17,LASSO,1,-7.866192379807445,-7.542213367437851,-0.3239790123695938
2025-06-18,LASSO,1,-8.633468871743753,-7.688259202863982,-0.9452096688797713
2025-06-19,LASSO,1,-7.900331132706684,-8.03797625850893,0.13764512580224597
2025-06-20,LASSO,1,-7.967196587131996,-8.335731782354777,0.36853519522278155
2025-06-21,LASSO,1,-7.027680658640498,-7.878675929684349,0.8509952710438515
2025-06-22,LASSO,1,-7.236497370232764,-7.314006483949663,0.07750911371689817
2025-06-23,LASSO,1,-8.149886293035856,-7.3501812456959295,-0.7997050473399261
2025-06-24,LASSO,1,-8.176305065875129,-7.945028869458086,-0.2312761964170429
2025-06-25,LASSO,1,-8.376095118293176,-8.214252855950159,-0.16184226234301669
2025-06-26,LASSO,1,-8.542770722531861,-8.16373413984394,-0.3790365826879203
2025-06-27,LASSO,1,-10.649971722513076,-8.384376660200974,-2.2655950623121015
2025-06-28,LASSO,1,-9.316586495538738,-9.389934588926124,0.07334809338738602
2025-06-29,LASSO,1,-8.62277199796468,-8.094408309333556,-0.5283636886311243
2025-06-30,LASSO,1,-8.642591743070529,-7.94126640390987,-0.7013253391606593
2025-07-01,LASSO,1,-8.308439939764494,-8.379539797616953,0.07109985785245954
2025-07-02,LASSO,1,-8.29396771419438,-8.056961450709037,-0.23700626348534293
2025-07-03,LASSO,1,-8.898524051817713,-8.88010524166383,-0.018418810153882248
2025-07-04,LASSO,1,-9.987284347496226,-8.909796320923084,-1.0774880265731426
2025-07-05,LASSO,1,-9.36677210235694,-8.849426983143875,-0.5173451192130649
2025-07-06,LASSO,1,-8.713378263033814,-8.653201527258537,-0.06017673577527738
2025-07-07,LASSO,1,-8.902586131499698,-7.94101281887213,-0.9615733126275678
2025-07-08,LASSO,1,-8.29417874240117,-8.16032523653016,-0.13385350587101108
2025-07-09,LASSO,1,-7.209350045659884,-8.300797496333562,1.0914474506736784
2025-07-10,LASSO,1,-7.867944834377488,-7.732800518480987,-0.13514431589650044
2025-07-11,LASSO,1,-9.356431837546369,-8.596441284009137,-0.7599905535372322
2025-07-12,LASSO,1,-8.773942349578554,-9.181012504469665,0.40707015489111065
2025-07-13,LASSO,1,-7.481016702523509,-8.261259945217738,0.7802432426942287
2025-07-14,LASSO,1,-7.254884046098786,-7.740619254320062,0.4857352082212758
2025-07-15,LASSO,1,-7.906106583346014,-7.93495841702761,0.028851833681596162
2025-07-16,LASSO,1,-7.750043741635851,-7.87356920445151,0.12352546281565857
2025-07-17,LASSO,1,-7.925867888823022,-7.700104117240219,-0.2257637715828027
2025-07-18,LASSO,1,-9.191851708958271,-7.821693008493799,-1.3701587004644722
2025-07-19,LASSO,1,-8.749889889500176,-8.081577803070088,-0.6683120864300882
2025-07-20,LASSO,1,-8.062198643566044,-7.873093610076856,-0.18910503348918795
2025-07-21,LASSO,1,-7.740429316317312,-8.001970504782728,0.26154118846541596
2025-07-22,LASSO,1,-8.047332828013449,-7.886915031569768,-0.1604177964436806
2025-07-23,LASSO,1,-8.253076728769177,-8.083746648906585,-0.16933007986259163
2025-07-24,LASSO,1,-7.605517370811197,-8.276525376304416,0.6710080054932197
2025-07-25,LASSO,1,-9.606954095499765,-8.047223732701402,-1.559730362798362
2025-07-26,LASSO,1,-8.981033746649764,-8.693007945006379,-0.28802580164338565
2025-07-27,LASSO,1,-8.30508496766559,-7.767934988374153,-0.5371499792914367
2025-07-28,LASSO,1,-8.268215689597376,-7.664947122200198,-0.603268567397178
2025-07-29,LASSO,1,-8.393240576178409,-7.890358246838019,-0.5028823293403892
2025-07-30,LASSO,1,-8.520230588607557,-8.311098400807197,-0.20913218780036047
2025-07-31,LASSO,1,-7.533737412187012,-8.761711940314559,1.2279745281275467
2025-08-01,LASSO,1,-8.568970525996992,-7.969964532164749,-0.5990059938322432
2025-08-02,LASSO,1,-9.01457508878402,-8.163581746846091,-0.8509933419379294
2025-08-03,LASSO,1,-8.64759502280641,-8.17164643173237,-0.4759485910740402
2025-08-04,LASSO,1,-8.327990264931364,-7.9287959659723715,-0.3991942989589923
2025-08-05,LASSO,1,-8.51421068372607,-7.807835390677474,-0.7063752930485956
2025-08-06,LASSO,1,-8.532403748070708,-8.319148634004286,-0.21325511406642228
2025-08-07,LASSO,1,-8.651182815348951,-8.300044282512513,-0.3511385328364387
2025-08-08,LASSO,1,-9.32597851139552,-9.090052979268172,-0.23592553212734835
2025-08-09,LASSO,1,-8.441043602227696,-9.20898409998409,0.7679404977563937
2025-08-10,LASSO,1,-7.811382584426513,-8.33337793597176,0.5219953515452467
2025-08-11,LASSO,1,-8.297044334912817,-7.829241701021255,-0.4678026338915622
2025-08-12,LASSO,1,-7.759195959681331,-8.025730966991185,0.26653500730985424
2025-08-13,LASSO,1,-6.9615054586384755,-7.565455536089773,0.6039500774512971
2025-08-14,LASSO,1,-8.400633017404333,-7.473069519847075,-0.9275634975572578
2025-08-15,LASSO,1,-9.797853695149604,-8.15164806261551,-1.6462056325340928
2025-08-16,LASSO,1,-9.5559821565806,-8.608344356621783,-0.9476377999588159
2025-08-17,LASSO,1,-8.156814886452334,-8.523708734554653,0.3668938481023183
2025-08-18,LASSO,1,-8.142712241205171,-8.03176475220259,-0.11094748900258011
2025-08-19,LASSO,1,-8.113278831395304,-8.135563887137232,0.022285055741928517
2025-08-20,LASSO,1,-8.175195141952578,-8.211937818091387,0.036742676138809216
2025-08-21,LASSO,1,-7.391375071440983,-8.163470784344923,0.7720957129039405
2025-08-22,LASSO,1,-9.155666824013634,-7.750319694047877,-1.4053471299657572
2025-08-23,LASSO,1,-7.722034948084426,-8.470833977591743,0.7487990295073175
2025-08-24,LASSO,1,-7.330218334497994,-7.5012302263894775,0.17101189189148336
2025-08-25,LASSO,1,-7.622910020795579,-7.341270195088141,-0.28163982570743773
2025-08-26,LASSO,1,-8.082710716050025,-7.70555755623596,-0.37715315981406494
2025-08-27,LASSO,1,-8.403842583904545,-7.804994642464725,-0.5988479414398205
2025-08-28,LASSO,1,-8.0046493464786,-8.370289534467167,0.3656401879885678
2025-08-29,LASSO,1,-9.133680845548108,-7.992623233973435,-1.1410576115746727
2025-08-30,LASSO,1,-9.177958657568531,-8.585942968016493,-0.5920156895520385
2025-08-31,LASSO,1,-7.953683190386181,-8.482874942388637,0.5291917520024558
2025-09-01,LASSO,1,-7.872158994764496,-7.722248041565011,-0.1499109531994849
2025-09-02,LASSO,1,-8.182388144667684,-7.661618393536691,-0.5207697511309926
2025-09-03,LASSO,1,-8.292311256544016,-8.051251349676061,-0.24105990686795487
2025-09-04,LASSO,1,-8.049751286620033,-8.049369704443631,-0.0003815821764021621
2025-09-05,LASSO,1,-9.772848916168195,-8.218647821325023,-1.5542010948431724
2025-09-06,LASSO,1,-9.53452627568605,-9.199748437536496,-0.3347778381495541
2025-09-07,LASSO,1,-8.677120971758,-8.61827019073335,-0.0588507810246508
2025-09-08,LASSO,1,-8.403115304394708,-8.422827751743307,0.019712447348599227
2025-09-09,LASSO,1,-8.21218014894868,-8.175759847170312,-0.0364203017783673
2025-09-10,LASSO,1,-8.499654294702792,-7.957993478292097,-0.5416608164106949
2025-09-11,LASSO,1,-8.617547509904476,-8.328707909147452,-0.288839600757024
2025-09-12,LASSO,1,-9.831130650802836,-8.380836205830063,-1.4502944449727728
2025-09-13,LASSO,1,-9.54978554808957,-9.16096575614595,-0.3888197919436198
2025-09-14,LASSO,1,-8.439814402280856,-8.887414913139459,0.447600510858603
2025-09-15,LASSO,1,-8.792523838198322,-8.24248654482985,-0.5500372933684723
2025-09-16,LASSO,1,-8.101310617641094,-8.399962092125202,0.29865147448410845
2025-09-17,LASSO,1,-8.766447689945338,-7.939073753503305,-0.8273739364420329
2025-09-18,LASSO,1,-9.267364905921823,-8.450222497832934,-0.8171424080888894
2025-09-19,LASSO,1,-10.6050280488101,-8.646856741735183,-1.9581713070749167
2025-09-20,LASSO,1,-10.133520913612236,-9.15583840948654,-0.9776825041256956
2025-09-21,LASSO,1,-7.891930026244774,-8.770903369021937,0.8789733427771633
2025-09-22,LASSO,1,-8.692216418426757,-7.8568268517137705,-0.835389566712986
2025-09-23,LASSO,1,-8.715111261187413,-8.467587852857893,-0.24752340832952058
2025-09-24,LASSO,1,-7.797766269227527,-8.445015032709213,0.6472487634816861
2025-09-25,LASSO,1,-8.199318457410062,-8.24637368887267,0.047055231462607594
2025-09-26,LASSO,1,-10.290127372923022,-8.573681030005337,-1.7164463429176848
2025-09-27,LASSO,1,-9.254128583110203,-9.120690324465327,-0.13343825864487613
2025-09-28,LASSO,1,-8.541521038784206,-8.542907054685221,0.0013860159010157247
2025-09-29,LASSO,1,-8.603434629923894,-8.049568112195411,-0.5538665177284834
2025-09-30,LASSO,1,-8.240112062129832,-8.150378012450245,-0.08973404967958665
2025-10-01,LASSO,1,-8.296715658902626,-8.052938322350965,-0.2437773365516609
2025-10-02,LASSO,1,-7.823921809963694,-8.266268173825722,0.4423463638620282
2025-10-03,LASSO,1,-9.45214532988536,-8.52638869620471,-0.9257566336806491
2025-10-04,LASSO,1,-7.695218782358524,-9.241768672074658,1.5465498897161334
2025-10-05,LASSO,1,-8.01510033381816,-7.782437530572147,-0.2326628032460123
2025-10-06,LASSO,1,-7.842639336975692,-7.994727249547824,0.1520879125721324
2025-10-07,LASSO,1,-8.002081163490216,-7.7923029128242876,-0.20977825066592803
2025-10-08,LASSO,1,-8.012382804006961,-7.888405026684095,-0.12397777732286652
2025-10-09,LASSO,1,-4.587612791666304,-7.810055963099806,3.2224431714335022
2025-10-10,LASSO,1,-7.115722376608375,-5.9942981527386685,-1.121424223869706
2025-10-11,LASSO,1,-7.1264281234111495,-7.434256530720889,0.3078284073097395
2025-10-12,LASSO,1,-7.601098600323596,-6.90799154089348,-0.6931070594301154
2025-10-13,LASSO,1,-7.344241412122854,-7.4139238668430645,0.06968245472021017
2025-10-14,LASSO,1,-7.591723650096573,-7.422514313648614,-0.16920933644795877
2025-10-15,LASSO,1,-6.905012356907999,-7.7568364617292245,0.8518241048212252
2025-10-16,LASSO,1,-7.053262415309131,-6.982562137938649,-0.07070027737048257
2025-10-17,LASSO,1,-8.645181515778779,-7.637712041954958,-1.0074694738238206
2025-10-18,LASSO,1,-7.946925952270387,-7.9705710639340905,0.02364511166370331
2025-10-19,LASSO,1,-7.702435877483535,-7.216897960002518,-0.48553791748101727
2025-10-20,LASSO,1,-6.814365684609184,-7.497833582820588,0.6834678982114042
2025-10-21,LASSO,1,-7.329678651800407,-7.4213913332340065,0.09171268143359956
2025-10-22,LASSO,1,-7.503043703626393,-7.599238198584159,0.096194494957766
2025-10-23,LASSO,1,-8.016664491858316,-8.278581088822248,0.2619165969639319
2025-10-24,LASSO,1,-9.436012357444428,-8.385245606623103,-1.0507667508213245
2025-10-25,LASSO,1,-8.127811371886041,-8.700293606641294,0.5724822347552525
2025-10-26,LASSO,1,-8.31020361926275,-8.010120951390052,-0.3000826678726991
2025-10-27,LASSO,1,-7.874738990868753,-8.017171517393024,0.14243252652427074
2025-10-28,LASSO,1,-7.054000148404952,-7.728594549527373,0.6745944011224214
2025-10-29,LASSO,1,-7.043093926149241,-7.618962728991019,0.5758688028417787
2025-10-30,LASSO,1,-7.299625987456839,-7.626713758533439,0.3270877710766005
2025-10-31,LASSO,1,-9.102269176611976,-7.582527932909685,-1.519741243702291
2025-11-01,LASSO,1,-8.604699637140742,-8.497175757332268,-0.10752387980847367
2025-11-02,LASSO,1,-7.27163389114966,-8.149776416790939,0.8781425256412785
2025-11-03,LASSO,1,-6.542526955726167,-7.585934377257309,1.0434074215311417
2025-11-04,LASSO,1,-7.130332009579842,-7.2682209146344405,0.1378889050545986
2025-11-05,LASSO,1,-7.168157359718235,-7.568072753259894,0.3999153935416597
2025-11-06,LASSO,1,-7.037002738488869,-7.352121383706768,0.3151186452178987
2025-11-07,LASSO,1,-8.218470766094887,-7.306113243106368,-0.9123575229885192
2025-11-08,LASSO,1,-7.88633221123335,-7.687730875403327,-0.19860133583002337
2025-11-09,LASSO,1,-7.707023434157362,-7.6294470250674795,-0.0775764090898825
2025-11-10,LASSO,1,-7.4421296812380255,-7.7200715667916295,0.277941885553604
2025-11-11,LASSO,1,-7.572570868483227,-7.851158998452968,0.2785881299697408
2025-11-12,LASSO,1,-7.0002820840938105,-7.620762620391295,0.6204805362974843
2025-11-13,LASSO,1,-6.384560789541653,-7.237329394419626,0.8527686048779728
2025-11-14,LASSO,1,-7.714310407924918,-7.132219600539,-0.5820908073859181
2025-11-15,LASSO,1,-7.175102452523699,-7.52690621682244,0.35180376429874105
2025-11-16,LASSO,1,-6.993087708054424,-6.987291122360965,-0.0057965856934592
2025-11-17,LASSO,1,-6.75464809359329,-6.984589841588528,0.22994174799523837
2025-11-18,LASSO,1,-6.988105858772633,-7.236087318957812,0.24798146018517908
2025-11-19,LASSO,1,-6.842480066767818,-7.186986823464699,0.34450675669688113
2025-11-20,LASSO,1,-5.7867108645783665,-7.426191258315125,1.6394803937367586
2025-11-21,LASSO,1,-7.555518494073084,-7.203640714892186,-0.3518777791808976
2025-11-22,LASSO,1,-7.596708359678786,-7.1925507008133955,-0.40415765886539035
2025-11-23,LASSO,1,-6.969901638005364,-7.3199482026333875,0.3500465646280233
2025-11-24,LASSO,1,-7.231650335428167,-7.367115332864009,0.13546499743584217
2025-11-25,LASSO,1,-7.364305501511629,-7.389472142072978,0.02516664056134843
2025-11-26,LASSO,1,-7.879568199495125,-7.7325782267046845,-0.14698997279044068
2025-11-27,LASSO,1,-7.694293783175389,-8.05659294021883,0.3622991570434406
2025-11-28,LASSO,1,-8.832361523993656,-7.811675004381708,-1.0206865196119486
2025-11-29,LASSO,1,-8.56370363864505,-8.197076526917686,-0.3666271117273645
2025-11-30,LASSO,1,-6.7205038180139995,-8.15945200472526,1.4389481867112606
2025-12-01,LASSO,1,-7.166694063037643,-7.542607130403873,0.37591306736622965
2025-12-02,LASSO,1,-6.799725179739331,-7.948239114321591,1.14851393458226
2025-12-03,LASSO,1,-7.278058894103278,-7.442455062267383,0.16439616816410485
2025-12-04,LASSO,1,-7.384608832790334,-7.541496141473891,0.15688730868355716
2025-12-05,LASSO,1,-8.780922005770533,-7.620007579857279,-1.160914425913254
2025-12-06,LASSO,1,-7.414740413919735,-8.041538685864483,0.6267982719447476
2025-12-07,LASSO,1,-7.457035504573326,-7.563726048305449,0.10669054373212372
2025-12-08,LASSO,1,-7.256857420158548,-7.55787565392557,0.30101823376702175
2025-12-09,LASSO,1,-7.058992929899828,-7.550831562212771,0.4918386323129429
2025-12-10,LASSO,1,-7.347794785273569,-7.359264031180568,0.011469245906998715
2025-12-11,LASSO,1,-7.561466219241837,-7.547555246868322,-0.01391097237351513
2025-12-12,LASSO,1,-9.696511840594232,-7.702195019739352,-1.9943168208548796
2025-12-13,LASSO,1,-8.293293428630856,-8.644118674376745,0.3508252457458898
2025-12-14,LASSO,1,-7.227863026447627,-7.588757569020755,0.3608945425731278
2025-12-15,LASSO,1,-7.710960999236119,-7.4854227734531795,-0.22553822578293925
2025-12-16,LASSO,1,-6.682453263792524,-8.005928698882045,1.323475435089521
2025-12-17,LASSO,1,-6.740374624315311,-7.159367743470303,0.41899311915499204
2025-12-18,LASSO,1,-7.020317942574881,-7.8306483661125155,0.8103304235376347
2025-12-19,LASSO,1,-9.6115694039447,-7.89552726315615,-1.7160421407885496
2025-12-20,LASSO,1,-8.628519475678901,-8.710106859966231,0.08158738428732981
2025-12-21,LASSO,1,-7.534308322325102,-8.123551853550643,0.5892435312255406
2025-12-22,LASSO,1,-7.663101554070803,-7.228223980633268,-0.43487757343753497
2025-12-23,LASSO,1,-8.228128764798534,-7.4858745072031825,-0.7422542575953512
2025-12-24,LASSO,1,-8.643584150115842,-8.128327718796346,-0.5152564313194965
2024-06-29,LASSO,3,-8.415744212880016,-7.941022349800695,-0.4747218630793206
2024-06-30,LASSO,3,-7.590110308893971,-7.86254196669836,0.2724316578043888
2024-07-01,LASSO,3,-6.7568326341271066,-7.785620473712431,1.0287878395853243
2024-07-02,LASSO,3,-6.028709939198225,-8.166937333285368,2.138227394087143
2024-07-03,LASSO,3,-7.82183717488344,-7.8167024950408095,-0.005134679842630163
2024-07-04,LASSO,3,-7.599232953126869,-7.697179985515903,0.09794703238903413
2024-07-05,LASSO,3,-6.2016000220281144,-7.547009581260608,1.3454095592324933
2024-07-06,LASSO,3,-7.13201098663784,-7.581777671301544,0.44976668466370384
2024-07-07,LASSO,3,-7.364155934126495,-7.3818594543374205,0.017703520210925916
2024-07-08,LASSO,3,-6.970855511693713,-6.877551082978322,-0.09330442871539102
2024-07-09,LASSO,3,-7.461112349654011,-7.426569515923133,-0.0345428337308773
2024-07-10,LASSO,3,-8.001579020126183,-7.567711794002843,-0.43386722612333983
2024-07-11,LASSO,3,-7.503141944073601,-7.180156121460806,-0.32298582261279485
2024-07-12,LASSO,3,-7.10151927124952,-7.4853449728515375,0.38382570160201723
2024-07-13,LASSO,3,-6.8751174522895955,-7.522108207685677,0.6469907553960814
2024-07-14,LASSO,3,-7.273310670983561,-7.2645571650669964,-0.008753505916564208
2024-07-15,LASSO,3,-7.590004120123674,-7.4295894124137885,-0.16041470770988564
2024-07-16,LASSO,3,-7.361953880672214,-7.552224172028515,0.1902702913563008
2024-07-17,LASSO,3,-8.183252874840827,-7.563832992226422,-0.6194198826144053
2024-07-18,LASSO,3,-7.540508981035038,-7.451882691227015,-0.08862628980802345
2024-07-19,LASSO,3,-7.831068909072291,-7.408125930191744,-0.4229429788805472
2024-07-20,LASSO,3,-7.504319171318432,-7.461642122185581,-0.042677049132850975
2024-07-21,LASSO,3,-7.715830478728725,-7.370814541830536,-0.34501593689818844
2024-07-22,LASSO,3,-7.1111013620300145,-7.57778898100625,0.4666876189762359
2024-07-23,LASSO,3,-7.731151246587125,-7.716566431737178,-0.014584814849946781
2024-07-24,LASSO,3,-6.6745965844828605,-7.706626552188896,1.0320299677060358
2024-07-25,LASSO,3,-8.297723232050007,-7.738286559473138,-0.5594366725768696
2024-07-26,LASSO,3,-7.220642471062432,-7.57462116087818,0.3539786898157473
2024-07-27,LASSO,3,-7.567743991658627,-7.502836709295803,-0.0649072823628245
2024-07-28,LASSO,3,-7.537578973039193,-7.369666064179337,-0.1679129088598561
2024-07-29,LASSO,3,-7.134693601377736,-7.655111869696716,0.5204182683189806
2024-07-30,LASSO,3,-6.728020741506768,-7.279977566972549,0.5519568254657807
2024-07-31,LASSO,3,-7.102715268773577,-7.781012699308128,0.6782974305345517
2024-08-01,LASSO,3,-6.901570663299103,-7.513003816884499,0.6114331535853958
2024-08-02,LASSO,3,-4.331832929576587,-7.3552671511320025,3.0234342215554157
2024-08-03,LASSO,3,-6.129507554817753,-7.346739434462752,1.2172318796449995
2024-08-04,LASSO,3,-6.56821202032419,-7.192060003888208,0.6238479835640174
2024-08-05,LASSO,3,-5.881456842610719,-6.73542772685919,0.8539708842484712
2024-08-06,LASSO,3,-6.5521594278707,-6.884037485121709,0.33187805725100894
2024-08-07,LASSO,3,-8.164746233335169,-7.0207404123347565,-1.1440058210004125
2024-08-08,LASSO,3,-7.347966273268356,-6.368732802018981,-0.9792334712493753
2024-08-09,LASSO,3,-6.301581779560638,-6.692343444098505,0.39076166453786687
2024-08-10,LASSO,3,-7.032064393779834,-7.119269766631555,0.08720537285172103
2024-08-11,LASSO,3,-7.145182948564176,-7.141934210113583,-0.00324873845059237
2024-08-12,LASSO,3,-6.782869713050387,-7.077690847097814,0.29482113404742627
2024-08-13,LASSO,3,-6.993243057300741,-7.531178147285779,0.5379350899850381
2024-08-14,LASSO,3,-8.93414336978374,-7.555403244208717,-1.378740125575023
2024-08-15,LASSO,3,-8.090430304827276,-7.121174497160428,-0.9692558076668476
2024-08-16,LASSO,3,-7.395852713362074,-7.306682021429752,-0.0891706919323223
2024-08-17,LASSO,3,-7.252727153074581,-7.549616973284608,0.2968898202100272
2024-08-18,LASSO,3,-7.122737507461557,-7.222548645843689,0.09981113838213229
2024-08-19,LASSO,3,-7.663977474896019,-7.330985963958436,-0.3329915109375836
2024-08-20,LASSO,3,-6.8510987312401355,-7.769394746799381,0.9182960155592452
2024-08-21,LASSO,3,-8.299722443510342,-7.77138004893656,-0.528342394573782
2024-08-22,LASSO,3,-8.590906417273768,-8.125107111597927,-0.4657993056758407
2024-08-23,LASSO,3,-7.848062431939034,-7.409321221852049,-0.4387412100869854
2024-08-24,LASSO,3,-6.578074293173222,-7.3953712541749095,0.8172969610016878
2024-08-25,LASSO,3,-6.625319225980788,-7.5138877804643,0.8885685544835118
2024-08-26,LASSO,3,-7.220716390846805,-6.878124586030466,-0.34259180481633944
2024-08-27,LASSO,3,-7.355348084977686,-7.513491086710503,0.15814300173281648
2024-08-28,LASSO,3,-9.250891127347398,-7.5191533523336815,-1.7317377750137162
2024-08-29,LASSO,3,-7.427050700993551,-7.625201052323962,0.19815035133041103
2024-08-30,LASSO,3,-7.578986184704846,-7.269232005243262,-0.30975417946158323
2024-08-31,LASSO,3,-7.813351757199836,-7.542480277828002,-0.2708714793718343
2024-09-01,LASSO,3,-6.5034602127886165,-7.408907784682408,0.9054475718937915
2024-09-02,LASSO,3,-6.940360945467537,-7.266783698664659,0.32642275319712155
2024-09-03,LASSO,3,-6.522114937682515,-7.836804531530906,1.3146895938483913
2024-09-04,LASSO,3,-8.259113009436971,-7.305048556361524,-0.9540644530754472
2024-09-05,LASSO,3,-7.6986759889953715,-7.445743267287238,-0.25293272170813363
2024-09-06,LASSO,3,-7.142083192560166,-7.439118968843213,0.2970357762830469
2024-09-07,LASSO,3,-7.454039970224542,-7.010910737240113,-0.44312923298442897
2024-09-08,LASSO,3,-6.9566648361472945,-7.4026286438411555,0.445963807693861
2024-09-09,LASSO,3,-7.375311173852939,-7.130849594005452,-0.24446157984748673
2024-09-10,LASSO,3,-7.641682246432809,-7.6826879348294375,0.04100568839662877
2024-09-11,LASSO,3,-8.772444578271369,-7.688871729563015,-1.0835728487083536
2024-09-12,LASSO,3,-8.222190817885775,-7.336338192651297,-0.8858526252344774
2024-09-13,LASSO,3,-7.505284819602623,-7.5328566684265486,0.027571848823925826
2024-09-14,LASSO,3,-7.206662096750963,-7.400226255543852,0.19356415879288846
2024-09-15,LASSO,3,-7.000512980515621,-7.364528380011571,0.3640153994959494
2024-09-16,LASSO,3,-7.40385524870723,-7.396904320580886,-0.00695092812634357
2024-09-17,LASSO,3,-7.62533614746632,-7.675691285038549,0.05035513757222887
2024-09-18,LASSO,3,-9.118912980170885,-7.65178591240093,-1.4671270677699546
2024-09-19,LASSO,3,-8.210854186197356,-7.7665078520385835,-0.4443463341587721
2024-09-20,LASSO,3,-7.594933488516639,-7.351792532291142,-0.24314095622549647
2024-09-21,LASSO,3,-7.695982377007085,-7.745027488784217,0.049045111777132
2024-09-22,LASSO,3,-7.912236774178686,-7.483707150193541,-0.4285296239851446
2024-09-23,LASSO,3,-7.548593418115738,-7.334707878342572,-0.21388553977316604
2024-09-24,LASSO,3,-8.156771512470494,-7.836660027164507,-0.3201114853059863
2024-09-25,LASSO,3,-9.137411157807458,-7.682091026938635,-1.4553201308688228
2024-09-26,LASSO,3,-9.22010927366513,-7.494227808413706,-1.7258814652514243
2024-09-27,LASSO,3,-7.657672162115085,-7.639197854476005,-0.018474307639079868
2024-09-28,LASSO,3,-7.16418081548918,-7.832432183876514,0.6682513683873337
2024-09-29,LASSO,3,-6.873239201215958,-7.695095258745022,0.8218560575290637
2024-09-30,LASSO,3,-7.372161845921349,-7.637429749752829,0.2652679038314796
2024-10-01,LASSO,3,-7.762377171311247,-7.644916961415681,-0.11746020989556616
2024-10-02,LASSO,3,-9.410517858234718,-7.711799646923597,-1.69871821131112
2024-10-03,LASSO,3,-8.859802514595454,-7.456636376634898,-1.4031661379605564
2024-10-04,LASSO,3,-7.354846982929903,-7.478680671111057,0.12383368818115414
2024-10-05,LASSO,3,-7.717832727168758,-7.456960102080469,-0.2608726250882887
2024-10-06,LASSO,3,-7.9430170498383745,-7.726967153023977,-0.2160498968143978
2024-10-07,LASSO,3,-7.587117550241822,-7.494584274130203,-0.09253327611161932
2024-10-08,LASSO,3,-7.8173580785041725,-7.899435281959399,0.08207720345522684
2024-10-09,LASSO,3,-8.746814229333626,-8.073528712572282,-0.6732855167613447
2024-10-10,LASSO,3,-8.44461347063351,-7.453130976923253,-0.9914824937102562
2024-10-11,LASSO,3,-7.511216222523129,-7.558325993562226,0.0471097710390973
2024-10-12,LASSO,3,-6.879154515339575,-7.5814697997555,0.7023152844159251
2024-10-13,LASSO,3,-7.561391084229369,-7.451301125519796,-0.1100899587095725
2024-10-14,LASSO,3,-7.954807249048968,-7.5688186827567785,-0.38598856629218936
2024-10-15,LASSO,3,-7.899727601495052,-7.679140311283227,-0.22058729021182533
2024-10-16,LASSO,3,-9.798785632524316,-7.839936245430614,-1.9588493870937018
2024-10-17,LASSO,3,-9.000277471682907,-8.046463214323495,-0.9538142573594115
2024-10-18,LASSO,3,-7.724745468477852,-7.4101338802136025,-0.31461158826424906
2024-10-19,LASSO,3,-7.774179791525233,-7.799937145137251,0.025757353612017475
2024-10-20,LASSO,3,-7.863362515397026,-7.705798307741355,-0.15756420765567114
2024-10-21,LASSO,3,-8.018551193752419,-7.3782453433159185,-0.6403058504365005
2024-10-22,LASSO,3,-6.898530866282754,-8.041915818283439,1.1433849520006847
2024-10-23,LASSO,3,-8.921658190779526,-7.948045703500584,-0.9736124872789427
2024-10-24,LASSO,3,-9.079636360099444,-7.580224872581141,-1.4994114875183033
2024-10-25,LASSO,3,-7.784069601964099,-7.565115522521278,-0.21895407944282042
2024-10-26,LASSO,3,-7.368623299413477,-7.423168319767401,0.054545020353924834
2024-10-27,LASSO,3,-7.512997901045132,-7.7738676564395925,0.26086975539446033
2024-10-28,LASSO,3,-7.671750079550882,-7.5109600230359606,-0.16079005651492118
2024-10-29,LASSO,3,-6.998467037027406,-7.699805896768856,0.7013388597414503
2024-10-30,LASSO,3,-8.813773417610177,-7.76010468638776,-1.0536687312224169
2024-10-31,LASSO,3,-7.784664629556363,-7.562608238372687,-0.22205639118367593
2024-11-01,LASSO,3,-7.509206844606907,-7.32253147628202,-0.18667536832488718
2024-11-02,LASSO,3,-7.320254941313007,-7.194009696024059,-0.1262452452889482
2024-11-03,LASSO,3,-6.357178323463686,-7.566214366120611,1.2090360426569244
2024-11-04,LASSO,3,-7.505193457512192,-7.281376637335933,-0.2238168201762587
2024-11-05,LASSO,3,-7.882091528500882,-7.8923704264966945,0.010278897995812386
2024-11-06,LASSO,3,-8.951124037321541,-7.711624611840843,-1.2394994254806981
2024-11-07,LASSO,3,-6.982350958300895,-7.407674649640898,0.4253236913400027
2024-11-08,LASSO,3,-6.610143513022823,-7.387113713324674,0.776970200301851
2024-11-09,LASSO,3,-5.89742196217559,-7.204799081967302,1.3073771197917115
2024-11-10,LASSO,3,-5.970825445834223,-7.334046593172462,1.3632211473382387
2024-11-11,LASSO,3,-6.298780197423048,-7.319850858658838,1.0210706612357896
2024-11-12,LASSO,3,-6.69026855754187,-7.076543897192218,0.3862753396503482
2024-11-13,LASSO,3,-7.962925402749825,-6.903848356705256,-1.0590770460445684
2024-11-14,LASSO,3,-7.719913234094788,-7.085915009651278,-0.6339982244435101
2024-11-15,LASSO,3,-6.813641525214108,-6.460599368556127,-0.3530421566579811
2024-11-16,LASSO,3,-7.123061515534054,-6.870667277677131,-0.2523942378569233
2024-11-17,LASSO,3,-7.349584827177568,-6.899336733239458,-0.45024809393810994
2024-11-18,LASSO,3,-6.9277588146226785,-6.998234269686244,0.07047545506356556
2024-11-19,LASSO,3,-7.639603303246092,-7.264640891537925,-0.37496241170816713
2024-11-20,LASSO,3,-8.458730870211758,-7.483873560107827,-0.9748573101039311
2024-11-21,LASSO,3,-7.906636805257383,-7.259273488037703,-0.6473633172196802
2024-11-22,LASSO,3,-6.845783544407805,-7.352556583072166,0.5067730386643614
2024-11-23,LASSO,3,-6.704121318827724,-7.450000738087597,0.7458794192598734
2024-11-24,LASSO,3,-7.421131408187987,-7.255156398618111,-0.165975009569876
2024-11-25,LASSO,3,-7.777480941685613,-7.1938893057777955,-0.5835916359078173
2024-11-26,LASSO,3,-7.7915055329164575,-7.334031834749567,-0.45747369816689076
2024-11-27,LASSO,3,-8.944575839059315,-7.459132855741463,-1.485442983317852
2024-11-28,LASSO,3,-8.526681786585359,-7.306164159473607,-1.220517627111752
2024-11-29,LASSO,3,-7.2277762188452845,-7.220352621081586,-0.007423597763698275
2024-11-30,LASSO,3,-7.477860175072574,-7.592595518527915,0.11473534345534109
2024-12-01,LASSO,3,-7.352016227925319,-7.44705488404848,0.09503865612316087
2024-12-02,LASSO,3,-5.520755763032788,-7.558536412749206,2.0377806497164173
2024-12-03,LASSO,3,-7.056676956855624,-7.834617765286018,0.7779408084303947
2024-12-04,LASSO,3,-8.28612317218258,-7.809480224035181,-0.47664294814739794
2024-12-05,LASSO,3,-8.152794625419403,-7.431077208858503,-0.7217174165609004
2024-12-06,LASSO,3,-6.452164940538162,-6.9239255303660565,0.4717605898278947
2024-12-07,LASSO,3,-6.668355412158304,-7.334124719730103,0.6657693075717992
2024-12-08,LASSO,3,-7.380414836630238,-6.880891153285988,-0.49952368334424957
2024-12-09,LASSO,3,-7.347004798406336,-7.035668910438471,-0.31133588796786515
2024-12-10,LASSO,3,-7.800269430130499,-7.359992229810303,-0.440277200320196
2024-12-11,LASSO,3,-8.329129180116265,-7.5810186217009825,-0.7481105584152825
2024-12-12,LASSO,3,-7.954173621957407,-7.21842504995883,-0.7357485719985775
2024-12-13,LASSO,3,-7.167863912303163,-7.252922093125041,0.08505818082187755
2024-12-14,LASSO,3,-7.46114260237137,-7.462129683423125,0.0009870810517549344
2024-12-15,LASSO,3,-6.653480385951037,-7.426016615901867,0.7725362299508296
2024-12-16,LASSO,3,-6.215955295754829,-7.16110208589273,0.9451467901379011
2024-12-17,LASSO,3,-6.2286006577328035,-7.537276803665944,1.3086761459331404
2024-12-18,LASSO,3,-7.472773492215739,-7.328786817477618,-0.14398667473812132
2024-12-19,LASSO,3,-7.349660055218582,-7.027588673632178,-0.3220713815864036
2024-12-20,LASSO,3,-6.8404400613287955,-7.084074237032956,0.24363417570416068
2024-12-21,LASSO,3,-7.374187208078972,-6.920489999896397,-0.4536972081825752
2024-12-22,LASSO,3,-7.715762789103233,-7.001666927559522,-0.7140958615437114
2024-12-23,LASSO,3,-7.307697534873444,-6.80898735901784,-0.49871017585560473
2024-12-24,LASSO,3,-7.106588924470662,-7.280766431126831,0.17417750665616882
2024-12-25,LASSO,3,-8.634132442724063,-7.270020764732974,-1.3641116779910885
2024-12-26,LASSO,3,-8.326756050975344,-7.24038045294586,-1.086375598029484
2024-12-27,LASSO,3,-7.3543943334481,-7.267074511143491,-0.08731982230460922
2024-12-28,LASSO,3,-7.276893060792656,-7.53373698588561,0.2568439250929542
2024-12-29,LASSO,3,-8.238782332690736,-7.454855307956644,-0.7839270247340915
2024-12-30,LASSO,3,-7.367896287600902,-7.198011333576269,-0.16988495402463322
2024-12-31,LASSO,3,-8.097617541330267,-7.551591147594096,-0.5460263937361711
2025-01-01,LASSO,3,-9.19804542909942,-7.623793947240895,-1.574251481858525
2025-01-02,LASSO,3,-8.787325094170878,-7.374849336487315,-1.4124757576835636
2025-01-03,LASSO,3,-7.415021751205516,-7.457891808037773,0.042870056832256864
2025-01-04,LASSO,3,-7.590481289361926,-7.818365837010292,0.2278845476483662
2025-01-05,LASSO,3,-6.90681582272137,-7.627501389583253,0.7206855668618832
2025-01-06,LASSO,3,-6.968115739055578,-7.697260810766035,0.7291450717104571
2025-01-07,LASSO,3,-6.709305206835529,-7.784849590330721,1.0755443834951919
2025-01-08,LASSO,3,-8.995729032967116,-7.587113862632563,-1.4086151703345529
2025-01-09,LASSO,3,-8.852150045924287,-7.205369930648526,-1.6467801152757602
2025-01-10,LASSO,3,-6.553319507908563,-7.089838884798228,0.5365193768896646
2025-01-11,LASSO,3,-7.303486208762694,-7.425434734435278,0.1219485256725843
2025-01-12,LASSO,3,-7.312096925574036,-7.424540002897892,0.1124430773238565
2025-01-13,LASSO,3,-7.391486709026281,-7.062031984020325,-0.32945472500595585
2025-01-14,LASSO,3,-7.511145310148465,-7.655969111142165,0.14482380099369951
2025-01-15,LASSO,3,-7.438401020768668,-7.7365233546714895,0.29812233390282117
2025-01-16,LASSO,3,-6.148112404271952,-7.201113525455946,1.0530011211839936
2025-01-17,LASSO,3,-5.214773987217453,-7.367057384272193,2.15228339705474
2025-01-18,LASSO,3,-6.34915971482197,-7.171216153437281,0.8220564386153111
2025-01-19,LASSO,3,-7.594519813201731,-7.01944924628141,-0.5750705669203207
2025-01-20,LASSO,3,-5.989812005402478,-6.550156139840868,0.5603441344383899
2025-01-21,LASSO,3,-7.355564283258395,-7.0202954853770825,-0.33526879788131225
2025-01-22,LASSO,3,-8.788612678268954,-7.223079907149702,-1.5655327711192522
2025-01-23,LASSO,3,-8.623226788453762,-6.535367724589687,-2.087859063864075
2025-01-24,LASSO,3,-6.548166225847454,-6.925859034188544,0.37769280834109065
2025-01-25,LASSO,3,-7.335119722465245,-7.3440505796065745,0.008930857141329795
2025-01-26,LASSO,3,-7.350021545427285,-6.789196490737596,-0.5608250546896887
2025-01-27,LASSO,3,-7.86523565131056,-7.072416204243927,-0.7928194470666332
2025-01-28,LASSO,3,-7.64515655585875,-7.581300994439203,-0.06385556141954751
2025-01-29,LASSO,3,-8.395509658549456,-7.784288651854096,-0.6112210066953594
2025-01-30,LASSO,3,-7.035755186208709,-7.484307747819242,0.4485525616105335
2025-01-31,LASSO,3,-5.95199845728886,-7.412678191321417,1.4606797340325572
2025-02-01,LASSO,3,-6.579587906443687,-7.480588844026882,0.9010009375831949
2025-02-02,LASSO,3,-7.222214210843608,-7.238365893568399,0.016151682724791172
2025-02-03,LASSO,3,-7.456911400328808,-7.314224440306451,-0.14268696002235703
2025-02-04,LASSO,3,-7.097257483150888,-7.425459464805488,0.32820198165460024
2025-02-05,LASSO,3,-8.810076811866075,-7.1478467811160185,-1.6622300307500568
2025-02-06,LASSO,3,-8.10773415201615,-6.940343911973079,-1.167390240043071
2025-02-07,LASSO,3,-7.786812840962016,-6.931883114972004,-0.8549297259900115
2025-02-08,LASSO,3,-8.095685364957285,-7.501453690708827,-0.5942316742484586
2025-02-09,LASSO,3,-6.962691557561749,-7.463850313305099,0.5011587557433499
2025-02-10,LASSO,3,-7.850939573833918,-7.469563270406022,-0.38137630342789564
2025-02-11,LASSO,3,-7.6048640411791055,-7.8442367213836395,0.23937268020453395
2025-02-12,LASSO,3,-9.31204237724052,-7.56287223551911,-1.74917014172141
2025-02-13,LASSO,3,-9.354075786569943,-7.593113999170588,-1.7609617873993555
2025-02-14,LASSO,3,-8.328308753403542,-7.606219475674486,-0.7220892777290562
2025-02-15,LASSO,3,-7.735386570485104,-7.263543046904903,-0.4718435235802003
2025-02-16,LASSO,3,-8.074161026658576,-7.770954731620027,-0.30320629503854857
2025-02-17,LASSO,3,-8.388064413225592,-7.495522710527568,-0.8925417026980247
2025-02-18,LASSO,3,-7.422492670788367,-8.07744431370942,0.654951642921052
2025-02-19,LASSO,3,-9.351071668633756,-8.205184471827522,-1.1458871968062336
2025-02-20,LASSO,3,-9.327182940847992,-7.833650935238756,-1.4935320056092358
2025-02-21,LASSO,3,-7.366790273234517,-7.574913978001699,0.208123704767182
2025-02-22,LASSO,3,-6.241011939761488,-7.7529608594404635,1.511948919678976
2025-02-23,LASSO,3,-6.08442226100039,-7.840862413224763,1.756440152224373
2025-02-24,LASSO,3,-6.878853344044446,-7.344847905298995,0.46599456125454886
2025-02-25,LASSO,3,-5.588570041559089,-7.594816398820758,2.006246357261669
2025-02-26,LASSO,3,-7.482186017843935,-7.811893715377773,0.32970769753383866
2025-02-27,LASSO,3,-6.026685262486463,-7.558836708306446,1.5321514458199825
2025-02-28,LASSO,3,-6.005721130764149,-6.720057323096878,0.7143361923327287
2025-03-01,LASSO,3,-5.832575425345344,-6.989573012681077,1.1569975873357325
2025-03-02,LASSO,3,-6.528431978871631,-6.806498660996812,0.27806668212518115
2025-03-03,LASSO,3,-6.412729998936713,-6.703309318838891,0.29057931990217867
2025-03-04,LASSO,3,-5.651155219226064,-7.216588106742933,1.5654328875168693
2025-03-05,LASSO,3,-7.82002049036847,-6.9492874716831246,-0.8707330186853453
2025-03-06,LASSO,3,-7.116223896566312,-6.818128226905597,-0.29809566966071444
2025-03-07,LASSO,3,-5.949376876735946,-6.611858187057693,0.6624813103217466
2025-03-08,LASSO,3,-6.2051256349718855,-7.093882326773156,0.8887566918012704
2025-03-09,LASSO,3,-6.9226794457074154,-6.994279156184417,0.07159971047700164
2025-03-10,LASSO,3,-7.250092425539886,-6.6147336820371745,-0.6353587435027119
2025-03-11,LASSO,3,-7.447118934719969,-7.167133635777434,-0.27998529894253465
2025-03-12,LASSO,3,-8.898459551988159,-7.267877754112874,-1.6305817978752852
2025-03-13,LASSO,3,-7.329432996679352,-7.080435173175932,-0.24899782350342026
2025-03-14,LASSO,3,-7.67080326390782,-7.1262979424922825,-0.5445053214155378
2025-03-15,LASSO,3,-7.616041619926752,-7.033736201368077,-0.5823054185586747
2025-03-16,LASSO,3,-7.472221310413124,-7.291183971695237,-0.18103733871788652
2025-03-17,LASSO,3,-7.439639310421675,-7.4063455172968755,-0.03329379312479919
2025-03-18,LASSO,3,-7.976296204139535,-7.976073058166787,-0.0002231459727477514
2025-03-19,LASSO,3,-9.81200323221424,-7.713989514630949,-2.0980137175832905
2025-03-20,LASSO,3,-8.77472856117907,-7.404553083709396,-1.370175477469675
2025-03-21,LASSO,3,-7.738805643991428,-7.51483281882439,-0.22397282516703854
2025-03-22,LASSO,3,-7.907900185694711,-7.685391827356913,-0.22250835833779803
2025-03-23,LASSO,3,-7.926440425992742,-7.282888950100013,-0.6435514758927292
2025-03-24,LASSO,3,-8.15773669999174,-7.458680264460392,-0.6990564355313476
2025-03-25,LASSO,3,-7.842789124023152,-7.979808548921696,0.13701942489854346
2025-03-26,LASSO,3,-8.003994184702773,-7.977646231864409,-0.026347952838364108
2025-03-27,LASSO,3,-8.165887428032145,-7.966059002102943,-0.19982842592920136
2025-03-28,LASSO,3,-7.254418259891095,-7.552226235897279,0.297807976006184
2025-03-29,LASSO,3,-7.756757128271761,-7.560381665203881,-0.19637546306787979
2025-03-30,LASSO,3,-6.587482790091052,-7.320190682221005,0.7327078921299535
2025-03-31,LASSO,3,-7.252194880144823,-7.49802421846522,0.2458293383203971
2025-04-01,LASSO,3,-6.63516370951007,-7.72659366975646,1.0914299602463906
2025-04-02,LASSO,3,-8.681969956851141,-7.52109565852373,-1.1608742983274114
2025-04-03,LASSO,3,-7.188412492677708,-7.18161517399487,-0.0067973186828380605
2025-04-04,LASSO,3,-5.629049006791348,-7.069012116560215,1.4399631097688665
2025-04-05,LASSO,3,-6.933967406336497,-7.239430806306239,0.30546339996974226
2025-04-06,LASSO,3,-5.92065466170989,-7.241550151612265,1.3208954899023748
2025-04-07,LASSO,3,-7.031037787314499,-6.662511003199553,-0.36852678411494644
2025-04-08,LASSO,3,-7.032090018849573,-7.375426161022234,0.34333614217266106
2025-04-09,LASSO,3,-7.79990038655869,-7.249933931989589,-0.549966454569101
2025-04-10,LASSO,3,-7.287263687197286,-6.902706747605233,-0.38455693959205295
2025-04-11,LASSO,3,-7.167014962280521,-7.218754083983459,0.05173912170293793
2025-04-12,LASSO,3,-7.777788884630375,-6.801766037288401,-0.9760228473419748
2025-04-13,LASSO,3,-7.413189676387737,-7.102643933106417,-0.31054574328132034
2025-04-14,LASSO,3,-8.268721841318316,-7.230746898062948,-1.0379749432553673
2025-04-15,LASSO,3,-9.681279444888752,-7.577353362618123,-2.103926082270629
2025-04-16,LASSO,3,-9.171548905690758,-7.548363457742192,-1.6231854479485657
2025-04-17,LASSO,3,-9.01552740253416,-7.471821603108374,-1.5437057994257852
2025-04-18,LASSO,3,-7.457356285992482,-7.742768168374664,0.2854118823821823
2025-04-19,LASSO,3,-6.979201722253075,-7.551871277958323,0.5726695557052484
2025-04-20,LASSO,3,-7.403345870725576,-7.468250081698509,0.06490421097293275
2025-04-21,LASSO,3,-8.021045389721651,-7.821974799705653,-0.19907059001599858
2025-04-22,LASSO,3,-7.797960553044787,-7.70405198714454,-0.09390856590024654
2025-04-23,LASSO,3,-8.912576429259436,-7.944885314565539,-0.9676911146938973
2025-04-24,LASSO,3,-8.579169330655771,-7.98669810553648,-0.5924712251192918
2025-04-25,LASSO,3,-7.92097208375074,-7.266098106627042,-0.6548739771236978
2025-04-26,LASSO,3,-8.087519781534887,-7.532353728651926,-0.555166052882961
2025-04-27,LASSO,3,-8.023455793775357,-7.329494854164527,-0.6939609396108297
2025-04-28,LASSO,3,-8.09456339337235,-7.519404318635753,-0.5751590747365976
2025-04-29,LASSO,3,-8.294066343106515,-7.955379365895014,-0.3386869772115011
2025-04-30,LASSO,3,-9.46541060137628,-7.80462273428476,-1.6607878670915204
2025-05-01,LASSO,3,-8.596552100361416,-7.633570825808332,-0.9629812745530844
2025-05-02,LASSO,3,-8.166003817373237,-7.728479756760004,-0.43752406061323335
2025-05-03,LASSO,3,-8.013724640481898,-7.8243159691913595,-0.18940867129053895
2025-05-04,LASSO,3,-7.894201229610753,-7.679283719163812,-0.2149175104469414
2025-05-05,LASSO,3,-7.474703553304063,-7.702169251707472,0.22746569840340936
2025-05-06,LASSO,3,-7.7544076279684,-7.923245052007629,0.16883742403922852
2025-05-07,LASSO,3,-8.51169203750711,-7.79075964196438,-0.7209323955427305
2025-05-08,LASSO,3,-7.894756830708296,-7.773873052430513,-0.12088377827778274
2025-05-09,LASSO,3,-7.171315375183232,-7.680841335624382,0.5095259604411497
2025-05-10,LASSO,3,-7.898122089143746,-7.476609271646933,-0.42151281749681235
2025-05-11,LASSO,3,-8.318310440418038,-7.275128324935265,-1.0431821154827734
2025-05-12,LASSO,3,-7.7147571999584414,-7.505785488748328,-0.20897171121011304
2025-05-13,LASSO,3,-8.244800643227538,-7.921461117735357,-0.32333952549218115
2025-05-14,LASSO,3,-8.88548365814237,-7.991566872257693,-0.8939167858846764
2025-05-15,LASSO,3,-7.9130966647344225,-7.600408830066333,-0.3126878346680897
2025-05-16,LASSO,3,-7.475391981698435,-7.732512678095241,0.25712069639680646
2025-05-17,LASSO,3,-7.413492676031776,-7.816865786412569,0.4033731103807927
2025-05-18,LASSO,3,-6.9048202411259405,-7.4612012589811245,0.556381017855184
2025-05-19,LASSO,3,-7.5998782354004675,-7.581255050459027,-0.018623184941440662
2025-05-20,LASSO,3,-7.443883442529285,-7.776650902885427,0.33276746035614213
2025-05-21,LASSO,3,-8.225636513265073,-7.547432066846353,-0.6782044464187198
2025-05-22,LASSO,3,-8.196992018610825,-7.7778253424934345,-0.4191666761173902
2025-05-23,LASSO,3,-8.288440304342084,-7.410416531120972,-0.8780237732211118
2025-05-24,LASSO,3,-7.940076582517803,-7.364285121634908,-0.5757914608828951
2025-05-25,LASSO,3,-8.336031186903472,-7.292721369760387,-1.0433098171430855
2025-05-26,LASSO,3,-7.769467517478563,-7.43171825174395,-0.3377492657346126
2025-05-27,LASSO,3,-7.728674501465333,-7.886062812662096,0.15738831119676266
2025-05-28,LASSO,3,-8.421598154519437,-7.868337503236976,-0.5532606512824607
2025-05-29,LASSO,3,-8.743472246073782,-7.847411147403045,-0.8960610986707378
2025-05-30,LASSO,3,-8.184430028615092,-7.71271404678975,-0.4717159818253416
2025-05-31,LASSO,3,-8.331213911925008,-7.791922789288102,-0.5392911226369064
2025-06-01,LASSO,3,-8.71279939743139,-7.727947125496374,-0.9848522719350159
2025-06-02,LASSO,3,-7.51988335958094,-7.687819124373034,0.1679357647920936
2025-06-03,LASSO,3,-8.345664194572562,-7.8964338712581,-0.44923032331446144
2025-06-04,LASSO,3,-9.05218826005398,-8.148067773811203,-0.9041204862427765
2025-06-05,LASSO,3,-9.384555576107418,-7.85667781044445,-1.5278777656629687
2025-06-06,LASSO,3,-7.968985833169205,-7.911144752222497,-0.05784108094670781
2025-06-07,LASSO,3,-8.125005944838898,-7.7903079681562915,-0.33469797668260703
2025-06-08,LASSO,3,-8.19082610478049,-7.801621021481504,-0.38920508329898595
2025-06-09,LASSO,3,-7.927023759209108,-7.860914488447825,-0.06610927076128359
2025-06-10,LASSO,3,-7.443188684929166,-8.274714395646761,0.8315257107175951
2025-06-11,LASSO,3,-9.05726972859608,-8.389594165564134,-0.6676755630319455
2025-06-12,LASSO,3,-8.953471985164441,-7.81865745228497,-1.1348145328794708
2025-06-13,LASSO,3,-8.110641264350848,-7.720311112604866,-0.3903301517459825
2025-06-14,LASSO,3,-7.806286485181062,-7.809382626883369,0.003096141702306987
2025-06-15,LASSO,3,-7.866192379807445,-7.7056928700506715,-0.1604995097567734
2025-06-16,LASSO,3,-8.633468871743753,-7.702482802297475,-0.9309860694462779
2025-06-17,LASSO,3,-7.900331132706684,-7.828445998118118,-0.07188513458856605
2025-06-18,LASSO,3,-7.967196587131996,-8.234675936523665,0.2674793493916692
2025-06-19,LASSO,3,-7.027680658640498,-8.103197954261486,1.0755172956209877
2025-06-20,LASSO,3,-7.236497370232764,-7.814693781725353,0.5781964114925886
2025-06-21,LASSO,3,-8.149886293035856,-7.709038965053449,-0.44084732798240633
2025-06-22,LASSO,3,-8.176305065875129,-7.541874754127594,-0.6344303117475345
2025-06-23,LASSO,3,-8.376095118293176,-7.792783003159028,-0.5833121151341478
2025-06-24,LASSO,3,-8.542770722531861,-7.882820723215913,-0.6599499993159483
2025-06-25,LASSO,3,-10.649971722513076,-7.715052927837027,-2.934918794676049
2025-06-26,LASSO,3,-9.316586495538738,-7.716531439004118,-1.6000550565346199
2025-06-27,LASSO,3,-8.62277199796468,-7.954214614388351,-0.6685573835763288
2025-06-28,LASSO,3,-8.642591743070529,-7.899045294715792,-0.7435464483547367
2025-06-29,LASSO,3,-8.308439939764494,-8.158565785974476,-0.14987415379001767
2025-06-30,LASSO,3,-8.29396771419438,-8.035122497807826,-0.258845216386554
2025-07-01,LASSO,3,-8.898524051817713,-8.747766968673865,-0.15075708314384784
2025-07-02,LASSO,3,-9.987284347496226,-8.675259663372742,-1.3120246841234842
2025-07-03,LASSO,3,-9.36677210235694,-8.240613392370223,-1.1261587099867167
2025-07-04,LASSO,3,-8.713378263033814,-8.141942356527377,-0.5714359065064372
2025-07-05,LASSO,3,-8.902586131499698,-8.136606309220664,-0.7659798222790339
2025-07-06,LASSO,3,-8.29417874240117,-7.7569749500971765,-0.5372037923039938
2025-07-07,LASSO,3,-7.209350045659884,-8.052549819831043,0.8431997741711594
2025-07-08,LASSO,3,-7.867944834377488,-8.544396988374215,0.6764521539967276
2025-07-09,LASSO,3,-9.356431837546369,-8.467432250246882,-0.8889995872994874
2025-07-10,LASSO,3,-8.773942349578554,-8.399841960453651,-0.3741003891249033
2025-07-11,LASSO,3,-7.481016702523509,-8.177676629670547,0.6966599271470377
2025-07-12,LASSO,3,-7.254884046098786,-8.109605078967379,0.8547210328685928
2025-07-13,LASSO,3,-7.906106583346014,-7.65811664298072,-0.24798994036529365
2025-07-14,LASSO,3,-7.750043741635851,-7.897633473010022,0.14758973137417097
2025-07-15,LASSO,3,-7.925867888823022,-7.98715910997318,0.06129122115015839
2025-07-16,LASSO,3,-9.191851708958271,-7.986207856313282,-1.2056438526449895
2025-07-17,LASSO,3,-8.749889889500176,-7.561128858725538,-1.1887610307746383
2025-07-18,LASSO,3,-8.062198643566044,-7.470524217110398,-0.5916744264556453
2025-07-19,LASSO,3,-7.740429316317312,-7.880757418199694,0.14032810188238276
2025-07-20,LASSO,3,-8.047332828013449,-7.952325075218007,-0.09500775279544182
2025-07-21,LASSO,3,-8.253076728769177,-7.881163339991495,-0.3719133887776813
2025-07-22,LASSO,3,-7.605517370811197,-8.103628161076955,0.4981107902657582
2025-07-23,LASSO,3,-9.606954095499765,-8.116886060190485,-1.49006803530928
2025-07-24,LASSO,3,-8.981033746649764,-8.006540414893262,-0.9744933317565021
2025-07-25,LASSO,3,-8.30508496766559,-7.759957567605915,-0.5451274000596742
2025-07-26,LASSO,3,-8.268215689597376,-7.694240817008019,-0.573974872589357
2025-07-27,LASSO,3,-8.393240576178409,-8.002735040232654,-0.39050553594575454
2025-07-28,LASSO,3,-8.520230588607557,-7.725887782338736,-0.7943428062688209
2025-07-29,LASSO,3,-7.533737412187012,-8.357513938937533,0.823776526750521
2025-07-30,LASSO,3,-8.568970525996992,-8.508920129767164,-0.060050396229827996
2025-07-31,LASSO,3,-9.01457508878402,-8.179200705464856,-0.8353743833191647
2025-08-01,LASSO,3,-8.64759502280641,-7.728657726534895,-0.9189372962715154
2025-08-02,LASSO,3,-8.327990264931364,-7.853850651922436,-0.47413961300892815
2025-08-03,LASSO,3,-8.51421068372607,-7.706073591763249,-0.8081370919628208
2025-08-04,LASSO,3,-8.532403748070708,-7.851523552041897,-0.6808801960288111
2025-08-05,LASSO,3,-8.651182815348951,-8.032061645250774,-0.6191211700981771
2025-08-06,LASSO,3,-9.32597851139552,-8.357182864813208,-0.9687956465823131
2025-08-07,LASSO,3,-8.441043602227696,-8.453404100824166,0.012360498596470038
2025-08-08,LASSO,3,-7.811382584426513,-8.355160781157634,0.5437781967311217
2025-08-09,LASSO,3,-8.297044334912817,-8.250151773671808,-0.046892561241008934
2025-08-10,LASSO,3,-7.759195959681331,-8.006150046391262,0.24695408670993135
2025-08-11,LASSO,3,-6.9615054586384755,-7.9232080499108815,0.961702591272406
2025-08-12,LASSO,3,-8.400633017404333,-8.030128932360729,-0.37050408504360455
2025-08-13,LASSO,3,-9.797853695149604,-7.944122224786139,-1.8537314703634644
2025-08-14,LASSO,3,-9.5559821565806,-7.559870452730887,-1.9961117038497127
2025-08-15,LASSO,3,-8.156814886452334,-8.104859119637299,-0.051955766815035886
2025-08-16,LASSO,3,-8.142712241205171,-7.990254611349506,-0.15245762985566458
2025-08-17,LASSO,3,-8.113278831395304,-7.885327468708101,-0.22795136268720295
2025-08-18,LASSO,3,-8.175195141952578,-8.032400777927485,-0.14279436402509305
2025-08-19,LASSO,3,-7.391375071440983,-8.345892523846848,0.9545174524058648
2025-08-20,LASSO,3,-9.155666824013634,-8.29446639514353,-0.8612004288701041
2025-08-21,LASSO,3,-7.722034948084426,-7.966468522833511,0.24443357474908467
2025-08-22,LASSO,3,-7.330218334497994,-7.89765843477165,0.5674401002736555
2025-08-23,LASSO,3,-7.622910020795579,-7.843595333376038,0.22068531258045976
2025-08-24,LASSO,3,-8.082710716050025,-7.815795054864913,-0.266915661185112
2025-08-25,LASSO,3,-8.403842583904545,-7.5715513104032635,-0.8322912735012817
2025-08-26,LASSO,3,-8.0046493464786,-8.0754436604885,0.0707943140099001
2025-08-27,LASSO,3,-9.133680845548108,-7.925363593665443,-1.208317251882665
2025-08-28,LASSO,3,-9.177958657568531,-7.937159557771649,-1.2407990997968827
2025-08-29,LASSO,3,-7.953683190386181,-7.817497424279523,-0.13618576610665833
2025-08-30,LASSO,3,-7.872158994764496,-8.022073734106723,0.14991473934222643
2025-08-31,LASSO,3,-8.182388144667684,-7.87160613944824,-0.3107820052194432
2025-09-01,LASSO,3,-8.292311256544016,-7.806638781618385,-0.48567247492563137
2025-09-02,LASSO,3,-8.049751286620033,-8.044539240023699,-0.005212046596334119
2025-09-03,LASSO,3,-9.772848916168195,-8.312096194515727,-1.4607527216524687
2025-09-04,LASSO,3,-9.53452627568605,-8.248991269462302,-1.285535006223748
2025-09-05,LASSO,3,-8.677120971758,-7.888249201233282,-0.788871770524719
2025-09-06,LASSO,3,-8.403115304394708,-8.211403413271482,-0.1917118911232265
2025-09-07,LASSO,3,-8.21218014894868,-8.16287373379777,-0.04930641515090883
2025-09-08,LASSO,3,-8.499654294702792,-7.915674972396762,-0.5839793223060292
2025-09-09,LASSO,3,-8.617547509904476,-8.349194413513343,-0.2683530963911327
2025-09-10,LASSO,3,-9.831130650802836,-8.265592126708203,-1.5655385240946327
2025-09-11,LASSO,3,-9.54978554808957,-8.214966695944472,-1.3348188521450979
2025-09-12,LASSO,3,-8.439814402280856,-8.294714819292759,-0.145099582988097
2025-09-13,LASSO,3,-8.792523838198322,-8.23040440054762,-0.5621194376507024
2025-09-14,LASSO,3,-8.101310617641094,-8.327355740641375,0.22604512300028112
2025-09-15,LASSO,3,-8.766447689945338,-8.015707567873282,-0.750740122072056
2025-09-16,LASSO,3,-9.267364905921823,-8.395400063047814,-0.871964842874009
2025-09-17,LASSO,3,-10.6050280488101,-8.330744278942237,-2.2742837698678624
2025-09-18,LASSO,3,-10.133520913612236,-8.061870535659809,-2.0716503779524267
2025-09-19,LASSO,3,-7.891930026244774,-8.274046667867973,0.3821166416231989
2025-09-20,LASSO,3,-8.692216418426757,-8.22393630884027,-0.4682801095864857
2025-09-21,LASSO,3,-8.715111261187413,-8.53557643073915,-0.17953483044826335
2025-09-22,LASSO,3,-7.797766269227527,-8.24131150896742,0.443545239739894
2025-09-23,LASSO,3,-8.199318457410062,-8.674755472828856,0.4754370154187946
2025-09-24,LASSO,3,-10.290127372923022,-8.746607223407448,-1.5435201495155741
2025-09-25,LASSO,3,-9.254128583110203,-7.964750582223843,-1.2893780008863605
2025-09-26,LASSO,3,-8.541521038784206,-8.082082006473776,-0.4594390323104296
2025-09-27,LASSO,3,-8.603434629923894,-8.353552464124308,-0.2498821657995869
2025-09-28,LASSO,3,-8.240112062129832,-7.816589902631797,-0.4235221594980345
2025-09-29,LASSO,3,-8.296715658902626,-7.986262974611605,-0.3104526842910209
2025-09-30,LASSO,3,-7.823921809963694,-8.52494534545976,0.7010235354960654
2025-10-01,LASSO,3,-9.45214532988536,-8.404217984187916,-1.0479273456974436
2025-10-02,LASSO,3,-7.695218782358524,-8.48178081475672,0.7865620323981952
2025-10-03,LASSO,3,-8.01510033381816,-8.135390452346664,0.12029011852850502
2025-10-04,LASSO,3,-7.842639336975692,-8.21580234033213,0.3731630033564386
2025-10-05,LASSO,3,-8.002081163490216,-7.799986973014446,-0.20209419047576915
2025-10-06,LASSO,3,-8.012382804006961,-7.777980024406383,-0.2344027796005781
2025-10-07,LASSO,3,-4.587612791666304,-8.1219229214057,3.5343101297393957
2025-10-08,LASSO,3,-7.115722376608375,-7.837721228518662,0.7219988519102873
2025-10-09,LASSO,3,-7.1264281234111495,-7.914623149334744,0.7881950259235948
2025-10-10,LASSO,3,-7.601098600323596,-7.233217069695602,-0.36788153062799367
2025-10-11,LASSO,3,-7.344241412122854,-7.344032387236256,-0.0002090248865984634
2025-10-12,LASSO,3,-7.591723650096573,-7.667601235609807,0.07587758551323365
2025-10-13,LASSO,3,-6.905012356907999,-7.1060050934536205,0.20099273654562122
2025-10-14,LASSO,3,-7.053262415309131,-7.65104246939464,0.5977800540855087
2025-10-15,LASSO,3,-8.645181515778779,-7.62267579749346,-1.022505718285319
2025-10-16,LASSO,3,-7.946925952270387,-7.573167769327241,-0.37375818294314644
2025-10-17,LASSO,3,-7.702435877483535,-7.572201742950024,-0.13023413453351118
2025-10-18,LASSO,3,-6.814365684609184,-7.457755566738802,0.6433898821296182
2025-10-19,LASSO,3,-7.329678651800407,-7.551552519159592,0.2218738673591849
2025-10-20,LASSO,3,-7.503043703626393,-7.702997743424456,0.19995403979806348
2025-10-21,LASSO,3,-8.016664491858316,-8.056150707988806,0.03948621613048964
2025-10-22,LASSO,3,-9.436012357444428,-8.049252138132063,-1.3867602193123645
2025-10-23,LASSO,3,-8.127811371886041,-7.864683345069517,-0.26312802681652414
2025-10-24,LASSO,3,-8.31020361926275,-7.677278415264916,-0.6329252039978348
2025-10-25,LASSO,3,-7.874738990868753,-7.839244611824654,-0.035494379044099134
2025-10-26,LASSO,3,-7.054000148404952,-7.5703302998798625,0.5163301514749108
2025-10-27,LASSO,3,-7.043093926149241,-7.940198286141486,0.8971043599922455
2025-10-28,LASSO,3,-7.299625987456839,-8.199111792898977,0.8994858054421382
2025-10-29,LASSO,3,-9.102269176611976,-7.929359727863152,-1.1729094487488245
2025-10-30,LASSO,3,-8.604699637140742,-7.926917418759016,-0.6777822183817257
2025-10-31,LASSO,3,-7.27163389114966,-7.729584908302776,0.4579510171531158
2025-11-01,LASSO,3,-6.542526955726167,-7.8735692806940865,1.3310423249679193
2025-11-02,LASSO,3,-7.130332009579842,-7.781332991706394,0.6510009821265523
2025-11-03,LASSO,3,-7.168157359718235,-7.578138848597866,0.40998148887963115
2025-11-04,LASSO,3,-7.037002738488869,-7.808224466558468,0.771221728069599
2025-11-05,LASSO,3,-8.218470766094887,-7.869759927795703,-0.34871083829918437
2025-11-06,LASSO,3,-7.88633221123335,-7.52092101672421,-0.3654111945091403
2025-11-07,LASSO,3,-7.707023434157362,-7.499832217052002,-0.20719121710536026
2025-11-08,LASSO,3,-7.4421296812380255,-7.555253572203232,0.11312389096520636
2025-11-09,LASSO,3,-7.572570868483227,-7.697061938569883,0.1244910700866555
2025-11-10,LASSO,3,-7.0002820840938105,-7.624883850520463,0.6246017664266521
2025-11-11,LASSO,3,-6.384560789541653,-7.757722498421215,1.3731617088795618
2025-11-12,LASSO,3,-7.714310407924918,-7.837646943407913,0.12333653548299495
2025-11-13,LASSO,3,-7.175102452523699,-7.6317793088227655,0.4566768562990662
2025-11-14,LASSO,3,-6.993087708054424,-7.5397704348052,0.5466827267507757
2025-11-15,LASSO,3,-6.75464809359329,-7.316595030200562,0.5619469366072716
2025-11-16,LASSO,3,-6.988105858772633,-7.587370246307442,0.5992643875348094
2025-11-17,LASSO,3,-6.842480066767818,-7.213620649899816,0.37114058313199827
2025-11-18,LASSO,3,-5.7867108645783665,-7.686304299664597,1.8995934350862305
2025-11-19,LASSO,3,-7.555518494073084,-7.946970587963872,0.3914520938907877
2025-11-20,LASSO,3,-7.596708359678786,-7.393638200647802,-0.20307015903098424
2025-11-21,LASSO,3,-6.969901638005364,-7.17812908478362,0.2082274467782561
2025-11-22,LASSO,3,-7.231650335428167,-7.289389374742973,0.057739039314806284
2025-11-23,LASSO,3,-7.364305501511629,-7.453494554448378,0.0891890529367485
2025-11-24,LASSO,3,-7.879568199495125,-7.28608962864038,-0.593478570854745
2025-11-25,LASSO,3,-7.694293783175389,-7.694701532735706,0.0004077495603169723
2025-11-26,LASSO,3,-8.832361523993656,-7.8105216721185595,-1.0218398518750966
2025-11-27,LASSO,3,-8.56370363864505,-7.548515960784476,-1.015187677860574
2025-11-28,LASSO,3,-6.7205038180139995,-7.722583928055269,1.0020801100412697
2025-11-29,LASSO,3,-7.166694063037643,-7.8866086021145785,0.7199145390769353
2025-11-30,LASSO,3,-6.799725179739331,-8.089429223072221,1.2897040433328897
2025-12-01,LASSO,3,-7.278058894103278,-7.845396034165903,0.5673371400626248
2025-12-02,LASSO,3,-7.384608832790334,-7.918315841950047,0.5337070091597136
2025-12-03,LASSO,3,-8.780922005770533,-7.896403279694691,-0.884518726075842
2025-12-04,LASSO,3,-7.414740413919735,-7.37735590175535,-0.037384512164384986
2025-12-05,LASSO,3,-7.457035504573326,-7.554912403704292,0.09787689913096642
2025-12-06,LASSO,3,-7.256857420158548,-7.733363628612593,0.4765062084540448
2025-12-07,LASSO,3,-7.058992929899828,-7.6375434368149016,0.5785505069150734
2025-12-08,LASSO,3,-7.347794785273569,-7.641305755071501,0.2935109697979321
2025-12-09,LASSO,3,-7.561466219241837,-7.87578468857102,0.3143184693291827
2025-12-10,LASSO,3,-9.696511840594232,-7.662913102825946,-2.033598737768286
2025-12-11,LASSO,3,-8.293293428630856,-7.673587159848412,-0.6197062687824433
2025-12-12,LASSO,3,-7.227863026447627,-7.575858264884511,0.3479952384368836
2025-12-13,LASSO,3,-7.710960999236119,-7.605064233264935,-0.1058967659711838
2025-12-14,LASSO,3,-6.682453263792524,-7.9086718440006845,1.2262185802081609
2025-12-15,LASSO,3,-6.740374624315311,-7.659907936951013,0.9195333126357026
2025-12-16,LASSO,3,-7.020317942574881,-8.313812487354893,1.2934945447800121
2025-12-17,LASSO,3,-9.6115694039447,-8.220510980094943,-1.3910584238497563
2025-12-18,LASSO,3,-8.628519475678901,-7.606103815253703,-1.0224156604251986
2025-12-19,LASSO,3,-7.534308322325102,-7.747198314588881,0.21288999226377925
2025-12-20,LASSO,3,-7.663101554070803,-7.618348925453953,-0.04475262861685003
2025-12-21,LASSO,3,-8.228128764798534,-7.154753829429436,-1.073374935369098
2025-12-22,LASSO,3,-8.643584150115842,-7.607887576612508,-1.0356965735033343
2025-12-23,LASSO,3,-7.837277913270711,-8.180510072611016,0.34323215934030493
2025-12-24,LASSO,3,-10.1372374475085,-8.313656751206768,-1.8235806963017325
2024-06-29,LASSO,5,-6.7568326341271066,-7.751672464667699,0.9948398305405926
2024-06-30,LASSO,5,-6.028709939198225,-7.82792979383583,1.799219854637605
2024-07-01,LASSO,5,-7.82183717488344,-8.1352862154888,0.31344904060536116
2024-07-02,LASSO,5,-7.599232953126869,-7.7797261958733275,0.18049324274645873
2024-07-03,LASSO,5,-6.2016000220281144,-7.802737243257108,1.6011372212289938
2024-07-04,LASSO,5,-7.13201098663784,-7.850355768334894,0.7183447816970538
2024-07-05,LASSO,5,-7.364155934126495,-7.503800573377558,0.1396446392510633
2024-07-06,LASSO,5,-6.970855511693713,-7.170240943061615,0.19938543136790177
2024-07-07,LASSO,5,-7.461112349654011,-7.083909978276111,-0.3772023713778996
2024-07-08,LASSO,5,-8.001579020126183,-7.654277942841538,-0.3473010772846452
2024-07-09,LASSO,5,-7.503141944073601,-7.457277117963378,-0.0458648261102228
2024-07-10,LASSO,5,-7.10151927124952,-7.0797871374012,-0.021732133848320068
2024-07-11,LASSO,5,-6.8751174522895955,-7.407375569379093,0.5322581170894978
2024-07-12,LASSO,5,-7.273310670983561,-7.450013035567982,0.176702364584421
2024-07-13,LASSO,5,-7.590004120123674,-7.361584330923773,-0.2284197891999007
2024-07-14,LASSO,5,-7.361953880672214,-7.562580888281257,0.20062700760904306
2024-07-15,LASSO,5,-8.183252874840827,-7.693246839597508,-0.49000603524331865
2024-07-16,LASSO,5,-7.540508981035038,-7.493660805013252,-0.04684817602178626
2024-07-17,LASSO,5,-7.831068909072291,-7.334309784824298,-0.4967591242479932
2024-07-18,LASSO,5,-7.504319171318432,-7.293869925735958,-0.21044924558247402
2024-07-19,LASSO,5,-7.715830478728725,-7.458677453641371,-0.25715302508735327
2024-07-20,LASSO,5,-7.1111013620300145,-7.545008552335441,0.4339071903054261
2024-07-21,LASSO,5,-7.731151246587125,-7.538992102866845,-0.19215914372027942
2024-07-22,LASSO,5,-6.6745965844828605,-7.75083126106838,1.0762346765855195
2024-07-23,LASSO,5,-8.297723232050007,-7.564514792336571,-0.7332084397134357
2024-07-24,LASSO,5,-7.220642471062432,-7.631855677606926,0.41121320654449356
2024-07-25,LASSO,5,-7.567743991658627,-7.5337651829061,-0.033978808752527456
2024-07-26,LASSO,5,-7.537578973039193,-7.532660014438391,-0.00491895860080227
2024-07-27,LASSO,5,-7.134693601377736,-7.390155833455799,0.25546223207806307
2024-07-28,LASSO,5,-6.728020741506768,-7.509769086461051,0.7817483449542832
2024-07-29,LASSO,5,-7.102715268773577,-7.304599059769817,0.20188379099624054
2024-07-30,LASSO,5,-6.901570663299103,-7.745940020225897,0.8443693569267934
2024-07-31,LASSO,5,-4.331832929576587,-7.425026685924984,3.0931937563483975
2024-08-01,LASSO,5,-6.129507554817753,-7.540891493847576,1.4113839390298235
2024-08-02,LASSO,5,-6.56821202032419,-7.496770152738046,0.9285581324138557
2024-08-03,LASSO,5,-5.881456842610719,-7.320848635407194,1.4393917927964752
2024-08-04,LASSO,5,-6.5521594278707,-7.208343493087582,0.6561840652168813
2024-08-05,LASSO,5,-8.164746233335169,-7.300881208348761,-0.8638650249864082
2024-08-06,LASSO,5,-7.347966273268356,-7.01110161000969,-0.33686466325866604
2024-08-07,LASSO,5,-6.301581779560638,-6.315670718011264,0.014088938450625754
2024-08-08,LASSO,5,-7.032064393779834,-6.954223774353596,-0.07784061942623755
2024-08-09,LASSO,5,-7.145182948564176,-7.0341887885715755,-0.11099415999260032
2024-08-10,LASSO,5,-6.782869713050387,-6.85778117799187,0.07491146494148282
2024-08-11,LASSO,5,-6.993243057300741,-7.2260324814203925,0.23278942411965176
2024-08-12,LASSO,5,-8.93414336978374,-7.698878421970965,-1.2352649478127748
2024-08-13,LASSO,5,-8.090430304827276,-7.338482094770533,-0.7519482100567432
2024-08-14,LASSO,5,-7.395852713362074,-7.052398711224412,-0.343454002137662
2024-08-15,LASSO,5,-7.252727153074581,-7.301217774578173,0.048490621503591846
2024-08-16,LASSO,5,-7.122737507461557,-7.308969185525446,0.18623167806388885
2024-08-17,LASSO,5,-7.663977474896019,-7.215818400710472,-0.448159074185547
2024-08-18,LASSO,5,-6.8510987312401355,-7.451479656320285,0.6003809250801497
2024-08-19,LASSO,5,-8.299722443510342,-8.033290366176004,-0.26643207733433805
2024-08-20,LASSO,5,-8.590906417273768,-7.6944187009091936,-0.8964877163645744
2024-08-21,LASSO,5,-7.848062431939034,-7.453474416381927,-0.3945880155571073
2024-08-22,LASSO,5,-6.578074293173222,-7.3955539103167425,0.8174796171435208
2024-08-23,LASSO,5,-6.625319225980788,-7.38838921940055,0.7630699934197622
2024-08-24,LASSO,5,-7.220716390846805,-7.499416474769521,0.2787000839227156
2024-08-25,LASSO,5,-7.355348084977686,-7.331855162071077,-0.02349292290660987
2024-08-26,LASSO,5,-9.250891127347398,-7.838953437472702,-1.411937689874696
2024-08-27,LASSO,5,-7.427050700993551,-7.879365351936276,0.45231465094272494
2024-08-28,LASSO,5,-7.578986184704846,-7.530852041931502,-0.04813414277334349
2024-08-29,LASSO,5,-7.813351757199836,-7.0929240040526365,-0.7204277531471996
2024-08-30,LASSO,5,-6.5034602127886165,-7.146489297131608,0.6430290843429916
2024-08-31,LASSO,5,-6.940360945467537,-7.356538846620622,0.41617790115308484
2024-09-01,LASSO,5,-6.522114937682515,-7.550643464735058,1.0285285270525435
2024-09-02,LASSO,5,-8.259113009436971,-8.042596159734275,-0.21651684970269613
2024-09-03,LASSO,5,-7.6986759889953715,-7.444037031396953,-0.25463895759841826
2024-09-04,LASSO,5,-7.142083192560166,-7.513196909735064,0.3711137171748975
2024-09-05,LASSO,5,-7.454039970224542,-7.495128940236735,0.04108897001219258
2024-09-06,LASSO,5,-6.9566648361472945,-7.087452651246659,0.13078781509936466
2024-09-07,LASSO,5,-7.375311173852939,-7.203975416954585,-0.17133575689835379
2024-09-08,LASSO,5,-7.641682246432809,-7.187885509633173,-0.45379673679963606
2024-09-09,LASSO,5,-8.772444578271369,-7.723222229885978,-1.049222348385391
2024-09-10,LASSO,5,-8.222190817885775,-7.491747826915514,-0.7304429909702606
2024-09-11,LASSO,5,-7.505284819602623,-7.332315133660414,-0.17296968594220896
2024-09-12,LASSO,5,-7.206662096750963,-7.39948920648892,0.1928271097379568
2024-09-13,LASSO,5,-7.000512980515621,-7.262497021176731,0.26198404066111003
2024-09-14,LASSO,5,-7.40385524870723,-7.4201638519272,0.016308603219970408
2024-09-15,LASSO,5,-7.62533614746632,-7.58019054676864,-0.04514560069767981
2024-09-16,LASSO,5,-9.118912980170885,-7.931916473946726,-1.1869965062241592
2024-09-17,LASSO,5,-8.210854186197356,-7.692590823779431,-0.5182633624179243
2024-09-18,LASSO,5,-7.594933488516639,-7.425904728677332,-0.16902875983930699
2024-09-19,LASSO,5,-7.695982377007085,-7.311717605707602,-0.3842647712994829
2024-09-20,LASSO,5,-7.912236774178686,-7.263686140581393,-0.648550633597293
2024-09-21,LASSO,5,-7.548593418115738,-7.428161109332557,-0.12043230878318134
2024-09-22,LASSO,5,-8.156771512470494,-7.601837510704027,-0.5549340017664663
2024-09-23,LASSO,5,-9.137411157807458,-8.061400971233901,-1.0760101865735567
2024-09-24,LASSO,5,-9.22010927366513,-7.6975526388133755,-1.522556634851755
2024-09-25,LASSO,5,-7.657672162115085,-7.4872178578936115,-0.17045430422147323
2024-09-26,LASSO,5,-7.16418081548918,-7.530047648564012,0.3658668330748318
2024-09-27,LASSO,5,-6.873239201215958,-7.572868753941193,0.6996295527252343
2024-09-28,LASSO,5,-7.372161845921349,-7.493801782620758,0.12163993669940876
2024-09-29,LASSO,5,-7.762377171311247,-7.787074560077426,0.024697388766178996
2024-09-30,LASSO,5,-9.410517858234718,-8.140714582435969,-1.2698032757987487
2024-10-01,LASSO,5,-8.859802514595454,-8.058888100705838,-0.8009144138896165
2024-10-02,LASSO,5,-7.354846982929903,-7.472849507933111,0.11800252500320774
2024-10-03,LASSO,5,-7.717832727168758,-7.284314213291359,-0.4335185138773987
2024-10-04,LASSO,5,-7.9430170498383745,-7.215627062704849,-0.7273899871335257
2024-10-05,LASSO,5,-7.587117550241822,-7.421810955591366,-0.16530659465045616
2024-10-06,LASSO,5,-7.8173580785041725,-7.6884613969051925,-0.12889668159898005
2024-10-07,LASSO,5,-8.746814229333626,-8.25348427865349,-0.4933299506801365
2024-10-08,LASSO,5,-8.44461347063351,-7.9498715959745425,-0.4947418746589669
2024-10-09,LASSO,5,-7.511216222523129,-7.435824285642504,-0.07539193688062529
2024-10-10,LASSO,5,-6.879154515339575,-7.581320389464076,0.7021658741245007
2024-10-11,LASSO,5,-7.561391084229369,-7.633867179564224,0.07247609533485555
2024-10-12,LASSO,5,-7.954807249048968,-7.5152862038058315,-0.4395210452431364
2024-10-13,LASSO,5,-7.899727601495052,-7.6566131615604105,-0.24311443993464188
2024-10-14,LASSO,5,-9.798785632524316,-7.968598421990393,-1.8301872105339232
2024-10-15,LASSO,5,-9.000277471682907,-7.795041015030359,-1.205236456652548
2024-10-16,LASSO,5,-7.724745468477852,-7.415111708735873,-0.3096337597419785
2024-10-17,LASSO,5,-7.774179791525233,-7.2413630679295595,-0.5328167235956736
2024-10-18,LASSO,5,-7.863362515397026,-7.51730229321599,-0.3460602221810358
2024-10-19,LASSO,5,-8.018551193752419,-7.6589594873808915,-0.3595917063715275
2024-10-20,LASSO,5,-6.898530866282754,-7.767412392403168,0.8688815261204139
2024-10-21,LASSO,5,-8.921658190779526,-8.402591559725385,-0.519066631054141
2024-10-22,LASSO,5,-9.079636360099444,-8.023417986748209,-1.0562183733512356
2024-10-23,LASSO,5,-7.784069601964099,-7.55821567810827,-0.22585392385582903
2024-10-24,LASSO,5,-7.368623299413477,-7.578770911146516,0.21014761173303942
2024-10-25,LASSO,5,-7.512997901045132,-7.622005078121329,0.10900717707619645
2024-10-26,LASSO,5,-7.671750079550882,-7.609353689839683,-0.062396389711198985
2024-10-27,LASSO,5,-6.998467037027406,-7.332163161555717,0.333696124528311
2024-10-28,LASSO,5,-8.813773417610177,-8.084523833858805,-0.7292495837513719
2024-10-29,LASSO,5,-7.784664629556363,-8.058677544336838,0.2740129147804753
2024-10-30,LASSO,5,-7.509206844606907,-7.554218118376932,0.045011273770025007
2024-10-31,LASSO,5,-7.320254941313007,-7.408116919842236,0.0878619785292285
2024-11-01,LASSO,5,-6.357178323463686,-7.473913727759136,1.1167354042954498
2024-11-02,LASSO,5,-7.505193457512192,-7.4841154951738424,-0.021077962338349465
2024-11-03,LASSO,5,-7.882091528500882,-7.347987902687669,-0.5341036258132128
2024-11-04,LASSO,5,-8.951124037321541,-7.946411030752392,-1.0047130065691494
2024-11-05,LASSO,5,-6.982350958300895,-7.550772499768974,0.5684215414680791
2024-11-06,LASSO,5,-6.610143513022823,-7.439740301146138,0.8295967881233146
2024-11-07,LASSO,5,-5.89742196217559,-7.320020824239381,1.4225988620637908
2024-11-08,LASSO,5,-5.970825445834223,-7.038159976759906,1.0673345309256828
2024-11-09,LASSO,5,-6.298780197423048,-7.475360273281708,1.1765800758586593
2024-11-10,LASSO,5,-6.69026855754187,-7.695050535584351,1.0047819780424811
2024-11-11,LASSO,5,-7.962925402749825,-7.9706910261821715,0.007765623432346658
2024-11-12,LASSO,5,-7.719913234094788,-7.223712311161806,-0.49620092293298246
2024-11-13,LASSO,5,-6.813641525214108,-7.041069137647548,0.22742761243343956
2024-11-14,LASSO,5,-7.123061515534054,-6.780748722662441,-0.3423127928716134
2024-11-15,LASSO,5,-7.349584827177568,-6.815174175387062,-0.5344106517905063
2024-11-16,LASSO,5,-6.9277588146226785,-6.951485834419957,0.023727019797278537
2024-11-17,LASSO,5,-7.639603303246092,-7.188893803449288,-0.45070949979680464
2024-11-18,LASSO,5,-8.458730870211758,-7.635837488049622,-0.8228933821621363
2024-11-19,LASSO,5,-7.906636805257383,-7.493390820576989,-0.413245984680394
2024-11-20,LASSO,5,-6.845783544407805,-7.17805322978601,0.332269685378205
2024-11-21,LASSO,5,-6.704121318827724,-7.302792968114249,0.5986716492865254
2024-11-22,LASSO,5,-7.421131408187987,-7.3638139102655185,-0.057317497922468874
2024-11-23,LASSO,5,-7.777480941685613,-7.255347583577344,-0.5221333581082686
2024-11-24,LASSO,5,-7.7915055329164575,-7.567661127783173,-0.22384440513328485
2024-11-25,LASSO,5,-8.944575839059315,-7.852156571671865,-1.0924192673874495
2024-11-26,LASSO,5,-8.526681786585359,-7.587859330407944,-0.938822456177415
2024-11-27,LASSO,5,-7.2277762188452845,-7.186494927705816,-0.04128129113946866
2024-11-28,LASSO,5,-7.477860175072574,-7.169524752711819,-0.30833542236075484
2024-11-29,LASSO,5,-7.352016227925319,-7.448396712228704,0.09638048430338486
2024-11-30,LASSO,5,-5.520755763032788,-7.602586444056587,2.0818306810237983
2024-12-01,LASSO,5,-7.056676956855624,-7.6723236290488765,0.615646672193253
2024-12-02,LASSO,5,-8.28612317218258,-8.081982009908074,-0.20414116227450485
2024-12-03,LASSO,5,-8.152794625419403,-7.853155161639737,-0.2996394637796662
2024-12-04,LASSO,5,-6.452164940538162,-7.381721539246484,0.9295565987083219
2024-12-05,LASSO,5,-6.668355412158304,-7.474479090138107,0.8061236779798033
2024-12-06,LASSO,5,-7.380414836630238,-7.316571070189357,-0.06384376644088086
2024-12-07,LASSO,5,-7.347004798406336,-6.710734047816256,-0.6362707505900795
2024-12-08,LASSO,5,-7.800269430130499,-7.360934634889301,-0.4393347952411979
2024-12-09,LASSO,5,-8.329129180116265,-7.811680380560547,-0.5174487995557184
2024-12-10,LASSO,5,-7.954173621957407,-7.675453566751673,-0.27872005520573406
2024-12-11,LASSO,5,-7.167863912303163,-7.044693150840297,-0.1231707614628661
2024-12-12,LASSO,5,-7.46114260237137,-7.157965121788148,-0.3031774805832219
2024-12-13,LASSO,5,-6.653480385951037,-7.4249519429010435,0.7714715569500061
2024-12-14,LASSO,5,-6.215955295754829,-7.431821484964695,1.2158661892098666
2024-12-15,LASSO,5,-6.2286006577328035,-7.6226731920833615,1.394072534350558
2024-12-16,LASSO,5,-7.472773492215739,-7.799922483278366,0.32714899106262685
2024-12-17,LASSO,5,-7.349660055218582,-7.619031563864883,0.26937150864630155
2024-12-18,LASSO,5,-6.8404400613287955,-7.338889622744763,0.49844956141596786
2024-12-19,LASSO,5,-7.374187208078972,-7.409806469732587,0.03561926165361484
2024-12-20,LASSO,5,-7.715762789103233,-7.082230705682935,-0.633532083420298
2024-12-21,LASSO,5,-7.307697534873444,-6.905980304592076,-0.40171723028136874
2024-12-22,LASSO,5,-7.106588924470662,-6.943813876656254,-0.16277504781440832
2024-12-23,LASSO,5,-8.634132442724063,-7.412484275566173,-1.2216481671578903
2024-12-24,LASSO,5,-8.326756050975344,-7.342812379448295,-0.9839436715270491
2024-12-25,LASSO,5,-7.3543943334481,-7.176229448737165,-0.1781648847109354
2024-12-26,LASSO,5,-7.276893060792656,-7.375383324020322,0.0984902632276663
2024-12-27,LASSO,5,-8.238782332690736,-7.482397692019506,-0.7563846406712296
2024-12-28,LASSO,5,-7.367896287600902,-7.329733254373014,-0.038163033227887944
2024-12-29,LASSO,5,-8.097617541330267,-7.328208612087241,-0.769408929243026
2024-12-30,LASSO,5,-9.19804542909942,-7.881988395470845,-1.3160570336285744
2024-12-31,LASSO,5,-8.787325094170878,-7.722100759896815,-1.0652243342740633
2025-01-01,LASSO,5,-7.415021751205516,-7.352729131199441,-0.06229262000607516
2025-01-02,LASSO,5,-7.590481289361926,-7.367332263569683,-0.22314902579224327
2025-01-03,LASSO,5,-6.90681582272137,-7.684971910574496,0.7781560878531257
2025-01-04,LASSO,5,-6.968115739055578,-7.4078821924490645,0.43976645339348686
2025-01-05,LASSO,5,-6.709305206835529,-7.73911979541016,1.0298145885746308
2025-01-06,LASSO,5,-8.995729032967116,-8.133322009437506,-0.8624070235296095
2025-01-07,LASSO,5,-8.852150045924287,-7.910956550443032,-0.9411934954812544
2025-01-08,LASSO,5,-6.553319507908563,-7.402755388730235,0.8494358808216713
2025-01-09,LASSO,5,-7.303486208762694,-7.430857221180684,0.12737101241799031
2025-01-10,LASSO,5,-7.312096925574036,-7.169989010657686,-0.14210791491635
2025-01-11,LASSO,5,-7.391486709026281,-7.164644844151086,-0.22684186487519487
2025-01-12,LASSO,5,-7.511145310148465,-7.163050790248614,-0.34809451989985085
2025-01-13,LASSO,5,-7.438401020768668,-8.036548631891836,0.598147611123168
2025-01-14,LASSO,5,-6.148112404271952,-7.879752484521166,1.731640080249214
2025-01-15,LASSO,5,-5.214773987217453,-7.037702031373027,1.8229280441555744
2025-01-16,LASSO,5,-6.34915971482197,-7.319129350069942,0.9699696352479723
2025-01-17,LASSO,5,-7.594519813201731,-7.3213225657653425,-0.2731972474363884
2025-01-18,LASSO,5,-5.989812005402478,-7.368176375155506,1.3783643697530277
2025-01-19,LASSO,5,-7.355564283258395,-7.412012755099342,0.056448471840947256
2025-01-20,LASSO,5,-8.788612678268954,-7.32850541979359,-1.4601072584753645
2025-01-21,LASSO,5,-8.623226788453762,-6.793345954377051,-1.829880834076711
2025-01-22,LASSO,5,-6.548166225847454,-6.497132641694424,-0.05103358415302939
2025-01-23,LASSO,5,-7.335119722465245,-6.9889686185625015,-0.3461511039027432
2025-01-24,LASSO,5,-7.350021545427285,-7.392886218618996,0.042864673191711056
2025-01-25,LASSO,5,-7.86523565131056,-6.861158033335421,-1.0040776179751392
2025-01-26,LASSO,5,-7.64515655585875,-7.439292557086845,-0.2058639987719051
2025-01-27,LASSO,5,-8.395509658549456,-7.982629405919351,-0.41288025263010475
2025-01-28,LASSO,5,-7.035755186208709,-7.827765341871375,0.7920101556626662
2025-01-29,LASSO,5,-5.95199845728886,-7.065104140479379,1.1131056831905193
2025-01-30,LASSO,5,-6.579587906443687,-7.3681282752046116,0.7885403687609243
2025-01-31,LASSO,5,-7.222214210843608,-7.3965272851448765,0.17431307430126886
2025-02-01,LASSO,5,-7.456911400328808,-7.578686172171812,0.121774771843004
2025-02-02,LASSO,5,-7.097257483150888,-7.529356231172471,0.4320987480215832
2025-02-03,LASSO,5,-8.810076811866075,-7.748997460107149,-1.0610793517589263
2025-02-04,LASSO,5,-8.10773415201615,-7.178956975674348,-0.9287771763418018
2025-02-05,LASSO,5,-7.786812840962016,-6.793783561993584,-0.9930292789684323
2025-02-06,LASSO,5,-8.095685364957285,-7.080011341842824,-1.0156740231144612
2025-02-07,LASSO,5,-6.962691557561749,-7.330350343875723,0.36765878631397353
2025-02-08,LASSO,5,-7.850939573833918,-7.43144838017141,-0.4194911936625072
2025-02-09,LASSO,5,-7.6048640411791055,-7.372464427025858,-0.2323996141532474
2025-02-10,LASSO,5,-9.31204237724052,-8.004519718531059,-1.3075226587094608
2025-02-11,LASSO,5,-9.354075786569943,-7.721755670873281,-1.632320115696662
2025-02-12,LASSO,5,-8.328308753403542,-7.6124753201730035,-0.7158334332305385
2025-02-13,LASSO,5,-7.735386570485104,-7.675534283941134,-0.059852286543970123
2025-02-14,LASSO,5,-8.074161026658576,-7.277171519015356,-0.7969895076432199
2025-02-15,LASSO,5,-8.388064413225592,-7.614029949326811,-0.774034463898781
2025-02-16,LASSO,5,-7.422492670788367,-7.607096143026232,0.18460347223786489
2025-02-17,LASSO,5,-9.351071668633756,-8.266451308308,-1.084620360325756
2025-02-18,LASSO,5,-9.327182940847992,-8.235133494067442,-1.0920494467805497
2025-02-19,LASSO,5,-7.366790273234517,-7.812667334269293,0.44587706103477664
2025-02-20,LASSO,5,-6.241011939761488,-7.600030935322092,1.3590189955606045
2025-02-21,LASSO,5,-6.08442226100039,-7.7362599071215135,1.6518376461211233
2025-02-22,LASSO,5,-6.878853344044446,-7.845255056252854,0.9664017122084081
2025-02-23,LASSO,5,-5.588570041559089,-7.556304402034313,1.967734360475224
2025-02-24,LASSO,5,-7.482186017843935,-8.307450042884476,0.825264025040541
2025-02-25,LASSO,5,-6.026685262486463,-8.212550812815655,2.1858655503291917
2025-02-26,LASSO,5,-6.005721130764149,-7.397407668173217,1.3916865374090674
2025-02-27,LASSO,5,-5.832575425345344,-6.945135790383938,1.1125603650385942
2025-02-28,LASSO,5,-6.528431978871631,-6.92417320103252,0.3957412221608889
2025-03-01,LASSO,5,-6.412729998936713,-7.170679387932368,0.7579493889956552
2025-03-02,LASSO,5,-5.651155219226064,-6.7541493309684,1.102994111742336
2025-03-03,LASSO,5,-7.82002049036847,-7.411651589680716,-0.408368900687754
2025-03-04,LASSO,5,-7.116223896566312,-6.854006589601695,-0.262217306964617
2025-03-05,LASSO,5,-5.949376876735946,-6.838636712006822,0.8892598352708756
2025-03-06,LASSO,5,-6.2051256349718855,-6.810360304843204,0.6052346698713187
2025-03-07,LASSO,5,-6.9226794457074154,-7.061530191547178,0.13885074583976298
2025-03-08,LASSO,5,-7.250092425539886,-6.980264695825295,-0.26982772971459124
2025-03-09,LASSO,5,-7.447118934719969,-6.771281392996718,-0.6758375417232507
2025-03-10,LASSO,5,-8.898459551988159,-7.575516702141287,-1.3229428498468723
2025-03-11,LASSO,5,-7.329432996679352,-7.256417197285534,-0.07301579939381853
2025-03-12,LASSO,5,-7.67080326390782,-6.818619806106892,-0.852183457800928
2025-03-13,LASSO,5,-7.616041619926752,-6.94680447318365,-0.669237146743102
2025-03-14,LASSO,5,-7.472221310413124,-7.23455951415219,-0.23766179626093376
2025-03-15,LASSO,5,-7.439639310421675,-7.38663801549782,-0.0530012949238543
2025-03-16,LASSO,5,-7.976296204139535,-7.517504276847337,-0.4587919272921983
2025-03-17,LASSO,5,-9.81200323221424,-8.015444164926684,-1.7965590672875553
2025-03-18,LASSO,5,-8.77472856117907,-7.429045476733826,-1.3456830844452448
2025-03-19,LASSO,5,-7.738805643991428,-7.557414083386365,-0.18139156060506334
2025-03-20,LASSO,5,-7.907900185694711,-7.536740014393644,-0.37116017130106727
2025-03-21,LASSO,5,-7.926440425992742,-7.480413212728568,-0.44602721326417427
2025-03-22,LASSO,5,-8.15773669999174,-7.500590166637456,-0.6571465333542834
2025-03-23,LASSO,5,-7.842789124023152,-7.773286331654955,-0.06950279236819767
2025-03-24,LASSO,5,-8.003994184702773,-8.449248343332169,0.4452541586293961
2025-03-25,LASSO,5,-8.165887428032145,-8.006467753021074,-0.1594196750110708
2025-03-26,LASSO,5,-7.254418259891095,-7.608300120021293,0.3538818601301985
2025-03-27,LASSO,5,-7.756757128271761,-7.67629383178337,-0.08046329648839023
2025-03-28,LASSO,5,-6.587482790091052,-7.6854306079219565,1.0979478178309048
2025-03-29,LASSO,5,-7.252194880144823,-7.7599605183194384,0.5077656381746154
2025-03-30,LASSO,5,-6.63516370951007,-7.6373076812876635,1.0021439717775937
2025-03-31,LASSO,5,-8.681969956851141,-7.7099594574949375,-0.9720104993562035
2025-04-01,LASSO,5,-7.188412492677708,-7.741099383021355,0.5526868903436473
2025-04-02,LASSO,5,-5.629049006791348,-7.402808495028026,1.7737594882366778
2025-04-03,LASSO,5,-6.933967406336497,-7.563158807906156,0.6291914015696589
2025-04-04,LASSO,5,-5.92065466170989,-7.135222832735758,1.214568171025868
2025-04-05,LASSO,5,-7.031037787314499,-7.360271207118619,0.3292334198041198
2025-04-06,LASSO,5,-7.032090018849573,-7.178854696726913,0.14676467787734016
2025-04-07,LASSO,5,-7.79990038655869,-7.932017630479152,0.13211724392046165
2025-04-08,LASSO,5,-7.287263687197286,-7.2953342199959765,0.008070532798690522
2025-04-09,LASSO,5,-7.167014962280521,-6.7294805629084085,-0.4375343993721126
2025-04-10,LASSO,5,-7.777788884630375,-7.191991705037847,-0.5857971795925287
2025-04-11,LASSO,5,-7.413189676387737,-6.813397085762354,-0.5997925906253831
2025-04-12,LASSO,5,-8.268721841318316,-7.270912777357243,-0.997809063961073
2025-04-13,LASSO,5,-9.681279444888752,-7.277900046774427,-2.4033793981143248
2025-04-14,LASSO,5,-9.171548905690758,-7.564884831069022,-1.6066640746217358
2025-04-15,LASSO,5,-9.01552740253416,-7.361658996611967,-1.653868405922192
2025-04-16,LASSO,5,-7.457356285992482,-7.335511312814068,-0.1218449731784137
2025-04-17,LASSO,5,-6.979201722253075,-7.557568657261505,0.5783669350084297
2025-04-18,LASSO,5,-7.403345870725576,-7.449177422450677,0.045831551725100894
2025-04-19,LASSO,5,-8.021045389721651,-7.868170399467911,-0.15287499025374007
2025-04-20,LASSO,5,-7.797960553044787,-8.396150340754595,0.5981897877098081
2025-04-21,LASSO,5,-8.912576429259436,-8.19258133730169,-0.7199950919577471
2025-04-22,LASSO,5,-8.579169330655771,-8.0741325678126,-0.5050367628431722
2025-04-23,LASSO,5,-7.92097208375074,-7.45180679474843,-0.46916528900230947
2025-04-24,LASSO,5,-8.087519781534887,-7.266209587739723,-0.8213101937951643
2025-04-25,LASSO,5,-8.023455793775357,-7.455994909695812,-0.5674608840795452
2025-04-26,LASSO,5,-8.09456339337235,-7.729278107249978,-0.365285286122373
2025-04-27,LASSO,5,-8.294066343106515,-7.689414626765389,-0.6046517163411256
2025-04-28,LASSO,5,-9.46541060137628,-8.110228577166932,-1.3551820242093484
2025-04-29,LASSO,5,-8.596552100361416,-7.954585544595666,-0.6419665557657499
2025-04-30,LASSO,5,-8.166003817373237,-7.7048972614296725,-0.461106555943565
2025-05-01,LASSO,5,-8.013724640481898,-7.766415425404025,-0.2473092150778733
2025-05-02,LASSO,5,-7.894201229610753,-7.7458707981036605,-0.1483304315070928
2025-05-03,LASSO,5,-7.474703553304063,-7.817057399667775,0.3423538463637117
2025-05-04,LASSO,5,-7.7544076279684,-7.946536460047187,0.19212883207878662
2025-05-05,LASSO,5,-8.51169203750711,-8.371676803065792,-0.14001523444131792
2025-05-06,LASSO,5,-7.894756830708296,-8.011958149535255,0.11720131882695917
2025-05-07,LASSO,5,-7.171315375183232,-7.836322885922004,0.6650075107387723
2025-05-08,LASSO,5,-7.898122089143746,-7.770009062495808,-0.128113026647938
2025-05-09,LASSO,5,-8.318310440418038,-7.70554506438305,-0.6127653760349885
2025-05-10,LASSO,5,-7.7147571999584414,-7.596430978250015,-0.11832622170842644
2025-05-11,LASSO,5,-8.244800643227538,-7.73529971939287,-0.5095009238346684
2025-05-12,LASSO,5,-8.88548365814237,-8.009531504017424,-0.8759521541249455
2025-05-13,LASSO,5,-7.9130966647344225,-7.739382458906987,-0.17371420582743546
2025-05-14,LASSO,5,-7.475391981698435,-7.482532938567955,0.00714095686952021
2025-05-15,LASSO,5,-7.413492676031776,-7.784459376717944,0.3709667006861679
2025-05-16,LASSO,5,-6.9048202411259405,-7.92673934978632,1.0219191086603798
2025-05-17,LASSO,5,-7.5998782354004675,-7.712668568401567,0.11279033300109909
2025-05-18,LASSO,5,-7.443883442529285,-7.94810414484303,0.504220702313745
2025-05-19,LASSO,5,-8.225636513265073,-8.162718231015448,-0.06291828224962437
2025-05-20,LASSO,5,-8.196992018610825,-7.760356217771653,-0.43663580083917175
2025-05-21,LASSO,5,-8.288440304342084,-7.584661304565607,-0.7037789997764765
2025-05-22,LASSO,5,-7.940076582517803,-7.539658955387322,-0.4004176271304809
2025-05-23,LASSO,5,-8.336031186903472,-7.366205214835897,-0.969825972067575
2025-05-24,LASSO,5,-7.769467517478563,-7.639391043049981,-0.1300764744285816
2025-05-25,LASSO,5,-7.728674501465333,-7.609253068393905,-0.1194214330714285
2025-05-26,LASSO,5,-8.421598154519437,-7.9160792290485595,-0.5055189254708772
2025-05-27,LASSO,5,-8.743472246073782,-7.908458021935404,-0.8350142241383782
2025-05-28,LASSO,5,-8.184430028615092,-7.9305290606561485,-0.253900967958943
2025-05-29,LASSO,5,-8.331213911925008,-7.809151985218767,-0.5220619267062414
2025-05-30,LASSO,5,-8.71279939743139,-7.942443111086213,-0.7703562863451765
2025-05-31,LASSO,5,-7.51988335958094,-7.721624435429436,0.20174107584849565
2025-06-01,LASSO,5,-8.345664194572562,-7.733017083697738,-0.6126471108748239
2025-06-02,LASSO,5,-9.05218826005398,-8.019025734570038,-1.0331625254839416
2025-06-03,LASSO,5,-9.384555576107418,-8.123782542699896,-1.2607730334075224
2025-06-04,LASSO,5,-7.968985833169205,-7.909153314595902,-0.05983251857330263
2025-06-05,LASSO,5,-8.125005944838898,-7.982167657638699,-0.14283828720019986
2025-06-06,LASSO,5,-8.19082610478049,-8.085333700493466,-0.10549240428702333
2025-06-07,LASSO,5,-7.927023759209108,-7.655111196415311,-0.27191256279379683
2025-06-08,LASSO,5,-7.443188684929166,-8.009713390262036,0.5665247053328697
2025-06-09,LASSO,5,-9.05726972859608,-8.302506510664575,-0.7547632179315045
2025-06-10,LASSO,5,-8.953471985164441,-8.379021511895376,-0.5744504732690654
2025-06-11,LASSO,5,-8.110641264350848,-7.824402825445825,-0.28623843890502343
2025-06-12,LASSO,5,-7.806286485181062,-7.8887646111033884,0.08247812592232684
2025-06-13,LASSO,5,-7.866192379807445,-7.904560982032832,0.03836860222538707
2025-06-14,LASSO,5,-8.633468871743753,-7.799433187483318,-0.8340356842604351
2025-06-15,LASSO,5,-7.900331132706684,-7.645018613973658,-0.2553125187330263
2025-06-16,LASSO,5,-7.967196587131996,-8.278802690025545,0.31160610289354906
2025-06-17,LASSO,5,-7.027680658640498,-8.218957917414537,1.191277258774039
2025-06-18,LASSO,5,-7.236497370232764,-7.8799561144849335,0.6434587442521691
2025-06-19,LASSO,5,-8.149886293035856,-7.761354610953393,-0.3885316820824629
2025-06-20,LASSO,5,-8.176305065875129,-7.802203782003257,-0.37410128387187136
2025-06-21,LASSO,5,-8.376095118293176,-8.087234312775905,-0.28886080551727034
2025-06-22,LASSO,5,-8.542770722531861,-7.8011643034303155,-0.7416064191015455
2025-06-23,LASSO,5,-10.649971722513076,-7.806298374648796,-2.8436733478642795
2025-06-24,LASSO,5,-9.316586495538738,-7.442464136272773,-1.8741223592659653
2025-06-25,LASSO,5,-8.62277199796468,-7.544879037279707,-1.0778929606849728
2025-06-26,LASSO,5,-8.642591743070529,-7.903746463585062,-0.7388452794854672
2025-06-27,LASSO,5,-8.308439939764494,-7.918594778120486,-0.38984516164400773
2025-06-28,LASSO,5,-8.29396771419438,-8.00825177625398,-0.2857159379404006
2025-06-29,LASSO,5,-8.898524051817713,-8.116196853411216,-0.782327198406497
2025-06-30,LASSO,5,-9.987284347496226,-8.913179365463272,-1.0741049820329547
2025-07-01,LASSO,5,-9.36677210235694,-8.377664388806863,-0.9891077135500765
2025-07-02,LASSO,5,-8.713378263033814,-8.106743186548872,-0.6066350764849417
2025-07-03,LASSO,5,-8.902586131499698,-8.107712423407191,-0.7948737080925063
2025-07-04,LASSO,5,-8.29417874240117,-7.976745147714359,-0.3174335946868112
2025-07-05,LASSO,5,-7.209350045659884,-7.994362741468585,0.7850126958087014
2025-07-06,LASSO,5,-7.867944834377488,-8.255619753741081,0.3876749193635938
2025-07-07,LASSO,5,-9.356431837546369,-8.670013115065997,-0.6864187224803722
2025-07-08,LASSO,5,-8.773942349578554,-8.411949233099323,-0.3619931164792316
2025-07-09,LASSO,5,-7.481016702523509,-8.159278986852177,0.6782622843286683
2025-07-10,LASSO,5,-7.254884046098786,-8.22041223141426,0.965528185315474
2025-07-11,LASSO,5,-7.906106583346014,-7.957727222791201,0.051620639445187244
2025-07-12,LASSO,5,-7.750043741635851,-7.548222852285886,-0.2018208893499649
2025-07-13,LASSO,5,-7.925867888823022,-7.83172113956355,-0.09414674925947164
2025-07-14,LASSO,5,-9.191851708958271,-8.403528063738177,-0.7883236452200943
2025-07-15,LASSO,5,-8.749889889500176,-8.153201414667464,-0.5966884748327121
2025-07-16,LASSO,5,-8.062198643566044,-7.643734238940309,-0.41846440462573486
2025-07-17,LASSO,5,-7.740429316317312,-7.5666925619921,-0.17373675432521196
2025-07-18,LASSO,5,-8.047332828013449,-7.8185868897614,-0.22874593825204848
2025-07-19,LASSO,5,-8.253076728769177,-7.767914474454789,-0.4851622543143872
2025-07-20,LASSO,5,-7.605517370811197,-7.850587659096999,0.24507028828580246
2025-07-21,LASSO,5,-9.606954095499765,-8.339813124470478,-1.2671409710292867
2025-07-22,LASSO,5,-8.981033746649764,-8.15967957586713,-0.8213541707826337
2025-07-23,LASSO,5,-8.30508496766559,-7.887694880721897,-0.4173900869436924
2025-07-24,LASSO,5,-8.268215689597376,-7.765509568227611,-0.5027061213697648
2025-07-25,LASSO,5,-8.393240576178409,-7.887580687893171,-0.5056598882852379
2025-07-26,LASSO,5,-8.520230588607557,-7.967939076970594,-0.5522915116369633
2025-07-27,LASSO,5,-7.533737412187012,-7.733336420679081,0.19959900849206935
2025-07-28,LASSO,5,-8.568970525996992,-8.509703854020593,-0.05926667197639901
2025-07-29,LASSO,5,-9.01457508878402,-8.258867769494989,-0.7557073192890318
2025-07-30,LASSO,5,-8.64759502280641,-7.9943744463626,-0.6532205764438102
2025-07-31,LASSO,5,-8.327990264931364,-7.981119265506581,-0.34687099942478294
2025-08-01,LASSO,5,-8.51421068372607,-8.031148660818282,-0.483062022907788
2025-08-02,LASSO,5,-8.532403748070708,-8.076760198360697,-0.4556435497100111
2025-08-03,LASSO,5,-8.651182815348951,-7.695650766937494,-0.9555320484114578
2025-08-04,LASSO,5,-9.32597851139552,-8.10772539823469,-1.2182531131608307
2025-08-05,LASSO,5,-8.441043602227696,-8.28067191427383,-0.16037168795386592
2025-08-06,LASSO,5,-7.811382584426513,-8.13331501797183,0.3219324335453173
2025-08-07,LASSO,5,-8.297044334912817,-8.008661223895396,-0.28838311101742065
2025-08-08,LASSO,5,-7.759195959681331,-8.082295434558963,0.32309947487763235
2025-08-09,LASSO,5,-6.9615054586384755,-8.095106366326256,1.1336009076877804
2025-08-10,LASSO,5,-8.400633017404333,-8.147984286339302,-0.2526487310650314
2025-08-11,LASSO,5,-9.797853695149604,-8.40663314998978,-1.3912205451598236
2025-08-12,LASSO,5,-9.5559821565806,-8.051596121625103,-1.5043860349554965
2025-08-13,LASSO,5,-8.156814886452334,-7.8072378405563745,-0.34957704589595995
2025-08-14,LASSO,5,-8.142712241205171,-7.99426831985952,-0.14844392134565076
2025-08-15,LASSO,5,-8.113278831395304,-7.774810431614393,-0.33846839978091126
2025-08-16,LASSO,5,-8.175195141952578,-7.47298864520994,-0.7022064967426385
2025-08-17,LASSO,5,-7.391375071440983,-8.05486246690929,0.6634873954683069
2025-08-18,LASSO,5,-9.155666824013634,-8.610496643109581,-0.5451701809040532
2025-08-19,LASSO,5,-7.722034948084426,-8.505930844134609,0.7838958960501827
2025-08-20,LASSO,5,-7.330218334497994,-7.9480319614622115,0.6178136269642174
2025-08-21,LASSO,5,-7.622910020795579,-7.942238377573763,0.3193283567781844
2025-08-22,LASSO,5,-8.082710716050025,-7.930864012281092,-0.15184670376893283
2025-08-23,LASSO,5,-8.403842583904545,-7.949156744048466,-0.45468583985607935
2025-08-24,LASSO,5,-8.0046493464786,-7.6517661886036334,-0.3528831578749658
2025-08-25,LASSO,5,-9.133680845548108,-8.338636607794001,-0.7950442377541069
2025-08-26,LASSO,5,-9.177958657568531,-7.7697760035834715,-1.40818265398506
2025-08-27,LASSO,5,-7.953683190386181,-7.6170578222219065,-0.3366253681642748
2025-08-28,LASSO,5,-7.872158994764496,-7.735812836470203,-0.13634615829429375
2025-08-29,LASSO,5,-8.182388144667684,-7.919606555700341,-0.2627815889673428
2025-08-30,LASSO,5,-8.292311256544016,-8.048225189338414,-0.24408606720560222
2025-08-31,LASSO,5,-8.049751286620033,-7.895225865176387,-0.15452542144364578
2025-09-01,LASSO,5,-9.772848916168195,-8.34319933162261,-1.4296495845455848
2025-09-02,LASSO,5,-9.53452627568605,-8.354993434219512,-1.1795328414665374
2025-09-03,LASSO,5,-8.677120971758,-7.869071542427667,-0.8080494293303335
2025-09-04,LASSO,5,-8.403115304394708,-7.838200819633328,-0.5649144847613803
2025-09-05,LASSO,5,-8.21218014894868,-7.96175295547079,-0.250427193477889
2025-09-06,LASSO,5,-8.499654294702792,-8.012668109636271,-0.48698618506652025
2025-09-07,LASSO,5,-8.617547509904476,-7.92786531564921,-0.6896821942552664
2025-09-08,LASSO,5,-9.831130650802836,-8.613649405845617,-1.2174812449572183
2025-09-09,LASSO,5,-9.54978554808957,-8.512614116794055,-1.0371714312955156
2025-09-10,LASSO,5,-8.439814402280856,-8.16864438906486,-0.2711700132159951
2025-09-11,LASSO,5,-8.792523838198322,-8.058002157129792,-0.7345216810685304
2025-09-12,LASSO,5,-8.101310617641094,-7.983824181064083,-0.11748643657701052
2025-09-13,LASSO,5,-8.766447689945338,-8.109221454324711,-0.6572262356206267
2025-09-14,LASSO,5,-9.267364905921823,-8.164314157670352,-1.103050748251471
2025-09-15,LASSO,5,-10.6050280488101,-8.651303522365843,-1.9537245264442564
2025-09-16,LASSO,5,-10.133520913612236,-8.53103273350567,-1.6024881801065654
2025-09-17,LASSO,5,-7.891930026244774,-8.086219370420977,0.19428934417620347
2025-09-18,LASSO,5,-8.692216418426757,-8.223932361246781,-0.4682840571799751
2025-09-19,LASSO,5,-8.715111261187413,-7.949727961359775,-0.7653832998276382
2025-09-20,LASSO,5,-7.797766269227527,-8.235765349850846,0.43799908062331916
2025-09-21,LASSO,5,-8.199318457410062,-8.448561756076142,0.2492432986660802
2025-09-22,LASSO,5,-10.290127372923022,-8.987887768277432,-1.3022396046455906
2025-09-23,LASSO,5,-9.254128583110203,-8.780555833294935,-0.4735727498152684
2025-09-24,LASSO,5,-8.541521038784206,-7.876852187913925,-0.6646688508702807
2025-09-25,LASSO,5,-8.603434629923894,-8.201697933056021,-0.4017366968678733
2025-09-26,LASSO,5,-8.240112062129832,-8.204423127901276,-0.035688934228556235
2025-09-27,LASSO,5,-8.296715658902626,-7.837854668875502,-0.4588609900271239
2025-09-28,LASSO,5,-7.823921809963694,-8.010410620773566,0.18648881080987234
2025-09-29,LASSO,5,-9.45214532988536,-8.85852355174953,-0.5936217781358302
2025-09-30,LASSO,5,-7.695218782358524,-8.433104615015353,0.7378858326568283
2025-10-01,LASSO,5,-8.01510033381816,-8.142813629226314,0.1277132954081548
2025-10-02,LASSO,5,-7.842639336975692,-8.166523255268295,0.3238839182926032
2025-10-03,LASSO,5,-8.002081163490216,-8.018624297986829,0.016543134496613376
2025-10-04,LASSO,5,-8.012382804006961,-8.037443098466818,0.025060294459857246
2025-10-05,LASSO,5,-4.587612791666304,-7.851389706206122,3.263776914539818
2025-10-06,LASSO,5,-7.115722376608375,-8.508327942738456,1.3926055661300811
2025-10-07,LASSO,5,-7.1264281234111495,-7.792831022080976,0.6664028986698263
2025-10-08,LASSO,5,-7.601098600323596,-7.922620102819983,0.32152150249638733
2025-10-09,LASSO,5,-7.344241412122854,-7.852925241484581,0.5086838293617264
2025-10-10,LASSO,5,-7.591723650096573,-7.91802238142297,0.3262987313263972
2025-10-11,LASSO,5,-6.905012356907999,-7.914132474027423,1.0091201171194237
2025-10-12,LASSO,5,-7.053262415309131,-6.520546663636593,-0.532715751672538
2025-10-13,LASSO,5,-8.645181515778779,-7.549685312901077,-1.095496202877702
2025-10-14,LASSO,5,-7.946925952270387,-7.554148648262655,-0.3927773040077325
2025-10-15,LASSO,5,-7.702435877483535,-7.747319308255284,0.0448834307717485
2025-10-16,LASSO,5,-6.814365684609184,-7.642813436284809,0.8284477516756246
2025-10-17,LASSO,5,-7.329678651800407,-7.743405569956113,0.4137269181557057
2025-10-18,LASSO,5,-7.503043703626393,-7.462629319454679,-0.04041438417171328
2025-10-19,LASSO,5,-8.016664491858316,-7.531054593413848,-0.48560989844446834
2025-10-20,LASSO,5,-9.436012357444428,-8.16297296192526,-1.2730393955191683
2025-10-21,LASSO,5,-8.127811371886041,-7.882614440208088,-0.24519693167795342
2025-10-22,LASSO,5,-8.31020361926275,-7.779810459477048,-0.530393159785703
2025-10-23,LASSO,5,-7.874738990868753,-7.428014607821903,-0.4467243830468499
2025-10-24,LASSO,5,-7.054000148404952,-7.6348784858166185,0.5808783374116668
2025-10-25,LASSO,5,-7.043093926149241,-7.710468734592852,0.6673748084436113
2025-10-26,LASSO,5,-7.299625987456839,-7.924873955664442,0.6252479682076029
2025-10-27,LASSO,5,-9.102269176611976,-8.490619473337727,-0.6116497032742494
2025-10-28,LASSO,5,-8.604699637140742,-7.9639437308895005,-0.6407559062512416
2025-10-29,LASSO,5,-7.27163389114966,-8.035277350744936,0.7636434595952757
2025-10-30,LASSO,5,-6.542526955726167,-7.8554540781208235,1.3129271223946564
2025-10-31,LASSO,5,-7.130332009579842,-7.524387480431412,0.39405547085157
2025-11-01,LASSO,5,-7.168157359718235,-7.5159298581318525,0.3477724984136179
2025-11-02,LASSO,5,-7.037002738488869,-7.629227705311146,0.5922249668222763
2025-11-03,LASSO,5,-8.218470766094887,-8.357112072190407,0.13864130609552028
2025-11-04,LASSO,5,-7.88633221123335,-8.148576070887922,0.2622438596545713
2025-11-05,LASSO,5,-7.707023434157362,-7.6046130490238495,-0.10241038513351253
2025-11-06,LASSO,5,-7.4421296812380255,-7.3122131632536,-0.12991651798442572
2025-11-07,LASSO,5,-7.572570868483227,-7.550598695347648,-0.02197217313557953
2025-11-08,LASSO,5,-7.0002820840938105,-7.575941917248722,0.5756598331549112
2025-11-09,LASSO,5,-6.384560789541653,-7.5232284615942655,1.1386676720526125
2025-11-10,LASSO,5,-7.714310407924918,-8.007704169208527,0.2933937612836086
2025-11-11,LASSO,5,-7.175102452523699,-7.871252145682543,0.6961496931588433
2025-11-12,LASSO,5,-6.993087708054424,-7.797430105958419,0.8043423979039952
2025-11-13,LASSO,5,-6.75464809359329,-7.6888593511541385,0.9342112575608486
2025-11-14,LASSO,5,-6.988105858772633,-7.741848550611056,0.7537426918384238
2025-11-15,LASSO,5,-6.842480066767818,-7.487316333868371,0.644836267100553
2025-11-16,LASSO,5,-5.7867108645783665,-7.225345429293245,1.4386345647148788
2025-11-17,LASSO,5,-7.555518494073084,-7.791113924663651,0.23559543059056676
2025-11-18,LASSO,5,-7.596708359678786,-7.561697146195231,-0.03501121348355518
2025-11-19,LASSO,5,-6.969901638005364,-7.484255343099386,0.5143537050940221
2025-11-20,LASSO,5,-7.231650335428167,-7.382806453740507,0.15115611831233977
2025-11-21,LASSO,5,-7.364305501511629,-7.482135715965559,0.11783021445392983
2025-11-22,LASSO,5,-7.879568199495125,-7.41390855753803,-0.4656596419570951
2025-11-23,LASSO,5,-7.694293783175389,-6.962662641921403,-0.7316311412539855
2025-11-24,LASSO,5,-8.832361523993656,-7.718668042217019,-1.1136934817766369
2025-11-25,LASSO,5,-8.56370363864505,-7.736272987105377,-0.8274306515396734
2025-11-26,LASSO,5,-6.7205038180139995,-7.46836976313406,0.7478659451200604
2025-11-27,LASSO,5,-7.166694063037643,-7.580243674955952,0.41354961191830863
2025-11-28,LASSO,5,-6.799725179739331,-7.636941769346724,0.8372165896073929
2025-11-29,LASSO,5,-7.278058894103278,-7.855642713033443,0.5775838189301652
2025-11-30,LASSO,5,-7.384608832790334,-7.7769157240719125,0.3923068912815788
2025-12-01,LASSO,5,-8.780922005770533,-8.260504598610604,-0.520417407159929
2025-12-02,LASSO,5,-7.414740413919735,-8.146346223188885,0.7316058092691504
2025-12-03,LASSO,5,-7.457035504573326,-7.363131925094462,-0.09390357947886407
2025-12-04,LASSO,5,-7.256857420158548,-7.552727527080322,0.2958701069217735
2025-12-05,LASSO,5,-7.058992929899828,-7.396794744786223,0.3378018148863946
2025-12-06,LASSO,5,-7.347794785273569,-7.594409417141157,0.2466146318675877
2025-12-07,LASSO,5,-7.561466219241837,-7.639311563733732,0.07784534449189451
2025-12-08,LASSO,5,-9.696511840594232,-8.22774417622399,-1.468767664370242
2025-12-09,LASSO,5,-8.293293428630856,-7.652009578294887,-0.6412838503359684
2025-12-10,LASSO,5,-7.227863026447627,-7.669833524362578,0.4419704979149506
2025-12-11,LASSO,5,-7.710960999236119,-7.585474717574215,-0.125486281661904
2025-12-12,LASSO,5,-6.682453263792524,-7.502090902843389,0.8196376390508657
2025-12-13,LASSO,5,-6.740374624315311,-7.62334183236642,0.8829672080511095
2025-12-14,LASSO,5,-7.020317942574881,-7.714211924820708,0.693893982245827
2025-12-15,LASSO,5,-9.6115694039447,-8.62220317757387,-0.98936622637083
2025-12-16,LASSO,5,-8.628519475678901,-8.025443075109234,-0.6030764005696678
2025-12-17,LASSO,5,-7.534308322325102,-7.5723373072864,0.03802898496129803
2025-12-18,LASSO,5,-7.663101554070803,-7.777788998401498,0.11468744433069489
2025-12-19,LASSO,5,-8.228128764798534,-7.340385685876398,-0.8877430789221359
2025-12-20,LASSO,5,-8.643584150115842,-7.360036978320832,-1.2835471717950098
2025-12-21,LASSO,5,-7.837277913270711,-7.478923786737904,-0.35835412653280674
2025-12-22,LASSO,5,-10.1372374475085,-8.579380900569367,-1.5578565469391332
2025-12-23,LASSO,5,-9.816705351087146,-8.161897571398477,-1.654807779688669
2025-12-24,LASSO,5,-7.7426847782524995,-7.697206102549145,-0.04547867570335473
2024-06-29,LASSO,7,-7.82183717488344,-8.288303452152032,0.4664662772685926
2024-06-30,LASSO,7,-7.599232953126869,-7.777470975553703,0.17823802242683406
2024-07-01,LASSO,7,-6.2016000220281144,-7.705130245382419,1.5035302233543044
2024-07-02,LASSO,7,-7.13201098663784,-7.976320678262416,0.8443096916245763
2024-07-03,LASSO,7,-7.364155934126495,-7.655837366609674,0.29168143248317957
2024-07-04,LASSO,7,-6.970855511693713,-7.279371857159522,0.30851634546580886
2024-07-05,LASSO,7,-7.461112349654011,-6.948966772252367,-0.5121455774016432
2024-07-06,LASSO,7,-8.001579020126183,-7.740267642092901,-0.2613113780332821
2024-07-07,LASSO,7,-7.503141944073601,-7.610699637635983,0.10755769356238165
2024-07-08,LASSO,7,-7.10151927124952,-7.057107521398905,-0.04441174985061558
2024-07-09,LASSO,7,-6.8751174522895955,-7.485144162913237,0.6100267106236412
2024-07-10,LASSO,7,-7.273310670983561,-7.5379762632895595,0.26466559230599884
2024-07-11,LASSO,7,-7.590004120123674,-7.369490288707848,-0.22051383141582637
2024-07-12,LASSO,7,-7.361953880672214,-7.5573594853470745,0.19540560467486046
2024-07-13,LASSO,7,-8.183252874840827,-7.895661805747029,-0.28759106909379817
2024-07-14,LASSO,7,-7.540508981035038,-7.559303352976039,0.01879437194100131
2024-07-15,LASSO,7,-7.831068909072291,-7.38845241751361,-0.442616491558681
2024-07-16,LASSO,7,-7.504319171318432,-7.249648627026105,-0.2546705442923267
2024-07-17,LASSO,7,-7.715830478728725,-7.301084878071558,-0.4147456006571666
2024-07-18,LASSO,7,-7.1111013620300145,-7.5381130043605244,0.4270116423305099
2024-07-19,LASSO,7,-7.731151246587125,-7.467460109984452,-0.26369113660267285
2024-07-20,LASSO,7,-6.6745965844828605,-7.865111376041645,1.1905147915587841
2024-07-21,LASSO,7,-8.297723232050007,-7.697755738456587,-0.5999674935934198
2024-07-22,LASSO,7,-7.220642471062432,-7.6799549440092525,0.4593124729468201
2024-07-23,LASSO,7,-7.567743991658627,-7.526371978079987,-0.0413720135786404
2024-07-24,LASSO,7,-7.537578973039193,-7.5729856539261915,0.03540668088699839
2024-07-25,LASSO,7,-7.134693601377736,-7.300997234924586,0.16630363354685063
2024-07-26,LASSO,7,-6.728020741506768,-7.646696698704619,0.9186759571978511
2024-07-27,LASSO,7,-7.102715268773577,-7.13829822153783,0.03558295276425305
2024-07-28,LASSO,7,-6.901570663299103,-7.885177365855931,0.9836067025568278
2024-07-29,LASSO,7,-4.331832929576587,-7.286055541073496,2.9542226114969097
2024-07-30,LASSO,7,-6.129507554817753,-7.492348904410795,1.362841349593042
2024-07-31,LASSO,7,-6.56821202032419,-7.539451220214008,0.9712391998898173
2024-08-01,LASSO,7,-5.881456842610719,-7.396987501702304,1.515530659091585
2024-08-02,LASSO,7,-6.5521594278707,-7.3608527413137725,0.8086933134430723
2024-08-03,LASSO,7,-8.164746233335169,-7.384045163725549,-0.7807010696096199
2024-08-04,LASSO,7,-7.347966273268356,-7.215448556297537,-0.1325177169708187
2024-08-05,LASSO,7,-6.301581779560638,-6.144006932710377,-0.15757484685026135
2024-08-06,LASSO,7,-7.032064393779834,-6.8674112335315325,-0.16465316024830123
2024-08-07,LASSO,7,-7.145182948564176,-7.041257547497082,-0.10392540106709358
2024-08-08,LASSO,7,-6.782869713050387,-6.798059138665832,0.015189425615444563
2024-08-09,LASSO,7,-6.993243057300741,-7.055971849858185,0.06272879255744446
2024-08-10,LASSO,7,-8.93414336978374,-7.86265555996922,-1.0714878098145206
2024-08-11,LASSO,7,-8.090430304827276,-7.35763425688182,-0.732796047945456
2024-08-12,LASSO,7,-7.395852713362074,-6.9578102632924095,-0.43804245006966447
2024-08-13,LASSO,7,-7.252727153074581,-7.27290720044648,0.020180047371899157
2024-08-14,LASSO,7,-7.122737507461557,-7.194012450852925,0.07127494339136753
2024-08-15,LASSO,7,-7.663977474896019,-7.12194762319023,-0.5420298517057898
2024-08-16,LASSO,7,-6.8510987312401355,-7.271210120415479,0.42011138917534385
2024-08-17,LASSO,7,-8.299722443510342,-8.083000923801375,-0.21672151970896714
2024-08-18,LASSO,7,-8.590906417273768,-7.8319085866513545,-0.7589978306224134
2024-08-19,LASSO,7,-7.848062431939034,-7.437436759671677,-0.4106256722673578
2024-08-20,LASSO,7,-6.578074293173222,-7.394322944575501,0.8162486514022795
2024-08-21,LASSO,7,-6.625319225980788,-7.327242452362066,0.701923226381278
2024-08-22,LASSO,7,-7.220716390846805,-7.464775648028223,0.24405925718141752
2024-08-23,LASSO,7,-7.355348084977686,-7.285440179816501,-0.06990790516118572
2024-08-24,LASSO,7,-9.250891127347398,-7.871655181391114,-1.3792359459562835
2024-08-25,LASSO,7,-7.427050700993551,-7.934767555006982,0.5077168540134309
2024-08-26,LASSO,7,-7.578986184704846,-7.588607765440866,0.009621580736020263
2024-08-27,LASSO,7,-7.813351757199836,-7.016820302993214,-0.7965314542066224
2024-08-28,LASSO,7,-6.5034602127886165,-6.999996141795291,0.49653592900667487
2024-08-29,LASSO,7,-6.940360945467537,-7.319983273420345,0.3796223279528075
2024-08-30,LASSO,7,-6.522114937682515,-7.297214336573572,0.7750993988910571
2024-08-31,LASSO,7,-8.259113009436971,-8.166087366508298,-0.09302564292867288
2024-09-01,LASSO,7,-7.6986759889953715,-7.407564963084926,-0.29111102591044524
2024-09-02,LASSO,7,-7.142083192560166,-7.495860069572093,0.35377687701192695
2024-09-03,LASSO,7,-7.454039970224542,-7.594538458881856,0.14049848865731374
2024-09-04,LASSO,7,-6.9566648361472945,-7.037370029444184,0.08070519329688963
2024-09-05,LASSO,7,-7.375311173852939,-7.202162597458684,-0.1731485763942553
2024-09-06,LASSO,7,-7.641682246432809,-7.018261654493917,-0.623420591938892
2024-09-07,LASSO,7,-8.772444578271369,-7.973805994333484,-0.7986385839378851
2024-09-08,LASSO,7,-8.222190817885775,-7.542586902733852,-0.6796039151519224
2024-09-09,LASSO,7,-7.505284819602623,-7.201867149624937,-0.3034176699776854
2024-09-10,LASSO,7,-7.206662096750963,-7.4078217111709606,0.2011596144199972
2024-09-11,LASSO,7,-7.000512980515621,-6.973526468103035,-0.026986512412586094
2024-09-12,LASSO,7,-7.40385524870723,-7.378389458384948,-0.02546579032228191
2024-09-13,LASSO,7,-7.62533614746632,-7.521486180532485,-0.10384996693383464
2024-09-14,LASSO,7,-9.118912980170885,-7.980031254772189,-1.1388817253986954
2024-09-15,LASSO,7,-8.210854186197356,-7.902204201509616,-0.3086499846877393
2024-09-16,LASSO,7,-7.594933488516639,-7.433002442310194,-0.16193104620644494
2024-09-17,LASSO,7,-7.695982377007085,-7.254818473511617,-0.4411639034954682
2024-09-18,LASSO,7,-7.912236774178686,-7.188815806387156,-0.7234209677915295
2024-09-19,LASSO,7,-7.548593418115738,-7.35504651060508,-0.19354690751065817
2024-09-20,LASSO,7,-8.156771512470494,-7.453371314926098,-0.7034001975443953
2024-09-21,LASSO,7,-9.137411157807458,-7.988760205585546,-1.148650952221912
2024-09-22,LASSO,7,-9.22010927366513,-7.7136049352531675,-1.506504338411963
2024-09-23,LASSO,7,-7.657672162115085,-7.434159576332959,-0.2235125857821254
2024-09-24,LASSO,7,-7.16418081548918,-7.494757778365653,0.33057696287647254
2024-09-25,LASSO,7,-6.873239201215958,-7.509896000922403,0.6366567997064445
2024-09-26,LASSO,7,-7.372161845921349,-7.406709954116931,0.034548108195581406
2024-09-27,LASSO,7,-7.762377171311247,-7.551531031324906,-0.21084613998634083
2024-09-28,LASSO,7,-9.410517858234718,-8.07223130034016,-1.3382865578945573
2024-09-29,LASSO,7,-8.859802514595454,-8.175968174648224,-0.6838343399472304
2024-09-30,LASSO,7,-7.354846982929903,-7.427561684803739,0.07271470187383589
2024-10-01,LASSO,7,-7.717832727168758,-7.284259034622686,-0.43357369254607203
2024-10-02,LASSO,7,-7.9430170498383745,-7.093792061559267,-0.8492249882791079
2024-10-03,LASSO,7,-7.587117550241822,-7.28340979370175,-0.30370775654007165
2024-10-04,LASSO,7,-7.8173580785041725,-7.49357337084981,-0.3237847076543625
2024-10-05,LASSO,7,-8.746814229333626,-8.311644160650049,-0.4351700686835773
2024-10-06,LASSO,7,-8.44461347063351,-8.010139724170932,-0.43447374646257764
2024-10-07,LASSO,7,-7.511216222523129,-7.398520551520846,-0.11269567100228262
2024-10-08,LASSO,7,-6.879154515339575,-7.540355246350403,0.6612007310108279
2024-10-09,LASSO,7,-7.561391084229369,-7.501337663464907,-0.06005342076446141
2024-10-10,LASSO,7,-7.954807249048968,-7.486120115158192,-0.4686871338907759
2024-10-11,LASSO,7,-7.899727601495052,-7.633380907446773,-0.2663466940482797
2024-10-12,LASSO,7,-9.798785632524316,-8.013703836482128,-1.7850817960421885
2024-10-13,LASSO,7,-9.000277471682907,-8.066856296933636,-0.9334211747492702
2024-10-14,LASSO,7,-7.724745468477852,-7.402901517986706,-0.32184395049114567
2024-10-15,LASSO,7,-7.774179791525233,-7.144070600837831,-0.6301091906874019
2024-10-16,LASSO,7,-7.863362515397026,-7.408447387236471,-0.4549151281605548
2024-10-17,LASSO,7,-8.018551193752419,-7.3356889491620825,-0.6828622445903365
2024-10-18,LASSO,7,-6.898530866282754,-7.6240595584822195,0.7255286921994655
2024-10-19,LASSO,7,-8.921658190779526,-8.581744285271608,-0.33991390550791856
2024-10-20,LASSO,7,-9.079636360099444,-8.094989197971438,-0.984647162128006
2024-10-21,LASSO,7,-7.784069601964099,-7.467930823168807,-0.31613877879529184
2024-10-22,LASSO,7,-7.368623299413477,-7.539471292891063,0.1708479934775866
2024-10-23,LASSO,7,-7.512997901045132,-7.462591762909384,-0.0504061381357479
2024-10-24,LASSO,7,-7.671750079550882,-7.674739427433979,0.0029893478830969045
2024-10-25,LASSO,7,-6.998467037027406,-7.372127512600002,0.3736604755725965
2024-10-26,LASSO,7,-8.813773417610177,-8.099144885863952,-0.7146285317462251
2024-10-27,LASSO,7,-7.784664629556363,-8.187786320038173,0.40312169048181
2024-10-28,LASSO,7,-7.509206844606907,-7.541676746792966,0.03246990218605905
2024-10-29,LASSO,7,-7.320254941313007,-7.154442879656688,-0.165812061656319
2024-10-30,LASSO,7,-6.357178323463686,-7.417752908520246,1.0605745850565595
2024-10-31,LASSO,7,-7.505193457512192,-7.4151962940375515,-0.08999716347464037
2024-11-01,LASSO,7,-7.882091528500882,-7.193266830168979,-0.6888246983319029
2024-11-02,LASSO,7,-8.951124037321541,-8.17029417457955,-0.7808298627419923
2024-11-03,LASSO,7,-6.982350958300895,-7.539603600174968,0.5572526418740731
2024-11-04,LASSO,7,-6.610143513022823,-7.357710364351783,0.7475668513289602
2024-11-05,LASSO,7,-5.89742196217559,-7.307818243828156,1.4103962816525657
2024-11-06,LASSO,7,-5.970825445834223,-6.556753674239836,0.5859282284056126
2024-11-07,LASSO,7,-6.298780197423048,-7.413664376153621,1.1148841787305726
2024-11-08,LASSO,7,-6.69026855754187,-7.758965061096465,1.0686965035545946
2024-11-09,LASSO,7,-7.962925402749825,-8.095941058359337,0.1330156556095119
2024-11-10,LASSO,7,-7.719913234094788,-7.304014643593193,-0.4158985905015946
2024-11-11,LASSO,7,-6.813641525214108,-7.056397005417874,0.24275548020376547
2024-11-12,LASSO,7,-7.123061515534054,-6.734493505485278,-0.3885680100487763
2024-11-13,LASSO,7,-7.349584827177568,-6.7206205060704125,-0.6289643211071558
2024-11-14,LASSO,7,-6.9277588146226785,-6.791450320379601,-0.13630849424307723
2024-11-15,LASSO,7,-7.639603303246092,-7.071671691918715,-0.5679316113273778
2024-11-16,LASSO,7,-8.458730870211758,-7.70488602985757,-0.753844840354188
2024-11-17,LASSO,7,-7.906636805257383,-7.54069848567098,-0.36593831958640344
2024-11-18,LASSO,7,-6.845783544407805,-7.119363095119946,0.2735795507121406
2024-11-19,LASSO,7,-6.704121318827724,-7.288307081404844,0.5841857625771203
2024-11-20,LASSO,7,-7.421131408187987,-7.294785883403689,-0.1263455247842984
2024-11-21,LASSO,7,-7.777480941685613,-7.159295779084553,-0.6181851626010602
2024-11-22,LASSO,7,-7.7915055329164575,-7.5226670356805645,-0.26883849723589304
2024-11-23,LASSO,7,-8.944575839059315,-7.935576452096149,-1.0089993869631657
2024-11-24,LASSO,7,-8.526681786585359,-7.636530647675277,-0.890151138910082
2024-11-25,LASSO,7,-7.2277762188452845,-7.17987695296558,-0.04789926587970417
2024-11-26,LASSO,7,-7.477860175072574,-7.199057821448243,-0.27880235362433137
2024-11-27,LASSO,7,-7.352016227925319,-7.449915251555116,0.09789902362979674
2024-11-28,LASSO,7,-5.520755763032788,-7.5373909852788294,2.016635222246041
2024-11-29,LASSO,7,-7.056676956855624,-7.547152953377489,0.490475996521865
2024-11-30,LASSO,7,-8.28612317218258,-7.942431902381692,-0.34369126980088716
2024-12-01,LASSO,7,-8.152794625419403,-7.984305921857761,-0.1684887035616427
2024-12-02,LASSO,7,-6.452164940538162,-7.254701593304836,0.8025366527666744
2024-12-03,LASSO,7,-6.668355412158304,-7.454994968243356,0.7866395560850519
2024-12-04,LASSO,7,-7.380414836630238,-7.339291862198066,-0.041122974432171944
2024-12-05,LASSO,7,-7.347004798406336,-6.3801138542551925,-0.9668909441511433
2024-12-06,LASSO,7,-7.800269430130499,-7.2845319460602145,-0.5157374840702849
2024-12-07,LASSO,7,-8.329129180116265,-7.79410503130848,-0.5350241488077847
2024-12-08,LASSO,7,-7.954173621957407,-7.725617157499885,-0.22855646445752242
2024-12-09,LASSO,7,-7.167863912303163,-6.965529274299353,-0.20233463800381024
2024-12-10,LASSO,7,-7.46114260237137,-7.070093220846278,-0.39104938152509217
2024-12-11,LASSO,7,-6.653480385951037,-7.370212883772645,0.7167324978216074
2024-12-12,LASSO,7,-6.215955295754829,-7.299583459183484,1.0836281634286555
2024-12-13,LASSO,7,-6.2286006577328035,-7.594565548454724,1.3659648907219202
2024-12-14,LASSO,7,-7.472773492215739,-7.857548445443373,0.3847749532276339
2024-12-15,LASSO,7,-7.349660055218582,-7.602209933240831,0.2525498780222488
2024-12-16,LASSO,7,-6.8404400613287955,-7.263214983931364,0.422774922602569
2024-12-17,LASSO,7,-7.374187208078972,-7.3706482338305275,-0.0035389742484444042
2024-12-18,LASSO,7,-7.715762789103233,-6.914673102167984,-0.8010896869352493
2024-12-19,LASSO,7,-7.307697534873444,-6.916499466435583,-0.39119806843786087
2024-12-20,LASSO,7,-7.106588924470662,-6.906685008392573,-0.19990391607808888
2024-12-21,LASSO,7,-8.634132442724063,-7.49918631943684,-1.1349461232872224
2024-12-22,LASSO,7,-8.326756050975344,-7.317885414204837,-1.0088706367705074
2024-12-23,LASSO,7,-7.3543943334481,-7.0240146062613285,-0.3303797271867719
2024-12-24,LASSO,7,-7.276893060792656,-7.20383172420512,-0.07306133658753566
2024-12-25,LASSO,7,-8.238782332690736,-7.425008122199507,-0.8137742104912293
2024-12-26,LASSO,7,-7.367896287600902,-7.161915425946763,-0.20598086165413942
2024-12-27,LASSO,7,-8.097617541330267,-7.162498057289757,-0.9351194840405102
2024-12-28,LASSO,7,-9.19804542909942,-7.924755391767158,-1.273290037332262
2024-12-29,LASSO,7,-8.787325094170878,-7.760832683808669,-1.0264924103622093
2024-12-30,LASSO,7,-7.415021751205516,-7.228742078507522,-0.18627967269799406
2024-12-31,LASSO,7,-7.590481289361926,-7.199912108058874,-0.39056918130305185
2025-01-01,LASSO,7,-6.90681582272137,-7.551200574579646,0.6443847518582757
2025-01-02,LASSO,7,-6.968115739055578,-7.199140250527236,0.23102451147165848
2025-01-03,LASSO,7,-6.709305206835529,-7.577847991053074,0.8685427842175448
2025-01-04,LASSO,7,-8.995729032967116,-8.124084779777025,-0.871644253190091
2025-01-05,LASSO,7,-8.852150045924287,-7.96060718207251,-0.8915428638517762
2025-01-06,LASSO,7,-6.553319507908563,-7.2493457939815364,0.6960262860729731
2025-01-07,LASSO,7,-7.303486208762694,-7.388820531657927,0.08533432289523368
2025-01-08,LASSO,7,-7.312096925574036,-7.0780709606626795,-0.23402596491135608
2025-01-09,LASSO,7,-7.391486709026281,-7.142436834372287,-0.24904987465399397
2025-01-10,LASSO,7,-7.511145310148465,-7.0177926345737704,-0.49335267557469464
2025-01-11,LASSO,7,-7.438401020768668,-8.00101209712394,0.5626110763552719
2025-01-12,LASSO,7,-6.148112404271952,-7.88954103653653,1.7414286322645776
2025-01-13,LASSO,7,-5.214773987217453,-6.863540526863492,1.6487665396460391
2025-01-14,LASSO,7,-6.34915971482197,-7.195088010469411,0.8459282956474414
2025-01-15,LASSO,7,-7.594519813201731,-7.221923474256607,-0.3725963389451241
2025-01-16,LASSO,7,-5.989812005402478,-7.2635600894602055,1.2737480840577273
2025-01-17,LASSO,7,-7.355564283258395,-7.34181136226804,-0.013752920990354411
2025-01-18,LASSO,7,-8.788612678268954,-7.372399851609759,-1.4162128266591951
2025-01-19,LASSO,7,-8.623226788453762,-6.757831068960631,-1.8653957194931303
2025-01-20,LASSO,7,-6.548166225847454,-6.272995917962732,-0.2751703078847214
2025-01-21,LASSO,7,-7.335119722465245,-6.698220034437141,-0.6368996880281035
2025-01-22,LASSO,7,-7.350021545427285,-7.222337160750402,-0.1276843846768827
2025-01-23,LASSO,7,-7.86523565131056,-6.684259532612871,-1.1809761186976893
2025-01-24,LASSO,7,-7.64515655585875,-7.313805819345306,-0.3313507365134445
2025-01-25,LASSO,7,-8.395509658549456,-8.036095885530449,-0.359413773019007
2025-01-26,LASSO,7,-7.035755186208709,-8.055057174504235,1.0193019882955259
2025-01-27,LASSO,7,-5.95199845728886,-6.820942715322427,0.8689442580335669
2025-01-28,LASSO,7,-6.579587906443687,-7.215870922779855,0.6362830163361677
2025-01-29,LASSO,7,-7.222214210843608,-7.133554963948217,-0.08865924689539018
2025-01-30,LASSO,7,-7.456911400328808,-7.32261632516276,-0.13429507516604833
2025-01-31,LASSO,7,-7.097257483150888,-7.357467136775025,0.2602096536241367
2025-02-01,LASSO,7,-8.810076811866075,-7.787978248781645,-1.0220985630844304
2025-02-02,LASSO,7,-8.10773415201615,-7.18568656408982,-0.9220475879263299
2025-02-03,LASSO,7,-7.786812840962016,-6.5255304136685455,-1.2612824272934704
2025-02-04,LASSO,7,-8.095685364957285,-6.924129488938283,-1.171555876019002
2025-02-05,LASSO,7,-6.962691557561749,-7.190415883592478,0.2277243260307289
2025-02-06,LASSO,7,-7.850939573833918,-7.388682529547467,-0.4622570442864502
2025-02-07,LASSO,7,-7.6048640411791055,-7.25668668151515,-0.34817735966395524
2025-02-08,LASSO,7,-9.31204237724052,-7.970822932867516,-1.3412194443730039
2025-02-09,LASSO,7,-9.354075786569943,-7.588072656588357,-1.766003129981586
2025-02-10,LASSO,7,-8.328308753403542,-7.398274571659286,-0.9300341817442561
2025-02-11,LASSO,7,-7.735386570485104,-7.583993508133069,-0.1513930623520343
2025-02-12,LASSO,7,-8.074161026658576,-7.1013336632038095,-0.9728273634547664
2025-02-13,LASSO,7,-8.388064413225592,-7.595846766635376,-0.792217646590216
2025-02-14,LASSO,7,-7.422492670788367,-7.589779661708807,0.16728699092043975
2025-02-15,LASSO,7,-9.351071668633756,-8.458762739343904,-0.8923089292898521
2025-02-16,LASSO,7,-9.327182940847992,-8.301313609864385,-1.0258693309836069
2025-02-17,LASSO,7,-7.366790273234517,-7.768625731829349,0.4018354585948325
2025-02-18,LASSO,7,-6.241011939761488,-7.330730414756788,1.0897184749953004
2025-02-19,LASSO,7,-6.08442226100039,-7.475224956896073,1.3908026958956832
2025-02-20,LASSO,7,-6.878853344044446,-7.804255731081023,0.9254023870365771
2025-02-21,LASSO,7,-5.588570041559089,-7.404409522326701,1.815839480767612
2025-02-22,LASSO,7,-7.482186017843935,-8.549953163743124,1.0677671458991895
2025-02-23,LASSO,7,-6.026685262486463,-8.435909256210259,2.4092239937237956
2025-02-24,LASSO,7,-6.005721130764149,-7.420613345233172,1.414892214469023
2025-02-25,LASSO,7,-5.832575425345344,-6.864037464109404,1.0314620387640598
2025-02-26,LASSO,7,-6.528431978871631,-6.750969419736341,0.22253744086471006
2025-02-27,LASSO,7,-6.412729998936713,-6.966663075268985,0.5539330763322727
2025-02-28,LASSO,7,-5.651155219226064,-6.619529699778589,0.9683744805525247
2025-03-01,LASSO,7,-7.82002049036847,-7.3065527144438835,-0.5134677759245863
2025-03-02,LASSO,7,-7.116223896566312,-6.635976395422106,-0.48024750114420556
2025-03-03,LASSO,7,-5.949376876735946,-6.689712485727163,0.7403356089912165
2025-03-04,LASSO,7,-6.2051256349718855,-6.576641185392036,0.37151555042015083
2025-03-05,LASSO,7,-6.9226794457074154,-6.950359558256957,0.02768011254954139
2025-03-06,LASSO,7,-7.250092425539886,-6.901860802223359,-0.34823162331652746
2025-03-07,LASSO,7,-7.447118934719969,-6.612764251629464,-0.8343546830905044
2025-03-08,LASSO,7,-8.898459551988159,-7.486879781533447,-1.4115797704547122
2025-03-09,LASSO,7,-7.329432996679352,-7.198068048463594,-0.13136494821575795
2025-03-10,LASSO,7,-7.67080326390782,-6.659641567854571,-1.0111616960532492
2025-03-11,LASSO,7,-7.616041619926752,-6.725405878040714,-0.8906357418860376
2025-03-12,LASSO,7,-7.472221310413124,-6.981652493180099,-0.4905688172330249
2025-03-13,LASSO,7,-7.439639310421675,-7.169201201545994,-0.2704381088756804
2025-03-14,LASSO,7,-7.976296204139535,-7.381353882016964,-0.5949423221225709
2025-03-15,LASSO,7,-9.81200323221424,-8.25534213234398,-1.5566610998702597
2025-03-16,LASSO,7,-8.77472856117907,-7.349405113865961,-1.4253234473131098
2025-03-17,LASSO,7,-7.738805643991428,-7.479807214818436,-0.2589984291729923
2025-03-18,LASSO,7,-7.907900185694711,-7.446445004354559,-0.46145518134015173
2025-03-19,LASSO,7,-7.926440425992742,-7.182979372033555,-0.7434610539591873
2025-03-20,LASSO,7,-8.15773669999174,-7.300490943254916,-0.8572457567368232
2025-03-21,LASSO,7,-7.842789124023152,-7.599163474013425,-0.24362565000972758
2025-03-22,LASSO,7,-8.003994184702773,-8.336252044572669,0.3322578598698964
2025-03-23,LASSO,7,-8.165887428032145,-8.162244526483981,-0.0036429015481633797
2025-03-24,LASSO,7,-7.254418259891095,-7.597785893865229,0.3433676339741343
2025-03-25,LASSO,7,-7.756757128271761,-7.548482977302339,-0.20827415096942126
2025-03-26,LASSO,7,-6.587482790091052,-7.659251800969097,1.0717690108780449
2025-03-27,LASSO,7,-7.252194880144823,-7.509400682818149,0.25720580267332593
2025-03-28,LASSO,7,-6.63516370951007,-7.5237734831196645,0.8886097736095948
2025-03-29,LASSO,7,-8.681969956851141,-7.58497061698513,-1.0969993398660112
2025-03-30,LASSO,7,-7.188412492677708,-7.591600280501125,0.40318778782341713
2025-03-31,LASSO,7,-5.629049006791348,-7.162211891051942,1.5331628842605936
2025-04-01,LASSO,7,-6.933967406336497,-7.301674846176389,0.36770743983989185
2025-04-02,LASSO,7,-5.92065466170989,-6.996593073522644,1.0759384118127535
2025-04-03,LASSO,7,-7.031037787314499,-7.327749632104281,0.2967118447897814
2025-04-04,LASSO,7,-7.032090018849573,-7.00643972178831,-0.025650297061262428
2025-04-05,LASSO,7,-7.79990038655869,-8.048718177096031,0.2488177905373412
2025-04-06,LASSO,7,-7.287263687197286,-7.123142135843795,-0.1641215513534906
2025-04-07,LASSO,7,-7.167014962280521,-6.277953833850978,-0.8890611284295433
2025-04-08,LASSO,7,-7.777788884630375,-7.022253235927965,-0.7555356487024101
2025-04-09,LASSO,7,-7.413189676387737,-6.584791613635612,-0.8283980627521252
2025-04-10,LASSO,7,-8.268721841318316,-7.2065401133045075,-1.0621817280138082
2025-04-11,LASSO,7,-9.681279444888752,-7.373912154684531,-2.307367290204221
2025-04-12,LASSO,7,-9.171548905690758,-7.68119337959291,-1.4903555260978472
2025-04-13,LASSO,7,-9.01552740253416,-7.34894487685121,-1.6665825256829496
2025-04-14,LASSO,7,-7.457356285992482,-7.110365804825848,-0.34699048116663445
2025-04-15,LASSO,7,-6.979201722253075,-7.2702355542261685,0.2910338319730936
2025-04-16,LASSO,7,-7.403345870725576,-7.150070892052762,-0.2532749786728141
2025-04-17,LASSO,7,-8.021045389721651,-7.586298999956498,-0.4347463897651531
2025-04-18,LASSO,7,-7.797960553044787,-8.276860275843571,0.47889972279878457
2025-04-19,LASSO,7,-8.912576429259436,-8.276250422473293,-0.6363260067861436
2025-04-20,LASSO,7,-8.579169330655771,-8.259109730559853,-0.3200596000959184
2025-04-21,LASSO,7,-7.92097208375074,-7.371708726955212,-0.5492633567955272
2025-04-22,LASSO,7,-8.087519781534887,-7.109164671688454,-0.9783551098464329
2025-04-23,LASSO,7,-8.023455793775357,-7.187983853477206,-0.8354719402981505
2025-04-24,LASSO,7,-8.09456339337235,-7.315362147354534,-0.7792012460178164
2025-04-25,LASSO,7,-8.294066343106515,-7.53214229914007,-0.7619240439664443
2025-04-26,LASSO,7,-9.46541060137628,-7.99336090425607,-1.4720496971202106
2025-04-27,LASSO,7,-8.596552100361416,-7.753846517872639,-0.8427055824887768
2025-04-28,LASSO,7,-8.166003817373237,-7.520013713155491,-0.6459901042177467
2025-04-29,LASSO,7,-8.013724640481898,-7.452168606114097,-0.5615560343678014
2025-04-30,LASSO,7,-7.894201229610753,-7.576748117853673,-0.31745311175708046
2025-05-01,LASSO,7,-7.474703553304063,-7.686549377797636,0.21184582449357325
2025-05-02,LASSO,7,-7.7544076279684,-7.816129737167085,0.06172210919868437
2025-05-03,LASSO,7,-8.51169203750711,-8.327387190622137,-0.18430484688497373
2025-05-04,LASSO,7,-7.894756830708296,-7.913996942241776,0.019240111533480153
2025-05-05,LASSO,7,-7.171315375183232,-7.514302948626459,0.34298757344322706
2025-05-06,LASSO,7,-7.898122089143746,-7.557152915673927,-0.34096917346981837
2025-05-07,LASSO,7,-8.318310440418038,-7.457364286089353,-0.8609461543286852
2025-05-08,LASSO,7,-7.7147571999584414,-7.353411327610576,-0.3613458723478651
2025-05-09,LASSO,7,-8.244800643227538,-7.60765148812141,-0.6371491551061288
2025-05-10,LASSO,7,-8.88548365814237,-8.113416303009242,-0.7720673551331281
2025-05-11,LASSO,7,-7.9130966647344225,-7.779939401428439,-0.13315726330598388
2025-05-12,LASSO,7,-7.475391981698435,-7.20521040897764,-0.27018157272079435
2025-05-13,LASSO,7,-7.413492676031776,-7.552105789328158,0.13861311329638148
2025-05-14,LASSO,7,-6.9048202411259405,-7.666529740638666,0.7617094995127252
2025-05-15,LASSO,7,-7.5998782354004675,-7.516159704589253,-0.08371853081121472
2025-05-16,LASSO,7,-7.443883442529285,-7.778432265378349,0.3345488228490643
2025-05-17,LASSO,7,-8.225636513265073,-8.256153252073512,0.03051673880843886
2025-05-18,LASSO,7,-8.196992018610825,-7.787694192702408,-0.4092978259084168
2025-05-19,LASSO,7,-8.288440304342084,-7.495286658370371,-0.7931536459717128
2025-05-20,LASSO,7,-7.940076582517803,-7.433682322814839,-0.5063942597029643
2025-05-21,LASSO,7,-8.336031186903472,-7.338881786231591,-0.9971494006718817
2025-05-22,LASSO,7,-7.769467517478563,-7.3107351810560735,-0.45873233642248934
2025-05-23,LASSO,7,-7.728674501465333,-7.458844295113286,-0.26983020635204724
2025-05-24,LASSO,7,-8.421598154519437,-7.75815200197904,-0.6634461525403967
2025-05-25,LASSO,7,-8.743472246073782,-7.675510796395304,-1.067961449678478
2025-05-26,LASSO,7,-8.184430028615092,-7.847066689669822,-0.33736333894526993
2025-05-27,LASSO,7,-8.331213911925008,-7.524809516728297,-0.8064043951967115
2025-05-28,LASSO,7,-8.71279939743139,-7.823533161498611,-0.8892662359327783
2025-05-29,LASSO,7,-7.51988335958094,-7.573181127074943,0.05329776749400317
2025-05-30,LASSO,7,-8.345664194572562,-7.5128902507995985,-0.8327739437729633
2025-05-31,LASSO,7,-9.05218826005398,-7.99403202638461,-1.0581562336693695
2025-06-01,LASSO,7,-9.384555576107418,-8.036035609497931,-1.3485199666094871
2025-06-02,LASSO,7,-7.968985833169205,-7.724236779758411,-0.24474905341079367
2025-06-03,LASSO,7,-8.125005944838898,-7.752858945266081,-0.37214699957281727
2025-06-04,LASSO,7,-8.19082610478049,-8.020695794904423,-0.17013030987606648
2025-06-05,LASSO,7,-7.927023759209108,-7.510316920509743,-0.41670683869936553
2025-06-06,LASSO,7,-7.443188684929166,-8.059695189241832,0.6165065043126665
2025-06-07,LASSO,7,-9.05726972859608,-8.472594090332649,-0.5846756382634304
2025-06-08,LASSO,7,-8.953471985164441,-8.471132662160064,-0.48233932300437665
2025-06-09,LASSO,7,-8.110641264350848,-7.7347843909289455,-0.37585687342190255
2025-06-10,LASSO,7,-7.806286485181062,-7.5881781680525835,-0.2181083171284781
2025-06-11,LASSO,7,-7.866192379807445,-7.695475724782162,-0.17071665502528255
2025-06-12,LASSO,7,-8.633468871743753,-7.764383857302089,-0.869085014441664
2025-06-13,LASSO,7,-7.900331132706684,-7.520836020831139,-0.37949511187554563
2025-06-14,LASSO,7,-7.967196587131996,-8.520825381303144,0.5536287941711482
2025-06-15,LASSO,7,-7.027680658640498,-8.427157362113466,1.3994767034729678
2025-06-16,LASSO,7,-7.236497370232764,-7.840523738069393,0.6040263678366289
2025-06-17,LASSO,7,-8.149886293035856,-7.660498711807466,-0.48938758122838966
2025-06-18,LASSO,7,-8.176305065875129,-7.592203501055712,-0.5841015648194166
2025-06-19,LASSO,7,-8.376095118293176,-7.937420966623146,-0.4386741516700292
2025-06-20,LASSO,7,-8.542770722531861,-7.799136801338991,-0.7436339211928704
2025-06-21,LASSO,7,-10.649971722513076,-7.778622047118083,-2.8713496753949928
2025-06-22,LASSO,7,-9.316586495538738,-7.403207727126646,-1.913378768412092
2025-06-23,LASSO,7,-8.62277199796468,-7.321679343871158,-1.3010926540935221
2025-06-24,LASSO,7,-8.642591743070529,-7.744134957788976,-0.898456785281553
2025-06-25,LASSO,7,-8.308439939764494,-7.9227976500040365,-0.3856422897604572
2025-06-26,LASSO,7,-8.29396771419438,-8.112613876358047,-0.1813538378363333
2025-06-27,LASSO,7,-8.898524051817713,-8.079033658252547,-0.8194903935651663
2025-06-28,LASSO,7,-9.987284347496226,-9.370575681417186,-0.61670866607904
2025-06-29,LASSO,7,-9.36677210235694,-8.446844231859217,-0.9199278704977232
2025-06-30,LASSO,7,-8.713378263033814,-8.1235972598526,-0.5897810031812138
2025-07-01,LASSO,7,-8.902586131499698,-8.057509956404303,-0.8450761750953948
2025-07-02,LASSO,7,-8.29417874240117,-7.768815428178863,-0.5253633142223073
2025-07-03,LASSO,7,-7.209350045659884,-7.966418786114416,0.7570687404545327
2025-07-04,LASSO,7,-7.867944834377488,-8.156996595271687,0.2890517608941998
2025-07-05,LASSO,7,-9.356431837546369,-8.89931485653369,-0.4571169810126783
2025-07-06,LASSO,7,-8.773942349578554,-8.706309930112692,-0.06763241946586263
2025-07-07,LASSO,7,-7.481016702523509,-8.168508301389707,0.687491598866198
2025-07-08,LASSO,7,-7.254884046098786,-8.447978175469643,1.1930941293708575
2025-07-09,LASSO,7,-7.906106583346014,-7.8816564243942295,-0.02445015895178404
2025-07-10,LASSO,7,-7.750043741635851,-7.270998306629598,-0.4790454350062534
2025-07-11,LASSO,7,-7.925867888823022,-7.786167996042299,-0.13969989278072248
2025-07-12,LASSO,7,-9.191851708958271,-8.369348438766838,-0.822503270191433
2025-07-13,LASSO,7,-8.749889889500176,-8.328181659827917,-0.42170822967225874
2025-07-14,LASSO,7,-8.062198643566044,-7.547535753950308,-0.5146628896157353
2025-07-15,LASSO,7,-7.740429316317312,-7.484594594152134,-0.25583472216517755
2025-07-16,LASSO,7,-8.047332828013449,-7.901707050467537,-0.145625777545912
2025-07-17,LASSO,7,-8.253076728769177,-7.6841737552276586,-0.5689029735415181
2025-07-18,LASSO,7,-7.605517370811197,-7.889753646207063,0.28423627539586604
2025-07-19,LASSO,7,-9.606954095499765,-8.417292071880821,-1.1896620236189435
2025-07-20,LASSO,7,-8.981033746649764,-8.145783681432862,-0.8352500652169024
2025-07-21,LASSO,7,-8.30508496766559,-7.827501117732189,-0.4775838499334002
2025-07-22,LASSO,7,-8.268215689597376,-7.701442122492829,-0.5667735671045468
2025-07-23,LASSO,7,-8.393240576178409,-7.8996139323210715,-0.4936266438573371
2025-07-24,LASSO,7,-8.520230588607557,-7.877856575153671,-0.6423740134538862
2025-07-25,LASSO,7,-7.533737412187012,-7.723878375083969,0.19014096289695726
2025-07-26,LASSO,7,-8.568970525996992,-8.86550132504135,0.2965307990443584
2025-07-27,LASSO,7,-9.01457508878402,-8.34666536362236,-0.6679097251616604
2025-07-28,LASSO,7,-8.64759502280641,-8.028826360700965,-0.6187686621054453
2025-07-29,LASSO,7,-8.327990264931364,-7.880951298341421,-0.44703896658994235
2025-07-30,LASSO,7,-8.51421068372607,-7.783412859944795,-0.7307978237812751
2025-07-31,LASSO,7,-8.532403748070708,-8.110020374425366,-0.4223833736453422
2025-08-01,LASSO,7,-8.651182815348951,-7.690929298762035,-0.9602535165869162
2025-08-02,LASSO,7,-9.32597851139552,-8.261811929395789,-1.0641665819997321
2025-08-03,LASSO,7,-8.441043602227696,-8.528252059679776,0.08720845745208017
2025-08-04,LASSO,7,-7.811382584426513,-8.194862903498358,0.383480319071845
2025-08-05,LASSO,7,-8.297044334912817,-7.902392988319707,-0.3946513465931103
2025-08-06,LASSO,7,-7.759195959681331,-8.097607889475679,0.338411929794348
2025-08-07,LASSO,7,-6.9615054586384755,-7.974034621857911,1.012529163219435
2025-08-08,LASSO,7,-8.400633017404333,-8.206880569119251,-0.19375244828508187
2025-08-09,LASSO,7,-9.797853695149604,-8.614453143435613,-1.1834005517139907
2025-08-10,LASSO,7,-9.5559821565806,-8.304008996022493,-1.2519731605581068
2025-08-11,LASSO,7,-8.156814886452334,-7.840407175636709,-0.3164077108156258
2025-08-12,LASSO,7,-8.142712241205171,-8.042277587361234,-0.10043465384393713
2025-08-13,LASSO,7,-8.113278831395304,-7.735881615697783,-0.3773972156975205
2025-08-14,LASSO,7,-8.175195141952578,-7.28694502289892,-0.8882501190536578
2025-08-15,LASSO,7,-7.391375071440983,-8.01930682523514,0.6279317537941562
2025-08-16,LASSO,7,-9.155666824013634,-8.719635045835396,-0.4360317781782381
2025-08-17,LASSO,7,-7.722034948084426,-8.676070849874804,0.9540359017903786
2025-08-18,LASSO,7,-7.330218334497994,-7.91711482763513,0.5868964931371359
2025-08-19,LASSO,7,-7.622910020795579,-7.872720860287747,0.2498108394921683
2025-08-20,LASSO,7,-8.082710716050025,-7.937191369935788,-0.145519346114237
2025-08-21,LASSO,7,-8.403842583904545,-7.927621844223419,-0.47622073968112577
2025-08-22,LASSO,7,-8.0046493464786,-7.675726529738986,-0.3289228167396132
2025-08-23,LASSO,7,-9.133680845548108,-8.531997228377056,-0.6016836171710516
2025-08-24,LASSO,7,-9.177958657568531,-7.821891372023981,-1.3560672855445501
2025-08-25,LASSO,7,-7.953683190386181,-7.376731896018749,-0.576951294367432
2025-08-26,LASSO,7,-7.872158994764496,-7.571982021745982,-0.3001769730185142
2025-08-27,LASSO,7,-8.182388144667684,-7.838699848874667,-0.34368829579301696
2025-08-28,LASSO,7,-8.292311256544016,-8.098326006458572,-0.19398525008544354
2025-08-29,LASSO,7,-8.049751286620033,-7.898530993626676,-0.15122029299335704
2025-08-30,LASSO,7,-9.772848916168195,-8.541420681795026,-1.231428234373169
2025-08-31,LASSO,7,-9.53452627568605,-8.591699831669782,-0.9428264440162675
2025-09-01,LASSO,7,-8.677120971758,-7.872391403101575,-0.804729568656426
2025-09-02,LASSO,7,-8.403115304394708,-7.752060088406286,-0.6510552159884222
2025-09-03,LASSO,7,-8.21218014894868,-7.907678984152083,-0.30450116479659606
2025-09-04,LASSO,7,-8.499654294702792,-7.92092600471418,-0.5787282899886117
2025-09-05,LASSO,7,-8.617547509904476,-7.953728010558722,-0.6638194993457542
2025-09-06,LASSO,7,-9.831130650802836,-8.944191325963,-0.886939324839835
2025-09-07,LASSO,7,-9.54978554808957,-8.791884403129684,-0.7579011449598863
2025-09-08,LASSO,7,-8.439814402280856,-8.275835969355768,-0.16397843292508796
2025-09-09,LASSO,7,-8.792523838198322,-8.079549425585418,-0.7129744126129047
2025-09-10,LASSO,7,-8.101310617641094,-7.7352105434089875,-0.3661000742321061
2025-09-11,LASSO,7,-8.766447689945338,-8.006425792321606,-0.7600218976237318
2025-09-12,LASSO,7,-9.267364905921823,-8.097878540613028,-1.1694863653087957
2025-09-13,LASSO,7,-10.6050280488101,-8.779264811210513,-1.8257632375995865
2025-09-14,LASSO,7,-10.133520913612236,-8.950836364004605,-1.1826845496076306
2025-09-15,LASSO,7,-7.891930026244774,-8.198931448794658,0.3070014225498845
2025-09-16,LASSO,7,-8.692216418426757,-8.29266081112624,-0.39955560730051687
2025-09-17,LASSO,7,-8.715111261187413,-7.97501368976586,-0.7400975714215532
2025-09-18,LASSO,7,-7.797766269227527,-8.179349376654432,0.3815831074269056
2025-09-19,LASSO,7,-8.199318457410062,-8.424166688487425,0.22484823107736318
2025-09-20,LASSO,7,-10.290127372923022,-9.217453064294089,-1.0726743086289332
2025-09-21,LASSO,7,-9.254128583110203,-8.89494412578609,-0.35918445732411364
2025-09-22,LASSO,7,-8.541521038784206,-7.806131149239314,-0.7353898895448916
2025-09-23,LASSO,7,-8.603434629923894,-8.151807107591502,-0.4516275223323927
2025-09-24,LASSO,7,-8.240112062129832,-8.12797221349399,-0.11213984863584159
2025-09-25,LASSO,7,-8.296715658902626,-7.789262950257679,-0.507452708644947
2025-09-26,LASSO,7,-7.823921809963694,-7.955437938777499,0.13151612881380537
2025-09-27,LASSO,7,-9.45214532988536,-9.069866272483143,-0.3822790574022168
2025-09-28,LASSO,7,-7.695218782358524,-8.697184907122837,1.001966124764313
2025-09-29,LASSO,7,-8.01510033381816,-8.158897154475518,0.143796820657359
2025-09-30,LASSO,7,-7.842639336975692,-7.622022361960081,-0.22061697501561106
2025-10-01,LASSO,7,-8.002081163490216,-7.957649792105952,-0.04443137138426323
2025-10-02,LASSO,7,-8.012382804006961,-7.839744819219674,-0.1726379847872872
2025-10-03,LASSO,7,-4.587612791666304,-7.833497270906303,3.245884479239999
2025-10-04,LASSO,7,-7.115722376608375,-9.362504448600099,2.246782071991724
2025-10-05,LASSO,7,-7.1264281234111495,-7.897656402193679,0.7712282787825293
2025-10-06,LASSO,7,-7.601098600323596,-7.9779768608090444,0.3768782604854488
2025-10-07,LASSO,7,-7.344241412122854,-7.836213136191948,0.49197172406909395
2025-10-08,LASSO,7,-7.591723650096573,-7.889775660803739,0.298052010707166
2025-10-09,LASSO,7,-6.905012356907999,-7.836737334307215,0.9317249773992158
2025-10-10,LASSO,7,-7.053262415309131,-6.33894587581196,-0.7143165394971716
2025-10-11,LASSO,7,-8.645181515778779,-7.490649889818081,-1.154531625960698
2025-10-12,LASSO,7,-7.946925952270387,-7.390886542794006,-0.556039409476381
2025-10-13,LASSO,7,-7.702435877483535,-7.699333145092342,-0.003102732391193186
2025-10-14,LASSO,7,-6.814365684609184,-7.542729244241102,0.7283635596319176
2025-10-15,LASSO,7,-7.329678651800407,-7.765313502177809,0.4356348503774017
2025-10-16,LASSO,7,-7.503043703626393,-7.305335619788055,-0.1977080838383376
2025-10-17,LASSO,7,-8.016664491858316,-7.522108633975491,-0.4945558578828253
2025-10-18,LASSO,7,-9.436012357444428,-8.40542309152617,-1.0305892659182572
2025-10-19,LASSO,7,-8.127811371886041,-7.8980325281595105,-0.2297788437265309
2025-10-20,LASSO,7,-8.31020361926275,-7.779623675726068,-0.5305799435366829
2025-10-21,LASSO,7,-7.874738990868753,-7.168299644876541,-0.7064393459922123
2025-10-22,LASSO,7,-7.054000148404952,-7.44504429212344,0.3910441437184886
2025-10-23,LASSO,7,-7.043093926149241,-7.6739053615905854,0.6308114354413448
2025-10-24,LASSO,7,-7.299625987456839,-7.912301199019757,0.6126752115629186
2025-10-25,LASSO,7,-9.102269176611976,-8.735538532712795,-0.36673064389918153
2025-10-26,LASSO,7,-8.604699637140742,-8.156851156989223,-0.447848480151519
2025-10-27,LASSO,7,-7.27163389114966,-8.037845630972905,0.7662117398232446
2025-10-28,LASSO,7,-6.542526955726167,-7.875587915628013,1.3330609599018457
2025-10-29,LASSO,7,-7.130332009579842,-7.484388453617644,0.354056444037802
2025-10-30,LASSO,7,-7.168157359718235,-7.491480155813332,0.3233227960950975
2025-10-31,LASSO,7,-7.037002738488869,-7.607433992231022,0.5704312537421528
2025-11-01,LASSO,7,-8.218470766094887,-8.32016628650863,0.10169552041374352
2025-11-02,LASSO,7,-7.88633221123335,-8.279216492593815,0.39288428136046427
2025-11-03,LASSO,7,-7.707023434157362,-7.575381376917127,-0.13164205724023503
2025-11-04,LASSO,7,-7.4421296812380255,-7.235694585723869,-0.2064350955141565
2025-11-05,LASSO,7,-7.572570868483227,-7.577577455495814,0.005006587012586827
2025-11-06,LASSO,7,-7.0002820840938105,-7.475483129601829,0.4752010455080189
2025-11-07,LASSO,7,-6.384560789541653,-7.475797571500827,1.0912367819591742
2025-11-08,LASSO,7,-7.714310407924918,-8.017990155236095,0.3036797473111772
2025-11-09,LASSO,7,-7.175102452523699,-7.883491924541669,0.70838947201797
2025-11-10,LASSO,7,-6.993087708054424,-7.690533894509641,0.6974461864552168
2025-11-11,LASSO,7,-6.75464809359329,-7.66542011489555,0.9107720213022601
2025-11-12,LASSO,7,-6.988105858772633,-7.768284733230011,0.7801788744573788
2025-11-13,LASSO,7,-6.842480066767818,-7.448304205646842,0.605824138879024
2025-11-14,LASSO,7,-5.7867108645783665,-7.207732856050249,1.421021991471883
2025-11-15,LASSO,7,-7.555518494073084,-7.908931651046606,0.35341315697352194
2025-11-16,LASSO,7,-7.596708359678786,-7.5390549881096645,-0.057653371569121425
2025-11-17,LASSO,7,-6.969901638005364,-7.452947894864299,0.4830462568589349
2025-11-18,LASSO,7,-7.231650335428167,-7.321609964314098,0.08995962888593123
2025-11-19,LASSO,7,-7.364305501511629,-7.301760952390905,-0.06254454912072482
2025-11-20,LASSO,7,-7.879568199495125,-7.434006899660845,-0.4455612998342806
2025-11-21,LASSO,7,-7.694293783175389,-6.915768419013857,-0.7785253641615313
2025-11-22,LASSO,7,-8.832361523993656,-7.760421733054816,-1.0719397909388402
2025-11-23,LASSO,7,-8.56370363864505,-7.741429461741541,-0.8222741769035089
2025-11-24,LASSO,7,-6.7205038180139995,-7.427234897698863,0.7067310796848636
2025-11-25,LASSO,7,-7.166694063037643,-7.475560308290203,0.3088662452525597
2025-11-26,LASSO,7,-6.799725179739331,-7.624886088158273,0.8251609084189413
2025-11-27,LASSO,7,-7.278058894103278,-7.993968499703844,0.715909605600566
2025-11-28,LASSO,7,-7.384608832790334,-7.759827601896739,0.3752187691064055
2025-11-29,LASSO,7,-8.780922005770533,-8.431464865974592,-0.3494571397959412
2025-11-30,LASSO,7,-7.414740413919735,-8.240610671581564,0.8258702576618289
2025-12-01,LASSO,7,-7.457035504573326,-7.2531464384825135,-0.20388906609081214
2025-12-02,LASSO,7,-7.256857420158548,-7.544920351205824,0.28806293104727576
2025-12-03,LASSO,7,-7.058992929899828,-7.396538972231736,0.33754604233190744
2025-12-04,LASSO,7,-7.347794785273569,-7.636422072319186,0.2886272870456166
2025-12-05,LASSO,7,-7.561466219241837,-7.724425416269465,0.16295919702762784
2025-12-06,LASSO,7,-9.696511840594232,-8.39501551300598,-1.3014963275882518
2025-12-07,LASSO,7,-8.293293428630856,-7.619289521256655,-0.6740039073742006
2025-12-08,LASSO,7,-7.227863026447627,-7.634909544805645,0.4070465183580181
2025-12-09,LASSO,7,-7.710960999236119,-7.525377202638897,-0.18558379659722135
2025-12-10,LASSO,7,-6.682453263792524,-7.410747451868888,0.7282941880763643
2025-12-11,LASSO,7,-6.740374624315311,-7.572260166847747,0.8318855425324365
2025-12-12,LASSO,7,-7.020317942574881,-7.690053685563709,0.669735742988828
2025-12-13,LASSO,7,-9.6115694039447,-8.890813914144685,-0.7207554898000144
2025-12-14,LASSO,7,-8.628519475678901,-8.068947612614743,-0.5595718630641588
2025-12-15,LASSO,7,-7.534308322325102,-7.506307403202739,-0.02800091912236269
2025-12-16,LASSO,7,-7.663101554070803,-7.73639908926303,0.07329753519222759
2025-12-17,LASSO,7,-8.228128764798534,-7.130508899657275,-1.097619865141259
2025-12-18,LASSO,7,-8.643584150115842,-7.31596486250589,-1.3276192876099522
2025-12-19,LASSO,7,-7.837277913270711,-7.492839874362796,-0.34443803890791447
2025-12-20,LASSO,7,-10.1372374475085,-8.755270673687992,-1.3819667738205084
2025-12-21,LASSO,7,-9.816705351087146,-8.43023722970969,-1.3864681213774563
2025-12-22,LASSO,7,-7.7426847782524995,-7.680553949544189,-0.06213082870831066
2025-12-23,LASSO,7,-8.070003787107389,-7.6495601901431955,-0.4204435969641933
2025-12-24,LASSO,7,-8.62278542607784,-7.93314339624453,-0.6896420298333101
