date,model,h,y_true,y_pred,error
2024-06-29,RIDGE,1,-8.047431954150777,-8.333577666318988,0.28614571216821005
2024-06-30,RIDGE,1,-8.0094388103616,-7.7850883896018095,-0.22435042075978995
2024-07-01,RIDGE,1,-8.415744212880016,-8.046266592024981,-0.36947762085503477
2024-07-02,RIDGE,1,-7.590110308893971,-8.292603545082237,0.7024932361882659
2024-07-03,RIDGE,1,-6.7568326341271066,-7.744315325006647,0.9874826908795402
2024-07-04,RIDGE,1,-6.028709939198225,-7.693932944964092,1.665223005765867
2024-07-05,RIDGE,1,-7.82183717488344,-6.918058375300506,-0.9037787995829341
2024-07-06,RIDGE,1,-7.599232953126869,-7.850048452557008,0.25081549943013925
2024-07-07,RIDGE,1,-6.2016000220281144,-7.393388780148975,1.1917887581208602
2024-07-08,RIDGE,1,-7.13201098663784,-6.810975721585609,-0.321035265052231
2024-07-09,RIDGE,1,-7.364155934126495,-7.4922498382091085,0.1280939040826139
2024-07-10,RIDGE,1,-6.970855511693713,-7.118424456553768,0.14756894486005478
2024-07-11,RIDGE,1,-7.461112349654011,-6.983935983251367,-0.4771763664026434
2024-07-12,RIDGE,1,-8.001579020126183,-7.64587771069553,-0.35570130943065337
2024-07-13,RIDGE,1,-7.503141944073601,-7.755005332194304,0.25186338812070286
2024-07-14,RIDGE,1,-7.10151927124952,-7.35592060905704,0.2544013378075194
2024-07-15,RIDGE,1,-6.8751174522895955,-7.34359344728859,0.46847599499899495
2024-07-16,RIDGE,1,-7.273310670983561,-7.298312850726351,0.025002179742790176
2024-07-17,RIDGE,1,-7.590004120123674,-6.963043885783154,-0.6269602343405198
2024-07-18,RIDGE,1,-7.361953880672214,-7.348911692635321,-0.013042188036893165
2024-07-19,RIDGE,1,-8.183252874840827,-7.487475670940418,-0.6957772039004091
2024-07-20,RIDGE,1,-7.540508981035038,-7.819852779141214,0.2793437981061757
2024-07-21,RIDGE,1,-7.831068909072291,-7.424338962287351,-0.40672994678494057
2024-07-22,RIDGE,1,-7.504319171318432,-7.374745003925866,-0.12957416739256633
2024-07-23,RIDGE,1,-7.715830478728725,-7.468965939000293,-0.24686453972843125
2024-07-24,RIDGE,1,-7.1111013620300145,-8.010877236910197,0.8997758748801825
2024-07-25,RIDGE,1,-7.731151246587125,-7.657791901749176,-0.07335934483794837
2024-07-26,RIDGE,1,-6.6745965844828605,-8.070982872542048,1.3963862880591877
2024-07-27,RIDGE,1,-8.297723232050007,-7.636945537179633,-0.6607776948703741
2024-07-28,RIDGE,1,-7.220642471062432,-8.014434525177471,0.7937920541150385
2024-07-29,RIDGE,1,-7.567743991658627,-7.172505717314002,-0.3952382743446252
2024-07-30,RIDGE,1,-7.537578973039193,-7.318387358128269,-0.21919161491092432
2024-07-31,RIDGE,1,-7.134693601377736,-7.877279811791482,0.7425862104137462
2024-08-01,RIDGE,1,-6.728020741506768,-7.198348344920882,0.4703276034141144
2024-08-02,RIDGE,1,-7.102715268773577,-6.9559883083998555,-0.14672696037372113
2024-08-03,RIDGE,1,-6.901570663299103,-7.060382951701594,0.1588122884024905
2024-08-04,RIDGE,1,-4.331832929576587,-6.96733869838984,2.6355057688132533
2024-08-05,RIDGE,1,-6.129507554817753,-5.090094722850779,-1.039412831966974
2024-08-06,RIDGE,1,-6.56821202032419,-6.964100503819594,0.39588848349540395
2024-08-07,RIDGE,1,-5.881456842610719,-6.712859506649509,0.8314026640387899
2024-08-08,RIDGE,1,-6.5521594278707,-6.604023470297396,0.051864042426696066
2024-08-09,RIDGE,1,-8.164746233335169,-7.159308273950446,-1.0054379593847234
2024-08-10,RIDGE,1,-7.347966273268356,-7.1896491750621845,-0.15831709820617146
2024-08-11,RIDGE,1,-6.301581779560638,-6.9620731319574,0.6604913523967619
2024-08-12,RIDGE,1,-7.032064393779834,-7.018245956293616,-0.013818437486217583
2024-08-13,RIDGE,1,-7.145182948564176,-7.32743185527855,0.18224890671437421
2024-08-14,RIDGE,1,-6.782869713050387,-7.275067764318204,0.4921980512678168
2024-08-15,RIDGE,1,-6.993243057300741,-7.405405905825163,0.41216284852442264
2024-08-16,RIDGE,1,-8.93414336978374,-7.727426363546929,-1.2067170062368113
2024-08-17,RIDGE,1,-8.090430304827276,-7.8953155917209505,-0.19511471310632533
2024-08-18,RIDGE,1,-7.395852713362074,-7.480023637289232,0.08417092392715819
2024-08-19,RIDGE,1,-7.252727153074581,-6.932927959480613,-0.31979919359396813
2024-08-20,RIDGE,1,-7.122737507461557,-7.069865168456925,-0.052872339004632174
2024-08-21,RIDGE,1,-7.663977474896019,-7.342746067464934,-0.32123140743108536
2024-08-22,RIDGE,1,-6.8510987312401355,-7.6861067007725445,0.8350079695324091
2024-08-23,RIDGE,1,-8.299722443510342,-8.263713673797444,-0.03600876971289857
2024-08-24,RIDGE,1,-8.590906417273768,-8.03447307333794,-0.5564333439358276
2024-08-25,RIDGE,1,-7.848062431939034,-7.017330271634294,-0.8307321603047404
2024-08-26,RIDGE,1,-6.578074293173222,-7.022666538394814,0.44459224522159246
2024-08-27,RIDGE,1,-6.625319225980788,-6.710112536707124,0.08479331072633567
2024-08-28,RIDGE,1,-7.220716390846805,-6.646068134991563,-0.5746482558552417
2024-08-29,RIDGE,1,-7.355348084977686,-8.19837794170934,0.8430298567316541
2024-08-30,RIDGE,1,-9.250891127347398,-7.615752919244272,-1.6351382081031254
2024-08-31,RIDGE,1,-7.427050700993551,-8.466764662994013,1.0397139620004623
2024-09-01,RIDGE,1,-7.578986184704846,-7.513277275272817,-0.06570890943202823
2024-09-02,RIDGE,1,-7.813351757199836,-7.6367277295708496,-0.17662402762898655
2024-09-03,RIDGE,1,-6.5034602127886165,-7.202002342553409,0.6985421297647925
2024-09-04,RIDGE,1,-6.940360945467537,-6.8526458338184995,-0.08771511164903778
2024-09-05,RIDGE,1,-6.522114937682515,-7.047746024575315,0.5256310868928002
2024-09-06,RIDGE,1,-8.259113009436971,-7.0001154039789855,-1.258997605457986
2024-09-07,RIDGE,1,-7.6986759889953715,-7.685162215384073,-0.013513773611298241
2024-09-08,RIDGE,1,-7.142083192560166,-7.064225469076513,-0.07785772348365327
2024-09-09,RIDGE,1,-7.454039970224542,-7.194047382076347,-0.2599925881481955
2024-09-10,RIDGE,1,-6.9566648361472945,-7.647020799442982,0.6903559632956879
2024-09-11,RIDGE,1,-7.375311173852939,-7.312686317884757,-0.06262485596818212
2024-09-12,RIDGE,1,-7.641682246432809,-7.8837093395302125,0.24202709309740378
2024-09-13,RIDGE,1,-8.772444578271369,-7.720760476250943,-1.0516841020204257
2024-09-14,RIDGE,1,-8.222190817885775,-7.5942493688408454,-0.6279414490449291
2024-09-15,RIDGE,1,-7.505284819602623,-7.768956696189073,0.2636718765864501
2024-09-16,RIDGE,1,-7.206662096750963,-7.182275202466206,-0.024386894284757155
2024-09-17,RIDGE,1,-7.000512980515621,-7.221978359693653,0.22146537917803144
2024-09-18,RIDGE,1,-7.40385524870723,-7.550407363648814,0.14655211494158404
2024-09-19,RIDGE,1,-7.62533614746632,-7.564142081711405,-0.06119406575491482
2024-09-20,RIDGE,1,-9.118912980170885,-8.07081267353541,-1.0481003066354742
2024-09-21,RIDGE,1,-8.210854186197356,-8.539534782932805,0.3286805967354489
2024-09-22,RIDGE,1,-7.594933488516639,-7.478986086841319,-0.11594740167531992
2024-09-23,RIDGE,1,-7.695982377007085,-7.468204804616579,-0.22777757239050622
2024-09-24,RIDGE,1,-7.912236774178686,-7.418280916562564,-0.4939558576161218
2024-09-25,RIDGE,1,-7.548593418115738,-7.819901580225467,0.2713081621097295
2024-09-26,RIDGE,1,-8.156771512470494,-7.897464844259907,-0.2593066682105869
2024-09-27,RIDGE,1,-9.137411157807458,-7.611716677005197,-1.5256944808022608
2024-09-28,RIDGE,1,-9.22010927366513,-8.179629170793408,-1.0404801028717223
2024-09-29,RIDGE,1,-7.657672162115085,-7.870213697754521,0.21254153563943667
2024-09-30,RIDGE,1,-7.16418081548918,-7.5829358241655935,0.41875500867641335
2024-10-01,RIDGE,1,-6.873239201215958,-7.487218920057449,0.6139797188414908
2024-10-02,RIDGE,1,-7.372161845921349,-6.504877599085966,-0.867284246835383
2024-10-03,RIDGE,1,-7.762377171311247,-7.395610917288054,-0.36676625402319285
2024-10-04,RIDGE,1,-9.410517858234718,-8.116820659187903,-1.2936971990468145
2024-10-05,RIDGE,1,-8.859802514595454,-8.287677206140156,-0.5721253084552984
2024-10-06,RIDGE,1,-7.354846982929903,-7.8399402437209975,0.4850932607910945
2024-10-07,RIDGE,1,-7.717832727168758,-7.326561885804702,-0.3912708413640553
2024-10-08,RIDGE,1,-7.9430170498383745,-7.691655932675512,-0.2513611171628627
2024-10-09,RIDGE,1,-7.587117550241822,-7.560747546644793,-0.026370003597029346
2024-10-10,RIDGE,1,-7.8173580785041725,-7.560171827129727,-0.2571862513744456
2024-10-11,RIDGE,1,-8.746814229333626,-8.153744080723746,-0.5930701486098808
2024-10-12,RIDGE,1,-8.44461347063351,-7.732357562137911,-0.7122559084955986
2024-10-13,RIDGE,1,-7.511216222523129,-7.826106038306151,0.31488981578302244
2024-10-14,RIDGE,1,-6.879154515339575,-7.376089458544632,0.4969349432050567
2024-10-15,RIDGE,1,-7.561391084229369,-7.169396486583052,-0.39199459764631683
2024-10-16,RIDGE,1,-7.954807249048968,-7.61429649458575,-0.3405107544632182
2024-10-17,RIDGE,1,-7.899727601495052,-8.100380909179444,0.2006533076843917
2024-10-18,RIDGE,1,-9.798785632524316,-8.586782366894194,-1.2120032656301216
2024-10-19,RIDGE,1,-9.000277471682907,-9.157352817016072,0.15707534533316547
2024-10-20,RIDGE,1,-7.724745468477852,-8.029131959489574,0.304386491011722
2024-10-21,RIDGE,1,-7.774179791525233,-7.514379223892649,-0.25980056763258386
2024-10-22,RIDGE,1,-7.863362515397026,-7.63633327655106,-0.22702923884596604
2024-10-23,RIDGE,1,-8.018551193752419,-7.338707527155807,-0.6798436665966117
2024-10-24,RIDGE,1,-6.898530866282754,-7.5010759929122,0.6025451266294457
2024-10-25,RIDGE,1,-8.921658190779526,-7.243885591942586,-1.67777259883694
2024-10-26,RIDGE,1,-9.079636360099444,-8.222259338420578,-0.8573770216788663
2024-10-27,RIDGE,1,-7.784069601964099,-7.808232885832843,0.024163283868744223
2024-10-28,RIDGE,1,-7.368623299413477,-7.309594230207137,-0.05902906920633999
2024-10-29,RIDGE,1,-7.512997901045132,-7.573946768485791,0.06094886744065864
2024-10-30,RIDGE,1,-7.671750079550882,-7.586282408886028,-0.08546767066485383
2024-10-31,RIDGE,1,-6.998467037027406,-7.413739734346232,0.41527269731882654
2024-11-01,RIDGE,1,-8.813773417610177,-7.379933877734584,-1.433839539875593
2024-11-02,RIDGE,1,-7.784664629556363,-8.3030302396466,0.5183656100902363
2024-11-03,RIDGE,1,-7.509206844606907,-7.275648756030662,-0.2335580885762445
2024-11-04,RIDGE,1,-7.320254941313007,-6.907140328693571,-0.41311461261943627
2024-11-05,RIDGE,1,-6.357178323463686,-7.492767320459226,1.1355889969955397
2024-11-06,RIDGE,1,-7.505193457512192,-7.0224546356166915,-0.48273882189550044
2024-11-07,RIDGE,1,-7.882091528500882,-8.10570570925652,0.22361418075563844
2024-11-08,RIDGE,1,-8.951124037321541,-8.124600381773512,-0.82652365554803
2024-11-09,RIDGE,1,-6.982350958300895,-7.645169005053178,0.6628180467522835
2024-11-10,RIDGE,1,-6.610143513022823,-7.010390958889646,0.4002474458668228
2024-11-11,RIDGE,1,-5.89742196217559,-7.371205555647909,1.4737835934723185
2024-11-12,RIDGE,1,-5.970825445834223,-6.5706969523372,0.5998715065029767
2024-11-13,RIDGE,1,-6.298780197423048,-6.749591333510478,0.4508111360874292
2024-11-14,RIDGE,1,-6.69026855754187,-6.57186063774563,-0.11840791979624044
2024-11-15,RIDGE,1,-7.962925402749825,-6.920025714268446,-1.0428996884813788
2024-11-16,RIDGE,1,-7.719913234094788,-7.356469056712021,-0.36344417738276746
2024-11-17,RIDGE,1,-6.813641525214108,-6.721265023146425,-0.09237650206768322
2024-11-18,RIDGE,1,-7.123061515534054,-6.662073631927052,-0.46098788360700205
2024-11-19,RIDGE,1,-7.349584827177568,-6.922040015738806,-0.42754481143876255
2024-11-20,RIDGE,1,-6.9277588146226785,-7.280190716873223,0.35243190225054466
2024-11-21,RIDGE,1,-7.639603303246092,-7.405030693462003,-0.234572609784089
2024-11-22,RIDGE,1,-8.458730870211758,-7.90809817941473,-0.5506326907970278
2024-11-23,RIDGE,1,-7.906636805257383,-8.065338066626158,0.15870126136877438
2024-11-24,RIDGE,1,-6.845783544407805,-7.452835513178692,0.6070519687708869
2024-11-25,RIDGE,1,-6.704121318827724,-6.747012998731668,0.042891679903943825
2024-11-26,RIDGE,1,-7.421131408187987,-6.593661683931508,-0.8274697242564795
2024-11-27,RIDGE,1,-7.777480941685613,-7.37862776401876,-0.3988531776668527
2024-11-28,RIDGE,1,-7.7915055329164575,-7.171581505836079,-0.619924027080379
2024-11-29,RIDGE,1,-8.944575839059315,-7.187268459460006,-1.7573073795993093
2024-11-30,RIDGE,1,-8.526681786585359,-7.691535902375564,-0.835145884209795
2024-12-01,RIDGE,1,-7.2277762188452845,-7.680662123956689,0.4528859051114047
2024-12-02,RIDGE,1,-7.477860175072574,-7.419906672593337,-0.05795350247923725
2024-12-03,RIDGE,1,-7.352016227925319,-7.552811289036484,0.2007950611111644
2024-12-04,RIDGE,1,-5.520755763032788,-7.586407020716075,2.065651257683287
2024-12-05,RIDGE,1,-7.056676956855624,-6.737720203433923,-0.31895675342170016
2024-12-06,RIDGE,1,-8.28612317218258,-7.023129386463703,-1.2629937857188764
2024-12-07,RIDGE,1,-8.152794625419403,-7.422239202671621,-0.7305554227477824
2024-12-08,RIDGE,1,-6.452164940538162,-7.064583260940178,0.6124183204020159
2024-12-09,RIDGE,1,-6.668355412158304,-6.486465293487755,-0.18189011867054905
2024-12-10,RIDGE,1,-7.380414836630238,-7.35403240643704,-0.026382430193198303
2024-12-11,RIDGE,1,-7.347004798406336,-7.21213084557061,-0.13487395283572567
2024-12-12,RIDGE,1,-7.800269430130499,-7.006224155988746,-0.7940452741417534
2024-12-13,RIDGE,1,-8.329129180116265,-7.473376413399803,-0.8557527667164617
2024-12-14,RIDGE,1,-7.954173621957407,-7.721090830046104,-0.2330827919113032
2024-12-15,RIDGE,1,-7.167863912303163,-7.722691816050277,0.554827903747114
2024-12-16,RIDGE,1,-7.46114260237137,-7.079413444517999,-0.38172915785337125
2024-12-17,RIDGE,1,-6.653480385951037,-7.074073784861779,0.420593398910742
2024-12-18,RIDGE,1,-6.215955295754829,-5.9858007629589185,-0.23015453279591025
2024-12-19,RIDGE,1,-6.2286006577328035,-7.16228312791051,0.9336824701777067
2024-12-20,RIDGE,1,-7.472773492215739,-6.541254172116197,-0.9315193200995422
2024-12-21,RIDGE,1,-7.349660055218582,-7.060245795850503,-0.28941425936807885
2024-12-22,RIDGE,1,-6.8404400613287955,-6.736562587658438,-0.10387747367035782
2024-12-23,RIDGE,1,-7.374187208078972,-6.638953703008211,-0.7352335050707612
2024-12-24,RIDGE,1,-7.715762789103233,-7.225056747311578,-0.4907060417916549
2024-12-25,RIDGE,1,-7.307697534873444,-7.299153572945285,-0.008543961928158872
2024-12-26,RIDGE,1,-7.106588924470662,-7.137877808180783,0.03128888371012106
2024-12-27,RIDGE,1,-8.634132442724063,-7.203326196894954,-1.4308062458291086
2024-12-28,RIDGE,1,-8.326756050975344,-7.783470263953309,-0.5432857870220351
2024-12-29,RIDGE,1,-7.3543943334481,-7.598610536972234,0.2442162035241333
2024-12-30,RIDGE,1,-7.276893060792656,-7.230394971245913,-0.04649808954674306
2024-12-31,RIDGE,1,-8.238782332690736,-7.388685302368949,-0.8500970303217867
2025-01-01,RIDGE,1,-7.367896287600902,-7.828902057902658,0.4610057703017558
2025-01-02,RIDGE,1,-8.097617541330267,-7.410692509704777,-0.6869250316254902
2025-01-03,RIDGE,1,-9.19804542909942,-7.997850150822982,-1.2001952782764373
2025-01-04,RIDGE,1,-8.787325094170878,-8.29594048636075,-0.4913846078101276
2025-01-05,RIDGE,1,-7.415021751205516,-8.066973257899301,0.6519515066937851
2025-01-06,RIDGE,1,-7.590481289361926,-7.335788783890177,-0.25469250547174926
2025-01-07,RIDGE,1,-6.90681582272137,-7.965643765209305,1.0588279424879348
2025-01-08,RIDGE,1,-6.968115739055578,-7.684374851635805,0.7162591125802269
2025-01-09,RIDGE,1,-6.709305206835529,-7.174465137514712,0.4651599306791834
2025-01-10,RIDGE,1,-8.995729032967116,-7.224531827589894,-1.7711972053772218
2025-01-11,RIDGE,1,-8.852150045924287,-7.958289706053073,-0.8938603398712139
2025-01-12,RIDGE,1,-6.553319507908563,-7.668512840382271,1.1151933324737078
2025-01-13,RIDGE,1,-7.303486208762694,-7.2340465734988175,-0.0694396352638762
2025-01-14,RIDGE,1,-7.312096925574036,-7.555406898642467,0.24330997306843116
2025-01-15,RIDGE,1,-7.391486709026281,-7.549209378463617,0.15772266943733637
2025-01-16,RIDGE,1,-7.511145310148465,-7.2040750861340985,-0.30707022401436657
2025-01-17,RIDGE,1,-7.438401020768668,-7.888284703994642,0.4498836832259734
2025-01-18,RIDGE,1,-6.148112404271952,-7.6653908628921785,1.5172784586202264
2025-01-19,RIDGE,1,-5.214773987217453,-6.931754579515121,1.7169805922976682
2025-01-20,RIDGE,1,-6.34915971482197,-6.5000012563147695,0.1508415414927997
2025-01-21,RIDGE,1,-7.594519813201731,-6.588812638665335,-1.0057071745363961
2025-01-22,RIDGE,1,-5.989812005402478,-6.184724529030976,0.19491252362849742
2025-01-23,RIDGE,1,-7.355564283258395,-6.077881358310853,-1.277682924947542
2025-01-24,RIDGE,1,-8.788612678268954,-7.238305061607862,-1.550307616661092
2025-01-25,RIDGE,1,-8.623226788453762,-7.350067835405269,-1.273158953048493
2025-01-26,RIDGE,1,-6.548166225847454,-7.482370014526156,0.934203788678702
2025-01-27,RIDGE,1,-7.335119722465245,-6.305278477587363,-1.0298412448778818
2025-01-28,RIDGE,1,-7.350021545427285,-6.671363366150262,-0.678658179277023
2025-01-29,RIDGE,1,-7.86523565131056,-7.064173212474824,-0.8010624388357366
2025-01-30,RIDGE,1,-7.64515655585875,-7.595701875917012,-0.049454679941738355
2025-01-31,RIDGE,1,-8.395509658549456,-7.821590372460152,-0.5739192860893034
2025-02-01,RIDGE,1,-7.035755186208709,-8.269816716153063,1.2340615299443538
2025-02-02,RIDGE,1,-5.95199845728886,-7.231060535178938,1.279062077890078
2025-02-03,RIDGE,1,-6.579587906443687,-6.709606902987442,0.13001899654375482
2025-02-04,RIDGE,1,-7.222214210843608,-7.21194177210686,-0.01027243873674788
2025-02-05,RIDGE,1,-7.456911400328808,-6.981119137629426,-0.47579226269938246
2025-02-06,RIDGE,1,-7.097257483150888,-7.1260538842119105,0.028796401061022436
2025-02-07,RIDGE,1,-8.810076811866075,-7.359848649547452,-1.4502281623186235
2025-02-08,RIDGE,1,-8.10773415201615,-7.985874610653524,-0.12185954136262556
2025-02-09,RIDGE,1,-7.786812840962016,-7.300214634894761,-0.4865982060672547
2025-02-10,RIDGE,1,-8.095685364957285,-7.821901490816039,-0.2737838741412464
2025-02-11,RIDGE,1,-6.962691557561749,-7.945871492684242,0.983179935122493
2025-02-12,RIDGE,1,-7.850939573833918,-7.307243665497182,-0.5436959083367352
2025-02-13,RIDGE,1,-7.6048640411791055,-7.509116654229353,-0.09574738694975249
2025-02-14,RIDGE,1,-9.31204237724052,-7.207436435303091,-2.104605941937429
2025-02-15,RIDGE,1,-9.354075786569943,-7.992380485279578,-1.3616953012903652
2025-02-16,RIDGE,1,-8.328308753403542,-7.9451418361486965,-0.38316691725484553
2025-02-17,RIDGE,1,-7.735386570485104,-7.6962498646228115,-0.03913670586229223
2025-02-18,RIDGE,1,-8.074161026658576,-7.480516505014825,-0.5936445216437507
2025-02-19,RIDGE,1,-8.388064413225592,-7.802204118835012,-0.5858602943905806
2025-02-20,RIDGE,1,-7.422492670788367,-8.254364543304483,0.8318718725161158
2025-02-21,RIDGE,1,-9.351071668633756,-7.64198733189857,-1.7090843367351853
2025-02-22,RIDGE,1,-9.327182940847992,-8.17626231816026,-1.1509206226877318
2025-02-23,RIDGE,1,-7.366790273234517,-8.591917506616733,1.2251272333822163
2025-02-24,RIDGE,1,-6.241011939761488,-7.505801652881977,1.2647897131204893
2025-02-25,RIDGE,1,-6.08442226100039,-7.070464414930829,0.9860421539304385
2025-02-26,RIDGE,1,-6.878853344044446,-7.0300153571946105,0.15116201315016475
2025-02-27,RIDGE,1,-5.588570041559089,-7.375667700317916,1.7870976587588263
2025-02-28,RIDGE,1,-7.482186017843935,-6.929418491980977,-0.5527675258629579
2025-03-01,RIDGE,1,-6.026685262486463,-7.1744172716457495,1.1477320091592862
2025-03-02,RIDGE,1,-6.005721130764149,-7.001841896660329,0.9961207658961797
2025-03-03,RIDGE,1,-5.832575425345344,-6.573053060554771,0.7404776352094267
2025-03-04,RIDGE,1,-6.528431978871631,-6.543176336492758,0.014744357621126802
2025-03-05,RIDGE,1,-6.412729998936713,-6.730084983148419,0.3173549842117067
2025-03-06,RIDGE,1,-5.651155219226064,-6.8880530060950145,1.2368977868689504
2025-03-07,RIDGE,1,-7.82002049036847,-6.228885762261506,-1.5911347281069634
2025-03-08,RIDGE,1,-7.116223896566312,-7.137347106587735,0.02112321002142359
2025-03-09,RIDGE,1,-5.949376876735946,-6.835377843647058,0.8860009669111122
2025-03-10,RIDGE,1,-6.2051256349718855,-6.106518320952844,-0.09860731401904133
2025-03-11,RIDGE,1,-6.9226794457074154,-6.545063353781242,-0.37761609192617307
2025-03-12,RIDGE,1,-7.250092425539886,-7.094944500085488,-0.15514792545439882
2025-03-13,RIDGE,1,-7.447118934719969,-7.166928548118646,-0.28019038660132267
2025-03-14,RIDGE,1,-8.898459551988159,-7.926145108217549,-0.9723144437706104
2025-03-15,RIDGE,1,-7.329432996679352,-8.501351481907257,1.1719184852279048
2025-03-16,RIDGE,1,-7.67080326390782,-6.76206880286979,-0.9087344610380299
2025-03-17,RIDGE,1,-7.616041619926752,-7.215712706001751,-0.4003289139250006
2025-03-18,RIDGE,1,-7.472221310413124,-7.714795097019977,0.2425737866068527
2025-03-19,RIDGE,1,-7.439639310421675,-7.373397948207755,-0.06624136221391996
2025-03-20,RIDGE,1,-7.976296204139535,-7.792375497726901,-0.1839207064126338
2025-03-21,RIDGE,1,-9.81200323221424,-8.17078853399842,-1.6412146982158191
2025-03-22,RIDGE,1,-8.77472856117907,-8.354727493285585,-0.42000106789348557
2025-03-23,RIDGE,1,-7.738805643991428,-8.424253925119126,0.6854482811276981
2025-03-24,RIDGE,1,-7.907900185694711,-7.428797309342124,-0.4791028763525871
2025-03-25,RIDGE,1,-7.926440425992742,-7.215695029558317,-0.710745396434425
2025-03-26,RIDGE,1,-8.15773669999174,-7.627734776328987,-0.530001923662752
2025-03-27,RIDGE,1,-7.842789124023152,-7.634241215771336,-0.20854790825181624
2025-03-28,RIDGE,1,-8.003994184702773,-8.010025831333824,0.006031646631051046
2025-03-29,RIDGE,1,-8.165887428032145,-7.959447046580501,-0.20644038145164334
2025-03-30,RIDGE,1,-7.254418259891095,-7.530402916674327,0.2759846567832325
2025-03-31,RIDGE,1,-7.756757128271761,-7.374344905051726,-0.3824122232200349
2025-04-01,RIDGE,1,-6.587482790091052,-7.425948763002527,0.8384659729114752
2025-04-02,RIDGE,1,-7.252194880144823,-7.360230517875866,0.10803563773104319
2025-04-03,RIDGE,1,-6.63516370951007,-7.169201603634115,0.5340378941240456
2025-04-04,RIDGE,1,-8.681969956851141,-5.903085490610872,-2.778884466240269
2025-04-05,RIDGE,1,-7.188412492677708,-7.532615665660597,0.3442031729828887
2025-04-06,RIDGE,1,-5.629049006791348,-6.86052574536666,1.2314767385753118
2025-04-07,RIDGE,1,-6.933967406336497,-6.704473353354002,-0.2294940529824947
2025-04-08,RIDGE,1,-5.92065466170989,-6.903151646386478,0.9824969846765876
2025-04-09,RIDGE,1,-7.031037787314499,-6.523781217989724,-0.5072565693247757
2025-04-10,RIDGE,1,-7.032090018849573,-6.71625149508802,-0.31583852376155264
2025-04-11,RIDGE,1,-7.79990038655869,-7.4608417038229575,-0.3390586827357325
2025-04-12,RIDGE,1,-7.287263687197286,-7.503397709480149,0.21613402228286294
2025-04-13,RIDGE,1,-7.167014962280521,-6.900269195568603,-0.2667457667119182
2025-04-14,RIDGE,1,-7.777788884630375,-7.120561811891189,-0.657227072739186
2025-04-15,RIDGE,1,-7.413189676387737,-7.639239963199477,0.22605028681174044
2025-04-16,RIDGE,1,-8.268721841318316,-7.889104447904915,-0.37961739341340106
2025-04-17,RIDGE,1,-9.681279444888752,-8.54553841900665,-1.1357410258821012
2025-04-18,RIDGE,1,-9.171548905690758,-8.661198321559917,-0.5103505841308404
2025-04-19,RIDGE,1,-9.01552740253416,-8.404380874303456,-0.6111465282307034
2025-04-20,RIDGE,1,-7.457356285992482,-8.482358136531888,1.0250018505394056
2025-04-21,RIDGE,1,-6.979201722253075,-7.532762248488583,0.5535605262355077
2025-04-22,RIDGE,1,-7.403345870725576,-7.426564540243446,0.02321866951787044
2025-04-23,RIDGE,1,-8.021045389721651,-7.177833071868238,-0.8432123178534132
2025-04-24,RIDGE,1,-7.797960553044787,-7.923950001527946,0.12598944848315963
2025-04-25,RIDGE,1,-8.912576429259436,-8.056213999953938,-0.8563624293054986
2025-04-26,RIDGE,1,-8.579169330655771,-8.009121297690701,-0.5700480329650706
2025-04-27,RIDGE,1,-7.92097208375074,-7.86212086148201,-0.05885122226872941
2025-04-28,RIDGE,1,-8.087519781534887,-7.4586890229070955,-0.6288307586277915
2025-04-29,RIDGE,1,-8.023455793775357,-7.738326173230626,-0.2851296205447307
2025-04-30,RIDGE,1,-8.09456339337235,-7.820400812809516,-0.2741625805628347
2025-05-01,RIDGE,1,-8.294066343106515,-8.131010373005514,-0.16305597010100037
2025-05-02,RIDGE,1,-9.46541060137628,-8.300474660219031,-1.1649359411572497
2025-05-03,RIDGE,1,-8.596552100361416,-8.486244859566012,-0.11030724079540377
2025-05-04,RIDGE,1,-8.166003817373237,-8.053708693336064,-0.11229512403717301
2025-05-05,RIDGE,1,-8.013724640481898,-7.534977547633066,-0.4787470928488329
2025-05-06,RIDGE,1,-7.894201229610753,-7.79326960795789,-0.10093162165286351
2025-05-07,RIDGE,1,-7.474703553304063,-7.518148258310144,0.04344470500608111
2025-05-08,RIDGE,1,-7.7544076279684,-7.421108433860334,-0.33329919410806674
2025-05-09,RIDGE,1,-8.51169203750711,-8.129457671283129,-0.3822343662239813
2025-05-10,RIDGE,1,-7.894756830708296,-8.150627542131915,0.2558707114236185
2025-05-11,RIDGE,1,-7.171315375183232,-7.2132717171717555,0.041956341988523604
2025-05-12,RIDGE,1,-7.898122089143746,-6.917026191873805,-0.9810958972699408
2025-05-13,RIDGE,1,-8.318310440418038,-7.503578260236289,-0.8147321801817498
2025-05-14,RIDGE,1,-7.7147571999584414,-7.827740940374671,0.1129837404162295
2025-05-15,RIDGE,1,-8.244800643227538,-7.643966633118463,-0.6008340101090752
2025-05-16,RIDGE,1,-8.88548365814237,-8.120573931561472,-0.764909726580898
2025-05-17,RIDGE,1,-7.9130966647344225,-8.175759259053923,0.2626625943195
2025-05-18,RIDGE,1,-7.475391981698435,-8.001638322044602,0.5262463403461677
2025-05-19,RIDGE,1,-7.413492676031776,-7.3440285864647095,-0.06946408956706662
2025-05-20,RIDGE,1,-6.9048202411259405,-7.215819551803545,0.31099931067760433
2025-05-21,RIDGE,1,-7.5998782354004675,-6.902505142528353,-0.6973730928721142
2025-05-22,RIDGE,1,-7.443883442529285,-7.320496976786613,-0.12338646574267198
2025-05-23,RIDGE,1,-8.225636513265073,-7.941875382773079,-0.28376113049199425
2025-05-24,RIDGE,1,-8.196992018610825,-8.1188322607741,-0.07815975783672435
2025-05-25,RIDGE,1,-8.288440304342084,-7.345511698713874,-0.9429286056282091
2025-05-26,RIDGE,1,-7.940076582517803,-7.3457402703625165,-0.5943363121552867
2025-05-27,RIDGE,1,-8.336031186903472,-7.3612346825368355,-0.9747965043666369
2025-05-28,RIDGE,1,-7.769467517478563,-7.647351894175069,-0.12211562330349413
2025-05-29,RIDGE,1,-7.728674501465333,-8.075069494344593,0.3463949928792598
2025-05-30,RIDGE,1,-8.421598154519437,-7.729872971067873,-0.6917251834515641
2025-05-31,RIDGE,1,-8.743472246073782,-7.985034653468978,-0.7584375926048041
2025-06-01,RIDGE,1,-8.184430028615092,-7.9571227980638275,-0.227307230551264
2025-06-02,RIDGE,1,-8.331213911925008,-7.667659246010749,-0.6635546659142593
2025-06-03,RIDGE,1,-8.71279939743139,-8.232109772232738,-0.4806896251986519
2025-06-04,RIDGE,1,-7.51988335958094,-8.052409270772728,0.5325259111917875
2025-06-05,RIDGE,1,-8.345664194572562,-7.714037300009372,-0.6316268945631895
2025-06-06,RIDGE,1,-9.05218826005398,-8.319026068303598,-0.733162191750381
2025-06-07,RIDGE,1,-9.384555576107418,-8.275363509704556,-1.109192066402862
2025-06-08,RIDGE,1,-7.968985833169205,-8.03684661122563,0.06786077805642599
2025-06-09,RIDGE,1,-8.125005944838898,-7.440730312260101,-0.6842756325787978
2025-06-10,RIDGE,1,-8.19082610478049,-7.837734790885917,-0.3530913138945726
2025-06-11,RIDGE,1,-7.927023759209108,-7.895044642383555,-0.03197911682555343
2025-06-12,RIDGE,1,-7.443188684929166,-8.079903627799114,0.6367149428699479
2025-06-13,RIDGE,1,-9.05726972859608,-7.803183644579596,-1.2540860840164836
2025-06-14,RIDGE,1,-8.953471985164441,-8.439937937359746,-0.5135340478046952
2025-06-15,RIDGE,1,-8.110641264350848,-7.976802758057575,-0.13383850629327299
2025-06-16,RIDGE,1,-7.806286485181062,-7.568164297227028,-0.2381221879540334
2025-06-17,RIDGE,1,-7.866192379807445,-7.279963370217509,-0.5862290095899363
2025-06-18,RIDGE,1,-8.633468871743753,-7.591215987095548,-1.0422528846482058
2025-06-19,RIDGE,1,-7.900331132706684,-7.874980032777987,-0.025351099928696996
2025-06-20,RIDGE,1,-7.967196587131996,-8.639846910176962,0.6726503230449659
2025-06-21,RIDGE,1,-7.027680658640498,-8.023143340950257,0.9954626823097596
2025-06-22,RIDGE,1,-7.236497370232764,-7.443727515893029,0.20723014566026432
2025-06-23,RIDGE,1,-8.149886293035856,-7.170233904715833,-0.9796523883200221
2025-06-24,RIDGE,1,-8.176305065875129,-7.673466182559979,-0.5028388833151496
2025-06-25,RIDGE,1,-8.376095118293176,-8.260317092827904,-0.11577802546527138
2025-06-26,RIDGE,1,-8.542770722531861,-7.917052654292961,-0.6257180682388999
2025-06-27,RIDGE,1,-10.649971722513076,-8.094848637181247,-2.5551230853318287
2025-06-28,RIDGE,1,-9.316586495538738,-9.305787356525409,-0.010799139013329295
2025-06-29,RIDGE,1,-8.62277199796468,-8.081915647227152,-0.5408563507375277
2025-06-30,RIDGE,1,-8.642591743070529,-7.94361740570038,-0.6989743373701494
2025-07-01,RIDGE,1,-8.308439939764494,-8.324943863042742,0.016503923278248678
2025-07-02,RIDGE,1,-8.29396771419438,-7.894447169562315,-0.39952054463206554
2025-07-03,RIDGE,1,-8.898524051817713,-8.861277658234565,-0.03724639358314796
2025-07-04,RIDGE,1,-9.987284347496226,-8.972649925591853,-1.0146344219043737
2025-07-05,RIDGE,1,-9.36677210235694,-8.53047687633484,-0.8362952260221004
2025-07-06,RIDGE,1,-8.713378263033814,-8.290242633536733,-0.4231356294970805
2025-07-07,RIDGE,1,-8.902586131499698,-7.760027073162874,-1.1425590583368237
2025-07-08,RIDGE,1,-8.29417874240117,-8.062455004993499,-0.2317237374076715
2025-07-09,RIDGE,1,-7.209350045659884,-8.213718046203962,1.004368000544078
2025-07-10,RIDGE,1,-7.867944834377488,-7.910997718430044,0.043052884052556806
2025-07-11,RIDGE,1,-9.356431837546369,-8.79886352558221,-0.5575683119641592
2025-07-12,RIDGE,1,-8.773942349578554,-9.13675871978228,0.3628163702037259
2025-07-13,RIDGE,1,-7.481016702523509,-8.298112686770118,0.8170959842466088
2025-07-14,RIDGE,1,-7.254884046098786,-7.625539400319693,0.370655354220907
2025-07-15,RIDGE,1,-7.906106583346014,-8.018399463388244,0.11229288004223026
2025-07-16,RIDGE,1,-7.750043741635851,-7.865637861320859,0.11559411968500743
2025-07-17,RIDGE,1,-7.925867888823022,-7.715322385433547,-0.21054550338947475
2025-07-18,RIDGE,1,-9.191851708958271,-7.89186491526979,-1.2999867936884817
2025-07-19,RIDGE,1,-8.749889889500176,-8.00867780587746,-0.7412120836227167
2025-07-20,RIDGE,1,-8.062198643566044,-7.579243111770097,-0.4829555317959464
2025-07-21,RIDGE,1,-7.740429316317312,-8.005752807858835,0.26532349154152346
2025-07-22,RIDGE,1,-8.047332828013449,-8.085250490245382,0.03791766223193349
2025-07-23,RIDGE,1,-8.253076728769177,-7.986342749628202,-0.26673397914097485
2025-07-24,RIDGE,1,-7.605517370811197,-8.216644110266486,0.6111267394552895
2025-07-25,RIDGE,1,-9.606954095499765,-8.197307664434835,-1.40964643106493
2025-07-26,RIDGE,1,-8.981033746649764,-8.588405554126485,-0.3926281925232793
2025-07-27,RIDGE,1,-8.30508496766559,-7.707032274284462,-0.5980526933811277
2025-07-28,RIDGE,1,-8.268215689597376,-7.697166866637224,-0.5710488229601518
2025-07-29,RIDGE,1,-8.393240576178409,-7.649052549487973,-0.7441880266904359
2025-07-30,RIDGE,1,-8.520230588607557,-8.346375826904174,-0.17385476170338343
2025-07-31,RIDGE,1,-7.533737412187012,-8.893507091895367,1.3597696797083554
2025-08-01,RIDGE,1,-8.568970525996992,-8.084042541107896,-0.4849279848890955
2025-08-02,RIDGE,1,-9.01457508878402,-8.368748357997855,-0.6458267307861654
2025-08-03,RIDGE,1,-8.64759502280641,-8.17864481744148,-0.46895020536492993
2025-08-04,RIDGE,1,-8.327990264931364,-7.883576586411774,-0.4444136785195898
2025-08-05,RIDGE,1,-8.51421068372607,-7.688495317333896,-0.8257153663921741
2025-08-06,RIDGE,1,-8.532403748070708,-8.474126643122565,-0.05827710494814298
2025-08-07,RIDGE,1,-8.651182815348951,-8.231499239146084,-0.41968357620286767
2025-08-08,RIDGE,1,-9.32597851139552,-9.261479757012092,-0.064498754383429
2025-08-09,RIDGE,1,-8.441043602227696,-9.503699824874754,1.0626562226470586
2025-08-10,RIDGE,1,-7.811382584426513,-8.479609622168848,0.6682270377423354
2025-08-11,RIDGE,1,-8.297044334912817,-7.837068948130938,-0.45997538678187944
2025-08-12,RIDGE,1,-7.759195959681331,-7.9810787230336295,0.22188276335229862
2025-08-13,RIDGE,1,-6.9615054586384755,-7.564168774855308,0.6026633162168329
2025-08-14,RIDGE,1,-8.400633017404333,-7.483383840155158,-0.9172491772491753
2025-08-15,RIDGE,1,-9.797853695149604,-8.17557079616683,-1.622282898982773
2025-08-16,RIDGE,1,-9.5559821565806,-8.460983802851452,-1.0949983537291477
2025-08-17,RIDGE,1,-8.156814886452334,-8.383435266101452,0.22662037964911796
2025-08-18,RIDGE,1,-8.142712241205171,-8.067438714897346,-0.07527352630782502
2025-08-19,RIDGE,1,-8.113278831395304,-8.237228989122976,0.1239501577276716
2025-08-20,RIDGE,1,-8.175195141952578,-8.176888411732778,0.0016932697801994578
2025-08-21,RIDGE,1,-7.391375071440983,-8.166422589140964,0.7750475176999814
2025-08-22,RIDGE,1,-9.155666824013634,-7.920924705237919,-1.2347421187757153
2025-08-23,RIDGE,1,-7.722034948084426,-8.322934674605548,0.6008997265211224
2025-08-24,RIDGE,1,-7.330218334497994,-7.582649791859541,0.2524314573615465
2025-08-25,RIDGE,1,-7.622910020795579,-7.2704911309742375,-0.3524188898213412
2025-08-26,RIDGE,1,-8.082710716050025,-7.920034617015465,-0.16267609903456037
2025-08-27,RIDGE,1,-8.403842583904545,-7.7292360488968095,-0.6746065350077357
2025-08-28,RIDGE,1,-8.0046493464786,-8.581424548364938,0.5767752018863384
2025-08-29,RIDGE,1,-9.133680845548108,-8.039819182345592,-1.0938616632025155
2025-08-30,RIDGE,1,-9.177958657568531,-8.498132616249594,-0.6798260413189379
2025-08-31,RIDGE,1,-7.953683190386181,-8.584317451136553,0.6306342607503712
2025-09-01,RIDGE,1,-7.872158994764496,-7.853030187568404,-0.019128807196092446
2025-09-02,RIDGE,1,-8.182388144667684,-7.654198626138524,-0.5281895185291594
2025-09-03,RIDGE,1,-8.292311256544016,-8.309698767255217,0.017387510711200704
2025-09-04,RIDGE,1,-8.049751286620033,-7.790971757097508,-0.25877952952252503
2025-09-05,RIDGE,1,-9.772848916168195,-8.083412385237473,-1.6894365309307222
2025-09-06,RIDGE,1,-9.53452627568605,-9.762522192666047,0.22799591697999766
2025-09-07,RIDGE,1,-8.677120971758,-8.482475218983573,-0.1946457527744272
2025-09-08,RIDGE,1,-8.403115304394708,-8.927950479766768,0.5248351753720595
2025-09-09,RIDGE,1,-8.21218014894868,-8.250769871576976,0.03858972262829674
2025-09-10,RIDGE,1,-8.499654294702792,-7.899872732222364,-0.5997815624804277
2025-09-11,RIDGE,1,-8.617547509904476,-8.593324444228248,-0.024223065676228117
2025-09-12,RIDGE,1,-9.831130650802836,-8.27900912913383,-1.5521215216690063
2025-09-13,RIDGE,1,-9.54978554808957,-9.220903996936869,-0.32888155115270123
2025-09-14,RIDGE,1,-8.439814402280856,-9.034785903766808,0.5949715014859525
2025-09-15,RIDGE,1,-8.792523838198322,-8.323659702963004,-0.468864135235318
2025-09-16,RIDGE,1,-8.101310617641094,-8.583965413628814,0.4826547959877203
2025-09-17,RIDGE,1,-8.766447689945338,-8.095310867490456,-0.6711368224548817
2025-09-18,RIDGE,1,-9.267364905921823,-8.651464455475878,-0.6159004504459453
2025-09-19,RIDGE,1,-10.6050280488101,-8.904308106899474,-1.7007199419106254
2025-09-20,RIDGE,1,-10.133520913612236,-9.112830899050168,-1.0206900145620672
2025-09-21,RIDGE,1,-7.891930026244774,-8.692833082412157,0.8009030561673836
2025-09-22,RIDGE,1,-8.692216418426757,-7.758242958304586,-0.9339734601221705
2025-09-23,RIDGE,1,-8.715111261187413,-8.62717336585299,-0.08793789533442364
2025-09-24,RIDGE,1,-7.797766269227527,-8.48294968090062,0.6851834116730942
2025-09-25,RIDGE,1,-8.199318457410062,-8.312394964316136,0.11307650690607396
2025-09-26,RIDGE,1,-10.290127372923022,-8.76550233622823,-1.5246250366947915
2025-09-27,RIDGE,1,-9.254128583110203,-9.17267211783063,-0.08145646527957418
2025-09-28,RIDGE,1,-8.541521038784206,-8.55400640835795,0.01248536957374391
2025-09-29,RIDGE,1,-8.603434629923894,-7.9764250953012175,-0.627009534622677
2025-09-30,RIDGE,1,-8.240112062129832,-8.200651114178854,-0.03946094795097821
2025-10-01,RIDGE,1,-8.296715658902626,-8.422136303249554,0.1254206443469279
2025-10-02,RIDGE,1,-7.823921809963694,-8.326949298591593,0.5030274886278994
2025-10-03,RIDGE,1,-9.45214532988536,-8.846412136721563,-0.6057331931637968
2025-10-04,RIDGE,1,-7.695218782358524,-9.448168137530732,1.7529493551722082
2025-10-05,RIDGE,1,-8.01510033381816,-7.677302152330319,-0.33779818148784013
2025-10-06,RIDGE,1,-7.842639336975692,-8.025579548942773,0.18294021196708066
2025-10-07,RIDGE,1,-8.002081163490216,-8.033412565276011,0.03133140178579552
2025-10-08,RIDGE,1,-8.012382804006961,-8.144894685100141,0.1325118810931798
2025-10-09,RIDGE,1,-4.587612791666304,-7.897078777252679,3.3094659855863746
2025-10-10,RIDGE,1,-7.115722376608375,-6.1822370571551275,-0.9334853194532471
2025-10-11,RIDGE,1,-7.1264281234111495,-7.201305460849041,0.07487733743789171
2025-10-12,RIDGE,1,-7.601098600323596,-6.853159811113447,-0.7479387892101483
2025-10-13,RIDGE,1,-7.344241412122854,-7.34531244737449,0.0010710352516358768
2025-10-14,RIDGE,1,-7.591723650096573,-7.5587525327649665,-0.032971117331606514
2025-10-15,RIDGE,1,-6.905012356907999,-7.945077602445477,1.0400652455374777
2025-10-16,RIDGE,1,-7.053262415309131,-7.160498609443023,0.10723619413389152
2025-10-17,RIDGE,1,-8.645181515778779,-7.831658056266047,-0.8135234595127319
2025-10-18,RIDGE,1,-7.946925952270387,-7.851612874919276,-0.09531307735111127
2025-10-19,RIDGE,1,-7.702435877483535,-7.378403690669062,-0.3240321868144731
2025-10-20,RIDGE,1,-6.814365684609184,-7.696668976289204,0.88230329168002
2025-10-21,RIDGE,1,-7.329678651800407,-7.183853723275361,-0.14582492852504547
2025-10-22,RIDGE,1,-7.503043703626393,-7.469247996830009,-0.03379570679638366
2025-10-23,RIDGE,1,-8.016664491858316,-8.461483575953434,0.4448190840951174
2025-10-24,RIDGE,1,-9.436012357444428,-8.824466547960185,-0.6115458094842428
2025-10-25,RIDGE,1,-8.127811371886041,-8.659744992858021,0.53193362097198
2025-10-26,RIDGE,1,-8.31020361926275,-8.081255749196943,-0.22894787006580763
2025-10-27,RIDGE,1,-7.874738990868753,-7.961208585285944,0.08646959441719115
2025-10-28,RIDGE,1,-7.054000148404952,-7.666996957580366,0.6129968091754145
2025-10-29,RIDGE,1,-7.043093926149241,-7.749743988717014,0.706650062567773
2025-10-30,RIDGE,1,-7.299625987456839,-8.041831979407595,0.7422059919507564
2025-10-31,RIDGE,1,-9.102269176611976,-7.314154524858924,-1.7881146517530526
2025-11-01,RIDGE,1,-8.604699637140742,-8.207940534688891,-0.39675910245185086
2025-11-02,RIDGE,1,-7.27163389114966,-8.447453467544,1.175819576394339
2025-11-03,RIDGE,1,-6.542526955726167,-7.4636173555168295,0.9210903997906623
2025-11-04,RIDGE,1,-7.130332009579842,-7.4127530214670285,0.2824210118871866
2025-11-05,RIDGE,1,-7.168157359718235,-7.584852871118937,0.41669551140070205
2025-11-06,RIDGE,1,-7.037002738488869,-7.395514438294491,0.3585116998056215
2025-11-07,RIDGE,1,-8.218470766094887,-7.342974528707022,-0.875496237387865
2025-11-08,RIDGE,1,-7.88633221123335,-7.575309321572806,-0.3110228896605447
2025-11-09,RIDGE,1,-7.707023434157362,-7.60545449658703,-0.10156893757033192
2025-11-10,RIDGE,1,-7.4421296812380255,-7.568701249591718,0.12657156835369232
2025-11-11,RIDGE,1,-7.572570868483227,-8.134656846462576,0.5620859779793488
2025-11-12,RIDGE,1,-7.0002820840938105,-7.638874390640246,0.6385923065464354
2025-11-13,RIDGE,1,-6.384560789541653,-7.26243499299262,0.8778742034509674
2025-11-14,RIDGE,1,-7.714310407924918,-7.305670548421593,-0.4086398595033254
2025-11-15,RIDGE,1,-7.175102452523699,-7.356445700283274,0.18134324775957467
2025-11-16,RIDGE,1,-6.993087708054424,-6.933398164972819,-0.05968954308160512
2025-11-17,RIDGE,1,-6.75464809359329,-6.750984748398926,-0.003663345194364176
2025-11-18,RIDGE,1,-6.988105858772633,-7.2159897934759165,0.22788393470328394
2025-11-19,RIDGE,1,-6.842480066767818,-7.070138213513862,0.22765814674604368
2025-11-20,RIDGE,1,-5.7867108645783665,-7.373833053258614,1.5871221886802473
2025-11-21,RIDGE,1,-7.555518494073084,-7.41265558337093,-0.14286291070215373
2025-11-22,RIDGE,1,-7.596708359678786,-6.927057830180806,-0.6696505294979795
2025-11-23,RIDGE,1,-6.969901638005364,-7.201270754789795,0.23136911678443095
2025-11-24,RIDGE,1,-7.231650335428167,-7.3616720436434155,0.1300217082152484
2025-11-25,RIDGE,1,-7.364305501511629,-6.976265109273119,-0.3880403922385103
2025-11-26,RIDGE,1,-7.879568199495125,-7.6946562161124,-0.18491198338272508
2025-11-27,RIDGE,1,-7.694293783175389,-7.98077762051847,0.2864838373430816
2025-11-28,RIDGE,1,-8.832361523993656,-7.822728242968226,-1.0096332810254305
2025-11-29,RIDGE,1,-8.56370363864505,-8.237172541500097,-0.32653109714495265
2025-11-30,RIDGE,1,-6.7205038180139995,-8.068659352112753,1.3481555340987539
2025-12-01,RIDGE,1,-7.166694063037643,-7.646476705810181,0.47978264277253757
2025-12-02,RIDGE,1,-6.799725179739331,-8.05444573457535,1.2547205548360179
2025-12-03,RIDGE,1,-7.278058894103278,-7.448835488582152,0.17077659447887417
2025-12-04,RIDGE,1,-7.384608832790334,-7.482066639345095,0.0974578065547611
2025-12-05,RIDGE,1,-8.780922005770533,-7.89985583742445,-0.8810661683460825
2025-12-06,RIDGE,1,-7.414740413919735,-7.903497481641353,0.4887570677216182
2025-12-07,RIDGE,1,-7.457035504573326,-7.48297092743181,0.025935422858484714
2025-12-08,RIDGE,1,-7.256857420158548,-7.4163112343089725,0.15945381415042448
2025-12-09,RIDGE,1,-7.058992929899828,-7.444410506477847,0.38541757657801856
2025-12-10,RIDGE,1,-7.347794785273569,-7.275800723794785,-0.07199406147878396
2025-12-11,RIDGE,1,-7.561466219241837,-7.466954245948922,-0.09451197329291539
2025-12-12,RIDGE,1,-9.696511840594232,-7.751802614544373,-1.9447092260498584
2025-12-13,RIDGE,1,-8.293293428630856,-8.457636981176288,0.1643435525454322
2025-12-14,RIDGE,1,-7.227863026447627,-7.688358451888726,0.4604954254410982
2025-12-15,RIDGE,1,-7.710960999236119,-7.408691690853113,-0.30226930838300614
2025-12-16,RIDGE,1,-6.682453263792524,-8.098451433287552,1.4159981694950288
2025-12-17,RIDGE,1,-6.740374624315311,-7.1512696877223725,0.41089506340706183
2025-12-18,RIDGE,1,-7.020317942574881,-7.926383365748054,0.9060654231731728
2025-12-19,RIDGE,1,-9.6115694039447,-8.054700797932654,-1.5568686060120456
2025-12-20,RIDGE,1,-8.628519475678901,-8.421801692608794,-0.20671778307010769
2025-12-21,RIDGE,1,-7.534308322325102,-8.198868616043342,0.6645602937182398
2025-12-22,RIDGE,1,-7.663101554070803,-7.248304714775876,-0.41479683929492683
2025-12-23,RIDGE,1,-8.228128764798534,-7.450324432368417,-0.7778043324301169
2025-12-24,RIDGE,1,-8.643584150115842,-8.118442554957674,-0.5251415951581677
2024-06-29,RIDGE,3,-8.415744212880016,-7.703309918404874,-0.7124342944751421
2024-06-30,RIDGE,3,-7.590110308893971,-7.777145888300035,0.1870355794060643
2024-07-01,RIDGE,3,-6.7568326341271066,-7.758989773607746,1.00215713948064
2024-07-02,RIDGE,3,-6.028709939198225,-7.804066989688037,1.775357050489812
2024-07-03,RIDGE,3,-7.82183717488344,-7.763356559923063,-0.058480614960376265
2024-07-04,RIDGE,3,-7.599232953126869,-7.7054412153919305,0.10620826226506175
2024-07-05,RIDGE,3,-6.2016000220281144,-7.532109743086189,1.3305097210580747
2024-07-06,RIDGE,3,-7.13201098663784,-7.484449483006118,0.3524384963682783
2024-07-07,RIDGE,3,-7.364155934126495,-7.55794876571927,0.19379283159277527
2024-07-08,RIDGE,3,-6.970855511693713,-7.3209181210847225,0.3500626093910091
2024-07-09,RIDGE,3,-7.461112349654011,-7.423966113516979,-0.03714623613703161
2024-07-10,RIDGE,3,-8.001579020126183,-7.538985590180581,-0.4625934299456018
2024-07-11,RIDGE,3,-7.503141944073601,-7.5031958187414505,5.387466784956274e-05
2024-07-12,RIDGE,3,-7.10151927124952,-7.667525693667756,0.5660064224182353
2024-07-13,RIDGE,3,-6.8751174522895955,-7.607949905190675,0.7328324529010795
2024-07-14,RIDGE,3,-7.273310670983561,-7.4599667731268475,0.18665610214328687
2024-07-15,RIDGE,3,-7.590004120123674,-7.449844734166042,-0.14015938595763178
2024-07-16,RIDGE,3,-7.361953880672214,-7.4965740235500995,0.13462014287788548
2024-07-17,RIDGE,3,-8.183252874840827,-7.443272138276595,-0.7399807365642319
2024-07-18,RIDGE,3,-7.540508981035038,-7.452706314604959,-0.08780266643007906
2024-07-19,RIDGE,3,-7.831068909072291,-7.409311048790786,-0.4217578602815051
2024-07-20,RIDGE,3,-7.504319171318432,-7.445092823185949,-0.05922634813248351
2024-07-21,RIDGE,3,-7.715830478728725,-7.50231434895855,-0.21351612977017442
2024-07-22,RIDGE,3,-7.1111013620300145,-7.678779930778318,0.5676785687483035
2024-07-23,RIDGE,3,-7.731151246587125,-7.646589213774619,-0.08456203281250563
2024-07-24,RIDGE,3,-6.6745965844828605,-7.645966612079991,0.9713700275971302
2024-07-25,RIDGE,3,-8.297723232050007,-7.6483671073491095,-0.6493561247008977
2024-07-26,RIDGE,3,-7.220642471062432,-7.625564421849329,0.4049219507868962
2024-07-27,RIDGE,3,-7.567743991658627,-7.554025036507874,-0.013718955150753054
2024-07-28,RIDGE,3,-7.537578973039193,-7.430723214854325,-0.10685575818486814
2024-07-29,RIDGE,3,-7.134693601377736,-7.58503623972588,0.45034263834814414
2024-07-30,RIDGE,3,-6.728020741506768,-7.515644244043502,0.787623502536734
2024-07-31,RIDGE,3,-7.102715268773577,-7.50997056300368,0.40725529423010354
2024-08-01,RIDGE,3,-6.901570663299103,-7.495830356077633,0.5942596927785297
2024-08-02,RIDGE,3,-4.331832929576587,-7.349093928282017,3.0172609987054306
2024-08-03,RIDGE,3,-6.129507554817753,-7.308628255353415,1.1791207005356625
2024-08-04,RIDGE,3,-6.56821202032419,-7.254498090963545,0.6862860706393548
2024-08-05,RIDGE,3,-5.881456842610719,-7.0835978404667115,1.2021409978559925
2024-08-06,RIDGE,3,-6.5521594278707,-7.160012487052448,0.6078530591817479
2024-08-07,RIDGE,3,-8.164746233335169,-7.253706844690732,-0.9110393886444372
2024-08-08,RIDGE,3,-7.347966273268356,-7.2156993204432585,-0.13226695282509748
2024-08-09,RIDGE,3,-6.301581779560638,-7.25024408869655,0.9486623091359121
2024-08-10,RIDGE,3,-7.032064393779834,-7.288682691008033,0.25661829722819895
2024-08-11,RIDGE,3,-7.145182948564176,-7.3686001480621375,0.22341719949796168
2024-08-12,RIDGE,3,-6.782869713050387,-7.31145261831105,0.528582905260663
2024-08-13,RIDGE,3,-6.993243057300741,-7.507902574060631,0.51465951675989
2024-08-14,RIDGE,3,-8.93414336978374,-7.588303261139369,-1.3458401086443716
2024-08-15,RIDGE,3,-8.090430304827276,-7.47091255831751,-0.6195177465097661
2024-08-16,RIDGE,3,-7.395852713362074,-7.48535506847619,0.0895023551141163
2024-08-17,RIDGE,3,-7.252727153074581,-7.5604517531989055,0.3077246001243248
2024-08-18,RIDGE,3,-7.122737507461557,-7.52646316837855,0.4037256609169928
2024-08-19,RIDGE,3,-7.663977474896019,-7.53326604014052,-0.13071143475549984
2024-08-20,RIDGE,3,-6.8510987312401355,-7.524827016991973,0.6737282857518379
2024-08-21,RIDGE,3,-8.299722443510342,-7.617548576213535,-0.6821738672968074
2024-08-22,RIDGE,3,-8.590906417273768,-7.652983483142103,-0.9379229341316648
2024-08-23,RIDGE,3,-7.848062431939034,-7.451447372866086,-0.39661505907294803
2024-08-24,RIDGE,3,-6.578074293173222,-7.380630774213108,0.8025564810398862
2024-08-25,RIDGE,3,-6.625319225980788,-7.358915383885644,0.7335961579048558
2024-08-26,RIDGE,3,-7.220716390846805,-7.3585351201845555,0.1378187293377504
2024-08-27,RIDGE,3,-7.355348084977686,-7.492131205057174,0.13678312007948712
2024-08-28,RIDGE,3,-9.250891127347398,-7.586361348883372,-1.6645297784640256
2024-08-29,RIDGE,3,-7.427050700993551,-7.518599751454261,0.09154905046070994
2024-08-30,RIDGE,3,-7.578986184704846,-7.497912871007108,-0.08107331369773796
2024-08-31,RIDGE,3,-7.813351757199836,-7.523161658704755,-0.29019009849508137
2024-09-01,RIDGE,3,-6.5034602127886165,-7.566315435214891,1.0628552224262746
2024-09-02,RIDGE,3,-6.940360945467537,-7.560770138521994,0.6204091930544564
2024-09-03,RIDGE,3,-6.522114937682515,-7.482454823494119,0.9603398858116039
2024-09-04,RIDGE,3,-8.259113009436971,-7.429173419111917,-0.8299395903250542
2024-09-05,RIDGE,3,-7.6986759889953715,-7.425188705020407,-0.2734872839749647
2024-09-06,RIDGE,3,-7.142083192560166,-7.421730766363157,0.27964757380299066
2024-09-07,RIDGE,3,-7.454039970224542,-7.358349344614263,-0.09569062561027941
2024-09-08,RIDGE,3,-6.9566648361472945,-7.5326587945394765,0.575993958392182
2024-09-09,RIDGE,3,-7.375311173852939,-7.544920137625476,0.16960896377253665
2024-09-10,RIDGE,3,-7.641682246432809,-7.639299593047584,-0.00238265338522492
2024-09-11,RIDGE,3,-8.772444578271369,-7.605612198027121,-1.166832380244248
2024-09-12,RIDGE,3,-8.222190817885775,-7.481462866198994,-0.7407279516867806
2024-09-13,RIDGE,3,-7.505284819602623,-7.562498935238464,0.057214115635841445
2024-09-14,RIDGE,3,-7.206662096750963,-7.540753912485273,0.33409181573430935
2024-09-15,RIDGE,3,-7.000512980515621,-7.553868242012348,0.5533552614967272
2024-09-16,RIDGE,3,-7.40385524870723,-7.560531714328231,0.15667646562100135
2024-09-17,RIDGE,3,-7.62533614746632,-7.563765839313572,-0.06157030815274833
2024-09-18,RIDGE,3,-9.118912980170885,-7.620815902789143,-1.4980970773817415
2024-09-19,RIDGE,3,-8.210854186197356,-7.666504800975027,-0.5443493852223282
2024-09-20,RIDGE,3,-7.594933488516639,-7.560812522248007,-0.034120966268631925
2024-09-21,RIDGE,3,-7.695982377007085,-7.634010829348793,-0.061971547658291826
2024-09-22,RIDGE,3,-7.912236774178686,-7.515179085151924,-0.3970576890267621
2024-09-23,RIDGE,3,-7.548593418115738,-7.466343230023654,-0.08225018809208429
2024-09-24,RIDGE,3,-8.156771512470494,-7.590612673454998,-0.5661588390154959
2024-09-25,RIDGE,3,-9.137411157807458,-7.50168482366015,-1.635726334147308
2024-09-26,RIDGE,3,-9.22010927366513,-7.459939800179261,-1.7601694734858695
2024-09-27,RIDGE,3,-7.657672162115085,-7.546010354230451,-0.11166180788463365
2024-09-28,RIDGE,3,-7.16418081548918,-7.546579184775293,0.38239836928611304
2024-09-29,RIDGE,3,-6.873239201215958,-7.592596536420619,0.7193573352046609
2024-09-30,RIDGE,3,-7.372161845921349,-7.59838348576884,0.22622163984749122
2024-10-01,RIDGE,3,-7.762377171311247,-7.465691022633447,-0.2966861486778001
2024-10-02,RIDGE,3,-9.410517858234718,-7.556155569854203,-1.8543622883805142
2024-10-03,RIDGE,3,-8.859802514595454,-7.455420881068748,-1.4043816335267065
2024-10-04,RIDGE,3,-7.354846982929903,-7.486794941222295,0.13194795829239236
2024-10-05,RIDGE,3,-7.717832727168758,-7.534488831884187,-0.18334389528457073
2024-10-06,RIDGE,3,-7.9430170498383745,-7.676894153414968,-0.2661228964234068
2024-10-07,RIDGE,3,-7.587117550241822,-7.633997219518031,0.046879669276209235
2024-10-08,RIDGE,3,-7.8173580785041725,-7.561005454444765,-0.2563526240594074
2024-10-09,RIDGE,3,-8.746814229333626,-7.667612534641497,-1.079201694692129
2024-10-10,RIDGE,3,-8.44461347063351,-7.49413935412754,-0.9504741165059691
2024-10-11,RIDGE,3,-7.511216222523129,-7.55510179807246,0.04388557554933126
2024-10-12,RIDGE,3,-6.879154515339575,-7.571363936689352,0.6922094213497765
2024-10-13,RIDGE,3,-7.561391084229369,-7.564584313218459,0.0031932289890903576
2024-10-14,RIDGE,3,-7.954807249048968,-7.636120698514856,-0.3186865505341121
2024-10-15,RIDGE,3,-7.899727601495052,-7.5767922695084975,-0.3229353319865549
2024-10-16,RIDGE,3,-9.798785632524316,-7.701737166191275,-2.0970484663330415
2024-10-17,RIDGE,3,-9.000277471682907,-7.799627303888145,-1.2006501677947616
2024-10-18,RIDGE,3,-7.724745468477852,-7.525359578605885,-0.1993858898719667
2024-10-19,RIDGE,3,-7.774179791525233,-7.63831259777075,-0.13586719375448286
2024-10-20,RIDGE,3,-7.863362515397026,-7.59153106830036,-0.27183144709666607
2024-10-21,RIDGE,3,-8.018551193752419,-7.571764685158818,-0.44678650859360136
2024-10-22,RIDGE,3,-6.898530866282754,-7.6443722285764615,0.7458413622937075
2024-10-23,RIDGE,3,-8.921658190779526,-7.61929363064009,-1.302364560139436
2024-10-24,RIDGE,3,-9.079636360099444,-7.5572250141582975,-1.5224113459411468
2024-10-25,RIDGE,3,-7.784069601964099,-7.563670808537666,-0.22039879342643243
2024-10-26,RIDGE,3,-7.368623299413477,-7.339472979188048,-0.02915032022542885
2024-10-27,RIDGE,3,-7.512997901045132,-7.476982546018233,-0.03601535502689934
2024-10-28,RIDGE,3,-7.671750079550882,-7.51572522156538,-0.1560248579855017
2024-10-29,RIDGE,3,-6.998467037027406,-7.5044412026019245,0.5059741655745187
2024-10-30,RIDGE,3,-8.813773417610177,-7.635959485320157,-1.1778139322900198
2024-10-31,RIDGE,3,-7.784664629556363,-7.495400717619847,-0.2892639119365157
2024-11-01,RIDGE,3,-7.509206844606907,-7.487669956770296,-0.021536887836610674
2024-11-02,RIDGE,3,-7.320254941313007,-7.350125736908268,0.029870795595260624
2024-11-03,RIDGE,3,-6.357178323463686,-7.551617196403918,1.194438872940232
2024-11-04,RIDGE,3,-7.505193457512192,-7.548402835794625,0.043209378282432986
2024-11-05,RIDGE,3,-7.882091528500882,-7.7029796981244925,-0.17911183037638967
2024-11-06,RIDGE,3,-8.951124037321541,-7.6917780277986365,-1.259346009522905
2024-11-07,RIDGE,3,-6.982350958300895,-7.484679483082672,0.5023285247817775
2024-11-08,RIDGE,3,-6.610143513022823,-7.528851844089335,0.9187083310665116
2024-11-09,RIDGE,3,-5.89742196217559,-7.477585992575138,1.5801640303995477
2024-11-10,RIDGE,3,-5.970825445834223,-7.558751513828482,1.5879260679942586
2024-11-11,RIDGE,3,-6.298780197423048,-7.495637010622246,1.1968568131991972
2024-11-12,RIDGE,3,-6.69026855754187,-7.182940757143931,0.4926721996020609
2024-11-13,RIDGE,3,-7.962925402749825,-7.06296220058279,-0.8999632021670347
2024-11-14,RIDGE,3,-7.719913234094788,-7.138840224731517,-0.581073009363271
2024-11-15,RIDGE,3,-6.813641525214108,-6.757533680604925,-0.05610784460918339
2024-11-16,RIDGE,3,-7.123061515534054,-6.906379001309918,-0.21668251422413665
2024-11-17,RIDGE,3,-7.349584827177568,-7.039241117209142,-0.31034370996842675
2024-11-18,RIDGE,3,-6.9277588146226785,-7.2267149492834575,0.29895613466077897
2024-11-19,RIDGE,3,-7.639603303246092,-7.312539783027487,-0.32706352021860496
2024-11-20,RIDGE,3,-8.458730870211758,-7.351800031985157,-1.1069308382266012
2024-11-21,RIDGE,3,-7.906636805257383,-7.3910537368655715,-0.5155830683918117
2024-11-22,RIDGE,3,-6.845783544407805,-7.3296743268503635,0.48389078244255845
2024-11-23,RIDGE,3,-6.704121318827724,-7.36506003930467,0.6609387204769464
2024-11-24,RIDGE,3,-7.421131408187987,-7.381080463484225,-0.04005094470376225
2024-11-25,RIDGE,3,-7.777480941685613,-7.298715026984042,-0.4787659147015706
2024-11-26,RIDGE,3,-7.7915055329164575,-7.250906037297795,-0.5405994956186628
2024-11-27,RIDGE,3,-8.944575839059315,-7.175782300537033,-1.7687935385222815
2024-11-28,RIDGE,3,-8.526681786585359,-7.253640383733322,-1.2730414028520363
2024-11-29,RIDGE,3,-7.2277762188452845,-7.159503257988099,-0.06827296085718526
2024-11-30,RIDGE,3,-7.477860175072574,-7.4576521962583024,-0.0202079788142715
2024-12-01,RIDGE,3,-7.352016227925319,-7.437855208759581,0.08583898083426167
2024-12-02,RIDGE,3,-5.520755763032788,-7.45032407568303,1.9295683126502414
2024-12-03,RIDGE,3,-7.056676956855624,-7.573484595217017,0.5168076383613931
2024-12-04,RIDGE,3,-8.28612317218258,-7.514942902590289,-0.77118026959229
2024-12-05,RIDGE,3,-8.152794625419403,-7.405202498643875,-0.7475921267755288
2024-12-06,RIDGE,3,-6.452164940538162,-7.151807739755262,0.6996427992171004
2024-12-07,RIDGE,3,-6.668355412158304,-7.044366753235525,0.3760113410772208
2024-12-08,RIDGE,3,-7.380414836630238,-7.052160209014053,-0.32825462761618507
2024-12-09,RIDGE,3,-7.347004798406336,-7.11331329654513,-0.23369150186120624
2024-12-10,RIDGE,3,-7.800269430130499,-7.180597631340299,-0.6196717987902005
2024-12-11,RIDGE,3,-8.329129180116265,-7.263542319122845,-1.0655868609934203
2024-12-12,RIDGE,3,-7.954173621957407,-7.245135354689949,-0.7090382672674584
2024-12-13,RIDGE,3,-7.167863912303163,-7.2656200309185515,0.09775611861538813
2024-12-14,RIDGE,3,-7.46114260237137,-7.394466393898861,-0.06667620847250966
2024-12-15,RIDGE,3,-6.653480385951037,-7.508629213902331,0.855148827951294
2024-12-16,RIDGE,3,-6.215955295754829,-7.340447903037829,1.124492607283
2024-12-17,RIDGE,3,-6.2286006577328035,-7.342233738003723,1.1136330802709198
2024-12-18,RIDGE,3,-7.472773492215739,-7.193702431603043,-0.27907106061269626
2024-12-19,RIDGE,3,-7.349660055218582,-6.9971772355857365,-0.35248281963284533
2024-12-20,RIDGE,3,-6.8404400613287955,-7.148691642044553,0.30825158071575753
2024-12-21,RIDGE,3,-7.374187208078972,-7.087738421707772,-0.2864487863712002
2024-12-22,RIDGE,3,-7.715762789103233,-7.129605638190871,-0.5861571509123626
2024-12-23,RIDGE,3,-7.307697534873444,-7.169041753994771,-0.1386557808786737
2024-12-24,RIDGE,3,-7.106588924470662,-7.344281596964489,0.23769267249382686
2024-12-25,RIDGE,3,-8.634132442724063,-7.342770809577553,-1.2913616331465096
2024-12-26,RIDGE,3,-8.326756050975344,-7.349397484720939,-0.9773585662544058
2024-12-27,RIDGE,3,-7.3543943334481,-7.304853080848113,-0.04954125259998765
2024-12-28,RIDGE,3,-7.276893060792656,-7.324182435326667,0.04728937453401105
2024-12-29,RIDGE,3,-8.238782332690736,-7.368199580966652,-0.8705827517240836
2024-12-30,RIDGE,3,-7.367896287600902,-7.367388971277097,-0.0005073163238051848
2024-12-31,RIDGE,3,-8.097617541330267,-7.4506110935266685,-0.6470064478035988
2025-01-01,RIDGE,3,-9.19804542909942,-7.4149801751984565,-1.783065253900963
2025-01-02,RIDGE,3,-8.787325094170878,-7.406197381606554,-1.3811277125643242
2025-01-03,RIDGE,3,-7.415021751205516,-7.510716076634189,0.09569432542867329
2025-01-04,RIDGE,3,-7.590481289361926,-7.533857683134149,-0.0566236062277774
2025-01-05,RIDGE,3,-6.90681582272137,-7.517000112420659,0.6101842896992888
2025-01-06,RIDGE,3,-6.968115739055578,-7.616659037774931,0.6485432987193533
2025-01-07,RIDGE,3,-6.709305206835529,-7.53495598824235,0.8256507814068215
2025-01-08,RIDGE,3,-8.995729032967116,-7.472026704819993,-1.523702328147123
2025-01-09,RIDGE,3,-8.852150045924287,-7.342324206980239,-1.5098258389440478
2025-01-10,RIDGE,3,-6.553319507908563,-7.25708913818755,0.7037696302789866
2025-01-11,RIDGE,3,-7.303486208762694,-7.334102853775024,0.03061664501232997
2025-01-12,RIDGE,3,-7.312096925574036,-7.438336563725363,0.12623963815132733
2025-01-13,RIDGE,3,-7.391486709026281,-7.433301518866212,0.04181480983993158
2025-01-14,RIDGE,3,-7.511145310148465,-7.516694140503271,0.005548830354805467
2025-01-15,RIDGE,3,-7.438401020768668,-7.555584396428771,0.11718337566010284
2025-01-16,RIDGE,3,-6.148112404271952,-7.449992138197376,1.301879733925424
2025-01-17,RIDGE,3,-5.214773987217453,-7.502483624841349,2.2877096376238963
2025-01-18,RIDGE,3,-6.34915971482197,-7.342087687995404,0.9929279731734342
2025-01-19,RIDGE,3,-7.594519813201731,-7.273925705809793,-0.32059410739193783
2025-01-20,RIDGE,3,-5.989812005402478,-6.925641008640706,0.9358290032382275
2025-01-21,RIDGE,3,-7.355564283258395,-6.850561974645929,-0.5050023086124655
2025-01-22,RIDGE,3,-8.788612678268954,-7.016883996552297,-1.7717286817166578
2025-01-23,RIDGE,3,-8.623226788453762,-6.72470324207844,-1.8985235463753218
2025-01-24,RIDGE,3,-6.548166225847454,-7.009682419952776,0.4615161941053225
2025-01-25,RIDGE,3,-7.335119722465245,-7.207042006950617,-0.12807771551462732
2025-01-26,RIDGE,3,-7.350021545427285,-7.211259314421848,-0.13876223100543683
2025-01-27,RIDGE,3,-7.86523565131056,-7.1486360593703955,-0.7165995919401649
2025-01-28,RIDGE,3,-7.64515655585875,-7.386785934130866,-0.2583706217278845
2025-01-29,RIDGE,3,-8.395509658549456,-7.489481895730399,-0.9060277628190567
2025-01-30,RIDGE,3,-7.035755186208709,-7.357181840220772,0.32142665401206294
2025-01-31,RIDGE,3,-5.95199845728886,-7.381020670725525,1.4290222134366655
2025-02-01,RIDGE,3,-6.579587906443687,-7.392413917091935,0.8128260106482479
2025-02-02,RIDGE,3,-7.222214210843608,-7.275553707829318,0.05333949698571061
2025-02-03,RIDGE,3,-7.456911400328808,-7.2461222493944915,-0.21078915093431672
2025-02-04,RIDGE,3,-7.097257483150888,-7.293785980017784,0.19652849686689589
2025-02-05,RIDGE,3,-8.810076811866075,-7.227678088276104,-1.5823987235899715
2025-02-06,RIDGE,3,-8.10773415201615,-7.146892518562205,-0.9608416334539447
2025-02-07,RIDGE,3,-7.786812840962016,-7.239893481919675,-0.5469193590423407
2025-02-08,RIDGE,3,-8.095685364957285,-7.399745832937645,-0.69593953201964
2025-02-09,RIDGE,3,-6.962691557561749,-7.48815054220531,0.5254589846435609
2025-02-10,RIDGE,3,-7.850939573833918,-7.576231151747949,-0.27470842208596835
2025-02-11,RIDGE,3,-7.6048640411791055,-7.60217120821166,-0.002692832967445824
2025-02-12,RIDGE,3,-9.31204237724052,-7.506764206812882,-1.8052781704276377
2025-02-13,RIDGE,3,-9.354075786569943,-7.468884049961374,-1.8851917366085695
2025-02-14,RIDGE,3,-8.328308753403542,-7.536419607954716,-0.7918891454488257
2025-02-15,RIDGE,3,-7.735386570485104,-7.4003549378680455,-0.33503163261705815
2025-02-16,RIDGE,3,-8.074161026658576,-7.548493090625869,-0.5256679360327068
2025-02-17,RIDGE,3,-8.388064413225592,-7.5466786232395675,-0.8413857899860249
2025-02-18,RIDGE,3,-7.422492670788367,-7.70044241561734,0.27794974482897317
2025-02-19,RIDGE,3,-9.351071668633756,-7.747353409292244,-1.6037182593415116
2025-02-20,RIDGE,3,-9.327182940847992,-7.610824230163658,-1.716358710684334
2025-02-21,RIDGE,3,-7.366790273234517,-7.483442384736817,0.11665211150230004
2025-02-22,RIDGE,3,-6.241011939761488,-7.501603530969347,1.2605915912078594
2025-02-23,RIDGE,3,-6.08442226100039,-7.501077375545454,1.4166551145450637
2025-02-24,RIDGE,3,-6.878853344044446,-7.48438873441154,0.6055353903670939
2025-02-25,RIDGE,3,-5.588570041559089,-7.429818836562825,1.841248795003736
2025-02-26,RIDGE,3,-7.482186017843935,-7.5096519768182795,0.027465958974344673
2025-02-27,RIDGE,3,-6.026685262486463,-7.35320416721438,1.3265189047279167
2025-02-28,RIDGE,3,-6.005721130764149,-7.1847402689823605,1.1790191382182114
2025-03-01,RIDGE,3,-5.832575425345344,-7.3445029883255835,1.5119275629802393
2025-03-02,RIDGE,3,-6.528431978871631,-7.28233532451651,0.7539033456448792
2025-03-03,RIDGE,3,-6.412729998936713,-7.267349667003788,0.854619668067075
2025-03-04,RIDGE,3,-5.651155219226064,-7.310737657773564,1.6595824385475
2025-03-05,RIDGE,3,-7.82002049036847,-7.241711273798796,-0.5783092165696742
2025-03-06,RIDGE,3,-7.116223896566312,-7.117603716473129,0.0013798199068171257
2025-03-07,RIDGE,3,-5.949376876735946,-7.185895131397543,1.236518254661597
2025-03-08,RIDGE,3,-6.2051256349718855,-7.267124233077512,1.0619985981056264
2025-03-09,RIDGE,3,-6.9226794457074154,-7.292094162170413,0.3694147164629973
2025-03-10,RIDGE,3,-7.250092425539886,-7.112640640500209,-0.13745178503967725
2025-03-11,RIDGE,3,-7.447118934719969,-7.15639838693343,-0.2907205477865391
2025-03-12,RIDGE,3,-8.898459551988159,-7.312154781209236,-1.5863047707789235
2025-03-13,RIDGE,3,-7.329432996679352,-7.19750140667908,-0.13193159000027244
2025-03-14,RIDGE,3,-7.67080326390782,-7.378980283808332,-0.2918229800994885
2025-03-15,RIDGE,3,-7.616041619926752,-7.2664111411234975,-0.34963047880325426
2025-03-16,RIDGE,3,-7.472221310413124,-7.41615955455878,-0.05606175585434414
2025-03-17,RIDGE,3,-7.439639310421675,-7.6152971914651255,0.17565788104345081
2025-03-18,RIDGE,3,-7.976296204139535,-7.630361787228369,-0.3459344169111658
2025-03-19,RIDGE,3,-9.81200323221424,-7.642367395066546,-2.169635837147694
2025-03-20,RIDGE,3,-8.77472856117907,-7.5230241849485555,-1.2517043762305153
2025-03-21,RIDGE,3,-7.738805643991428,-7.435417554363136,-0.30338808962829233
2025-03-22,RIDGE,3,-7.907900185694711,-7.539831810780312,-0.36806837491439914
2025-03-23,RIDGE,3,-7.926440425992742,-7.4376611721240184,-0.48877925386872345
2025-03-24,RIDGE,3,-8.15773669999174,-7.584490219773319,-0.5732464802184198
2025-03-25,RIDGE,3,-7.842789124023152,-7.63945503483255,-0.20333408919060236
2025-03-26,RIDGE,3,-8.003994184702773,-7.675237894575482,-0.32875629012729046
2025-03-27,RIDGE,3,-8.165887428032145,-7.639196998097666,-0.5266904299344786
2025-03-28,RIDGE,3,-7.254418259891095,-7.461475212145002,0.2070569522539074
2025-03-29,RIDGE,3,-7.756757128271761,-7.50859689082272,-0.24816023744904037
2025-03-30,RIDGE,3,-6.587482790091052,-7.388650674675278,0.8011678845842258
2025-03-31,RIDGE,3,-7.252194880144823,-7.513841617674493,0.26164673752967005
2025-04-01,RIDGE,3,-6.63516370951007,-7.657072292756221,1.0219085832461516
2025-04-02,RIDGE,3,-8.681969956851141,-7.560017100295181,-1.1219528565559598
2025-04-03,RIDGE,3,-7.188412492677708,-7.135641869170712,-0.05277062350699602
2025-04-04,RIDGE,3,-5.629049006791348,-7.060473285661128,1.4314242788697795
2025-04-05,RIDGE,3,-6.933967406336497,-7.173585057293631,0.2396176509571344
2025-04-06,RIDGE,3,-5.92065466170989,-7.191203344441502,1.2705486827316115
2025-04-07,RIDGE,3,-7.031037787314499,-7.161992891853571,0.13095510453907178
2025-04-08,RIDGE,3,-7.032090018849573,-7.257236603821419,0.2251465849718466
2025-04-09,RIDGE,3,-7.79990038655869,-7.5005400830485005,-0.2993603035101895
2025-04-10,RIDGE,3,-7.287263687197286,-7.23011101483402,-0.05715267236326582
2025-04-11,RIDGE,3,-7.167014962280521,-7.395673044038988,0.2286580817584669
2025-04-12,RIDGE,3,-7.777788884630375,-7.424092466695238,-0.3536964179351374
2025-04-13,RIDGE,3,-7.413189676387737,-7.329910275773165,-0.08327940061457184
2025-04-14,RIDGE,3,-8.268721841318316,-7.568139633860754,-0.7005822074575621
2025-04-15,RIDGE,3,-9.681279444888752,-7.6367480849260385,-2.044531359962713
2025-04-16,RIDGE,3,-9.171548905690758,-7.557369307357745,-1.6141795983330125
2025-04-17,RIDGE,3,-9.01552740253416,-7.549439490924538,-1.4660879116096215
2025-04-18,RIDGE,3,-7.457356285992482,-7.552156664692871,0.0948003787003886
2025-04-19,RIDGE,3,-6.979201722253075,-7.472204867407165,0.4930031451540904
2025-04-20,RIDGE,3,-7.403345870725576,-7.5461760518293755,0.14283018110379953
2025-04-21,RIDGE,3,-8.021045389721651,-7.5401096950359445,-0.48093569468570685
2025-04-22,RIDGE,3,-7.797960553044787,-7.649027587519591,-0.1489329655251952
2025-04-23,RIDGE,3,-8.912576429259436,-7.675340588510945,-1.2372358407484914
2025-04-24,RIDGE,3,-8.579169330655771,-7.560840263375397,-1.0183290672803746
2025-04-25,RIDGE,3,-7.92097208375074,-7.597587461341146,-0.323384622409594
2025-04-26,RIDGE,3,-8.087519781534887,-7.47540674378766,-0.6121130377472266
2025-04-27,RIDGE,3,-8.023455793775357,-7.436635200503769,-0.5868205932715878
2025-04-28,RIDGE,3,-8.09456339337235,-7.597040559528699,-0.4975228338436519
2025-04-29,RIDGE,3,-8.294066343106515,-7.666353345104176,-0.6277129980023384
2025-04-30,RIDGE,3,-9.46541060137628,-7.609724968323364,-1.855685633052917
2025-05-01,RIDGE,3,-8.596552100361416,-7.540224654347732,-1.0563274460136842
2025-05-02,RIDGE,3,-8.166003817373237,-7.613946194771392,-0.5520576226018452
2025-05-03,RIDGE,3,-8.013724640481898,-7.6417611735660875,-0.37196346691581095
2025-05-04,RIDGE,3,-7.894201229610753,-7.679204138060529,-0.21499709155022462
2025-05-05,RIDGE,3,-7.474703553304063,-7.655011633707374,0.1803080804033108
2025-05-06,RIDGE,3,-7.7544076279684,-7.607916674340578,-0.14649095362782205
2025-05-07,RIDGE,3,-8.51169203750711,-7.567112595477077,-0.9445794420300331
2025-05-08,RIDGE,3,-7.894756830708296,-7.541241944338826,-0.3535148863694699
2025-05-09,RIDGE,3,-7.171315375183232,-7.488228834645273,0.3169134594620413
2025-05-10,RIDGE,3,-7.898122089143746,-7.437246768736939,-0.46087532040680657
2025-05-11,RIDGE,3,-8.318310440418038,-7.463756387080411,-0.854554053337627
2025-05-12,RIDGE,3,-7.7147571999584414,-7.590737775548847,-0.12401942440959424
2025-05-13,RIDGE,3,-8.244800643227538,-7.692084946276957,-0.5527156969505818
2025-05-14,RIDGE,3,-8.88548365814237,-7.660481438069895,-1.2250022200724748
2025-05-15,RIDGE,3,-7.9130966647344225,-7.746766979934744,-0.16632968479967847
2025-05-16,RIDGE,3,-7.475391981698435,-7.648272905197354,0.17288092349891926
2025-05-17,RIDGE,3,-7.413492676031776,-7.570821569096778,0.15732889306500208
2025-05-18,RIDGE,3,-6.9048202411259405,-7.532024193605623,0.6272039524796824
2025-05-19,RIDGE,3,-7.5998782354004675,-7.545168120986349,-0.054710114414118216
2025-05-20,RIDGE,3,-7.443883442529285,-7.53439786017841,0.09051441764912482
2025-05-21,RIDGE,3,-8.225636513265073,-7.484573092455123,-0.74106342080995
2025-05-22,RIDGE,3,-8.196992018610825,-7.419779166750515,-0.7772128518603099
2025-05-23,RIDGE,3,-8.288440304342084,-7.422113096493962,-0.8663272078481219
2025-05-24,RIDGE,3,-7.940076582517803,-7.331648412518365,-0.6084281699994385
2025-05-25,RIDGE,3,-8.336031186903472,-7.249503247610023,-1.0865279392934495
2025-05-26,RIDGE,3,-7.769467517478563,-7.42997692051816,-0.3394905969604025
2025-05-27,RIDGE,3,-7.728674501465333,-7.607918751071881,-0.12075575039345221
2025-05-28,RIDGE,3,-8.421598154519437,-7.620916912489608,-0.800681242029829
2025-05-29,RIDGE,3,-8.743472246073782,-7.588875608180329,-1.1545966378934533
2025-05-30,RIDGE,3,-8.184430028615092,-7.57353672903608,-0.6108932995790113
2025-05-31,RIDGE,3,-8.331213911925008,-7.499884808728865,-0.8313291031961434
2025-06-01,RIDGE,3,-8.71279939743139,-7.522755701732559,-1.1900436956988303
2025-06-02,RIDGE,3,-7.51988335958094,-7.630317921439343,0.11043456185840306
2025-06-03,RIDGE,3,-8.345664194572562,-7.707080488720525,-0.6385837058520369
2025-06-04,RIDGE,3,-9.05218826005398,-7.742805506244715,-1.3093827538092642
2025-06-05,RIDGE,3,-9.384555576107418,-7.666651787062309,-1.717903789045109
2025-06-06,RIDGE,3,-7.968985833169205,-7.635141636252681,-0.333844196916524
2025-06-07,RIDGE,3,-8.125005944838898,-7.506689719932592,-0.6183162249063061
2025-06-08,RIDGE,3,-8.19082610478049,-7.6449308950171755,-0.5458952097633141
2025-06-09,RIDGE,3,-7.927023759209108,-7.735077954540733,-0.19194580466837508
2025-06-10,RIDGE,3,-7.443188684929166,-7.871819972904752,0.4286312879755858
2025-06-11,RIDGE,3,-9.05726972859608,-7.854885922429443,-1.2023838061666359
2025-06-12,RIDGE,3,-8.953471985164441,-7.674003362256048,-1.279468622908393
2025-06-13,RIDGE,3,-8.110641264350848,-7.601878107341227,-0.5087631570096214
2025-06-14,RIDGE,3,-7.806286485181062,-7.538669835802723,-0.26761664937833896
2025-06-15,RIDGE,3,-7.866192379807445,-7.564981726114595,-0.30121065369285027
2025-06-16,RIDGE,3,-8.633468871743753,-7.699954729047052,-0.9335141426967013
2025-06-17,RIDGE,3,-7.900331132706684,-7.551147660403321,-0.34918347230336355
2025-06-18,RIDGE,3,-7.967196587131996,-7.827646003949539,-0.13955058318245683
2025-06-19,RIDGE,3,-7.027680658640498,-7.771930596938713,0.7442499382982151
2025-06-20,RIDGE,3,-7.236497370232764,-7.582041967382195,0.34554459714943064
2025-06-21,RIDGE,3,-8.149886293035856,-7.668411363869236,-0.4814749291666196
2025-06-22,RIDGE,3,-8.176305065875129,-7.566039063980178,-0.6102660018949511
2025-06-23,RIDGE,3,-8.376095118293176,-7.655860931502107,-0.7202341867910684
2025-06-24,RIDGE,3,-8.542770722531861,-7.732043584759083,-0.810727137772778
2025-06-25,RIDGE,3,-10.649971722513076,-7.578112396609657,-3.071859325903419
2025-06-26,RIDGE,3,-9.316586495538738,-7.59180614778178,-1.7247803477569583
2025-06-27,RIDGE,3,-8.62277199796468,-7.647610008936819,-0.9751619890278613
2025-06-28,RIDGE,3,-8.642591743070529,-7.602058719818236,-1.0405330232522934
2025-06-29,RIDGE,3,-8.308439939764494,-7.777143778174727,-0.5312961615897667
2025-06-30,RIDGE,3,-8.29396771419438,-7.843823243897993,-0.4501444702963875
2025-07-01,RIDGE,3,-8.898524051817713,-7.983336465696233,-0.9151875861214798
2025-07-02,RIDGE,3,-9.987284347496226,-8.005228098758641,-1.9820562487375852
2025-07-03,RIDGE,3,-9.36677210235694,-7.821596550699701,-1.5451755516572385
2025-07-04,RIDGE,3,-8.713378263033814,-7.73795845462568,-0.9754198084081338
2025-07-05,RIDGE,3,-8.902586131499698,-7.776396060298799,-1.1261900712008988
2025-07-06,RIDGE,3,-8.29417874240117,-7.742594415537345,-0.551584326863825
2025-07-07,RIDGE,3,-7.209350045659884,-7.78123586418976,0.5718858185298767
2025-07-08,RIDGE,3,-7.867944834377488,-7.900791228691917,0.03284639431442926
2025-07-09,RIDGE,3,-9.356431837546369,-7.956171687291207,-1.4002601502551615
2025-07-10,RIDGE,3,-8.773942349578554,-7.917684866324963,-0.8562574832535912
2025-07-11,RIDGE,3,-7.481016702523509,-7.791750076235306,0.31073337371179655
2025-07-12,RIDGE,3,-7.254884046098786,-7.7565444059049184,0.5016603598061327
2025-07-13,RIDGE,3,-7.906106583346014,-7.684897555713304,-0.22120902763270944
2025-07-14,RIDGE,3,-7.750043741635851,-7.771080430902689,0.021036689266837882
2025-07-15,RIDGE,3,-7.925867888823022,-7.760309020663854,-0.16555886815916754
2025-07-16,RIDGE,3,-9.191851708958271,-7.705249431414665,-1.4866022775436063
2025-07-17,RIDGE,3,-8.749889889500176,-7.61430485549957,-1.1355850340006066
2025-07-18,RIDGE,3,-8.062198643566044,-7.571926968975016,-0.4902716745910274
2025-07-19,RIDGE,3,-7.740429316317312,-7.664802707417946,-0.07562660889936534
2025-07-20,RIDGE,3,-8.047332828013449,-7.7582114651179594,-0.2891213628954894
2025-07-21,RIDGE,3,-8.253076728769177,-7.753817764872896,-0.49925896389628033
2025-07-22,RIDGE,3,-7.605517370811197,-7.790519194524989,0.18500182371379204
2025-07-23,RIDGE,3,-9.606954095499765,-7.816460041852868,-1.7904940536468965
2025-07-24,RIDGE,3,-8.981033746649764,-7.803772335385735,-1.1772614112640296
2025-07-25,RIDGE,3,-8.30508496766559,-7.730232637395183,-0.5748523302704065
2025-07-26,RIDGE,3,-8.268215689597376,-7.705859765374473,-0.5623559242229028
2025-07-27,RIDGE,3,-8.393240576178409,-7.728260799321628,-0.6649797768567804
2025-07-28,RIDGE,3,-8.520230588607557,-7.736845606506807,-0.7833849821007499
2025-07-29,RIDGE,3,-7.533737412187012,-7.936484459102533,0.402747046915521
2025-07-30,RIDGE,3,-8.568970525996992,-8.002878882728757,-0.5660916432682352
2025-07-31,RIDGE,3,-9.01457508878402,-7.9143184648356675,-1.1002566239483533
2025-08-01,RIDGE,3,-8.64759502280641,-7.6210458015183535,-1.0265492212880565
2025-08-02,RIDGE,3,-8.327990264931364,-7.6629062248524615,-0.6650840400789022
2025-08-03,RIDGE,3,-8.51421068372607,-7.529773642529108,-0.9844370411969621
2025-08-04,RIDGE,3,-8.532403748070708,-7.615957873926927,-0.9164458741437809
2025-08-05,RIDGE,3,-8.651182815348951,-7.819278677958152,-0.8319041373907998
2025-08-06,RIDGE,3,-9.32597851139552,-7.992952785292076,-1.333025726103445
2025-08-07,RIDGE,3,-8.441043602227696,-8.00088030113902,-0.44016330108867585
2025-08-08,RIDGE,3,-7.811382584426513,-7.96613230265557,0.15474971822905736
2025-08-09,RIDGE,3,-8.297044334912817,-7.861126597214167,-0.4359177376986505
2025-08-10,RIDGE,3,-7.759195959681331,-7.757563254202804,-0.0016327054785270079
2025-08-11,RIDGE,3,-6.9615054586384755,-7.808921305178504,0.8474158465400281
2025-08-12,RIDGE,3,-8.400633017404333,-7.823846037195686,-0.5767869802086469
2025-08-13,RIDGE,3,-9.797853695149604,-7.8603927537038505,-1.937460941445753
2025-08-14,RIDGE,3,-9.5559821565806,-7.781519739174194,-1.7744624174064052
2025-08-15,RIDGE,3,-8.156814886452334,-7.805669373422031,-0.3511455130303034
2025-08-16,RIDGE,3,-8.142712241205171,-7.797283955228436,-0.3454282859767348
2025-08-17,RIDGE,3,-8.113278831395304,-7.805552349097468,-0.30772648229783606
2025-08-18,RIDGE,3,-8.175195141952578,-7.870306660926709,-0.30488848102586896
2025-08-19,RIDGE,3,-7.391375071440983,-7.885180648257673,0.49380557681669046
2025-08-20,RIDGE,3,-9.155666824013634,-7.887782700738565,-1.2678841232750697
2025-08-21,RIDGE,3,-7.722034948084426,-7.773848796099702,0.05181384801527589
2025-08-22,RIDGE,3,-7.330218334497994,-7.793024966901971,0.4628066324039768
2025-08-23,RIDGE,3,-7.622910020795579,-7.775585020379911,0.15267499958433195
2025-08-24,RIDGE,3,-8.082710716050025,-7.829684709476519,-0.2530260065735064
2025-08-25,RIDGE,3,-8.403842583904545,-7.8213544342382715,-0.5824881496662737
2025-08-26,RIDGE,3,-8.0046493464786,-7.893731418844916,-0.11091792763368336
2025-08-27,RIDGE,3,-9.133680845548108,-7.811316418229389,-1.3223644273187194
2025-08-28,RIDGE,3,-9.177958657568531,-7.781343845794842,-1.3966148117736896
2025-08-29,RIDGE,3,-7.953683190386181,-7.734328609329532,-0.21935458105664907
2025-08-30,RIDGE,3,-7.872158994764496,-7.767782515117695,-0.10437647964680163
2025-08-31,RIDGE,3,-8.182388144667684,-7.779158467656001,-0.4032296770116828
2025-09-01,RIDGE,3,-8.292311256544016,-7.770958193046409,-0.5213530634976067
2025-09-02,RIDGE,3,-8.049751286620033,-7.836761654995669,-0.2129896316243638
2025-09-03,RIDGE,3,-9.772848916168195,-7.898340832037927,-1.8745080841302686
2025-09-04,RIDGE,3,-9.53452627568605,-7.906102913526784,-1.6284233621592659
2025-09-05,RIDGE,3,-8.677120971758,-7.748188695409075,-0.9289322763489256
2025-09-06,RIDGE,3,-8.403115304394708,-7.800053789231477,-0.6030615151632315
2025-09-07,RIDGE,3,-8.21218014894868,-7.78750213759084,-0.4246780113578392
2025-09-08,RIDGE,3,-8.499654294702792,-7.7400135390654885,-0.759640755637303
2025-09-09,RIDGE,3,-8.617547509904476,-7.939859015197013,-0.6776884947074633
2025-09-10,RIDGE,3,-9.831130650802836,-8.016578644435537,-1.8145520063672986
2025-09-11,RIDGE,3,-9.54978554808957,-8.050094212673228,-1.4996913354163421
2025-09-12,RIDGE,3,-8.439814402280856,-8.037739050107081,-0.40207535217377455
2025-09-13,RIDGE,3,-8.792523838198322,-8.01333198854909,-0.7791918496492318
2025-09-14,RIDGE,3,-8.101310617641094,-7.937424612822111,-0.1638860048189823
2025-09-15,RIDGE,3,-8.766447689945338,-7.817367289290005,-0.9490804006553324
2025-09-16,RIDGE,3,-9.267364905921823,-7.947288689697086,-1.320076216224738
2025-09-17,RIDGE,3,-10.6050280488101,-7.956699295799196,-2.6483287530109036
2025-09-18,RIDGE,3,-10.133520913612236,-7.916367235681073,-2.2171536779311625
2025-09-19,RIDGE,3,-7.891930026244774,-7.973559266578472,0.08162924033369823
2025-09-20,RIDGE,3,-8.692216418426757,-7.977549135602232,-0.7146672828245242
2025-09-21,RIDGE,3,-8.715111261187413,-8.068797186717266,-0.6463140744701477
2025-09-22,RIDGE,3,-7.797766269227527,-8.038884043968107,0.24111777474058016
2025-09-23,RIDGE,3,-8.199318457410062,-8.096835958270722,-0.10248249913933982
2025-09-24,RIDGE,3,-10.290127372923022,-8.115941751038683,-2.174185621884339
2025-09-25,RIDGE,3,-9.254128583110203,-7.920158526951327,-1.3339700561588765
2025-09-26,RIDGE,3,-8.541521038784206,-7.900295335869311,-0.6412257029148947
2025-09-27,RIDGE,3,-8.603434629923894,-7.956518811421587,-0.6469158185023076
2025-09-28,RIDGE,3,-8.240112062129832,-7.854503250218726,-0.38560881191110585
2025-09-29,RIDGE,3,-8.296715658902626,-7.883092424226185,-0.41362323467644035
2025-09-30,RIDGE,3,-7.823921809963694,-8.160243264769353,0.3363214548056588
2025-10-01,RIDGE,3,-9.45214532988536,-8.184905655875072,-1.2672396740102876
2025-10-02,RIDGE,3,-7.695218782358524,-8.05943502488271,0.3642162425241855
2025-10-03,RIDGE,3,-8.01510033381816,-8.009818851561084,-0.005281482257075254
2025-10-04,RIDGE,3,-7.842639336975692,-7.806256425492718,-0.03638291148297412
2025-10-05,RIDGE,3,-8.002081163490216,-7.620512574618583,-0.3815685888716329
2025-10-06,RIDGE,3,-8.012382804006961,-7.905348237418949,-0.10703456658801169
2025-10-07,RIDGE,3,-4.587612791666304,-7.8842280463021055,3.2966152546358014
2025-10-08,RIDGE,3,-7.115722376608375,-7.898179081904587,0.7824567052962124
2025-10-09,RIDGE,3,-7.1264281234111495,-7.8831641249180375,0.756736001506888
2025-10-10,RIDGE,3,-7.601098600323596,-7.6224030399324345,0.021304439608838877
2025-10-11,RIDGE,3,-7.344241412122854,-7.556127028708314,0.21188561658545968
2025-10-12,RIDGE,3,-7.591723650096573,-7.5685494699147045,-0.023174180181868564
2025-10-13,RIDGE,3,-6.905012356907999,-7.621620013974029,0.7166076570660298
2025-10-14,RIDGE,3,-7.053262415309131,-7.652834308268731,0.5995718929595997
2025-10-15,RIDGE,3,-8.645181515778779,-7.8325296582545185,-0.8126518575242603
2025-10-16,RIDGE,3,-7.946925952270387,-7.709556950837051,-0.23736900143333628
2025-10-17,RIDGE,3,-7.702435877483535,-7.772446087691777,0.07001021020824183
2025-10-18,RIDGE,3,-6.814365684609184,-7.675193319480439,0.8608276348712547
2025-10-19,RIDGE,3,-7.329678651800407,-7.678117979371974,0.34843932757156715
2025-10-20,RIDGE,3,-7.503043703626393,-7.903320095411505,0.40027639178511265
2025-10-21,RIDGE,3,-8.016664491858316,-7.937764893724161,-0.07889959813415537
2025-10-22,RIDGE,3,-9.436012357444428,-7.909612049614854,-1.526400307829574
2025-10-23,RIDGE,3,-8.127811371886041,-7.812677863501819,-0.31513350838422216
2025-10-24,RIDGE,3,-8.31020361926275,-7.87389308130372,-0.43631053795903085
2025-10-25,RIDGE,3,-7.874738990868753,-7.794184359150845,-0.08055463171790844
2025-10-26,RIDGE,3,-7.054000148404952,-7.836628410881033,0.7826282624760816
2025-10-27,RIDGE,3,-7.043093926149241,-7.99909781971286,0.9560038935636195
2025-10-28,RIDGE,3,-7.299625987456839,-7.971113237736316,0.6714872502794771
2025-10-29,RIDGE,3,-9.102269176611976,-7.9611097214504865,-1.1411594551614899
2025-10-30,RIDGE,3,-8.604699637140742,-7.779161663519736,-0.8255379736210058
2025-10-31,RIDGE,3,-7.27163389114966,-7.793701200667372,0.5220673095177117
2025-11-01,RIDGE,3,-6.542526955726167,-7.910668874747052,1.3681419190208848
2025-11-02,RIDGE,3,-7.130332009579842,-7.823697929525051,0.6933659199452089
2025-11-03,RIDGE,3,-7.168157359718235,-7.848323071143561,0.6801657114253263
2025-11-04,RIDGE,3,-7.037002738488869,-7.8135484307772805,0.7765456922884111
2025-11-05,RIDGE,3,-8.218470766094887,-7.861004872053483,-0.35746589404140394
2025-11-06,RIDGE,3,-7.88633221123335,-7.595240578630002,-0.29109163260334814
2025-11-07,RIDGE,3,-7.707023434157362,-7.747965770782459,0.04094233662509694
2025-11-08,RIDGE,3,-7.4421296812380255,-7.668648580369267,0.2265188991312419
2025-11-09,RIDGE,3,-7.572570868483227,-7.720768969339026,0.1481981008557982
2025-11-10,RIDGE,3,-7.0002820840938105,-7.870222094986971,0.8699400108931608
2025-11-11,RIDGE,3,-6.384560789541653,-7.863894104262478,1.479333314720825
2025-11-12,RIDGE,3,-7.714310407924918,-7.929639626410056,0.21532921848513809
2025-11-13,RIDGE,3,-7.175102452523699,-7.715783591520563,0.540681138996864
2025-11-14,RIDGE,3,-6.993087708054424,-7.677514498030848,0.684426789976424
2025-11-15,RIDGE,3,-6.75464809359329,-7.512559071367312,0.7579109777740216
2025-11-16,RIDGE,3,-6.988105858772633,-7.652034722805155,0.6639288640325223
2025-11-17,RIDGE,3,-6.842480066767818,-7.607658499044728,0.76517843227691
2025-11-18,RIDGE,3,-5.7867108645783665,-7.608605420497603,1.8218945559192363
2025-11-19,RIDGE,3,-7.555518494073084,-7.834110233877537,0.27859173980445284
2025-11-20,RIDGE,3,-7.596708359678786,-7.549161465217053,-0.04754689446173277
2025-11-21,RIDGE,3,-6.969901638005364,-7.549161844855184,0.5792602068498196
2025-11-22,RIDGE,3,-7.231650335428167,-7.5685620332866534,0.3369116978584863
2025-11-23,RIDGE,3,-7.364305501511629,-7.53796089672219,0.1736553952105604
2025-11-24,RIDGE,3,-7.879568199495125,-7.585372627931717,-0.29419557156340836
2025-11-25,RIDGE,3,-7.694293783175389,-7.773235981995365,0.0789421988199761
2025-11-26,RIDGE,3,-8.832361523993656,-7.854366112692644,-0.9779954113010119
2025-11-27,RIDGE,3,-8.56370363864505,-7.752917776142421,-0.8107858625026294
2025-11-28,RIDGE,3,-6.7205038180139995,-7.85089830027182,1.1303944822578202
2025-11-29,RIDGE,3,-7.166694063037643,-7.852747784298161,0.6860537212605173
2025-11-30,RIDGE,3,-6.799725179739331,-7.984035331947888,1.1843101522085568
2025-12-01,RIDGE,3,-7.278058894103278,-7.87790483983245,0.5998459457291716
2025-12-02,RIDGE,3,-7.384608832790334,-7.865347790895592,0.4807389581052588
2025-12-03,RIDGE,3,-8.780922005770533,-7.856877146171238,-0.9240448595992952
2025-12-04,RIDGE,3,-7.414740413919735,-7.686091759071044,0.27135134515130854
2025-12-05,RIDGE,3,-7.457035504573326,-7.714695271588958,0.25765976701563265
2025-12-06,RIDGE,3,-7.256857420158548,-7.740112384123155,0.4832549639646073
2025-12-07,RIDGE,3,-7.058992929899828,-7.803394254784423,0.7444013248845947
2025-12-08,RIDGE,3,-7.347794785273569,-7.847864764761604,0.5000699794880346
2025-12-09,RIDGE,3,-7.561466219241837,-7.834777456423071,0.2733112371812334
2025-12-10,RIDGE,3,-9.696511840594232,-7.866673603372975,-1.8298382372212565
2025-12-11,RIDGE,3,-8.293293428630856,-7.825871664949428,-0.4674217636814273
2025-12-12,RIDGE,3,-7.227863026447627,-7.699641921639312,0.4717788951916848
2025-12-13,RIDGE,3,-7.710960999236119,-7.7091504919928795,-0.0018105072432392788
2025-12-14,RIDGE,3,-6.682453263792524,-7.8560423559243375,1.173589092131814
2025-12-15,RIDGE,3,-6.740374624315311,-7.858891051848138,1.1185164275328274
2025-12-16,RIDGE,3,-7.020317942574881,-7.971746330643012,0.9514283880681313
2025-12-17,RIDGE,3,-9.6115694039447,-7.969049557747959,-1.6425198461967403
2025-12-18,RIDGE,3,-8.628519475678901,-7.786937404351295,-0.8415820713276068
2025-12-19,RIDGE,3,-7.534308322325102,-7.874947499711108,0.3406391773860058
2025-12-20,RIDGE,3,-7.663101554070803,-7.7824438843952,0.11934233032439767
2025-12-21,RIDGE,3,-8.228128764798534,-7.771721664963869,-0.45640709983466454
2025-12-22,RIDGE,3,-8.643584150115842,-7.890287442410894,-0.7532967077049477
2025-12-23,RIDGE,3,-7.837277913270711,-7.9625112479944855,0.12523333472377463
2025-12-24,RIDGE,3,-10.1372374475085,-8.093362324009085,-2.043875123499415
2024-06-29,RIDGE,5,-6.7568326341271066,-7.788372441276897,1.03153980714979
2024-06-30,RIDGE,5,-6.028709939198225,-7.838281030526644,1.8095710913284186
2024-07-01,RIDGE,5,-7.82183717488344,-7.801327157209442,-0.02051001767399807
2024-07-02,RIDGE,5,-7.599232953126869,-7.754346401144263,0.1551134480173939
2024-07-03,RIDGE,5,-6.2016000220281144,-7.695955090525065,1.4943550684969509
2024-07-04,RIDGE,5,-7.13201098663784,-7.681689541056599,0.549678554418759
2024-07-05,RIDGE,5,-7.364155934126495,-7.688767219848079,0.32461128572158415
2024-07-06,RIDGE,5,-6.970855511693713,-7.422851279539458,0.45199576784574447
2024-07-07,RIDGE,5,-7.461112349654011,-7.31493972365803,-0.14617262599598035
2024-07-08,RIDGE,5,-8.001579020126183,-7.397142747857171,-0.6044362722690115
2024-07-09,RIDGE,5,-7.503141944073601,-7.484910054219352,-0.01823188985424906
2024-07-10,RIDGE,5,-7.10151927124952,-7.484740102063948,0.3832208308144276
2024-07-11,RIDGE,5,-6.8751174522895955,-7.557968743823361,0.6828512915337654
2024-07-12,RIDGE,5,-7.273310670983561,-7.538849688241277,0.26553901725771656
2024-07-13,RIDGE,5,-7.590004120123674,-7.641959484137633,0.05195536401395895
2024-07-14,RIDGE,5,-7.361953880672214,-7.622858750712463,0.26090487004024876
2024-07-15,RIDGE,5,-8.183252874840827,-7.648550511788314,-0.5347023630525127
2024-07-16,RIDGE,5,-7.540508981035038,-7.470938384229868,-0.0695705968051703
2024-07-17,RIDGE,5,-7.831068909072291,-7.281941686875926,-0.5491272221963657
2024-07-18,RIDGE,5,-7.504319171318432,-7.313033452320435,-0.19128571899799685
2024-07-19,RIDGE,5,-7.715830478728725,-7.3510450644949765,-0.3647854142337481
2024-07-20,RIDGE,5,-7.1111013620300145,-7.502984781761254,0.3918834197312391
2024-07-21,RIDGE,5,-7.731151246587125,-7.565746292483836,-0.16540495410328848
2024-07-22,RIDGE,5,-6.6745965844828605,-7.7272341338181,1.0526375493352393
2024-07-23,RIDGE,5,-8.297723232050007,-7.729494100117991,-0.5682291319320161
2024-07-24,RIDGE,5,-7.220642471062432,-7.562957556766131,0.3423150857036985
2024-07-25,RIDGE,5,-7.567743991658627,-7.493454684662486,-0.07428930699614167
2024-07-26,RIDGE,5,-7.537578973039193,-7.4603761325095235,-0.07720284052966964
2024-07-27,RIDGE,5,-7.134693601377736,-7.415542915523324,0.28084931414558856
2024-07-28,RIDGE,5,-6.728020741506768,-7.589943511217222,0.8619227697104543
2024-07-29,RIDGE,5,-7.102715268773577,-7.542402964264516,0.43968769549093967
2024-07-30,RIDGE,5,-6.901570663299103,-7.4430921680624085,0.5415215047633053
2024-07-31,RIDGE,5,-4.331832929576587,-7.486680197100243,3.154847267523656
2024-08-01,RIDGE,5,-6.129507554817753,-7.3969762939408294,1.2674687391230766
2024-08-02,RIDGE,5,-6.56821202032419,-7.325725049450533,0.7575130291263426
2024-08-03,RIDGE,5,-5.881456842610719,-7.321641177886236,1.440184335275517
2024-08-04,RIDGE,5,-6.5521594278707,-7.4019345465945685,0.8497751187238682
2024-08-05,RIDGE,5,-8.164746233335169,-7.1680936064005545,-0.9966526269346145
2024-08-06,RIDGE,5,-7.347966273268356,-7.16387703818486,-0.18408923508349595
2024-08-07,RIDGE,5,-6.301581779560638,-7.14180741879618,0.840225639235542
2024-08-08,RIDGE,5,-7.032064393779834,-7.016041307599454,-0.016023086180379842
2024-08-09,RIDGE,5,-7.145182948564176,-7.14919367693099,0.0040107283668140425
2024-08-10,RIDGE,5,-6.782869713050387,-7.210890971711354,0.42802125866096663
2024-08-11,RIDGE,5,-6.993243057300741,-7.38610160470992,0.3928585474091797
2024-08-12,RIDGE,5,-8.93414336978374,-7.433104387747581,-1.5010389820361594
2024-08-13,RIDGE,5,-8.090430304827276,-7.421438239777478,-0.6689920650497978
2024-08-14,RIDGE,5,-7.395852713362074,-7.4103398298599155,0.014487116497841512
2024-08-15,RIDGE,5,-7.252727153074581,-7.470214526495543,0.21748737342096192
2024-08-16,RIDGE,5,-7.122737507461557,-7.409741703771614,0.2870041963100567
2024-08-17,RIDGE,5,-7.663977474896019,-7.492023311532129,-0.1719541633638908
2024-08-18,RIDGE,5,-6.8510987312401355,-7.583105938411303,0.7320072071711676
2024-08-19,RIDGE,5,-8.299722443510342,-7.741398016907663,-0.5583244266026792
2024-08-20,RIDGE,5,-8.590906417273768,-7.707966708010692,-0.8829397092630762
2024-08-21,RIDGE,5,-7.848062431939034,-7.444004334918456,-0.40405809702057827
2024-08-22,RIDGE,5,-6.578074293173222,-7.287225573985931,0.7091512808127094
2024-08-23,RIDGE,5,-6.625319225980788,-7.278362724683931,0.653043498703143
2024-08-24,RIDGE,5,-7.220716390846805,-7.312660086820599,0.09194369597379382
2024-08-25,RIDGE,5,-7.355348084977686,-7.59591409913977,0.24056601416208334
2024-08-26,RIDGE,5,-9.250891127347398,-7.776615490295209,-1.4742756370521883
2024-08-27,RIDGE,5,-7.427050700993551,-7.650470033551498,0.22341933255794721
2024-08-28,RIDGE,5,-7.578986184704846,-7.4184900686733695,-0.16049611603147618
2024-08-29,RIDGE,5,-7.813351757199836,-7.267155398243887,-0.5461963589559495
2024-08-30,RIDGE,5,-6.5034602127886165,-7.308453887001513,0.8049936742128967
2024-08-31,RIDGE,5,-6.940360945467537,-7.457118427294454,0.5167574818269172
2024-09-01,RIDGE,5,-6.522114937682515,-7.618818797380299,1.0967038596977838
2024-09-02,RIDGE,5,-8.259113009436971,-7.629995844912679,-0.6291171645242928
2024-09-03,RIDGE,5,-7.6986759889953715,-7.529509189066042,-0.1691667999293296
2024-09-04,RIDGE,5,-7.142083192560166,-7.430002039554592,0.28791884699442516
2024-09-05,RIDGE,5,-7.454039970224542,-7.395888590300385,-0.05815137992415753
2024-09-06,RIDGE,5,-6.9566648361472945,-7.293782108972753,0.33711727282545834
2024-09-07,RIDGE,5,-7.375311173852939,-7.399741705738589,0.02443053188564992
2024-09-08,RIDGE,5,-7.641682246432809,-7.554523097882686,-0.08715914855012308
2024-09-09,RIDGE,5,-8.772444578271369,-7.722444614703756,-1.049999963567613
2024-09-10,RIDGE,5,-8.222190817885775,-7.582246378461361,-0.6399444394244131
2024-09-11,RIDGE,5,-7.505284819602623,-7.531686031919781,0.026401212317158418
2024-09-12,RIDGE,5,-7.206662096750963,-7.468006372264434,0.26134427551347095
2024-09-13,RIDGE,5,-7.000512980515621,-7.337894677858674,0.33738169734305323
2024-09-14,RIDGE,5,-7.40385524870723,-7.561912239650696,0.15805699094346615
2024-09-15,RIDGE,5,-7.62533614746632,-7.677472077104596,0.0521359296382764
2024-09-16,RIDGE,5,-9.118912980170885,-7.754804440738429,-1.364108539432456
2024-09-17,RIDGE,5,-8.210854186197356,-7.777932364871889,-0.43292182132546664
2024-09-18,RIDGE,5,-7.594933488516639,-7.560991781808313,-0.03394170670832608
2024-09-19,RIDGE,5,-7.695982377007085,-7.540600565825215,-0.15538181118187033
2024-09-20,RIDGE,5,-7.912236774178686,-7.4148982253159685,-0.4973385488627171
2024-09-21,RIDGE,5,-7.548593418115738,-7.418142032697317,-0.1304513854184206
2024-09-22,RIDGE,5,-8.156771512470494,-7.637275989174968,-0.5194955232955252
2024-09-23,RIDGE,5,-9.137411157807458,-7.657003575071088,-1.4804075827363699
2024-09-24,RIDGE,5,-9.22010927366513,-7.5790448987066155,-1.641064374958515
2024-09-25,RIDGE,5,-7.657672162115085,-7.455621645838633,-0.20205051627645165
2024-09-26,RIDGE,5,-7.16418081548918,-7.430210275937832,0.26602946044865217
2024-09-27,RIDGE,5,-6.873239201215958,-7.33619046481755,0.46295126360159156
2024-09-28,RIDGE,5,-7.372161845921349,-7.480702623765949,0.10854077784459992
2024-09-29,RIDGE,5,-7.762377171311247,-7.577035499373641,-0.1853416719376062
2024-09-30,RIDGE,5,-9.410517858234718,-7.677796193761132,-1.7327216644735852
2024-10-01,RIDGE,5,-8.859802514595454,-7.660715089895987,-1.1990874246994672
2024-10-02,RIDGE,5,-7.354846982929903,-7.417787879332604,0.06294089640270073
2024-10-03,RIDGE,5,-7.717832727168758,-7.406737675878695,-0.31109505129006276
2024-10-04,RIDGE,5,-7.9430170498383745,-7.4132338377995035,-0.529783212038871
2024-10-05,RIDGE,5,-7.587117550241822,-7.499243979357812,-0.08787357088401038
2024-10-06,RIDGE,5,-7.8173580785041725,-7.675953839906205,-0.1414042385979677
2024-10-07,RIDGE,5,-8.746814229333626,-7.867146685820252,-0.8796675435133743
2024-10-08,RIDGE,5,-8.44461347063351,-7.677246487501008,-0.7673669831325016
2024-10-09,RIDGE,5,-7.511216222523129,-7.570563634202041,0.05934741167891211
2024-10-10,RIDGE,5,-6.879154515339575,-7.326610031137282,0.4474555157977065
2024-10-11,RIDGE,5,-7.561391084229369,-7.433160850701489,-0.12823023352788
2024-10-12,RIDGE,5,-7.954807249048968,-7.648833505405254,-0.30597374364371355
2024-10-13,RIDGE,5,-7.899727601495052,-7.72349060860431,-0.17623699289074235
2024-10-14,RIDGE,5,-9.798785632524316,-7.869386650103073,-1.929398982421243
2024-10-15,RIDGE,5,-9.000277471682907,-7.767873905795868,-1.2324035658870383
2024-10-16,RIDGE,5,-7.724745468477852,-7.512340044436391,-0.212405424041461
2024-10-17,RIDGE,5,-7.774179791525233,-7.421871091597023,-0.35230869992821034
2024-10-18,RIDGE,5,-7.863362515397026,-7.332404290786571,-0.5309582246104547
2024-10-19,RIDGE,5,-8.018551193752419,-7.457746310520656,-0.5608048832317634
2024-10-20,RIDGE,5,-6.898530866282754,-7.742191879819824,0.8436610135370701
2024-10-21,RIDGE,5,-8.921658190779526,-7.8973959584726074,-1.0242622323069188
2024-10-22,RIDGE,5,-9.079636360099444,-7.737645580208448,-1.3419907798909962
2024-10-23,RIDGE,5,-7.784069601964099,-7.5136641648793185,-0.27040543708478015
2024-10-24,RIDGE,5,-7.368623299413477,-7.394025141358748,0.025401841945271286
2024-10-25,RIDGE,5,-7.512997901045132,-7.438768832854434,-0.0742290681906983
2024-10-26,RIDGE,5,-7.671750079550882,-7.4505220113990775,-0.22122806815180418
2024-10-27,RIDGE,5,-6.998467037027406,-7.479984694741325,0.4815176577139191
2024-10-28,RIDGE,5,-8.813773417610177,-7.6057883942291715,-1.2079850233810054
2024-10-29,RIDGE,5,-7.784664629556363,-7.659365394274822,-0.12529923528154097
2024-10-30,RIDGE,5,-7.509206844606907,-7.489361477449307,-0.019845367157599547
2024-10-31,RIDGE,5,-7.320254941313007,-7.436369488362784,0.11611454704977664
2024-11-01,RIDGE,5,-6.357178323463686,-7.428030409473904,1.070852086010218
2024-11-02,RIDGE,5,-7.505193457512192,-7.508593403628146,0.0033999461159543998
2024-11-03,RIDGE,5,-7.882091528500882,-7.595632801793827,-0.2864587267070551
2024-11-04,RIDGE,5,-8.951124037321541,-7.757517984163312,-1.1936060531582298
2024-11-05,RIDGE,5,-6.982350958300895,-7.6081148584754015,0.6257639001745066
2024-11-06,RIDGE,5,-6.610143513022823,-7.567004793543399,0.9568612805205756
2024-11-07,RIDGE,5,-5.89742196217559,-7.354626901229661,1.457204939054071
2024-11-08,RIDGE,5,-5.970825445834223,-7.19910904277553,1.2282835969413064
2024-11-09,RIDGE,5,-6.298780197423048,-7.536824196813,1.2380439993899515
2024-11-10,RIDGE,5,-6.69026855754187,-7.572799911614131,0.8825313540722606
2024-11-11,RIDGE,5,-7.962925402749825,-7.619172022788269,-0.34375337996155597
2024-11-12,RIDGE,5,-7.719913234094788,-7.280360056868119,-0.439553177226669
2024-11-13,RIDGE,5,-6.813641525214108,-6.828529815220642,0.014888290006533467
2024-11-14,RIDGE,5,-7.123061515534054,-6.548931237171138,-0.5741302783629161
2024-11-15,RIDGE,5,-7.349584827177568,-6.512572084335821,-0.8370127428417478
2024-11-16,RIDGE,5,-6.9277588146226785,-6.83480570253652,-0.09295311208615864
2024-11-17,RIDGE,5,-7.639603303246092,-7.143308332683933,-0.4962949705621593
2024-11-18,RIDGE,5,-8.458730870211758,-7.272961414731639,-1.185769455480119
2024-11-19,RIDGE,5,-7.906636805257383,-7.3502141982565155,-0.5564226070008678
2024-11-20,RIDGE,5,-6.845783544407805,-7.26743165608667,0.4216481116788646
2024-11-21,RIDGE,5,-6.704121318827724,-7.213278710557928,0.5091573917302039
2024-11-22,RIDGE,5,-7.421131408187987,-7.194240771649296,-0.22689063653869113
2024-11-23,RIDGE,5,-7.777480941685613,-7.254157320692049,-0.5233236209935637
2024-11-24,RIDGE,5,-7.7915055329164575,-7.448663061100588,-0.34284247181586913
2024-11-25,RIDGE,5,-8.944575839059315,-7.462218342808348,-1.482357496250967
2024-11-26,RIDGE,5,-8.526681786585359,-7.377532263031357,-1.1491495235540015
2024-11-27,RIDGE,5,-7.2277762188452845,-7.142199898488463,-0.08557632035682161
2024-11-28,RIDGE,5,-7.477860175072574,-7.0715323773276495,-0.40632779774492445
2024-11-29,RIDGE,5,-7.352016227925319,-7.19306767767542,-0.1589485502498995
2024-11-30,RIDGE,5,-5.520755763032788,-7.444864235491556,1.9241084724587676
2024-12-01,RIDGE,5,-7.056676956855624,-7.549622928989823,0.49294597213419955
2024-12-02,RIDGE,5,-8.28612317218258,-7.657838992196665,-0.628284179985914
2024-12-03,RIDGE,5,-8.152794625419403,-7.559922020371363,-0.5928726050480408
2024-12-04,RIDGE,5,-6.452164940538162,-7.351573611163833,0.8994086706256708
2024-12-05,RIDGE,5,-6.668355412158304,-7.230393793137776,0.5620383809794722
2024-12-06,RIDGE,5,-7.380414836630238,-6.998247038379928,-0.3821677982503102
2024-12-07,RIDGE,5,-7.347004798406336,-6.816268222743605,-0.5307365756627309
2024-12-08,RIDGE,5,-7.800269430130499,-6.974035130990834,-0.8262342991396654
2024-12-09,RIDGE,5,-8.329129180116265,-7.158652622442406,-1.170476557673859
2024-12-10,RIDGE,5,-7.954173621957407,-7.196537385673129,-0.7576362362842781
2024-12-11,RIDGE,5,-7.167863912303163,-7.204377901119509,0.03651398881634549
2024-12-12,RIDGE,5,-7.46114260237137,-7.0698765969195785,-0.3912660054517918
2024-12-13,RIDGE,5,-6.653480385951037,-7.2025326212894285,0.5490522353383911
2024-12-14,RIDGE,5,-6.215955295754829,-7.335564138003283,1.1196088422484545
2024-12-15,RIDGE,5,-6.2286006577328035,-7.400512705657316,1.1719120479245122
2024-12-16,RIDGE,5,-7.472773492215739,-7.465616374066382,-0.007157118149357267
2024-12-17,RIDGE,5,-7.349660055218582,-7.357039333687574,0.007379278468992112
2024-12-18,RIDGE,5,-6.8404400613287955,-7.214979156826152,0.3745390954973562
2024-12-19,RIDGE,5,-7.374187208078972,-7.093739095258394,-0.2804481128205776
2024-12-20,RIDGE,5,-7.715762789103233,-6.917245653990146,-0.7985171351130873
2024-12-21,RIDGE,5,-7.307697534873444,-6.872068036594798,-0.4356294982786464
2024-12-22,RIDGE,5,-7.106588924470662,-7.163972807008271,0.057383882537608955
2024-12-23,RIDGE,5,-8.634132442724063,-7.40405995695405,-1.2300724857700125
2024-12-24,RIDGE,5,-8.326756050975344,-7.384863109326497,-0.9418929416488471
2024-12-25,RIDGE,5,-7.3543943334481,-7.232006652999107,-0.12238768044899295
2024-12-26,RIDGE,5,-7.276893060792656,-7.145894419774998,-0.13099864101765757
2024-12-27,RIDGE,5,-8.238782332690736,-7.232610543461362,-1.0061717892293736
2024-12-28,RIDGE,5,-7.367896287600902,-7.3775348028180145,0.009638515217112342
2024-12-29,RIDGE,5,-8.097617541330267,-7.4078190073431704,-0.6897985339870969
2024-12-30,RIDGE,5,-9.19804542909942,-7.434140788498298,-1.7639046406011216
2024-12-31,RIDGE,5,-8.787325094170878,-7.398695758878298,-1.3886293352925803
2025-01-01,RIDGE,5,-7.415021751205516,-7.381314226611199,-0.03370752459431703
2025-01-02,RIDGE,5,-7.590481289361926,-7.361226197356121,-0.22925509200580496
2025-01-03,RIDGE,5,-6.90681582272137,-7.404697415458645,0.49788159273727484
2025-01-04,RIDGE,5,-6.968115739055578,-7.496212656759889,0.5280969177043113
2025-01-05,RIDGE,5,-6.709305206835529,-7.610490944574201,0.9011857377386718
2025-01-06,RIDGE,5,-8.995729032967116,-7.695464190834235,-1.300264842132881
2025-01-07,RIDGE,5,-8.852150045924287,-7.484108890429615,-1.3680411554946712
2025-01-08,RIDGE,5,-6.553319507908563,-7.259152687070601,0.7058331791620374
2025-01-09,RIDGE,5,-7.303486208762694,-7.269328696707655,-0.03415751205503881
2025-01-10,RIDGE,5,-7.312096925574036,-7.211911829890229,-0.1001850956838064
2025-01-11,RIDGE,5,-7.391486709026281,-7.252050433456409,-0.1394362755698717
2025-01-12,RIDGE,5,-7.511145310148465,-7.4050014608888715,-0.10614384925959364
2025-01-13,RIDGE,5,-7.438401020768668,-7.512955331955711,0.07455431118704237
2025-01-14,RIDGE,5,-6.148112404271952,-7.4962412098073905,1.3481288055354383
2025-01-15,RIDGE,5,-5.214773987217453,-7.335735968895173,2.12096198167772
2025-01-16,RIDGE,5,-6.34915971482197,-7.369157012154941,1.0199972973329707
2025-01-17,RIDGE,5,-7.594519813201731,-7.372082676071038,-0.2224371371306928
2025-01-18,RIDGE,5,-5.989812005402478,-7.45358299283957,1.4637709874370914
2025-01-19,RIDGE,5,-7.355564283258395,-7.43358209665466,0.07801781339626501
2025-01-20,RIDGE,5,-8.788612678268954,-7.097397284683183,-1.6912153935857717
2025-01-21,RIDGE,5,-8.623226788453762,-6.639140515984769,-1.9840862724689927
2025-01-22,RIDGE,5,-6.548166225847454,-6.515955111309731,-0.03221111453772263
2025-01-23,RIDGE,5,-7.335119722465245,-6.701815727385674,-0.6333039950795705
2025-01-24,RIDGE,5,-7.350021545427285,-6.97382263149742,-0.3761989139298647
2025-01-25,RIDGE,5,-7.86523565131056,-7.193685379327599,-0.6715502719829614
2025-01-26,RIDGE,5,-7.64515655585875,-7.398532721800183,-0.24662383405856758
2025-01-27,RIDGE,5,-8.395509658549456,-7.564442722270534,-0.8310669362789218
2025-01-28,RIDGE,5,-7.035755186208709,-7.521714595565786,0.4859594093570774
2025-01-29,RIDGE,5,-5.95199845728886,-7.209641053525338,1.2576425962364786
2025-01-30,RIDGE,5,-6.579587906443687,-7.176266296245321,0.5966783898016335
2025-01-31,RIDGE,5,-7.222214210843608,-7.201187517724115,-0.021026693119492457
2025-02-01,RIDGE,5,-7.456911400328808,-7.22627370975656,-0.23063769057224803
2025-02-02,RIDGE,5,-7.097257483150888,-7.30323359634671,0.2059761131958222
2025-02-03,RIDGE,5,-8.810076811866075,-7.316504603393933,-1.4935722084721421
2025-02-04,RIDGE,5,-8.10773415201615,-7.0767785282325955,-1.0309556237835542
2025-02-05,RIDGE,5,-7.786812840962016,-6.92045574060802,-0.866357100353996
2025-02-06,RIDGE,5,-8.095685364957285,-7.127014250276514,-0.9686711146807712
2025-02-07,RIDGE,5,-6.962691557561749,-7.283818211037608,0.3211266534758588
2025-02-08,RIDGE,5,-7.850939573833918,-7.410714107070085,-0.4402254667638328
2025-02-09,RIDGE,5,-7.6048640411791055,-7.52472176934596,-0.0801422718331457
2025-02-10,RIDGE,5,-9.31204237724052,-7.5800781650141715,-1.731964212226348
2025-02-11,RIDGE,5,-9.354075786569943,-7.552230839246668,-1.801844947323275
2025-02-12,RIDGE,5,-8.328308753403542,-7.470722612130637,-0.8575861412729049
2025-02-13,RIDGE,5,-7.735386570485104,-7.407634239858362,-0.32775233062674136
2025-02-14,RIDGE,5,-8.074161026658576,-7.352134860565197,-0.7220261660933787
2025-02-15,RIDGE,5,-8.388064413225592,-7.54703586250023,-0.8410285507253628
2025-02-16,RIDGE,5,-7.422492670788367,-7.830370400173759,0.40787772938539213
2025-02-17,RIDGE,5,-9.351071668633756,-7.977940965573061,-1.3731307030606947
2025-02-18,RIDGE,5,-9.327182940847992,-7.830118673481461,-1.4970642673665306
2025-02-19,RIDGE,5,-7.366790273234517,-7.534071397969373,0.16728112473485623
2025-02-20,RIDGE,5,-6.241011939761488,-7.330386636696379,1.0893746969348914
2025-02-21,RIDGE,5,-6.08442226100039,-7.257205986981693,1.1727837259813025
2025-02-22,RIDGE,5,-6.878853344044446,-7.479047492628054,0.6001941485836086
2025-02-23,RIDGE,5,-5.588570041559089,-7.669099583493523,2.0805295419344336
2025-02-24,RIDGE,5,-7.482186017843935,-7.731282902828795,0.24909688498486027
2025-02-25,RIDGE,5,-6.026685262486463,-7.721825796245361,1.6951405337588978
2025-02-26,RIDGE,5,-6.005721130764149,-7.304665244057153,1.298944113293004
2025-02-27,RIDGE,5,-5.832575425345344,-7.115573518035255,1.282998092689911
2025-02-28,RIDGE,5,-6.528431978871631,-7.0315190649582515,0.5030870860866203
2025-03-01,RIDGE,5,-6.412729998936713,-7.108441751678108,0.6957117527413956
2025-03-02,RIDGE,5,-5.651155219226064,-7.246330486121577,1.595175266895513
2025-03-03,RIDGE,5,-7.82002049036847,-7.236586985508493,-0.5834335048599764
2025-03-04,RIDGE,5,-7.116223896566312,-7.041982637293437,-0.07424125927287495
2025-03-05,RIDGE,5,-5.949376876735946,-7.091667540621713,1.1422906638857668
2025-03-06,RIDGE,5,-6.2051256349718855,-7.049931483980442,0.8448058490085568
2025-03-07,RIDGE,5,-6.9226794457074154,-7.120481251985738,0.19780180627832245
2025-03-08,RIDGE,5,-7.250092425539886,-7.205085873124727,-0.04500655241515972
2025-03-09,RIDGE,5,-7.447118934719969,-7.1699168148463315,-0.2772021198736372
2025-03-10,RIDGE,5,-8.898459551988159,-7.242715035784122,-1.6557445162040372
2025-03-11,RIDGE,5,-7.329432996679352,-7.173253415380557,-0.15617958129879472
2025-03-12,RIDGE,5,-7.67080326390782,-7.006411197388715,-0.6643920665191052
2025-03-13,RIDGE,5,-7.616041619926752,-6.951863800534285,-0.6641778193924663
2025-03-14,RIDGE,5,-7.472221310413124,-7.158979728564718,-0.31324158184840556
2025-03-15,RIDGE,5,-7.439639310421675,-7.480986182369432,0.041346871947757435
2025-03-16,RIDGE,5,-7.976296204139535,-7.60402564518195,-0.37227055895758543
2025-03-17,RIDGE,5,-9.81200323221424,-7.749029202663637,-2.0629740295506025
2025-03-18,RIDGE,5,-8.77472856117907,-7.608604316037558,-1.1661242451415132
2025-03-19,RIDGE,5,-7.738805643991428,-7.504249696062124,-0.23455594792930423
2025-03-20,RIDGE,5,-7.907900185694711,-7.41031435549978,-0.4975858301949305
2025-03-21,RIDGE,5,-7.926440425992742,-7.293929331768285,-0.6325110942244567
2025-03-22,RIDGE,5,-8.15773669999174,-7.3993285258501835,-0.7584081741415556
2025-03-23,RIDGE,5,-7.842789124023152,-7.628251046562961,-0.21453807746019127
2025-03-24,RIDGE,5,-8.003994184702773,-7.896247346769406,-0.10774683793336681
2025-03-25,RIDGE,5,-8.165887428032145,-7.8860904696238645,-0.27979695840828
2025-03-26,RIDGE,5,-7.254418259891095,-7.636144275977477,0.38172601608638246
2025-03-27,RIDGE,5,-7.756757128271761,-7.571029357624588,-0.18572777064717272
2025-03-28,RIDGE,5,-6.587482790091052,-7.339918706517244,0.752435916426192
2025-03-29,RIDGE,5,-7.252194880144823,-7.296446867129625,0.04425198698480237
2025-03-30,RIDGE,5,-6.63516370951007,-7.570413336336004,0.935249626825934
2025-03-31,RIDGE,5,-8.681969956851141,-7.5218868639655225,-1.1600830928856185
2025-04-01,RIDGE,5,-7.188412492677708,-7.487569249366637,0.29915675668892927
2025-04-02,RIDGE,5,-5.629049006791348,-7.447596416735314,1.8185474099439656
2025-04-03,RIDGE,5,-6.933967406336497,-7.217434223698588,0.2834668173620907
2025-04-04,RIDGE,5,-5.92065466170989,-6.972605621340617,1.0519509596307266
2025-04-05,RIDGE,5,-7.031037787314499,-7.095104426244957,0.06406663893045739
2025-04-06,RIDGE,5,-7.032090018849573,-7.193458876301697,0.16136885745212393
2025-04-07,RIDGE,5,-7.79990038655869,-7.2625557668218965,-0.5373446197367935
2025-04-08,RIDGE,5,-7.287263687197286,-7.244495182223881,-0.04276850497340501
2025-04-09,RIDGE,5,-7.167014962280521,-7.187582589467429,0.020567627186907522
2025-04-10,RIDGE,5,-7.777788884630375,-7.319959319717842,-0.457829564912533
2025-04-11,RIDGE,5,-7.413189676387737,-7.228560118185151,-0.18462955820258564
2025-04-12,RIDGE,5,-8.268721841318316,-7.391598395693546,-0.8771234456247701
2025-04-13,RIDGE,5,-9.681279444888752,-7.574372322234589,-2.106907122654163
2025-04-14,RIDGE,5,-9.171548905690758,-7.6058802787607345,-1.565668626930023
2025-04-15,RIDGE,5,-9.01552740253416,-7.500625492322769,-1.5149019102113908
2025-04-16,RIDGE,5,-7.457356285992482,-7.388972322899137,-0.06838396309334538
2025-04-17,RIDGE,5,-6.979201722253075,-7.309773753091888,0.33057203083881337
2025-04-18,RIDGE,5,-7.403345870725576,-7.36279280116864,-0.04055306955693627
2025-04-19,RIDGE,5,-8.021045389721651,-7.59095941548189,-0.4300859742397618
2025-04-20,RIDGE,5,-7.797960553044787,-7.83343713313026,0.03547658008547305
2025-04-21,RIDGE,5,-8.912576429259436,-7.796380214592685,-1.1161962146667515
2025-04-22,RIDGE,5,-8.579169330655771,-7.672160820471145,-0.9070085101846264
2025-04-23,RIDGE,5,-7.92097208375074,-7.565345189635247,-0.35562689411549275
2025-04-24,RIDGE,5,-8.087519781534887,-7.4650123222284845,-0.6225074593064024
2025-04-25,RIDGE,5,-8.023455793775357,-7.340302802244586,-0.683152991530771
2025-04-26,RIDGE,5,-8.09456339337235,-7.4147140087054355,-0.6798493846669151
2025-04-27,RIDGE,5,-8.294066343106515,-7.593255878235746,-0.7008104648707683
2025-04-28,RIDGE,5,-9.46541060137628,-7.636354048336088,-1.8290565530401928
2025-04-29,RIDGE,5,-8.596552100361416,-7.562999847347521,-1.0335522530138954
2025-04-30,RIDGE,5,-8.166003817373237,-7.499894745972296,-0.6661090714009417
2025-05-01,RIDGE,5,-8.013724640481898,-7.519571767381675,-0.4941528731002238
2025-05-02,RIDGE,5,-7.894201229610753,-7.651040437811616,-0.24316079179913697
2025-05-03,RIDGE,5,-7.474703553304063,-7.741738606622929,0.2670350533188657
2025-05-04,RIDGE,5,-7.7544076279684,-7.869300624937676,0.11489299696927535
2025-05-05,RIDGE,5,-8.51169203750711,-7.8543534110070565,-0.6573386265000538
2025-05-06,RIDGE,5,-7.894756830708296,-7.615609299350047,-0.279147531358249
2025-05-07,RIDGE,5,-7.171315375183232,-7.421078663256279,0.24976328807304693
2025-05-08,RIDGE,5,-7.898122089143746,-7.4481372134861,-0.44998487565764567
2025-05-09,RIDGE,5,-8.318310440418038,-7.422967928165383,-0.8953425122526557
2025-05-10,RIDGE,5,-7.7147571999584414,-7.412763610956139,-0.30199358900230244
2025-05-11,RIDGE,5,-8.244800643227538,-7.656899181302677,-0.5879014619248615
2025-05-12,RIDGE,5,-8.88548365814237,-7.833741195531211,-1.0517424626111591
2025-05-13,RIDGE,5,-7.9130966647344225,-7.809736324101529,-0.10336034063289379
2025-05-14,RIDGE,5,-7.475391981698435,-7.623189605082775,0.14779762338434033
2025-05-15,RIDGE,5,-7.413492676031776,-7.499357158623427,0.08586448259165103
2025-05-16,RIDGE,5,-6.9048202411259405,-7.442862457527753,0.5380422164018128
2025-05-17,RIDGE,5,-7.5998782354004675,-7.579672683455878,-0.020205551944589395
2025-05-18,RIDGE,5,-7.443883442529285,-7.670593201984062,0.2267097594547769
2025-05-19,RIDGE,5,-8.225636513265073,-7.721468911391752,-0.5041676018733208
2025-05-20,RIDGE,5,-8.196992018610825,-7.608656919050828,-0.5883350995599965
2025-05-21,RIDGE,5,-8.288440304342084,-7.464314523904024,-0.8241257804380595
2025-05-22,RIDGE,5,-7.940076582517803,-7.374035695878776,-0.5660408866390272
2025-05-23,RIDGE,5,-8.336031186903472,-7.219659613469716,-1.1163715734337565
2025-05-24,RIDGE,5,-7.769467517478563,-7.155112813612079,-0.6143547038664838
2025-05-25,RIDGE,5,-7.728674501465333,-7.468206992447823,-0.26046750901751015
2025-05-26,RIDGE,5,-8.421598154519437,-7.509487376609597,-0.9121107779098399
2025-05-27,RIDGE,5,-8.743472246073782,-7.547236812533695,-1.196235433540087
2025-05-28,RIDGE,5,-8.184430028615092,-7.683787672057542,-0.5006423565575497
2025-05-29,RIDGE,5,-8.331213911925008,-7.605321332297052,-0.7258925796279563
2025-05-30,RIDGE,5,-8.71279939743139,-7.521655240975776,-1.1911441564556133
2025-05-31,RIDGE,5,-7.51988335958094,-7.6040481707321295,0.08416481115118923
2025-06-01,RIDGE,5,-8.345664194572562,-7.553075799683049,-0.7925883948895125
2025-06-02,RIDGE,5,-9.05218826005398,-7.675164732848379,-1.3770235272056004
2025-06-03,RIDGE,5,-9.384555576107418,-7.712978314294301,-1.671577261813117
2025-06-04,RIDGE,5,-7.968985833169205,-7.65807287467866,-0.3109129584905448
2025-06-05,RIDGE,5,-8.125005944838898,-7.614091344420666,-0.5109146004182321
2025-06-06,RIDGE,5,-8.19082610478049,-7.671920719982617,-0.5189053847978728
2025-06-07,RIDGE,5,-7.927023759209108,-7.703562664552381,-0.22346109465672725
2025-06-08,RIDGE,5,-7.443188684929166,-7.887153892970906,0.4439652080417398
2025-06-09,RIDGE,5,-9.05726972859608,-8.027310112611442,-1.0299596159846374
2025-06-10,RIDGE,5,-8.953471985164441,-7.826755136606141,-1.1267168485583001
2025-06-11,RIDGE,5,-8.110641264350848,-7.718714544790704,-0.3919267195601437
2025-06-12,RIDGE,5,-7.806286485181062,-7.607725736654327,-0.19856074852673444
2025-06-13,RIDGE,5,-7.866192379807445,-7.509383544564059,-0.3568088352433856
2025-06-14,RIDGE,5,-8.633468871743753,-7.656616964605835,-0.9768519071379185
2025-06-15,RIDGE,5,-7.900331132706684,-7.64249743402155,-0.2578336986851344
2025-06-16,RIDGE,5,-7.967196587131996,-7.9174721551253215,-0.04972443200667431
2025-06-17,RIDGE,5,-7.027680658640498,-7.991550652411602,0.9638699937711044
2025-06-18,RIDGE,5,-7.236497370232764,-7.708327658539442,0.47183028830667784
2025-06-19,RIDGE,5,-8.149886293035856,-7.58117407351068,-0.5687122195251755
2025-06-20,RIDGE,5,-8.176305065875129,-7.523561575309029,-0.6527434905660998
2025-06-21,RIDGE,5,-8.376095118293176,-7.686508654079716,-0.6895864642134599
2025-06-22,RIDGE,5,-8.542770722531861,-7.749181884103711,-0.7935888384281498
2025-06-23,RIDGE,5,-10.649971722513076,-7.57771146043032,-3.0722602620827555
2025-06-24,RIDGE,5,-9.316586495538738,-7.347857005233186,-1.9687294903055523
2025-06-25,RIDGE,5,-8.62277199796468,-7.393093148119445,-1.229678849845235
2025-06-26,RIDGE,5,-8.642591743070529,-7.483203875121919,-1.1593878679486096
2025-06-27,RIDGE,5,-8.308439939764494,-7.764823621436304,-0.5436163183281897
2025-06-28,RIDGE,5,-8.29396771419438,-8.03114354018671,-0.26282417400767066
2025-06-29,RIDGE,5,-8.898524051817713,-8.100184819659741,-0.7983392321579714
2025-06-30,RIDGE,5,-9.987284347496226,-8.250731006111648,-1.7365533413845782
2025-07-01,RIDGE,5,-9.36677210235694,-8.02674514406626,-1.3400269582906805
2025-07-02,RIDGE,5,-8.713378263033814,-7.842179961086319,-0.8711983019474951
2025-07-03,RIDGE,5,-8.902586131499698,-7.805927661411796,-1.0966584700879016
2025-07-04,RIDGE,5,-8.29417874240117,-7.689212608409754,-0.6049661339914163
2025-07-05,RIDGE,5,-7.209350045659884,-7.746473899983062,0.5371238543231787
2025-07-06,RIDGE,5,-7.867944834377488,-7.946691344688945,0.07874651031145774
2025-07-07,RIDGE,5,-9.356431837546369,-8.07698721105475,-1.2794446264916193
2025-07-08,RIDGE,5,-8.773942349578554,-8.155076474199014,-0.6188658753795409
2025-07-09,RIDGE,5,-7.481016702523509,-7.960961268021708,0.4799445654981991
2025-07-10,RIDGE,5,-7.254884046098786,-7.858800312912382,0.603916266813596
2025-07-11,RIDGE,5,-7.906106583346014,-7.697001583282581,-0.2091050000634329
2025-07-12,RIDGE,5,-7.750043741635851,-7.4623733534003875,-0.28767038823546365
2025-07-13,RIDGE,5,-7.925867888823022,-7.619415487376447,-0.3064524014465748
2025-07-14,RIDGE,5,-9.191851708958271,-7.892823088725753,-1.2990286202325185
2025-07-15,RIDGE,5,-8.749889889500176,-7.72284275022641,-1.0270471392737663
2025-07-16,RIDGE,5,-8.062198643566044,-7.60871021440046,-0.4534884291655832
2025-07-17,RIDGE,5,-7.740429316317312,-7.618667376539441,-0.12176193977787086
2025-07-18,RIDGE,5,-8.047332828013449,-7.629378032869281,-0.4179547951441682
2025-07-19,RIDGE,5,-8.253076728769177,-7.762588502020317,-0.4904882267488597
2025-07-20,RIDGE,5,-7.605517370811197,-7.836584963390873,0.23106759257967635
2025-07-21,RIDGE,5,-9.606954095499765,-7.917560350807068,-1.6893937446926968
2025-07-22,RIDGE,5,-8.981033746649764,-7.867716359573687,-1.1133173870760773
2025-07-23,RIDGE,5,-8.30508496766559,-7.792632657432675,-0.5124523102329146
2025-07-24,RIDGE,5,-8.268215689597376,-7.694774479173914,-0.5734412104234625
2025-07-25,RIDGE,5,-8.393240576178409,-7.688269781110573,-0.7049707950678359
2025-07-26,RIDGE,5,-8.520230588607557,-7.794667196382893,-0.7255633922246645
2025-07-27,RIDGE,5,-7.533737412187012,-7.964659918615465,0.43092250642845276
2025-07-28,RIDGE,5,-8.568970525996992,-8.211857480705953,-0.3571130452910385
2025-07-29,RIDGE,5,-9.01457508878402,-8.068110166641183,-0.9464649221428374
2025-07-30,RIDGE,5,-8.64759502280641,-7.791027529858887,-0.8565674929475229
2025-07-31,RIDGE,5,-8.327990264931364,-7.713713037155499,-0.6142772277758644
2025-08-01,RIDGE,5,-8.51421068372607,-7.5263960790724695,-0.9878146046536003
2025-08-02,RIDGE,5,-8.532403748070708,-7.561697897229876,-0.9707058508408322
2025-08-03,RIDGE,5,-8.651182815348951,-7.7517048265126185,-0.8994779888363329
2025-08-04,RIDGE,5,-9.32597851139552,-7.9412469335007385,-1.3847315778947822
2025-08-05,RIDGE,5,-8.441043602227696,-8.102848178758565,-0.3381954234691307
2025-08-06,RIDGE,5,-7.811382584426513,-7.991085953286933,0.17970336886042038
2025-08-07,RIDGE,5,-8.297044334912817,-7.8551396525272885,-0.4419046823855286
2025-08-08,RIDGE,5,-7.759195959681331,-7.782041346966146,0.02284538728481511
2025-08-09,RIDGE,5,-6.9615054586384755,-7.792273068213803,0.8307676095753278
2025-08-10,RIDGE,5,-8.400633017404333,-7.818860926940395,-0.5817720904639385
2025-08-11,RIDGE,5,-9.797853695149604,-7.998093334823001,-1.7997603603266024
2025-08-12,RIDGE,5,-9.5559821565806,-7.9409705420091425,-1.6150116145714568
2025-08-13,RIDGE,5,-8.156814886452334,-7.848854317987583,-0.3079605684647513
2025-08-14,RIDGE,5,-8.142712241205171,-7.888600470217991,-0.25411177098717985
2025-08-15,RIDGE,5,-8.113278831395304,-7.794653695407352,-0.3186251359879515
2025-08-16,RIDGE,5,-8.175195141952578,-7.752533343087201,-0.42266179886537714
2025-08-17,RIDGE,5,-7.391375071440983,-7.95059167496487,0.559216603523887
2025-08-18,RIDGE,5,-9.155666824013634,-8.106243604503051,-1.049423219510583
2025-08-19,RIDGE,5,-7.722034948084426,-8.015536836188069,0.2935018881036431
2025-08-20,RIDGE,5,-7.330218334497994,-7.778871120320153,0.4486527858221585
2025-08-21,RIDGE,5,-7.622910020795579,-7.684181987537415,0.06127196674183644
2025-08-22,RIDGE,5,-8.082710716050025,-7.776996942010413,-0.30571377403961186
2025-08-23,RIDGE,5,-8.403842583904545,-7.8707828168603555,-0.5330597670441897
2025-08-24,RIDGE,5,-8.0046493464786,-8.005480516225784,0.000831169747185001
2025-08-25,RIDGE,5,-9.133680845548108,-8.08774886672499,-1.045931978823118
2025-08-26,RIDGE,5,-9.177958657568531,-7.897819852429812,-1.2801388051387192
2025-08-27,RIDGE,5,-7.953683190386181,-7.645531769851357,-0.30815142053482436
2025-08-28,RIDGE,5,-7.872158994764496,-7.637516810069025,-0.23464218469547138
2025-08-29,RIDGE,5,-8.182388144667684,-7.693947421894281,-0.48844072277340267
2025-08-30,RIDGE,5,-8.292311256544016,-7.785622767179946,-0.5066884893640697
2025-08-31,RIDGE,5,-8.049751286620033,-7.994784227308671,-0.054967059311362476
2025-09-01,RIDGE,5,-9.772848916168195,-8.087546731176513,-1.6853021849916825
2025-09-02,RIDGE,5,-9.53452627568605,-8.052613963835514,-1.481912311850536
2025-09-03,RIDGE,5,-8.677120971758,-7.812692729194384,-0.8644282425636165
2025-09-04,RIDGE,5,-8.403115304394708,-7.669642946928343,-0.7334723574663649
2025-09-05,RIDGE,5,-8.21218014894868,-7.736645013640461,-0.4755351353082178
2025-09-06,RIDGE,5,-8.499654294702792,-7.728171685188838,-0.7714826095139538
2025-09-07,RIDGE,5,-8.617547509904476,-7.862773501798115,-0.7547740081063612
2025-09-08,RIDGE,5,-9.831130650802836,-8.119413328093376,-1.7117173227094593
2025-09-09,RIDGE,5,-9.54978554808957,-8.20536115764759,-1.3444243904419793
2025-09-10,RIDGE,5,-8.439814402280856,-8.088652572336228,-0.35116182994462797
2025-09-11,RIDGE,5,-8.792523838198322,-7.975993269881458,-0.816530568316864
2025-09-12,RIDGE,5,-8.101310617641094,-7.877267114703047,-0.22404350293804676
2025-09-13,RIDGE,5,-8.766447689945338,-7.887947177957068,-0.8785005119882694
2025-09-14,RIDGE,5,-9.267364905921823,-8.0492177768267,-1.218147129095124
2025-09-15,RIDGE,5,-10.6050280488101,-8.20008218055415,-2.4049458682559504
2025-09-16,RIDGE,5,-10.133520913612236,-8.175135263007938,-1.9583856506042974
2025-09-17,RIDGE,5,-7.891930026244774,-8.073402880543181,0.18147285429840743
2025-09-18,RIDGE,5,-8.692216418426757,-8.095075939405497,-0.5971404790212596
2025-09-19,RIDGE,5,-8.715111261187413,-8.035975643230104,-0.6791356179573089
2025-09-20,RIDGE,5,-7.797766269227527,-8.13538644592982,0.33762017670229305
2025-09-21,RIDGE,5,-8.199318457410062,-8.334224566704783,0.1349061092947217
2025-09-22,RIDGE,5,-10.290127372923022,-8.434927915278388,-1.855199457644634
2025-09-23,RIDGE,5,-9.254128583110203,-8.272349308003275,-0.9817792751069288
2025-09-24,RIDGE,5,-8.541521038784206,-8.01425088468328,-0.5272701541009255
2025-09-25,RIDGE,5,-8.603434629923894,-7.940672146504985,-0.6627624834189092
2025-09-26,RIDGE,5,-8.240112062129832,-7.838288883741878,-0.40182317838795356
2025-09-27,RIDGE,5,-8.296715658902626,-7.845633102154454,-0.45108255674817155
2025-09-28,RIDGE,5,-7.823921809963694,-8.193308411195956,0.36938660123226175
2025-09-29,RIDGE,5,-9.45214532988536,-8.41849539164684,-1.0336499382385202
2025-09-30,RIDGE,5,-7.695218782358524,-8.293002042697347,0.5977832603388231
2025-10-01,RIDGE,5,-8.01510033381816,-8.062951989988495,0.04785165617033549
2025-10-02,RIDGE,5,-7.842639336975692,-7.782257282015346,-0.06038205496034621
2025-10-03,RIDGE,5,-8.002081163490216,-7.661554931840012,-0.34052623165020357
2025-10-04,RIDGE,5,-8.012382804006961,-7.752814368026866,-0.2595684359800954
2025-10-05,RIDGE,5,-4.587612791666304,-7.977891802955754,3.39027901128945
2025-10-06,RIDGE,5,-7.115722376608375,-8.025702191939581,0.9099798153312069
2025-10-07,RIDGE,5,-7.1264281234111495,-7.994435172355498,0.8680070489443485
2025-10-08,RIDGE,5,-7.601098600323596,-7.95282078695222,0.3517221866286242
2025-10-09,RIDGE,5,-7.344241412122854,-7.875085216763365,0.5308438046405106
2025-10-10,RIDGE,5,-7.591723650096573,-7.694737163643928,0.10301351354735466
2025-10-11,RIDGE,5,-6.905012356907999,-7.524085452986736,0.6190730960787363
2025-10-12,RIDGE,5,-7.053262415309131,-7.432389081130977,0.37912666582184595
2025-10-13,RIDGE,5,-8.645181515778779,-7.48616512819335,-1.159016387585429
2025-10-14,RIDGE,5,-7.946925952270387,-7.618956679596303,-0.3279692726740846
2025-10-15,RIDGE,5,-7.702435877483535,-7.750764490145028,0.0483286126614928
2025-10-16,RIDGE,5,-6.814365684609184,-7.667476677750939,0.8531109931417546
2025-10-17,RIDGE,5,-7.329678651800407,-7.589762518165958,0.2600838663655507
2025-10-18,RIDGE,5,-7.503043703626393,-7.720899595668223,0.21785589204183076
2025-10-19,RIDGE,5,-8.016664491858316,-7.895945095868499,-0.12071939598981718
2025-10-20,RIDGE,5,-9.436012357444428,-8.123482496498,-1.3125298609464284
2025-10-21,RIDGE,5,-8.127811371886041,-7.938662995859988,-0.18914837602605328
2025-10-22,RIDGE,5,-8.31020361926275,-7.806912654029999,-0.5032909652327522
2025-10-23,RIDGE,5,-7.874738990868753,-7.528156407835407,-0.34658258303334577
2025-10-24,RIDGE,5,-7.054000148404952,-7.457478320096506,0.4034781716915541
2025-10-25,RIDGE,5,-7.043093926149241,-7.802877473337123,0.7597835471878822
2025-10-26,RIDGE,5,-7.299625987456839,-8.071061540469339,0.7714355530125001
2025-10-27,RIDGE,5,-9.102269176611976,-8.170362471936249,-0.9319067046757272
2025-10-28,RIDGE,5,-8.604699637140742,-8.185399820215341,-0.41929981692540075
2025-10-29,RIDGE,5,-7.27163389114966,-7.984355184926299,0.7127212937766387
2025-10-30,RIDGE,5,-6.542526955726167,-7.932288637981352,1.3897616822551848
2025-10-31,RIDGE,5,-7.130332009579842,-7.640169767701184,0.5098377581213418
2025-11-01,RIDGE,5,-7.168157359718235,-7.5931149571277965,0.42495759740956185
2025-11-02,RIDGE,5,-7.037002738488869,-7.806140828671163,0.7691380901822935
2025-11-03,RIDGE,5,-8.218470766094887,-7.958590317916055,-0.2598804481788317
2025-11-04,RIDGE,5,-7.88633221123335,-7.826721442955625,-0.05961076827772516
2025-11-05,RIDGE,5,-7.707023434157362,-7.72577999775739,0.018756563600027754
2025-11-06,RIDGE,5,-7.4421296812380255,-7.555883858615298,0.11375417737727211
2025-11-07,RIDGE,5,-7.572570868483227,-7.604144396304014,0.03157352782078693
2025-11-08,RIDGE,5,-7.0002820840938105,-7.72777545924408,0.7274933751502699
2025-11-09,RIDGE,5,-6.384560789541653,-7.8049194312908465,1.4203586417491936
2025-11-10,RIDGE,5,-7.714310407924918,-7.979813827637276,0.265503419712358
2025-11-11,RIDGE,5,-7.175102452523699,-7.874694367092245,0.6995919145685461
2025-11-12,RIDGE,5,-6.993087708054424,-7.844368536021554,0.8512808279671296
2025-11-13,RIDGE,5,-6.75464809359329,-7.738860215918179,0.9842121223248892
2025-11-14,RIDGE,5,-6.988105858772633,-7.738928288977351,0.7508224302047184
2025-11-15,RIDGE,5,-6.842480066767818,-7.666431844335789,0.823951777567971
2025-11-16,RIDGE,5,-5.7867108645783665,-7.557904965980609,1.7711941014022425
2025-11-17,RIDGE,5,-7.555518494073084,-7.6600903651456225,0.10457187107253851
2025-11-18,RIDGE,5,-7.596708359678786,-7.55073632196343,-0.04597203771535607
2025-11-19,RIDGE,5,-6.969901638005364,-7.552474687480432,0.5825730494750676
2025-11-20,RIDGE,5,-7.231650335428167,-7.4779594388794015,0.24630910345123436
2025-11-21,RIDGE,5,-7.364305501511629,-7.3685301741456,0.004224672633970528
2025-11-22,RIDGE,5,-7.879568199495125,-7.384583849585132,-0.49498434990999307
2025-11-23,RIDGE,5,-7.694293783175389,-7.439688738601598,-0.25460504457379063
2025-11-24,RIDGE,5,-8.832361523993656,-7.665820153917474,-1.1665413700761817
2025-11-25,RIDGE,5,-8.56370363864505,-7.748981540998596,-0.8147220976464542
2025-11-26,RIDGE,5,-6.7205038180139995,-7.641454820502105,0.9209510024881054
2025-11-27,RIDGE,5,-7.166694063037643,-7.6551879260424425,0.48849386300479924
2025-11-28,RIDGE,5,-6.799725179739331,-7.81309444940565,1.0133692696663186
2025-11-29,RIDGE,5,-7.278058894103278,-7.92095322541232,0.6428943313090416
2025-11-30,RIDGE,5,-7.384608832790334,-8.068416656045825,0.6838078232554912
2025-12-01,RIDGE,5,-8.780922005770533,-7.995824557362664,-0.7850974484078685
2025-12-02,RIDGE,5,-7.414740413919735,-7.853532828045689,0.43879241412595427
2025-12-03,RIDGE,5,-7.457035504573326,-7.616702566223195,0.159667061649869
2025-12-04,RIDGE,5,-7.256857420158548,-7.503733631175521,0.2468762110169731
2025-12-05,RIDGE,5,-7.058992929899828,-7.632568440085771,0.5735755101859432
2025-12-06,RIDGE,5,-7.347794785273569,-7.764535773389322,0.41674098811575266
2025-12-07,RIDGE,5,-7.561466219241837,-7.893706476547467,0.3322402573056298
2025-12-08,RIDGE,5,-9.696511840594232,-7.9924245005160035,-1.7040873400782282
2025-12-09,RIDGE,5,-8.293293428630856,-7.895886829841374,-0.39740659878948126
2025-12-10,RIDGE,5,-7.227863026447627,-7.7665789036814346,0.5387158772338072
2025-12-11,RIDGE,5,-7.710960999236119,-7.729180496949768,0.01821949771364917
2025-12-12,RIDGE,5,-6.682453263792524,-7.650558985276891,0.9681057214843678
2025-12-13,RIDGE,5,-6.740374624315311,-7.7729563932373384,1.0325817689220278
2025-12-14,RIDGE,5,-7.020317942574881,-7.973371150258915,0.9530532076840341
2025-12-15,RIDGE,5,-9.6115694039447,-8.182960904753276,-1.428608499191423
2025-12-16,RIDGE,5,-8.628519475678901,-7.9204262212224945,-0.7080932544564069
2025-12-17,RIDGE,5,-7.534308322325102,-7.753254409246927,0.21894608692182516
2025-12-18,RIDGE,5,-7.663101554070803,-7.660531364713451,-0.0025701893573515378
2025-12-19,RIDGE,5,-8.228128764798534,-7.665222289783878,-0.562906475014656
2025-12-20,RIDGE,5,-8.643584150115842,-7.75475411744858,-0.8888300326672622
2025-12-21,RIDGE,5,-7.837277913270711,-7.904858683933736,0.06758077066302537
2025-12-22,RIDGE,5,-10.1372374475085,-8.211938651811588,-1.9252987956969125
2025-12-23,RIDGE,5,-9.816705351087146,-8.295487551504833,-1.5212177995823133
2025-12-24,RIDGE,5,-7.7426847782524995,-8.03301617069264,0.29033139244014095
2024-06-29,RIDGE,7,-7.82183717488344,-8.020562107984793,0.19872493310135297
2024-06-30,RIDGE,7,-7.599232953126869,-7.687431791643414,0.08819883851654531
2024-07-01,RIDGE,7,-6.2016000220281144,-7.441195379146547,1.2395953571184322
2024-07-02,RIDGE,7,-7.13201098663784,-7.8700040772409,0.7379930906030596
2024-07-03,RIDGE,7,-7.364155934126495,-7.808148325516323,0.4439923913898287
2024-07-04,RIDGE,7,-6.970855511693713,-7.438875889885518,0.4680203781918042
2024-07-05,RIDGE,7,-7.461112349654011,-7.275228454852703,-0.1858838948013073
2024-07-06,RIDGE,7,-8.001579020126183,-7.487597088189684,-0.5139819319364989
2024-07-07,RIDGE,7,-7.503141944073601,-7.876371307038672,0.3732293629650707
2024-07-08,RIDGE,7,-7.10151927124952,-7.170927221781407,0.06940795053188697
2024-07-09,RIDGE,7,-6.8751174522895955,-7.383977306043033,0.5088598537534379
2024-07-10,RIDGE,7,-7.273310670983561,-7.641254595505561,0.36794392452200064
2024-07-11,RIDGE,7,-7.590004120123674,-7.3341354322050005,-0.25586868791867357
2024-07-12,RIDGE,7,-7.361953880672214,-7.437243841565796,0.0752899608935822
2024-07-13,RIDGE,7,-8.183252874840827,-7.765303496172412,-0.417949378668415
2024-07-14,RIDGE,7,-7.540508981035038,-7.474384881501061,-0.06612409953397691
2024-07-15,RIDGE,7,-7.831068909072291,-7.2337372779125335,-0.5973316311597578
2024-07-16,RIDGE,7,-7.504319171318432,-7.170354804937245,-0.33396436638118665
2024-07-17,RIDGE,7,-7.715830478728725,-7.237903592156937,-0.4779268865717876
2024-07-18,RIDGE,7,-7.1111013620300145,-7.645429355064767,0.5343279930347524
2024-07-19,RIDGE,7,-7.731151246587125,-7.5393456148005,-0.19180563178662435
2024-07-20,RIDGE,7,-6.6745965844828605,-7.979757592059323,1.3051610075764621
2024-07-21,RIDGE,7,-8.297723232050007,-7.544085000447158,-0.7536382316028494
2024-07-22,RIDGE,7,-7.220642471062432,-7.584654939434025,0.36401246837159285
2024-07-23,RIDGE,7,-7.567743991658627,-7.233562784374075,-0.33418120728455225
2024-07-24,RIDGE,7,-7.537578973039193,-7.459701800913627,-0.07787717212556622
2024-07-25,RIDGE,7,-7.134693601377736,-7.436703733214298,0.3020101318365622
2024-07-26,RIDGE,7,-6.728020741506768,-7.769388169152092,1.0413674276453238
2024-07-27,RIDGE,7,-7.102715268773577,-7.42554469513907,0.3228294263654936
2024-07-28,RIDGE,7,-6.901570663299103,-7.941813044235587,1.0402423809364842
2024-07-29,RIDGE,7,-4.331832929576587,-7.28642166099825,2.954588731421663
2024-07-30,RIDGE,7,-6.129507554817753,-7.304592020135003,1.1750844653172505
2024-07-31,RIDGE,7,-6.56821202032419,-7.487491193566372,0.9192791732421819
2024-08-01,RIDGE,7,-5.881456842610719,-7.656310492075318,1.7748536494645988
2024-08-02,RIDGE,7,-6.5521594278707,-7.569328781864673,1.0171693539939728
2024-08-03,RIDGE,7,-8.164746233335169,-7.349737163183451,-0.8150090701517181
2024-08-04,RIDGE,7,-7.347966273268356,-7.591060662278069,0.24309438900971347
2024-08-05,RIDGE,7,-6.301581779560638,-6.757673892021735,0.45609211246109727
2024-08-06,RIDGE,7,-7.032064393779834,-6.63191048678615,-0.40015390699368414
2024-08-07,RIDGE,7,-7.145182948564176,-7.004507604276441,-0.1406753442877351
2024-08-08,RIDGE,7,-6.782869713050387,-6.865938946447941,0.08306923339755379
2024-08-09,RIDGE,7,-6.993243057300741,-7.067558693776229,0.07431563647548867
2024-08-10,RIDGE,7,-8.93414336978374,-7.575825604304691,-1.3583177654790495
2024-08-11,RIDGE,7,-8.090430304827276,-7.2644116135353585,-0.8260186912919174
2024-08-12,RIDGE,7,-7.395852713362074,-6.98002125522219,-0.4158314581398841
2024-08-13,RIDGE,7,-7.252727153074581,-7.103609112492259,-0.14911804058232203
2024-08-14,RIDGE,7,-7.122737507461557,-7.080183040733011,-0.04255446672854646
2024-08-15,RIDGE,7,-7.663977474896019,-7.0495466053796685,-0.614430869516351
2024-08-16,RIDGE,7,-6.8510987312401355,-7.248506653370247,0.3974079221301112
2024-08-17,RIDGE,7,-8.299722443510342,-7.806437069081576,-0.4932853744287664
2024-08-18,RIDGE,7,-8.590906417273768,-7.601803499464047,-0.9891029178097206
2024-08-19,RIDGE,7,-7.848062431939034,-7.31366174109951,-0.534400690839524
2024-08-20,RIDGE,7,-6.578074293173222,-7.165560135372478,0.5874858421992561
2024-08-21,RIDGE,7,-6.625319225980788,-7.415017181246636,0.7896979552658481
2024-08-22,RIDGE,7,-7.220716390846805,-7.404030222782554,0.1833138319357488
2024-08-23,RIDGE,7,-7.355348084977686,-7.792448838015963,0.4371007530382762
2024-08-24,RIDGE,7,-9.250891127347398,-8.13697949343508,-1.113911633912318
2024-08-25,RIDGE,7,-7.427050700993551,-8.152023421706692,0.7249727207131418
2024-08-26,RIDGE,7,-7.578986184704846,-7.333217562951793,-0.24576862175305259
2024-08-27,RIDGE,7,-7.813351757199836,-6.713007288425278,-1.1003444687745585
2024-08-28,RIDGE,7,-6.5034602127886165,-6.663082683585436,0.1596224707968199
2024-08-29,RIDGE,7,-6.940360945467537,-7.097852293658706,0.1574913481911686
2024-08-30,RIDGE,7,-6.522114937682515,-7.301657262730405,0.7795423250478901
2024-08-31,RIDGE,7,-8.259113009436971,-7.908137356179162,-0.35097565325780966
2024-09-01,RIDGE,7,-7.6986759889953715,-7.588742847346501,-0.10993314164887025
2024-09-02,RIDGE,7,-7.142083192560166,-7.597107127499198,0.4550239349390317
2024-09-03,RIDGE,7,-7.454039970224542,-7.549973864974717,0.09593389475017489
2024-09-04,RIDGE,7,-6.9566648361472945,-7.0621738072494775,0.10550897110218305
2024-09-05,RIDGE,7,-7.375311173852939,-7.142703032936197,-0.2326081409167422
2024-09-06,RIDGE,7,-7.641682246432809,-6.952109627072488,-0.6895726193603204
2024-09-07,RIDGE,7,-8.772444578271369,-7.842435452126759,-0.9300091261446095
2024-09-08,RIDGE,7,-8.222190817885775,-7.6254278584246835,-0.596762959461091
2024-09-09,RIDGE,7,-7.505284819602623,-7.291552485688792,-0.21373233391383106
2024-09-10,RIDGE,7,-7.206662096750963,-7.285687258341771,0.07902516159080797
2024-09-11,RIDGE,7,-7.000512980515621,-6.974907800966072,-0.025605179549549106
2024-09-12,RIDGE,7,-7.40385524870723,-7.398691114944235,-0.005164133762995071
2024-09-13,RIDGE,7,-7.62533614746632,-7.759900660598754,0.13456451313243445
2024-09-14,RIDGE,7,-9.118912980170885,-8.046872266693612,-1.0720407134772731
2024-09-15,RIDGE,7,-8.210854186197356,-8.056758586152714,-0.1540956000446414
2024-09-16,RIDGE,7,-7.594933488516639,-7.411111899859537,-0.18382158865710174
2024-09-17,RIDGE,7,-7.695982377007085,-7.076029896301991,-0.619952480705094
2024-09-18,RIDGE,7,-7.912236774178686,-6.958347615681672,-0.953889158497014
2024-09-19,RIDGE,7,-7.548593418115738,-7.174003066049154,-0.3745903520665843
2024-09-20,RIDGE,7,-8.156771512470494,-7.635727194065672,-0.5210443184048215
2024-09-21,RIDGE,7,-9.137411157807458,-7.724261034671594,-1.413150123135864
2024-09-22,RIDGE,7,-9.22010927366513,-7.7443085471757005,-1.47580072648943
2024-09-23,RIDGE,7,-7.657672162115085,-7.375523573607342,-0.2821485885077424
2024-09-24,RIDGE,7,-7.16418081548918,-7.152412445497798,-0.011768369991382421
2024-09-25,RIDGE,7,-6.873239201215958,-6.879404434192148,0.00616523297618965
2024-09-26,RIDGE,7,-7.372161845921349,-6.82643653056653,-0.5457253153548187
2024-09-27,RIDGE,7,-7.762377171311247,-6.671156387529056,-1.091220783782191
2024-09-28,RIDGE,7,-9.410517858234718,-7.781206085922987,-1.6293117723117305
2024-09-29,RIDGE,7,-8.859802514595454,-7.907687824514453,-0.9521146900810011
2024-09-30,RIDGE,7,-7.354846982929903,-7.069417295066625,-0.28542968786327805
2024-10-01,RIDGE,7,-7.717832727168758,-6.999344214981273,-0.7184885121874851
2024-10-02,RIDGE,7,-7.9430170498383745,-6.832029653023978,-1.1109873968143962
2024-10-03,RIDGE,7,-7.587117550241822,-6.826514849670577,-0.760602700571245
2024-10-04,RIDGE,7,-7.8173580785041725,-6.995516090804076,-0.8218419877000969
2024-10-05,RIDGE,7,-8.746814229333626,-7.996156491061737,-0.7506577382718893
2024-10-06,RIDGE,7,-8.44461347063351,-7.94316784807276,-0.5014456225607491
2024-10-07,RIDGE,7,-7.511216222523129,-7.412455956167791,-0.09876026635533819
2024-10-08,RIDGE,7,-6.879154515339575,-6.969259082188993,0.09010456684941737
2024-10-09,RIDGE,7,-7.561391084229369,-7.562136975885679,0.0007458916563098938
2024-10-10,RIDGE,7,-7.954807249048968,-7.634311388209093,-0.32049586083987514
2024-10-11,RIDGE,7,-7.899727601495052,-8.231519524213558,0.331791922718506
2024-10-12,RIDGE,7,-9.798785632524316,-8.29183265320909,-1.5069529793152263
2024-10-13,RIDGE,7,-9.000277471682907,-8.064763309692356,-0.9355141619905503
2024-10-14,RIDGE,7,-7.724745468477852,-7.311816618728408,-0.4129288497494432
2024-10-15,RIDGE,7,-7.774179791525233,-6.960911063694735,-0.813268727830498
2024-10-16,RIDGE,7,-7.863362515397026,-7.170359513909177,-0.693003001487849
2024-10-17,RIDGE,7,-8.018551193752419,-7.107180990490795,-0.9113702032616242
2024-10-18,RIDGE,7,-6.898530866282754,-7.589265245383375,0.6907343791006211
2024-10-19,RIDGE,7,-8.921658190779526,-8.423137886257315,-0.4985203045222111
2024-10-20,RIDGE,7,-9.079636360099444,-8.157029725273205,-0.9226066348262396
2024-10-21,RIDGE,7,-7.784069601964099,-7.282277408930909,-0.5017921930331894
2024-10-22,RIDGE,7,-7.368623299413477,-7.407929174559012,0.039305875145535296
2024-10-23,RIDGE,7,-7.512997901045132,-7.172030637914639,-0.3409672631304934
2024-10-24,RIDGE,7,-7.671750079550882,-7.581034145428124,-0.09071593412275814
2024-10-25,RIDGE,7,-6.998467037027406,-7.224889852085055,0.22642281505764927
2024-10-26,RIDGE,7,-8.813773417610177,-7.794920649584561,-1.0188527680256163
2024-10-27,RIDGE,7,-7.784664629556363,-8.345178388355441,0.560513758799078
2024-10-28,RIDGE,7,-7.509206844606907,-7.53127698102019,0.022070136413282704
2024-10-29,RIDGE,7,-7.320254941313007,-7.168353440236728,-0.15190150107627964
2024-10-30,RIDGE,7,-6.357178323463686,-7.2830376920214395,0.9258593685577532
2024-10-31,RIDGE,7,-7.505193457512192,-7.245084520019202,-0.2601089374929897
2024-11-01,RIDGE,7,-7.882091528500882,-7.144325990998616,-0.7377655375022663
2024-11-02,RIDGE,7,-8.951124037321541,-8.019706659409616,-0.9314173779119255
2024-11-03,RIDGE,7,-6.982350958300895,-7.740505740210107,0.7581547819092123
2024-11-04,RIDGE,7,-6.610143513022823,-7.1334833075685555,0.5233397945457323
2024-11-05,RIDGE,7,-5.89742196217559,-7.120540436048522,1.2231184738729315
2024-11-06,RIDGE,7,-5.970825445834223,-6.254716672606764,0.28389122677254086
2024-11-07,RIDGE,7,-6.298780197423048,-7.1169135734762055,0.8181333760531571
2024-11-08,RIDGE,7,-6.69026855754187,-7.771527983666236,1.0812594261243662
2024-11-09,RIDGE,7,-7.962925402749825,-8.556493472791242,0.5935680700414174
2024-11-10,RIDGE,7,-7.719913234094788,-7.1487503167787425,-0.5711629173160455
2024-11-11,RIDGE,7,-6.813641525214108,-7.135970145037661,0.3223286198235531
2024-11-12,RIDGE,7,-7.123061515534054,-6.8645301273856845,-0.25853138814836996
2024-11-13,RIDGE,7,-7.349584827177568,-6.5481539878701795,-0.8014308393073888
2024-11-14,RIDGE,7,-6.9277588146226785,-7.207699890162902,0.27994107554022385
2024-11-15,RIDGE,7,-7.639603303246092,-7.670053718297174,0.030450415051081592
2024-11-16,RIDGE,7,-8.458730870211758,-7.994358080864865,-0.46437278934689274
2024-11-17,RIDGE,7,-7.906636805257383,-7.712975016508655,-0.1936617887487282
2024-11-18,RIDGE,7,-6.845783544407805,-7.011990807660613,0.166207263252808
2024-11-19,RIDGE,7,-6.704121318827724,-6.947939648628006,0.24381832980028229
2024-11-20,RIDGE,7,-7.421131408187987,-6.904213627935414,-0.5169177802525731
2024-11-21,RIDGE,7,-7.777480941685613,-6.881116097594648,-0.8963648440909644
2024-11-22,RIDGE,7,-7.7915055329164575,-7.5115330342617845,-0.279972498654673
2024-11-23,RIDGE,7,-8.944575839059315,-7.961849089888731,-0.9827267491705838
2024-11-24,RIDGE,7,-8.526681786585359,-7.599157711295665,-0.9275240752896936
2024-11-25,RIDGE,7,-7.2277762188452845,-7.152220614398081,-0.07555560444720388
2024-11-26,RIDGE,7,-7.477860175072574,-7.0386263226373,-0.43923385243527413
2024-11-27,RIDGE,7,-7.352016227925319,-7.088029507517703,-0.2639867204076163
2024-11-28,RIDGE,7,-5.520755763032788,-7.499270435699061,1.9785146726662726
2024-11-29,RIDGE,7,-7.056676956855624,-7.315632364148487,0.2589554072928637
2024-11-30,RIDGE,7,-8.28612317218258,-7.542496365052461,-0.7436268071301182
2024-12-01,RIDGE,7,-8.152794625419403,-7.7068473848280625,-0.44594724059134094
2024-12-02,RIDGE,7,-6.452164940538162,-6.988443665533946,0.5362787249957846
2024-12-03,RIDGE,7,-6.668355412158304,-7.0493778613276925,0.38102244916938854
2024-12-04,RIDGE,7,-7.380414836630238,-7.050485663806897,-0.32992917282334133
2024-12-05,RIDGE,7,-7.347004798406336,-6.341439690428375,-1.0055651079779606
2024-12-06,RIDGE,7,-7.800269430130499,-6.936744164739181,-0.8635252653913179
2024-12-07,RIDGE,7,-8.329129180116265,-7.7644608577689525,-0.5646683223473126
2024-12-08,RIDGE,7,-7.954173621957407,-7.8252850569912145,-0.12888856496619283
2024-12-09,RIDGE,7,-7.167863912303163,-7.016144474169051,-0.15171943813411204
2024-12-10,RIDGE,7,-7.46114260237137,-6.906569375458344,-0.5545732269130266
2024-12-11,RIDGE,7,-6.653480385951037,-7.139507125085244,0.486026739134207
2024-12-12,RIDGE,7,-6.215955295754829,-6.9020491195438325,0.6860938237890037
2024-12-13,RIDGE,7,-6.2286006577328035,-7.320404334785486,1.0918036770526829
2024-12-14,RIDGE,7,-7.472773492215739,-7.4656489415413345,-0.0071245506744048726
2024-12-15,RIDGE,7,-7.349660055218582,-7.501760228338838,0.1521001731202558
2024-12-16,RIDGE,7,-6.8404400613287955,-7.310371688928429,0.4699316275996335
2024-12-17,RIDGE,7,-7.374187208078972,-7.410765166475179,0.036577958396207144
2024-12-18,RIDGE,7,-7.715762789103233,-7.073625192185435,-0.6421375969177978
2024-12-19,RIDGE,7,-7.307697534873444,-7.11242700657401,-0.19527052829943425
2024-12-20,RIDGE,7,-7.106588924470662,-7.002712909213832,-0.1038760152568301
2024-12-21,RIDGE,7,-8.634132442724063,-7.054164455415123,-1.5799679873089403
2024-12-22,RIDGE,7,-8.326756050975344,-7.3500916870668345,-0.97666436390851
2024-12-23,RIDGE,7,-7.3543943334481,-6.912439110298094,-0.4419552231500061
2024-12-24,RIDGE,7,-7.276893060792656,-6.776170342334511,-0.5007227184581442
2024-12-25,RIDGE,7,-8.238782332690736,-6.9517430907095425,-1.2870392419811933
2024-12-26,RIDGE,7,-7.367896287600902,-6.946584269739111,-0.4213120178617915
2024-12-27,RIDGE,7,-8.097617541330267,-7.12195802826305,-0.9756595130672174
2024-12-28,RIDGE,7,-9.19804542909942,-7.881025299833275,-1.3170201292661448
2024-12-29,RIDGE,7,-8.787325094170878,-7.65733324998013,-1.129991844190748
2024-12-30,RIDGE,7,-7.415021751205516,-7.176557059998219,-0.23846469120729719
2024-12-31,RIDGE,7,-7.590481289361926,-7.23992514696889,-0.3505561423930361
2025-01-01,RIDGE,7,-6.90681582272137,-7.428897968975666,0.5220821462542959
2025-01-02,RIDGE,7,-6.968115739055578,-7.2327236868884075,0.2646079478328298
2025-01-03,RIDGE,7,-6.709305206835529,-7.604141186638724,0.8948359798031955
2025-01-04,RIDGE,7,-8.995729032967116,-7.9019109729587615,-1.0938180600083545
2025-01-05,RIDGE,7,-8.852150045924287,-7.781436741115167,-1.0707133048091197
2025-01-06,RIDGE,7,-6.553319507908563,-7.1046719971817085,0.5513524892731452
2025-01-07,RIDGE,7,-7.303486208762694,-7.15265215139478,-0.15083405736791367
2025-01-08,RIDGE,7,-7.312096925574036,-6.983623184235426,-0.32847374133860985
2025-01-09,RIDGE,7,-7.391486709026281,-7.230322850343791,-0.16116385868248972
2025-01-10,RIDGE,7,-7.511145310148465,-7.188291343533924,-0.3228539666145407
2025-01-11,RIDGE,7,-7.438401020768668,-7.66709662141603,0.22869560064736127
2025-01-12,RIDGE,7,-6.148112404271952,-7.708038055814495,1.5599256515425433
2025-01-13,RIDGE,7,-5.214773987217453,-6.868836456024296,1.6540624688068428
2025-01-14,RIDGE,7,-6.34915971482197,-7.164015842515426,0.8148561276934565
2025-01-15,RIDGE,7,-7.594519813201731,-7.2988394826449055,-0.2956803305568254
2025-01-16,RIDGE,7,-5.989812005402478,-7.46251054105674,1.4726985356542617
2025-01-17,RIDGE,7,-7.355564283258395,-7.54058847625125,0.18502419299285489
2025-01-18,RIDGE,7,-8.788612678268954,-7.296682508405787,-1.491930169863167
2025-01-19,RIDGE,7,-8.623226788453762,-6.662839929124701,-1.960386859329061
2025-01-20,RIDGE,7,-6.548166225847454,-6.185168831291159,-0.3629973945562952
2025-01-21,RIDGE,7,-7.335119722465245,-6.864996619645721,-0.47012310281952363
2025-01-22,RIDGE,7,-7.350021545427285,-7.642155031070663,0.2921334856433786
2025-01-23,RIDGE,7,-7.86523565131056,-6.83690866946133,-1.0283269818492302
2025-01-24,RIDGE,7,-7.64515655585875,-7.303383605837316,-0.3417729500214346
2025-01-25,RIDGE,7,-8.395509658549456,-7.773649965271437,-0.6218596932780187
2025-01-26,RIDGE,7,-7.035755186208709,-7.837707816852934,0.8019526306442248
2025-01-27,RIDGE,7,-5.95199845728886,-6.731694696584382,0.7796962392955225
2025-01-28,RIDGE,7,-6.579587906443687,-6.904651746268836,0.3250638398251491
2025-01-29,RIDGE,7,-7.222214210843608,-6.959911992188419,-0.2623022186551882
2025-01-30,RIDGE,7,-7.456911400328808,-7.06244117208286,-0.39447022824594846
2025-01-31,RIDGE,7,-7.097257483150888,-7.014104410835419,-0.08315307231546942
2025-02-01,RIDGE,7,-8.810076811866075,-7.6741833600361975,-1.1358934518298778
2025-02-02,RIDGE,7,-8.10773415201615,-7.305726094597041,-0.8020080574191084
2025-02-03,RIDGE,7,-7.786812840962016,-6.546753402225717,-1.2400594387362993
2025-02-04,RIDGE,7,-8.095685364957285,-6.921569831808911,-1.174115533148374
2025-02-05,RIDGE,7,-6.962691557561749,-7.208569833593118,0.2458782760313687
2025-02-06,RIDGE,7,-7.850939573833918,-7.212580354135054,-0.6383592196988639
2025-02-07,RIDGE,7,-7.6048640411791055,-7.323980308420012,-0.2808837327590936
2025-02-08,RIDGE,7,-9.31204237724052,-7.72578549876642,-1.5862568784740994
2025-02-09,RIDGE,7,-9.354075786569943,-7.3909351240693715,-1.9631406625005718
2025-02-10,RIDGE,7,-8.328308753403542,-7.069990170260897,-1.2583185831426453
2025-02-11,RIDGE,7,-7.735386570485104,-7.428093226149166,-0.307293344335938
2025-02-12,RIDGE,7,-8.074161026658576,-7.102651050959716,-0.9715099756988597
2025-02-13,RIDGE,7,-8.388064413225592,-7.498241601526971,-0.8898228116986218
2025-02-14,RIDGE,7,-7.422492670788367,-7.747024953815415,0.3245322830270476
2025-02-15,RIDGE,7,-9.351071668633756,-8.500495073082275,-0.8505765955514804
2025-02-16,RIDGE,7,-9.327182940847992,-8.445918697481169,-0.8812642433668234
2025-02-17,RIDGE,7,-7.366790273234517,-7.67317904835528,0.30638877512076323
2025-02-18,RIDGE,7,-6.241011939761488,-7.154346235191169,0.9133342954296815
2025-02-19,RIDGE,7,-6.08442226100039,-7.070503736232246,0.9860814752318561
2025-02-20,RIDGE,7,-6.878853344044446,-7.618092912219057,0.7392395681746109
2025-02-21,RIDGE,7,-5.588570041559089,-7.463526874289707,1.8749568327306179
2025-02-22,RIDGE,7,-7.482186017843935,-8.501920118064415,1.0197341002204805
2025-02-23,RIDGE,7,-6.026685262486463,-8.5455224747206,2.5188372122341374
2025-02-24,RIDGE,7,-6.005721130764149,-7.697252958323992,1.6915318275598432
2025-02-25,RIDGE,7,-5.832575425345344,-6.979218565988583,1.1466431406432385
2025-02-26,RIDGE,7,-6.528431978871631,-6.907951275191185,0.37951929631955394
2025-02-27,RIDGE,7,-6.412729998936713,-6.917109044049738,0.5043790451130254
2025-02-28,RIDGE,7,-5.651155219226064,-6.768903152432045,1.1177479332059805
2025-03-01,RIDGE,7,-7.82002049036847,-7.293101272087665,-0.5269192182808045
2025-03-02,RIDGE,7,-7.116223896566312,-6.981978483395836,-0.13424541317047556
2025-03-03,RIDGE,7,-5.949376876735946,-6.834646416912479,0.8852695401765329
2025-03-04,RIDGE,7,-6.2051256349718855,-6.802151855388559,0.5970262204166739
2025-03-05,RIDGE,7,-6.9226794457074154,-7.054178797927958,0.13149935222054232
2025-03-06,RIDGE,7,-7.250092425539886,-6.881029928190072,-0.3690624973498142
2025-03-07,RIDGE,7,-7.447118934719969,-6.6018159749894245,-0.8453029597305441
2025-03-08,RIDGE,7,-8.898459551988159,-7.239404693633041,-1.659054858355118
2025-03-09,RIDGE,7,-7.329432996679352,-7.305187514865533,-0.024245481813818692
2025-03-10,RIDGE,7,-7.67080326390782,-6.659968483057185,-1.0108347808506357
2025-03-11,RIDGE,7,-7.616041619926752,-6.861422326433285,-0.7546192934934668
2025-03-12,RIDGE,7,-7.472221310413124,-6.909434082257555,-0.5627872281555693
2025-03-13,RIDGE,7,-7.439639310421675,-7.043280733855768,-0.39635857656590634
2025-03-14,RIDGE,7,-7.976296204139535,-7.244821830110731,-0.7314743740288039
2025-03-15,RIDGE,7,-9.81200323221424,-8.101729419552344,-1.710273812661896
2025-03-16,RIDGE,7,-8.77472856117907,-7.520854297049075,-1.2538742641299958
2025-03-17,RIDGE,7,-7.738805643991428,-7.3024957895692415,-0.43630985442218684
2025-03-18,RIDGE,7,-7.907900185694711,-7.261634418059131,-0.6462657676355796
2025-03-19,RIDGE,7,-7.926440425992742,-7.034594470668442,-0.8918459553242997
2025-03-20,RIDGE,7,-8.15773669999174,-7.064526759577443,-1.0932099404142965
2025-03-21,RIDGE,7,-7.842789124023152,-7.753969732302173,-0.08881939172097919
2025-03-22,RIDGE,7,-8.003994184702773,-8.420723041052591,0.4167288563498186
2025-03-23,RIDGE,7,-8.165887428032145,-8.376405222725598,0.21051779469345355
2025-03-24,RIDGE,7,-7.254418259891095,-8.00208022229502,0.7476619624039245
2025-03-25,RIDGE,7,-7.756757128271761,-7.5877492296989315,-0.16900789857282916
2025-03-26,RIDGE,7,-6.587482790091052,-7.577262717806038,0.9897799277149861
2025-03-27,RIDGE,7,-7.252194880144823,-7.438752092350311,0.18655721220548838
2025-03-28,RIDGE,7,-6.63516370951007,-7.255909669234374,0.6207459597243039
2025-03-29,RIDGE,7,-8.681969956851141,-7.579668355784569,-1.1023016010665723
2025-03-30,RIDGE,7,-7.188412492677708,-7.648403352515511,0.4599908598378031
2025-03-31,RIDGE,7,-5.629049006791348,-7.179277802384775,1.5502287955934273
2025-04-01,RIDGE,7,-6.933967406336497,-7.15600345582067,0.22203604948417333
2025-04-02,RIDGE,7,-5.92065466170989,-7.286461611226032,1.3658069495161413
2025-04-03,RIDGE,7,-7.031037787314499,-7.06972206574543,0.038684278430930696
2025-04-04,RIDGE,7,-7.032090018849573,-6.9475981597973755,-0.08449185905219725
2025-04-05,RIDGE,7,-7.79990038655869,-7.636992635999337,-0.16290775055935303
2025-04-06,RIDGE,7,-7.287263687197286,-7.029526979943537,-0.2577367072537493
2025-04-07,RIDGE,7,-7.167014962280521,-6.712281527592613,-0.45473343468790794
2025-04-08,RIDGE,7,-7.777788884630375,-7.362139160921966,-0.4156497237084089
2025-04-09,RIDGE,7,-7.413189676387737,-7.265285468754526,-0.14790420763321066
2025-04-10,RIDGE,7,-8.268721841318316,-7.16783732663343,-1.1008845146848856
2025-04-11,RIDGE,7,-9.681279444888752,-7.965913851183464,-1.7153655937052878
2025-04-12,RIDGE,7,-9.171548905690758,-7.6359917213315915,-1.535557184359166
2025-04-13,RIDGE,7,-9.01552740253416,-7.3348348160396215,-1.680692586494538
2025-04-14,RIDGE,7,-7.457356285992482,-6.850293935420873,-0.6070623505716091
2025-04-15,RIDGE,7,-6.979201722253075,-7.096872455808348,0.11767073355527291
2025-04-16,RIDGE,7,-7.403345870725576,-6.874162083196929,-0.5291837875286474
2025-04-17,RIDGE,7,-8.021045389721651,-7.470583295457585,-0.5504620942640663
2025-04-18,RIDGE,7,-7.797960553044787,-8.172663251108935,0.3747026980641479
2025-04-19,RIDGE,7,-8.912576429259436,-8.173862394574233,-0.7387140346852039
2025-04-20,RIDGE,7,-8.579169330655771,-8.315473347064152,-0.26369598359161905
2025-04-21,RIDGE,7,-7.92097208375074,-7.719599396145271,-0.20137268760546867
2025-04-22,RIDGE,7,-8.087519781534887,-7.1866836472981515,-0.9008361342367355
2025-04-23,RIDGE,7,-8.023455793775357,-7.348277954387762,-0.6751778393875947
2025-04-24,RIDGE,7,-8.09456339337235,-7.385539481264192,-0.709023912108159
2025-04-25,RIDGE,7,-8.294066343106515,-7.257683176149314,-1.0363831669572008
2025-04-26,RIDGE,7,-9.46541060137628,-7.947540864211667,-1.517869737164614
2025-04-27,RIDGE,7,-8.596552100361416,-7.59465419566634,-1.0018979046950758
2025-04-28,RIDGE,7,-8.166003817373237,-7.080578817360895,-1.0854250000123429
2025-04-29,RIDGE,7,-8.013724640481898,-7.188148445955252,-0.8255761945266462
2025-04-30,RIDGE,7,-7.894201229610753,-7.422703525207592,-0.47149770440316097
2025-05-01,RIDGE,7,-7.474703553304063,-7.638725472380816,0.16402191907675334
2025-05-02,RIDGE,7,-7.7544076279684,-7.942005948310472,0.18759832034207147
2025-05-03,RIDGE,7,-8.51169203750711,-8.014654917134122,-0.49703712037298864
2025-05-04,RIDGE,7,-7.894756830708296,-7.865156710470345,-0.029600120237951444
2025-05-05,RIDGE,7,-7.171315375183232,-7.1120598502660775,-0.05925552491715447
2025-05-06,RIDGE,7,-7.898122089143746,-7.048042271212748,-0.8500798179309976
2025-05-07,RIDGE,7,-8.318310440418038,-7.044861821426002,-1.2734486189920364
2025-05-08,RIDGE,7,-7.7147571999584414,-7.148193323151006,-0.566563876807435
2025-05-09,RIDGE,7,-8.244800643227538,-7.5970365932223896,-0.6477640500051489
2025-05-10,RIDGE,7,-8.88548365814237,-8.241367500007296,-0.6441161581350734
2025-05-11,RIDGE,7,-7.9130966647344225,-8.118537794266366,0.20544112953194382
2025-05-12,RIDGE,7,-7.475391981698435,-7.5317555782532315,0.056363596554796835
2025-05-13,RIDGE,7,-7.413492676031776,-7.340405646291175,-0.07308702974060122
2025-05-14,RIDGE,7,-6.9048202411259405,-7.239962770836898,0.33514252971095715
2025-05-15,RIDGE,7,-7.5998782354004675,-7.22052987749169,-0.3793483579087775
2025-05-16,RIDGE,7,-7.443883442529285,-7.800717535981535,0.3568340934522505
2025-05-17,RIDGE,7,-8.225636513265073,-8.131050305436785,-0.09458620782828753
2025-05-18,RIDGE,7,-8.196992018610825,-7.7373192002433,-0.45967281836752427
2025-05-19,RIDGE,7,-8.288440304342084,-7.4796840511043925,-0.8087562532376911
2025-05-20,RIDGE,7,-7.940076582517803,-7.50564387333648,-0.4344327091813236
2025-05-21,RIDGE,7,-8.336031186903472,-7.4386517294265495,-0.8973794574769229
2025-05-22,RIDGE,7,-7.769467517478563,-7.022370238742971,-0.7470972787355921
2025-05-23,RIDGE,7,-7.728674501465333,-7.4973541599936775,-0.2313203414716556
2025-05-24,RIDGE,7,-8.421598154519437,-7.884831934063958,-0.5367662204554788
2025-05-25,RIDGE,7,-8.743472246073782,-7.677954876623432,-1.0655173694503501
2025-05-26,RIDGE,7,-8.184430028615092,-7.563874558076823,-0.6205554705382683
2025-05-27,RIDGE,7,-8.331213911925008,-7.422344084485103,-0.9088698274399052
2025-05-28,RIDGE,7,-8.71279939743139,-7.527300795962018,-1.1854986014693711
2025-05-29,RIDGE,7,-7.51988335958094,-7.472196136454505,-0.04768722312643536
2025-05-30,RIDGE,7,-8.345664194572562,-7.3567533599933075,-0.9889108345792543
2025-05-31,RIDGE,7,-9.05218826005398,-7.798512503540339,-1.2536757565136405
2025-06-01,RIDGE,7,-9.384555576107418,-7.855399387548642,-1.529156188558776
2025-06-02,RIDGE,7,-7.968985833169205,-7.526462443998347,-0.44252338917085776
2025-06-03,RIDGE,7,-8.125005944838898,-7.6601752806740215,-0.46483066416487695
2025-06-04,RIDGE,7,-8.19082610478049,-7.842952955004753,-0.3478731497757366
2025-06-05,RIDGE,7,-7.927023759209108,-7.321833321117868,-0.6051904380912401
2025-06-06,RIDGE,7,-7.443188684929166,-7.874236115632776,0.43104743070361007
2025-06-07,RIDGE,7,-9.05726972859608,-8.344838549569499,-0.7124311790265807
2025-06-08,RIDGE,7,-8.953471985164441,-8.167288133479504,-0.7861838516849371
2025-06-09,RIDGE,7,-8.110641264350848,-7.479945076377073,-0.6306961879737747
2025-06-10,RIDGE,7,-7.806286485181062,-7.2363583197614245,-0.5699281654196371
2025-06-11,RIDGE,7,-7.866192379807445,-7.391354690405733,-0.47483768940171167
2025-06-12,RIDGE,7,-8.633468871743753,-7.501448100340428,-1.132020771403325
2025-06-13,RIDGE,7,-7.900331132706684,-7.4658457425109,-0.4344853901957846
2025-06-14,RIDGE,7,-7.967196587131996,-8.477559640914603,0.5103630537826067
2025-06-15,RIDGE,7,-7.027680658640498,-8.448603098278822,1.420922439638324
2025-06-16,RIDGE,7,-7.236497370232764,-7.90977695592811,0.6732795856953455
2025-06-17,RIDGE,7,-8.149886293035856,-7.394604124428042,-0.7552821686078133
2025-06-18,RIDGE,7,-8.176305065875129,-7.287608991028304,-0.8886960748468242
2025-06-19,RIDGE,7,-8.376095118293176,-7.719368717652818,-0.6567264006403573
2025-06-20,RIDGE,7,-8.542770722531861,-7.863530853804706,-0.679239868727155
2025-06-21,RIDGE,7,-10.649971722513076,-7.909127512725393,-2.7408442097876833
2025-06-22,RIDGE,7,-9.316586495538738,-7.422722075412537,-1.8938644201262012
2025-06-23,RIDGE,7,-8.62277199796468,-7.164323545321299,-1.4584484526433812
2025-06-24,RIDGE,7,-8.642591743070529,-7.445077688803348,-1.197514054267181
2025-06-25,RIDGE,7,-8.308439939764494,-7.987622723619879,-0.320817216144615
2025-06-26,RIDGE,7,-8.29396771419438,-8.364039753480416,0.07007203928603545
2025-06-27,RIDGE,7,-8.898524051817713,-8.210492732252582,-0.6880313195651304
2025-06-28,RIDGE,7,-9.987284347496226,-9.339249425527607,-0.6480349219686197
2025-06-29,RIDGE,7,-9.36677210235694,-8.261918547253305,-1.1048535551036345
2025-06-30,RIDGE,7,-8.713378263033814,-7.6076771674241215,-1.1057010956096924
2025-07-01,RIDGE,7,-8.902586131499698,-7.599833560138345,-1.3027525713613528
2025-07-02,RIDGE,7,-8.29417874240117,-7.462436695743545,-0.8317420466576255
2025-07-03,RIDGE,7,-7.209350045659884,-7.38907225013698,0.17972220447709653
2025-07-04,RIDGE,7,-7.867944834377488,-7.898543521788024,0.03059868741053684
2025-07-05,RIDGE,7,-9.356431837546369,-8.48356107977581,-0.8728707577705581
2025-07-06,RIDGE,7,-8.773942349578554,-8.545928193720304,-0.2280141558582507
2025-07-07,RIDGE,7,-7.481016702523509,-8.009274658008339,0.5282579554848299
2025-07-08,RIDGE,7,-7.254884046098786,-8.171820567270382,0.9169365211715963
2025-07-09,RIDGE,7,-7.906106583346014,-7.742895934556807,-0.16321064878920666
2025-07-10,RIDGE,7,-7.750043741635851,-7.049542890815649,-0.7005008508202017
2025-07-11,RIDGE,7,-7.925867888823022,-7.472427836595843,-0.45344005222717865
2025-07-12,RIDGE,7,-9.191851708958271,-8.15732459186276,-1.0345271170955108
2025-07-13,RIDGE,7,-8.749889889500176,-8.278616681488032,-0.47127320801214445
2025-07-14,RIDGE,7,-8.062198643566044,-7.5496247625507165,-0.5125738810153271
2025-07-15,RIDGE,7,-7.740429316317312,-7.5604186506077555,-0.18001066570955615
2025-07-16,RIDGE,7,-8.047332828013449,-7.622649466351879,-0.42468336166156995
2025-07-17,RIDGE,7,-8.253076728769177,-7.5332527994234,-0.7198239293457762
2025-07-18,RIDGE,7,-7.605517370811197,-7.560055189176505,-0.045462181634691845
2025-07-19,RIDGE,7,-9.606954095499765,-8.24274417037499,-1.364209925124774
2025-07-20,RIDGE,7,-8.981033746649764,-7.9390432334667596,-1.0419905131830047
2025-07-21,RIDGE,7,-8.30508496766559,-7.548870556429428,-0.7562144112361615
2025-07-22,RIDGE,7,-8.268215689597376,-7.428970165987017,-0.8392455236103595
2025-07-23,RIDGE,7,-8.393240576178409,-7.753276112831207,-0.6399644633472015
2025-07-24,RIDGE,7,-8.520230588607557,-7.6681223598403525,-0.8521082287672046
2025-07-25,RIDGE,7,-7.533737412187012,-7.6750949132958,0.14135750110878842
2025-07-26,RIDGE,7,-8.568970525996992,-8.973440563096059,0.4044700370990668
2025-07-27,RIDGE,7,-9.01457508878402,-8.524109114480698,-0.49046597430332284
2025-07-28,RIDGE,7,-8.64759502280641,-7.780717069154875,-0.8668779536515352
2025-07-29,RIDGE,7,-8.327990264931364,-7.488016731898245,-0.8399735330331186
2025-07-30,RIDGE,7,-8.51421068372607,-7.323098270225566,-1.1911124135005036
2025-07-31,RIDGE,7,-8.532403748070708,-7.896541495507088,-0.6358622525636202
2025-08-01,RIDGE,7,-8.651182815348951,-7.617224068566749,-1.0339587467822025
2025-08-02,RIDGE,7,-9.32597851139552,-8.45112324070074,-0.8748552706947805
2025-08-03,RIDGE,7,-8.441043602227696,-8.868376311768172,0.427332709540476
2025-08-04,RIDGE,7,-7.811382584426513,-8.176490594436414,0.36510801000990156
2025-08-05,RIDGE,7,-8.297044334912817,-7.5129319440109645,-0.7841123909018526
2025-08-06,RIDGE,7,-7.759195959681331,-7.720009424378417,-0.03918653530291394
2025-08-07,RIDGE,7,-6.9615054586384755,-7.671269596831596,0.7097641381931208
2025-08-08,RIDGE,7,-8.400633017404333,-7.615352728879808,-0.7852802885245254
2025-08-09,RIDGE,7,-9.797853695149604,-8.59133087388386,-1.206522821265743
2025-08-10,RIDGE,7,-9.5559821565806,-8.532104102332971,-1.0238780542476285
2025-08-11,RIDGE,7,-8.156814886452334,-7.928028112218344,-0.2287867742339902
2025-08-12,RIDGE,7,-8.142712241205171,-8.101904101203967,-0.0408081400012037
2025-08-13,RIDGE,7,-8.113278831395304,-7.7679766561554136,-0.3453021752398904
2025-08-14,RIDGE,7,-8.175195141952578,-7.246670215040341,-0.9285249269122371
2025-08-15,RIDGE,7,-7.391375071440983,-7.679383738741981,0.28800866730099806
2025-08-16,RIDGE,7,-9.155666824013634,-8.391348628180651,-0.764318195832983
2025-08-17,RIDGE,7,-7.722034948084426,-8.634047713239639,0.9120127651552128
2025-08-18,RIDGE,7,-7.330218334497994,-7.787329446909196,0.4571111124112015
2025-08-19,RIDGE,7,-7.622910020795579,-7.48598844710036,-0.1369215736952185
2025-08-20,RIDGE,7,-8.082710716050025,-7.609097892386196,-0.47361282366382884
2025-08-21,RIDGE,7,-8.403842583904545,-7.632550823300865,-0.7712917606036802
2025-08-22,RIDGE,7,-8.0046493464786,-7.644548163397497,-0.3601011830811025
2025-08-23,RIDGE,7,-9.133680845548108,-8.446465200083825,-0.687215645464283
2025-08-24,RIDGE,7,-9.177958657568531,-8.241414377723023,-0.9365442798455081
2025-08-25,RIDGE,7,-7.953683190386181,-7.158601532455967,-0.795081657930214
2025-08-26,RIDGE,7,-7.872158994764496,-7.405884001582291,-0.4662749931822052
2025-08-27,RIDGE,7,-8.182388144667684,-7.700984616561466,-0.48140352810621767
2025-08-28,RIDGE,7,-8.292311256544016,-8.044461750484581,-0.2478495060594348
2025-08-29,RIDGE,7,-8.049751286620033,-8.030119356055247,-0.019631930564786515
2025-08-30,RIDGE,7,-9.772848916168195,-8.668529829434592,-1.1043190867336037
2025-08-31,RIDGE,7,-9.53452627568605,-8.875987514326766,-0.6585387613592832
2025-09-01,RIDGE,7,-8.677120971758,-8.082812925778764,-0.5943080459792363
2025-09-02,RIDGE,7,-8.403115304394708,-7.794927537298634,-0.6081877670960738
2025-09-03,RIDGE,7,-8.21218014894868,-8.078008378820828,-0.13417177012785153
2025-09-04,RIDGE,7,-8.499654294702792,-7.883398744078427,-0.6162555506243645
2025-09-05,RIDGE,7,-8.617547509904476,-7.595863859770712,-1.021683650133764
2025-09-06,RIDGE,7,-9.831130650802836,-8.714600276926149,-1.116530373876687
2025-09-07,RIDGE,7,-9.54978554808957,-8.895523910243474,-0.6542616378460959
2025-09-08,RIDGE,7,-8.439814402280856,-8.285713611071445,-0.15410079120941056
2025-09-09,RIDGE,7,-8.792523838198322,-8.079950349429458,-0.7125734887688644
2025-09-10,RIDGE,7,-8.101310617641094,-7.534214192507332,-0.5670964251337614
2025-09-11,RIDGE,7,-8.766447689945338,-7.551940106142579,-1.2145075838027584
2025-09-12,RIDGE,7,-9.267364905921823,-7.950429140765282,-1.3169357651565416
2025-09-13,RIDGE,7,-10.6050280488101,-8.688772737528865,-1.916255311281235
2025-09-14,RIDGE,7,-10.133520913612236,-9.240453868373152,-0.8930670452390839
2025-09-15,RIDGE,7,-7.891930026244774,-8.588397312357383,0.6964672861126093
2025-09-16,RIDGE,7,-8.692216418426757,-8.234493665699878,-0.45772275272687857
2025-09-17,RIDGE,7,-8.715111261187413,-8.048001710256566,-0.6671095509308476
2025-09-18,RIDGE,7,-7.797766269227527,-8.087419522922822,0.2896532536952954
2025-09-19,RIDGE,7,-8.199318457410062,-8.377272888832783,0.17795443142272127
2025-09-20,RIDGE,7,-10.290127372923022,-8.935467079932781,-1.354660292990241
2025-09-21,RIDGE,7,-9.254128583110203,-9.276307813762205,0.02217923065200189
2025-09-22,RIDGE,7,-8.541521038784206,-7.9392670751102505,-0.602253963673955
2025-09-23,RIDGE,7,-8.603434629923894,-8.163203555787629,-0.44023107413626583
2025-09-24,RIDGE,7,-8.240112062129832,-8.08663351124452,-0.15347855088531226
2025-09-25,RIDGE,7,-8.296715658902626,-7.57753650236293,-0.7191791565396954
2025-09-26,RIDGE,7,-7.823921809963694,-7.889833976008376,0.06591216604468197
2025-09-27,RIDGE,7,-9.45214532988536,-9.171352190594922,-0.2807931392904379
2025-09-28,RIDGE,7,-7.695218782358524,-9.065331676927453,1.370112894568929
2025-09-29,RIDGE,7,-8.01510033381816,-8.414791106483394,0.39969077266523456
2025-09-30,RIDGE,7,-7.842639336975692,-7.505838511950264,-0.33680082502542774
2025-10-01,RIDGE,7,-8.002081163490216,-7.766333549213276,-0.23574761427693947
2025-10-02,RIDGE,7,-8.012382804006961,-7.700497693973509,-0.3118851100334519
2025-10-03,RIDGE,7,-4.587612791666304,-7.882182693954333,3.2945699022880293
2025-10-04,RIDGE,7,-7.115722376608375,-9.68501489806343,2.569292521455056
2025-10-05,RIDGE,7,-7.1264281234111495,-8.826189853119647,1.6997617297084977
2025-10-06,RIDGE,7,-7.601098600323596,-8.20221623138008,0.6011176310564839
2025-10-07,RIDGE,7,-7.344241412122854,-8.125838238144496,0.7815968260216417
2025-10-08,RIDGE,7,-7.591723650096573,-7.92286407960018,0.33114042950360734
2025-10-09,RIDGE,7,-6.905012356907999,-7.611515192518466,0.7065028356104666
2025-10-10,RIDGE,7,-7.053262415309131,-6.465188272853879,-0.5880741424552518
2025-10-11,RIDGE,7,-8.645181515778779,-7.256833414766233,-1.3883481010125456
2025-10-12,RIDGE,7,-7.946925952270387,-7.447141515284874,-0.49978443698551356
2025-10-13,RIDGE,7,-7.702435877483535,-7.3581375435607805,-0.34429833392275455
2025-10-14,RIDGE,7,-6.814365684609184,-7.307587543523298,0.4932218589141142
2025-10-15,RIDGE,7,-7.329678651800407,-7.581804026639751,0.25212537483934394
2025-10-16,RIDGE,7,-7.503043703626393,-7.130098990825397,-0.3729447128009955
2025-10-17,RIDGE,7,-8.016664491858316,-7.44564385913176,-0.5710206327265563
2025-10-18,RIDGE,7,-9.436012357444428,-8.513963832070097,-0.9220485253743309
2025-10-19,RIDGE,7,-8.127811371886041,-7.886162235136516,-0.24164913674952526
2025-10-20,RIDGE,7,-8.31020361926275,-7.734271819104071,-0.5759318001586795
2025-10-21,RIDGE,7,-7.874738990868753,-6.839387676921598,-1.0353513139471548
2025-10-22,RIDGE,7,-7.054000148404952,-6.950197501882396,-0.10380264652255544
2025-10-23,RIDGE,7,-7.043093926149241,-7.4347116147096095,0.3916176885603688
2025-10-24,RIDGE,7,-7.299625987456839,-8.126686032190936,0.8270600447340968
2025-10-25,RIDGE,7,-9.102269176611976,-8.751994278528272,-0.35027489808370404
2025-10-26,RIDGE,7,-8.604699637140742,-8.395975001028042,-0.20872463611270042
2025-10-27,RIDGE,7,-7.27163389114966,-7.994160008110169,0.7225261169605091
2025-10-28,RIDGE,7,-6.542526955726167,-7.834673112949917,1.2921461572237503
2025-10-29,RIDGE,7,-7.130332009579842,-7.498524656758669,0.3681926471788275
2025-10-30,RIDGE,7,-7.168157359718235,-7.545810462275087,0.37765310255685236
2025-10-31,RIDGE,7,-7.037002738488869,-7.593795311250352,0.5567925727614824
2025-11-01,RIDGE,7,-8.218470766094887,-8.124435375377352,-0.09403539071753464
2025-11-02,RIDGE,7,-7.88633221123335,-8.510710849254181,0.6243786380208309
2025-11-03,RIDGE,7,-7.707023434157362,-7.7808586203335475,0.07383518617618545
2025-11-04,RIDGE,7,-7.4421296812380255,-7.600012895164715,0.1578832139266897
2025-11-05,RIDGE,7,-7.572570868483227,-7.79502354314521,0.22245267466198282
2025-11-06,RIDGE,7,-7.0002820840938105,-7.572399263007454,0.5721171789136434
2025-11-07,RIDGE,7,-6.384560789541653,-7.4576248450275315,1.0730640554858786
2025-11-08,RIDGE,7,-7.714310407924918,-7.884370694485745,0.17006028656082695
2025-11-09,RIDGE,7,-7.175102452523699,-7.790116414276708,0.615013961753009
2025-11-10,RIDGE,7,-6.993087708054424,-7.57995386732002,0.5868661592655959
2025-11-11,RIDGE,7,-6.75464809359329,-7.545980399741692,0.7913323061484023
2025-11-12,RIDGE,7,-6.988105858772633,-7.89354169501585,0.9054358362432176
2025-11-13,RIDGE,7,-6.842480066767818,-7.610366342381596,0.7678862756137779
2025-11-14,RIDGE,7,-5.7867108645783665,-7.221842880986169,1.4351320164078025
2025-11-15,RIDGE,7,-7.555518494073084,-7.634884969693164,0.07936647562008048
2025-11-16,RIDGE,7,-7.596708359678786,-7.568662971251814,-0.028045388426972018
2025-11-17,RIDGE,7,-6.969901638005364,-7.390306157709822,0.4204045197044577
2025-11-18,RIDGE,7,-7.231650335428167,-7.397029376770632,0.16537904134246517
2025-11-19,RIDGE,7,-7.364305501511629,-7.287273535046296,-0.07703196646533339
2025-11-20,RIDGE,7,-7.879568199495125,-7.618135516607598,-0.2614326828875271
2025-11-21,RIDGE,7,-7.694293783175389,-7.287644903222889,-0.4066488799524999
2025-11-22,RIDGE,7,-8.832361523993656,-7.915241035187347,-0.9171204888063089
2025-11-23,RIDGE,7,-8.56370363864505,-7.711190719680368,-0.8525129189646821
2025-11-24,RIDGE,7,-6.7205038180139995,-7.255052950226454,0.5345491322124545
2025-11-25,RIDGE,7,-7.166694063037643,-7.10756277747141,-0.05913128556623359
2025-11-26,RIDGE,7,-6.799725179739331,-7.6560673470282765,0.8563421672889451
2025-11-27,RIDGE,7,-7.278058894103278,-7.984265317347461,0.7062064232441827
2025-11-28,RIDGE,7,-7.384608832790334,-7.860277774628464,0.4756689418381308
2025-11-29,RIDGE,7,-8.780922005770533,-8.364045422620274,-0.416876583150259
2025-11-30,RIDGE,7,-7.414740413919735,-8.114859240684343,0.7001188267646077
2025-12-01,RIDGE,7,-7.457035504573326,-7.274741257251043,-0.1822942473222824
2025-12-02,RIDGE,7,-7.256857420158548,-7.3473792542026395,0.09052183404409142
2025-12-03,RIDGE,7,-7.058992929899828,-7.488982575432739,0.42998964553291064
2025-12-04,RIDGE,7,-7.347794785273569,-7.8016408836892035,0.4538460984156343
2025-12-05,RIDGE,7,-7.561466219241837,-7.930615640018682,0.36914942077684465
2025-12-06,RIDGE,7,-9.696511840594232,-8.26151399590691,-1.434997844687322
2025-12-07,RIDGE,7,-8.293293428630856,-7.87328555183828,-0.42000787679257545
2025-12-08,RIDGE,7,-7.227863026447627,-7.45034587205618,0.22248284560855236
2025-12-09,RIDGE,7,-7.710960999236119,-7.5281088160246235,-0.18285218321149532
2025-12-10,RIDGE,7,-6.682453263792524,-7.3131558628510644,0.6307025990585409
2025-12-11,RIDGE,7,-6.740374624315311,-7.504664367545415,0.7642897432301048
2025-12-12,RIDGE,7,-7.020317942574881,-7.782638005117864,0.7623200625429831
2025-12-13,RIDGE,7,-9.6115694039447,-8.75975253560713,-0.8518168683375684
2025-12-14,RIDGE,7,-8.628519475678901,-7.951543944125484,-0.6769755315534178
2025-12-15,RIDGE,7,-7.534308322325102,-7.515585790423171,-0.01872253190193085
2025-12-16,RIDGE,7,-7.663101554070803,-7.864841455822516,0.2017399017517132
2025-12-17,RIDGE,7,-8.228128764798534,-7.317432083330573,-0.9106966814679609
2025-12-18,RIDGE,7,-8.643584150115842,-7.493686102610938,-1.1498980475049043
2025-12-19,RIDGE,7,-7.837277913270711,-7.775126230203074,-0.06215168306763719
2025-12-20,RIDGE,7,-10.1372374475085,-8.580708698404322,-1.556528749104178
2025-12-21,RIDGE,7,-9.816705351087146,-8.691929024107926,-1.1247763269792195
2025-12-22,RIDGE,7,-7.7426847782524995,-7.900699503012456,0.1580147247599566
2025-12-23,RIDGE,7,-8.070003787107389,-7.698689898628857,-0.3713138884785314
2025-12-24,RIDGE,7,-8.62278542607784,-7.796772062365913,-0.8260133637119269
