date,model,h,y_true,y_pred,error
2024-06-29,HAR-RV,1,-8.047431954150777,-7.808740334677062,-0.2386916194737152
2024-06-30,HAR-RV,1,-8.0094388103616,-8.165341882072653,0.15590307171105344
2024-07-01,HAR-RV,1,-8.415744212880016,-8.018622752218015,-0.39712146066200127
2024-07-02,HAR-RV,1,-7.590110308893971,-7.992410977611103,0.40230066871713177
2024-07-03,HAR-RV,1,-6.7568326341271066,-8.074401669035622,1.317569034908515
2024-07-04,HAR-RV,1,-6.028709939198225,-7.938135950007688,1.9094260108094625
2024-07-05,HAR-RV,1,-7.82183717488344,-7.671016182735292,-0.15082099214814804
2024-07-06,HAR-RV,1,-7.599232953126869,-7.412459878754733,-0.18677307437213564
2024-07-07,HAR-RV,1,-6.2016000220281144,-7.682181008158586,1.4805809861304713
2024-07-08,HAR-RV,1,-7.13201098663784,-7.568946723747933,0.43693573711009304
2024-07-09,HAR-RV,1,-7.364155934126495,-7.223742875350692,-0.14041305877580257
2024-07-10,HAR-RV,1,-6.970855511693713,-7.38295655747298,0.41210104577926643
2024-07-11,HAR-RV,1,-7.461112349654011,-7.502114005582978,0.04100165592896765
2024-07-12,HAR-RV,1,-8.001579020126183,-7.370077133998217,-0.6315018861279658
2024-07-13,HAR-RV,1,-7.503141944073601,-7.426806268616519,-0.07633567545708164
2024-07-14,HAR-RV,1,-7.10151927124952,-7.616861009055589,0.515341737806069
2024-07-15,HAR-RV,1,-6.8751174522895955,-7.521793024250939,0.6466755719613433
2024-07-16,HAR-RV,1,-7.273310670983561,-7.412398365741494,0.13908769475793292
2024-07-17,HAR-RV,1,-7.590004120123674,-7.373076618697734,-0.21692750142593997
2024-07-18,HAR-RV,1,-7.361953880672214,-7.422542272535027,0.060588391862813396
2024-07-19,HAR-RV,1,-8.183252874840827,-7.441605561170813,-0.7416473136700139
2024-07-20,HAR-RV,1,-7.540508981035038,-7.388311803035216,-0.15219717799982213
2024-07-21,HAR-RV,1,-7.831068909072291,-7.580669328765431,-0.25039958030686016
2024-07-22,HAR-RV,1,-7.504319171318432,-7.494754398231101,-0.009564773087331169
2024-07-23,HAR-RV,1,-7.715830478728725,-7.567119901460237,-0.14871057726848758
2024-07-24,HAR-RV,1,-7.1111013620300145,-7.5040246556098875,0.392923293579873
2024-07-25,HAR-RV,1,-7.731151246587125,-7.54427608515998,-0.18687516142714422
2024-07-26,HAR-RV,1,-6.6745965844828605,-7.382655398315495,0.7080588138326345
2024-07-27,HAR-RV,1,-8.297723232050007,-7.5071969121220645,-0.7905263199279426
2024-07-28,HAR-RV,1,-7.220642471062432,-7.292106475576528,0.07146400451409551
2024-07-29,HAR-RV,1,-7.567743991658627,-7.591839354829478,0.024095363170850703
2024-07-30,HAR-RV,1,-7.537578973039193,-7.393640207469006,-0.14393876557018714
2024-07-31,HAR-RV,1,-7.134693601377736,-7.4960598307406405,0.36136622936290497
2024-08-01,HAR-RV,1,-6.728020741506768,-7.487462425749122,0.7594416842423541
2024-08-02,HAR-RV,1,-7.102715268773577,-7.4486633930104205,0.34594812423684385
2024-08-03,HAR-RV,1,-6.901570663299103,-7.29295414211594,0.3913834788168371
2024-08-04,HAR-RV,1,-4.331832929576587,-7.3368794235989485,3.005046494022362
2024-08-05,HAR-RV,1,-6.129507554817753,-7.249291744302572,1.119784189484819
2024-08-06,HAR-RV,1,-6.56821202032419,-6.621486475906004,0.053274455581814095
2024-08-07,HAR-RV,1,-5.881456842610719,-6.820107745911304,0.9386509033005854
2024-08-08,HAR-RV,1,-6.5521594278707,-6.872249566453042,0.3200901385823416
2024-08-09,HAR-RV,1,-8.164746233335169,-6.674243282491429,-1.49050295084374
2024-08-10,HAR-RV,1,-7.347966273268356,-6.735490295211696,-0.6124759780566595
2024-08-11,HAR-RV,1,-6.301581779560638,-7.214535113748775,0.9129533341881375
2024-08-12,HAR-RV,1,-7.032064393779834,-7.145556227636643,0.11349183385680917
2024-08-13,HAR-RV,1,-7.145182948564176,-6.949608524892822,-0.1955744236713537
2024-08-14,HAR-RV,1,-6.782869713050387,-7.113154972664907,0.33028525961451916
2024-08-15,HAR-RV,1,-6.993243057300741,-7.158212859914781,0.16496980261404026
2024-08-16,HAR-RV,1,-8.93414336978374,-7.00786887139856,-1.9262744983851805
2024-08-17,HAR-RV,1,-8.090430304827276,-7.019945785937333,-1.070484518889943
2024-08-18,HAR-RV,1,-7.395852713362074,-7.482825273595955,0.08697256023388089
2024-08-19,HAR-RV,1,-7.252727153074581,-7.441303580007974,0.18857642693339294
2024-08-20,HAR-RV,1,-7.122737507461557,-7.336127874098133,0.21339036663657573
2024-08-21,HAR-RV,1,-7.663977474896019,-7.342207273862934,-0.3217702010330852
2024-08-22,HAR-RV,1,-6.8510987312401355,-7.322547130248451,0.4714483990083158
2024-08-23,HAR-RV,1,-8.299722443510342,-7.332899535542141,-0.9668229079682016
2024-08-24,HAR-RV,1,-8.590906417273768,-7.134361128709313,-1.4565452885644552
2024-08-25,HAR-RV,1,-7.848062431939034,-7.430504646303645,-0.41755778563538914
2024-08-26,HAR-RV,1,-6.578074293173222,-7.576430621253048,0.9983563280798267
2024-08-27,HAR-RV,1,-6.625319225980788,-7.52277316004509,0.897453934064302
2024-08-28,HAR-RV,1,-7.220716390846805,-7.308482272278136,0.08776588143133068
2024-08-29,HAR-RV,1,-7.355348084977686,-7.311133109263863,-0.04421497571382371
2024-08-30,HAR-RV,1,-9.250891127347398,-7.349815867639524,-1.9010752597078735
2024-08-31,HAR-RV,1,-7.427050700993551,-7.325739705645331,-0.10131099534821963
2024-09-01,HAR-RV,1,-7.578986184704846,-7.733069392686214,0.1540832079813681
2024-09-02,HAR-RV,1,-7.813351757199836,-7.498866189619733,-0.31448556758010326
2024-09-03,HAR-RV,1,-6.5034602127886165,-7.579827917520062,1.076367704731445
2024-09-04,HAR-RV,1,-6.940360945467537,-7.674485148297907,0.7341242028303698
2024-09-05,HAR-RV,1,-6.522114937682515,-7.422798331653316,0.9006833939708008
2024-09-06,HAR-RV,1,-8.259113009436971,-7.351931597768124,-0.907181411668847
2024-09-07,HAR-RV,1,-7.6986759889953715,-7.233545110267409,-0.46513087872796266
2024-09-08,HAR-RV,1,-7.142083192560166,-7.558049217401018,0.4159660248408512
2024-09-09,HAR-RV,1,-7.454039970224542,-7.445026202127571,-0.009013768096971297
2024-09-10,HAR-RV,1,-6.9566648361472945,-7.379857437133451,0.4231926009861562
2024-09-11,HAR-RV,1,-7.375311173852939,-7.457234383105981,0.0819232092530422
2024-09-12,HAR-RV,1,-7.641682246432809,-7.400822936990714,-0.24085930944209455
2024-09-13,HAR-RV,1,-8.772444578271369,-7.419249458822024,-1.353195119449345
2024-09-14,HAR-RV,1,-8.222190817885775,-7.458262399438643,-0.7639284184471311
2024-09-15,HAR-RV,1,-7.505284819602623,-7.7579407412998265,0.25265592169720374
2024-09-16,HAR-RV,1,-7.206662096750963,-7.712952012787746,0.5062899160367822
2024-09-17,HAR-RV,1,-7.000512980515621,-7.612409988864789,0.6118970083491675
2024-09-18,HAR-RV,1,-7.40385524870723,-7.545380291329943,0.14152504262271304
2024-09-19,HAR-RV,1,-7.62533614746632,-7.485155032308787,-0.1401811151575325
2024-09-20,HAR-RV,1,-9.118912980170885,-7.486231629328972,-1.6326813508419127
2024-09-21,HAR-RV,1,-8.210854186197356,-7.497421104844561,-0.7134330813527949
2024-09-22,HAR-RV,1,-7.594933488516639,-7.848462028322514,0.25352853980587486
2024-09-23,HAR-RV,1,-7.695982377007085,-7.747416484173988,0.05143410716690333
2024-09-24,HAR-RV,1,-7.912236774178686,-7.688805435609627,-0.22343133856905872
2024-09-25,HAR-RV,1,-7.548593418115738,-7.72282236702835,0.17422894891261187
2024-09-26,HAR-RV,1,-8.156771512470494,-7.773996501025646,-0.3827750114448474
2024-09-27,HAR-RV,1,-9.137411157807458,-7.647205968990292,-1.490205188817166
2024-09-28,HAR-RV,1,-9.22010927366513,-7.760905197298991,-1.4592040763661398
2024-09-29,HAR-RV,1,-7.657672162115085,-8.041470522842575,0.3837983607274902
2024-09-30,HAR-RV,1,-7.16418081548918,-8.155978952729471,0.9917981372402913
2024-10-01,HAR-RV,1,-6.873239201215958,-7.902691026397559,1.0294518251816003
2024-10-02,HAR-RV,1,-7.372161845921349,-7.806214165509674,0.434052319588325
2024-10-03,HAR-RV,1,-7.762377171311247,-7.679908044150978,-0.08246912716026866
2024-10-04,HAR-RV,1,-9.410517858234718,-7.663927154696799,-1.746590703537919
2024-10-05,HAR-RV,1,-8.859802514595454,-7.651358611087303,-1.2084439035081518
2024-10-06,HAR-RV,1,-7.354846982929903,-8.03025424238742,0.6754072594575167
2024-10-07,HAR-RV,1,-7.717832727168758,-8.04081099476829,0.32297826759953185
2024-10-08,HAR-RV,1,-7.9430170498383745,-7.822226012618344,-0.12079103722003026
2024-10-09,HAR-RV,1,-7.587117550241822,-7.900417879545592,0.31330032930376994
2024-10-10,HAR-RV,1,-7.8173580785041725,-7.957426897381432,0.14006881887725964
2024-10-11,HAR-RV,1,-8.746814229333626,-7.812702221664819,-0.9341120076688076
2024-10-12,HAR-RV,1,-8.44461347063351,-7.799015056424536,-0.6455984142089735
2024-10-13,HAR-RV,1,-7.511216222523129,-8.035398626509112,0.524182403985983
2024-10-14,HAR-RV,1,-6.879154515339575,-8.017975919005382,1.1388214036658066
2024-10-15,HAR-RV,1,-7.561391084229369,-7.8410278991469635,0.27963681491759473
2024-10-16,HAR-RV,1,-7.954807249048968,-7.694196609662561,-0.2606106393864067
2024-10-17,HAR-RV,1,-7.899727601495052,-7.780973225951341,-0.11875437554371171
2024-10-18,HAR-RV,1,-9.798785632524316,-7.79769177922433,-2.0010938532999862
2024-10-19,HAR-RV,1,-9.000277471682907,-7.767743204698425,-1.2325342669844819
2024-10-20,HAR-RV,1,-7.724745468477852,-8.206704461284978,0.48195899280712684
2024-10-21,HAR-RV,1,-7.774179791525233,-8.199733676929227,0.4255538854039944
2024-10-22,HAR-RV,1,-7.863362515397026,-7.990680578665133,0.12731806326810702
2024-10-23,HAR-RV,1,-8.018551193752419,-7.990305421263843,-0.028245772488576293
2024-10-24,HAR-RV,1,-6.898530866282754,-8.013912191888434,1.1153813256056795
2024-10-25,HAR-RV,1,-8.921658190779526,-7.9602033628906455,-0.9614548278888808
2024-10-26,HAR-RV,1,-9.079636360099444,-7.669635218235626,-1.4100011418638179
2024-10-27,HAR-RV,1,-7.784069601964099,-8.06060874092435,0.27653913896025095
2024-10-28,HAR-RV,1,-7.368623299413477,-8.14874878383133,0.7801254844178533
2024-10-29,HAR-RV,1,-7.512997901045132,-7.92939102549925,0.41639312445411747
2024-10-30,HAR-RV,1,-7.671750079550882,-7.831841263950756,0.16009118439987446
2024-10-31,HAR-RV,1,-6.998467037027406,-7.883077889670456,0.8846108526430498
2024-11-01,HAR-RV,1,-8.813773417610177,-7.835375482509738,-0.978397935100439
2024-11-02,HAR-RV,1,-7.784664629556363,-7.612753690728369,-0.17191093882799358
2024-11-03,HAR-RV,1,-7.509206844606907,-7.9575539625529474,0.44834711794604054
2024-11-04,HAR-RV,1,-7.320254941313007,-7.808929392807509,0.48867445149450184
2024-11-05,HAR-RV,1,-6.357178323463686,-7.751118938581024,1.3939406151173381
2024-11-06,HAR-RV,1,-7.505193457512192,-7.700563926275877,0.19537046876368525
2024-11-07,HAR-RV,1,-7.882091528500882,-7.512642607210879,-0.36944892129000273
2024-11-08,HAR-RV,1,-8.951124037321541,-7.613294664527719,-1.3378293727938226
2024-11-09,HAR-RV,1,-6.982350958300895,-7.672136438850369,0.6897854805494736
2024-11-10,HAR-RV,1,-6.610143513022823,-7.926603295927043,1.3164597829042197
2024-11-11,HAR-RV,1,-5.89742196217559,-7.568156064122842,1.670734101947252
2024-11-12,HAR-RV,1,-5.970825445834223,-7.485183327206945,1.5143578813727219
2024-11-13,HAR-RV,1,-6.298780197423048,-7.2608929270184275,0.9621127295953791
2024-11-14,HAR-RV,1,-6.69026855754187,-7.136807120999342,0.4465385634574721
2024-11-15,HAR-RV,1,-7.962925402749825,-7.014377765841197,-0.9485476369086276
2024-11-16,HAR-RV,1,-7.719913234094788,-7.024950862894329,-0.6949623712004591
2024-11-17,HAR-RV,1,-6.813641525214108,-7.310334726948054,0.4966932017339456
2024-11-18,HAR-RV,1,-7.123061515534054,-7.352097288507354,0.22903577297329925
2024-11-19,HAR-RV,1,-7.349584827177568,-7.2215127562988295,-0.12807207087873884
2024-11-20,HAR-RV,1,-6.9277588146226785,-7.3022098685901105,0.37445105396743195
2024-11-21,HAR-RV,1,-7.639603303246092,-7.37223672292594,-0.2673665803201528
2024-11-22,HAR-RV,1,-8.458730870211758,-7.241756504779287,-1.2169743654324705
2024-11-23,HAR-RV,1,-7.906636805257383,-7.348248774623164,-0.5583880306342195
2024-11-24,HAR-RV,1,-6.845783544407805,-7.585342878936507,0.7395593345287024
2024-11-25,HAR-RV,1,-6.704121318827724,-7.52962421489631,0.8255028960685857
2024-11-26,HAR-RV,1,-7.421131408187987,-7.327085523673487,-0.09404588451450024
2024-11-27,HAR-RV,1,-7.777480941685613,-7.2800035214538354,-0.4974774202317773
2024-11-28,HAR-RV,1,-7.7915055329164575,-7.377473374277418,-0.4140321586390394
2024-11-29,HAR-RV,1,-8.944575839059315,-7.418083737390735,-1.5264921016685795
2024-11-30,HAR-RV,1,-8.526681786585359,-7.422253378758972,-1.1044284078263864
2024-12-01,HAR-RV,1,-7.2277762188452845,-7.7264889487098865,0.4987127298646019
2024-12-02,HAR-RV,1,-7.477860175072574,-7.755706732255402,0.27784655718282814
2024-12-03,HAR-RV,1,-7.352016227925319,-7.555088855988427,0.20307262806310789
2024-12-04,HAR-RV,1,-5.520755763032788,-7.590870066554855,2.0701143035220664
2024-12-05,HAR-RV,1,-7.056676956855624,-7.572735686787169,0.5160587299315456
2024-12-06,HAR-RV,1,-8.28612317218258,-7.105511619869426,-1.1806115523131533
2024-12-07,HAR-RV,1,-8.152794625419403,-7.277298326450392,-0.8754962989690114
2024-12-08,HAR-RV,1,-6.452164940538162,-7.53886510373203,1.0867001631938678
2024-12-09,HAR-RV,1,-6.668355412158304,-7.558285088321096,0.889929676162792
2024-12-10,HAR-RV,1,-7.380414836630238,-7.2422580500931035,-0.13815678653713448
2024-12-11,HAR-RV,1,-7.347004798406336,-7.331576232311944,-0.015428566094391805
2024-12-12,HAR-RV,1,-7.800269430130499,-7.4564241456468965,-0.34384528448360285
2024-12-13,HAR-RV,1,-8.329129180116265,-7.402091122739813,-0.9270380573764516
2024-12-14,HAR-RV,1,-7.954173621957407,-7.465671791914263,-0.48850183004314474
2024-12-15,HAR-RV,1,-7.167863912303163,-7.652113714876966,0.48424980257380223
2024-12-16,HAR-RV,1,-7.46114260237137,-7.657443574292221,0.1963009719208504
2024-12-17,HAR-RV,1,-6.653480385951037,-7.520875328553732,0.8673949426026946
2024-12-18,HAR-RV,1,-6.215955295754829,-7.57943338900899,1.3634780932541615
2024-12-19,HAR-RV,1,-6.2286006577328035,-7.402322171040258,1.1737215133074548
2024-12-20,HAR-RV,1,-7.472773492215739,-7.207765710121611,-0.2650077820941288
2024-12-21,HAR-RV,1,-7.349660055218582,-7.0883583311826355,-0.2613017240359463
2024-12-22,HAR-RV,1,-6.8404400613287955,-7.279871083442712,0.4394310221139168
2024-12-23,HAR-RV,1,-7.374187208078972,-7.228433896653686,-0.14575331142528558
2024-12-24,HAR-RV,1,-7.715762789103233,-7.134435869539697,-0.5813269195635362
2024-12-25,HAR-RV,1,-7.307697534873444,-7.274279389507655,-0.03341814536578891
2024-12-26,HAR-RV,1,-7.106588924470662,-7.404586183680716,0.29799725921005393
2024-12-27,HAR-RV,1,-8.634132442724063,-7.335841195254259,-1.2982912474698036
2024-12-28,HAR-RV,1,-8.326756050975344,-7.322063275778801,-1.0046927751965438
2024-12-29,HAR-RV,1,-7.3543943334481,-7.661741474196755,0.30734714074865455
2024-12-30,HAR-RV,1,-7.276893060792656,-7.666911045484459,0.39001798469180304
2024-12-31,HAR-RV,1,-8.238782332690736,-7.494246845175243,-0.7445354875154928
2025-01-01,HAR-RV,1,-7.367896287600902,-7.495999598207242,0.12810331060634006
2025-01-02,HAR-RV,1,-8.097617541330267,-7.720178079627681,-0.37743946170258624
2025-01-03,HAR-RV,1,-9.19804542909942,-7.52964197373863,-1.6684034553607896
2025-01-04,HAR-RV,1,-8.787325094170878,-7.639574030077094,-1.147751064093784
2025-01-05,HAR-RV,1,-7.415021751205516,-7.916329171646277,0.501307420440761
2025-01-06,HAR-RV,1,-7.590481289361926,-7.944821380166201,0.35434009080427487
2025-01-07,HAR-RV,1,-6.90681582272137,-7.697606516985993,0.790790694264623
2025-01-08,HAR-RV,1,-6.968115739055578,-7.74147208202682,0.7733563429712422
2025-01-09,HAR-RV,1,-6.709305206835529,-7.572609511683865,0.8633043048483362
2025-01-10,HAR-RV,1,-8.995729032967116,-7.470342067018335,-1.5253869659487806
2025-01-11,HAR-RV,1,-8.852150045924287,-7.338027701256155,-1.5141223446681318
2025-01-12,HAR-RV,1,-6.553319507908563,-7.793428940212637,1.2401094323040738
2025-01-13,HAR-RV,1,-7.303486208762694,-7.860800567674475,0.557314358911781
2025-01-14,HAR-RV,1,-7.312096925574036,-7.500194347876318,0.188097422302282
2025-01-15,HAR-RV,1,-7.391486709026281,-7.6325415526654865,0.2410548436392057
2025-01-16,HAR-RV,1,-7.511145310148465,-7.663088643617191,0.15194333346872568
2025-01-17,HAR-RV,1,-7.438401020768668,-7.587813450108333,0.14941242933966503
2025-01-18,HAR-RV,1,-6.148112404271952,-7.537414089233858,1.3893016849619055
2025-01-19,HAR-RV,1,-5.214773987217453,-7.578846477652811,2.3640724904353583
2025-01-20,HAR-RV,1,-6.34915971482197,-7.298185612316791,0.9490258974948214
2025-01-21,HAR-RV,1,-7.594519813201731,-7.007051404968163,-0.5874684082335682
2025-01-22,HAR-RV,1,-5.989812005402478,-7.091598709406604,1.1017867040041258
2025-01-23,HAR-RV,1,-7.355564283258395,-7.272680151061325,-0.08288413219707014
2025-01-24,HAR-RV,1,-8.788612678268954,-6.937869343777266,-1.8507433344916882
2025-01-25,HAR-RV,1,-8.623226788453762,-7.188657518888011,-1.4345692695657508
2025-01-26,HAR-RV,1,-6.548166225847454,-7.573494310841608,1.025328084994154
2025-01-27,HAR-RV,1,-7.335119722465245,-7.662639195112436,0.3275194726471913
2025-01-28,HAR-RV,1,-7.350021545427285,-7.302453119815556,-0.047568425611729026
2025-01-29,HAR-RV,1,-7.86523565131056,-7.4732744324743186,-0.3919612188362418
2025-01-30,HAR-RV,1,-7.64515655585875,-7.4707731117061735,-0.17438344415257667
2025-01-31,HAR-RV,1,-8.395509658549456,-7.504543996170703,-0.8909656623787523
2025-02-01,HAR-RV,1,-7.035755186208709,-7.436223732817724,0.400468546609015
2025-02-02,HAR-RV,1,-5.95199845728886,-7.658227060688621,1.7062286033997616
2025-02-03,HAR-RV,1,-6.579587906443687,-7.43618541039087,0.8565975039471825
2025-02-04,HAR-RV,1,-7.222214210843608,-7.174788325295734,-0.04742588554787375
2025-02-05,HAR-RV,1,-7.456911400328808,-7.186761466807424,-0.2701499335213846
2025-02-06,HAR-RV,1,-7.097257483150888,-7.244467329428164,0.14720984627727596
2025-02-07,HAR-RV,1,-8.810076811866075,-7.227029632024821,-1.5830471798412544
2025-02-08,HAR-RV,1,-8.10773415201615,-7.18169527209415,-0.9260388799219994
2025-02-09,HAR-RV,1,-7.786812840962016,-7.570975828978856,-0.21583701198315985
2025-02-10,HAR-RV,1,-8.095685364957285,-7.572636102112794,-0.5230492628444914
2025-02-11,HAR-RV,1,-6.962691557561749,-7.589501482903883,0.6268099253421342
2025-02-12,HAR-RV,1,-7.850939573833918,-7.711912326347488,-0.13902724748643003
2025-02-13,HAR-RV,1,-7.6048640411791055,-7.571258672007306,-0.03360536917179946
2025-02-14,HAR-RV,1,-9.31204237724052,-7.638893594709831,-1.6731487825306885
2025-02-15,HAR-RV,1,-9.354075786569943,-7.6107119582484115,-1.7433638283215318
2025-02-16,HAR-RV,1,-8.328308753403542,-7.94208062581487,-0.3862281275886721
2025-02-17,HAR-RV,1,-7.735386570485104,-8.023080496516798,0.28769392603169397
2025-02-18,HAR-RV,1,-8.074161026658576,-7.958641028580682,-0.11551999807789404
2025-02-19,HAR-RV,1,-8.388064413225592,-7.897531999685403,-0.4905324135401896
2025-02-20,HAR-RV,1,-7.422492670788367,-7.978079856093597,0.5555871853052299
2025-02-21,HAR-RV,1,-9.351071668633756,-7.987717301664707,-1.3633543669690482
2025-02-22,HAR-RV,1,-9.327182940847992,-7.760612750466518,-1.5665701903814737
2025-02-23,HAR-RV,1,-7.366790273234517,-8.094781285705377,0.7279910124708602
2025-02-24,HAR-RV,1,-6.241011939761488,-8.191833213538484,1.950821273776996
2025-02-25,HAR-RV,1,-6.08442226100039,-7.904612165440293,1.8201899044399026
2025-02-26,HAR-RV,1,-6.878853344044446,-7.648985914485289,0.7701325704408433
2025-02-27,HAR-RV,1,-5.588570041559089,-7.549255921962796,1.960685880403707
2025-02-28,HAR-RV,1,-7.482186017843935,-7.515757362033418,0.033571344189483376
2025-03-01,HAR-RV,1,-6.026685262486463,-7.126809319351783,1.1001240568653197
2025-03-02,HAR-RV,1,-6.005721130764149,-7.395296986279512,1.3895758555153632
2025-03-03,HAR-RV,1,-5.832575425345344,-7.140847712907703,1.3082722875623585
2025-03-04,HAR-RV,1,-6.528431978871631,-7.098743800052895,0.5703118211812637
2025-03-05,HAR-RV,1,-6.412729998936713,-6.990528375863633,0.5777983769269204
2025-03-06,HAR-RV,1,-5.651155219226064,-7.104967529250676,1.4538123100246123
2025-03-07,HAR-RV,1,-7.82002049036847,-7.02700104230861,-0.7930194480598596
2025-03-08,HAR-RV,1,-7.116223896566312,-6.83220112356317,-0.2840227730031417
2025-03-09,HAR-RV,1,-5.949376876735946,-7.232263020460805,1.282886143724859
2025-03-10,HAR-RV,1,-6.2051256349718855,-7.171264478732023,0.9661388437601373
2025-03-11,HAR-RV,1,-6.9226794457074154,-6.926530464928909,0.003851019221493779
2025-03-12,HAR-RV,1,-7.250092425539886,-6.91739340323641,-0.33269902230347626
2025-03-13,HAR-RV,1,-7.447118934719969,-7.072533838152005,-0.374585096567964
2025-03-14,HAR-RV,1,-8.898459551988159,-7.073718668154806,-1.8247408838333534
2025-03-15,HAR-RV,1,-7.329432996679352,-7.108475383317437,-0.22095761336191533
2025-03-16,HAR-RV,1,-7.67080326390782,-7.491954352911063,-0.17884891099675748
2025-03-17,HAR-RV,1,-7.616041619926752,-7.311030829071192,-0.30501079085555993
2025-03-18,HAR-RV,1,-7.472221310413124,-7.374074252277691,-0.09814705813543245
2025-03-19,HAR-RV,1,-7.439639310421675,-7.390765434092311,-0.04887387632936413
2025-03-20,HAR-RV,1,-7.976296204139535,-7.3911844387614964,-0.5851117653780387
2025-03-21,HAR-RV,1,-9.81200323221424,-7.325969584437264,-2.486033647776976
2025-03-22,HAR-RV,1,-8.77472856117907,-7.457019396403228,-1.3177091647758425
2025-03-23,HAR-RV,1,-7.738805643991428,-7.890928800273712,0.15212315628228357
2025-03-24,HAR-RV,1,-7.907900185694711,-7.83487551426046,-0.07302467143425062
2025-03-25,HAR-RV,1,-7.926440425992742,-7.734451506995062,-0.19198891899768
2025-03-26,HAR-RV,1,-8.15773669999174,-7.812202681964251,-0.34553401802748773
2025-03-27,HAR-RV,1,-7.842789124023152,-7.842832332766923,4.320874377050643e-05
2025-03-28,HAR-RV,1,-8.003994184702773,-7.804251454567611,-0.19974273013516175
2025-03-29,HAR-RV,1,-8.165887428032145,-7.730808226257429,-0.43507920177471515
2025-03-30,HAR-RV,1,-7.254418259891095,-7.802637731294904,0.5482194714038089
2025-03-31,HAR-RV,1,-7.756757128271761,-7.8447480370323515,0.08799090876059079
2025-04-01,HAR-RV,1,-6.587482790091052,-7.682792103231565,1.095309313140513
2025-04-02,HAR-RV,1,-7.252194880144823,-7.755590510350826,0.5033956302060032
2025-04-03,HAR-RV,1,-6.63516370951007,-7.528372897472914,0.8932091879628441
2025-04-04,HAR-RV,1,-8.681969956851141,-7.581858135590226,-1.1001118212609153
2025-04-05,HAR-RV,1,-7.188412492677708,-7.399099202166263,0.21068670948855495
2025-04-06,HAR-RV,1,-5.629049006791348,-7.785243661267574,2.1561946544762263
2025-04-07,HAR-RV,1,-6.933967406336497,-7.518332024573679,0.5843646182371822
2025-04-08,HAR-RV,1,-5.92065466170989,-7.2203183514296425,1.2996636897197522
2025-04-09,HAR-RV,1,-7.031037787314499,-7.374938087987626,0.34390030067312694
2025-04-10,HAR-RV,1,-7.032090018849573,-7.167473779356791,0.13538376050721812
2025-04-11,HAR-RV,1,-7.79990038655869,-7.2239331971216885,-0.5759671894370015
2025-04-12,HAR-RV,1,-7.287263687197286,-7.1989222749712,-0.08834141222608594
2025-04-13,HAR-RV,1,-7.167014962280521,-7.430339006845431,0.2633240445649099
2025-04-14,HAR-RV,1,-7.777788884630375,-7.342280188997766,-0.43550869563260974
2025-04-15,HAR-RV,1,-7.413189676387737,-7.374317089093339,-0.038872587294397576
2025-04-16,HAR-RV,1,-8.268721841318316,-7.504407840700207,-0.7643140006181088
2025-04-17,HAR-RV,1,-9.681279444888752,-7.467754479618757,-2.213524965269994
2025-04-18,HAR-RV,1,-9.171548905690758,-7.6207669456253875,-1.55078196006537
2025-04-19,HAR-RV,1,-9.01552740253416,-7.989753401678538,-1.0257740008556215
2025-04-20,HAR-RV,1,-7.457356285992482,-8.05066778394173,0.593311497949248
2025-04-21,HAR-RV,1,-6.979201722253075,-8.113817697254557,1.1346159750014824
2025-04-22,HAR-RV,1,-7.403345870725576,-7.881984286633109,0.4786384159075334
2025-04-23,HAR-RV,1,-8.021045389721651,-7.734771840523682,-0.2862735491979693
2025-04-24,HAR-RV,1,-7.797960553044787,-7.659369513734868,-0.13859103930991878
2025-04-25,HAR-RV,1,-8.912576429259436,-7.701947230173777,-1.21062919908566
2025-04-26,HAR-RV,1,-8.579169330655771,-7.611004462126139,-0.9681648685296329
2025-04-27,HAR-RV,1,-7.92097208375074,-7.8911395920457155,-0.02983249170502411
2025-04-28,HAR-RV,1,-8.087519781534887,-7.930303384882834,-0.15721639665205256
2025-04-29,HAR-RV,1,-8.023455793775357,-7.871703883462447,-0.15175191031290947
2025-04-30,HAR-RV,1,-8.09456339337235,-7.934737313329686,-0.15982608004266474
2025-05-01,HAR-RV,1,-8.294066343106515,-7.953189089067624,-0.34087725403889113
2025-05-02,HAR-RV,1,-9.46541060137628,-7.948099930572936,-1.5173106708033446
2025-05-03,HAR-RV,1,-8.596552100361416,-7.983233533452085,-0.6133185669093306
2025-05-04,HAR-RV,1,-8.166003817373237,-8.27978222850716,0.11377841113392329
2025-05-05,HAR-RV,1,-8.013724640481898,-8.190528257654837,0.17680361717293813
2025-05-06,HAR-RV,1,-7.894201229610753,-8.146793881498287,0.2525926518875332
2025-05-07,HAR-RV,1,-7.474703553304063,-8.131313964343265,0.6566104110392024
2025-05-08,HAR-RV,1,-7.7544076279684,-8.092319232372141,0.33791160440374046
2025-05-09,HAR-RV,1,-8.51169203750711,-7.917104554666278,-0.594587482840832
2025-05-10,HAR-RV,1,-7.894756830708296,-7.909962944503414,0.01520611379511827
2025-05-11,HAR-RV,1,-7.171315375183232,-8.022889251712437,0.8515738765292049
2025-05-12,HAR-RV,1,-7.898122089143746,-7.908659135462289,0.01053704631854302
2025-05-13,HAR-RV,1,-8.318310440418038,-7.7373816705317635,-0.5809287698862748
2025-05-14,HAR-RV,1,-7.7147571999584414,-7.872795534596619,0.15803833463817796
2025-05-15,HAR-RV,1,-8.244800643227538,-7.984050249727507,-0.2607503935000315
2025-05-16,HAR-RV,1,-8.88548365814237,-7.856327821729539,-1.0291558364128308
2025-05-17,HAR-RV,1,-7.9130966647344225,-7.957080015055482,0.043983350321059156
2025-05-18,HAR-RV,1,-7.475391981698435,-8.155945049078797,0.6805530673803624
2025-05-19,HAR-RV,1,-7.413492676031776,-8.007783533599337,0.594290857567561
2025-05-20,HAR-RV,1,-6.9048202411259405,-7.884896848408077,0.9800766072821361
2025-05-21,HAR-RV,1,-7.5998782354004675,-7.852470416507363,0.25259218110689563
2025-05-22,HAR-RV,1,-7.443883442529285,-7.691195199838547,0.24731175730926225
2025-05-23,HAR-RV,1,-8.225636513265073,-7.710549246918154,-0.515087266346919
2025-05-24,HAR-RV,1,-8.196992018610825,-7.6515395676369575,-0.5454524509738672
2025-05-25,HAR-RV,1,-8.288440304342084,-7.800903284846728,-0.4875370194953552
2025-05-26,HAR-RV,1,-7.940076582517803,-7.821649884641229,-0.11842669787657467
2025-05-27,HAR-RV,1,-8.336031186903472,-7.905750391015193,-0.4302807958882795
2025-05-28,HAR-RV,1,-7.769467517478563,-7.8724404374447605,0.10297291996619773
2025-05-29,HAR-RV,1,-7.728674501465333,-7.981221847878196,0.2525473464128627
2025-05-30,HAR-RV,1,-8.421598154519437,-7.87527323908984,-0.5463249154295964
2025-05-31,HAR-RV,1,-8.743472246073782,-7.848722024330824,-0.8947502217429584
2025-06-01,HAR-RV,1,-8.184430028615092,-7.9646006881849445,-0.219829340430147
2025-06-02,HAR-RV,1,-8.331213911925008,-8.057447945309114,-0.27376596661589403
2025-06-03,HAR-RV,1,-8.71279939743139,-7.973440761745731,-0.739358635685659
2025-06-04,HAR-RV,1,-7.51988335958094,-8.041475404309406,0.5215920447284654
2025-06-05,HAR-RV,1,-8.345664194572562,-8.161004760381289,-0.18465943419127306
2025-06-06,HAR-RV,1,-9.05218826005398,-7.930131833140483,-1.1220564269134963
2025-06-07,HAR-RV,1,-9.384555576107418,-8.041258184029958,-1.34329739207746
2025-06-08,HAR-RV,1,-7.968985833169205,-8.201865211635923,0.23287937846671802
2025-06-09,HAR-RV,1,-8.125005944838898,-8.314696863306498,0.18969091846759945
2025-06-10,HAR-RV,1,-8.19082610478049,-8.071572454644032,-0.11925365013645717
2025-06-11,HAR-RV,1,-7.927023759209108,-8.13654678242898,0.20952302321987126
2025-06-12,HAR-RV,1,-7.443188684929166,-8.148492435971482,0.7053037510423161
2025-06-13,HAR-RV,1,-9.05726972859608,-8.063155740695032,-0.9941139879010468
2025-06-14,HAR-RV,1,-8.953471985164441,-7.893538754440505,-1.059933230723936
2025-06-15,HAR-RV,1,-8.110641264350848,-8.194315080097656,0.08367381574680799
2025-06-16,HAR-RV,1,-7.806286485181062,-8.23509289885721,0.42880641367614913
2025-06-17,HAR-RV,1,-7.866192379807445,-8.11503972953121,0.2488473497237651
2025-06-18,HAR-RV,1,-8.633468871743753,-8.060321779294538,-0.573147092449215
2025-06-19,HAR-RV,1,-7.900331132706684,-8.090124082548197,0.18979294984151274
2025-06-20,HAR-RV,1,-7.967196587131996,-8.175857873085455,0.20866128595345934
2025-06-21,HAR-RV,1,-7.027680658640498,-8.02381157516135,0.9961309165208521
2025-06-22,HAR-RV,1,-7.236497370232764,-8.029320011218406,0.7928226409856416
2025-06-23,HAR-RV,1,-8.149886293035856,-7.845967262857243,-0.3039190301786121
2025-06-24,HAR-RV,1,-8.176305065875129,-7.821072145845128,-0.3552329200300006
2025-06-25,HAR-RV,1,-8.376095118293176,-7.918859183004031,-0.45723593528914463
2025-06-26,HAR-RV,1,-8.542770722531861,-7.933411559759108,-0.609359162772753
2025-06-27,HAR-RV,1,-10.649971722513076,-7.974782742455685,-2.675188980057391
2025-06-28,HAR-RV,1,-9.316586495538738,-8.092069641105475,-1.2245168544332632
2025-06-29,HAR-RV,1,-8.62277199796468,-8.573441731573055,-0.04933026639162463
2025-06-30,HAR-RV,1,-8.642591743070529,-8.452718362730739,-0.1898733803397903
2025-07-01,HAR-RV,1,-8.308439939764494,-8.368459546018844,0.06001960625435032
2025-07-02,HAR-RV,1,-8.29396771419438,-8.394109902586703,0.10014218839232214
2025-07-03,HAR-RV,1,-8.898524051817713,-8.340744618538936,-0.5577794332787764
2025-07-04,HAR-RV,1,-9.987284347496226,-8.228931854896071,-1.7583524926001548
2025-07-05,HAR-RV,1,-9.36677210235694,-8.311715413551958,-1.0550566888049815
2025-07-06,HAR-RV,1,-8.713378263033814,-8.564981809828126,-0.14839645320568806
2025-07-07,HAR-RV,1,-8.902586131499698,-8.520242622484412,-0.3823435090152856
2025-07-08,HAR-RV,1,-8.29417874240117,-8.447230274462857,0.15305153206168676
2025-07-09,HAR-RV,1,-7.209350045659884,-8.514612333363143,1.3052622877032594
2025-07-10,HAR-RV,1,-7.867944834377488,-8.409195940547553,0.5412511061700656
2025-07-11,HAR-RV,1,-9.356431837546369,-8.115376318740235,-1.2410555188061334
2025-07-12,HAR-RV,1,-8.773942349578554,-8.120120601458414,-0.6538217481201407
2025-07-13,HAR-RV,1,-7.481016702523509,-8.376157008033909,0.8951403055103997
2025-07-14,HAR-RV,1,-7.254884046098786,-8.302222076875491,1.0473380307767055
2025-07-15,HAR-RV,1,-7.906106583346014,-8.092732994310392,0.1866264109643785
2025-07-16,HAR-RV,1,-7.750043741635851,-8.064336406147222,0.3142926645113704
2025-07-17,HAR-RV,1,-7.925867888823022,-8.151544437736058,0.2256765489130368
2025-07-18,HAR-RV,1,-9.191851708958271,-8.04575425008602,-1.1460974588722515
2025-07-19,HAR-RV,1,-8.749889889500176,-8.015284082786243,-0.7346058067139332
2025-07-20,HAR-RV,1,-8.062198643566044,-8.276824538039978,0.21462589447393476
2025-07-21,HAR-RV,1,-7.740429316317312,-8.263176859592498,0.5227475432751865
2025-07-22,HAR-RV,1,-8.047332828013449,-8.160915407822996,0.11358257980954711
2025-07-23,HAR-RV,1,-8.253076728769177,-8.104859954830628,-0.14821677393854849
2025-07-24,HAR-RV,1,-7.605517370811197,-8.143342716247084,0.5378253454358868
2025-07-25,HAR-RV,1,-9.606954095499765,-8.124559750039326,-1.4823943454604382
2025-07-26,HAR-RV,1,-8.981033746649764,-7.975043290953531,-1.0059904556962334
2025-07-27,HAR-RV,1,-8.30508496766559,-8.325364295969901,0.020279328304312116
2025-07-28,HAR-RV,1,-8.268215689597376,-8.287349673796985,0.01913398419960899
2025-07-29,HAR-RV,1,-8.393240576178409,-8.194706465479399,-0.1985341106990095
2025-07-30,HAR-RV,1,-8.520230588607557,-8.18417213128242,-0.3360584573251373
2025-07-31,HAR-RV,1,-7.533737412187012,-8.23133178519172,0.6975943730047085
2025-08-01,HAR-RV,1,-8.568970525996992,-8.199267907197585,-0.3697026187994066
2025-08-02,HAR-RV,1,-9.01457508878402,-8.004571665291348,-1.0100034234926731
2025-08-03,HAR-RV,1,-8.64759502280641,-8.163947652116509,-0.4836473706899014
2025-08-04,HAR-RV,1,-8.327990264931364,-8.253746435491458,-0.07424382943990615
2025-08-05,HAR-RV,1,-8.51421068372607,-8.215648907830996,-0.2985617758950738
2025-08-06,HAR-RV,1,-8.532403748070708,-8.176207030899317,-0.35619671717139134
2025-08-07,HAR-RV,1,-8.651182815348951,-8.265636935084505,-0.3855458802644467
2025-08-08,HAR-RV,1,-9.32597851139552,-8.275164118816123,-1.0508143925793973
2025-08-09,HAR-RV,1,-8.441043602227696,-8.296141248000705,-0.14490235422699094
2025-08-10,HAR-RV,1,-7.811382584426513,-8.43783742961983,0.626454845193317
2025-08-11,HAR-RV,1,-8.297044334912817,-8.316455618987533,0.019411284074715596
2025-08-12,HAR-RV,1,-7.759195959681331,-8.186265785268795,0.42706982558746365
2025-08-13,HAR-RV,1,-6.9615054586384755,-8.241895629388672,1.2803901707501968
2025-08-14,HAR-RV,1,-8.400633017404333,-8.128636746033054,-0.2719962713712789
2025-08-15,HAR-RV,1,-9.797853695149604,-7.893924687310121,-1.9039290078394826
2025-08-16,HAR-RV,1,-9.5559821565806,-8.082663086432333,-1.473319070148266
2025-08-17,HAR-RV,1,-8.156814886452334,-8.38977336476822,0.23295847831588645
2025-08-18,HAR-RV,1,-8.142712241205171,-8.418431188439488,0.2757189472343171
2025-08-19,HAR-RV,1,-8.113278831395304,-8.245798988564449,0.13252015716914478
2025-08-20,HAR-RV,1,-8.175195141952578,-8.298298416441607,0.12310327448902925
2025-08-21,HAR-RV,1,-7.391375071440983,-8.27843081600464,0.8870557445636571
2025-08-22,HAR-RV,1,-9.155666824013634,-8.205236992027904,-0.9504298319857298
2025-08-23,HAR-RV,1,-7.722034948084426,-7.98598128437381,0.2639463362893837
2025-08-24,HAR-RV,1,-7.330218334497994,-8.28518948436157,0.9549711498635762
2025-08-25,HAR-RV,1,-7.622910020795579,-8.067504650250793,0.44459462945521455
2025-08-26,HAR-RV,1,-8.082710716050025,-7.9548705746380355,-0.12784014141198963
2025-08-27,HAR-RV,1,-8.403842583904545,-7.951387911697172,-0.4524546722073728
2025-08-28,HAR-RV,1,-8.0046493464786,-8.039725285824897,0.0350759393462976
2025-08-29,HAR-RV,1,-9.133680845548108,-8.04413911652265,-1.0895417290254574
2025-08-30,HAR-RV,1,-9.177958657568531,-7.9981649241800605,-1.179793733388471
2025-08-31,HAR-RV,1,-7.953683190386181,-8.237075327990144,0.283392137603963
2025-09-01,HAR-RV,1,-7.872158994764496,-8.313552911574371,0.44139391680987483
2025-09-02,HAR-RV,1,-8.182388144667684,-8.140642541056291,-0.04174560361139257
2025-09-03,HAR-RV,1,-8.292311256544016,-8.10598813363168,-0.1863231229123361
2025-09-04,HAR-RV,1,-8.049751286620033,-8.153076197361147,0.10332491074111338
2025-09-05,HAR-RV,1,-9.772848916168195,-8.135863311342156,-1.6369856048260392
2025-09-06,HAR-RV,1,-9.53452627568605,-8.071002344900766,-1.4635239307852839
2025-09-07,HAR-RV,1,-8.677120971758,-8.400985689568493,-0.27613528218950734
2025-09-08,HAR-RV,1,-8.403115304394708,-8.444390085553682,0.04127478115897354
2025-09-09,HAR-RV,1,-8.21218014894868,-8.343188558926858,0.13100840997817897
2025-09-10,HAR-RV,1,-8.499654294702792,-8.316523982232798,-0.18313031246999323
2025-09-11,HAR-RV,1,-8.617547509904476,-8.300425113056981,-0.31712239684749477
2025-09-12,HAR-RV,1,-9.831130650802836,-8.28357741141798,-1.5475532393848557
2025-09-13,HAR-RV,1,-9.54978554808957,-8.269812650665433,-1.2799728974241376
2025-09-14,HAR-RV,1,-8.439814402280856,-8.517297379035323,0.07748297675446736
2025-09-15,HAR-RV,1,-8.792523838198322,-8.541439131821175,-0.2510847063771475
2025-09-16,HAR-RV,1,-8.101310617641094,-8.42024290694308,0.318932289301987
2025-09-17,HAR-RV,1,-8.766447689945338,-8.501458843327018,-0.26498884661831923
2025-09-18,HAR-RV,1,-9.267364905921823,-8.395233217725202,-0.872131688196621
2025-09-19,HAR-RV,1,-10.6050280488101,-8.440527404139774,-2.1645006446703263
2025-09-20,HAR-RV,1,-10.133520913612236,-8.514771953269635,-1.6187489603426002
2025-09-21,HAR-RV,1,-7.891930026244774,-8.827620280724101,0.9356902544793275
2025-09-22,HAR-RV,1,-8.692216418426757,-8.84750903906277,0.155292620636013
2025-09-23,HAR-RV,1,-8.715111261187413,-8.534103467251786,-0.1810077939356276
2025-09-24,HAR-RV,1,-7.797766269227527,-8.643085711928867,0.8453194427013404
2025-09-25,HAR-RV,1,-8.199318457410062,-8.632273313770959,0.43295485636089737
2025-09-26,HAR-RV,1,-10.290127372923022,-8.37547786307562,-1.9146495098474023
2025-09-27,HAR-RV,1,-9.254128583110203,-8.336195619152601,-0.9179329639576022
2025-09-28,HAR-RV,1,-8.541521038784206,-8.74355431213149,0.2020332733472845
2025-09-29,HAR-RV,1,-8.603434629923894,-8.634351947654574,0.030917317730679628
2025-09-30,HAR-RV,1,-8.240112062129832,-8.522745708707681,0.2826336465778496
2025-10-01,HAR-RV,1,-8.296715658902626,-8.567750399769189,0.271034740866563
2025-10-02,HAR-RV,1,-7.823921809963694,-8.522279778178312,0.6983579682146184
2025-10-03,HAR-RV,1,-9.45214532988536,-8.435369990588846,-1.0167753392965135
2025-10-04,HAR-RV,1,-7.695218782358524,-8.304290633781886,0.6090718514233613
2025-10-05,HAR-RV,1,-8.01510033381816,-8.560164214346056,0.5450638805278967
2025-10-06,HAR-RV,1,-7.842639336975692,-8.268321778084918,0.4256824411092257
2025-10-07,HAR-RV,1,-8.002081163490216,-8.272750951684923,0.27066978819470755
2025-10-08,HAR-RV,1,-8.012382804006961,-8.220609479411605,0.208226675404644
2025-10-09,HAR-RV,1,-4.587612791666304,-8.236293454316915,3.6486806626506105
2025-10-10,HAR-RV,1,-7.115722376608375,-8.167356835136658,1.0516344585282837
2025-10-11,HAR-RV,1,-7.1264281234111495,-7.510905061117081,0.38447693770593183
2025-10-12,HAR-RV,1,-7.601098600323596,-7.7476071069319445,0.1465085066083489
2025-10-13,HAR-RV,1,-7.344241412122854,-7.6620504891914925,0.31780907706863815
2025-10-14,HAR-RV,1,-7.591723650096573,-7.66330900342244,0.07158535332586702
2025-10-15,HAR-RV,1,-6.905012356907999,-7.590998569071852,0.6859862121638525
2025-10-16,HAR-RV,1,-7.053262415309131,-7.750463026093575,0.697200610784444
2025-10-17,HAR-RV,1,-8.645181515778779,-7.628201700570138,-1.0169798152086411
2025-10-18,HAR-RV,1,-7.946925952270387,-7.6227586875467335,-0.32416726472365376
2025-10-19,HAR-RV,1,-7.702435877483535,-7.883475162154668,0.18103928467113306
2025-10-20,HAR-RV,1,-6.814365684609184,-7.79053632550018,0.976170640890996
2025-10-21,HAR-RV,1,-7.329678651800407,-7.742378459328833,0.4126998075284263
2025-10-22,HAR-RV,1,-7.503043703626393,-7.59984663499953,0.09680293137313711
2025-10-23,HAR-RV,1,-8.016664491858316,-7.660559848917397,-0.35610464294091937
2025-10-24,HAR-RV,1,-9.436012357444428,-7.615180014993876,-1.8208323424505517
2025-10-25,HAR-RV,1,-8.127811371886041,-7.679799164234607,-0.4480122076514341
2025-10-26,HAR-RV,1,-8.31020361926275,-7.969459493423751,-0.3407441258389996
2025-10-27,HAR-RV,1,-7.874738990868753,-7.850490827435241,-0.024248163433512104
2025-10-28,HAR-RV,1,-7.054000148404952,-7.931540546827346,0.8775403984223944
2025-10-29,HAR-RV,1,-7.043093926149241,-7.893017149246289,0.8499232230970479
2025-10-30,HAR-RV,1,-7.299625987456839,-7.729592335095994,0.4299663476391551
2025-10-31,HAR-RV,1,-9.102269176611976,-7.59457845885453,-1.5076907177574466
2025-11-01,HAR-RV,1,-8.604699637140742,-7.575747204443894,-1.0289524326968484
2025-11-02,HAR-RV,1,-7.27163389114966,-7.906924901697918,0.6352910105482579
2025-11-03,HAR-RV,1,-6.542526955726167,-7.902550497855025,1.3600235421288582
2025-11-04,HAR-RV,1,-7.130332009579842,-7.748374038675995,0.618042029096153
2025-11-05,HAR-RV,1,-7.168157359718235,-7.616651299174208,0.4484939394559735
2025-11-06,HAR-RV,1,-7.037002738488869,-7.678803115557787,0.6418003770689173
2025-11-07,HAR-RV,1,-8.218470766094887,-7.581200303388047,-0.63727046270684
2025-11-08,HAR-RV,1,-7.88633221123335,-7.492346527379442,-0.3939856838539084
2025-11-09,HAR-RV,1,-7.707023434157362,-7.704734742388504,-0.002288691768858264
2025-11-10,HAR-RV,1,-7.4421296812380255,-7.718181559722112,0.2760518784840862
2025-11-11,HAR-RV,1,-7.572570868483227,-7.720606428147986,0.14803555966475823
2025-11-12,HAR-RV,1,-7.0002820840938105,-7.697026645051074,0.6967445609572636
2025-11-13,HAR-RV,1,-6.384560789541653,-7.75110311458623,1.366542325044577
2025-11-14,HAR-RV,1,-7.714310407924918,-7.614180009021973,-0.1001303989029454
2025-11-15,HAR-RV,1,-7.175102452523699,-7.465560506642364,0.2904580541186643
2025-11-16,HAR-RV,1,-6.993087708054424,-7.613966101549261,0.620878393494837
2025-11-17,HAR-RV,1,-6.75464809359329,-7.504010443756265,0.7493623501629747
2025-11-18,HAR-RV,1,-6.988105858772633,-7.4376476773862095,0.4495418186135769
2025-11-19,HAR-RV,1,-6.842480066767818,-7.374254823927243,0.5317747571594253
2025-11-20,HAR-RV,1,-5.7867108645783665,-7.416203286678392,1.629492422100025
2025-11-21,HAR-RV,1,-7.555518494073084,-7.354381781037749,-0.20113671303533476
2025-11-22,HAR-RV,1,-7.596708359678786,-7.127709112216299,-0.4689992474624871
2025-11-23,HAR-RV,1,-6.969901638005364,-7.362171057554739,0.39226941954937455
2025-11-24,HAR-RV,1,-7.231650335428167,-7.38643690856171,0.15478657313354294
2025-11-25,HAR-RV,1,-7.364305501511629,-7.288726777581476,-0.0755787239301533
2025-11-26,HAR-RV,1,-7.879568199495125,-7.337770607122471,-0.5417975923726539
2025-11-27,HAR-RV,1,-7.694293783175389,-7.445777662050878,-0.24851612112451082
2025-11-28,HAR-RV,1,-8.832361523993656,-7.532632340385065,-1.2997291836085916
2025-11-29,HAR-RV,1,-8.56370363864505,-7.518849404807025,-1.0448542338380253
2025-11-30,HAR-RV,1,-6.7205038180139995,-7.76684087595078,1.0463370579367801
2025-12-01,HAR-RV,1,-7.166694063037643,-7.809955607350114,0.6432615443124705
2025-12-02,HAR-RV,1,-6.799725179739331,-7.555731022292379,0.7560058425530478
2025-12-03,HAR-RV,1,-7.278058894103278,-7.560367288677002,0.2823083945737235
2025-12-04,HAR-RV,1,-7.384608832790334,-7.464548878377075,0.07994004558674117
2025-12-05,HAR-RV,1,-8.780922005770533,-7.434134305302219,-1.3467877004683135
2025-12-06,HAR-RV,1,-7.414740413919735,-7.389067426888468,-0.025672987031266636
2025-12-07,HAR-RV,1,-7.457035504573326,-7.679972848253138,0.22293734367981255
2025-12-08,HAR-RV,1,-7.256857420158548,-7.5366341247319015,0.27977670457335346
2025-12-09,HAR-RV,1,-7.058992929899828,-7.577090687338197,0.5180977574383689
2025-12-10,HAR-RV,1,-7.347794785273569,-7.558506043045184,0.2107112577716146
2025-12-11,HAR-RV,1,-7.561466219241837,-7.526450450646931,-0.035015768594906405
2025-12-12,HAR-RV,1,-9.696511840594232,-7.496377160745955,-2.2001346798482766
2025-12-13,HAR-RV,1,-8.293293428630856,-7.538816225097587,-0.7544772035332681
2025-12-14,HAR-RV,1,-7.227863026447627,-7.94126783126147,0.7134048048138428
2025-12-15,HAR-RV,1,-7.710960999236119,-7.850029380487216,0.13906838125109733
2025-12-16,HAR-RV,1,-6.682453263792524,-7.736156587559,1.0537033237664764
2025-12-17,HAR-RV,1,-6.740374624315311,-7.818065168036385,1.077690543721074
2025-12-18,HAR-RV,1,-7.020317942574881,-7.655865353407278,0.6355474108323973
2025-12-19,HAR-RV,1,-9.6115694039447,-7.5125905400502715,-2.098978863894428
2025-12-20,HAR-RV,1,-8.628519475678901,-7.4699281704600935,-1.158591305218808
2025-12-21,HAR-RV,1,-7.534308322325102,-7.891860387345402,0.35755206502030035
2025-12-22,HAR-RV,1,-7.663101554070803,-7.8250125013186445,0.16191094724784172
2025-12-23,HAR-RV,1,-8.228128764798534,-7.729307075006228,-0.49882168979230546
2025-12-24,HAR-RV,1,-8.643584150115842,-7.801752743417199,-0.8418314066986428
2024-06-29,HAR-RV,3,-8.415744212880016,-7.598227692440819,-0.817516520439197
2024-06-30,HAR-RV,3,-7.590110308893971,-7.8213291020894005,0.23121879319542948
2024-07-01,HAR-RV,3,-6.7568326341271066,-8.023409930604608,1.266577296477501
2024-07-02,HAR-RV,3,-6.028709939198225,-8.037095874423805,2.00838593522558
2024-07-03,HAR-RV,3,-7.82183717488344,-8.061326759722176,0.2394895848387364
2024-07-04,HAR-RV,3,-7.599232953126869,-8.101192877179763,0.501959924052894
2024-07-05,HAR-RV,3,-6.2016000220281144,-7.835100777765826,1.6335007557377113
2024-07-06,HAR-RV,3,-7.13201098663784,-7.589511253422454,0.45750026678461353
2024-07-07,HAR-RV,3,-7.364155934126495,-7.4047678631061205,0.040611928979625844
2024-07-08,HAR-RV,3,-6.970855511693713,-7.295458170212119,0.32460265851840564
2024-07-09,HAR-RV,3,-7.461112349654011,-7.201502852469726,-0.25960949718428417
2024-07-10,HAR-RV,3,-8.001579020126183,-7.17119568233051,-0.8303833377956726
2024-07-11,HAR-RV,3,-7.503141944073601,-7.345874212541834,-0.15726773153176676
2024-07-12,HAR-RV,3,-7.10151927124952,-7.250006243088171,0.14848697183865056
2024-07-13,HAR-RV,3,-6.8751174522895955,-7.186683074872562,0.3115656225829664
2024-07-14,HAR-RV,3,-7.273310670983561,-7.399426381331446,0.12611571034788494
2024-07-15,HAR-RV,3,-7.590004120123674,-7.48138308373366,-0.10862103639001397
2024-07-16,HAR-RV,3,-7.361953880672214,-7.466717683526114,0.10476380285389997
2024-07-17,HAR-RV,3,-8.183252874840827,-7.472844570162945,-0.7104083046778822
2024-07-18,HAR-RV,3,-7.540508981035038,-7.411284289822325,-0.12922469121271352
2024-07-19,HAR-RV,3,-7.831068909072291,-7.322877266237687,-0.5081916428346043
2024-07-20,HAR-RV,3,-7.504319171318432,-7.31998247776084,-0.18433669355759186
2024-07-21,HAR-RV,3,-7.715830478728725,-7.405532152321433,-0.3102983264072918
2024-07-22,HAR-RV,3,-7.1111013620300145,-7.547308463172598,0.43620710114258365
2024-07-23,HAR-RV,3,-7.731151246587125,-7.600612701610843,-0.13053854497628148
2024-07-24,HAR-RV,3,-6.6745965844828605,-7.613697717982689,0.939101133499828
2024-07-25,HAR-RV,3,-8.297723232050007,-7.641668990644847,-0.65605424140516
2024-07-26,HAR-RV,3,-7.220642471062432,-7.5376996569882255,0.31705718592579313
2024-07-27,HAR-RV,3,-7.567743991658627,-7.521769778136825,-0.0459742135218022
2024-07-28,HAR-RV,3,-7.537578973039193,-7.452302379326433,-0.0852765937127602
2024-07-29,HAR-RV,3,-7.134693601377736,-7.427488840387457,0.29279523900972126
2024-07-30,HAR-RV,3,-6.728020741506768,-7.44804474806318,0.7200240065564119
2024-07-31,HAR-RV,3,-7.102715268773577,-7.491403775152071,0.38868850637849395
2024-08-01,HAR-RV,3,-6.901570663299103,-7.4688364770013385,0.5672658137022353
2024-08-02,HAR-RV,3,-4.331832929576587,-7.568170147188509,3.236337217611922
2024-08-03,HAR-RV,3,-6.129507554817753,-7.373354227906402,1.2438466730886493
2024-08-04,HAR-RV,3,-6.56821202032419,-7.322425367769397,0.7542133474452068
2024-08-05,HAR-RV,3,-5.881456842610719,-7.238074832764331,1.3566179901536124
2024-08-06,HAR-RV,3,-6.5521594278707,-6.981700677017789,0.42954124914708913
2024-08-07,HAR-RV,3,-8.164746233335169,-6.6793471653675205,-1.4853990679676485
2024-08-08,HAR-RV,3,-7.347966273268356,-6.617308293253968,-0.7306579800143878
2024-08-09,HAR-RV,3,-6.301581779560638,-6.493596011151093,0.19201423159045472
2024-08-10,HAR-RV,3,-7.032064393779834,-6.386591314441434,-0.6454730793383998
2024-08-11,HAR-RV,3,-7.145182948564176,-6.799791138449556,-0.34539181011462006
2024-08-12,HAR-RV,3,-6.782869713050387,-7.0338815559098675,0.2510118428594801
2024-08-13,HAR-RV,3,-6.993243057300741,-7.07479311251322,0.08155005521247904
2024-08-14,HAR-RV,3,-8.93414336978374,-7.1722192884295355,-1.7619240813542048
2024-08-15,HAR-RV,3,-8.090430304827276,-7.244424091758822,-0.8460062130684536
2024-08-16,HAR-RV,3,-7.395852713362074,-7.073505791116206,-0.3223469222458677
2024-08-17,HAR-RV,3,-7.252727153074581,-7.011142616468849,-0.24158453660573187
2024-08-18,HAR-RV,3,-7.122737507461557,-7.230276858452424,0.10753935099086664
2024-08-19,HAR-RV,3,-7.663977474896019,-7.456637414002833,-0.2073400608931868
2024-08-20,HAR-RV,3,-6.8510987312401355,-7.5432656360033485,0.6921669047632131
2024-08-21,HAR-RV,3,-8.299722443510342,-7.62127871520292,-0.6784437283074221
2024-08-22,HAR-RV,3,-8.590906417273768,-7.6474602900932105,-0.9434461271805574
2024-08-23,HAR-RV,3,-7.848062431939034,-7.425234512746974,-0.4228279191920601
2024-08-24,HAR-RV,3,-6.578074293173222,-7.31764423332071,0.7395699401474882
2024-08-25,HAR-RV,3,-6.625319225980788,-7.335545251777944,0.710226025797156
2024-08-26,HAR-RV,3,-7.220716390846805,-7.5097612959064985,0.2890449050596935
2024-08-27,HAR-RV,3,-7.355348084977686,-7.679149076565577,0.32380099158789033
2024-08-28,HAR-RV,3,-9.250891127347398,-7.642938577416337,-1.6079525499310607
2024-08-29,HAR-RV,3,-7.427050700993551,-7.609949833769803,0.18289913277625214
2024-08-30,HAR-RV,3,-7.578986184704846,-7.41189354142491,-0.16709264327993534
2024-08-31,HAR-RV,3,-7.813351757199836,-7.233003761448578,-0.5803479957512581
2024-09-01,HAR-RV,3,-6.5034602127886165,-7.2849474680426205,0.781487255254004
2024-09-02,HAR-RV,3,-6.940360945467537,-7.5581370854253915,0.6177761399578543
2024-09-03,HAR-RV,3,-6.522114937682515,-7.681759280408939,1.1596443427264242
2024-09-04,HAR-RV,3,-8.259113009436971,-7.7547409902958515,-0.5043720191411198
2024-09-05,HAR-RV,3,-7.6986759889953715,-7.7435485202121885,0.044872531216817
2024-09-06,HAR-RV,3,-7.142083192560166,-7.376807080833209,0.23472388827304247
2024-09-07,HAR-RV,3,-7.454039970224542,-7.286327406101255,-0.1677125641232875
2024-09-08,HAR-RV,3,-6.9566648361472945,-7.237769990223756,0.2811051540764611
2024-09-09,HAR-RV,3,-7.375311173852939,-7.263505731363648,-0.11180544248929092
2024-09-10,HAR-RV,3,-7.641682246432809,-7.397720950111951,-0.24396129632085728
2024-09-11,HAR-RV,3,-8.772444578271369,-7.443698668279742,-1.3287459099916266
2024-09-12,HAR-RV,3,-8.222190817885775,-7.547494397558904,-0.6746964203268702
2024-09-13,HAR-RV,3,-7.505284819602623,-7.386468923428568,-0.11881589617405464
2024-09-14,HAR-RV,3,-7.206662096750963,-7.354519931285563,0.14785783453459977
2024-09-15,HAR-RV,3,-7.000512980515621,-7.497792837644921,0.4972798571292998
2024-09-16,HAR-RV,3,-7.40385524870723,-7.6566315839894985,0.2527763352822685
2024-09-17,HAR-RV,3,-7.62533614746632,-7.793159143147311,0.16782299568099113
2024-09-18,HAR-RV,3,-9.118912980170885,-7.792061046333113,-1.326851933837772
2024-09-19,HAR-RV,3,-8.210854186197356,-7.721127126042998,-0.4897270601543573
2024-09-20,HAR-RV,3,-7.594933488516639,-7.493484302063905,-0.10144918645273382
2024-09-21,HAR-RV,3,-7.695982377007085,-7.393749420422897,-0.3022329565841879
2024-09-22,HAR-RV,3,-7.912236774178686,-7.495540323795101,-0.4166964503835846
2024-09-23,HAR-RV,3,-7.548593418115738,-7.722289134131545,0.17369571601580702
2024-09-24,HAR-RV,3,-8.156771512470494,-7.86808836127059,-0.28868315119990395
2024-09-25,HAR-RV,3,-9.137411157807458,-7.901547377199323,-1.2358637806081347
2024-09-26,HAR-RV,3,-9.22010927366513,-7.9232013953971,-1.2969078782680308
2024-09-27,HAR-RV,3,-7.657672162115085,-7.735092441930078,0.07742027981499344
2024-09-28,HAR-RV,3,-7.16418081548918,-7.679437498946083,0.5152566834569026
2024-09-29,HAR-RV,3,-6.873239201215958,-7.823249463697896,0.9500102624819373
2024-09-30,HAR-RV,3,-7.372161845921349,-8.043198272587158,0.6710364266658093
2024-10-01,HAR-RV,3,-7.762377171311247,-8.15735095427417,0.3949737829629232
2024-10-02,HAR-RV,3,-9.410517858234718,-8.14907307814357,-1.2614447800911481
2024-10-03,HAR-RV,3,-8.859802514595454,-7.986469912369478,-0.8733326022259762
2024-10-04,HAR-RV,3,-7.354846982929903,-7.681696549015184,0.32684956608528104
2024-10-05,HAR-RV,3,-7.717832727168758,-7.429047446872246,-0.28878528029651207
2024-10-06,HAR-RV,3,-7.9430170498383745,-7.527277611049779,-0.4157394387885951
2024-10-07,HAR-RV,3,-7.587117550241822,-7.834664687767756,0.2475471375259337
2024-10-08,HAR-RV,3,-7.8173580785041725,-8.056126853683214,0.23876877517904127
2024-10-09,HAR-RV,3,-8.746814229333626,-8.070909339311507,-0.6759048900221192
2024-10-10,HAR-RV,3,-8.44461347063351,-8.078132351692398,-0.36648111894111146
2024-10-11,HAR-RV,3,-7.511216222523129,-7.848484547904207,0.3372683253810784
2024-10-12,HAR-RV,3,-6.879154515339575,-7.673830713687297,0.7946761983477222
2024-10-13,HAR-RV,3,-7.561391084229369,-7.790205022731433,0.22881393850206422
2024-10-14,HAR-RV,3,-7.954807249048968,-7.925106282313588,-0.029700966735379808
2024-10-15,HAR-RV,3,-7.899727601495052,-7.953096811005051,0.05336920950999868
2024-10-16,HAR-RV,3,-9.798785632524316,-7.909449795380041,-1.8893358371442748
2024-10-17,HAR-RV,3,-9.000277471682907,-7.801341157421492,-1.198936314261415
2024-10-18,HAR-RV,3,-7.724745468477852,-7.644373112634144,-0.08037235584370794
2024-10-19,HAR-RV,3,-7.774179791525233,-7.5729024357733215,-0.20127735575191164
2024-10-20,HAR-RV,3,-7.863362515397026,-7.718701021043903,-0.14466149435312303
2024-10-21,HAR-RV,3,-8.018551193752419,-8.11823419852743,0.09968300477501124
2024-10-22,HAR-RV,3,-6.898530866282754,-8.27099289892241,1.372462032639656
2024-10-23,HAR-RV,3,-8.921658190779526,-8.239457158762638,-0.6822010320168879
2024-10-24,HAR-RV,3,-9.079636360099444,-8.22796890297498,-0.8516674571244636
2024-10-25,HAR-RV,3,-7.784069601964099,-7.952486147473195,0.16841654550909624
2024-10-26,HAR-RV,3,-7.368623299413477,-7.755237829174645,0.38661452976116806
2024-10-27,HAR-RV,3,-7.512997901045132,-7.729989529836827,0.21699162879169442
2024-10-28,HAR-RV,3,-7.671750079550882,-7.904947430257401,0.23319735070651948
2024-10-29,HAR-RV,3,-6.998467037027406,-8.02097478058221,1.0225077435548036
2024-10-30,HAR-RV,3,-8.813773417610177,-7.967701283565857,-0.84607213404432
2024-10-31,HAR-RV,3,-7.784664629556363,-8.0426295439486,0.2579649143922369
2024-11-01,HAR-RV,3,-7.509206844606907,-7.840453168767096,0.3312463241601895
2024-11-02,HAR-RV,3,-7.320254941313007,-7.597203168804873,0.2769482274918653
2024-11-03,HAR-RV,3,-6.357178323463686,-7.565550572811314,1.2083722493476277
2024-11-04,HAR-RV,3,-7.505193457512192,-7.729598429501652,0.2244049719894603
2024-11-05,HAR-RV,3,-7.882091528500882,-7.753175429509412,-0.12891609899147038
2024-11-06,HAR-RV,3,-8.951124037321541,-7.719874178439423,-1.2312498588821184
2024-11-07,HAR-RV,3,-6.982350958300895,-7.722633597598936,0.7402826392980408
2024-11-08,HAR-RV,3,-6.610143513022823,-7.409127654990892,0.7989841419680692
2024-11-09,HAR-RV,3,-5.89742196217559,-7.378832633480934,1.481410671305344
2024-11-10,HAR-RV,3,-5.970825445834223,-7.487077578865176,1.516252133030953
2024-11-11,HAR-RV,3,-6.298780197423048,-7.630120641441455,1.331340444018407
2024-11-12,HAR-RV,3,-6.69026855754187,-7.696310882901598,1.0060423253597275
2024-11-13,HAR-RV,3,-7.962925402749825,-7.5225898065156,-0.4403355962342248
2024-11-14,HAR-RV,3,-7.719913234094788,-7.221393131030328,-0.49852010306446015
2024-11-15,HAR-RV,3,-6.813641525214108,-6.783896010207248,-0.0297455150068604
2024-11-16,HAR-RV,3,-7.123061515534054,-6.688454918983115,-0.4346065965509398
2024-11-17,HAR-RV,3,-7.349584827177568,-6.761320920157513,-0.588263907020055
2024-11-18,HAR-RV,3,-6.9277588146226785,-7.05601976322649,0.12826094860381154
2024-11-19,HAR-RV,3,-7.639603303246092,-7.269422058454231,-0.3701812447918611
2024-11-20,HAR-RV,3,-8.458730870211758,-7.3578595175585315,-1.1008713526532263
2024-11-21,HAR-RV,3,-7.906636805257383,-7.432872353447326,-0.473764451810057
2024-11-22,HAR-RV,3,-6.845783544407805,-7.319619841554661,0.47383629714685593
2024-11-23,HAR-RV,3,-6.704121318827724,-7.236210783056801,0.5320894642290774
2024-11-24,HAR-RV,3,-7.421131408187987,-7.40036350454278,-0.020767903645207753
2024-11-25,HAR-RV,3,-7.777480941685613,-7.573020416757588,-0.2044605249280247
2024-11-26,HAR-RV,3,-7.7915055329164575,-7.607601105871605,-0.18390442704485288
2024-11-27,HAR-RV,3,-8.944575839059315,-7.5860428125308665,-1.3585330265284483
2024-11-28,HAR-RV,3,-8.526681786585359,-7.476888039537585,-1.0497937470477732
2024-11-29,HAR-RV,3,-7.2277762188452845,-7.342635832516808,0.11485961367152342
2024-11-30,HAR-RV,3,-7.477860175072574,-7.329247196655249,-0.1486129784173249
2024-12-01,HAR-RV,3,-7.352016227925319,-7.522122464780807,0.17010623685548776
2024-12-02,HAR-RV,3,-5.520755763032788,-7.841031520718851,2.320275757686063
2024-12-03,HAR-RV,3,-7.056676956855624,-7.956095266860895,0.8994183100052711
2024-12-04,HAR-RV,3,-8.28612317218258,-7.886683444777128,-0.39943972740545153
2024-12-05,HAR-RV,3,-8.152794625419403,-7.839890875631503,-0.3129037497879006
2024-12-06,HAR-RV,3,-6.452164940538162,-7.524613706669504,1.072448766131342
2024-12-07,HAR-RV,3,-6.668355412158304,-7.144477529141175,0.47612211698287066
2024-12-08,HAR-RV,3,-7.380414836630238,-7.171027148723472,-0.20938768790676576
2024-12-09,HAR-RV,3,-7.347004798406336,-7.286884475284275,-0.06012032312206106
2024-12-10,HAR-RV,3,-7.800269430130499,-7.337691671769758,-0.4625777583607418
2024-12-11,HAR-RV,3,-8.329129180116265,-7.483462479003521,-0.8456667011127443
2024-12-12,HAR-RV,3,-7.954173621957407,-7.453221438584082,-0.5009521833733253
2024-12-13,HAR-RV,3,-7.167863912303163,-7.317455714233185,0.14959180193002197
2024-12-14,HAR-RV,3,-7.46114260237137,-7.217400523431597,-0.24374207893977307
2024-12-15,HAR-RV,3,-6.653480385951037,-7.439792949224879,0.7863125632738415
2024-12-16,HAR-RV,3,-6.215955295754829,-7.67266050041701,1.456705204662181
2024-12-17,HAR-RV,3,-6.2286006577328035,-7.727990212823515,1.499389555090712
2024-12-18,HAR-RV,3,-7.472773492215739,-7.713885081133927,0.24111158891818718
2024-12-19,HAR-RV,3,-7.349660055218582,-7.6348825256289485,0.28522247041036675
2024-12-20,HAR-RV,3,-6.8404400613287955,-7.364765812743939,0.5243257514151436
2024-12-21,HAR-RV,3,-7.374187208078972,-7.093920608947974,-0.2802665991309983
2024-12-22,HAR-RV,3,-7.715762789103233,-6.996620942225654,-0.7191418468775792
2024-12-23,HAR-RV,3,-7.307697534873444,-6.987161582437361,-0.32053595243608335
2024-12-24,HAR-RV,3,-7.106588924470662,-7.065431231847274,-0.04115769262338809
2024-12-25,HAR-RV,3,-8.634132442724063,-7.177442883100574,-1.4566895596234888
2024-12-26,HAR-RV,3,-8.326756050975344,-7.360490203231747,-0.966265847743597
2024-12-27,HAR-RV,3,-7.3543943334481,-7.3821000634471705,0.027705729999070172
2024-12-28,HAR-RV,3,-7.276893060792656,-7.380064568034554,0.10317150724189794
2024-12-29,HAR-RV,3,-8.238782332690736,-7.48186604851443,-0.756916284176306
2024-12-30,HAR-RV,3,-7.367896287600902,-7.657094738184771,0.2891984505838687
2024-12-31,HAR-RV,3,-8.097617541330267,-7.708545555212311,-0.38907198611795657
2025-01-01,HAR-RV,3,-9.19804542909942,-7.716099830783868,-1.4819455983155514
2025-01-02,HAR-RV,3,-8.787325094170878,-7.783040462736924,-1.0042846314339542
2025-01-03,HAR-RV,3,-7.415021751205516,-7.692725738832983,0.27770398762746673
2025-01-04,HAR-RV,3,-7.590481289361926,-7.587418577982762,-0.0030627113791643623
2025-01-05,HAR-RV,3,-6.90681582272137,-7.745438655260591,0.8386228325392207
2025-01-06,HAR-RV,3,-6.968115739055578,-8.017128160898505,1.049012421842927
2025-01-07,HAR-RV,3,-6.709305206835529,-8.04405386640489,1.334748659569362
2025-01-08,HAR-RV,3,-8.995729032967116,-8.059397213974721,-0.9363318189923948
2025-01-09,HAR-RV,3,-8.852150045924287,-7.955671638257823,-0.8964784076664634
2025-01-10,HAR-RV,3,-6.553319507908563,-7.618508059056143,1.06518855114758
2025-01-11,HAR-RV,3,-7.303486208762694,-7.341882477951707,0.038396269189012955
2025-01-12,HAR-RV,3,-7.312096925574036,-7.3277363629681345,0.0156394373940989
2025-01-13,HAR-RV,3,-7.391486709026281,-7.536962641600331,0.14547593257405023
2025-01-14,HAR-RV,3,-7.511145310148465,-7.742628580885086,0.23148327073662056
2025-01-15,HAR-RV,3,-7.438401020768668,-7.709007264636892,0.2706062438682233
2025-01-16,HAR-RV,3,-6.148112404271952,-7.797357841417465,1.6492454371455132
2025-01-17,HAR-RV,3,-5.214773987217453,-7.5486711008616005,2.3338971136441478
2025-01-18,HAR-RV,3,-6.34915971482197,-7.328760719642602,0.9796010048206325
2025-01-19,HAR-RV,3,-7.594519813201731,-7.47084792072229,-0.12367189247944044
2025-01-20,HAR-RV,3,-5.989812005402478,-7.4338505169070626,1.4440385115045844
2025-01-21,HAR-RV,3,-7.355564283258395,-7.213279648955863,-0.14228463430253147
2025-01-22,HAR-RV,3,-8.788612678268954,-6.925981369392881,-1.8626313088760735
2025-01-23,HAR-RV,3,-8.623226788453762,-6.799674831741968,-1.8235519567117935
2025-01-24,HAR-RV,3,-6.548166225847454,-6.754848560298017,0.20668233445056305
2025-01-25,HAR-RV,3,-7.335119722465245,-6.795780118637422,-0.5393396038278224
2025-01-26,HAR-RV,3,-7.350021545427285,-7.165971045755559,-0.18405049967172538
2025-01-27,HAR-RV,3,-7.86523565131056,-7.523448576672351,-0.34178707463820945
2025-01-28,HAR-RV,3,-7.64515655585875,-7.6008955044007624,-0.044261051457987755
2025-01-29,HAR-RV,3,-8.395509658549456,-7.710394088599396,-0.6851155699500593
2025-01-30,HAR-RV,3,-7.035755186208709,-7.707061253534767,0.671306067326058
2025-01-31,HAR-RV,3,-5.95199845728886,-7.512171162824663,1.5601727055358028
2025-02-01,HAR-RV,3,-6.579587906443687,-7.389455361011382,0.8098674545676943
2025-02-02,HAR-RV,3,-7.222214210843608,-7.586570920016134,0.3643567091725268
2025-02-03,HAR-RV,3,-7.456911400328808,-7.693238634602096,0.23632723427328806
2025-02-04,HAR-RV,3,-7.097257483150888,-7.598913973412407,0.501656490261519
2025-02-05,HAR-RV,3,-8.810076811866075,-7.331857345963061,-1.4782194659030141
2025-02-06,HAR-RV,3,-8.10773415201615,-7.193015383818386,-0.9147187681977638
2025-02-07,HAR-RV,3,-7.786812840962016,-7.0244242670653305,-0.7623885738966854
2025-02-08,HAR-RV,3,-8.095685364957285,-7.081763887071416,-1.0139214778858694
2025-02-09,HAR-RV,3,-6.962691557561749,-7.317472429068426,0.3547808715066765
2025-02-10,HAR-RV,3,-7.850939573833918,-7.631340558469061,-0.2195990153648566
2025-02-11,HAR-RV,3,-7.6048640411791055,-7.758438801240683,0.1535747600615771
2025-02-12,HAR-RV,3,-9.31204237724052,-7.827154508434831,-1.4848878688056883
2025-02-13,HAR-RV,3,-9.354075786569943,-7.9402044439304476,-1.4138713426394958
2025-02-14,HAR-RV,3,-8.328308753403542,-7.6931924690612945,-0.6351162843422475
2025-02-15,HAR-RV,3,-7.735386570485104,-7.653170001655965,-0.0822165688291383
2025-02-16,HAR-RV,3,-8.074161026658576,-7.689365357700219,-0.3847956689583567
2025-02-17,HAR-RV,3,-8.388064413225592,-7.8771317202446625,-0.5109326929809299
2025-02-18,HAR-RV,3,-7.422492670788367,-8.204457491039978,0.781964820251611
2025-02-19,HAR-RV,3,-9.351071668633756,-8.26006645084581,-1.091005217787945
2025-02-20,HAR-RV,3,-9.327182940847992,-8.293547339107274,-1.033635601740718
2025-02-21,HAR-RV,3,-7.366790273234517,-8.119200075255787,0.75240980202127
2025-02-22,HAR-RV,3,-6.241011939761488,-7.947936285857061,1.7069243460955734
2025-02-23,HAR-RV,3,-6.08442226100039,-7.8736011087697,1.7891788477693096
2025-02-24,HAR-RV,3,-6.878853344044446,-8.12413349313948,1.2452801490950343
2025-02-25,HAR-RV,3,-5.588570041559089,-8.255329273968034,2.6667592324089444
2025-02-26,HAR-RV,3,-7.482186017843935,-8.062233881218067,0.5800478633741317
2025-02-27,HAR-RV,3,-6.026685262486463,-7.873841345915147,1.8471560834286835
2025-02-28,HAR-RV,3,-6.005721130764149,-7.394485946963742,1.3887648161995925
2025-03-01,HAR-RV,3,-5.832575425345344,-6.97213551126795,1.1395600859226063
2025-03-02,HAR-RV,3,-6.528431978871631,-6.768214192003614,0.2397822131319831
2025-03-03,HAR-RV,3,-6.412729998936713,-6.900947468713507,0.48821746977679403
2025-03-04,HAR-RV,3,-5.651155219226064,-6.88726997845805,1.2361147592319854
2025-03-05,HAR-RV,3,-7.82002049036847,-6.745490941863541,-1.0745295485049287
2025-03-06,HAR-RV,3,-7.116223896566312,-6.8027608769688515,-0.31346301959746015
2025-03-07,HAR-RV,3,-5.949376876735946,-6.653572845141583,0.7041959684056369
2025-03-08,HAR-RV,3,-6.2051256349718855,-6.667409117894851,0.46228348292296584
2025-03-09,HAR-RV,3,-6.9226794457074154,-6.6951547187565215,-0.22752472695089399
2025-03-10,HAR-RV,3,-7.250092425539886,-6.969946223315847,-0.2801462022240395
2025-03-11,HAR-RV,3,-7.447118934719969,-7.011464320608555,-0.4356546141114137
2025-03-12,HAR-RV,3,-8.898459551988159,-6.94738791753512,-1.9510716344530392
2025-03-13,HAR-RV,3,-7.329432996679352,-7.0581515452742165,-0.2712814514051356
2025-03-14,HAR-RV,3,-7.67080326390782,-6.932057484891793,-0.7387457790160274
2025-03-15,HAR-RV,3,-7.616041619926752,-6.966697025251817,-0.6493445946749343
2025-03-16,HAR-RV,3,-7.472221310413124,-7.252762258648431,-0.2194590517646926
2025-03-17,HAR-RV,3,-7.439639310421675,-7.596968289199269,0.15732897877759466
2025-03-18,HAR-RV,3,-7.976296204139535,-7.669871694575159,-0.3064245095643763
2025-03-19,HAR-RV,3,-9.81200323221424,-7.7318549921170385,-2.080148240097201
2025-03-20,HAR-RV,3,-8.77472856117907,-7.75345174743086,-1.0212768137482104
2025-03-21,HAR-RV,3,-7.738805643991428,-7.537659646069399,-0.20114599792202892
2025-03-22,HAR-RV,3,-7.907900185694711,-7.587058960992717,-0.3208412247019936
2025-03-23,HAR-RV,3,-7.926440425992742,-7.713835588258974,-0.21260483773376748
2025-03-24,HAR-RV,3,-8.15773669999174,-8.00789238646433,-0.14984431352740835
2025-03-25,HAR-RV,3,-7.842789124023152,-8.165516622059998,0.322727498036846
2025-03-26,HAR-RV,3,-8.003994184702773,-8.219917824728054,0.21592364002528086
2025-03-27,HAR-RV,3,-8.165887428032145,-8.211901710489691,0.046014282457546685
2025-03-28,HAR-RV,3,-7.254418259891095,-7.93410207918646,0.6796838192953656
2025-03-29,HAR-RV,3,-7.756757128271761,-7.827402032258257,0.07064490398649603
2025-03-30,HAR-RV,3,-6.587482790091052,-7.851987580124598,1.2645047900335467
2025-03-31,HAR-RV,3,-7.252194880144823,-7.873826975770195,0.6216320956253716
2025-04-01,HAR-RV,3,-6.63516370951007,-7.871751697841507,1.2365879883314372
2025-04-02,HAR-RV,3,-8.681969956851141,-7.756510326963379,-0.9254596298877624
2025-04-03,HAR-RV,3,-7.188412492677708,-7.693928730558796,0.5055162378810882
2025-04-04,HAR-RV,3,-5.629049006791348,-7.506024695965333,1.8769756891739853
2025-04-05,HAR-RV,3,-6.933967406336497,-7.334249538440012,0.4002821321035155
2025-04-06,HAR-RV,3,-5.92065466170989,-7.33211798449943,1.4114633227895395
2025-04-07,HAR-RV,3,-7.031037787314499,-7.405414883751929,0.37437709643742956
2025-04-08,HAR-RV,3,-7.032090018849573,-7.426286604074077,0.3941965852245044
2025-04-09,HAR-RV,3,-7.79990038655869,-7.236558792925278,-0.5633415936334121
2025-04-10,HAR-RV,3,-7.287263687197286,-7.235771282816506,-0.051492404380780066
2025-04-11,HAR-RV,3,-7.167014962280521,-6.8638308129356655,-0.3031841493448555
2025-04-12,HAR-RV,3,-7.777788884630375,-6.835617042188097,-0.9421718424422787
2025-04-13,HAR-RV,3,-7.413189676387737,-7.084341342331208,-0.3288483340565289
2025-04-14,HAR-RV,3,-8.268721841318316,-7.19313996523865,-1.0755818760796654
2025-04-15,HAR-RV,3,-9.681279444888752,-7.3963994200867615,-2.28488002480199
2025-04-16,HAR-RV,3,-9.171548905690758,-7.444197806014396,-1.727351099676362
2025-04-17,HAR-RV,3,-9.01552740253416,-7.5421028693471115,-1.473424533187048
2025-04-18,HAR-RV,3,-7.457356285992482,-7.520778063434223,0.06342177744174116
2025-04-19,HAR-RV,3,-6.979201722253075,-7.742296087721737,0.7630943654686622
2025-04-20,HAR-RV,3,-7.403345870725576,-8.102276264826852,0.6989303941012759
2025-04-21,HAR-RV,3,-8.021045389721651,-8.307622136613883,0.2865767468922318
2025-04-22,HAR-RV,3,-7.797960553044787,-8.481088604603034,0.6831280515582474
2025-04-23,HAR-RV,3,-8.912576429259436,-8.336215777001119,-0.5763606522583178
2025-04-24,HAR-RV,3,-8.579169330655771,-7.9443069846310355,-0.634862346024736
2025-04-25,HAR-RV,3,-7.92097208375074,-7.703851458332909,-0.21712062541783084
2025-04-26,HAR-RV,3,-8.087519781534887,-7.54347749871601,-0.5440422828188769
2025-04-27,HAR-RV,3,-8.023455793775357,-7.640962183269688,-0.38249361050566844
2025-04-28,HAR-RV,3,-8.09456339337235,-7.921149980715497,-0.17341341265685362
2025-04-29,HAR-RV,3,-8.294066343106515,-8.073999659262725,-0.2200666838437897
2025-04-30,HAR-RV,3,-9.46541060137628,-8.067063503384688,-1.3983470979915928
2025-05-01,HAR-RV,3,-8.596552100361416,-8.109203926434903,-0.4873481739265131
2025-05-02,HAR-RV,3,-8.166003817373237,-7.978507068027489,-0.18749674934574845
2025-05-03,HAR-RV,3,-8.013724640481898,-7.918106375941085,-0.09561826454081324
2025-05-04,HAR-RV,3,-7.894201229610753,-8.024437774441974,0.13023654483122105
2025-05-05,HAR-RV,3,-7.474703553304063,-8.19945279937566,0.724749246071597
2025-05-06,HAR-RV,3,-7.7544076279684,-8.26966722261519,0.5152595946467899
2025-05-07,HAR-RV,3,-8.51169203750711,-8.274723229206305,-0.23696880830080502
2025-05-08,HAR-RV,3,-7.894756830708296,-8.227062780448792,0.3323059497404959
2025-05-09,HAR-RV,3,-7.171315375183232,-7.969955350166395,0.7986399749831632
2025-05-10,HAR-RV,3,-7.898122089143746,-7.816194863856533,-0.0819272252872123
2025-05-11,HAR-RV,3,-8.318310440418038,-7.77858038554311,-0.5397300548749282
2025-05-12,HAR-RV,3,-7.7147571999584414,-7.832798079108279,0.11804087914983796
2025-05-13,HAR-RV,3,-8.244800643227538,-7.807930575971406,-0.4368700672561321
2025-05-14,HAR-RV,3,-8.88548365814237,-7.7864275616949445,-1.0990560964474252
2025-05-15,HAR-RV,3,-7.9130966647344225,-7.822793334256256,-0.09030333047816619
2025-05-16,HAR-RV,3,-7.475391981698435,-7.773575091274866,0.29818310957643135
2025-05-17,HAR-RV,3,-7.413492676031776,-7.764539534482191,0.35104685845041494
2025-05-18,HAR-RV,3,-6.9048202411259405,-7.95025870723634,1.0454384661104
2025-05-19,HAR-RV,3,-7.5998782354004675,-8.069876141374209,0.4699979059737416
2025-05-20,HAR-RV,3,-7.443883442529285,-7.993148825281261,0.549265382751976
2025-05-21,HAR-RV,3,-8.225636513265073,-7.954223929326149,-0.27141258393892365
2025-05-22,HAR-RV,3,-8.196992018610825,-7.809844490143595,-0.38714752846722966
2025-05-23,HAR-RV,3,-8.288440304342084,-7.528350783940501,-0.760089520401583
2025-05-24,HAR-RV,3,-7.940076582517803,-7.472863211742445,-0.4672133707753581
2025-05-25,HAR-RV,3,-8.336031186903472,-7.4921787244004845,-0.843852462502988
2025-05-26,HAR-RV,3,-7.769467517478563,-7.615765560857172,-0.15370195662139086
2025-05-27,HAR-RV,3,-7.728674501465333,-7.817283283849272,0.08860878238393877
2025-05-28,HAR-RV,3,-8.421598154519437,-7.912356337593915,-0.5092418169255213
2025-05-29,HAR-RV,3,-8.743472246073782,-8.001069873178992,-0.7424023728947908
2025-05-30,HAR-RV,3,-8.184430028615092,-8.000476881543186,-0.18395314707190558
2025-05-31,HAR-RV,3,-8.331213911925008,-7.936063798991389,-0.395150112933619
2025-06-01,HAR-RV,3,-8.71279939743139,-7.872654150181671,-0.8401452472497182
2025-06-02,HAR-RV,3,-7.51988335958094,-7.956894554749827,0.4370111951688864
2025-06-03,HAR-RV,3,-8.345664194572562,-8.001645510103454,-0.3440186844691073
2025-06-04,HAR-RV,3,-9.05218826005398,-8.070493797108483,-0.9816944629454962
2025-06-05,HAR-RV,3,-9.384555576107418,-8.175461583568936,-1.2090939925384827
2025-06-06,HAR-RV,3,-7.968985833169205,-8.181644009292398,0.2126581761231936
2025-06-07,HAR-RV,3,-8.125005944838898,-8.026697559511877,-0.09830838532702124
2025-06-08,HAR-RV,3,-8.19082610478049,-8.076903086386523,-0.11392301839396701
2025-06-09,HAR-RV,3,-7.927023759209108,-8.199346196130382,0.27232243692127334
2025-06-10,HAR-RV,3,-7.443188684929166,-8.251677407559491,0.808488722630325
2025-06-11,HAR-RV,3,-9.05726972859608,-8.3262474511011,-0.7310222774949793
2025-06-12,HAR-RV,3,-8.953471985164441,-8.29508719556069,-0.6583847896037511
2025-06-13,HAR-RV,3,-8.110641264350848,-8.15413797519275,0.04349671084190199
2025-06-14,HAR-RV,3,-7.806286485181062,-7.921203981362002,0.11491749618094005
2025-06-15,HAR-RV,3,-7.866192379807445,-7.888312224866556,0.022119845059110688
2025-06-16,HAR-RV,3,-8.633468871743753,-8.026649644336576,-0.6068192274071773
2025-06-17,HAR-RV,3,-7.900331132706684,-8.117874655473525,0.21754352276684052
2025-06-18,HAR-RV,3,-7.967196587131996,-8.13684537172643,0.16964878459443433
2025-06-19,HAR-RV,3,-7.027680658640498,-8.193561660047758,1.1658810014072598
2025-06-20,HAR-RV,3,-7.236497370232764,-8.03529372384839,0.798796353615626
2025-06-21,HAR-RV,3,-8.149886293035856,-7.964374314858523,-0.1855119781773329
2025-06-22,HAR-RV,3,-8.176305065875129,-7.934435885874957,-0.24186918000017155
2025-06-23,HAR-RV,3,-8.376095118293176,-7.938085815577304,-0.43800930271587113
2025-06-24,HAR-RV,3,-8.542770722531861,-7.816731065342777,-0.7260396571890837
2025-06-25,HAR-RV,3,-10.649971722513076,-7.627338525598568,-3.0226331969145077
2025-06-26,HAR-RV,3,-9.316586495538738,-7.6651511567472985,-1.6514353387914396
2025-06-27,HAR-RV,3,-8.62277199796468,-7.7005469963972715,-0.9222250015674085
2025-06-28,HAR-RV,3,-8.642591743070529,-7.918454986569244,-0.7241367565012853
2025-06-29,HAR-RV,3,-8.308439939764494,-8.164948588993067,-0.14349135077142705
2025-06-30,HAR-RV,3,-8.29396771419438,-8.507432247573327,0.21346453337894644
2025-07-01,HAR-RV,3,-8.898524051817713,-8.660967588768466,-0.2375564630492466
2025-07-02,HAR-RV,3,-9.987284347496226,-8.698800916515271,-1.2884834309809552
2025-07-03,HAR-RV,3,-9.36677210235694,-8.705997580606741,-0.6607745217501986
2025-07-04,HAR-RV,3,-8.713378263033814,-8.355786009808902,-0.3575922532249116
2025-07-05,HAR-RV,3,-8.902586131499698,-8.22038104820666,-0.682205083293038
2025-07-06,HAR-RV,3,-8.29417874240117,-8.288574192036947,-0.005604550364223471
2025-07-07,HAR-RV,3,-7.209350045659884,-8.47791514928997,1.2685651036300865
2025-07-08,HAR-RV,3,-7.867944834377488,-8.62295806449205,0.755013230114562
2025-07-09,HAR-RV,3,-9.356431837546369,-8.691261544372791,-0.6651702931735777
2025-07-10,HAR-RV,3,-8.773942349578554,-8.677087234611788,-0.09685511496676646
2025-07-11,HAR-RV,3,-7.481016702523509,-8.393419157352504,0.9124024548289951
2025-07-12,HAR-RV,3,-7.254884046098786,-8.073150313305195,0.8182662672064094
2025-07-13,HAR-RV,3,-7.906106583346014,-7.9832885516582115,0.07718196831219792
2025-07-14,HAR-RV,3,-7.750043741635851,-8.036353816645647,0.286310075009796
2025-07-15,HAR-RV,3,-7.925867888823022,-8.07500831673176,0.14914042790873783
2025-07-16,HAR-RV,3,-9.191851708958271,-8.110205038281702,-1.0816466706765695
2025-07-17,HAR-RV,3,-8.749889889500176,-8.034554202437775,-0.7153356870624012
2025-07-18,HAR-RV,3,-8.062198643566044,-7.811294078962008,-0.25090456460403576
2025-07-19,HAR-RV,3,-7.740429316317312,-7.6591942900121746,-0.08123502630513713
2025-07-20,HAR-RV,3,-8.047332828013449,-7.75462220948023,-0.2927106185332189
2025-07-21,HAR-RV,3,-8.253076728769177,-8.038359613415768,-0.21471711535340887
2025-07-22,HAR-RV,3,-7.605517370811197,-8.15103401008366,0.5455166392724626
2025-07-23,HAR-RV,3,-9.606954095499765,-8.1915622186,-1.4153918768997649
2025-07-24,HAR-RV,3,-8.981033746649764,-8.17116148642789,-0.8098722602218746
2025-07-25,HAR-RV,3,-8.30508496766559,-8.003322831426775,-0.3017621362388141
2025-07-26,HAR-RV,3,-8.268215689597376,-7.918796111397442,-0.3494195781999343
2025-07-27,HAR-RV,3,-8.393240576178409,-7.893590488561424,-0.4996500876169847
2025-07-28,HAR-RV,3,-8.520230588607557,-8.161903147354355,-0.35832744125320204
2025-07-29,HAR-RV,3,-7.533737412187012,-8.288577716447282,0.75484030426027
2025-07-30,HAR-RV,3,-8.568970525996992,-8.295976588889319,-0.27299393710767283
2025-07-31,HAR-RV,3,-9.01457508878402,-8.399039165311752,-0.6155359234722688
2025-08-01,HAR-RV,3,-8.64759502280641,-8.218743257201611,-0.428851765604799
2025-08-02,HAR-RV,3,-8.327990264931364,-8.128909470488487,-0.1990807944428763
2025-08-03,HAR-RV,3,-8.51421068372607,-8.035887655865963,-0.4783230278601067
2025-08-04,HAR-RV,3,-8.532403748070708,-8.09183332463633,-0.44057042343437836
2025-08-05,HAR-RV,3,-8.651182815348951,-8.17714983226315,-0.47403298308580055
2025-08-06,HAR-RV,3,-9.32597851139552,-8.188202380765741,-1.1377761306297796
2025-08-07,HAR-RV,3,-8.441043602227696,-8.311108140312033,-0.12993546191566274
2025-08-08,HAR-RV,3,-7.811382584426513,-8.30270392741588,0.4913213429893677
2025-08-09,HAR-RV,3,-8.297044334912817,-8.239386640173883,-0.057657694738933785
2025-08-10,HAR-RV,3,-7.759195959681331,-8.256168216362177,0.4969722566808459
2025-08-11,HAR-RV,3,-6.9615054586384755,-8.384726583242013,1.423221124603538
2025-08-12,HAR-RV,3,-8.400633017404333,-8.358307201936853,-0.042325815467480155
2025-08-13,HAR-RV,3,-9.797853695149604,-8.261721358628265,-1.536132336521339
2025-08-14,HAR-RV,3,-9.5559821565806,-8.194653917366129,-1.3613282392144708
2025-08-15,HAR-RV,3,-8.156814886452334,-7.938775296039554,-0.2180395904127801
2025-08-16,HAR-RV,3,-8.142712241205171,-7.7511980588080105,-0.3915141823971604
2025-08-17,HAR-RV,3,-8.113278831395304,-7.8694125448455825,-0.24386628654972142
2025-08-18,HAR-RV,3,-8.175195141952578,-8.09186827706293,-0.08332686488964747
2025-08-19,HAR-RV,3,-7.391375071440983,-8.334593730708853,0.9432186592678704
2025-08-20,HAR-RV,3,-9.155666824013634,-8.515742941437487,-0.6399238825761469
2025-08-21,HAR-RV,3,-7.722034948084426,-8.476086557266118,0.7540516091816922
2025-08-22,HAR-RV,3,-7.330218334497994,-8.222030473499188,0.8918121390011944
2025-08-23,HAR-RV,3,-7.622910020795579,-7.99310009954765,0.37019007875207155
2025-08-24,HAR-RV,3,-8.082710716050025,-7.916378605316642,-0.16633211073338305
2025-08-25,HAR-RV,3,-8.403842583904545,-8.037352394125687,-0.36649018977885817
2025-08-26,HAR-RV,3,-8.0046493464786,-7.970817689418574,-0.03383165706002522
2025-08-27,HAR-RV,3,-9.133680845548108,-7.850808723250905,-1.2828721222972028
2025-08-28,HAR-RV,3,-9.177958657568531,-7.8965339724862265,-1.281424685082305
2025-08-29,HAR-RV,3,-7.953683190386181,-7.741903011202054,-0.21178017918412717
2025-08-30,HAR-RV,3,-7.872158994764496,-7.842335976854439,-0.029823017910056926
2025-08-31,HAR-RV,3,-8.182388144667684,-7.968515950607734,-0.21387219405994973
2025-09-01,HAR-RV,3,-8.292311256544016,-8.196885233277929,-0.09542602326608751
2025-09-02,HAR-RV,3,-8.049751286620033,-8.334850533377484,0.2850992467574507
2025-09-03,HAR-RV,3,-9.772848916168195,-8.265280609095955,-1.5075683070722405
2025-09-04,HAR-RV,3,-9.53452627568605,-8.252287696493,-1.2822385791930504
2025-09-05,HAR-RV,3,-8.677120971758,-8.11127334080295,-0.5658476309550515
2025-09-06,HAR-RV,3,-8.403115304394708,-7.976950089482329,-0.4261652149123796
2025-09-07,HAR-RV,3,-8.21218014894868,-8.032008660212586,-0.180171488736093
2025-09-08,HAR-RV,3,-8.499654294702792,-8.31357796382783,-0.18607633087496112
2025-09-09,HAR-RV,3,-8.617547509904476,-8.497773965265937,-0.11977354463853906
2025-09-10,HAR-RV,3,-9.831130650802836,-8.549216532485516,-1.281914118317319
2025-09-11,HAR-RV,3,-9.54978554808957,-8.59799060116811,-0.9517949469214599
2025-09-12,HAR-RV,3,-8.439814402280856,-8.368901142184635,-0.07091326009622101
2025-09-13,HAR-RV,3,-8.792523838198322,-8.222005732145877,-0.5705181060524449
2025-09-14,HAR-RV,3,-8.101310617641094,-8.236606049330897,0.13529543168980318
2025-09-15,HAR-RV,3,-8.766447689945338,-8.448999007834983,-0.3174486821103546
2025-09-16,HAR-RV,3,-9.267364905921823,-8.62975658229617,-0.6376083236256527
2025-09-17,HAR-RV,3,-10.6050280488101,-8.626884752799516,-1.9781432960105843
2025-09-18,HAR-RV,3,-10.133520913612236,-8.63866944239366,-1.4948514712185759
2025-09-19,HAR-RV,3,-7.891930026244774,-8.387320055801375,0.49539002955660116
2025-09-20,HAR-RV,3,-8.692216418426757,-8.288395152815564,-0.40382126561119236
2025-09-21,HAR-RV,3,-8.715111261187413,-8.442665169011793,-0.27244609217562044
2025-09-22,HAR-RV,3,-7.797766269227527,-8.710299635802988,0.9125333665754614
2025-09-23,HAR-RV,3,-8.199318457410062,-8.975029249487989,0.7757107920779269
2025-09-24,HAR-RV,3,-10.290127372923022,-8.857408062169483,-1.432719310753539
2025-09-25,HAR-RV,3,-9.254128583110203,-8.76887111893409,-0.4852574641761134
2025-09-26,HAR-RV,3,-8.541521038784206,-8.458768909727858,-0.0827521290563471
2025-09-27,HAR-RV,3,-8.603434629923894,-8.110340968173329,-0.49309366175056546
2025-09-28,HAR-RV,3,-8.240112062129832,-8.204323790114763,-0.0357882720150684
2025-09-29,HAR-RV,3,-8.296715658902626,-8.424937353422727,0.1282216945201018
2025-09-30,HAR-RV,3,-7.823921809963694,-8.491515266354693,0.6675934563909989
2025-10-01,HAR-RV,3,-9.45214532988536,-8.606736208114533,-0.8454091217708264
2025-10-02,HAR-RV,3,-7.695218782358524,-8.66019635078527,0.9649775684267459
2025-10-03,HAR-RV,3,-8.01510033381816,-8.347987979505469,0.33288764568730933
2025-10-04,HAR-RV,3,-7.842639336975692,-8.192702290003004,0.3500629530273116
2025-10-05,HAR-RV,3,-8.002081163490216,-8.124172179305269,0.12209101581505344
2025-10-06,HAR-RV,3,-8.012382804006961,-8.210029822313702,0.19764701830674092
2025-10-07,HAR-RV,3,-4.587612791666304,-8.135813245567903,3.5482004539015986
2025-10-08,HAR-RV,3,-7.115722376608375,-8.088817484357719,0.9730951077493444
2025-10-09,HAR-RV,3,-7.1264281234111495,-8.096072472843002,0.9696443494318521
2025-10-10,HAR-RV,3,-7.601098600323596,-7.875426076834047,0.2743274765104511
2025-10-11,HAR-RV,3,-7.344241412122854,-7.805266794573065,0.4610253824502104
2025-10-12,HAR-RV,3,-7.591723650096573,-7.356401903474522,-0.2353217466220512
2025-10-13,HAR-RV,3,-6.905012356907999,-7.2501419720884845,0.34512961518048524
2025-10-14,HAR-RV,3,-7.053262415309131,-7.133340963306997,0.08007854799786607
2025-10-15,HAR-RV,3,-8.645181515778779,-7.06333782064191,-1.581843695136869
2025-10-16,HAR-RV,3,-7.946925952270387,-7.496004249360988,-0.45092170290939926
2025-10-17,HAR-RV,3,-7.702435877483535,-7.551540603930623,-0.1508952735529121
2025-10-18,HAR-RV,3,-6.814365684609184,-7.528118899992566,0.7137532153833819
2025-10-19,HAR-RV,3,-7.329678651800407,-7.491020122630419,0.1613414708300125
2025-10-20,HAR-RV,3,-7.503043703626393,-7.669479037626229,0.16643533399983657
2025-10-21,HAR-RV,3,-8.016664491858316,-7.717438573192026,-0.29922591866629045
2025-10-22,HAR-RV,3,-9.436012357444428,-7.813757886685303,-1.6222544707591249
2025-10-23,HAR-RV,3,-8.127811371886041,-7.793677222753039,-0.33413414913300254
2025-10-24,HAR-RV,3,-8.31020361926275,-7.600497099066683,-0.7097065201960682
2025-10-25,HAR-RV,3,-7.874738990868753,-7.550964780214689,-0.3237742106540642
2025-10-26,HAR-RV,3,-7.054000148404952,-7.639964549218214,0.5859644008132623
2025-10-27,HAR-RV,3,-7.043093926149241,-7.998533061335209,0.9554391351859683
2025-10-28,HAR-RV,3,-7.299625987456839,-8.124320284054514,0.8246942965976753
2025-10-29,HAR-RV,3,-9.102269176611976,-8.23348850138676,-0.8687806752252172
2025-10-30,HAR-RV,3,-8.604699637140742,-8.18791685630963,-0.4167827808311113
2025-10-31,HAR-RV,3,-7.27163389114966,-7.8278332575831575,0.5561993664334972
2025-11-01,HAR-RV,3,-6.542526955726167,-7.671231508013979,1.1287045522878119
2025-11-02,HAR-RV,3,-7.130332009579842,-7.5610624537583915,0.43073044417854955
2025-11-03,HAR-RV,3,-7.168157359718235,-7.7336095227746355,0.5654521630564009
2025-11-04,HAR-RV,3,-7.037002738488869,-7.93438094827732,0.8973782097884504
2025-11-05,HAR-RV,3,-8.218470766094887,-7.950750417613808,-0.2677203484810793
2025-11-06,HAR-RV,3,-7.88633221123335,-7.851177093354422,-0.035155117878928444
2025-11-07,HAR-RV,3,-7.707023434157362,-7.551850884124396,-0.15517255003296615
2025-11-08,HAR-RV,3,-7.4421296812380255,-7.337611680307204,-0.10451800093082131
2025-11-09,HAR-RV,3,-7.572570868483227,-7.3321862001502,-0.24038466833302774
2025-11-10,HAR-RV,3,-7.0002820840938105,-7.578083929678792,0.5778018455849816
2025-11-11,HAR-RV,3,-6.384560789541653,-7.688212397251172,1.3036516077095186
2025-11-12,HAR-RV,3,-7.714310407924918,-7.763195792419167,0.04888538449424917
2025-11-13,HAR-RV,3,-7.175102452523699,-7.827791991314213,0.6526895387905141
2025-11-14,HAR-RV,3,-6.993087708054424,-7.715121115120648,0.722033407066224
2025-11-15,HAR-RV,3,-6.75464809359329,-7.561168086138591,0.8065199925453008
2025-11-16,HAR-RV,3,-6.988105858772633,-7.3802961174944794,0.3921902587218469
2025-11-17,HAR-RV,3,-6.842480066767818,-7.413749040399003,0.5712689736311853
2025-11-18,HAR-RV,3,-5.7867108645783665,-7.3483800614791805,1.561669196900814
2025-11-19,HAR-RV,3,-7.555518494073084,-7.343501507957187,-0.2120169861158967
2025-11-20,HAR-RV,3,-7.596708359678786,-7.406973255719894,-0.18973510395889193
2025-11-21,HAR-RV,3,-6.969901638005364,-7.290042006860191,0.320140368854827
2025-11-22,HAR-RV,3,-7.231650335428167,-7.197939182820529,-0.033711152607637906
2025-11-23,HAR-RV,3,-7.364305501511629,-7.047977065394925,-0.316328436116704
2025-11-24,HAR-RV,3,-7.879568199495125,-7.17738555156762,-0.7021826479275051
2025-11-25,HAR-RV,3,-7.694293783175389,-7.26043061836283,-0.4338631648125588
2025-11-26,HAR-RV,3,-8.832361523993656,-7.286944650165164,-1.5454168738284926
2025-11-27,HAR-RV,3,-8.56370363864505,-7.519279636611626,-1.0444240020334243
2025-11-28,HAR-RV,3,-6.7205038180139995,-7.500588153241931,0.7800843352279312
2025-11-29,HAR-RV,3,-7.166694063037643,-7.541471809999396,0.3747777469617528
2025-11-30,HAR-RV,3,-6.799725179739331,-7.681319597813701,0.8815944180743696
2025-12-01,HAR-RV,3,-7.278058894103278,-7.9263579021677195,0.6482990080644413
2025-12-02,HAR-RV,3,-7.384608832790334,-8.071909829470886,0.6873009966805528
2025-12-03,HAR-RV,3,-8.780922005770533,-7.900532107393233,-0.8803898983772998
2025-12-04,HAR-RV,3,-7.414740413919735,-7.80926724641751,0.39452683249777465
2025-12-05,HAR-RV,3,-7.457035504573326,-7.501278068104922,0.04424256353159617
2025-12-06,HAR-RV,3,-7.256857420158548,-7.294559401211764,0.03770198105321576
2025-12-07,HAR-RV,3,-7.058992929899828,-7.424381448033012,0.36538851813318374
2025-12-08,HAR-RV,3,-7.347794785273569,-7.648121344666711,0.3003265593931417
2025-12-09,HAR-RV,3,-7.561466219241837,-7.744047082793605,0.1825808635517676
2025-12-10,HAR-RV,3,-9.696511840594232,-7.768105483480049,-1.9284063571141825
2025-12-11,HAR-RV,3,-8.293293428630856,-7.744854240815848,-0.5484391878150072
2025-12-12,HAR-RV,3,-7.227863026447627,-7.484466126703618,0.2566031002559903
2025-12-13,HAR-RV,3,-7.710960999236119,-7.478979653234959,-0.2319813460011595
2025-12-14,HAR-RV,3,-6.682453263792524,-7.538702674045827,0.8562494102533034
2025-12-15,HAR-RV,3,-6.740374624315311,-7.890180759292708,1.1498061349773971
2025-12-16,HAR-RV,3,-7.020317942574881,-8.060724169023723,1.0404062264488427
2025-12-17,HAR-RV,3,-9.6115694039447,-8.05189252306106,-1.5596768808836394
2025-12-18,HAR-RV,3,-8.628519475678901,-8.054671434200339,-0.5738480414785627
2025-12-19,HAR-RV,3,-7.534308322325102,-7.587622713186895,0.053314390861793015
2025-12-20,HAR-RV,3,-7.663101554070803,-7.348817210466966,-0.3142843436038367
2025-12-21,HAR-RV,3,-8.228128764798534,-7.356724470283859,-0.8714042945146749
2025-12-22,HAR-RV,3,-8.643584150115842,-7.639472559608956,-1.004111590506886
2025-12-23,HAR-RV,3,-7.837277913270711,-7.927612133449758,0.09033422017904691
2025-12-24,HAR-RV,3,-10.1372374475085,-8.054148202916142,-2.083089244592358
2024-06-29,HAR-RV,5,-6.7568326341271066,-7.756397625533148,0.9995649914060412
2024-06-30,HAR-RV,5,-6.028709939198225,-8.19685435591349,2.1681444167152657
2024-07-01,HAR-RV,5,-7.82183717488344,-7.969857381912894,0.14802020702945473
2024-07-02,HAR-RV,5,-7.599232953126869,-7.94987212374317,0.3506391706163017
2024-07-03,HAR-RV,5,-6.2016000220281144,-8.065786435080959,1.8641864130528445
2024-07-04,HAR-RV,5,-7.13201098663784,-7.860317297552961,0.7283063109151211
2024-07-05,HAR-RV,5,-7.364155934126495,-7.534236117038704,0.1700801829122094
2024-07-06,HAR-RV,5,-6.970855511693713,-7.2337893578185435,0.26293384612483006
2024-07-07,HAR-RV,5,-7.461112349654011,-7.639466228285452,0.1783538786314418
2024-07-08,HAR-RV,5,-8.001579020126183,-7.522674107060579,-0.47890491306560357
2024-07-09,HAR-RV,5,-7.503141944073601,-7.091912760079193,-0.4112291839944078
2024-07-10,HAR-RV,5,-7.10151927124952,-7.323522487477412,0.22200321622789154
2024-07-11,HAR-RV,5,-6.8751174522895955,-7.455095883918734,0.5799784316291383
2024-07-12,HAR-RV,5,-7.273310670983561,-7.303066862445341,0.029756191461780546
2024-07-13,HAR-RV,5,-7.590004120123674,-7.405000408911954,-0.18500371121171977
2024-07-14,HAR-RV,5,-7.361953880672214,-7.630810365000139,0.26885648432792486
2024-07-15,HAR-RV,5,-8.183252874840827,-7.509328288545729,-0.6739245862950982
2024-07-16,HAR-RV,5,-7.540508981035038,-7.380631736829694,-0.15987724420534377
2024-07-17,HAR-RV,5,-7.831068909072291,-7.323344160185645,-0.5077247488866465
2024-07-18,HAR-RV,5,-7.504319171318432,-7.405270425675291,-0.09904874564314081
2024-07-19,HAR-RV,5,-7.715830478728725,-7.452853114979971,-0.262977363748754
2024-07-20,HAR-RV,5,-7.1111013620300145,-7.387362298250628,0.27626093622061365
2024-07-21,HAR-RV,5,-7.731151246587125,-7.638601852789828,-0.09254939379729699
2024-07-22,HAR-RV,5,-6.6745965844828605,-7.510098891479708,0.8355023069968475
2024-07-23,HAR-RV,5,-8.297723232050007,-7.604832442778289,-0.6928907892717184
2024-07-24,HAR-RV,5,-7.220642471062432,-7.519571517785188,0.29892904672275566
2024-07-25,HAR-RV,5,-7.567743991658627,-7.579628658018067,0.011884666359439855
2024-07-26,HAR-RV,5,-7.537578973039193,-7.376946938697933,-0.16063203434126017
2024-07-27,HAR-RV,5,-7.134693601377736,-7.5461191840750885,0.41142558269735297
2024-07-28,HAR-RV,5,-6.728020741506768,-7.24884802808096,0.5208272865741925
2024-07-29,HAR-RV,5,-7.102715268773577,-7.666974942313162,0.5642596735395857
2024-07-30,HAR-RV,5,-6.901570663299103,-7.3905661080094545,0.4889954447103513
2024-07-31,HAR-RV,5,-4.331832929576587,-7.509571616632092,3.1777386870555056
2024-08-01,HAR-RV,5,-6.129507554817753,-7.496385222886711,1.366877668068958
2024-08-02,HAR-RV,5,-6.56821202032419,-7.427784179918987,0.8595721595947969
2024-08-03,HAR-RV,5,-5.881456842610719,-7.242366431198261,1.3609095885875417
2024-08-04,HAR-RV,5,-6.5521594278707,-7.317496061326289,0.7653366334555889
2024-08-05,HAR-RV,5,-8.164746233335169,-7.223519283655432,-0.941226949679737
2024-08-06,HAR-RV,5,-7.347966273268356,-6.429291927015063,-0.9186743462532929
2024-08-07,HAR-RV,5,-6.301581779560638,-6.774150583542112,0.47256880398147416
2024-08-08,HAR-RV,5,-7.032064393779834,-6.862173573479175,-0.16989082030065905
2024-08-09,HAR-RV,5,-7.145182948564176,-6.6242234296950455,-0.5209595188691303
2024-08-10,HAR-RV,5,-6.782869713050387,-6.749787810752618,-0.033081902297769084
2024-08-11,HAR-RV,5,-6.993243057300741,-7.3291837290650905,0.33594067176434983
2024-08-12,HAR-RV,5,-8.93414336978374,-7.201395347234187,-1.7327480225495533
2024-08-13,HAR-RV,5,-8.090430304827276,-6.9372464720547615,-1.1531838327725144
2024-08-14,HAR-RV,5,-7.395852713362074,-7.155252137703798,-0.2406005756582763
2024-08-15,HAR-RV,5,-7.252727153074581,-7.208780206494763,-0.043946946579818125
2024-08-16,HAR-RV,5,-7.122737507461557,-7.042190119713414,-0.08054738774814307
2024-08-17,HAR-RV,5,-7.663977474896019,-7.072782217621266,-0.5911952572747534
2024-08-18,HAR-RV,5,-6.8510987312401355,-7.66355522292634,0.8124564916862047
2024-08-19,HAR-RV,5,-8.299722443510342,-7.546295070733058,-0.753427372777284
2024-08-20,HAR-RV,5,-8.590906417273768,-7.393580916939016,-1.1973255003347516
2024-08-21,HAR-RV,5,-7.848062431939034,-7.386942201524223,-0.461120230414811
2024-08-22,HAR-RV,5,-6.578074293173222,-7.359725856196173,0.781651563022951
2024-08-23,HAR-RV,5,-6.625319225980788,-7.4147303240324165,0.7894110980516285
2024-08-24,HAR-RV,5,-7.220716390846805,-7.161533851858492,-0.05918253898831338
2024-08-25,HAR-RV,5,-7.355348084977686,-7.5502741236497535,0.19492603867206704
2024-08-26,HAR-RV,5,-9.250891127347398,-7.70380017286244,-1.5470909544849576
2024-08-27,HAR-RV,5,-7.427050700993551,-7.588083908083075,0.16103320708952396
2024-08-28,HAR-RV,5,-7.578986184704846,-7.272087652127851,-0.3068985325769944
2024-08-29,HAR-RV,5,-7.813351757199836,-7.276006601517842,-0.5373451556819937
2024-08-30,HAR-RV,5,-6.5034602127886165,-7.35777711087572,0.8543168980871032
2024-08-31,HAR-RV,5,-6.940360945467537,-7.337981750414038,0.39762080494650043
2024-09-01,HAR-RV,5,-6.522114937682515,-7.86910130061052,1.3469863629280052
2024-09-02,HAR-RV,5,-8.259113009436971,-7.4975516984126305,-0.7615613110243409
2024-09-03,HAR-RV,5,-7.6986759889953715,-7.585784879880532,-0.11289110911483924
2024-09-04,HAR-RV,5,-7.142083192560166,-7.687152774836547,0.5450695822763807
2024-09-05,HAR-RV,5,-7.454039970224542,-7.341262568399518,-0.11277740182502427
2024-09-06,HAR-RV,5,-6.9566648361472945,-7.312078656537984,0.35541382039068914
2024-09-07,HAR-RV,5,-7.375311173852939,-7.17032237215185,-0.2049888017010888
2024-09-08,HAR-RV,5,-7.641682246432809,-7.602161973257029,-0.03952027317577933
2024-09-09,HAR-RV,5,-8.772444578271369,-7.45994224727393,-1.3125023309974386
2024-09-10,HAR-RV,5,-8.222190817885775,-7.363989120107614,-0.8582016977781608
2024-09-11,HAR-RV,5,-7.505284819602623,-7.461774884854693,-0.04350993474792997
2024-09-12,HAR-RV,5,-7.206662096750963,-7.374227337374465,0.1675652406235013
2024-09-13,HAR-RV,5,-7.000512980515621,-7.418810941828283,0.4182979613126614
2024-09-14,HAR-RV,5,-7.40385524870723,-7.471961210401292,0.06810596169406224
2024-09-15,HAR-RV,5,-7.62533614746632,-7.830160755630399,0.20482460816407944
2024-09-16,HAR-RV,5,-9.118912980170885,-7.754285881298777,-1.3646270988721074
2024-09-17,HAR-RV,5,-8.210854186197356,-7.6191039682436195,-0.5917502179537362
2024-09-18,HAR-RV,5,-7.594933488516639,-7.538065396651574,-0.056868091865064585
2024-09-19,HAR-RV,5,-7.695982377007085,-7.461298467819463,-0.2346839091876216
2024-09-20,HAR-RV,5,-7.912236774178686,-7.47850613662889,-0.4337306375497958
2024-09-21,HAR-RV,5,-7.548593418115738,-7.5056461135562484,-0.042947304559489474
2024-09-22,HAR-RV,5,-8.156771512470494,-7.943599752188568,-0.21317176028192542
2024-09-23,HAR-RV,5,-9.137411157807458,-7.79237816441912,-1.3450329933883376
2024-09-24,HAR-RV,5,-9.22010927366513,-7.693532900213132,-1.5265763734519986
2024-09-25,HAR-RV,5,-7.657672162115085,-7.733712299297072,0.07604013718198743
2024-09-26,HAR-RV,5,-7.16418081548918,-7.798636275068671,0.6344554595794909
2024-09-27,HAR-RV,5,-6.873239201215958,-7.638715617641625,0.7654764164256669
2024-09-28,HAR-RV,5,-7.372161845921349,-7.783119379319585,0.4109575333982356
2024-09-29,HAR-RV,5,-7.762377171311247,-8.114913350095115,0.35253617878386834
2024-09-30,HAR-RV,5,-9.410517858234718,-8.230968349623733,-1.1795495086109842
2024-10-01,HAR-RV,5,-8.859802514595454,-7.870952101241287,-0.9888504133541671
2024-10-02,HAR-RV,5,-7.354846982929903,-7.739992398817539,0.38514541588763596
2024-10-03,HAR-RV,5,-7.717832727168758,-7.5956870210479766,-0.12214570612078113
2024-10-04,HAR-RV,5,-7.9430170498383745,-7.60776303197731,-0.33525401786106457
2024-10-05,HAR-RV,5,-7.587117550241822,-7.614223765398724,0.027106215156901925
2024-10-06,HAR-RV,5,-7.8173580785041725,-8.09780293485021,0.2804448563460369
2024-10-07,HAR-RV,5,-8.746814229333626,-8.075971153264227,-0.6708430760693993
2024-10-08,HAR-RV,5,-8.44461347063351,-7.763227110340709,-0.6813863602928008
2024-10-09,HAR-RV,5,-7.511216222523129,-7.865627569415038,0.3544113468919088
2024-10-10,HAR-RV,5,-6.879154515339575,-7.9331510772688745,1.0539965619292992
2024-10-11,HAR-RV,5,-7.561391084229369,-7.754020523826245,0.1926294395968764
2024-10-12,HAR-RV,5,-7.954807249048968,-7.747555162468167,-0.20725208658080074
2024-10-13,HAR-RV,5,-7.899727601495052,-8.045590507365148,0.14586290587009554
2024-10-14,HAR-RV,5,-9.798785632524316,-8.014237990882528,-1.7845476416417885
2024-10-15,HAR-RV,5,-9.000277471682907,-7.7752814975559925,-1.224995974126914
2024-10-16,HAR-RV,5,-7.724745468477852,-7.586940414796093,-0.13780505368175877
2024-10-17,HAR-RV,5,-7.774179791525233,-7.722049922772562,-0.05212986875267145
2024-10-18,HAR-RV,5,-7.863362515397026,-7.763666296404104,-0.09969621899292225
2024-10-19,HAR-RV,5,-8.018551193752419,-7.727101767847795,-0.29144942590462364
2024-10-20,HAR-RV,5,-6.898530866282754,-8.296686092025094,1.3981552257423404
2024-10-21,HAR-RV,5,-8.921658190779526,-8.243144643470796,-0.6785135473087305
2024-10-22,HAR-RV,5,-9.079636360099444,-7.9563084631970264,-1.1233278969024179
2024-10-23,HAR-RV,5,-7.784069601964099,-7.957787074496221,0.17371747253212266
2024-10-24,HAR-RV,5,-7.368623299413477,-7.982172849476103,0.6135495500626265
2024-10-25,HAR-RV,5,-7.512997901045132,-7.923352726620824,0.41035482557569214
2024-10-26,HAR-RV,5,-7.671750079550882,-7.551939329171419,-0.11981075037946276
2024-10-27,HAR-RV,5,-6.998467037027406,-8.070336112419707,1.0718690753923008
2024-10-28,HAR-RV,5,-8.813773417610177,-8.178841166724702,-0.6349322508854751
2024-10-29,HAR-RV,5,-7.784664629556363,-7.8845310640860795,0.09986643452971666
2024-10-30,HAR-RV,5,-7.509206844606907,-7.756467974771405,0.2472611301644978
2024-10-31,HAR-RV,5,-7.320254941313007,-7.822157844496486,0.5019029031834785
2024-11-01,HAR-RV,5,-6.357178323463686,-7.7794206736932345,1.4222423502295483
2024-11-02,HAR-RV,5,-7.505193457512192,-7.499578601147869,-0.005614856364323018
2024-11-03,HAR-RV,5,-7.882091528500882,-7.961542586252321,0.0794510577514389
2024-11-04,HAR-RV,5,-8.951124037321541,-7.756008395838509,-1.1951156414830324
2024-11-05,HAR-RV,5,-6.982350958300895,-7.687611701483566,0.705260743182671
2024-11-06,HAR-RV,5,-6.610143513022823,-7.623999743028358,1.0138562300055352
2024-11-07,HAR-RV,5,-5.89742196217559,-7.3732624178986335,1.4758404557230431
2024-11-08,HAR-RV,5,-5.970825445834223,-7.540991379657419,1.570165933823196
2024-11-09,HAR-RV,5,-6.298780197423048,-7.622467200468499,1.3236870030454506
2024-11-10,HAR-RV,5,-6.69026855754187,-7.9545590767881285,1.2642905192462583
2024-11-11,HAR-RV,5,-7.962925402749825,-7.475754567993356,-0.48717083475646916
2024-11-12,HAR-RV,5,-7.719913234094788,-7.387814788735045,-0.3320984453597431
2024-11-13,HAR-RV,5,-6.813641525214108,-7.117073613056174,0.303432087842066
2024-11-14,HAR-RV,5,-7.123061515534054,-7.001039531770619,-0.12202198376343532
2024-11-15,HAR-RV,5,-7.349584827177568,-6.898152609255039,-0.4514322179225294
2024-11-16,HAR-RV,5,-6.9277588146226785,-6.954597021148498,0.026838206525819253
2024-11-17,HAR-RV,5,-7.639603303246092,-7.319738130556914,-0.3198651726891786
2024-11-18,HAR-RV,5,-8.458730870211758,-7.370129241323754,-1.0886016288880036
2024-11-19,HAR-RV,5,-7.906636805257383,-7.208783030177327,-0.6978537750800564
2024-11-20,HAR-RV,5,-6.845783544407805,-7.32021511940362,0.47443157499581456
2024-11-21,HAR-RV,5,-6.704121318827724,-7.409300525711279,0.705179206883555
2024-11-22,HAR-RV,5,-7.421131408187987,-7.249924793148025,-0.1712066150399627
2024-11-23,HAR-RV,5,-7.777480941685613,-7.400827976574095,-0.3766529651115178
2024-11-24,HAR-RV,5,-7.7915055329164575,-7.689208696286812,-0.1022968366296455
2024-11-25,HAR-RV,5,-8.944575839059315,-7.610924868173261,-1.3336509708860538
2024-11-26,HAR-RV,5,-8.526681786585359,-7.345022142724837,-1.1816596438605211
2024-11-27,HAR-RV,5,-7.2277762188452845,-7.29400436817062,0.06622814932533583
2024-11-28,HAR-RV,5,-7.477860175072574,-7.434941952691335,-0.04291822238123899
2024-11-29,HAR-RV,5,-7.352016227925319,-7.482105187595332,0.13008895967001255
2024-11-30,HAR-RV,5,-5.520755763032788,-7.490491579330081,1.9697358162972929
2024-12-01,HAR-RV,5,-7.056676956855624,-7.874654196951189,0.8179772400955656
2024-12-02,HAR-RV,5,-8.28612317218258,-7.893811690133472,-0.3923114820491076
2024-12-03,HAR-RV,5,-8.152794625419403,-7.606386895494601,-0.5464077299248027
2024-12-04,HAR-RV,5,-6.452164940538162,-7.648608851464058,1.196443910925896
2024-12-05,HAR-RV,5,-6.668355412158304,-7.606762097370651,0.9384066852123469
2024-12-06,HAR-RV,5,-7.380414836630238,-7.001332511771897,-0.3790823248583406
2024-12-07,HAR-RV,5,-7.347004798406336,-7.245276598327023,-0.10172820007931271
2024-12-08,HAR-RV,5,-7.800269430130499,-7.580773128971912,-0.21949630115858731
2024-12-09,HAR-RV,5,-8.329129180116265,-7.596077445110808,-0.7330517350054571
2024-12-10,HAR-RV,5,-7.954173621957407,-7.174664943517032,-0.7795086784403749
2024-12-11,HAR-RV,5,-7.167863912303163,-7.2892698006609535,0.1214058883577902
2024-12-12,HAR-RV,5,-7.46114260237137,-7.460144056870471,-0.000998545500899617
2024-12-13,HAR-RV,5,-6.653480385951037,-7.395316650593496,0.7418362646424583
2024-12-14,HAR-RV,5,-6.215955295754829,-7.479873404341865,1.2639181085870366
2024-12-15,HAR-RV,5,-6.2286006577328035,-7.710883566926541,1.4822829091937377
2024-12-16,HAR-RV,5,-7.472773492215739,-7.705690862304879,0.23291737008913938
2024-12-17,HAR-RV,5,-7.349660055218582,-7.521037466176745,0.17137741095816317
2024-12-18,HAR-RV,5,-6.8404400613287955,-7.594897089330236,0.7544570280014407
2024-12-19,HAR-RV,5,-7.374187208078972,-7.354894638210112,-0.019292569868859744
2024-12-20,HAR-RV,5,-7.715762789103233,-7.124421992579936,-0.5913407965232969
2024-12-21,HAR-RV,5,-7.307697534873444,-7.005149367017672,-0.30254816785577265
2024-12-22,HAR-RV,5,-7.106588924470662,-7.277149004500036,0.17056008002937428
2024-12-23,HAR-RV,5,-8.634132442724063,-7.230786899926867,-1.4033455427971955
2024-12-24,HAR-RV,5,-8.326756050975344,-7.1223817089991055,-1.204374341976239
2024-12-25,HAR-RV,5,-7.3543943334481,-7.304476885099975,-0.049917448348125504
2024-12-26,HAR-RV,5,-7.276893060792656,-7.467952305965843,0.19105924517318762
2024-12-27,HAR-RV,5,-8.238782332690736,-7.373434183656895,-0.8653481490338413
2024-12-28,HAR-RV,5,-7.367896287600902,-7.336833225946646,-0.03106306165425643
2024-12-29,HAR-RV,5,-8.097617541330267,-7.7760463322291935,-0.32157120910107384
2024-12-30,HAR-RV,5,-9.19804542909942,-7.770445152827233,-1.4276002762721864
2024-12-31,HAR-RV,5,-8.787325094170878,-7.539984292174962,-1.2473408019959162
2025-01-01,HAR-RV,5,-7.415021751205516,-7.529248879636909,0.11422712843139315
2025-01-02,HAR-RV,5,-7.590481289361926,-7.8110220448442895,0.22054075548236352
2025-01-03,HAR-RV,5,-6.90681582272137,-7.553585147388037,0.6467693246666668
2025-01-04,HAR-RV,5,-6.968115739055578,-7.704055998646985,0.7359402595914073
2025-01-05,HAR-RV,5,-6.709305206835529,-8.058876785117599,1.3495715782820703
2025-01-06,HAR-RV,5,-8.995729032967116,-8.068446428129906,-0.9272826048372096
2025-01-07,HAR-RV,5,-8.852150045924287,-7.725830757853926,-1.126319288070361
2025-01-08,HAR-RV,5,-6.553319507908563,-7.779734230812186,1.2264147229036224
2025-01-09,HAR-RV,5,-7.303486208762694,-7.559161055222348,0.2556748464596543
2025-01-10,HAR-RV,5,-7.312096925574036,-7.438951655441766,0.1268547298677305
2025-01-11,HAR-RV,5,-7.391486709026281,-7.260124318859496,-0.13136239016678442
2025-01-12,HAR-RV,5,-7.511145310148465,-7.855545562445104,0.34440025229663895
2025-01-13,HAR-RV,5,-7.438401020768668,-7.915064316129036,0.47666329536036756
2025-01-14,HAR-RV,5,-6.148112404271952,-7.409202634650981,1.261090230379029
2025-01-15,HAR-RV,5,-5.214773987217453,-7.5895459810003345,2.3747719937828817
2025-01-16,HAR-RV,5,-6.34915971482197,-7.628011557698736,1.2788518428767661
2025-01-17,HAR-RV,5,-7.594519813201731,-7.542811019305156,-0.05170879389657479
2025-01-18,HAR-RV,5,-5.989812005402478,-7.483757832030196,1.4939458266277175
2025-01-19,HAR-RV,5,-7.355564283258395,-7.525395093290935,0.16983081003253986
2025-01-20,HAR-RV,5,-8.788612678268954,-7.15801053664054,-1.6306021416284144
2025-01-21,HAR-RV,5,-8.623226788453762,-6.8042134961441105,-1.8190132923096511
2025-01-22,HAR-RV,5,-6.548166225847454,-6.975538094551257,0.42737186870380306
2025-01-23,HAR-RV,5,-7.335119722465245,-7.250398502695203,-0.08472121977004132
2025-01-24,HAR-RV,5,-7.350021545427285,-6.799229150605043,-0.550792394822242
2025-01-25,HAR-RV,5,-7.86523565131056,-7.160759463285713,-0.7044761880248478
2025-01-26,HAR-RV,5,-7.64515655585875,-7.687274614385497,0.04211805852674644
2025-01-27,HAR-RV,5,-8.395509658549456,-7.797137698873283,-0.5983719596761725
2025-01-28,HAR-RV,5,-7.035755186208709,-7.293474998868963,0.25771981266025445
2025-01-29,HAR-RV,5,-5.95199845728886,-7.539228083024025,1.5872296257351648
2025-01-30,HAR-RV,5,-6.579587906443687,-7.540128244243621,0.9605403377999338
2025-01-31,HAR-RV,5,-7.222214210843608,-7.59138001587619,0.36916580503258256
2025-02-01,HAR-RV,5,-7.456911400328808,-7.485460279085005,0.028548878756196494
2025-02-02,HAR-RV,5,-7.097257483150888,-7.770281892409104,0.6730244092582156
2025-02-03,HAR-RV,5,-8.810076811866075,-7.456215902986524,-1.3538609088795512
2025-02-04,HAR-RV,5,-8.10773415201615,-7.122036307499317,-0.9856978445168325
2025-02-05,HAR-RV,5,-7.786812840962016,-7.16981998019214,-0.6169928607698756
2025-02-06,HAR-RV,5,-8.095685364957285,-7.274716516264917,-0.8209688486923685
2025-02-07,HAR-RV,5,-6.962691557561749,-7.264514332047533,0.30182277448578354
2025-02-08,HAR-RV,5,-7.850939573833918,-7.198021948244322,-0.6529176255895957
2025-02-09,HAR-RV,5,-7.6048640411791055,-7.736353050543405,0.13148900936429975
2025-02-10,HAR-RV,5,-9.31204237724052,-7.699964278889187,-1.6120780983513328
2025-02-11,HAR-RV,5,-9.354075786569943,-7.684207465986741,-1.669868320583202
2025-02-12,HAR-RV,5,-8.328308753403542,-7.8083150278021,-0.5199937256014424
2025-02-13,HAR-RV,5,-7.735386570485104,-7.577075054976912,-0.158311515508192
2025-02-14,HAR-RV,5,-8.074161026658576,-7.694369930718442,-0.37979109594013405
2025-02-15,HAR-RV,5,-8.388064413225592,-7.626950419354112,-0.7611139938714802
2025-02-16,HAR-RV,5,-7.422492670788367,-8.08594628438832,0.6634536135999536
2025-02-17,HAR-RV,5,-9.351071668633756,-8.181191035028823,-1.169880633604933
2025-02-18,HAR-RV,5,-9.327182940847992,-8.061708547022096,-1.2654743938258957
2025-02-19,HAR-RV,5,-7.366790273234517,-7.9426195294800195,0.5758292562455027
2025-02-20,HAR-RV,5,-6.241011939761488,-8.047123162482674,1.806111222721186
2025-02-21,HAR-RV,5,-6.08442226100039,-8.057031164245304,1.9726089032449137
2025-02-22,HAR-RV,5,-6.878853344044446,-7.734466984700542,0.8556136406560961
2025-02-23,HAR-RV,5,-5.588570041559089,-8.203866716855899,2.6152966752968094
2025-02-24,HAR-RV,5,-7.482186017843935,-8.309951204494645,0.8277651866507103
2025-02-25,HAR-RV,5,-6.026685262486463,-7.8678231488442885,1.8411378863578252
2025-02-26,HAR-RV,5,-6.005721130764149,-7.49969786559861,1.4939767348344608
2025-02-27,HAR-RV,5,-5.832575425345344,-7.376520997513334,1.5439455721679902
2025-02-28,HAR-RV,5,-6.528431978871631,-7.372340584456343,0.843908605584712
2025-03-01,HAR-RV,5,-6.412729998936713,-6.846525450815171,0.43379545187845814
2025-03-02,HAR-RV,5,-5.651155219226064,-7.251397972048233,1.6002427528221688
2025-03-03,HAR-RV,5,-7.82002049036847,-6.916821860867403,-0.903198629501067
2025-03-04,HAR-RV,5,-7.116223896566312,-6.894438454469437,-0.22178544209687434
2025-03-05,HAR-RV,5,-5.949376876735946,-6.779716935871102,0.830340059135156
2025-03-06,HAR-RV,5,-6.2051256349718855,-6.974963415875033,0.7698377809031474
2025-03-07,HAR-RV,5,-6.9226794457074154,-6.879445332150402,-0.043234113557013565
2025-03-08,HAR-RV,5,-7.250092425539886,-6.673693473306418,-0.5763989522334683
2025-03-09,HAR-RV,5,-7.447118934719969,-7.244764778602556,-0.20235415611741292
2025-03-10,HAR-RV,5,-8.898459551988159,-7.169640076639106,-1.7288194753490531
2025-03-11,HAR-RV,5,-7.329432996679352,-6.869703779709767,-0.4597292169695848
2025-03-12,HAR-RV,5,-7.67080326390782,-6.897364510944879,-0.7734387529629414
2025-03-13,HAR-RV,5,-7.616041619926752,-7.1251143991373285,-0.4909272207894233
2025-03-14,HAR-RV,5,-7.472221310413124,-7.151393881567019,-0.3208274288461048
2025-03-15,HAR-RV,5,-7.439639310421675,-7.214018380709108,-0.22562092971256664
2025-03-16,HAR-RV,5,-7.976296204139535,-7.7092722404758955,-0.26702396366363956
2025-03-17,HAR-RV,5,-9.81200323221424,-7.444160572606623,-2.367842659607617
2025-03-18,HAR-RV,5,-8.77472856117907,-7.55196550198161,-1.2227630591974608
2025-03-19,HAR-RV,5,-7.738805643991428,-7.565321877249064,-0.17348376674236476
2025-03-20,HAR-RV,5,-7.907900185694711,-7.544664870923697,-0.3632353147710141
2025-03-21,HAR-RV,5,-7.926440425992742,-7.453833006550762,-0.4726074194419798
2025-03-22,HAR-RV,5,-8.15773669999174,-7.628408845364502,-0.5293278546272369
2025-03-23,HAR-RV,5,-7.842789124023152,-8.165906264311342,0.32311714028818983
2025-03-24,HAR-RV,5,-8.003994184702773,-8.03833517352755,0.034340988824776986
2025-03-25,HAR-RV,5,-8.165887428032145,-7.854025779591705,-0.3118616484404395
2025-03-26,HAR-RV,5,-7.254418259891095,-7.929336645847585,0.6749183859564907
2025-03-27,HAR-RV,5,-7.756757128271761,-7.940623922719739,0.1838667944479786
2025-03-28,HAR-RV,5,-6.587482790091052,-7.8863767316980296,1.2988939416069778
2025-03-29,HAR-RV,5,-7.252194880144823,-7.765864718244943,0.5136698381001201
2025-03-30,HAR-RV,5,-6.63516370951007,-7.828528844231686,1.193365134721616
2025-03-31,HAR-RV,5,-8.681969956851141,-7.880252699789688,-0.801717257061453
2025-04-01,HAR-RV,5,-7.188412492677708,-7.651276085233199,0.46286359255549137
2025-04-02,HAR-RV,5,-5.629049006791348,-7.736816216749514,2.1077672099581655
2025-04-03,HAR-RV,5,-6.933967406336497,-7.418358676344712,0.48439127000821536
2025-04-04,HAR-RV,5,-5.92065466170989,-7.506134750472579,1.5854800887626883
2025-04-05,HAR-RV,5,-7.031037787314499,-7.2689973277103475,0.2379595403958481
2025-04-06,HAR-RV,5,-7.032090018849573,-7.789527019214099,0.7574370003645265
2025-04-07,HAR-RV,5,-7.79990038655869,-7.436613383375003,-0.3632870031836868
2025-04-08,HAR-RV,5,-7.287263687197286,-7.044628231452505,-0.2426354557447814
2025-04-09,HAR-RV,5,-7.167014962280521,-7.288055754352807,0.1210407920722858
2025-04-10,HAR-RV,5,-7.777788884630375,-7.0242890060469,-0.753499878583475
2025-04-11,HAR-RV,5,-7.413189676387737,-7.141800727319606,-0.2713889490681307
2025-04-12,HAR-RV,5,-8.268721841318316,-7.131322872953771,-1.1373989683645442
2025-04-13,HAR-RV,5,-9.681279444888752,-7.428590442803354,-2.252689002085398
2025-04-14,HAR-RV,5,-9.171548905690758,-7.334649637963083,-1.8368992677276745
2025-04-15,HAR-RV,5,-9.01552740253416,-7.383677237388593,-1.6318501651455666
2025-04-16,HAR-RV,5,-7.457356285992482,-7.556760222728132,0.09940393673564962
2025-04-17,HAR-RV,5,-6.979201722253075,-7.505246336005848,0.5260446137527728
2025-04-18,HAR-RV,5,-7.403345870725576,-7.711310921692551,0.3079650509669749
2025-04-19,HAR-RV,5,-8.021045389721651,-8.16912347207518,0.14807808235352837
2025-04-20,HAR-RV,5,-7.797960553044787,-8.194521838669633,0.3965612856248466
2025-04-21,HAR-RV,5,-8.912576429259436,-8.244350597593058,-0.6682258316663781
2025-04-22,HAR-RV,5,-8.579169330655771,-7.918512750425824,-0.6606565802299471
2025-04-23,HAR-RV,5,-7.92097208375074,-7.737583853764175,-0.1833882299865648
2025-04-24,HAR-RV,5,-8.087519781534887,-7.6829969352297285,-0.40452284630515845
2025-04-25,HAR-RV,5,-8.023455793775357,-7.7486380968556166,-0.27481769691974023
2025-04-26,HAR-RV,5,-8.09456339337235,-7.633959895803633,-0.46060349756871766
2025-04-27,HAR-RV,5,-8.294066343106515,-7.968670086231545,-0.32539625687496976
2025-04-28,HAR-RV,5,-9.46541060137628,-8.001350483104758,-1.4640601182715223
2025-04-29,HAR-RV,5,-8.596552100361416,-7.902450741082071,-0.6941013592793448
2025-04-30,HAR-RV,5,-8.166003817373237,-7.954027819798418,-0.211975997574819
2025-05-01,HAR-RV,5,-8.013724640481898,-7.960942874699114,-0.05278176578278426
2025-05-02,HAR-RV,5,-7.894201229610753,-7.9349456176121524,0.04074438800139912
2025-05-03,HAR-RV,5,-7.474703553304063,-7.9696296454785625,0.49492609217449957
2025-05-04,HAR-RV,5,-7.7544076279684,-8.325393454196107,0.5709858262277061
2025-05-05,HAR-RV,5,-8.51169203750711,-8.180068232156021,-0.3316238053510894
2025-05-06,HAR-RV,5,-7.894756830708296,-8.103592684625296,0.20883585391699988
2025-05-07,HAR-RV,5,-7.171315375183232,-8.070981569912934,0.8996661947297024
2025-05-08,HAR-RV,5,-7.898122089143746,-8.021179139161124,0.12305705001737799
2025-05-09,HAR-RV,5,-8.318310440418038,-7.807285605768868,-0.5110248346491701
2025-05-10,HAR-RV,5,-7.7147571999584414,-7.817137171869181,0.10237997191073944
2025-05-11,HAR-RV,5,-8.244800643227538,-7.986841971292403,-0.25795867193513544
2025-05-12,HAR-RV,5,-8.88548365814237,-7.847530683614196,-1.0379529745281735
2025-05-13,HAR-RV,5,-7.9130966647344225,-7.645644574182979,-0.26745209055144326
2025-05-14,HAR-RV,5,-7.475391981698435,-7.822223719925884,0.3468317382274497
2025-05-15,HAR-RV,5,-7.413492676031776,-7.949919221538708,0.5364265455069317
2025-05-16,HAR-RV,5,-6.9048202411259405,-7.778656676101435,0.8738364349754946
2025-05-17,HAR-RV,5,-7.5998782354004675,-7.906941686482108,0.3070634510816408
2025-05-18,HAR-RV,5,-7.443883442529285,-8.15350586397409,0.7096224214448048
2025-05-19,HAR-RV,5,-8.225636513265073,-7.953609743592874,-0.2720267696721992
2025-05-20,HAR-RV,5,-8.196992018610825,-7.804856379946471,-0.39213563866435397
2025-05-21,HAR-RV,5,-8.288440304342084,-7.770191130416431,-0.5182491739256525
2025-05-22,HAR-RV,5,-7.940076582517803,-7.574239122754284,-0.36583745976351967
2025-05-23,HAR-RV,5,-8.336031186903472,-7.628166894370004,-0.7078642925334684
2025-05-24,HAR-RV,5,-7.769467517478563,-7.566054480011261,-0.20341303746730155
2025-05-25,HAR-RV,5,-7.728674501465333,-7.770770030217939,0.042095528752605915
2025-05-26,HAR-RV,5,-8.421598154519437,-7.809404906153666,-0.612193248365771
2025-05-27,HAR-RV,5,-8.743472246073782,-7.916082478535674,-0.8273897675381088
2025-05-28,HAR-RV,5,-8.184430028615092,-7.867398519282175,-0.31703150933291635
2025-05-29,HAR-RV,5,-8.331213911925008,-8.006259065137652,-0.32495484678735664
2025-05-30,HAR-RV,5,-8.71279939743139,-7.862682475187414,-0.8501169222439753
2025-05-31,HAR-RV,5,-7.51988335958094,-7.828555772761775,0.30867241318083494
2025-06-01,HAR-RV,5,-8.345664194572562,-7.979221041143621,-0.36644315342894096
2025-06-02,HAR-RV,5,-9.05218826005398,-8.097051534760617,-0.9551367252933627
2025-06-03,HAR-RV,5,-9.384555576107418,-7.9770197105853455,-1.4075358655220729
2025-06-04,HAR-RV,5,-7.968985833169205,-8.04906807668534,0.08008224351613613
2025-06-05,HAR-RV,5,-8.125005944838898,-8.19368753708347,0.06868159224457138
2025-06-06,HAR-RV,5,-8.19082610478049,-7.892402617774528,-0.29842348700596144
2025-06-07,HAR-RV,5,-7.927023759209108,-8.040923268480647,0.11389950927153869
2025-06-08,HAR-RV,5,-7.443188684929166,-8.244227402047493,0.8010387171183266
2025-06-09,HAR-RV,5,-9.05726972859608,-8.383538779513447,-0.673730949082632
2025-06-10,HAR-RV,5,-8.953471985164441,-8.050264452348095,-0.9032075328163458
2025-06-11,HAR-RV,5,-8.110641264350848,-8.124931819436314,0.014290555085466394
2025-06-12,HAR-RV,5,-7.806286485181062,-8.131279557664975,0.3249930724839132
2025-06-13,HAR-RV,5,-7.866192379807445,-8.007770993794097,0.14157861398665172
2025-06-14,HAR-RV,5,-8.633468871743753,-7.791569576891612,-0.8418992948521415
2025-06-15,HAR-RV,5,-7.900331132706684,-8.170333282816046,0.27000215010936124
2025-06-16,HAR-RV,5,-7.967196587131996,-8.209972162033,0.242775574901005
2025-06-17,HAR-RV,5,-7.027680658640498,-8.048168227830645,1.0204875691901476
2025-06-18,HAR-RV,5,-7.236497370232764,-7.981746197597877,0.7452488273651126
2025-06-19,HAR-RV,5,-8.149886293035856,-8.021117121521733,-0.12876917151412215
2025-06-20,HAR-RV,5,-8.176305065875129,-8.135728243555661,-0.040576822319467354
2025-06-21,HAR-RV,5,-8.376095118293176,-7.928297007274498,-0.4477981110186775
2025-06-22,HAR-RV,5,-8.542770722531861,-7.931748447203287,-0.6110222753285743
2025-06-23,HAR-RV,5,-10.649971722513076,-7.7005971136585805,-2.9493746088544954
2025-06-24,HAR-RV,5,-9.316586495538738,-7.690069270774575,-1.6265172247641635
2025-06-25,HAR-RV,5,-8.62277199796468,-7.824747163315275,-0.7980248346494045
2025-06-26,HAR-RV,5,-8.642591743070529,-7.847792788146445,-0.7947989549240839
2025-06-27,HAR-RV,5,-8.308439939764494,-7.911021055257009,-0.3974188845074851
2025-06-28,HAR-RV,5,-8.29396771419438,-8.059083764079718,-0.23488395011466245
2025-06-29,HAR-RV,5,-8.898524051817713,-8.680850728994717,-0.21767332282299634
2025-06-30,HAR-RV,5,-9.987284347496226,-8.520659444294775,-1.466624903201451
2025-07-01,HAR-RV,5,-9.36677210235694,-8.42236013510627,-0.9444119672506694
2025-07-02,HAR-RV,5,-8.713378263033814,-8.447037175178608,-0.2663410878552064
2025-07-03,HAR-RV,5,-8.902586131499698,-8.371722267773077,-0.530863863726621
2025-07-04,HAR-RV,5,-8.29417874240117,-8.209893625806718,-0.0842851165944527
2025-07-05,HAR-RV,5,-7.209350045659884,-8.30183382134981,1.0924837756899262
2025-07-06,HAR-RV,5,-7.867944834377488,-8.605802132209785,0.7378572978322975
2025-07-07,HAR-RV,5,-9.356431837546369,-8.544966205255221,-0.8114656322911475
2025-07-08,HAR-RV,5,-8.773942349578554,-8.453608205926978,-0.32033414365157675
2025-07-09,HAR-RV,5,-7.481016702523509,-8.533926614792515,1.0529099122690058
2025-07-10,HAR-RV,5,-7.254884046098786,-8.382154904224846,1.1272708581260602
2025-07-11,HAR-RV,5,-7.906106583346014,-7.985963389896219,0.07985680655020566
2025-07-12,HAR-RV,5,-7.750043741635851,-7.985632886557466,0.2355891449216152
2025-07-13,HAR-RV,5,-7.925867888823022,-8.307082139874126,0.3812142510511043
2025-07-14,HAR-RV,5,-9.191851708958271,-8.194062525614882,-0.9977891833433894
2025-07-15,HAR-RV,5,-8.749889889500176,-7.902307302278548,-0.8475825872216278
2025-07-16,HAR-RV,5,-8.062198643566044,-7.864196926382063,-0.1980017171839803
2025-07-17,HAR-RV,5,-7.740429316317312,-7.985181791489074,0.24475247517176246
2025-07-18,HAR-RV,5,-8.047332828013449,-7.843246418208162,-0.2040864098052868
2025-07-19,HAR-RV,5,-8.253076728769177,-7.8133720637487745,-0.4397046650204022
2025-07-20,HAR-RV,5,-7.605517370811197,-8.161749136362134,0.5562317655509377
2025-07-21,HAR-RV,5,-9.606954095499765,-8.181479195484595,-1.4254749000151694
2025-07-22,HAR-RV,5,-8.981033746649764,-8.065479002737565,-0.9155547439121996
2025-07-23,HAR-RV,5,-8.30508496766559,-8.00465920629995,-0.3004257613656396
2025-07-24,HAR-RV,5,-8.268215689597376,-8.066679164721645,-0.20153652487573126
2025-07-25,HAR-RV,5,-8.393240576178409,-8.038079106662071,-0.35516146951633765
2025-07-26,HAR-RV,5,-8.520230588607557,-7.845723702622537,-0.6745068859850205
2025-07-27,HAR-RV,5,-7.533737412187012,-8.31438937771309,0.7806519655260775
2025-07-28,HAR-RV,5,-8.568970525996992,-8.284233544364238,-0.2847369816327543
2025-07-29,HAR-RV,5,-9.01457508878402,-8.177290742854392,-0.8372843459296284
2025-07-30,HAR-RV,5,-8.64759502280641,-8.170453856305578,-0.47714116650083227
2025-07-31,HAR-RV,5,-8.327990264931364,-8.245747964036525,-0.08224230089483875
2025-08-01,HAR-RV,5,-8.51421068372607,-8.194474505842699,-0.31973617788337094
2025-08-02,HAR-RV,5,-8.532403748070708,-7.925056848110842,-0.6073468999598663
2025-08-03,HAR-RV,5,-8.651182815348951,-8.128391884849078,-0.5227909304998732
2025-08-04,HAR-RV,5,-9.32597851139552,-8.258196534347478,-1.0677819770480426
2025-08-05,HAR-RV,5,-8.441043602227696,-8.210837920572626,-0.23020568165506994
2025-08-06,HAR-RV,5,-7.811382584426513,-8.1436078231859,0.3322252387593867
2025-08-07,HAR-RV,5,-8.297044334912817,-8.24898034114129,-0.04806399377152637
2025-08-08,HAR-RV,5,-7.759195959681331,-8.251573533310726,0.49237757362939494
2025-08-09,HAR-RV,5,-6.9615054586384755,-8.252964238898311,1.2914587802598358
2025-08-10,HAR-RV,5,-8.400633017404333,-8.424636599995514,0.024003582591181072
2025-08-11,HAR-RV,5,-9.797853695149604,-8.272988645959256,-1.524865049190348
2025-08-12,HAR-RV,5,-9.5559821565806,-8.10907441242848,-1.446907744152119
2025-08-13,HAR-RV,5,-8.156814886452334,-8.17963121280236,0.02281632635002495
2025-08-14,HAR-RV,5,-8.142712241205171,-8.021810951973134,-0.12090128923203736
2025-08-15,HAR-RV,5,-8.113278831395304,-7.711455319500688,-0.40182351189461585
2025-08-16,HAR-RV,5,-8.175195141952578,-7.964513948527694,-0.21068119342488423
2025-08-17,HAR-RV,5,-7.391375071440983,-8.356426938020219,0.9650518665792358
2025-08-18,HAR-RV,5,-9.155666824013634,-8.403816561952821,-0.7518502620608132
2025-08-19,HAR-RV,5,-7.722034948084426,-8.185530205693851,0.46349525760942534
2025-08-20,HAR-RV,5,-7.330218334497994,-8.26681143605908,0.9365931015610851
2025-08-21,HAR-RV,5,-7.622910020795579,-8.240734551795668,0.6178245310000898
2025-08-22,HAR-RV,5,-8.082710716050025,-8.13521634918763,0.05250563313760459
2025-08-23,HAR-RV,5,-8.403842583904545,-7.835241214698713,-0.5686013692058323
2025-08-24,HAR-RV,5,-8.0046493464786,-8.222042282618895,0.2173929361402962
2025-08-25,HAR-RV,5,-9.133680845548108,-7.936640150832713,-1.1970406947153949
2025-08-26,HAR-RV,5,-9.177958657568531,-7.807493140311385,-1.3704655172571467
2025-08-27,HAR-RV,5,-7.953683190386181,-7.8174201938004915,-0.13626299658568986
2025-08-28,HAR-RV,5,-7.872158994764496,-7.946882309636062,0.0747233148715658
2025-08-29,HAR-RV,5,-8.182388144667684,-7.9502058549705374,-0.23218228969714616
2025-08-30,HAR-RV,5,-8.292311256544016,-7.90487034442378,-0.387440912120236
2025-08-31,HAR-RV,5,-8.049751286620033,-8.22936664030479,0.17961535368475623
2025-09-01,HAR-RV,5,-9.772848916168195,-8.345933596366404,-1.4269153198017914
2025-09-02,HAR-RV,5,-9.53452627568605,-8.12261293518379,-1.4119133405022595
2025-09-03,HAR-RV,5,-8.677120971758,-8.07125642508712,-0.6058645466708814
2025-09-04,HAR-RV,5,-8.403115304394708,-8.137288821056764,-0.26582648333794445
2025-09-05,HAR-RV,5,-8.21218014894868,-8.09891641958183,-0.11326372936684947
2025-09-06,HAR-RV,5,-8.499654294702792,-7.986890975394069,-0.5127633193087222
2025-09-07,HAR-RV,5,-8.617547509904476,-8.423388711072459,-0.19415879883201725
2025-09-08,HAR-RV,5,-9.831130650802836,-8.498721332641443,-1.3324093181613925
2025-09-09,HAR-RV,5,-9.54978554808957,-8.380345424647746,-1.1694401234418237
2025-09-10,HAR-RV,5,-8.439814402280856,-8.34076934315387,-0.09904505912698625
2025-09-11,HAR-RV,5,-8.792523838198322,-8.318931046016662,-0.4735927921816607
2025-09-12,HAR-RV,5,-8.101310617641094,-8.280259874754913,0.17894925711381937
2025-09-13,HAR-RV,5,-8.766447689945338,-8.245679913129846,-0.5207677768154912
2025-09-14,HAR-RV,5,-9.267364905921823,-8.547658373096963,-0.7197065328248602
2025-09-15,HAR-RV,5,-10.6050280488101,-8.584069787144191,-2.0209582616659088
2025-09-16,HAR-RV,5,-10.133520913612236,-8.410103453615656,-1.723417459996579
2025-09-17,HAR-RV,5,-7.891930026244774,-8.496804317628438,0.6048742913836644
2025-09-18,HAR-RV,5,-8.692216418426757,-8.340261195272856,-0.35195522315390093
2025-09-19,HAR-RV,5,-8.715111261187413,-8.379417074879788,-0.3356941863076255
2025-09-20,HAR-RV,5,-7.797766269227527,-8.462318502319622,0.6645522330920954
2025-09-21,HAR-RV,5,-8.199318457410062,-8.863554625956983,0.6642361685469211
2025-09-22,HAR-RV,5,-10.290127372923022,-8.880295935051265,-1.4098314378717571
2025-09-23,HAR-RV,5,-9.254128583110203,-8.464799454348265,-0.7893291287619384
2025-09-24,HAR-RV,5,-8.541521038784206,-8.603179200782996,0.06165816199879082
2025-09-25,HAR-RV,5,-8.603434629923894,-8.569734967514531,-0.033699662409363285
2025-09-26,HAR-RV,5,-8.240112062129832,-8.202943168907545,-0.03716889322228667
2025-09-27,HAR-RV,5,-8.296715658902626,-8.137421210237306,-0.15929444866531917
2025-09-28,HAR-RV,5,-7.823921809963694,-8.680223433512497,0.856301623548803
2025-09-29,HAR-RV,5,-9.45214532988536,-8.540914549184023,-0.9112307807013362
2025-09-30,HAR-RV,5,-7.695218782358524,-8.402217243624186,0.7069984612656617
2025-10-01,HAR-RV,5,-8.01510033381816,-8.471509019353874,0.456408685535715
2025-10-02,HAR-RV,5,-7.842639336975692,-8.411299985173752,0.5686606481980601
2025-10-03,HAR-RV,5,-8.002081163490216,-8.275748261717403,0.2736670982271878
2025-10-04,HAR-RV,5,-8.012382804006961,-8.08873638341667,0.07635357940970877
2025-10-05,HAR-RV,5,-4.587612791666304,-8.435927634414476,3.848314842748172
2025-10-06,HAR-RV,5,-7.115722376608375,-8.062534185064461,0.9468118084560864
2025-10-07,HAR-RV,5,-7.1264281234111495,-8.095577920503569,0.9691497970924194
2025-10-08,HAR-RV,5,-7.601098600323596,-8.031033123470499,0.42993452314690295
2025-10-09,HAR-RV,5,-7.344241412122854,-8.068564375619822,0.7243229634969675
2025-10-10,HAR-RV,5,-7.591723650096573,-7.965147330941362,0.3734236808447893
2025-10-11,HAR-RV,5,-6.905012356907999,-7.12280363677824,0.21779127987024083
2025-10-12,HAR-RV,5,-7.053262415309131,-7.474397703430698,0.4211352881215671
2025-10-13,HAR-RV,5,-8.645181515778779,-7.414897977563921,-1.2302835382148576
2025-10-14,HAR-RV,5,-7.946925952270387,-7.4587805185046685,-0.48814543376571873
2025-10-15,HAR-RV,5,-7.702435877483535,-7.36467780611766,-0.337758071365875
2025-10-16,HAR-RV,5,-6.814365684609184,-7.627694569267542,0.8133288846583584
2025-10-17,HAR-RV,5,-7.329678651800407,-7.492833307417426,0.16315465561701892
2025-10-18,HAR-RV,5,-7.503043703626393,-7.511512757739796,0.008469054113403374
2025-10-19,HAR-RV,5,-8.016664491858316,-7.8588865318198815,-0.1577779600384348
2025-10-20,HAR-RV,5,-9.436012357444428,-7.777451370353813,-1.658560987090615
2025-10-21,HAR-RV,5,-8.127811371886041,-7.7396332780841535,-0.38817809380188795
2025-10-22,HAR-RV,5,-8.31020361926275,-7.577396362501564,-0.7328072567611867
2025-10-23,HAR-RV,5,-7.874738990868753,-7.681440951494342,-0.1932980393744108
2025-10-24,HAR-RV,5,-7.054000148404952,-7.626039573545604,0.5720394251406526
2025-10-25,HAR-RV,5,-7.043093926149241,-7.723418919006416,0.6803249928571757
2025-10-26,HAR-RV,5,-7.299625987456839,-8.098260734761908,0.7986347473050692
2025-10-27,HAR-RV,5,-9.102269176611976,-7.965606951177058,-1.1366622254349181
2025-10-28,HAR-RV,5,-8.604699637140742,-8.070129703428625,-0.5345699337121168
2025-10-29,HAR-RV,5,-7.27163389114966,-8.02197866476641,0.7503447736167494
2025-10-30,HAR-RV,5,-6.542526955726167,-7.8085038645403575,1.2659769088141903
2025-10-31,HAR-RV,5,-7.130332009579842,-7.629527154235408,0.499195144655566
2025-11-01,HAR-RV,5,-7.168157359718235,-7.607023958486946,0.43886659876871104
2025-11-02,HAR-RV,5,-7.037002738488869,-7.989656485622791,0.9526537471339216
2025-11-03,HAR-RV,5,-8.218470766094887,-7.960186547439866,-0.25828421865502094
2025-11-04,HAR-RV,5,-7.88633221123335,-7.74489038264574,-0.14144182858761045
2025-11-05,HAR-RV,5,-7.707023434157362,-7.579163430935724,-0.12786000322163815
2025-11-06,HAR-RV,5,-7.4421296812380255,-7.66837765345103,0.2262479722130042
2025-11-07,HAR-RV,5,-7.572570868483227,-7.533703677343048,-0.038867191140179
2025-11-08,HAR-RV,5,-7.0002820840938105,-7.408775729352331,0.4084936452585204
2025-11-09,HAR-RV,5,-6.384560789541653,-7.681690387734358,1.2971295981927051
2025-11-10,HAR-RV,5,-7.714310407924918,-7.720733955820771,0.006423547895852977
2025-11-11,HAR-RV,5,-7.175102452523699,-7.731536317398576,0.5564338648748768
2025-11-12,HAR-RV,5,-6.993087708054424,-7.705737811454152,0.7126501033997279
2025-11-13,HAR-RV,5,-6.75464809359329,-7.769283328881413,1.0146352352881234
2025-11-14,HAR-RV,5,-6.988105858772633,-7.5825734472206,0.5944675884479675
2025-11-15,HAR-RV,5,-6.842480066767818,-7.3468826694825795,0.5044026027147614
2025-11-16,HAR-RV,5,-5.7867108645783665,-7.557292145115574,1.7705812805372076
2025-11-17,HAR-RV,5,-7.555518494073084,-7.444954889901427,-0.11056360417165667
2025-11-18,HAR-RV,5,-7.596708359678786,-7.365802287734458,-0.23090607194432788
2025-11-19,HAR-RV,5,-6.969901638005364,-7.3043767071604515,0.3344750691550873
2025-11-20,HAR-RV,5,-7.231650335428167,-7.38924561677952,0.1575952813513526
2025-11-21,HAR-RV,5,-7.364305501511629,-7.2937198139291555,-0.07058568758247397
2025-11-22,HAR-RV,5,-7.879568199495125,-7.002544293339343,-0.8770239061557819
2025-11-23,HAR-RV,5,-7.694293783175389,-7.331176022964831,-0.3631177602105575
2025-11-24,HAR-RV,5,-8.832361523993656,-7.402453888157977,-1.4299076358356793
2025-11-25,HAR-RV,5,-8.56370363864505,-7.296679473638043,-1.2670241650070073
2025-11-26,HAR-RV,5,-6.7205038180139995,-7.370064907733641,0.6495610897196418
2025-11-27,HAR-RV,5,-7.166694063037643,-7.522108727281574,0.35541466424393064
2025-11-28,HAR-RV,5,-6.799725179739331,-7.632700691575358,0.8329755118360263
2025-11-29,HAR-RV,5,-7.278058894103278,-7.608281286792535,0.3302223926892571
2025-11-30,HAR-RV,5,-7.384608832790334,-7.940284871996081,0.5556760392057472
2025-12-01,HAR-RV,5,-8.780922005770533,-8.003825166545829,-0.7770968392247042
2025-12-02,HAR-RV,5,-7.414740413919735,-7.658604305981889,0.2438638920621541
2025-12-03,HAR-RV,5,-7.457035504573326,-7.671061298244212,0.2140257936708867
2025-12-04,HAR-RV,5,-7.256857420158548,-7.540675846003881,0.28381842584533334
2025-12-05,HAR-RV,5,-7.058992929899828,-7.4928971086879335,0.4339041787881053
2025-12-06,HAR-RV,5,-7.347794785273569,-7.4121319844506575,0.06433719917708824
2025-12-07,HAR-RV,5,-7.561466219241837,-7.7984287532795165,0.23696253403767908
2025-12-08,HAR-RV,5,-9.696511840594232,-7.600699086493502,-2.09581275410073
2025-12-09,HAR-RV,5,-8.293293428630856,-7.658375880233017,-0.6349175483978389
2025-12-10,HAR-RV,5,-7.227863026447627,-7.626338610406961,0.3984755839593337
2025-12-11,HAR-RV,5,-7.710960999236119,-7.571762357995556,-0.13919864124056236
2025-12-12,HAR-RV,5,-6.682453263792524,-7.510154092452738,0.8277008286602143
2025-12-13,HAR-RV,5,-6.740374624315311,-7.56037824469777,0.820003620382459
2025-12-14,HAR-RV,5,-7.020317942574881,-8.086646138377976,1.066328195803095
2025-12-15,HAR-RV,5,-9.6115694039447,-7.946247677100439,-1.66532172684426
2025-12-16,HAR-RV,5,-8.628519475678901,-7.788556454203643,-0.839963021475258
2025-12-17,HAR-RV,5,-7.534308322325102,-7.896057849348628,0.3617495270235258
2025-12-18,HAR-RV,5,-7.663101554070803,-7.663200914449098,9.936037829483269e-05
2025-12-19,HAR-RV,5,-8.228128764798534,-7.4433513613701505,-0.7847774034283832
2025-12-20,HAR-RV,5,-8.643584150115842,-7.3818725840800985,-1.2617115660357436
2025-12-21,HAR-RV,5,-7.837277913270711,-7.96393584736787,0.12665793409715942
2025-12-22,HAR-RV,5,-10.1372374475085,-7.891182046414911,-2.2460554010935896
2025-12-23,HAR-RV,5,-9.816705351087146,-7.794126391958189,-2.022578959128957
2025-12-24,HAR-RV,5,-7.7426847782524995,-7.890301307027019,0.14761652877451947
2024-06-29,HAR-RV,7,-7.82183717488344,-7.961004344611488,0.1391671697280481
2024-06-30,HAR-RV,7,-7.599232953126869,-8.299250852115183,0.7000178989883139
2024-07-01,HAR-RV,7,-6.2016000220281144,-7.909716269880712,1.7081162478525975
2024-07-02,HAR-RV,7,-7.13201098663784,-7.848961083195995,0.716950096558155
2024-07-03,HAR-RV,7,-7.364155934126495,-7.9435238639180765,0.5793679297915819
2024-07-04,HAR-RV,7,-6.970855511693713,-7.718295057384815,0.7474395456911012
2024-07-05,HAR-RV,7,-7.461112349654011,-7.556195249654052,0.09508290000004127
2024-07-06,HAR-RV,7,-8.001579020126183,-7.374768738339116,-0.6268102817870673
2024-07-07,HAR-RV,7,-7.503141944073601,-7.911115448257281,0.40797350418367984
2024-07-08,HAR-RV,7,-7.10151927124952,-7.826574938270952,0.7250556670214321
2024-07-09,HAR-RV,7,-6.8751174522895955,-7.392475898513969,0.5173584462243737
2024-07-10,HAR-RV,7,-7.273310670983561,-7.641010435285844,0.3676997643022837
2024-07-11,HAR-RV,7,-7.590004120123674,-7.669648983759408,0.07964486363573364
2024-07-12,HAR-RV,7,-7.361953880672214,-7.551367376489127,0.1894134958169129
2024-07-13,HAR-RV,7,-8.183252874840827,-7.684103771829391,-0.4991491030114359
2024-07-14,HAR-RV,7,-7.540508981035038,-7.781205251174853,0.2406962701398152
2024-07-15,HAR-RV,7,-7.831068909072291,-7.559279668402966,-0.2717892406693254
2024-07-16,HAR-RV,7,-7.504319171318432,-7.400604153305621,-0.10371501801281102
2024-07-17,HAR-RV,7,-7.715830478728725,-7.339206242393296,-0.3766242363354282
2024-07-18,HAR-RV,7,-7.1111013620300145,-7.461675842553066,0.3505744805230515
2024-07-19,HAR-RV,7,-7.731151246587125,-7.560774067147538,-0.17037717943958697
2024-07-20,HAR-RV,7,-6.6745965844828605,-7.487094062724552,0.8124974782416912
2024-07-21,HAR-RV,7,-8.297723232050007,-7.695477152201673,-0.6022460798483342
2024-07-22,HAR-RV,7,-7.220642471062432,-7.4410163949295915,0.22037392386715915
2024-07-23,HAR-RV,7,-7.567743991658627,-7.499262485559074,-0.06848150609955361
2024-07-24,HAR-RV,7,-7.537578973039193,-7.393520143730895,-0.14405882930829783
2024-07-25,HAR-RV,7,-7.134693601377736,-7.423319600638324,0.28862599926058863
2024-07-26,HAR-RV,7,-6.728020741506768,-7.273874431595349,0.5458536900885811
2024-07-27,HAR-RV,7,-7.102715268773577,-7.476683670356463,0.3739684015828866
2024-07-28,HAR-RV,7,-6.901570663299103,-7.228124085396807,0.326553422097704
2024-07-29,HAR-RV,7,-4.331832929576587,-7.685829400363624,3.3539964707870373
2024-07-30,HAR-RV,7,-6.129507554817753,-7.379260178592354,1.2497526237746008
2024-07-31,HAR-RV,7,-6.56821202032419,-7.500146966956195,0.9319349466320048
2024-08-01,HAR-RV,7,-5.881456842610719,-7.509368352046348,1.627911509435629
2024-08-02,HAR-RV,7,-6.5521594278707,-7.368262882324852,0.8161034544541517
2024-08-03,HAR-RV,7,-8.164746233335169,-7.301740162222635,-0.863006071112534
2024-08-04,HAR-RV,7,-7.347966273268356,-7.405544416629669,0.057578143361313394
2024-08-05,HAR-RV,7,-6.301581779560638,-7.343741575247303,1.0421597956866648
2024-08-06,HAR-RV,7,-7.032064393779834,-6.638457933801666,-0.3936064599781677
2024-08-07,HAR-RV,7,-7.145182948564176,-7.174055005596269,0.0288720570320935
2024-08-08,HAR-RV,7,-6.782869713050387,-7.299497855415496,0.5166281423651089
2024-08-09,HAR-RV,7,-6.993243057300741,-7.110718273709254,0.1174752164085131
2024-08-10,HAR-RV,7,-8.93414336978374,-7.287477686791905,-1.6466656829918351
2024-08-11,HAR-RV,7,-8.090430304827276,-7.625235779305712,-0.4651945255215635
2024-08-12,HAR-RV,7,-7.395852713362074,-7.32024210762021,-0.07561060574186396
2024-08-13,HAR-RV,7,-7.252727153074581,-6.9957397853320336,-0.25698736774254716
2024-08-14,HAR-RV,7,-7.122737507461557,-7.140096383290449,0.01735887582889184
2024-08-15,HAR-RV,7,-7.663977474896019,-7.140042885410005,-0.5239345894860143
2024-08-16,HAR-RV,7,-6.8510987312401355,-7.064044807544698,0.2129460763045623
2024-08-17,HAR-RV,7,-8.299722443510342,-7.137690671774147,-1.1620317717361957
2024-08-18,HAR-RV,7,-8.590906417273768,-7.627165600777665,-0.9637408164961032
2024-08-19,HAR-RV,7,-7.848062431939034,-7.376244979434736,-0.47181745250429863
2024-08-20,HAR-RV,7,-6.578074293173222,-7.138740419226876,0.5606661260536541
2024-08-21,HAR-RV,7,-6.625319225980788,-7.078443084225847,0.45312385824505874
2024-08-22,HAR-RV,7,-7.220716390846805,-7.023003372798285,-0.19771301804852026
2024-08-23,HAR-RV,7,-7.355348084977686,-7.236817915888013,-0.11853016908967362
2024-08-24,HAR-RV,7,-9.250891127347398,-7.0420774346481565,-2.208813692699241
2024-08-25,HAR-RV,7,-7.427050700993551,-7.474065688958295,0.04701498796474457
2024-08-26,HAR-RV,7,-7.578986184704846,-7.5442880416928855,-0.03469814301196017
2024-08-27,HAR-RV,7,-7.813351757199836,-7.320716892066817,-0.49263486513301924
2024-08-28,HAR-RV,7,-6.5034602127886165,-7.053846091824844,0.5503858790362273
2024-08-29,HAR-RV,7,-6.940360945467537,-7.090903383035065,0.15054243756752772
2024-08-30,HAR-RV,7,-6.522114937682515,-7.329819691229805,0.8077047535472897
2024-08-31,HAR-RV,7,-8.259113009436971,-7.463699943121673,-0.7954130663152981
2024-09-01,HAR-RV,7,-7.6986759889953715,-8.03663448680749,0.3379584978121182
2024-09-02,HAR-RV,7,-7.142083192560166,-7.444828325305854,0.30274513274568715
2024-09-03,HAR-RV,7,-7.454039970224542,-7.456317217361554,0.0022772471370116065
2024-09-04,HAR-RV,7,-6.9566648361472945,-7.541802464530435,0.5851376283831407
2024-09-05,HAR-RV,7,-7.375311173852939,-7.17732062635063,-0.19799054750230916
2024-09-06,HAR-RV,7,-7.641682246432809,-7.395976276240336,-0.2457059701924731
2024-09-07,HAR-RV,7,-8.772444578271369,-7.306119295527418,-1.4663252827439504
2024-09-08,HAR-RV,7,-8.222190817885775,-7.823327951310981,-0.39886286657479353
2024-09-09,HAR-RV,7,-7.505284819602623,-7.629854670054057,0.12456985045143387
2024-09-10,HAR-RV,7,-7.206662096750963,-7.414287312776644,0.20762521602568107
2024-09-11,HAR-RV,7,-7.000512980515621,-7.486522631794842,0.4860096512792209
2024-09-12,HAR-RV,7,-7.40385524870723,-7.314347192038764,-0.08950805666846584
2024-09-13,HAR-RV,7,-7.62533614746632,-7.480653733028485,-0.1446824144378347
2024-09-14,HAR-RV,7,-9.118912980170885,-7.564173968507528,-1.554739011663357
2024-09-15,HAR-RV,7,-8.210854186197356,-7.884145667496586,-0.32670851870076945
2024-09-16,HAR-RV,7,-7.594933488516639,-7.685855779552297,0.09092229103565774
2024-09-17,HAR-RV,7,-7.695982377007085,-7.419985204469483,-0.27599717253760225
2024-09-18,HAR-RV,7,-7.912236774178686,-7.320849224456594,-0.591387549722092
2024-09-19,HAR-RV,7,-7.548593418115738,-7.297826920135454,-0.25076649798028416
2024-09-20,HAR-RV,7,-8.156771512470494,-7.496535029981688,-0.6602364824888056
2024-09-21,HAR-RV,7,-9.137411157807458,-7.606966153040534,-1.530445004766924
2024-09-22,HAR-RV,7,-9.22010927366513,-8.034350636818168,-1.1857586368469626
2024-09-23,HAR-RV,7,-7.657672162115085,-7.692073047262603,0.0344008851475186
2024-09-24,HAR-RV,7,-7.16418081548918,-7.486751026595639,0.3225702111064592
2024-09-25,HAR-RV,7,-6.873239201215958,-7.5079282836623005,0.634689082446342
2024-09-26,HAR-RV,7,-7.372161845921349,-7.56341773955106,0.19125589362971063
2024-09-27,HAR-RV,7,-7.762377171311247,-7.547935476830056,-0.21444169448119066
2024-09-28,HAR-RV,7,-9.410517858234718,-7.768829259541884,-1.6416885986928333
2024-09-29,HAR-RV,7,-8.859802514595454,-8.07108167821005,-0.788720836385405
2024-09-30,HAR-RV,7,-7.354846982929903,-8.055524746795829,0.7006777638659258
2024-10-01,HAR-RV,7,-7.717832727168758,-7.587930039408545,-0.12990268776021274
2024-10-02,HAR-RV,7,-7.9430170498383745,-7.454434999199357,-0.4885820506390175
2024-10-03,HAR-RV,7,-7.587117550241822,-7.405985279267338,-0.1811322709744836
2024-10-04,HAR-RV,7,-7.8173580785041725,-7.646564880958463,-0.17079319754570932
2024-10-05,HAR-RV,7,-8.746814229333626,-7.84313127214001,-0.9036829571936167
2024-10-06,HAR-RV,7,-8.44461347063351,-8.319822211064844,-0.12479125956866532
2024-10-07,HAR-RV,7,-7.511216222523129,-8.078715433201904,0.5674992106787746
2024-10-08,HAR-RV,7,-6.879154515339575,-7.57218245479221,0.6930279394526346
2024-10-09,HAR-RV,7,-7.561391084229369,-7.674222964510176,0.11283188028080726
2024-10-10,HAR-RV,7,-7.954807249048968,-7.755101508242063,-0.1997057408069045
2024-10-11,HAR-RV,7,-7.899727601495052,-7.741219244221823,-0.1585083572732291
2024-10-12,HAR-RV,7,-9.798785632524316,-7.869526468933684,-1.9292591635906318
2024-10-13,HAR-RV,7,-9.000277471682907,-8.124421846448326,-0.8758556252345802
2024-10-14,HAR-RV,7,-7.724745468477852,-7.98077927264722,0.25603380416936883
2024-10-15,HAR-RV,7,-7.774179791525233,-7.693152267573395,-0.0810275239518381
2024-10-16,HAR-RV,7,-7.863362515397026,-7.510437979778468,-0.3529245356185582
2024-10-17,HAR-RV,7,-8.018551193752419,-7.728908957980279,-0.2896422357721402
2024-10-18,HAR-RV,7,-6.898530866282754,-7.886788394705497,0.9882575284227428
2024-10-19,HAR-RV,7,-8.921658190779526,-7.906531949921089,-1.0151262408584376
2024-10-20,HAR-RV,7,-9.079636360099444,-8.43376383158139,-0.6458725285180549
2024-10-21,HAR-RV,7,-7.784069601964099,-8.089577249563305,0.3055076475992067
2024-10-22,HAR-RV,7,-7.368623299413477,-7.649265802511668,0.28064250309819183
2024-10-23,HAR-RV,7,-7.512997901045132,-7.675657390409493,0.16265948936436114
2024-10-24,HAR-RV,7,-7.671750079550882,-7.723450022131656,0.05169994258077448
2024-10-25,HAR-RV,7,-6.998467037027406,-7.881165738253262,0.8826987012258565
2024-10-26,HAR-RV,7,-8.813773417610177,-7.615726391820165,-1.1980470257900118
2024-10-27,HAR-RV,7,-7.784664629556363,-8.222229011177713,0.4375643816213506
2024-10-28,HAR-RV,7,-7.509206844606907,-8.203064020205654,0.6938571755987466
2024-10-29,HAR-RV,7,-7.320254941313007,-7.774437822378375,0.45418288106536764
2024-10-30,HAR-RV,7,-6.357178323463686,-7.6750430277437065,1.3178647042800202
2024-10-31,HAR-RV,7,-7.505193457512192,-7.686523829488801,0.1813303719766095
2024-11-01,HAR-RV,7,-7.882091528500882,-7.78576779746982,-0.09632373103106229
2024-11-02,HAR-RV,7,-8.951124037321541,-7.652632484390874,-1.2984915529306678
2024-11-03,HAR-RV,7,-6.982350958300895,-8.198161020131938,1.2158100618310428
2024-11-04,HAR-RV,7,-6.610143513022823,-7.832412068112341,1.222268555089518
2024-11-05,HAR-RV,7,-5.89742196217559,-7.721674937821557,1.8242529756459662
2024-11-06,HAR-RV,7,-5.970825445834223,-7.6737675599800514,1.702942114145828
2024-11-07,HAR-RV,7,-6.298780197423048,-7.388883595069263,1.0901033976462147
2024-11-08,HAR-RV,7,-6.69026855754187,-7.805437794441774,1.115169236899904
2024-11-09,HAR-RV,7,-7.962925402749825,-7.9037655702307195,-0.05915983251910539
2024-11-10,HAR-RV,7,-7.719913234094788,-8.199823349196034,0.47991011510124615
2024-11-11,HAR-RV,7,-6.813641525214108,-7.529950236988824,0.7163087117747153
2024-11-12,HAR-RV,7,-7.123061515534054,-7.341114452129569,0.21805293659551417
2024-11-13,HAR-RV,7,-7.349584827177568,-7.142846151927491,-0.20673867525007772
2024-11-14,HAR-RV,7,-6.9277588146226785,-7.202702968773796,0.2749441541511173
2024-11-15,HAR-RV,7,-7.639603303246092,-7.380371835752122,-0.2592314674939704
2024-11-16,HAR-RV,7,-8.458730870211758,-7.481442907688683,-0.977287962523075
2024-11-17,HAR-RV,7,-7.906636805257383,-7.845070008425941,-0.061566796831442616
2024-11-18,HAR-RV,7,-6.845783544407805,-7.659572939563,0.8137893951551947
2024-11-19,HAR-RV,7,-6.704121318827724,-7.283436938902065,0.5793156200743406
2024-11-20,HAR-RV,7,-7.421131408187987,-7.326718275637723,-0.0944131325502644
2024-11-21,HAR-RV,7,-7.777480941685613,-7.367899978751705,-0.4095809629339078
2024-11-22,HAR-RV,7,-7.7915055329164575,-7.266919373021464,-0.5245861598949935
2024-11-23,HAR-RV,7,-8.944575839059315,-7.494184967143755,-1.4503908719155598
2024-11-24,HAR-RV,7,-8.526681786585359,-7.712761706835167,-0.8139200797501918
2024-11-25,HAR-RV,7,-7.2277762188452845,-7.482823607804383,0.25504738895909806
2024-11-26,HAR-RV,7,-7.477860175072574,-7.151582264956308,-0.32627791011626606
2024-11-27,HAR-RV,7,-7.352016227925319,-7.096804943346272,-0.2552112845790475
2024-11-28,HAR-RV,7,-5.520755763032788,-7.331907465650419,1.8111517026176305
2024-11-29,HAR-RV,7,-7.056676956855624,-7.509703322967356,0.4530263661117324
2024-11-30,HAR-RV,7,-8.28612317218258,-7.535530086174493,-0.7505930860080863
2024-12-01,HAR-RV,7,-8.152794625419403,-7.825187815150156,-0.32760681026924754
2024-12-02,HAR-RV,7,-6.452164940538162,-7.600597884601039,1.1484329440628773
2024-12-03,HAR-RV,7,-6.668355412158304,-7.2116077124549305,0.5432523002966265
2024-12-04,HAR-RV,7,-7.380414836630238,-7.325423588075855,-0.054991248554382643
2024-12-05,HAR-RV,7,-7.347004798406336,-7.343735037112266,-0.0032697612940699727
2024-12-06,HAR-RV,7,-7.800269430130499,-6.919591963547933,-0.8806774665825667
2024-12-07,HAR-RV,7,-8.329129180116265,-7.490866719827241,-0.8382624602890241
2024-12-08,HAR-RV,7,-7.954173621957407,-7.864182835028531,-0.08999078692887608
2024-12-09,HAR-RV,7,-7.167863912303163,-7.795800878745052,0.6279369664418883
2024-12-10,HAR-RV,7,-7.46114260237137,-7.276983397313059,-0.18415920505831096
2024-12-11,HAR-RV,7,-6.653480385951037,-7.286346276672531,0.6328658907214937
2024-12-12,HAR-RV,7,-6.215955295754829,-7.499044789350257,1.283089493595428
2024-12-13,HAR-RV,7,-6.2286006577328035,-7.532867581327667,1.3042669235948638
2024-12-14,HAR-RV,7,-7.472773492215739,-7.712749859879831,0.23997636766409158
2024-12-15,HAR-RV,7,-7.349660055218582,-7.806234222535861,0.45657416731727896
2024-12-16,HAR-RV,7,-6.8404400613287955,-7.61473783751491,0.7742977761861143
2024-12-17,HAR-RV,7,-7.374187208078972,-7.360128765473646,-0.014058442605326071
2024-12-18,HAR-RV,7,-7.715762789103233,-7.462166599352798,-0.25359618975043485
2024-12-19,HAR-RV,7,-7.307697534873444,-7.263139856502439,-0.04455767837100488
2024-12-20,HAR-RV,7,-7.106588924470662,-7.196211834782384,0.08962291031172143
2024-12-21,HAR-RV,7,-8.634132442724063,-7.23727942506834,-1.3968530176557232
2024-12-22,HAR-RV,7,-8.326756050975344,-7.602069333528966,-0.724686717446378
2024-12-23,HAR-RV,7,-7.3543943334481,-7.527395707851788,0.1730013744036878
2024-12-24,HAR-RV,7,-7.276893060792656,-7.315862766128763,0.03896970533610755
2024-12-25,HAR-RV,7,-8.238782332690736,-7.430894729830549,-0.8078876028601867
2024-12-26,HAR-RV,7,-7.367896287600902,-7.472806231990011,0.10490994438910839
2024-12-27,HAR-RV,7,-8.097617541330267,-7.352371469669712,-0.7452460716605556
2024-12-28,HAR-RV,7,-9.19804542909942,-7.346249214178736,-1.8517962149206832
2024-12-29,HAR-RV,7,-8.787325094170878,-7.775268941584992,-1.0120561525858864
2024-12-30,HAR-RV,7,-7.415021751205516,-7.634477525548231,0.21945577434271524
2024-12-31,HAR-RV,7,-7.590481289361926,-7.3288409566714865,-0.2616403326904395
2025-01-01,HAR-RV,7,-6.90681582272137,-7.327926144542802,0.42111032182143227
2025-01-02,HAR-RV,7,-6.968115739055578,-7.6131144565501065,0.6449987174945289
2025-01-03,HAR-RV,7,-6.709305206835529,-7.403675258161342,0.6943700513258131
2025-01-04,HAR-RV,7,-8.995729032967116,-7.667131883213126,-1.32859714975399
2025-01-05,HAR-RV,7,-8.852150045924287,-7.956985972481992,-0.8951640734422943
2025-01-06,HAR-RV,7,-6.553319507908563,-7.766873051343935,1.2135535434353715
2025-01-07,HAR-RV,7,-7.303486208762694,-7.364637513557782,0.06115130479508846
2025-01-08,HAR-RV,7,-7.312096925574036,-7.419536464468804,0.1074395388947682
2025-01-09,HAR-RV,7,-7.391486709026281,-7.2498447259848735,-0.1416419830414073
2025-01-10,HAR-RV,7,-7.511145310148465,-7.386115585235113,-0.12502972491335207
2025-01-11,HAR-RV,7,-7.438401020768668,-7.4172820850402115,-0.02111893572845691
2025-01-12,HAR-RV,7,-6.148112404271952,-8.132319898524365,1.9842074942524128
2025-01-13,HAR-RV,7,-5.214773987217453,-8.060899652629464,2.8461256654120115
2025-01-14,HAR-RV,7,-6.34915971482197,-7.332871738249526,0.9837120234275565
2025-01-15,HAR-RV,7,-7.594519813201731,-7.564912314104306,-0.029607499097425105
2025-01-16,HAR-RV,7,-5.989812005402478,-7.5363709041957065,1.5465588987932284
2025-01-17,HAR-RV,7,-7.355564283258395,-7.63184728433136,0.2762830010729651
2025-01-18,HAR-RV,7,-8.788612678268954,-7.737205074235944,-1.0514076040330105
2025-01-19,HAR-RV,7,-8.623226788453762,-7.680816889400588,-0.9424098990531737
2025-01-20,HAR-RV,7,-6.548166225847454,-7.271638231201749,0.7234720053542949
2025-01-21,HAR-RV,7,-7.335119722465245,-7.002513868137191,-0.3326058543280537
2025-01-22,HAR-RV,7,-7.350021545427285,-7.379565107751829,0.02954356232454458
2025-01-23,HAR-RV,7,-7.86523565131056,-7.770978799956638,-0.09425685135392214
2025-01-24,HAR-RV,7,-7.64515655585875,-7.283966279642837,-0.36119027621591293
2025-01-25,HAR-RV,7,-8.395509658549456,-7.655805071619832,-0.7397045869296237
2025-01-26,HAR-RV,7,-7.035755186208709,-7.950672955150827,0.914917768942118
2025-01-27,HAR-RV,7,-5.95199845728886,-7.776077600529098,1.8240791432402386
2025-01-28,HAR-RV,7,-6.579587906443687,-7.121079544593323,0.541491638149636
2025-01-29,HAR-RV,7,-7.222214210843608,-7.300894259668875,0.07868004882526769
2025-01-30,HAR-RV,7,-7.456911400328808,-7.2997716801983,-0.15713972013050803
2025-01-31,HAR-RV,7,-7.097257483150888,-7.528943084293381,0.431685601142493
2025-02-01,HAR-RV,7,-8.810076811866075,-7.5219436720128705,-1.2881331398532048
2025-02-02,HAR-RV,7,-8.10773415201615,-7.707174882315245,-0.4005592697009046
2025-02-03,HAR-RV,7,-7.786812840962016,-7.251818960912009,-0.5349938800500071
2025-02-04,HAR-RV,7,-8.095685364957285,-6.911046016411217,-1.1846393485460682
2025-02-05,HAR-RV,7,-6.962691557561749,-7.167820862946837,0.20512930538508822
2025-02-06,HAR-RV,7,-7.850939573833918,-7.384775515587269,-0.4661640582466484
2025-02-07,HAR-RV,7,-7.6048640411791055,-7.5063737935552295,-0.09849024762387604
2025-02-08,HAR-RV,7,-9.31204237724052,-7.388797944454894,-1.9232444327856255
2025-02-09,HAR-RV,7,-9.354075786569943,-7.810699311091759,-1.5433764754781842
2025-02-10,HAR-RV,7,-8.328308753403542,-7.539835275111456,-0.7884734782920857
2025-02-11,HAR-RV,7,-7.735386570485104,-7.455867960909576,-0.2795186095755273
2025-02-12,HAR-RV,7,-8.074161026658576,-7.592541893260399,-0.4816191333981772
2025-02-13,HAR-RV,7,-8.388064413225592,-7.267167101296122,-1.12089731192947
2025-02-14,HAR-RV,7,-7.422492670788367,-7.591252266186355,0.16875959539798746
2025-02-15,HAR-RV,7,-9.351071668633756,-7.586606821229756,-1.7644648474039997
2025-02-16,HAR-RV,7,-9.327182940847992,-8.096557266697484,-1.2306256741505077
2025-02-17,HAR-RV,7,-7.366790273234517,-8.063434686058391,0.6966444128238747
2025-02-18,HAR-RV,7,-6.241011939761488,-7.669515524695367,1.4285035849338792
2025-02-19,HAR-RV,7,-6.08442226100039,-7.518607836454723,1.4341855754543325
2025-02-20,HAR-RV,7,-6.878853344044446,-7.6204771317164415,0.7416237876719958
2025-02-21,HAR-RV,7,-5.588570041559089,-7.788615476093106,2.200045434534017
2025-02-22,HAR-RV,7,-7.482186017843935,-7.564775930452195,0.08258991260826054
2025-02-23,HAR-RV,7,-6.026685262486463,-8.167508537241662,2.140823274755199
2025-02-24,HAR-RV,7,-6.005721130764149,-8.103058751566802,2.0973376208026533
2025-02-25,HAR-RV,7,-5.832575425345344,-7.524125004712343,1.691549579366999
2025-02-26,HAR-RV,7,-6.528431978871631,-7.281111501032373,0.7526795221607419
2025-02-27,HAR-RV,7,-6.412729998936713,-7.2862225563930085,0.873492557456296
2025-02-28,HAR-RV,7,-5.651155219226064,-7.653660431130427,2.0025052119043627
2025-03-01,HAR-RV,7,-7.82002049036847,-7.391073213930629,-0.4289472764378406
2025-03-02,HAR-RV,7,-7.116223896566312,-7.993890988660325,0.8776670920940131
2025-03-03,HAR-RV,7,-5.949376876735946,-7.476736848967279,1.5273599722313334
2025-03-04,HAR-RV,7,-6.2051256349718855,-7.423211137772546,1.21808550280066
2025-03-05,HAR-RV,7,-6.9226794457074154,-7.375167788580939,0.45248834287352313
2025-03-06,HAR-RV,7,-7.250092425539886,-7.508815170060482,0.25872274452059596
2025-03-07,HAR-RV,7,-7.447118934719969,-7.514202116646856,0.06708318192688711
2025-03-08,HAR-RV,7,-8.898459551988159,-7.217723168566234,-1.6807363834219249
2025-03-09,HAR-RV,7,-7.329432996679352,-7.824847061817239,0.4954140651378873
2025-03-10,HAR-RV,7,-7.67080326390782,-7.4864896360811555,-0.18431362782666483
2025-03-11,HAR-RV,7,-7.616041619926752,-7.063558395615999,-0.5524832243107527
2025-03-12,HAR-RV,7,-7.472221310413124,-7.105573865077172,-0.3666474453359516
2025-03-13,HAR-RV,7,-7.439639310421675,-7.252918280507291,-0.18672102991438333
2025-03-14,HAR-RV,7,-7.976296204139535,-7.365860660199989,-0.6104355439395457
2025-03-15,HAR-RV,7,-9.81200323221424,-7.390984295754504,-2.4210189364597356
2025-03-16,HAR-RV,7,-8.77472856117907,-7.73560397116848,-1.0391245900105908
2025-03-17,HAR-RV,7,-7.738805643991428,-7.1385046173228055,-0.6003010266686228
2025-03-18,HAR-RV,7,-7.907900185694711,-7.16940120929123,-0.7384989764034806
2025-03-19,HAR-RV,7,-7.926440425992742,-7.139889962667446,-0.7865504633252955
2025-03-20,HAR-RV,7,-8.15773669999174,-7.122584471471128,-1.0351522285206114
2025-03-21,HAR-RV,7,-7.842789124023152,-7.216979934431358,-0.6258091895917941
2025-03-22,HAR-RV,7,-8.003994184702773,-7.396859044056372,-0.6071351406464007
2025-03-23,HAR-RV,7,-8.165887428032145,-7.978581657637584,-0.18730577039456087
2025-03-24,HAR-RV,7,-7.254418259891095,-7.617545607725611,0.3631273478345163
2025-03-25,HAR-RV,7,-7.756757128271761,-7.310605535634766,-0.446151592636995
2025-03-26,HAR-RV,7,-6.587482790091052,-7.385588750784547,0.798105960693495
2025-03-27,HAR-RV,7,-7.252194880144823,-7.442127597767519,0.18993271762269615
2025-03-28,HAR-RV,7,-6.63516370951007,-7.635575834988502,1.000412125478432
2025-03-29,HAR-RV,7,-8.681969956851141,-7.609560811991363,-1.072409144859778
2025-03-30,HAR-RV,7,-7.188412492677708,-7.7031110172670925,0.5146985245893845
2025-03-31,HAR-RV,7,-5.629049006791348,-7.750616599078341,2.1215675922869925
2025-04-01,HAR-RV,7,-6.933967406336497,-7.491823050813376,0.557855644476879
2025-04-02,HAR-RV,7,-5.92065466170989,-7.717548192125271,1.7968935304153808
2025-04-03,HAR-RV,7,-7.031037787314499,-7.410369480897401,0.37933169358290186
2025-04-04,HAR-RV,7,-7.032090018849573,-7.6724196360411625,0.6403296171915898
2025-04-05,HAR-RV,7,-7.79990038655869,-7.530597577800901,-0.26930280875778934
2025-04-06,HAR-RV,7,-7.287263687197286,-8.154554258476145,0.8672905712788586
2025-04-07,HAR-RV,7,-7.167014962280521,-7.6562665339916895,0.4892515717111685
2025-04-08,HAR-RV,7,-7.777788884630375,-7.156724155774345,-0.6210647288560303
2025-04-09,HAR-RV,7,-7.413189676387737,-7.582349113058787,0.16915943667105005
2025-04-10,HAR-RV,7,-8.268721841318316,-7.248797976736188,-1.019923864582128
2025-04-11,HAR-RV,7,-9.681279444888752,-7.686099121457501,-1.9951803234312502
2025-04-12,HAR-RV,7,-9.171548905690758,-7.694314153618431,-1.4772347520723264
2025-04-13,HAR-RV,7,-9.01552740253416,-7.825185361026543,-1.1903420415076162
2025-04-14,HAR-RV,7,-7.457356285992482,-7.580923208932449,0.1235669229399674
2025-04-15,HAR-RV,7,-6.979201722253075,-7.438553901314548,0.4593521790614732
2025-04-16,HAR-RV,7,-7.403345870725576,-7.598465898570346,0.19512002784477023
2025-04-17,HAR-RV,7,-8.021045389721651,-7.448416226885145,-0.5726291628365061
2025-04-18,HAR-RV,7,-7.797960553044787,-7.7095454344753485,-0.08841511856943818
2025-04-19,HAR-RV,7,-8.912576429259436,-8.082215229194585,-0.8303612000648517
2025-04-20,HAR-RV,7,-8.579169330655771,-7.8386669452843325,-0.740502385371439
2025-04-21,HAR-RV,7,-7.92097208375074,-7.744661382876144,-0.17631070087459566
2025-04-22,HAR-RV,7,-8.087519781534887,-7.2163607662087355,-0.8711590153261515
2025-04-23,HAR-RV,7,-8.023455793775357,-7.123305832280007,-0.9001499614953499
2025-04-24,HAR-RV,7,-8.09456339337235,-7.376685416281531,-0.7178779770908195
2025-04-25,HAR-RV,7,-8.294066343106515,-7.674562490098453,-0.6195038530080614
2025-04-26,HAR-RV,7,-9.46541060137628,-7.685813341083597,-1.7795972602926833
2025-04-27,HAR-RV,7,-8.596552100361416,-8.028544823600974,-0.5680072767604418
2025-04-28,HAR-RV,7,-8.166003817373237,-7.835165109325614,-0.33083870804762316
2025-04-29,HAR-RV,7,-8.013724640481898,-7.609837619249663,-0.40388702123223563
2025-04-30,HAR-RV,7,-7.894201229610753,-7.717176993360966,-0.17702423624978714
2025-05-01,HAR-RV,7,-7.474703553304063,-7.709559367343633,0.23485581403957045
2025-05-02,HAR-RV,7,-7.7544076279684,-7.824364577222756,0.06995694925435547
2025-05-03,HAR-RV,7,-8.51169203750711,-7.9408289590935235,-0.5708630784135869
2025-05-04,HAR-RV,7,-7.894756830708296,-8.302252593100064,0.4074957623917683
2025-05-05,HAR-RV,7,-7.171315375183232,-8.006984646788828,0.835669271605596
2025-05-06,HAR-RV,7,-7.898122089143746,-7.877425674622094,-0.020696414521651718
2025-05-07,HAR-RV,7,-8.318310440418038,-7.85066816638674,-0.46764227403129865
2025-05-08,HAR-RV,7,-7.7147571999584414,-7.834754109117142,0.11999690915870076
2025-05-09,HAR-RV,7,-8.244800643227538,-7.801674823645214,-0.4431258195823249
2025-05-10,HAR-RV,7,-8.88548365814237,-7.934124623297439,-0.9513590348449306
2025-05-11,HAR-RV,7,-7.9130966647344225,-8.13641463679606,0.22331797206163717
2025-05-12,HAR-RV,7,-7.475391981698435,-7.9125973768532045,0.43720539515476986
2025-05-13,HAR-RV,7,-7.413492676031776,-7.672798128020253,0.2593054519884772
2025-05-14,HAR-RV,7,-6.9048202411259405,-7.897566959802838,0.9927467186768979
2025-05-15,HAR-RV,7,-7.5998782354004675,-8.035382113710037,0.4355038783095697
2025-05-16,HAR-RV,7,-7.443883442529285,-7.887372332528114,0.4434888899988296
2025-05-17,HAR-RV,7,-8.225636513265073,-8.04417148848958,-0.18146502477549298
2025-05-18,HAR-RV,7,-8.196992018610825,-8.187394832385007,-0.009597186225818177
2025-05-19,HAR-RV,7,-8.288440304342084,-7.848057201032804,-0.44038310330928
2025-05-20,HAR-RV,7,-7.940076582517803,-7.724934619885424,-0.21514196263237917
2025-05-21,HAR-RV,7,-8.336031186903472,-7.70910610887766,-0.6269250780258124
2025-05-22,HAR-RV,7,-7.769467517478563,-7.587097542797634,-0.18236997468092842
2025-05-23,HAR-RV,7,-7.728674501465333,-7.870568731471066,0.1418942300057333
2025-05-24,HAR-RV,7,-8.421598154519437,-7.831495248337159,-0.5901029061822776
2025-05-25,HAR-RV,7,-8.743472246073782,-8.043466297831865,-0.7000059482419179
2025-05-26,HAR-RV,7,-8.184430028615092,-7.964896853361272,-0.21953317525381966
2025-05-27,HAR-RV,7,-8.331213911925008,-7.915731142687528,-0.41548276923748073
2025-05-28,HAR-RV,7,-8.71279939743139,-7.780506128998503,-0.9322932684328862
2025-05-29,HAR-RV,7,-7.51988335958094,-7.8694012848693795,0.3495179252884393
2025-05-30,HAR-RV,7,-8.345664194572562,-7.707294265038755,-0.6383699295338072
2025-05-31,HAR-RV,7,-9.05218826005398,-7.727159644204556,-1.3250286158494236
2025-06-01,HAR-RV,7,-9.384555576107418,-7.9591911422007255,-1.4253644339066929
2025-06-02,HAR-RV,7,-7.968985833169205,-8.026487117947312,0.05750128477810712
2025-06-03,HAR-RV,7,-8.125005944838898,-7.860577942217786,-0.26442800262111277
2025-06-04,HAR-RV,7,-8.19082610478049,-7.905246148227945,-0.285579956552545
2025-06-05,HAR-RV,7,-7.927023759209108,-7.9957532810625045,0.06872952185339631
2025-06-06,HAR-RV,7,-7.443188684929166,-7.639415730901368,0.19622704597220242
2025-06-07,HAR-RV,7,-9.05726972859608,-7.949990795354269,-1.10727893324181
2025-06-08,HAR-RV,7,-8.953471985164441,-8.154920270632424,-0.7985517145320173
2025-06-09,HAR-RV,7,-8.110641264350848,-8.221058036077416,0.11041677172656783
2025-06-10,HAR-RV,7,-7.806286485181062,-7.796567471724677,-0.009719013456384928
2025-06-11,HAR-RV,7,-7.866192379807445,-7.8311092968407054,-0.035083082966739454
2025-06-12,HAR-RV,7,-8.633468871743753,-7.877662180640953,-0.7558066911028005
2025-06-13,HAR-RV,7,-7.900331132706684,-7.8711102382411,-0.029220894465584735
2025-06-14,HAR-RV,7,-7.967196587131996,-7.820250184622383,-0.146946402509613
2025-06-15,HAR-RV,7,-7.027680658640498,-8.31266342171363,1.284982763073132
2025-06-16,HAR-RV,7,-7.236497370232764,-8.253086685935521,1.016589315702757
2025-06-17,HAR-RV,7,-8.149886293035856,-7.987393701423506,-0.16249259161234963
2025-06-18,HAR-RV,7,-8.176305065875129,-7.886369245115251,-0.28993582075987767
2025-06-19,HAR-RV,7,-8.376095118293176,-7.882186597183032,-0.4939085211101437
2025-06-20,HAR-RV,7,-8.542770722531861,-8.154200870044617,-0.38856985248724385
2025-06-21,HAR-RV,7,-10.649971722513076,-7.977755490670781,-2.6722162318422953
2025-06-22,HAR-RV,7,-9.316586495538738,-8.011152142189275,-1.3054343533494634
2025-06-23,HAR-RV,7,-8.62277199796468,-7.727484906961894,-0.8952870910027864
2025-06-24,HAR-RV,7,-8.642591743070529,-7.792156975228462,-0.8504347678420672
2025-06-25,HAR-RV,7,-8.308439939764494,-8.101253123252533,-0.20718681651196036
2025-06-26,HAR-RV,7,-8.29396771419438,-8.092004074426855,-0.2019636397675253
2025-06-27,HAR-RV,7,-8.898524051817713,-8.126112617440501,-0.7724114343772115
2025-06-28,HAR-RV,7,-9.987284347496226,-8.131648731020867,-1.8556356164753591
2025-06-29,HAR-RV,7,-9.36677210235694,-8.657698279000773,-0.7090738233561673
2025-06-30,HAR-RV,7,-8.713378263033814,-8.184370491446037,-0.5290077715877768
2025-07-01,HAR-RV,7,-8.902586131499698,-7.926814277524169,-0.9757718539755285
2025-07-02,HAR-RV,7,-8.29417874240117,-7.933596581144694,-0.3605821612564766
2025-07-03,HAR-RV,7,-7.209350045659884,-7.845837765199861,0.6364877195399776
2025-07-04,HAR-RV,7,-7.867944834377488,-7.970042843435947,0.10209800905845956
2025-07-05,HAR-RV,7,-9.356431837546369,-8.212064014821355,-1.1443678227250142
2025-07-06,HAR-RV,7,-8.773942349578554,-8.540228655476643,-0.23371369410191178
2025-07-07,HAR-RV,7,-7.481016702523509,-8.312139206428785,0.8311225039052763
2025-07-08,HAR-RV,7,-7.254884046098786,-8.07850897409195,0.8236249279931638
2025-07-09,HAR-RV,7,-7.906106583346014,-8.123505706361454,0.21739912301544084
2025-07-10,HAR-RV,7,-7.750043741635851,-7.973691457471746,0.22364771583589516
2025-07-11,HAR-RV,7,-7.925867888823022,-7.763272941831465,-0.16259494699155663
2025-07-12,HAR-RV,7,-9.191851708958271,-8.02329106751769,-1.1685606414405818
2025-07-13,HAR-RV,7,-8.749889889500176,-8.493933170200322,-0.25595671929985464
2025-07-14,HAR-RV,7,-8.062198643566044,-8.332226255734906,0.27002761216886206
2025-07-15,HAR-RV,7,-7.740429316317312,-7.97331823951569,0.23288892319837817
2025-07-16,HAR-RV,7,-8.047332828013449,-7.899205218833476,-0.1481276091799728
2025-07-17,HAR-RV,7,-8.253076728769177,-8.09954403401149,-0.15353269475768627
2025-07-18,HAR-RV,7,-7.605517370811197,-8.126836886755555,0.5213195159443584
2025-07-19,HAR-RV,7,-9.606954095499765,-8.215751424971241,-1.3912026705285232
2025-07-20,HAR-RV,7,-8.981033746649764,-8.540469458750918,-0.4405642878988463
2025-07-21,HAR-RV,7,-8.30508496766559,-8.280176260660927,-0.024908707004662745
2025-07-22,HAR-RV,7,-8.268215689597376,-8.026864604600243,-0.24135108499713276
2025-07-23,HAR-RV,7,-8.393240576178409,-7.90665448973788,-0.4865860864405285
2025-07-24,HAR-RV,7,-8.520230588607557,-7.985516385927945,-0.5347142026796119
2025-07-25,HAR-RV,7,-7.533737412187012,-8.100243840082623,0.5665064278956109
2025-07-26,HAR-RV,7,-8.568970525996992,-7.94623148914184,-0.622739036855152
2025-07-27,HAR-RV,7,-9.01457508878402,-8.512716941148113,-0.5018581476359074
2025-07-28,HAR-RV,7,-8.64759502280641,-8.223461548997722,-0.4241334738086877
2025-07-29,HAR-RV,7,-8.327990264931364,-7.971723138842929,-0.3562671260884347
2025-07-30,HAR-RV,7,-8.51421068372607,-7.949875126042644,-0.5643355576834255
2025-07-31,HAR-RV,7,-8.532403748070708,-7.935339541018754,-0.5970642070519538
2025-08-01,HAR-RV,7,-8.651182815348951,-8.0408747254106,-0.6103080899383517
2025-08-02,HAR-RV,7,-9.32597851139552,-7.821739019938766,-1.5042394914567545
2025-08-03,HAR-RV,7,-8.441043602227696,-8.152820240683019,-0.2882233615446772
2025-08-04,HAR-RV,7,-7.811382584426513,-8.246696884847776,0.43531430042126296
2025-08-05,HAR-RV,7,-8.297044334912817,-8.112771744401138,-0.18427259051167866
2025-08-06,HAR-RV,7,-7.759195959681331,-8.039401318139806,0.28020535845847494
2025-08-07,HAR-RV,7,-6.9615054586384755,-8.071772513565014,1.1102670549265383
2025-08-08,HAR-RV,7,-8.400633017404333,-8.092990434030739,-0.3076425833735943
2025-08-09,HAR-RV,7,-9.797853695149604,-8.170071387922423,-1.6277823072271804
2025-08-10,HAR-RV,7,-9.5559821565806,-8.377314063754064,-1.1786680928265358
2025-08-11,HAR-RV,7,-8.156814886452334,-8.073573884433417,-0.0832410020189176
2025-08-12,HAR-RV,7,-8.142712241205171,-7.8918977887392545,-0.2508144524659164
2025-08-13,HAR-RV,7,-8.113278831395304,-8.06433990988999,-0.048938921505314426
2025-08-14,HAR-RV,7,-8.175195141952578,-7.942731891460742,-0.23246325049183625
2025-08-15,HAR-RV,7,-7.391375071440983,-7.795864878186924,0.40448980674594104
2025-08-16,HAR-RV,7,-9.155666824013634,-8.265374846446983,-0.8902919775666511
2025-08-17,HAR-RV,7,-7.722034948084426,-8.651872209955854,0.9298372618714286
2025-08-18,HAR-RV,7,-7.330218334497994,-8.503948608429535,1.1737302739315414
2025-08-19,HAR-RV,7,-7.622910020795579,-8.01514510066378,0.3922350798682013
2025-08-20,HAR-RV,7,-8.082710716050025,-7.942250171089809,-0.14046054496021654
2025-08-21,HAR-RV,7,-8.403842583904545,-7.9452671037046025,-0.45857548019994265
2025-08-22,HAR-RV,7,-8.0046493464786,-8.04962345264698,0.0449741061683806
2025-08-23,HAR-RV,7,-9.133680845548108,-7.89146236237573,-1.242218483172378
2025-08-24,HAR-RV,7,-9.177958657568531,-8.434328843685659,-0.7436298138828725
2025-08-25,HAR-RV,7,-7.953683190386181,-7.9818774459418735,0.028194255555692216
2025-08-26,HAR-RV,7,-7.872158994764496,-7.8638121227032824,-0.008346872061213872
2025-08-27,HAR-RV,7,-8.182388144667684,-7.965566861322255,-0.21682128334542838
2025-08-28,HAR-RV,7,-8.292311256544016,-8.069337809995002,-0.2229734465490143
2025-08-29,HAR-RV,7,-8.049751286620033,-8.210476914855477,0.16072562823544345
2025-08-30,HAR-RV,7,-9.772848916168195,-8.061189033382442,-1.711659882785753
2025-08-31,HAR-RV,7,-9.53452627568605,-8.333715540030642,-1.2008107356554074
2025-09-01,HAR-RV,7,-8.677120971758,-8.258806764850892,-0.41831420690710885
2025-09-02,HAR-RV,7,-8.403115304394708,-7.863151502826342,-0.5399638015683665
2025-09-03,HAR-RV,7,-8.21218014894868,-7.867710689433872,-0.3444694595148068
2025-09-04,HAR-RV,7,-8.499654294702792,-7.9548286348777175,-0.544825659825074
2025-09-05,HAR-RV,7,-8.617547509904476,-8.048010804282491,-0.5695367056219851
2025-09-06,HAR-RV,7,-9.831130650802836,-8.06511566428534,-1.7660149865174954
2025-09-07,HAR-RV,7,-9.54978554808957,-8.554043268859862,-0.9957422792297077
2025-09-08,HAR-RV,7,-8.439814402280856,-8.378981678018206,-0.06083272426264941
2025-09-09,HAR-RV,7,-8.792523838198322,-8.054062552682765,-0.738461285515557
2025-09-10,HAR-RV,7,-8.101310617641094,-7.964136102251273,-0.1371745153898205
2025-09-11,HAR-RV,7,-8.766447689945338,-7.894570712271692,-0.8718769776736455
2025-09-12,HAR-RV,7,-9.267364905921823,-8.066721477989375,-1.200643427932448
2025-09-13,HAR-RV,7,-10.6050280488101,-8.177302749519168,-2.427725299290932
2025-09-14,HAR-RV,7,-10.133520913612236,-8.561694254372995,-1.5718266592392407
2025-09-15,HAR-RV,7,-7.891930026244774,-8.415968450113468,0.5240384238686939
2025-09-16,HAR-RV,7,-8.692216418426757,-8.057802472426395,-0.634413946000361
2025-09-17,HAR-RV,7,-8.715111261187413,-8.188069231770635,-0.5270420294167781
2025-09-18,HAR-RV,7,-7.797766269227527,-8.001663979689493,0.20389771046196614
2025-09-19,HAR-RV,7,-8.199318457410062,-8.291014109076617,0.09169565166655502
2025-09-20,HAR-RV,7,-10.290127372923022,-8.495755465356606,-1.7943719075664166
2025-09-21,HAR-RV,7,-9.254128583110203,-8.865885667261026,-0.3882429158491778
2025-09-22,HAR-RV,7,-8.541521038784206,-8.66049346544877,0.11897242666456442
2025-09-23,HAR-RV,7,-8.603434629923894,-7.917583614138529,-0.6858510157853654
2025-09-24,HAR-RV,7,-8.240112062129832,-8.197146562493963,-0.042965499635869264
2025-09-25,HAR-RV,7,-8.296715658902626,-8.253499992774351,-0.04321566612827432
2025-09-26,HAR-RV,7,-7.823921809963694,-8.103364831051938,0.2794430210882437
2025-09-27,HAR-RV,7,-9.45214532988536,-8.346274500561188,-1.1058708293241715
2025-09-28,HAR-RV,7,-7.695218782358524,-8.939492569515792,1.244273787157268
2025-09-29,HAR-RV,7,-8.01510033381816,-8.562481681581737,0.5473813477635776
2025-09-30,HAR-RV,7,-7.842639336975692,-8.319952898774407,0.47731356179871476
2025-10-01,HAR-RV,7,-8.002081163490216,-8.29414863340051,0.292067469910295
2025-10-02,HAR-RV,7,-8.012382804006961,-8.170918983309187,0.1585361793022262
2025-10-03,HAR-RV,7,-4.587612791666304,-8.300426320795212,3.7128135291289084
2025-10-04,HAR-RV,7,-7.115722376608375,-8.196919037732993,1.0811966611246184
2025-10-05,HAR-RV,7,-7.1264281234111495,-8.686672122739076,1.560243999327926
2025-10-06,HAR-RV,7,-7.601098600323596,-8.127641055918565,0.5265424555949689
2025-10-07,HAR-RV,7,-7.344241412122854,-8.209029947630924,0.8647885355080698
2025-10-08,HAR-RV,7,-7.591723650096573,-8.165430131154835,0.5737064810582622
2025-10-09,HAR-RV,7,-6.905012356907999,-8.1898493990657,1.284837042157701
2025-10-10,HAR-RV,7,-7.053262415309131,-8.26859666727061,1.2153342519614796
2025-10-11,HAR-RV,7,-8.645181515778779,-7.232956620942565,-1.4122248948362142
2025-10-12,HAR-RV,7,-7.946925952270387,-8.037523175504926,0.09059722323453911
2025-10-13,HAR-RV,7,-7.702435877483535,-8.006385332222258,0.30394945473872337
2025-10-14,HAR-RV,7,-6.814365684609184,-8.125597456757081,1.311231772147897
2025-10-15,HAR-RV,7,-7.329678651800407,-8.067544005612024,0.7378653538116176
2025-10-16,HAR-RV,7,-7.503043703626393,-7.9671088605852285,0.4640651569588359
2025-10-17,HAR-RV,7,-8.016664491858316,-7.722814668842005,-0.2938498230163109
2025-10-18,HAR-RV,7,-9.436012357444428,-7.755607685446706,-1.6804046719977217
2025-10-19,HAR-RV,7,-8.127811371886041,-8.2067101558718,0.07889878398575867
2025-10-20,HAR-RV,7,-8.31020361926275,-7.909579452795226,-0.40062416646752474
2025-10-21,HAR-RV,7,-7.874738990868753,-7.795313145312386,-0.07942584555636678
2025-10-22,HAR-RV,7,-7.054000148404952,-7.487500468311104,0.4335003199061527
2025-10-23,HAR-RV,7,-7.043093926149241,-7.60689751482596,0.563803588676719
2025-10-24,HAR-RV,7,-7.299625987456839,-7.703678661603993,0.4040526741471542
2025-10-25,HAR-RV,7,-9.102269176611976,-7.855902479090337,-1.2463666975216396
2025-10-26,HAR-RV,7,-8.604699637140742,-8.242998707780888,-0.3617009293598539
2025-10-27,HAR-RV,7,-7.27163389114966,-7.7395724460786814,0.46793855492902114
2025-10-28,HAR-RV,7,-6.542526955726167,-7.758859771226119,1.2163328154999515
2025-10-29,HAR-RV,7,-7.130332009579842,-7.600994888946475,0.47066287936663276
2025-10-30,HAR-RV,7,-7.168157359718235,-7.378132857941573,0.20997549822333816
2025-10-31,HAR-RV,7,-7.037002738488869,-7.477845517002013,0.4408427785131437
2025-11-01,HAR-RV,7,-8.218470766094887,-7.584830208719368,-0.6336405573755188
2025-11-02,HAR-RV,7,-7.88633221123335,-8.206728341501375,0.3203961302680245
2025-11-03,HAR-RV,7,-7.707023434157362,-8.043030650887147,0.33600721672978473
2025-11-04,HAR-RV,7,-7.4421296812380255,-7.61496957250215,0.17283989126412447
2025-11-05,HAR-RV,7,-7.572570868483227,-7.389587692882332,-0.18298317560089572
2025-11-06,HAR-RV,7,-7.0002820840938105,-7.5790457805933995,0.578763696499589
2025-11-07,HAR-RV,7,-6.384560789541653,-7.685493546474986,1.3009327569333333
2025-11-08,HAR-RV,7,-7.714310407924918,-7.738968557283095,0.024658149358177006
2025-11-09,HAR-RV,7,-7.175102452523699,-8.08971822079751,0.9146157682738103
2025-11-10,HAR-RV,7,-6.993087708054424,-7.894701222148442,0.9016135140940182
2025-11-11,HAR-RV,7,-6.75464809359329,-7.801169390974636,1.0465212973813456
2025-11-12,HAR-RV,7,-6.988105858772633,-7.69627830339298,0.708172444620347
2025-11-13,HAR-RV,7,-6.842480066767818,-7.725482464758501,0.8830023979906834
2025-11-14,HAR-RV,7,-5.7867108645783665,-7.601758814659803,1.8150479500814365
2025-11-15,HAR-RV,7,-7.555518494073084,-7.437534825876368,-0.11798366819671635
2025-11-16,HAR-RV,7,-7.596708359678786,-7.86828035030343,0.2715719906246443
2025-11-17,HAR-RV,7,-6.969901638005364,-7.65665496365165,0.6867533256462854
2025-11-18,HAR-RV,7,-7.231650335428167,-7.603114220343565,0.37146388491539817
2025-11-19,HAR-RV,7,-7.364305501511629,-7.5043972410821995,0.14009173957057008
2025-11-20,HAR-RV,7,-7.879568199495125,-7.530431674801186,-0.3491365246939395
2025-11-21,HAR-RV,7,-7.694293783175389,-7.524011086911406,-0.17028269626398274
2025-11-22,HAR-RV,7,-8.832361523993656,-7.217741881907816,-1.6146196420858399
2025-11-23,HAR-RV,7,-8.56370363864505,-7.770862121040737,-0.7928415176043133
2025-11-24,HAR-RV,7,-6.7205038180139995,-7.706762829332508,0.9862590113185083
2025-11-25,HAR-RV,7,-7.166694063037643,-7.467332762017709,0.300638698980066
2025-11-26,HAR-RV,7,-6.799725179739331,-7.531293239743203,0.7315680600038714
2025-11-27,HAR-RV,7,-7.278058894103278,-7.509143097467585,0.2310842033643068
2025-11-28,HAR-RV,7,-7.384608832790334,-7.676581991801221,0.2919731590108876
2025-11-29,HAR-RV,7,-8.780922005770533,-7.605753429660642,-1.1751685761098907
2025-11-30,HAR-RV,7,-7.414740413919735,-7.908408303046387,0.4936678891266517
2025-12-01,HAR-RV,7,-7.457035504573326,-7.756621366125377,0.29958586155205147
2025-12-02,HAR-RV,7,-7.256857420158548,-7.175441169714814,-0.08141625044373413
2025-12-03,HAR-RV,7,-7.058992929899828,-7.345146986578582,0.28615405667875393
2025-12-04,HAR-RV,7,-7.347794785273569,-7.262382787973294,-0.08541199730027493
2025-12-05,HAR-RV,7,-7.561466219241837,-7.494761830957306,-0.06670438828453129
2025-12-06,HAR-RV,7,-9.696511840594232,-7.596123113485756,-2.1003887271084754
2025-12-07,HAR-RV,7,-8.293293428630856,-7.974772510556338,-0.3185209180745172
2025-12-08,HAR-RV,7,-7.227863026447627,-7.521869642062232,0.29400661561460506
2025-12-09,HAR-RV,7,-7.710960999236119,-7.503694245295635,-0.207266753940484
2025-12-10,HAR-RV,7,-6.682453263792524,-7.44818474086764,0.765731477075116
2025-12-11,HAR-RV,7,-6.740374624315311,-7.412170958094316,0.6717963337790049
2025-12-12,HAR-RV,7,-7.020317942574881,-7.59575937454377,0.5754414319688896
2025-12-13,HAR-RV,7,-9.6115694039447,-7.673723641935361,-1.9378457620093386
2025-12-14,HAR-RV,7,-8.628519475678901,-8.313214855337703,-0.3153046203411982
2025-12-15,HAR-RV,7,-7.534308322325102,-7.825302545933646,0.29099422360854366
2025-12-16,HAR-RV,7,-7.663101554070803,-7.468725793985781,-0.19437576008502155
2025-12-17,HAR-RV,7,-8.228128764798534,-7.618407152501048,-0.609721612297486
2025-12-18,HAR-RV,7,-8.643584150115842,-7.331052144866715,-1.3125320052491274
2025-12-19,HAR-RV,7,-7.837277913270711,-7.508872588675343,-0.32840532459536753
2025-12-20,HAR-RV,7,-10.1372374475085,-7.649219168703036,-2.4880182788054643
2025-12-21,HAR-RV,7,-9.816705351087146,-8.37916429931669,-1.4375410517704559
2025-12-22,HAR-RV,7,-7.7426847782524995,-8.009157949745285,0.2664731714927857
2025-12-23,HAR-RV,7,-8.070003787107389,-7.58865338053101,-0.48135040657637873
2025-12-24,HAR-RV,7,-8.62278542607784,-7.5979979451181325,-1.0247874809597075
2024-06-29,HAR-RV-J,1,-8.047431954150777,-7.931237992135319,-0.1161939620154584
2024-06-30,HAR-RV-J,1,-8.0094388103616,-7.995343675727663,-0.01409513463393619
2024-07-01,HAR-RV-J,1,-8.415744212880016,-8.187229102558618,-0.22851511032139804
2024-07-02,HAR-RV-J,1,-7.590110308893971,-8.133098570160163,0.542988261266192
2024-07-03,HAR-RV-J,1,-6.7568326341271066,-8.226222875170475,1.4693902410433681
2024-07-04,HAR-RV-J,1,-6.028709939198225,-7.931752877664526,1.9030429384663012
2024-07-05,HAR-RV-J,1,-7.82183717488344,-7.560685656614864,-0.2611515182685755
2024-07-06,HAR-RV-J,1,-7.599232953126869,-7.207091574200313,-0.39214137892655554
2024-07-07,HAR-RV-J,1,-6.2016000220281144,-7.724254425611056,1.5226544035829415
2024-07-08,HAR-RV-J,1,-7.13201098663784,-7.629651921741412,0.497640935103572
2024-07-09,HAR-RV-J,1,-7.364155934126495,-7.221167608066871,-0.14298832605962364
2024-07-10,HAR-RV-J,1,-6.970855511693713,-7.530433277095143,0.5595777654014293
2024-07-11,HAR-RV-J,1,-7.461112349654011,-7.655811741637979,0.1946993919839688
2024-07-12,HAR-RV-J,1,-8.001579020126183,-7.546914086557536,-0.45466493356864657
2024-07-13,HAR-RV-J,1,-7.503141944073601,-7.474858286955681,-0.028283657117920136
2024-07-14,HAR-RV-J,1,-7.10151927124952,-7.5929503246713965,0.4914310534218762
2024-07-15,HAR-RV-J,1,-6.8751174522895955,-7.687537104976673,0.8124196526870779
2024-07-16,HAR-RV-J,1,-7.273310670983561,-7.4916911200045435,0.21838044902098286
2024-07-17,HAR-RV-J,1,-7.590004120123674,-7.387981768088388,-0.20202235203528573
2024-07-18,HAR-RV-J,1,-7.361953880672214,-7.575151240914541,0.21319736024232672
2024-07-19,HAR-RV-J,1,-8.183252874840827,-7.507438587997457,-0.6758142868433703
2024-07-20,HAR-RV-J,1,-7.540508981035038,-7.52168683682064,-0.018822144214397873
2024-07-21,HAR-RV-J,1,-7.831068909072291,-7.4988233291996504,-0.3322455798726409
2024-07-22,HAR-RV-J,1,-7.504319171318432,-7.641438165625668,0.13711899430723573
2024-07-23,HAR-RV-J,1,-7.715830478728725,-7.680315861058986,-0.03551461766973851
2024-07-24,HAR-RV-J,1,-7.1111013620300145,-7.604860851422454,0.4937594893924393
2024-07-25,HAR-RV-J,1,-7.731151246587125,-7.684737975020358,-0.04641327156676667
2024-07-26,HAR-RV-J,1,-6.6745965844828605,-7.405190347808454,0.7305937633255937
2024-07-27,HAR-RV-J,1,-8.297723232050007,-7.612294191597153,-0.6854290404528545
2024-07-28,HAR-RV-J,1,-7.220642471062432,-7.247405437472004,0.026762966409571654
2024-07-29,HAR-RV-J,1,-7.567743991658627,-7.482396344508606,-0.08534764715002119
2024-07-30,HAR-RV-J,1,-7.537578973039193,-7.500080070301356,-0.03749890273783674
2024-07-31,HAR-RV-J,1,-7.134693601377736,-7.639378272202207,0.5046846708244717
2024-08-01,HAR-RV-J,1,-6.728020741506768,-7.630287912299658,0.9022671707928902
2024-08-02,HAR-RV-J,1,-7.102715268773577,-7.484489632051731,0.3817743632781543
2024-08-03,HAR-RV-J,1,-6.901570663299103,-7.3069668301874735,0.4053961668883703
2024-08-04,HAR-RV-J,1,-4.331832929576587,-7.4749167098405565,3.1430837802639697
2024-08-05,HAR-RV-J,1,-6.129507554817753,-7.365720240512893,1.2362126856951399
2024-08-06,HAR-RV-J,1,-6.56821202032419,-6.140034651641255,-0.42817736868293554
2024-08-07,HAR-RV-J,1,-5.881456842610719,-6.966152030009651,1.084695187398932
2024-08-08,HAR-RV-J,1,-6.5521594278707,-6.927658097862908,0.3754986699922078
2024-08-09,HAR-RV-J,1,-8.164746233335169,-6.830420183143439,-1.3343260501917298
2024-08-10,HAR-RV-J,1,-7.347966273268356,-6.689022087278441,-0.658944185989915
2024-08-11,HAR-RV-J,1,-6.301581779560638,-6.866413361012992,0.5648315814523537
2024-08-12,HAR-RV-J,1,-7.032064393779834,-7.144846107664122,0.11278171388428859
2024-08-13,HAR-RV-J,1,-7.145182948564176,-6.930379931615379,-0.2148030169487969
2024-08-14,HAR-RV-J,1,-6.782869713050387,-7.236202409729958,0.45333269667957055
2024-08-15,HAR-RV-J,1,-6.993243057300741,-7.2753033665108235,0.28206030921008285
2024-08-16,HAR-RV-J,1,-8.93414336978374,-7.103039522287558,-1.8311038474961823
2024-08-17,HAR-RV-J,1,-8.090430304827276,-7.112575881889418,-0.9778544229378578
2024-08-18,HAR-RV-J,1,-7.395852713362074,-7.0853002238249845,-0.31055248953708947
2024-08-19,HAR-RV-J,1,-7.252727153074581,-7.4012479013161,0.14852074824151895
2024-08-20,HAR-RV-J,1,-7.122737507461557,-7.387177028050512,0.2644395205889545
2024-08-21,HAR-RV-J,1,-7.663977474896019,-7.318184129389284,-0.3457933455067357
2024-08-22,HAR-RV-J,1,-6.8510987312401355,-7.248523381073791,0.39742464983365533
2024-08-23,HAR-RV-J,1,-8.299722443510342,-7.407252821283132,-0.8924696222272104
2024-08-24,HAR-RV-J,1,-8.590906417273768,-7.144697907348379,-1.4462085099253885
2024-08-25,HAR-RV-J,1,-7.848062431939034,-7.274698149186831,-0.5733642827522036
2024-08-26,HAR-RV-J,1,-6.578074293173222,-7.410727147859047,0.8326528546858256
2024-08-27,HAR-RV-J,1,-6.625319225980788,-7.6553026963054585,1.0299834703246704
2024-08-28,HAR-RV-J,1,-7.220716390846805,-7.130422548935896,-0.09029384191090895
2024-08-29,HAR-RV-J,1,-7.355348084977686,-7.164328415760321,-0.1910196692173658
2024-08-30,HAR-RV-J,1,-9.250891127347398,-7.460270546871227,-1.7906205804761708
2024-08-31,HAR-RV-J,1,-7.427050700993551,-7.417536510979892,-0.009514190013658386
2024-09-01,HAR-RV-J,1,-7.578986184704846,-7.275819134138657,-0.30316705056618876
2024-09-02,HAR-RV-J,1,-7.813351757199836,-7.618207528969259,-0.19514422823057753
2024-09-03,HAR-RV-J,1,-6.5034602127886165,-7.683136318282179,1.179676105493562
2024-09-04,HAR-RV-J,1,-6.940360945467537,-7.8156775814020065,0.8753166359344693
2024-09-05,HAR-RV-J,1,-6.522114937682515,-7.213869336959973,0.6917543992774577
2024-09-06,HAR-RV-J,1,-8.259113009436971,-7.43215225148686,-0.8269607579501113
2024-09-07,HAR-RV-J,1,-7.6986759889953715,-7.243782037435799,-0.4548939515595727
2024-09-08,HAR-RV-J,1,-7.142083192560166,-7.382686795658248,0.24060360309808182
2024-09-09,HAR-RV-J,1,-7.454039970224542,-7.448494230901951,-0.005545739322591281
2024-09-10,HAR-RV-J,1,-6.9566648361472945,-7.498568270464178,0.5419034343168834
2024-09-11,HAR-RV-J,1,-7.375311173852939,-7.613202015485751,0.2378908416328116
2024-09-12,HAR-RV-J,1,-7.641682246432809,-7.397831545611841,-0.2438507008209676
2024-09-13,HAR-RV-J,1,-8.772444578271369,-7.57353480653913,-1.1989097717322386
2024-09-14,HAR-RV-J,1,-8.222190817885775,-7.520309010867717,-0.7018818070180579
2024-09-15,HAR-RV-J,1,-7.505284819602623,-7.540628571547328,0.03534375194470485
2024-09-16,HAR-RV-J,1,-7.206662096750963,-7.735034293437312,0.528372196686349
2024-09-17,HAR-RV-J,1,-7.000512980515621,-7.64733082232513,0.6468178418095087
2024-09-18,HAR-RV-J,1,-7.40385524870723,-7.4930816417762,0.08922639306897029
2024-09-19,HAR-RV-J,1,-7.62533614746632,-7.412046635779309,-0.2132895116870106
2024-09-20,HAR-RV-J,1,-9.118912980170885,-7.6416541633477735,-1.4772588168231113
2024-09-21,HAR-RV-J,1,-8.210854186197356,-7.583991339232279,-0.6268628469650768
2024-09-22,HAR-RV-J,1,-7.594933488516639,-7.5215810919766355,-0.07335239654000336
2024-09-23,HAR-RV-J,1,-7.695982377007085,-7.8022686150543095,0.10628623804722448
2024-09-24,HAR-RV-J,1,-7.912236774178686,-7.729200216522966,-0.18303655765571936
2024-09-25,HAR-RV-J,1,-7.548593418115738,-7.776386851707687,0.22779343359194915
2024-09-26,HAR-RV-J,1,-8.156771512470494,-7.87929527281358,-0.2774762396569139
2024-09-27,HAR-RV-J,1,-9.137411157807458,-7.747055135948475,-1.3903560218589828
2024-09-28,HAR-RV-J,1,-9.22010927366513,-7.815954713954967,-1.4041545597101637
2024-09-29,HAR-RV-J,1,-7.657672162115085,-7.858073615966449,0.20040145385136388
2024-09-30,HAR-RV-J,1,-7.16418081548918,-8.047699179382228,0.8835183638930477
2024-10-01,HAR-RV-J,1,-6.873239201215958,-7.855948926879792,0.9827097256638337
2024-10-02,HAR-RV-J,1,-7.372161845921349,-7.619334331666157,0.24717248574480788
2024-10-03,HAR-RV-J,1,-7.762377171311247,-7.485685166917906,-0.2766920043933405
2024-10-04,HAR-RV-J,1,-9.410517858234718,-7.770597792041451,-1.639920066193267
2024-10-05,HAR-RV-J,1,-8.859802514595454,-7.723579610481331,-1.1362229041141232
2024-10-06,HAR-RV-J,1,-7.354846982929903,-7.628970805847345,0.2741238229174421
2024-10-07,HAR-RV-J,1,-7.717832727168758,-7.954716277620586,0.23688355045182874
2024-10-08,HAR-RV-J,1,-7.9430170498383745,-7.7469725262654565,-0.19604452357291802
2024-10-09,HAR-RV-J,1,-7.587117550241822,-7.925897963410974,0.3387804131691521
2024-10-10,HAR-RV-J,1,-7.8173580785041725,-8.050047619004788,0.23268954050061552
2024-10-11,HAR-RV-J,1,-8.746814229333626,-7.9193412022803145,-0.8274730270533119
2024-10-12,HAR-RV-J,1,-8.44461347063351,-7.972273996495688,-0.4723394741378213
2024-10-13,HAR-RV-J,1,-7.511216222523129,-7.967295912480764,0.4560796899576349
2024-10-14,HAR-RV-J,1,-6.879154515339575,-8.107844932749178,1.2286904174096023
2024-10-15,HAR-RV-J,1,-7.561391084229369,-7.874249117005396,0.31285803277602753
2024-10-16,HAR-RV-J,1,-7.954807249048968,-7.555620553636989,-0.39918669541197893
2024-10-17,HAR-RV-J,1,-7.899727601495052,-7.901451056099149,0.0017234546040967302
2024-10-18,HAR-RV-J,1,-9.798785632524316,-7.912076731887338,-1.886708900636978
2024-10-19,HAR-RV-J,1,-9.000277471682907,-7.86631256412848,-1.133964907554427
2024-10-20,HAR-RV-J,1,-7.724745468477852,-7.768334297052816,0.04358882857496482
2024-10-21,HAR-RV-J,1,-7.774179791525233,-8.201452895323332,0.4272731037980986
2024-10-22,HAR-RV-J,1,-7.863362515397026,-7.9260452702164,0.0626827548193738
2024-10-23,HAR-RV-J,1,-8.018551193752419,-7.957245291411378,-0.06130590234104094
2024-10-24,HAR-RV-J,1,-6.898530866282754,-8.017645876109935,1.1191150098271807
2024-10-25,HAR-RV-J,1,-8.921658190779526,-8.157613929970172,-0.7640442608093547
2024-10-26,HAR-RV-J,1,-9.079636360099444,-7.626202171686316,-1.4534341884131283
2024-10-27,HAR-RV-J,1,-7.784069601964099,-7.905516560731478,0.12144695876737899
2024-10-28,HAR-RV-J,1,-7.368623299413477,-8.024744047757405,0.6561207483439286
2024-10-29,HAR-RV-J,1,-7.512997901045132,-8.018634852022997,0.5056369509778644
2024-10-30,HAR-RV-J,1,-7.671750079550882,-7.820795479229961,0.14904539967907926
2024-10-31,HAR-RV-J,1,-6.998467037027406,-7.8760901621532,0.877623125125794
2024-11-01,HAR-RV-J,1,-8.813773417610177,-7.981702004478675,-0.8320714131315023
2024-11-02,HAR-RV-J,1,-7.784664629556363,-7.67460444409337,-0.11006018546299323
2024-11-03,HAR-RV-J,1,-7.509206844606907,-7.756734969678297,0.24752812507138966
2024-11-04,HAR-RV-J,1,-7.320254941313007,-8.027301648825079,0.7070467075120712
2024-11-05,HAR-RV-J,1,-6.357178323463686,-7.885243118830086,1.5280647953664
2024-11-06,HAR-RV-J,1,-7.505193457512192,-7.791579939060682,0.2863864815484902
2024-11-07,HAR-RV-J,1,-7.882091528500882,-7.294405604310194,-0.587685924190688
2024-11-08,HAR-RV-J,1,-8.951124037321541,-7.7673354850411895,-1.183788552280352
2024-11-09,HAR-RV-J,1,-6.982350958300895,-7.688316565281065,0.7059656069801701
2024-11-10,HAR-RV-J,1,-6.610143513022823,-7.645234294779348,1.0350907817565247
2024-11-11,HAR-RV-J,1,-5.89742196217559,-7.583457821257289,1.6860358590816986
2024-11-12,HAR-RV-J,1,-5.970825445834223,-7.335294061479556,1.3644686156453325
2024-11-13,HAR-RV-J,1,-6.298780197423048,-6.96826850844991,0.6694883110268615
2024-11-14,HAR-RV-J,1,-6.69026855754187,-7.014194341957225,0.3239257844153549
2024-11-15,HAR-RV-J,1,-7.962925402749825,-7.214167361740106,-0.7487580410097188
2024-11-16,HAR-RV-J,1,-7.719913234094788,-7.093913286684381,-0.6259999474104072
2024-11-17,HAR-RV-J,1,-6.813641525214108,-6.9867773262095145,0.17313580099540626
2024-11-18,HAR-RV-J,1,-7.123061515534054,-7.251433020765183,0.1283715052311285
2024-11-19,HAR-RV-J,1,-7.349584827177568,-7.308497818662067,-0.04108700851550129
2024-11-20,HAR-RV-J,1,-6.9277588146226785,-7.43754141326132,0.5097825986386413
2024-11-21,HAR-RV-J,1,-7.639603303246092,-7.540189184465469,-0.099414118780623
2024-11-22,HAR-RV-J,1,-8.458730870211758,-7.331069280396543,-1.1276615898152151
2024-11-23,HAR-RV-J,1,-7.906636805257383,-7.353855477952498,-0.5527813273048849
2024-11-24,HAR-RV-J,1,-6.845783544407805,-7.3987377023574155,0.5529541579496104
2024-11-25,HAR-RV-J,1,-6.704121318827724,-7.609548254603461,0.9054269357757372
2024-11-26,HAR-RV-J,1,-7.421131408187987,-7.232577860180618,-0.188553548007369
2024-11-27,HAR-RV-J,1,-7.777480941685613,-7.14667950561021,-0.6308014360754024
2024-11-28,HAR-RV-J,1,-7.7915055329164575,-7.535067744558873,-0.2564377883575846
2024-11-29,HAR-RV-J,1,-8.944575839059315,-7.429550477740417,-1.515025361318898
2024-11-30,HAR-RV-J,1,-8.526681786585359,-7.4217277196918685,-1.10495406689349
2024-12-01,HAR-RV-J,1,-7.2277762188452845,-7.4343952127481,0.2066189939028158
2024-12-02,HAR-RV-J,1,-7.477860175072574,-7.756659964678666,0.27879978960609186
2024-12-03,HAR-RV-J,1,-7.352016227925319,-7.411026732083586,0.05901050415826692
2024-12-04,HAR-RV-J,1,-5.520755763032788,-7.5701518083269885,2.0493960452942
2024-12-05,HAR-RV-J,1,-7.056676956855624,-7.545289237775582,0.48861228091995823
2024-12-06,HAR-RV-J,1,-8.28612317218258,-6.655541427171027,-1.6305817450115523
2024-12-07,HAR-RV-J,1,-8.152794625419403,-7.437055542391452,-0.7157390830279518
2024-12-08,HAR-RV-J,1,-6.452164940538162,-7.306378141020839,0.8542132004826772
2024-12-09,HAR-RV-J,1,-6.668355412158304,-7.4267657784447305,0.7584103662864266
2024-12-10,HAR-RV-J,1,-7.380414836630238,-7.206477381913842,-0.17393745471639566
2024-12-11,HAR-RV-J,1,-7.347004798406336,-7.284541303753932,-0.06246349465240364
2024-12-12,HAR-RV-J,1,-7.800269430130499,-7.654346504789688,-0.14592292534081164
2024-12-13,HAR-RV-J,1,-8.329129180116265,-7.550801984826229,-0.7783271952900357
2024-12-14,HAR-RV-J,1,-7.954173621957407,-7.416036556232735,-0.5381370657246727
2024-12-15,HAR-RV-J,1,-7.167863912303163,-7.535377433019893,0.36751352071672994
2024-12-16,HAR-RV-J,1,-7.46114260237137,-7.781030929042182,0.3198883266708119
2024-12-17,HAR-RV-J,1,-6.653480385951037,-7.50494699594054,0.8514666099895027
2024-12-18,HAR-RV-J,1,-6.215955295754829,-7.669795687530235,1.4538403917754064
2024-12-19,HAR-RV-J,1,-6.2286006577328035,-7.274672295435153,1.0460716377023491
2024-12-20,HAR-RV-J,1,-7.472773492215739,-7.080328347006757,-0.3924451452089821
2024-12-21,HAR-RV-J,1,-7.349660055218582,-7.102995223759752,-0.24666483145882978
2024-12-22,HAR-RV-J,1,-6.8404400613287955,-7.229388600145392,0.38894853881659674
2024-12-23,HAR-RV-J,1,-7.374187208078972,-7.212059096118182,-0.16212811196079002
2024-12-24,HAR-RV-J,1,-7.715762789103233,-7.324939499171668,-0.3908232899315651
2024-12-25,HAR-RV-J,1,-7.307697534873444,-7.341200770051501,0.03350323517805709
2024-12-26,HAR-RV-J,1,-7.106588924470662,-7.447653117854857,0.34106419338419514
2024-12-27,HAR-RV-J,1,-8.634132442724063,-7.518822479716679,-1.115309963007384
2024-12-28,HAR-RV-J,1,-8.326756050975344,-7.455135096287669,-0.8716209546876756
2024-12-29,HAR-RV-J,1,-7.3543943334481,-7.456559234368692,0.1021649009205916
2024-12-30,HAR-RV-J,1,-7.276893060792656,-7.654415706780927,0.3775226459882717
2024-12-31,HAR-RV-J,1,-8.238782332690736,-7.529760376203306,-0.7090219564874296
2025-01-01,HAR-RV-J,1,-7.367896287600902,-7.506983089553858,0.13908680195295542
2025-01-02,HAR-RV-J,1,-8.097617541330267,-7.803439921020479,-0.2941776203097888
2025-01-03,HAR-RV-J,1,-9.19804542909942,-7.5928119670296494,-1.6052334620697701
2025-01-04,HAR-RV-J,1,-8.787325094170878,-7.671154819612237,-1.116170274558641
2025-01-05,HAR-RV-J,1,-7.415021751205516,-7.65138646678208,0.23636471557656424
2025-01-06,HAR-RV-J,1,-7.590481289361926,-7.959290074504015,0.3688087851420887
2025-01-07,HAR-RV-J,1,-6.90681582272137,-7.595122762976294,0.6883069402549236
2025-01-08,HAR-RV-J,1,-6.968115739055578,-7.691067643989064,0.7229519049334865
2025-01-09,HAR-RV-J,1,-6.709305206835529,-7.350440796937009,0.6411355901014799
2025-01-10,HAR-RV-J,1,-8.995729032967116,-7.460192905748189,-1.5355361272189274
2025-01-11,HAR-RV-J,1,-8.852150045924287,-7.402776695815055,-1.4493733501092319
2025-01-12,HAR-RV-J,1,-6.553319507908563,-7.390990539906891,0.8376710319983278
2025-01-13,HAR-RV-J,1,-7.303486208762694,-7.6181001634110865,0.3146139546483928
2025-01-14,HAR-RV-J,1,-7.312096925574036,-7.304022247101169,-0.008074678472866914
2025-01-15,HAR-RV-J,1,-7.391486709026281,-7.709797749563624,0.3183110405373428
2025-01-16,HAR-RV-J,1,-7.511145310148465,-7.692459281218324,0.18131397106985858
2025-01-17,HAR-RV-J,1,-7.438401020768668,-7.783733595966989,0.34533257519832095
2025-01-18,HAR-RV-J,1,-6.148112404271952,-7.658948350688771,1.5108359464168188
2025-01-19,HAR-RV-J,1,-5.214773987217453,-7.799235621650765,2.5844616344333122
2025-01-20,HAR-RV-J,1,-6.34915971482197,-7.123821039791744,0.7746613249697738
2025-01-21,HAR-RV-J,1,-7.594519813201731,-6.62288854412752,-0.9716312690742113
2025-01-22,HAR-RV-J,1,-5.989812005402478,-7.25297775655567,1.263165751153192
2025-01-23,HAR-RV-J,1,-7.355564283258395,-7.082531035353584,-0.2730332479048103
2025-01-24,HAR-RV-J,1,-8.788612678268954,-7.063631972456898,-1.7249807058120563
2025-01-25,HAR-RV-J,1,-8.623226788453762,-7.0724294877873035,-1.5507973006664582
2025-01-26,HAR-RV-J,1,-6.548166225847454,-7.15905571791679,0.6108894920693366
2025-01-27,HAR-RV-J,1,-7.335119722465245,-7.480859466894461,0.1457397444292159
2025-01-28,HAR-RV-J,1,-7.350021545427285,-7.1344488356636955,-0.2155727097635891
2025-01-29,HAR-RV-J,1,-7.86523565131056,-7.502859489131353,-0.3623761621792072
2025-01-30,HAR-RV-J,1,-7.64515655585875,-7.505816798163056,-0.1393397576956943
2025-01-31,HAR-RV-J,1,-8.395509658549456,-7.569840495824086,-0.8256691627253696
2025-02-01,HAR-RV-J,1,-7.035755186208709,-7.519723239358305,0.4839680531495958
2025-02-02,HAR-RV-J,1,-5.95199845728886,-7.587929169460757,1.6359307121718976
2025-02-03,HAR-RV-J,1,-6.579587906443687,-7.381635261097568,0.8020473546538804
2025-02-04,HAR-RV-J,1,-7.222214210843608,-6.797067926754513,-0.4251462840890943
2025-02-05,HAR-RV-J,1,-7.456911400328808,-7.166565644720696,-0.2903457556081124
2025-02-06,HAR-RV-J,1,-7.097257483150888,-7.367721110210989,0.2704636270601011
2025-02-07,HAR-RV-J,1,-8.810076811866075,-7.187777135497475,-1.6222996763686002
2025-02-08,HAR-RV-J,1,-8.10773415201615,-7.289806741458805,-0.8179274105573446
2025-02-09,HAR-RV-J,1,-7.786812840962016,-7.215445464853919,-0.5713673761080971
2025-02-10,HAR-RV-J,1,-8.095685364957285,-7.614198638609504,-0.48148672634778134
2025-02-11,HAR-RV-J,1,-6.962691557561749,-7.755589035189144,0.7928974776273945
2025-02-12,HAR-RV-J,1,-7.850939573833918,-7.864811474463112,0.0138719006291943
2025-02-13,HAR-RV-J,1,-7.6048640411791055,-7.38041813913197,-0.22444590204713588
2025-02-14,HAR-RV-J,1,-9.31204237724052,-7.810390403128677,-1.5016519741118426
2025-02-15,HAR-RV-J,1,-9.354075786569943,-7.805391638311561,-1.5486841482583822
2025-02-16,HAR-RV-J,1,-8.328308753403542,-7.618503213355489,-0.7098055400480527
2025-02-17,HAR-RV-J,1,-7.735386570485104,-7.779721696732763,0.04433512624765967
2025-02-18,HAR-RV-J,1,-8.074161026658576,-8.099300018481046,0.025138991822469592
2025-02-19,HAR-RV-J,1,-8.388064413225592,-7.81526034640081,-0.5728040668247827
2025-02-20,HAR-RV-J,1,-7.422492670788367,-7.994179916549778,0.5716872457614111
2025-02-21,HAR-RV-J,1,-9.351071668633756,-8.201628864434333,-1.1494428041994222
2025-02-22,HAR-RV-J,1,-9.327182940847992,-7.759229993298199,-1.5679529475497933
2025-02-23,HAR-RV-J,1,-7.366790273234517,-7.856742570693657,0.4899522974591406
2025-02-24,HAR-RV-J,1,-6.241011939761488,-8.088725702443682,1.8477137626821944
2025-02-25,HAR-RV-J,1,-6.08442226100039,-7.726706074603202,1.6422838136028117
2025-02-26,HAR-RV-J,1,-6.878853344044446,-7.1978611975983995,0.3190078535539538
2025-02-27,HAR-RV-J,1,-5.588570041559089,-7.147913927702754,1.5593438861436644
2025-02-28,HAR-RV-J,1,-7.482186017843935,-7.651003144587457,0.16881712674352212
2025-03-01,HAR-RV-J,1,-6.026685262486463,-7.049297227626463,1.0226119651399994
2025-03-02,HAR-RV-J,1,-6.005721130764149,-7.23958175754247,1.2338606267783208
2025-03-03,HAR-RV-J,1,-5.832575425345344,-7.249477584195462,1.4169021588501183
2025-03-04,HAR-RV-J,1,-6.528431978871631,-7.197457538928769,0.669025560057138
2025-03-05,HAR-RV-J,1,-6.412729998936713,-7.102063352223483,0.68933335328677
2025-03-06,HAR-RV-J,1,-5.651155219226064,-7.291559592550333,1.6404043733242686
2025-03-07,HAR-RV-J,1,-7.82002049036847,-7.174669967165746,-0.6453505232027235
2025-03-08,HAR-RV-J,1,-7.116223896566312,-6.893922605882093,-0.22230129068421878
2025-03-09,HAR-RV-J,1,-5.949376876735946,-6.88764953493011,0.9382726581941636
2025-03-10,HAR-RV-J,1,-6.2051256349718855,-7.221678722685196,1.0165530877133104
2025-03-11,HAR-RV-J,1,-6.9226794457074154,-6.869312982086926,-0.053366463620489135
2025-03-12,HAR-RV-J,1,-7.250092425539886,-6.9794869592784465,-0.2706054662614399
2025-03-13,HAR-RV-J,1,-7.447118934719969,-7.220658607540617,-0.2264603271793515
2025-03-14,HAR-RV-J,1,-8.898459551988159,-7.033333897998707,-1.8651256539894518
2025-03-15,HAR-RV-J,1,-7.329432996679352,-7.0063466524089035,-0.3230863442704486
2025-03-16,HAR-RV-J,1,-7.67080326390782,-7.010583723072609,-0.660219540835211
2025-03-17,HAR-RV-J,1,-7.616041619926752,-7.382606487313466,-0.23343513261328575
2025-03-18,HAR-RV-J,1,-7.472221310413124,-7.51813085747792,0.04590954706479611
2025-03-19,HAR-RV-J,1,-7.439639310421675,-7.479098450499104,0.039459140077429566
2025-03-20,HAR-RV-J,1,-7.976296204139535,-7.420192801638428,-0.5561034025011073
2025-03-21,HAR-RV-J,1,-9.81200323221424,-7.478366022506022,-2.3336372097082174
2025-03-22,HAR-RV-J,1,-8.77472856117907,-7.490082634381256,-1.2846459267978148
2025-03-23,HAR-RV-J,1,-7.738805643991428,-7.316256802675957,-0.42254884131547144
2025-03-24,HAR-RV-J,1,-7.907900185694711,-7.8132199496618915,-0.09468023603281939
2025-03-25,HAR-RV-J,1,-7.926440425992742,-7.660145581596179,-0.2662948443965627
2025-03-26,HAR-RV-J,1,-8.15773669999174,-7.7763695875320185,-0.38136711245972066
2025-03-27,HAR-RV-J,1,-7.842789124023152,-7.828274423089322,-0.014514700933830227
2025-03-28,HAR-RV-J,1,-8.003994184702773,-8.001920279079172,-0.002073905623600325
2025-03-29,HAR-RV-J,1,-8.165887428032145,-7.931729202547508,-0.23415822548463616
2025-03-30,HAR-RV-J,1,-7.254418259891095,-8.02747065032579,0.773052390434696
2025-03-31,HAR-RV-J,1,-7.756757128271761,-8.022114662015023,0.2653575337432619
2025-04-01,HAR-RV-J,1,-6.587482790091052,-7.650775184084221,1.0632923939931693
2025-04-02,HAR-RV-J,1,-7.252194880144823,-7.987853968628551,0.735659088483728
2025-04-03,HAR-RV-J,1,-6.63516370951007,-7.3656146044906485,0.7304508949805788
2025-04-04,HAR-RV-J,1,-8.681969956851141,-7.7811104022791735,-0.9008595545719675
2025-04-05,HAR-RV-J,1,-7.188412492677708,-7.467538177979414,0.2791256853017057
2025-04-06,HAR-RV-J,1,-5.629049006791348,-7.490330209223105,1.8612812024317567
2025-04-07,HAR-RV-J,1,-6.933967406336497,-7.748982937203528,0.815015530867031
2025-04-08,HAR-RV-J,1,-5.92065466170989,-6.845921034308594,0.9252663725987036
2025-04-09,HAR-RV-J,1,-7.031037787314499,-7.6024775725002876,0.5714397851857882
2025-04-10,HAR-RV-J,1,-7.032090018849573,-7.008044328367495,-0.02404569048207783
2025-04-11,HAR-RV-J,1,-7.79990038655869,-7.276147623881913,-0.5237527626767768
2025-04-12,HAR-RV-J,1,-7.287263687197286,-7.237405064690882,-0.04985862250640416
2025-04-13,HAR-RV-J,1,-7.167014962280521,-7.311280802964688,0.1442658406841666
2025-04-14,HAR-RV-J,1,-7.777788884630375,-7.4670930882229944,-0.3106957964073809
2025-04-15,HAR-RV-J,1,-7.413189676387737,-7.563585542922325,0.1503958665345877
2025-04-16,HAR-RV-J,1,-8.268721841318316,-7.5729642711531255,-0.6957575701651901
2025-04-17,HAR-RV-J,1,-9.681279444888752,-7.658820194226649,-2.022459250662102
2025-04-18,HAR-RV-J,1,-9.171548905690758,-7.543909868999731,-1.6276390366910265
2025-04-19,HAR-RV-J,1,-9.01552740253416,-7.496594216630125,-1.518933185904034
2025-04-20,HAR-RV-J,1,-7.457356285992482,-7.952910662543502,0.49555437655101997
2025-04-21,HAR-RV-J,1,-6.979201722253075,-8.191257206534763,1.212055484281688
2025-04-22,HAR-RV-J,1,-7.403345870725576,-7.529747048901255,0.12640117817567909
2025-04-23,HAR-RV-J,1,-8.021045389721651,-7.289878738630447,-0.731166651091204
2025-04-24,HAR-RV-J,1,-7.797960553044787,-7.615366316928717,-0.18259423611606973
2025-04-25,HAR-RV-J,1,-8.912576429259436,-7.829030185546287,-1.0835462437131493
2025-04-26,HAR-RV-J,1,-8.579169330655771,-7.736393332759682,-0.8427759978960898
2025-04-27,HAR-RV-J,1,-7.92097208375074,-7.663226417667482,-0.2577456660832578
2025-04-28,HAR-RV-J,1,-8.087519781534887,-7.9779624549576305,-0.10955732657725648
2025-04-29,HAR-RV-J,1,-8.023455793775357,-7.966446727920623,-0.057009065854733976
2025-04-30,HAR-RV-J,1,-8.09456339337235,-8.105299744867576,0.010736351495225449
2025-05-01,HAR-RV-J,1,-8.294066343106515,-8.079208305941965,-0.2148580371645501
2025-05-02,HAR-RV-J,1,-9.46541060137628,-8.188017611147535,-1.277392990228746
2025-05-03,HAR-RV-J,1,-8.596552100361416,-8.159683414231932,-0.4368686861294844
2025-05-04,HAR-RV-J,1,-8.166003817373237,-8.083440042141909,-0.0825637752313284
2025-05-05,HAR-RV-J,1,-8.013724640481898,-8.417433854838698,0.40370921435679996
2025-05-06,HAR-RV-J,1,-7.894201229610753,-8.263239141172374,0.36903791156162047
2025-05-07,HAR-RV-J,1,-7.474703553304063,-8.191323064365715,0.7166195110616522
2025-05-08,HAR-RV-J,1,-7.7544076279684,-8.137054743452985,0.38264711548458497
2025-05-09,HAR-RV-J,1,-8.51169203750711,-7.961196240120542,-0.5504957973865681
2025-05-10,HAR-RV-J,1,-7.894756830708296,-8.152840141794112,0.25808331108581584
2025-05-11,HAR-RV-J,1,-7.171315375183232,-8.053976540599063,0.882661165415831
2025-05-12,HAR-RV-J,1,-7.898122089143746,-8.183502887394038,0.2853807982502925
2025-05-13,HAR-RV-J,1,-8.318310440418038,-7.751970646689414,-0.5663397937286243
2025-05-14,HAR-RV-J,1,-7.7147571999584414,-8.125980493506713,0.4112232935482716
2025-05-15,HAR-RV-J,1,-8.244800643227538,-8.10621859700968,-0.1385820462178593
2025-05-16,HAR-RV-J,1,-8.88548365814237,-8.101794605057687,-0.7836890530846823
2025-05-17,HAR-RV-J,1,-7.9130966647344225,-8.07214832308359,0.1590516583491679
2025-05-18,HAR-RV-J,1,-7.475391981698435,-8.141967850018197,0.6665758683197627
2025-05-19,HAR-RV-J,1,-7.413492676031776,-8.146681001546549,0.7331883255147726
2025-05-20,HAR-RV-J,1,-6.9048202411259405,-7.90420822839388,0.9993879872679399
2025-05-21,HAR-RV-J,1,-7.5998782354004675,-7.870154633883187,0.27027639848271967
2025-05-22,HAR-RV-J,1,-7.443883442529285,-7.6029382501200224,0.15905480759073765
2025-05-23,HAR-RV-J,1,-8.225636513265073,-7.922255553589871,-0.3033809596752022
2025-05-24,HAR-RV-J,1,-8.196992018610825,-7.887621519635106,-0.3093704989757189
2025-05-25,HAR-RV-J,1,-8.288440304342084,-7.764028942109187,-0.5244113622328967
2025-05-26,HAR-RV-J,1,-7.940076582517803,-7.857649216039447,-0.08242736647835613
2025-05-27,HAR-RV-J,1,-8.336031186903472,-8.016157174335252,-0.3198740125682207
2025-05-28,HAR-RV-J,1,-7.769467517478563,-8.091163040476694,0.3216955229981311
2025-05-29,HAR-RV-J,1,-7.728674501465333,-8.173664081900723,0.44498958043539005
2025-05-30,HAR-RV-J,1,-8.421598154519437,-7.980686691704577,-0.44091146281486004
2025-05-31,HAR-RV-J,1,-8.743472246073782,-7.978854802444119,-0.7646174436296631
2025-06-01,HAR-RV-J,1,-8.184430028615092,-8.056537114243362,-0.12789291437172956
2025-06-02,HAR-RV-J,1,-8.331213911925008,-8.07852491395931,-0.25268899796569855
2025-06-03,HAR-RV-J,1,-8.71279939743139,-8.223249425085342,-0.48954997234604747
2025-06-04,HAR-RV-J,1,-7.51988335958094,-8.278814631515935,0.758931271934995
2025-06-05,HAR-RV-J,1,-8.345664194572562,-8.318825019508713,-0.026839175063848586
2025-06-06,HAR-RV-J,1,-9.05218826005398,-7.847595549911009,-1.20459271014297
2025-06-07,HAR-RV-J,1,-9.384555576107418,-8.246245404900268,-1.1383101712071504
2025-06-08,HAR-RV-J,1,-7.968985833169205,-8.178321760740934,0.20933592757172903
2025-06-09,HAR-RV-J,1,-8.125005944838898,-8.23739783293869,0.11239188809979161
2025-06-10,HAR-RV-J,1,-8.19082610478049,-8.120750252793329,-0.07007585198716093
2025-06-11,HAR-RV-J,1,-7.927023759209108,-8.201312497427253,0.2742887382181447
2025-06-12,HAR-RV-J,1,-7.443188684929166,-8.258542852834216,0.81535416790505
2025-06-13,HAR-RV-J,1,-9.05726972859608,-8.163330638323025,-0.8939390902730544
2025-06-14,HAR-RV-J,1,-8.953471985164441,-7.95525304378017,-0.9982189413842715
2025-06-15,HAR-RV-J,1,-8.110641264350848,-8.085901907162931,-0.024739357187916866
2025-06-16,HAR-RV-J,1,-7.806286485181062,-8.241368474089539,0.43508198890847716
2025-06-17,HAR-RV-J,1,-7.866192379807445,-8.31080410479142,0.4446117249839743
2025-06-18,HAR-RV-J,1,-8.633468871743753,-8.131759560366532,-0.5017093113772209
2025-06-19,HAR-RV-J,1,-7.900331132706684,-8.149178602738886,0.2488474700322012
2025-06-20,HAR-RV-J,1,-7.967196587131996,-8.300534934103663,0.33333834697166687
2025-06-21,HAR-RV-J,1,-7.027680658640498,-8.230240574081922,1.202559915441424
2025-06-22,HAR-RV-J,1,-7.236497370232764,-8.27853347105107,1.0420361008183052
2025-06-23,HAR-RV-J,1,-8.149886293035856,-7.751065480883605,-0.39882081215225096
2025-06-24,HAR-RV-J,1,-8.176305065875129,-7.868470018987764,-0.30783504688736496
2025-06-25,HAR-RV-J,1,-8.376095118293176,-7.984932234196184,-0.3911628840969916
2025-06-26,HAR-RV-J,1,-8.542770722531861,-8.010357705551385,-0.5324130169804757
2025-06-27,HAR-RV-J,1,-10.649971722513076,-7.99997285333632,-2.6499988691767555
2025-06-28,HAR-RV-J,1,-9.316586495538738,-8.17291791065229,-1.1436685848864485
2025-06-29,HAR-RV-J,1,-8.62277199796468,-8.057871377959586,-0.5649006200050941
2025-06-30,HAR-RV-J,1,-8.642591743070529,-8.591237426648197,-0.05135431642233179
2025-07-01,HAR-RV-J,1,-8.308439939764494,-8.423547636082734,0.11510769631824047
2025-07-02,HAR-RV-J,1,-8.29396771419438,-8.436356518362944,0.14238880416856325
2025-07-03,HAR-RV-J,1,-8.898524051817713,-8.259822077675267,-0.638701974142446
2025-07-04,HAR-RV-J,1,-9.987284347496226,-8.35138101696348,-1.6359033305327468
2025-07-05,HAR-RV-J,1,-9.36677210235694,-8.446582369445334,-0.9201897329116058
2025-07-06,HAR-RV-J,1,-8.713378263033814,-8.361074530156404,-0.35230373287740946
2025-07-07,HAR-RV-J,1,-8.902586131499698,-8.638995046026487,-0.26359108547321064
2025-07-08,HAR-RV-J,1,-8.29417874240117,-8.581958075227787,0.2877793328266165
2025-07-09,HAR-RV-J,1,-7.209350045659884,-8.68049141041956,1.471141364759676
2025-07-10,HAR-RV-J,1,-7.867944834377488,-8.363164104275912,0.49521926989842413
2025-07-11,HAR-RV-J,1,-9.356431837546369,-7.840106585967938,-1.5163252515784311
2025-07-12,HAR-RV-J,1,-8.773942349578554,-8.267105992728794,-0.5068363568497603
2025-07-13,HAR-RV-J,1,-7.481016702523509,-8.239869000807218,0.7588522982837089
2025-07-14,HAR-RV-J,1,-7.254884046098786,-8.401817452434987,1.146933406336201
2025-07-15,HAR-RV-J,1,-7.906106583346014,-8.107396906813875,0.20129032346786158
2025-07-16,HAR-RV-J,1,-7.750043741635851,-7.976338515499702,0.22629477386385055
2025-07-17,HAR-RV-J,1,-7.925867888823022,-8.343329855082317,0.4174619662592951
2025-07-18,HAR-RV-J,1,-9.191851708958271,-8.312041764930349,-0.8798099440279223
2025-07-19,HAR-RV-J,1,-8.749889889500176,-8.208734379125442,-0.5411555103747343
2025-07-20,HAR-RV-J,1,-8.062198643566044,-8.079715515033232,0.01751687146718872
2025-07-21,HAR-RV-J,1,-7.740429316317312,-8.367900168021961,0.6274708517046497
2025-07-22,HAR-RV-J,1,-8.047332828013449,-8.327377729544938,0.28004490153148964
2025-07-23,HAR-RV-J,1,-8.253076728769177,-8.127009034067232,-0.1260676947019448
2025-07-24,HAR-RV-J,1,-7.605517370811197,-8.287931879019235,0.682414508208038
2025-07-25,HAR-RV-J,1,-9.606954095499765,-8.373731321388801,-1.2332227741109634
2025-07-26,HAR-RV-J,1,-8.981033746649764,-8.109583675846308,-0.8714500708034567
2025-07-27,HAR-RV-J,1,-8.30508496766559,-8.035015772749379,-0.2700691949162106
2025-07-28,HAR-RV-J,1,-8.268215689597376,-8.360285295697503,0.09206960610012693
2025-07-29,HAR-RV-J,1,-8.393240576178409,-8.358315746378699,-0.03492482979971001
2025-07-30,HAR-RV-J,1,-8.520230588607557,-8.328495357005291,-0.1917352316022658
2025-07-31,HAR-RV-J,1,-7.533737412187012,-8.357730915395893,0.8239935032088805
2025-08-01,HAR-RV-J,1,-8.568970525996992,-8.458698905849921,-0.11027162014707059
2025-08-02,HAR-RV-J,1,-9.01457508878402,-7.979923955792777,-1.034651132991244
2025-08-03,HAR-RV-J,1,-8.64759502280641,-8.308107199554886,-0.33948782325152393
2025-08-04,HAR-RV-J,1,-8.327990264931364,-8.269687537586467,-0.05830272734489661
2025-08-05,HAR-RV-J,1,-8.51421068372607,-8.407231379576404,-0.10697930414966628
2025-08-06,HAR-RV-J,1,-8.532403748070708,-8.411282300536882,-0.12112144753382559
2025-08-07,HAR-RV-J,1,-8.651182815348951,-8.498244098838217,-0.1529387165107341
2025-08-08,HAR-RV-J,1,-9.32597851139552,-8.52135402717898,-0.8046244842165411
2025-08-09,HAR-RV-J,1,-8.441043602227696,-8.528599785340242,0.08755618311254665
2025-08-10,HAR-RV-J,1,-7.811382584426513,-8.444043649339083,0.6326610649125701
2025-08-11,HAR-RV-J,1,-8.297044334912817,-8.485936897189934,0.18889256227711648
2025-08-12,HAR-RV-J,1,-7.759195959681331,-8.13579017255487,0.3765942128735391
2025-08-13,HAR-RV-J,1,-6.9615054586384755,-8.430961932243621,1.4694564736051454
2025-08-14,HAR-RV-J,1,-8.400633017404333,-8.159370117909855,-0.24126289949447788
2025-08-15,HAR-RV-J,1,-9.797853695149604,-7.781937354882581,-2.0159163402670224
2025-08-16,HAR-RV-J,1,-9.5559821565806,-8.133548466661495,-1.4224336899191048
2025-08-17,HAR-RV-J,1,-8.156814886452334,-8.020271088099262,-0.13654379835307218
2025-08-18,HAR-RV-J,1,-8.142712241205171,-8.253894648345128,0.11118240713995675
2025-08-19,HAR-RV-J,1,-8.113278831395304,-8.339758532083497,0.22647970068819312
2025-08-20,HAR-RV-J,1,-8.175195141952578,-8.277243826372608,0.1020486844200299
2025-08-21,HAR-RV-J,1,-7.391375071440983,-8.27010335063557,0.8787282791945863
2025-08-22,HAR-RV-J,1,-9.155666824013634,-8.37238821796622,-0.7832786060474142
2025-08-23,HAR-RV-J,1,-7.722034948084426,-7.998813368436778,0.27677842035235223
2025-08-24,HAR-RV-J,1,-7.330218334497994,-8.165299731575281,0.8350813970772872
2025-08-25,HAR-RV-J,1,-7.622910020795579,-8.178519689017463,0.5556096682218845
2025-08-26,HAR-RV-J,1,-8.082710716050025,-7.956137596059534,-0.12657311999049092
2025-08-27,HAR-RV-J,1,-8.403842583904545,-8.132962647172473,-0.2708799367320722
2025-08-28,HAR-RV-J,1,-8.0046493464786,-8.27620013777582,0.27155079129722104
2025-08-29,HAR-RV-J,1,-9.133680845548108,-8.08159314454297,-1.0520877010051386
2025-08-30,HAR-RV-J,1,-9.177958657568531,-8.229155565528501,-0.9488030920400305
2025-08-31,HAR-RV-J,1,-7.953683190386181,-8.134489637221478,0.18080644683529634
2025-09-01,HAR-RV-J,1,-7.872158994764496,-8.321152317678,0.4489933229135028
2025-09-02,HAR-RV-J,1,-8.182388144667684,-8.146347930801628,-0.03604021386605538
2025-09-03,HAR-RV-J,1,-8.292311256544016,-8.124641575906157,-0.16766968063785903
2025-09-04,HAR-RV-J,1,-8.049751286620033,-8.296716606408236,0.24696531978820246
2025-09-05,HAR-RV-J,1,-9.772848916168195,-8.410860572175753,-1.3619883439924418
2025-09-06,HAR-RV-J,1,-9.53452627568605,-8.346805455159164,-1.187720820526886
2025-09-07,HAR-RV-J,1,-8.677120971758,-8.103200364956813,-0.5739206068011882
2025-09-08,HAR-RV-J,1,-8.403115304394708,-8.389723827743783,-0.013391476650925327
2025-09-09,HAR-RV-J,1,-8.21218014894868,-8.531537498912389,0.3193573499637097
2025-09-10,HAR-RV-J,1,-8.499654294702792,-8.368327510196071,-0.13132678450672053
2025-09-11,HAR-RV-J,1,-8.617547509904476,-8.248638619582358,-0.3689088903221176
2025-09-12,HAR-RV-J,1,-9.831130650802836,-8.48725635156038,-1.3438742992424562
2025-09-13,HAR-RV-J,1,-9.54978554808957,-8.498747834523186,-1.0510377135663838
2025-09-14,HAR-RV-J,1,-8.439814402280856,-8.316627050409316,-0.12318735187153962
2025-09-15,HAR-RV-J,1,-8.792523838198322,-8.564474393380474,-0.22804944481784872
2025-09-16,HAR-RV-J,1,-8.101310617641094,-8.454687594867718,0.353376977226624
2025-09-17,HAR-RV-J,1,-8.766447689945338,-8.678878268834199,-0.08756942111113908
2025-09-18,HAR-RV-J,1,-9.267364905921823,-8.297830444088218,-0.9695344618336055
2025-09-19,HAR-RV-J,1,-10.6050280488101,-8.730031393634018,-1.8749966551760817
2025-09-20,HAR-RV-J,1,-10.133520913612236,-8.5608656311716,-1.5726552824406355
2025-09-21,HAR-RV-J,1,-7.891930026244774,-8.475369960557064,0.58343993431229
2025-09-22,HAR-RV-J,1,-8.692216418426757,-8.822106326825448,0.12988990839869174
2025-09-23,HAR-RV-J,1,-8.715111261187413,-8.15680572296624,-0.5583055382211732
2025-09-24,HAR-RV-J,1,-7.797766269227527,-8.655498429179838,0.8577321599523113
2025-09-25,HAR-RV-J,1,-8.199318457410062,-8.712374219933015,0.5130557625229528
2025-09-26,HAR-RV-J,1,-10.290127372923022,-8.293520057302876,-1.996607315620146
2025-09-27,HAR-RV-J,1,-9.254128583110203,-8.63613545685762,-0.6179931262525837
2025-09-28,HAR-RV-J,1,-8.541521038784206,-8.38753033976554,-0.15399069901866547
2025-09-29,HAR-RV-J,1,-8.603434629923894,-8.782927009921899,0.17949237999800438
2025-09-30,HAR-RV-J,1,-8.240112062129832,-8.715817936934311,0.4757058748044791
2025-10-01,HAR-RV-J,1,-8.296715658902626,-8.711379148117096,0.4146634892144707
2025-10-02,HAR-RV-J,1,-7.823921809963694,-8.488665932441112,0.6647441224774182
2025-10-03,HAR-RV-J,1,-9.45214532988536,-8.623500798729715,-0.8286445311556445
2025-10-04,HAR-RV-J,1,-7.695218782358524,-8.403959628616008,0.7087408462574833
2025-10-05,HAR-RV-J,1,-8.01510033381816,-8.45740585972704,0.44230552590888017
2025-10-06,HAR-RV-J,1,-7.842639336975692,-8.302019237633083,0.45937990065739065
2025-10-07,HAR-RV-J,1,-8.002081163490216,-8.476188854596774,0.4741076911065587
2025-10-08,HAR-RV-J,1,-8.012382804006961,-8.38420327883996,0.3718204748329992
2025-10-09,HAR-RV-J,1,-4.587612791666304,-8.455975804051572,3.8683630123852684
2025-10-10,HAR-RV-J,1,-7.115722376608375,-8.441472403717977,1.3257500271096028
2025-10-11,HAR-RV-J,1,-7.1264281234111495,-6.558922375955811,-0.5675057474553382
2025-10-12,HAR-RV-J,1,-7.601098600323596,-8.039295592305308,0.43819699198171236
2025-10-13,HAR-RV-J,1,-7.344241412122854,-7.878425535213309,0.5341841230904549
2025-10-14,HAR-RV-J,1,-7.591723650096573,-7.633831760858281,0.04210811076170806
2025-10-15,HAR-RV-J,1,-6.905012356907999,-7.614319111612577,0.7093067547045777
2025-10-16,HAR-RV-J,1,-7.053262415309131,-7.916679452158649,0.8634170368495182
2025-10-17,HAR-RV-J,1,-8.645181515778779,-7.70216481697304,-0.9430166988057387
2025-10-18,HAR-RV-J,1,-7.946925952270387,-7.772456870215102,-0.17446908205528544
2025-10-19,HAR-RV-J,1,-7.702435877483535,-7.648270218658437,-0.05416565882509783
2025-10-20,HAR-RV-J,1,-6.814365684609184,-7.904480220599881,1.090114535990697
2025-10-21,HAR-RV-J,1,-7.329678651800407,-7.967757993911434,0.6380793421110269
2025-10-22,HAR-RV-J,1,-7.503043703626393,-7.466094139868861,-0.03694956375753122
2025-10-23,HAR-RV-J,1,-8.016664491858316,-7.733987832103029,-0.2826766597552872
2025-10-24,HAR-RV-J,1,-9.436012357444428,-7.834660593293524,-1.6013517641509036
2025-10-25,HAR-RV-J,1,-8.127811371886041,-7.679187115766773,-0.4486242561192686
2025-10-26,HAR-RV-J,1,-8.31020361926275,-7.496139708311206,-0.8140639109515453
2025-10-27,HAR-RV-J,1,-7.874738990868753,-8.064537919224094,0.18979892835534073
2025-10-28,HAR-RV-J,1,-7.054000148404952,-8.151483770938139,1.0974836225331872
2025-10-29,HAR-RV-J,1,-7.043093926149241,-7.904239657901057,0.8611457317518161
2025-10-30,HAR-RV-J,1,-7.299625987456839,-7.449638326509735,0.15001233905289624
2025-10-31,HAR-RV-J,1,-9.102269176611976,-7.533169132920278,-1.569100043691698
2025-11-01,HAR-RV-J,1,-8.604699637140742,-7.7075412995441885,-0.8971583375965535
2025-11-02,HAR-RV-J,1,-7.27163389114966,-7.529963243502944,0.25832935235328414
2025-11-03,HAR-RV-J,1,-6.542526955726167,-7.808260746858777,1.26573379113261
2025-11-04,HAR-RV-J,1,-7.130332009579842,-7.722366420660662,0.59203441108082
2025-11-05,HAR-RV-J,1,-7.168157359718235,-7.29936277856812,0.131205418849885
2025-11-06,HAR-RV-J,1,-7.037002738488869,-7.647039969188808,0.6100372306999384
2025-11-07,HAR-RV-J,1,-8.218470766094887,-7.747853727473885,-0.47061703862100224
2025-11-08,HAR-RV-J,1,-7.88633221123335,-7.748248522579043,-0.13808368865430687
2025-11-09,HAR-RV-J,1,-7.707023434157362,-7.519325141114557,-0.18769829304280528
2025-11-10,HAR-RV-J,1,-7.4421296812380255,-7.7954611541155066,0.353331472877481
2025-11-11,HAR-RV-J,1,-7.572570868483227,-7.927304893596737,0.35473402511351004
2025-11-12,HAR-RV-J,1,-7.0002820840938105,-7.846242577997154,0.8459604939033438
2025-11-13,HAR-RV-J,1,-6.384560789541653,-7.91253461650711,1.5279738269654572
2025-11-14,HAR-RV-J,1,-7.714310407924918,-7.621813959049744,-0.09249644887517405
2025-11-15,HAR-RV-J,1,-7.175102452523699,-7.319230912274428,0.1441284597507284
2025-11-16,HAR-RV-J,1,-6.993087708054424,-7.64045489929086,0.6473671912364356
2025-11-17,HAR-RV-J,1,-6.75464809359329,-7.725843901135171,0.9711958075418812
2025-11-18,HAR-RV-J,1,-6.988105858772633,-7.631628988951484,0.6435231301788518
2025-11-19,HAR-RV-J,1,-6.842480066767818,-7.478809304428172,0.6363292376603535
2025-11-20,HAR-RV-J,1,-5.7867108645783665,-7.569327865267323,1.7826170006889566
2025-11-21,HAR-RV-J,1,-7.555518494073084,-7.519840222983194,-0.03567827108988997
2025-11-22,HAR-RV-J,1,-7.596708359678786,-6.9383511018043516,-0.6583572578744343
2025-11-23,HAR-RV-J,1,-6.969901638005364,-7.2526884878913815,0.2827868498860173
2025-11-24,HAR-RV-J,1,-7.231650335428167,-7.325235168760071,0.09358483333190382
2025-11-25,HAR-RV-J,1,-7.364305501511629,-7.4791575622290045,0.11485206071737508
2025-11-26,HAR-RV-J,1,-7.879568199495125,-7.4525595659843065,-0.42700863351081875
2025-11-27,HAR-RV-J,1,-7.694293783175389,-7.638048972769115,-0.05624481040627316
2025-11-28,HAR-RV-J,1,-8.832361523993656,-7.54187125421585,-1.2904902697778065
2025-11-29,HAR-RV-J,1,-8.56370363864505,-7.612401136756537,-0.9513025018885131
2025-11-30,HAR-RV-J,1,-6.7205038180139995,-7.548402417345056,0.8278985993310561
2025-12-01,HAR-RV-J,1,-7.166694063037643,-7.81334441719933,0.6466503541616868
2025-12-02,HAR-RV-J,1,-6.799725179739331,-7.216197262744236,0.4164720830049049
2025-12-03,HAR-RV-J,1,-7.278058894103278,-7.483155017578411,0.2050961234751325
2025-12-04,HAR-RV-J,1,-7.384608832790334,-7.301561583045427,-0.08304724974490707
2025-12-05,HAR-RV-J,1,-8.780922005770533,-7.624172739438112,-1.1567492663324206
2025-12-06,HAR-RV-J,1,-7.414740413919735,-7.464297407901082,0.04955699398134694
2025-12-07,HAR-RV-J,1,-7.457035504573326,-7.349218141405334,-0.10781736316799151
2025-12-08,HAR-RV-J,1,-7.256857420158548,-7.6966999683943325,0.4398425482357844
2025-12-09,HAR-RV-J,1,-7.058992929899828,-7.697545883450209,0.6385529535503807
2025-12-10,HAR-RV-J,1,-7.347794785273569,-7.590924825615531,0.24313004034196162
2025-12-11,HAR-RV-J,1,-7.561466219241837,-7.499576175781393,-0.06189004346044413
2025-12-12,HAR-RV-J,1,-9.696511840594232,-7.6956860679168875,-2.000825772677344
2025-12-13,HAR-RV-J,1,-8.293293428630856,-7.662891361116238,-0.6304020675146171
2025-12-14,HAR-RV-J,1,-7.227863026447627,-7.369716629054413,0.14185360260678603
2025-12-15,HAR-RV-J,1,-7.710960999236119,-7.956118928738794,0.24515792950267556
2025-12-16,HAR-RV-J,1,-6.682453263792524,-7.605461087006732,0.923007823214208
2025-12-17,HAR-RV-J,1,-6.740374624315311,-7.876033861255302,1.1356592369399916
2025-12-18,HAR-RV-J,1,-7.020317942574881,-7.324591240449615,0.304273297874734
2025-12-19,HAR-RV-J,1,-9.6115694039447,-7.47333069836827,-2.1382387055764296
2025-12-20,HAR-RV-J,1,-8.628519475678901,-7.67155019881825,-0.9569692768606517
2025-12-21,HAR-RV-J,1,-7.534308322325102,-7.266713540288015,-0.26759478203708653
2025-12-22,HAR-RV-J,1,-7.663101554070803,-7.685949281475698,0.022847727404895046
2025-12-23,HAR-RV-J,1,-8.228128764798534,-7.7891451789190045,-0.43898358587952924
2025-12-24,HAR-RV-J,1,-8.643584150115842,-7.838923235109179,-0.8046609150066635
2024-06-29,HAR-RV-J,3,-8.415744212880016,-7.620688755511635,-0.795055457368381
2024-06-30,HAR-RV-J,3,-7.590110308893971,-7.790158380021175,0.20004807112720435
2024-07-01,HAR-RV-J,3,-6.7568326341271066,-8.054325443176191,1.2974928090490847
2024-07-02,HAR-RV-J,3,-6.028709939198225,-8.06289222804471,2.034182288846485
2024-07-03,HAR-RV-J,3,-7.82183717488344,-8.089164562968694,0.26732738808525447
2024-07-04,HAR-RV-J,3,-7.599232953126869,-8.100022482631328,0.5007895295044591
2024-07-05,HAR-RV-J,3,-6.2016000220281144,-7.8148706692294905,1.613270647201376
2024-07-06,HAR-RV-J,3,-7.13201098663784,-7.55293263842417,0.4209216517863297
2024-07-07,HAR-RV-J,3,-7.364155934126495,-7.412261655013277,0.04810572088678278
2024-07-08,HAR-RV-J,3,-6.970855511693713,-7.306270510853563,0.3354149991598492
2024-07-09,HAR-RV-J,3,-7.461112349654011,-7.201044165766845,-0.26006818388716546
2024-07-10,HAR-RV-J,3,-8.001579020126183,-7.197463095697794,-0.8041159244283893
2024-07-11,HAR-RV-J,3,-7.503141944073601,-7.373249665270346,-0.12989227880325505
2024-07-12,HAR-RV-J,3,-7.10151927124952,-7.281503074204207,0.17998380295468674
2024-07-13,HAR-RV-J,3,-6.8751174522895955,-7.195610787653723,0.3204933353641275
2024-07-14,HAR-RV-J,3,-7.273310670983561,-7.394983951440649,0.12167328045708814
2024-07-15,HAR-RV-J,3,-7.590004120123674,-7.512177119011278,-0.07782700111239649
2024-07-16,HAR-RV-J,3,-7.361953880672214,-7.481449696044113,0.11949581537189857
2024-07-17,HAR-RV-J,3,-8.183252874840827,-7.4756138376634444,-0.7076390371773824
2024-07-18,HAR-RV-J,3,-7.540508981035038,-7.439637917507743,-0.10087106352729514
2024-07-19,HAR-RV-J,3,-7.831068909072291,-7.335108560059194,-0.4959603490130977
2024-07-20,HAR-RV-J,3,-7.504319171318432,-7.34548361471635,-0.15883555660208248
2024-07-21,HAR-RV-J,3,-7.715830478728725,-7.389883301221268,-0.32594717750745694
2024-07-22,HAR-RV-J,3,-7.1111013620300145,-7.575354213080313,0.4642528510502988
2024-07-23,HAR-RV-J,3,-7.731151246587125,-7.622255625227133,-0.10889562135999142
2024-07-24,HAR-RV-J,3,-6.6745965844828605,-7.632977470470892,0.9583808859880314
2024-07-25,HAR-RV-J,3,-8.297723232050007,-7.668525125475313,-0.6291981065746945
2024-07-26,HAR-RV-J,3,-7.220642471062432,-7.542008310691962,0.3213658396295296
2024-07-27,HAR-RV-J,3,-7.567743991658627,-7.541740696624759,-0.026003295033868667
2024-07-28,HAR-RV-J,3,-7.537578973039193,-7.443808146242855,-0.09377082679633819
2024-07-29,HAR-RV-J,3,-7.134693601377736,-7.40669213233651,0.2719985309587747
2024-07-30,HAR-RV-J,3,-6.728020741506768,-7.468270788500274,0.7402500469935065
2024-07-31,HAR-RV-J,3,-7.102715268773577,-7.518637600104932,0.41592233133135537
2024-08-01,HAR-RV-J,3,-6.901570663299103,-7.495976629098007,0.594405965798904
2024-08-02,HAR-RV-J,3,-4.331832929576587,-7.574977962797026,3.243145033220439
2024-08-03,HAR-RV-J,3,-6.129507554817753,-7.375977557578045,1.246470002760292
2024-08-04,HAR-RV-J,3,-6.56821202032419,-7.348267469366319,0.7800554490421288
2024-08-05,HAR-RV-J,3,-5.881456842610719,-7.2598715306694,1.3784146880586814
2024-08-06,HAR-RV-J,3,-6.5521594278707,-6.891567588376103,0.33940816050540246
2024-08-07,HAR-RV-J,3,-8.164746233335169,-6.706688265225954,-1.4580579681092152
2024-08-08,HAR-RV-J,3,-7.347966273268356,-6.627681381113169,-0.7202848921551865
2024-08-09,HAR-RV-J,3,-6.301581779560638,-6.522834048522222,0.22125226896158434
2024-08-10,HAR-RV-J,3,-7.032064393779834,-6.377380405567897,-0.6546839882119366
2024-08-11,HAR-RV-J,3,-7.145182948564176,-6.730786589232796,-0.41439635933137975
2024-08-12,HAR-RV-J,3,-6.782869713050387,-7.0337407962239,0.2508710831735126
2024-08-13,HAR-RV-J,3,-6.993243057300741,-7.070981628741363,0.07773857144062202
2024-08-14,HAR-RV-J,3,-8.93414336978374,-7.1966097002903995,-1.7375336694933408
2024-08-15,HAR-RV-J,3,-8.090430304827276,-7.26763372333664,-0.8227965814906355
2024-08-16,HAR-RV-J,3,-7.395852713362074,-7.09237047800133,-0.30348223536074403
2024-08-17,HAR-RV-J,3,-7.252727153074581,-7.030346127458698,-0.22238102561588313
2024-08-18,HAR-RV-J,3,-7.122737507461557,-7.147864370550372,0.025126863088814844
2024-08-19,HAR-RV-J,3,-7.663977474896019,-7.448333313072579,-0.21564416182344015
2024-08-20,HAR-RV-J,3,-6.8510987312401355,-7.5538488377033035,0.702750106463168
2024-08-21,HAR-RV-J,3,-8.299722443510342,-7.616298382254231,-0.6834240612561109
2024-08-22,HAR-RV-J,3,-8.590906417273768,-7.632114134330609,-0.9587922829431585
2024-08-23,HAR-RV-J,3,-7.848062431939034,-7.440648986036488,-0.407413445902546
2024-08-24,HAR-RV-J,3,-6.578074293173222,-7.319695881462107,0.7416215882888855
2024-08-25,HAR-RV-J,3,-6.625319225980788,-7.304620713158216,0.6793014871774279
2024-08-26,HAR-RV-J,3,-7.220716390846805,-7.47687240130184,0.2561560104550349
2024-08-27,HAR-RV-J,3,-7.355348084977686,-7.705453594272984,0.3501055092952976
2024-08-28,HAR-RV-J,3,-9.250891127347398,-7.607597209161413,-1.643293918185985
2024-08-29,HAR-RV-J,3,-7.427050700993551,-7.580811976890805,0.15376127589725463
2024-08-30,HAR-RV-J,3,-7.578986184704846,-7.43381663228979,-0.14516955241505602
2024-08-31,HAR-RV-J,3,-7.813351757199836,-7.25053317625925,-0.5628185809405863
2024-09-01,HAR-RV-J,3,-6.5034602127886165,-7.197631472402521,0.6941712596139045
2024-09-02,HAR-RV-J,3,-6.940360945467537,-7.580926373504586,0.640565428037049
2024-09-03,HAR-RV-J,3,-6.522114937682515,-7.70148693654889,1.1793719988663751
2024-09-04,HAR-RV-J,3,-8.259113009436971,-7.781702938688167,-0.47741007074880404
2024-09-05,HAR-RV-J,3,-7.6986759889953715,-7.703651674122516,0.0049756851271443026
2024-09-06,HAR-RV-J,3,-7.142083192560166,-7.39212592673742,0.25004273417725376
2024-09-07,HAR-RV-J,3,-7.454039970224542,-7.288435614082672,-0.16560435614187075
2024-09-08,HAR-RV-J,3,-6.9566648361472945,-7.2016555927021795,0.244990756554885
2024-09-09,HAR-RV-J,3,-7.375311173852939,-7.264219942358966,-0.11109123149397337
2024-09-10,HAR-RV-J,3,-7.641682246432809,-7.422168435396524,-0.21951381103628442
2024-09-11,HAR-RV-J,3,-8.772444578271369,-7.47581887408144,-1.2966257041899283
2024-09-12,HAR-RV-J,3,-8.222190817885775,-7.546878345976555,-0.6753124719092192
2024-09-13,HAR-RV-J,3,-7.505284819602623,-7.418242677028888,-0.08704214257373444
2024-09-14,HAR-RV-J,3,-7.206662096750963,-7.369848579656516,0.1631864829055525
2024-09-15,HAR-RV-J,3,-7.000512980515621,-7.444105750467362,0.44359276995174035
2024-09-16,HAR-RV-J,3,-7.40385524870723,-7.662087023174808,0.2582317744675784
2024-09-17,HAR-RV-J,3,-7.62533614746632,-7.801786353636413,0.17645020617009344
2024-09-18,HAR-RV-J,3,-9.118912980170885,-7.779140637130728,-1.3397723430401571
2024-09-19,HAR-RV-J,3,-8.210854186197356,-7.7030656577765875,-0.5077885284207682
2024-09-20,HAR-RV-J,3,-7.594933488516639,-7.531881521799588,-0.06305196671705104
2024-09-21,HAR-RV-J,3,-7.695982377007085,-7.414180992496995,-0.2818013845100902
2024-09-22,HAR-RV-J,3,-7.912236774178686,-7.4183926591522225,-0.4938441150264632
2024-09-23,HAR-RV-J,3,-7.548593418115738,-7.735234868579713,0.1866414504639753
2024-09-24,HAR-RV-J,3,-8.156771512470494,-7.877621994666474,-0.27914951780401953
2024-09-25,HAR-RV-J,3,-9.137411157807458,-7.914189212318265,-1.2232219454891933
2024-09-26,HAR-RV-J,3,-9.22010927366513,-7.94805311793563,-1.2720561557295005
2024-09-27,HAR-RV-J,3,-7.657672162115085,-7.758657994982734,0.10098583286764917
2024-09-28,HAR-RV-J,3,-7.16418081548918,-7.692191648913682,0.528010833424502
2024-09-29,HAR-RV-J,3,-6.873239201215958,-7.780759142329417,0.9075199411134589
2024-09-30,HAR-RV-J,3,-7.372161845921349,-8.018111467986152,0.6459496220648031
2024-10-01,HAR-RV-J,3,-7.762377171311247,-8.146521508653866,0.38414433734261877
2024-10-02,HAR-RV-J,3,-9.410517858234718,-8.105775814669752,-1.304742043564966
2024-10-03,HAR-RV-J,3,-8.859802514595454,-7.941471375527645,-0.918331139067809
2024-10-04,HAR-RV-J,3,-7.354846982929903,-7.706410540862473,0.35156355793257
2024-10-05,HAR-RV-J,3,-7.717832727168758,-7.444274121772256,-0.27355860539650134
2024-10-06,HAR-RV-J,3,-7.9430170498383745,-7.442673237221907,-0.5003438126164674
2024-10-07,HAR-RV-J,3,-7.587117550241822,-7.816512955174522,0.22939540493270005
2024-10-08,HAR-RV-J,3,-7.8173580785041725,-8.040260826054102,0.222902747549929
2024-10-09,HAR-RV-J,3,-8.746814229333626,-8.076281418854832,-0.6705328104787949
2024-10-10,HAR-RV-J,3,-8.44461347063351,-8.097659990869321,-0.34695347976418844
2024-10-11,HAR-RV-J,3,-7.511216222523129,-7.870967719047295,0.35975149652416594
2024-10-12,HAR-RV-J,3,-6.879154515339575,-7.708909698975522,0.8297551836359469
2024-10-13,HAR-RV-J,3,-7.561391084229369,-7.7764165619310415,0.21502547770167268
2024-10-14,HAR-RV-J,3,-7.954807249048968,-7.943301671305875,-0.01150557774309302
2024-10-15,HAR-RV-J,3,-7.899727601495052,-7.959822966734932,0.06009536523987968
2024-10-16,HAR-RV-J,3,-9.798785632524316,-7.8813929030279075,-1.9173927294964086
2024-10-17,HAR-RV-J,3,-9.000277471682907,-7.825733780564497,-1.1745436911184095
2024-10-18,HAR-RV-J,3,-7.724745468477852,-7.667532137328697,-0.05721333114915428
2024-10-19,HAR-RV-J,3,-7.774179791525233,-7.592493974123465,-0.18168581740176837
2024-10-20,HAR-RV-J,3,-7.863362515397026,-7.631571045422958,-0.23179146997406797
2024-10-21,HAR-RV-J,3,-8.018551193752419,-8.118575908499931,0.10002471474751218
2024-10-22,HAR-RV-J,3,-6.898530866282754,-8.258146055526362,1.3596151892436081
2024-10-23,HAR-RV-J,3,-8.921658190779526,-8.232886163418748,-0.6887720273607787
2024-10-24,HAR-RV-J,3,-9.079636360099444,-8.228711005977736,-0.8509253541217081
2024-10-25,HAR-RV-J,3,-7.784069601964099,-7.99172325642901,0.20765365446491124
2024-10-26,HAR-RV-J,3,-7.368623299413477,-7.747004271930883,0.3783809725174061
2024-10-27,HAR-RV-J,3,-7.512997901045132,-7.700588867319905,0.18759096627477323
2024-10-28,HAR-RV-J,3,-7.671750079550882,-7.881439982033542,0.20968990248266017
2024-10-29,HAR-RV-J,3,-6.998467037027406,-8.03789263951024,1.0394256024828339
2024-10-30,HAR-RV-J,3,-8.813773417610177,-7.965607345699959,-0.8481660719102182
2024-10-31,HAR-RV-J,3,-7.784664629556363,-8.041304887745824,0.2566402581894609
2024-11-01,HAR-RV-J,3,-7.509206844606907,-7.868192134615238,0.3589852900083308
2024-11-02,HAR-RV-J,3,-7.320254941313007,-7.608507819261178,0.288252877948171
2024-11-03,HAR-RV-J,3,-6.357178323463686,-7.528846274222776,1.1716679507590895
2024-11-04,HAR-RV-J,3,-7.505193457512192,-7.769510991424144,0.2643175339119521
2024-11-05,HAR-RV-J,3,-7.882091528500882,-7.7776897141860495,-0.10440181431483264
2024-11-06,HAR-RV-J,3,-8.951124037321541,-7.736509452134263,-1.2146145851872783
2024-11-07,HAR-RV-J,3,-6.982350958300895,-7.682745756300308,0.7003947979994134
2024-11-08,HAR-RV-J,3,-6.610143513022823,-7.437282164631718,0.8271386516088945
2024-11-09,HAR-RV-J,3,-5.89742196217559,-7.381962724350027,1.4845407621744364
2024-11-10,HAR-RV-J,3,-5.970825445834223,-7.432645955904125,1.4618205100699013
2024-11-11,HAR-RV-J,3,-6.298780197423048,-7.633080809304961,1.334300611881913
2024-11-12,HAR-RV-J,3,-6.69026855754187,-7.6673143837680655,0.9770458262261954
2024-11-13,HAR-RV-J,3,-7.962925402749825,-7.465980791465084,-0.4969446112847411
2024-11-14,HAR-RV-J,3,-7.719913234094788,-7.1976733448001315,-0.5222398892946565
2024-11-15,HAR-RV-J,3,-6.813641525214108,-6.822545868262515,0.008904343048406815
2024-11-16,HAR-RV-J,3,-7.123061515534054,-6.702364535569426,-0.42069697996462807
2024-11-17,HAR-RV-J,3,-7.349584827177568,-6.696059881745668,-0.6535249454319008
2024-11-18,HAR-RV-J,3,-6.9277588146226785,-7.035715932657858,0.10795711803517971
2024-11-19,HAR-RV-J,3,-7.639603303246092,-7.286966813985048,-0.3526364892610445
2024-11-20,HAR-RV-J,3,-8.458730870211758,-7.385155685456294,-1.0735751847554642
2024-11-21,HAR-RV-J,3,-7.906636805257383,-7.466748110944688,-0.43988869431269517
2024-11-22,HAR-RV-J,3,-6.845783544407805,-7.337634093328603,0.49185054892079805
2024-11-23,HAR-RV-J,3,-6.704121318827724,-7.237348498358945,0.5332271795312211
2024-11-24,HAR-RV-J,3,-7.421131408187987,-7.3624974801818155,-0.05863392800617184
2024-11-25,HAR-RV-J,3,-7.777480941685613,-7.5892386465519515,-0.1882422951336613
2024-11-26,HAR-RV-J,3,-7.7915055329164575,-7.588423559172616,-0.20308197374384118
2024-11-27,HAR-RV-J,3,-8.944575839059315,-7.558988630410167,-1.3855872086491479
2024-11-28,HAR-RV-J,3,-8.526681786585359,-7.50886717523803,-1.0178146113473288
2024-11-29,HAR-RV-J,3,-7.2277762188452845,-7.344962669732054,0.11718645088676904
2024-11-30,HAR-RV-J,3,-7.477860175072574,-7.32913861380556,-0.1487215612670143
2024-12-01,HAR-RV-J,3,-7.352016227925319,-7.461786075261871,0.10976984733655204
2024-12-02,HAR-RV-J,3,-5.520755763032788,-7.841228425327582,2.3204726622947938
2024-12-03,HAR-RV-J,3,-7.056676956855624,-7.926337051080515,0.8696600942248915
2024-12-04,HAR-RV-J,3,-8.28612317218258,-7.882403774436117,-0.40371939774646215
2024-12-05,HAR-RV-J,3,-8.152794625419403,-7.834221395479791,-0.3185732299396129
2024-12-06,HAR-RV-J,3,-6.452164940538162,-7.431665541488332,0.9795006009501703
2024-12-07,HAR-RV-J,3,-6.668355412158304,-7.1824816771162086,0.5141262649579046
2024-12-08,HAR-RV-J,3,-7.380414836630238,-7.115721547151132,-0.26469328947910586
2024-12-09,HAR-RV-J,3,-7.347004798406336,-7.255597755090303,-0.09140704331603278
2024-12-10,HAR-RV-J,3,-7.800269430130499,-7.329179919733267,-0.4710895103972321
2024-12-11,HAR-RV-J,3,-8.329129180116265,-7.472273485915575,-0.8568556942006902
2024-12-12,HAR-RV-J,3,-7.954173621957407,-7.500304573953726,-0.4538690480036811
2024-12-13,HAR-RV-J,3,-7.167863912303163,-7.352832079394132,0.18496816709096908
2024-12-14,HAR-RV-J,3,-7.46114260237137,-7.205661891992921,-0.2554807103784489
2024-12-15,HAR-RV-J,3,-6.653480385951037,-7.412185057987413,0.7587046720363757
2024-12-16,HAR-RV-J,3,-6.215955295754829,-7.701888656342351,1.4859333605875227
2024-12-17,HAR-RV-J,3,-6.2286006577328035,-7.724223194828908,1.4956225370961045
2024-12-18,HAR-RV-J,3,-7.472773492215739,-7.7352555794045195,0.2624820871887801
2024-12-19,HAR-RV-J,3,-7.349660055218582,-7.604693591853445,0.25503353663486283
2024-12-20,HAR-RV-J,3,-6.8404400613287955,-7.334627137736524,0.4941870764077283
2024-12-21,HAR-RV-J,3,-7.374187208078972,-7.097354326351093,-0.2768328817278789
2024-12-22,HAR-RV-J,3,-7.715762789103233,-6.984778088249818,-0.7309847008534156
2024-12-23,HAR-RV-J,3,-7.307697534873444,-6.983320163415176,-0.3243773714582687
2024-12-24,HAR-RV-J,3,-7.106588924470662,-7.110122113124066,0.003533188653404018
2024-12-25,HAR-RV-J,3,-8.634132442724063,-7.193142192759615,-1.4409902499644476
2024-12-26,HAR-RV-J,3,-8.326756050975344,-7.370593418828479,-0.9561626321468655
2024-12-27,HAR-RV-J,3,-7.3543943334481,-7.425026252704471,0.07063191925637025
2024-12-28,HAR-RV-J,3,-7.276893060792656,-7.4117640302685945,0.1348709694759389
2024-12-29,HAR-RV-J,3,-8.238782332690736,-7.432988933602691,-0.8057933990880448
2024-12-30,HAR-RV-J,3,-7.367896287600902,-7.654118183751086,0.2862218961501837
2024-12-31,HAR-RV-J,3,-8.097617541330267,-7.717005346558943,-0.3806121947713246
2025-01-01,HAR-RV-J,3,-9.19804542909942,-7.7187162432430085,-1.479329185856411
2025-01-02,HAR-RV-J,3,-8.787325094170878,-7.802874531187141,-0.9844505629837377
2025-01-03,HAR-RV-J,3,-7.415021751205516,-7.707773664148769,0.2927519129432534
2025-01-04,HAR-RV-J,3,-7.590481289361926,-7.594922230897768,0.004440941535841958
2025-01-05,HAR-RV-J,3,-6.90681582272137,-7.682487787694362,0.7756719649729922
2025-01-06,HAR-RV-J,3,-6.968115739055578,-8.020565948934912,1.0524502098793347
2025-01-07,HAR-RV-J,3,-6.709305206835529,-8.019703540436634,1.3103983336011051
2025-01-08,HAR-RV-J,3,-8.995729032967116,-8.04742102800919,-0.9483080049579264
2025-01-09,HAR-RV-J,3,-8.852150045924287,-7.9028839483814135,-0.949266097542873
2025-01-10,HAR-RV-J,3,-6.553319507908563,-7.616096599916882,1.0627770920083188
2025-01-11,HAR-RV-J,3,-7.303486208762694,-7.357607068578615,0.05412085981592085
2025-01-12,HAR-RV-J,3,-7.312096925574036,-7.230002349637645,-0.08209457593639069
2025-01-13,HAR-RV-J,3,-7.391486709026281,-7.478021734053804,0.08653502502752364
2025-01-14,HAR-RV-J,3,-7.511145310148465,-7.6949872854777315,0.18384197532926638
2025-01-15,HAR-RV-J,3,-7.438401020768668,-7.727769286779335,0.28936826601066645
2025-01-16,HAR-RV-J,3,-6.148112404271952,-7.804490635615667,1.656378231343715
2025-01-17,HAR-RV-J,3,-5.214773987217453,-7.596251207860622,2.381477220643169
2025-01-18,HAR-RV-J,3,-6.34915971482197,-7.356765621289976,1.0076059064680063
2025-01-19,HAR-RV-J,3,-7.594519813201731,-7.5216317591882955,-0.07288805401343534
2025-01-20,HAR-RV-J,3,-5.989812005402478,-7.393672030232652,1.4038600248301742
2025-01-21,HAR-RV-J,3,-7.355564283258395,-7.1247577539311635,-0.23080652932723122
2025-01-22,HAR-RV-J,3,-8.788612678268954,-6.963167626907872,-1.8254450513610827
2025-01-23,HAR-RV-J,3,-8.623226788453762,-6.7558591437213025,-1.8673676447324592
2025-01-24,HAR-RV-J,3,-6.548166225847454,-6.783827796316947,0.23566157046949332
2025-01-25,HAR-RV-J,3,-7.335119722465245,-6.76915034392401,-0.5659693785412347
2025-01-26,HAR-RV-J,3,-7.350021545427285,-7.071016272301907,-0.27900527312537715
2025-01-27,HAR-RV-J,3,-7.86523565131056,-7.481799818071977,-0.38343583323858343
2025-01-28,HAR-RV-J,3,-7.64515655585875,-7.562402929111626,-0.08275362674712383
2025-01-29,HAR-RV-J,3,-8.395509658549456,-7.717172517057654,-0.6783371414918014
2025-01-30,HAR-RV-J,3,-7.035755186208709,-7.715090344853243,0.679335158644534
2025-01-31,HAR-RV-J,3,-5.95199845728886,-7.527131676728898,1.5751332194400378
2025-02-01,HAR-RV-J,3,-6.579587906443687,-7.407558269943915,0.8279703635002278
2025-02-02,HAR-RV-J,3,-7.222214210843608,-7.571330155420375,0.3491159445767673
2025-02-03,HAR-RV-J,3,-7.456911400328808,-7.681412021178546,0.22450062084973776
2025-02-04,HAR-RV-J,3,-7.097257483150888,-7.517023214292431,0.4197657311415428
2025-02-05,HAR-RV-J,3,-8.810076811866075,-7.3274788395119375,-1.4825979723541378
2025-02-06,HAR-RV-J,3,-8.10773415201615,-7.219737122203959,-0.8879970298121904
2025-02-07,HAR-RV-J,3,-7.786812840962016,-7.0159142243183865,-0.7708986166436294
2025-02-08,HAR-RV-J,3,-8.095685364957285,-7.106167567400958,-0.989517797556327
2025-02-09,HAR-RV-J,3,-6.962691557561749,-7.237219617738241,0.27452806017649145
2025-02-10,HAR-RV-J,3,-7.850939573833918,-7.640722346176798,-0.21021722765711992
2025-02-11,HAR-RV-J,3,-7.6048640411791055,-7.795929250279116,0.19106520910001024
2025-02-12,HAR-RV-J,3,-9.31204237724052,-7.861667978237813,-1.4503743990027065
2025-02-13,HAR-RV-J,3,-9.354075786569943,-7.897126578227774,-1.4569492083421691
2025-02-14,HAR-RV-J,3,-8.328308753403542,-7.731903933393298,-0.5964048200102443
2025-02-15,HAR-RV-J,3,-7.735386570485104,-7.697885372558355,-0.03750119792674855
2025-02-16,HAR-RV-J,3,-8.074161026658576,-7.615043867090296,-0.45911715956828036
2025-02-17,HAR-RV-J,3,-8.388064413225592,-7.821235393564993,-0.5668290196605996
2025-02-18,HAR-RV-J,3,-7.422492670788367,-8.23676501744494,0.8142723466565727
2025-02-19,HAR-RV-J,3,-9.351071668633756,-8.241169730396198,-1.1099019382375577
2025-02-20,HAR-RV-J,3,-9.327182940847992,-8.2972453119754,-1.0299376288725917
2025-02-21,HAR-RV-J,3,-7.366790273234517,-8.16833275754934,0.8015424843148233
2025-02-22,HAR-RV-J,3,-6.241011939761488,-7.947648517928172,1.7066365781666848
2025-02-23,HAR-RV-J,3,-6.08442226100039,-7.824062469894087,1.7396402088936966
2025-02-24,HAR-RV-J,3,-6.878853344044446,-8.10267561492317,1.223822270878724
2025-02-25,HAR-RV-J,3,-5.588570041559089,-8.218304937034791,2.6297348954757016
2025-02-26,HAR-RV-J,3,-7.482186017843935,-7.9683495547267995,0.48616353688286473
2025-02-27,HAR-RV-J,3,-6.026685262486463,-7.7903173858808,1.7636321233943368
2025-02-28,HAR-RV-J,3,-6.005721130764149,-7.422632175114336,1.4169110443501864
2025-03-01,HAR-RV-J,3,-5.832575425345344,-6.953691553634618,1.121116128289274
2025-03-02,HAR-RV-J,3,-6.528431978871631,-6.731161842908611,0.20272986403697946
2025-03-03,HAR-RV-J,3,-6.412729998936713,-6.92679588409166,0.5140658851549471
2025-03-04,HAR-RV-J,3,-5.651155219226064,-6.910758855833546,1.2596036366074816
2025-03-05,HAR-RV-J,3,-7.82002049036847,-6.77203062532229,-1.0479898650461799
2025-03-06,HAR-RV-J,3,-7.116223896566312,-6.847160351084584,-0.2690635454817274
2025-03-07,HAR-RV-J,3,-5.949376876735946,-6.6887105808574,0.7393337041214538
2025-03-08,HAR-RV-J,3,-6.2051256349718855,-6.682221300148355,0.47709566517646973
2025-03-09,HAR-RV-J,3,-6.9226794457074154,-6.612452917650698,-0.3102265280567176
2025-03-10,HAR-RV-J,3,-7.250092425539886,-6.982044846705164,-0.2680475788347225
2025-03-11,HAR-RV-J,3,-7.447118934719969,-6.9977330271901135,-0.4493859075298552
2025-03-12,HAR-RV-J,3,-8.898459551988159,-6.962289391613632,-1.9361701603745267
2025-03-13,HAR-RV-J,3,-7.329432996679352,-7.093699153627261,-0.235733843052091
2025-03-14,HAR-RV-J,3,-7.67080326390782,-6.922365777023742,-0.748437486884078
2025-03-15,HAR-RV-J,3,-7.616041619926752,-6.944171107287883,-0.6718705126388684
2025-03-16,HAR-RV-J,3,-7.472221310413124,-7.146589243263567,-0.3256320671495567
2025-03-17,HAR-RV-J,3,-7.439639310421675,-7.612755300272814,0.17311598985113896
2025-03-18,HAR-RV-J,3,-7.976296204139535,-7.701645390792039,-0.2746508133474963
2025-03-19,HAR-RV-J,3,-9.81200323221424,-7.751338072572316,-2.060665159641924
2025-03-20,HAR-RV-J,3,-8.77472856117907,-7.75984994700331,-1.0148786141757604
2025-03-21,HAR-RV-J,3,-7.738805643991428,-7.571272808902169,-0.16753283508925954
2025-03-22,HAR-RV-J,3,-7.907900185694711,-7.594515405375313,-0.31338478031939765
2025-03-23,HAR-RV-J,3,-7.926440425992742,-7.584235160400982,-0.34220526559176
2025-03-24,HAR-RV-J,3,-8.15773669999174,-8.003008608501922,-0.15472809148981703
2025-03-25,HAR-RV-J,3,-7.842789124023152,-8.148759098177965,0.305969974154813
2025-03-26,HAR-RV-J,3,-8.003994184702773,-8.211836720394963,0.20784253569219047
2025-03-27,HAR-RV-J,3,-8.165887428032145,-8.20861860059253,0.04273117256038539
2025-03-28,HAR-RV-J,3,-7.254418259891095,-7.978680489719725,0.7242622298286303
2025-03-29,HAR-RV-J,3,-7.756757128271761,-7.873114737682751,0.11635760941098994
2025-03-30,HAR-RV-J,3,-6.587482790091052,-7.903140631374705,1.3156578412836533
2025-03-31,HAR-RV-J,3,-7.252194880144823,-7.914180693085721,0.6619858129408982
2025-04-01,HAR-RV-J,3,-6.63516370951007,-7.864467341471122,1.2293036319610522
2025-04-02,HAR-RV-J,3,-8.681969956851141,-7.809353943618889,-0.8726160132322525
2025-04-03,HAR-RV-J,3,-7.188412492677708,-7.656898640222431,0.4684861475447226
2025-04-04,HAR-RV-J,3,-5.629049006791348,-7.551357743517145,1.922308736725797
2025-04-05,HAR-RV-J,3,-6.933967406336497,-7.349318845739943,0.4153514394034463
2025-04-06,HAR-RV-J,3,-5.92065466170989,-7.267182158342785,1.3465274966328948
2025-04-07,HAR-RV-J,3,-7.031037787314499,-7.456200995614823,0.42516320830032406
2025-04-08,HAR-RV-J,3,-7.032090018849573,-7.343849540150589,0.31175952130101603
2025-04-09,HAR-RV-J,3,-7.79990038655869,-7.286659811741668,-0.5132405748170221
2025-04-10,HAR-RV-J,3,-7.287263687197286,-7.200667142798745,-0.08659654439854059
2025-04-11,HAR-RV-J,3,-7.167014962280521,-6.8753277009733775,-0.2916872613071435
2025-04-12,HAR-RV-J,3,-7.777788884630375,-6.844543178254886,-0.9332457063754891
2025-04-13,HAR-RV-J,3,-7.413189676387737,-7.056725627996354,-0.35646404839138324
2025-04-14,HAR-RV-J,3,-8.268721841318316,-7.22209048908295,-1.0466313522353659
2025-04-15,HAR-RV-J,3,-9.681279444888752,-7.44030049857755,-2.240978946311202
2025-04-16,HAR-RV-J,3,-9.171548905690758,-7.460099564461059,-1.7114493412296987
2025-04-17,HAR-RV-J,3,-9.01552740253416,-7.5864208249504195,-1.42910657758374
2025-04-18,HAR-RV-J,3,-7.457356285992482,-7.502950958677695,0.04559467268521278
2025-04-19,HAR-RV-J,3,-6.979201722253075,-7.618911288637662,0.6397095663845871
2025-04-20,HAR-RV-J,3,-7.403345870725576,-8.077818152419244,0.6744722816936681
2025-04-21,HAR-RV-J,3,-8.021045389721651,-8.326996931980961,0.30595154225930976
2025-04-22,HAR-RV-J,3,-7.797960553044787,-8.39296143973393,0.5950008866891441
2025-04-23,HAR-RV-J,3,-8.912576429259436,-8.224906796746398,-0.6876696325130389
2025-04-24,HAR-RV-J,3,-8.579169330655771,-7.933297708596867,-0.6458716220589045
2025-04-25,HAR-RV-J,3,-7.92097208375074,-7.735646678600598,-0.18532540515014162
2025-04-26,HAR-RV-J,3,-8.087519781534887,-7.576082084885703,-0.5114376966491836
2025-04-27,HAR-RV-J,3,-8.023455793775357,-7.581698432861238,-0.441757360914119
2025-04-28,HAR-RV-J,3,-8.09456339337235,-7.9335426615744105,-0.1610207317979402
2025-04-29,HAR-RV-J,3,-8.294066343106515,-8.098635428135118,-0.19543091497139642
2025-04-30,HAR-RV-J,3,-9.46541060137628,-8.111414469050871,-1.3539961323254097
2025-05-01,HAR-RV-J,3,-8.596552100361416,-8.141972420120638,-0.4545796802407782
2025-05-02,HAR-RV-J,3,-8.166003817373237,-8.040892323197298,-0.1251114941759397
2025-05-03,HAR-RV-J,3,-8.013724640481898,-7.965946128082422,-0.047778512399476725
2025-05-04,HAR-RV-J,3,-7.894201229610753,-7.971204745952026,0.07700351634127234
2025-05-05,HAR-RV-J,3,-7.474703553304063,-8.260972294207747,0.7862687409036839
2025-05-06,HAR-RV-J,3,-7.7544076279684,-8.301238297280822,0.5468306693124214
2025-05-07,HAR-RV-J,3,-8.51169203750711,-8.290993121022673,-0.2206989164844373
2025-05-08,HAR-RV-J,3,-7.894756830708296,-8.239191639661193,0.34443480895289724
2025-05-09,HAR-RV-J,3,-7.171315375183232,-7.981909652965032,0.8105942777818003
2025-05-10,HAR-RV-J,3,-7.898122089143746,-7.88129545725074,-0.016826631893005484
2025-05-11,HAR-RV-J,3,-8.318310440418038,-7.78691299550449,-0.5313974449135488
2025-05-12,HAR-RV-J,3,-7.7147571999584414,-7.906466960094386,0.19170976013594476
2025-05-13,HAR-RV-J,3,-8.244800643227538,-7.811840992492476,-0.4329596507350626
2025-05-14,HAR-RV-J,3,-8.88548365814237,-7.854291038577082,-1.0311926195652878
2025-05-15,HAR-RV-J,3,-7.9130966647344225,-7.855539232145304,-0.057557432589118385
2025-05-16,HAR-RV-J,3,-7.475391981698435,-7.839369795065456,0.36397781336702106
2025-05-17,HAR-RV-J,3,-7.413492676031776,-7.79693996738051,0.3834472913487339
2025-05-18,HAR-RV-J,3,-6.9048202411259405,-7.946323068414236,1.0415028272882951
2025-05-19,HAR-RV-J,3,-7.5998782354004675,-8.108986285314717,0.50910804991425
2025-05-20,HAR-RV-J,3,-7.443883442529285,-7.9985864395308,0.5547029970015149
2025-05-21,HAR-RV-J,3,-8.225636513265073,-7.959203374216439,-0.2664331390486341
2025-05-22,HAR-RV-J,3,-8.196992018610825,-7.7849934827188,-0.4119985358920246
2025-05-23,HAR-RV-J,3,-8.288440304342084,-7.587962123509275,-0.7004781808328087
2025-05-24,HAR-RV-J,3,-7.940076582517803,-7.53969155609953,-0.4003850264182729
2025-05-25,HAR-RV-J,3,-8.336031186903472,-7.481740606392951,-0.8542905805105212
2025-05-26,HAR-RV-J,3,-7.769467517478563,-7.625955987083925,-0.1435115303946377
2025-05-27,HAR-RV-J,3,-7.728674501465333,-7.8485364248565475,0.11986192339121438
2025-05-28,HAR-RV-J,3,-8.421598154519437,-7.974270724993636,-0.4473274295258003
2025-05-29,HAR-RV-J,3,-8.743472246073782,-8.05554500681481,-0.6879272392589719
2025-05-30,HAR-RV-J,3,-8.184430028615092,-8.030316547182945,-0.15411348143214632
2025-05-31,HAR-RV-J,3,-8.331213911925008,-7.972619906247544,-0.3585940056774648
2025-06-01,HAR-RV-J,3,-8.71279939743139,-7.898480370911494,-0.8143190265198958
2025-06-02,HAR-RV-J,3,-7.51988335958094,-7.962815368381734,0.44293200880079375
2025-06-03,HAR-RV-J,3,-8.345664194572562,-8.07182023796955,-0.2738439566030113
2025-06-04,HAR-RV-J,3,-9.05218826005398,-8.137165686940122,-0.9150225731138573
2025-06-05,HAR-RV-J,3,-9.384555576107418,-8.219795489318901,-1.164760086788517
2025-06-06,HAR-RV-J,3,-7.968985833169205,-8.158458419420228,0.18947258625102315
2025-06-07,HAR-RV-J,3,-8.125005944838898,-8.086601075098866,-0.038404869740032765
2025-06-08,HAR-RV-J,3,-8.19082610478049,-8.070022972242473,-0.12080313253801656
2025-06-09,HAR-RV-J,3,-7.927023759209108,-8.176757062764713,0.24973330355560464
2025-06-10,HAR-RV-J,3,-7.443188684929166,-8.266048659511014,0.8228599745818483
2025-06-11,HAR-RV-J,3,-9.05726972859608,-8.345173967600175,-0.7120957609959042
2025-06-12,HAR-RV-J,3,-8.953471985164441,-8.327247282584175,-0.6262247025802665
2025-06-13,HAR-RV-J,3,-8.110641264350848,-8.183412134411096,0.07277087006024807
2025-06-14,HAR-RV-J,3,-7.806286485181062,-7.938849694771413,0.1325632095903515
2025-06-15,HAR-RV-J,3,-7.866192379807445,-7.857314091372997,-0.008878288434448045
2025-06-16,HAR-RV-J,3,-8.633468871743753,-8.028443993801082,-0.6050248779426717
2025-06-17,HAR-RV-J,3,-7.900331132706684,-8.173848759665212,0.27351762695852777
2025-06-18,HAR-RV-J,3,-7.967196587131996,-8.157271283211253,0.19007469607925742
2025-06-19,HAR-RV-J,3,-7.027680658640498,-8.210446876582942,1.1827662179424445
2025-06-20,HAR-RV-J,3,-7.236497370232764,-8.070942124097261,0.8344447538644966
2025-06-21,HAR-RV-J,3,-8.149886293035856,-8.018822692032689,-0.1310636010031665
2025-06-22,HAR-RV-J,3,-8.176305065875129,-8.00016923016671,-0.1761358357084184
2025-06-23,HAR-RV-J,3,-8.376095118293176,-7.913054216110072,-0.4630409021831037
2025-06-24,HAR-RV-J,3,-8.542770722531861,-7.829232880919165,-0.7135378416126956
2025-06-25,HAR-RV-J,3,-10.649971722513076,-7.644766166245814,-3.0052055562672617
2025-06-26,HAR-RV-J,3,-9.316586495538738,-7.685446719822758,-1.6311397757159805
2025-06-27,HAR-RV-J,3,-8.62277199796468,-7.707191221120831,-0.9155807768438491
2025-06-28,HAR-RV-J,3,-8.642591743070529,-7.941217487253276,-0.7013742558172531
2025-06-29,HAR-RV-J,3,-8.308439939764494,-8.019791857840051,-0.2886480819244426
2025-06-30,HAR-RV-J,3,-8.29396771419438,-8.546431725296802,0.2524640111024219
2025-07-01,HAR-RV-J,3,-8.898524051817713,-8.676477415939662,-0.2220466358780513
2025-07-02,HAR-RV-J,3,-9.987284347496226,-8.71069527895364,-1.2765890685425862
2025-07-03,HAR-RV-J,3,-9.36677210235694,-8.683214169136242,-0.6835579332206976
2025-07-04,HAR-RV-J,3,-8.713378263033814,-8.390261072181197,-0.32311719085261714
2025-07-05,HAR-RV-J,3,-8.902586131499698,-8.256549449487615,-0.6460366820120829
2025-07-06,HAR-RV-J,3,-8.29417874240117,-8.233890668809028,-0.060288073592142055
2025-07-07,HAR-RV-J,3,-7.209350045659884,-8.509761981446182,1.3004119357862987
2025-07-08,HAR-RV-J,3,-7.867944834377488,-8.659089147376571,0.7911443129990836
2025-07-09,HAR-RV-J,3,-9.356431837546369,-8.735746725960443,-0.6206851115859262
2025-07-10,HAR-RV-J,3,-8.773942349578554,-8.664742491491108,-0.1091998580874467
2025-07-11,HAR-RV-J,3,-7.481016702523509,-8.319597767305854,0.8385810647823453
2025-07-12,HAR-RV-J,3,-7.254884046098786,-8.113289439707156,0.8584053936083702
2025-07-13,HAR-RV-J,3,-7.906106583346014,-7.9460706927821505,0.03996410943613693
2025-07-14,HAR-RV-J,3,-7.750043741635851,-8.06355156285758,0.3135078212217284
2025-07-15,HAR-RV-J,3,-7.925867888823022,-8.079012773449787,0.1531448846267649
2025-07-16,HAR-RV-J,3,-9.191851708958271,-8.086174361319326,-1.1056773476389452
2025-07-17,HAR-RV-J,3,-8.749889889500176,-8.086927428391595,-0.6629624611085809
2025-07-18,HAR-RV-J,3,-8.062198643566044,-7.884012518020614,-0.17818612554542934
2025-07-19,HAR-RV-J,3,-7.740429316317312,-7.712519834295672,-0.027909482021639676
2025-07-20,HAR-RV-J,3,-8.047332828013449,-7.700288118843362,-0.34704470917008656
2025-07-21,HAR-RV-J,3,-8.253076728769177,-8.067227118541622,-0.18584961022755486
2025-07-22,HAR-RV-J,3,-7.605517370811197,-8.196920183826979,0.5914028130157822
2025-07-23,HAR-RV-J,3,-9.606954095499765,-8.197667723362832,-1.4092863721369326
2025-07-24,HAR-RV-J,3,-8.981033746649764,-8.211018214219099,-0.7700155324306657
2025-07-25,HAR-RV-J,3,-8.30508496766559,-8.072008224593022,-0.23307674307256754
2025-07-26,HAR-RV-J,3,-8.268215689597376,-7.9562331549162355,-0.3119825346811407
2025-07-27,HAR-RV-J,3,-8.393240576178409,-7.812798462374737,-0.5804421138036719
2025-07-28,HAR-RV-J,3,-8.520230588607557,-8.18219812460848,-0.3380324639990775
2025-07-29,HAR-RV-J,3,-7.533737412187012,-8.334103435538891,0.800366023351879
2025-07-30,HAR-RV-J,3,-8.568970525996992,-8.336135793773906,-0.23283473222308615
2025-07-31,HAR-RV-J,3,-9.01457508878402,-8.434210833223679,-0.5803642555603421
2025-08-01,HAR-RV-J,3,-8.64759502280641,-8.290932210685073,-0.3566628121213373
2025-08-02,HAR-RV-J,3,-8.327990264931364,-8.12205833384244,-0.20593193108892294
2025-08-03,HAR-RV-J,3,-8.51421068372607,-8.07595859058668,-0.43825209313938984
2025-08-04,HAR-RV-J,3,-8.532403748070708,-8.096264351736346,-0.4361393963343616
2025-08-05,HAR-RV-J,3,-8.651182815348951,-8.230402557145808,-0.420780258203143
2025-08-06,HAR-RV-J,3,-9.32597851139552,-8.25354446841435,-1.07243404298117
2025-08-07,HAR-RV-J,3,-8.441043602227696,-8.375764187309759,-0.06527941491793676
2025-08-08,HAR-RV-J,3,-7.811382584426513,-8.371135466791548,0.5597528823650357
2025-08-09,HAR-RV-J,3,-8.297044334912817,-8.303455746015041,0.006411411102224207
2025-08-10,HAR-RV-J,3,-7.759195959681331,-8.257878744840145,0.49868278515881403
2025-08-11,HAR-RV-J,3,-6.9615054586384755,-8.431438199324258,1.469932740685783
2025-08-12,HAR-RV-J,3,-8.400633017404333,-8.344395355934646,-0.05623766146968734
2025-08-13,HAR-RV-J,3,-9.797853695149604,-8.313830905161794,-1.4840227899878098
2025-08-14,HAR-RV-J,3,-9.5559821565806,-8.20312450174718,-1.3528576548334197
2025-08-15,HAR-RV-J,3,-8.156814886452334,-7.907909885217112,-0.2489050012352223
2025-08-16,HAR-RV-J,3,-8.142712241205171,-7.765403898464351,-0.3773083427408199
2025-08-17,HAR-RV-J,3,-8.113278831395304,-7.766257373922748,-0.34702145747255564
2025-08-18,HAR-RV-J,3,-8.175195141952578,-8.045934067754413,-0.12926107419816546
2025-08-19,HAR-RV-J,3,-7.391375071440983,-8.360824726790703,0.9694496553497203
2025-08-20,HAR-RV-J,3,-9.155666824013634,-8.509865061991498,-0.6458017620221366
2025-08-21,HAR-RV-J,3,-7.722034948084426,-8.473761751256141,0.7517268031717155
2025-08-22,HAR-RV-J,3,-7.330218334497994,-8.268694633290213,0.938476298792219
2025-08-23,HAR-RV-J,3,-7.622910020795579,-7.996587544731633,0.37367752393605436
2025-08-24,HAR-RV-J,3,-8.082710716050025,-7.883795516013939,-0.19891520003608587
2025-08-25,HAR-RV-J,3,-8.403842583904545,-8.067523554195768,-0.33631902970877725
2025-08-26,HAR-RV-J,3,-8.0046493464786,-7.971162034712194,-0.033487311766405625
2025-08-27,HAR-RV-J,3,-9.133680845548108,-7.900156275344475,-1.2335245702036328
2025-08-28,HAR-RV-J,3,-9.177958657568531,-7.960802027427466,-1.2171566301410657
2025-08-29,HAR-RV-J,3,-7.953683190386181,-7.752082095830809,-0.20160109455537256
2025-08-30,HAR-RV-J,3,-7.872158994764496,-7.9067164670028465,0.03455747223835015
2025-08-31,HAR-RV-J,3,-8.182388144667684,-7.939923809318611,-0.24246433534907297
2025-09-01,HAR-RV-J,3,-8.292311256544016,-8.199003299563785,-0.09330795698023131
2025-09-02,HAR-RV-J,3,-8.049751286620033,-8.33644070943894,0.2866894228189061
2025-09-03,HAR-RV-J,3,-9.772848916168195,-8.270479597892969,-1.5023693182752265
2025-09-04,HAR-RV-J,3,-9.53452627568605,-8.292322391775823,-1.2422038839102267
2025-09-05,HAR-RV-J,3,-8.677120971758,-8.187919123240647,-0.4892018485173537
2025-09-06,HAR-RV-J,3,-8.403115304394708,-8.054563851105488,-0.34855145328922
2025-09-07,HAR-RV-J,3,-8.21218014894868,-7.948208882981527,-0.26397126596715204
2025-09-08,HAR-RV-J,3,-8.499654294702792,-8.298194330559472,-0.20145996414331968
2025-09-09,HAR-RV-J,3,-8.617547509904476,-8.55077724618005,-0.0667702637244254
2025-09-10,HAR-RV-J,3,-9.831130650802836,-8.563794564860908,-1.2673360859419276
2025-09-11,HAR-RV-J,3,-9.54978554808957,-8.583417362468687,-0.9663681856208832
2025-09-12,HAR-RV-J,3,-8.439814402280856,-8.426218438907865,-0.013595963372990738
2025-09-13,HAR-RV-J,3,-8.792523838198322,-8.285672734991536,-0.5068511032067864
2025-09-14,HAR-RV-J,3,-8.101310617641094,-8.18079951855488,0.0794889009137858
2025-09-15,HAR-RV-J,3,-8.766447689945338,-8.455405126975489,-0.311042562969849
2025-09-16,HAR-RV-J,3,-9.267364905921823,-8.639335669298708,-0.6280292366231155
2025-09-17,HAR-RV-J,3,-10.6050280488101,-8.676225194396554,-1.9288028544135454
2025-09-18,HAR-RV-J,3,-10.133520913612236,-8.611581676494932,-1.5219392371173033
2025-09-19,HAR-RV-J,3,-7.891930026244774,-8.46783127741601,0.5759012511712367
2025-09-20,HAR-RV-J,3,-8.692216418426757,-8.301358754436453,-0.3908576639903032
2025-09-21,HAR-RV-J,3,-8.715111261187413,-8.3435966409766,-0.3715146202108137
2025-09-22,HAR-RV-J,3,-7.797766269227527,-8.703155258167618,0.905388988940091
2025-09-23,HAR-RV-J,3,-8.199318457410062,-8.868916266710166,0.6695978093001038
2025-09-24,HAR-RV-J,3,-10.290127372923022,-8.86089907284163,-1.4292283000813928
2025-09-25,HAR-RV-J,3,-9.254128583110203,-8.791399072532531,-0.4627295105776721
2025-09-26,HAR-RV-J,3,-8.541521038784206,-8.43571871299546,-0.10580232578874593
2025-09-27,HAR-RV-J,3,-8.603434629923894,-8.197301216863615,-0.40613341306027984
2025-09-28,HAR-RV-J,3,-8.240112062129832,-8.101103312923286,-0.13900874920654616
2025-09-29,HAR-RV-J,3,-8.296715658902626,-8.46801307308304,0.17129741418041355
2025-09-30,HAR-RV-J,3,-7.823921809963694,-8.547491855227449,0.723570045263755
2025-10-01,HAR-RV-J,3,-9.45214532988536,-8.648377864557958,-0.8037674653274021
2025-10-02,HAR-RV-J,3,-7.695218782358524,-8.650450835127497,0.9552320527689728
2025-10-03,HAR-RV-J,3,-8.01510033381816,-8.402531924009178,0.387431590191019
2025-10-04,HAR-RV-J,3,-7.842639336975692,-8.222159021354503,0.37951968437881156
2025-10-05,HAR-RV-J,3,-8.002081163490216,-8.093802401309894,0.09172123781967834
2025-10-06,HAR-RV-J,3,-8.012382804006961,-8.219988957697684,0.20760615369072255
2025-10-07,HAR-RV-J,3,-4.587612791666304,-8.195938419527574,3.6083256278612694
2025-10-08,HAR-RV-J,3,-7.115722376608375,-8.137166909457797,1.0214445328494222
2025-10-09,HAR-RV-J,3,-7.1264281234111495,-8.160998621336525,1.0345704979253751
2025-10-10,HAR-RV-J,3,-7.601098600323596,-7.956439722816954,0.3553411224933587
2025-10-11,HAR-RV-J,3,-7.344241412122854,-7.536554371495879,0.19231295937302484
2025-10-12,HAR-RV-J,3,-7.591723650096573,-7.438735669529428,-0.15298798056714524
2025-10-13,HAR-RV-J,3,-6.905012356907999,-7.311217308663655,0.4062049517556554
2025-10-14,HAR-RV-J,3,-7.053262415309131,-7.125020537527712,0.07175812221858102
2025-10-15,HAR-RV-J,3,-8.645181515778779,-7.069920418824912,-1.5752610969538665
2025-10-16,HAR-RV-J,3,-7.946925952270387,-7.54292150878111,-0.4040044434892769
2025-10-17,HAR-RV-J,3,-7.702435877483535,-7.572417883041637,-0.1300179944418982
2025-10-18,HAR-RV-J,3,-6.814365684609184,-7.571521962723612,0.7571562781144276
2025-10-19,HAR-RV-J,3,-7.329678651800407,-7.4228254743370945,0.0931468225366876
2025-10-20,HAR-RV-J,3,-7.503043703626393,-7.702515604528235,0.19947190090184197
2025-10-21,HAR-RV-J,3,-8.016664491858316,-7.782784470539714,-0.23388002131860208
2025-10-22,HAR-RV-J,3,-9.436012357444428,-7.774978070971367,-1.6610342864730603
2025-10-23,HAR-RV-J,3,-8.127811371886041,-7.814966722088383,-0.31284464979765847
2025-10-24,HAR-RV-J,3,-8.31020361926275,-7.66413266990918,-0.6460709493535708
2025-10-25,HAR-RV-J,3,-7.874738990868753,-7.5507981561326485,-0.3239408347361046
2025-10-26,HAR-RV-J,3,-7.054000148404952,-7.511107965384266,0.45710781697931413
2025-10-27,HAR-RV-J,3,-7.043093926149241,-8.056805244106833,1.0137113179575925
2025-10-28,HAR-RV-J,3,-7.299625987456839,-8.18419762995841,0.8845716425015713
2025-10-29,HAR-RV-J,3,-9.102269176611976,-8.236543717274166,-0.8657254593378099
2025-10-30,HAR-RV-J,3,-8.604699637140742,-8.111702173738381,-0.49299746340236084
2025-10-31,HAR-RV-J,3,-7.27163389114966,-7.811115181972708,0.5394812908230477
2025-11-01,HAR-RV-J,3,-6.542526955726167,-7.706773034434921,1.1642460787087536
2025-11-02,HAR-RV-J,3,-7.130332009579842,-7.459405450656521,0.32907344107667935
2025-11-03,HAR-RV-J,3,-7.168157359718235,-7.708181967209973,0.5400246074917385
2025-11-04,HAR-RV-J,3,-7.037002738488869,-7.927367353001034,0.8903646145121646
2025-11-05,HAR-RV-J,3,-8.218470766094887,-7.865185746984207,-0.3532850191106798
2025-11-06,HAR-RV-J,3,-7.88633221123335,-7.842611377985868,-0.043720833247482105
2025-11-07,HAR-RV-J,3,-7.707023434157362,-7.5967930878762395,-0.1102303462811225
2025-11-08,HAR-RV-J,3,-7.4421296812380255,-7.408354758184011,-0.03377492305401475
2025-11-09,HAR-RV-J,3,-7.572570868483227,-7.280930461202955,-0.29164040728027274
2025-11-10,HAR-RV-J,3,-7.0002820840938105,-7.599447562893906,0.5991654788000957
2025-11-11,HAR-RV-J,3,-6.384560789541653,-7.745353357120797,1.3607925675791437
2025-11-12,HAR-RV-J,3,-7.714310407924918,-7.804445937251494,0.09013552932657554
2025-11-13,HAR-RV-J,3,-7.175102452523699,-7.872419081084463,0.6973166285607642
2025-11-14,HAR-RV-J,3,-6.993087708054424,-7.717231489918238,0.7241437818638143
2025-11-15,HAR-RV-J,3,-6.75464809359329,-7.518320610712011,0.7636725171187209
2025-11-16,HAR-RV-J,3,-6.988105858772633,-7.388052430325219,0.3999465715525865
2025-11-17,HAR-RV-J,3,-6.842480066767818,-7.478705166703411,0.6362250999355927
2025-11-18,HAR-RV-J,3,-5.7867108645783665,-7.405180666417715,1.6184698018393489
2025-11-19,HAR-RV-J,3,-7.555518494073084,-7.374116610482096,-0.18140188359098808
2025-11-20,HAR-RV-J,3,-7.596708359678786,-7.451810403301932,-0.14489795637685354
2025-11-21,HAR-RV-J,3,-6.969901638005364,-7.33849069255498,0.36858905454961555
2025-11-22,HAR-RV-J,3,-7.231650335428167,-7.143919982175988,-0.08773035325217915
2025-11-23,HAR-RV-J,3,-7.364305501511629,-7.016744370855842,-0.3475611306557873
2025-11-24,HAR-RV-J,3,-7.879568199495125,-7.159926194791809,-0.7196420047033163
2025-11-25,HAR-RV-J,3,-7.694293783175389,-7.314755855211235,-0.37953792796415353
2025-11-26,HAR-RV-J,3,-8.832361523993656,-7.319691127523292,-1.512670396470364
2025-11-27,HAR-RV-J,3,-8.56370363864505,-7.574129930450695,-0.9895737081943548
2025-11-28,HAR-RV-J,3,-6.7205038180139995,-7.503223788982277,0.7827199709682775
2025-11-29,HAR-RV-J,3,-7.166694063037643,-7.568802458322019,0.40210839528437603
2025-11-30,HAR-RV-J,3,-6.799725179739331,-7.61750394664531,0.8177787669059784
2025-12-01,HAR-RV-J,3,-7.278058894103278,-7.927347925209422,0.6492890311061439
2025-12-02,HAR-RV-J,3,-7.384608832790334,-7.97271682061375,0.5881079878234168
2025-12-03,HAR-RV-J,3,-8.780922005770533,-7.87797494694723,-0.9029470588233028
2025-12-04,HAR-RV-J,3,-7.414740413919735,-7.761651362062008,0.3469109481422725
2025-12-05,HAR-RV-J,3,-7.457035504573326,-7.556796800927025,0.09976129635369979
2025-12-06,HAR-RV-J,3,-7.256857420158548,-7.316718374186079,0.05986095402753122
2025-12-07,HAR-RV-J,3,-7.058992929899828,-7.326957727974659,0.2679647980748312
2025-12-08,HAR-RV-J,3,-7.347794785273569,-7.695268700761777,0.34747391548820783
2025-12-09,HAR-RV-J,3,-7.561466219241837,-7.779527132094886,0.21806091285304863
2025-12-10,HAR-RV-J,3,-9.696511840594232,-7.777654428158316,-1.9188574124359157
2025-12-11,HAR-RV-J,3,-8.293293428630856,-7.73693842956036,-0.5563549990704955
2025-12-12,HAR-RV-J,3,-7.227863026447627,-7.543172517800547,0.3153094913529193
2025-12-13,HAR-RV-J,3,-7.710960999236119,-7.513864799756251,-0.19709619947986745
2025-12-14,HAR-RV-J,3,-6.682453263792524,-7.37800450297619,0.6955512391836667
2025-12-15,HAR-RV-J,3,-6.740374624315311,-7.920009051679812,1.1796344273645012
2025-12-16,HAR-RV-J,3,-7.020317942574881,-8.023977631137567,1.0036596885626867
2025-12-17,HAR-RV-J,3,-9.6115694039447,-8.06819108554086,-1.543378318403839
2025-12-18,HAR-RV-J,3,-8.628519475678901,-7.9615299205976315,-0.6669895550812699
2025-12-19,HAR-RV-J,3,-7.534308322325102,-7.576584358739527,0.042276036414425455
2025-12-20,HAR-RV-J,3,-7.663101554070803,-7.408478701242599,-0.25462285282820396
2025-12-21,HAR-RV-J,3,-8.228128764798534,-7.171738766326566,-1.0563899984719676
2025-12-22,HAR-RV-J,3,-8.643584150115842,-7.598322695799671,-1.0452614543161713
2025-12-23,HAR-RV-J,3,-7.837277913270711,-7.945318683243422,0.10804076997271128
2025-12-24,HAR-RV-J,3,-10.1372374475085,-8.06514723395092,-2.07209021355758
2024-06-29,HAR-RV-J,5,-6.7568326341271066,-7.779775026057182,1.0229423919300755
2024-06-30,HAR-RV-J,5,-6.028709939198225,-8.164411970968715,2.1357020317704896
2024-07-01,HAR-RV-J,5,-7.82183717488344,-8.002034145653468,0.1801969707700284
2024-07-02,HAR-RV-J,5,-7.599232953126869,-7.976720883695191,0.3774879305683223
2024-07-03,HAR-RV-J,5,-6.2016000220281144,-8.09475992908484,1.8931599070567264
2024-07-04,HAR-RV-J,5,-7.13201098663784,-7.859099154758754,0.7270881681209138
2024-07-05,HAR-RV-J,5,-7.364155934126495,-7.513180686652015,0.14902475252552083
2024-07-06,HAR-RV-J,5,-6.970855511693713,-7.194602323153635,0.2237468114599217
2024-07-07,HAR-RV-J,5,-7.461112349654011,-7.647494402213063,0.18638205255905227
2024-07-08,HAR-RV-J,5,-8.001579020126183,-7.534257475308528,-0.4673215448176551
2024-07-09,HAR-RV-J,5,-7.503141944073601,-7.091421364444694,-0.4117205796289065
2024-07-10,HAR-RV-J,5,-7.10151927124952,-7.351663029108896,0.2501437578593757
2024-07-11,HAR-RV-J,5,-6.8751174522895955,-7.484423479156828,0.6093060268672321
2024-07-12,HAR-RV-J,5,-7.273310670983561,-7.336809731409538,0.0634990604259773
2024-07-13,HAR-RV-J,5,-7.590004120123674,-7.414062167655032,-0.17594195246864253
2024-07-14,HAR-RV-J,5,-7.361953880672214,-7.626301233838529,0.26434735316631475
2024-07-15,HAR-RV-J,5,-8.183252874840827,-7.540584683688771,-0.6426681911520555
2024-07-16,HAR-RV-J,5,-7.540508981035038,-7.3955849445000625,-0.14492403653497554
2024-07-17,HAR-RV-J,5,-7.831068909072291,-7.326155007106878,-0.5049139019654136
2024-07-18,HAR-RV-J,5,-7.504319171318432,-7.434049771502641,-0.07026939981579083
2024-07-19,HAR-RV-J,5,-7.715830478728725,-7.465268056683748,-0.25056242204497625
2024-07-20,HAR-RV-J,5,-7.1111013620300145,-7.413502390586613,0.30240102855659856
2024-07-21,HAR-RV-J,5,-7.731151246587125,-7.622560904755863,-0.10859034183126148
2024-07-22,HAR-RV-J,5,-6.6745965844828605,-7.538847354479557,0.8642507699966968
2024-07-23,HAR-RV-J,5,-8.297723232050007,-7.6270176505491225,-0.6707055815008847
2024-07-24,HAR-RV-J,5,-7.220642471062432,-7.539334342914744,0.3186918718523115
2024-07-25,HAR-RV-J,5,-7.567743991658627,-7.607157698996938,0.03941370733831029
2024-07-26,HAR-RV-J,5,-7.537578973039193,-7.381363549841817,-0.15621542319737625
2024-07-27,HAR-RV-J,5,-7.134693601377736,-7.566940753710458,0.4322471523327227
2024-07-28,HAR-RV-J,5,-6.728020741506768,-7.239991987445892,0.5119712459391241
2024-07-29,HAR-RV-J,5,-7.102715268773577,-7.645292409027031,0.5425771402534547
2024-07-30,HAR-RV-J,5,-6.901570663299103,-7.411653666384058,0.5100830030849552
2024-07-31,HAR-RV-J,5,-4.331832929576587,-7.537965452550861,3.206132522974274
2024-08-01,HAR-RV-J,5,-6.129507554817753,-7.524681396001471,1.395173841183718
2024-08-02,HAR-RV-J,5,-6.56821202032419,-7.434881970981685,0.8666699506574949
2024-08-03,HAR-RV-J,5,-5.881456842610719,-7.2448052831641965,1.3633484405534775
2024-08-04,HAR-RV-J,5,-6.5521594278707,-7.341520895476905,0.7893614676062048
2024-08-05,HAR-RV-J,5,-8.164746233335169,-7.243783194863906,-0.920963038471263
2024-08-06,HAR-RV-J,5,-7.347966273268356,-6.3454971745651525,-1.0024690987032034
2024-08-07,HAR-RV-J,5,-6.301581779560638,-6.799569003446187,0.4979872238855494
2024-08-08,HAR-RV-J,5,-7.032064393779834,-6.87181720538397,-0.16024718839586338
2024-08-09,HAR-RV-J,5,-7.145182948564176,-6.651405390732402,-0.49377755783177424
2024-08-10,HAR-RV-J,5,-6.782869713050387,-6.742435908994596,-0.040433804055791
2024-08-11,HAR-RV-J,5,-6.993243057300741,-7.2741061386054024,0.28086308130466175
2024-08-12,HAR-RV-J,5,-8.93414336978374,-7.201282996607671,-1.7328603731760692
2024-08-13,HAR-RV-J,5,-8.090430304827276,-6.934204247380985,-1.1562260574462906
2024-08-14,HAR-RV-J,5,-7.395852713362074,-7.1747199138267295,-0.22113279953534448
2024-08-15,HAR-RV-J,5,-7.252727153074581,-7.227305515293575,-0.02542163778100548
2024-08-16,HAR-RV-J,5,-7.122737507461557,-7.057247409561729,-0.06549009789982829
2024-08-17,HAR-RV-J,5,-7.663977474896019,-7.087463047548029,-0.5765144273479903
2024-08-18,HAR-RV-J,5,-6.8510987312401355,-7.600551966939924,0.7494532356997885
2024-08-19,HAR-RV-J,5,-8.299722443510342,-7.539946695505415,-0.7597757480049276
2024-08-20,HAR-RV-J,5,-8.590906417273768,-7.401671634533303,-1.1892347827404652
2024-08-21,HAR-RV-J,5,-7.848062431939034,-7.383134802916906,-0.46492762902212803
2024-08-22,HAR-RV-J,5,-6.578074293173222,-7.347993923275185,0.7699196301019633
2024-08-23,HAR-RV-J,5,-6.625319225980788,-7.426514484798309,0.8011952588175211
2024-08-24,HAR-RV-J,5,-7.220716390846805,-7.163335396764637,-0.0573809940821679
2024-08-25,HAR-RV-J,5,-7.355348084977686,-7.523119396725031,0.1677713117473445
2024-08-26,HAR-RV-J,5,-9.250891127347398,-7.67492055196243,-1.575970575384968
2024-08-27,HAR-RV-J,5,-7.427050700993551,-7.61118181114364,0.18413111015008887
2024-08-28,HAR-RV-J,5,-7.578986184704846,-7.24105452287378,-0.3379316618310657
2024-08-29,HAR-RV-J,5,-7.813351757199836,-7.2504207534490845,-0.5629310037507516
2024-08-30,HAR-RV-J,5,-6.5034602127886165,-7.377027698672748,0.8735674858841316
2024-08-31,HAR-RV-J,5,-6.940360945467537,-7.351232746071633,0.4108718006040961
2024-09-01,HAR-RV-J,5,-6.522114937682515,-7.803096594146438,1.280981656463923
2024-09-02,HAR-RV-J,5,-8.259113009436971,-7.514778785605139,-0.7443342238318325
2024-09-03,HAR-RV-J,5,-7.6986759889953715,-7.600697590240144,-0.0979783987552274
2024-09-04,HAR-RV-J,5,-7.142083192560166,-7.707534097597496,0.5654509050373298
2024-09-05,HAR-RV-J,5,-7.454039970224542,-7.311103379402285,-0.14293659082225751
2024-09-06,HAR-RV-J,5,-6.9566648361472945,-7.323658618718609,0.3669937825713143
2024-09-07,HAR-RV-J,5,-7.375311173852939,-7.172208654195482,-0.20310251965745696
2024-09-08,HAR-RV-J,5,-7.641682246432809,-7.569849250716337,-0.07183299571647161
2024-09-09,HAR-RV-J,5,-8.772444578271369,-7.4605812750110925,-1.3118633032602762
2024-09-10,HAR-RV-J,5,-8.222190817885775,-7.385863077948004,-0.8363277399377704
2024-09-11,HAR-RV-J,5,-7.505284819602623,-7.490513874544335,-0.01477094505828802
2024-09-12,HAR-RV-J,5,-7.206662096750963,-7.373676136047091,0.16701403929612724
2024-09-13,HAR-RV-J,5,-7.000512980515621,-7.447239949498979,0.4467269689833575
2024-09-14,HAR-RV-J,5,-7.40385524870723,-7.482530820943275,0.07867557223604482
2024-09-15,HAR-RV-J,5,-7.62533614746632,-7.793141731586792,0.16780558412047242
2024-09-16,HAR-RV-J,5,-9.118912980170885,-7.758047587231928,-1.3608653929389565
2024-09-17,HAR-RV-J,5,-8.210854186197356,-7.625052715499531,-0.5858014706978247
2024-09-18,HAR-RV-J,5,-7.594933488516639,-7.529156346746624,-0.06577714177001504
2024-09-19,HAR-RV-J,5,-7.695982377007085,-7.448844487483265,-0.24713788952382032
2024-09-20,HAR-RV-J,5,-7.912236774178686,-7.504982290865043,-0.40725448331364245
2024-09-21,HAR-RV-J,5,-7.548593418115738,-7.520344303213769,-0.028249114901968575
2024-09-22,HAR-RV-J,5,-8.156771512470494,-7.888100791930226,-0.26867072054026764
2024-09-23,HAR-RV-J,5,-9.137411157807458,-7.801691146282924,-1.3357200115245336
2024-09-24,HAR-RV-J,5,-9.22010927366513,-7.700391263890181,-1.5197180097749499
2024-09-25,HAR-RV-J,5,-7.657672162115085,-7.742806660197128,0.08513449808204321
2024-09-26,HAR-RV-J,5,-7.16418081548918,-7.816514259683007,0.6523334441938271
2024-09-27,HAR-RV-J,5,-6.873239201215958,-7.65566834976112,0.7824291485451615
2024-09-28,HAR-RV-J,5,-7.372161845921349,-7.791848563881874,0.41968671796052526
2024-09-29,HAR-RV-J,5,-7.762377171311247,-8.085832160186055,0.3234549888748077
2024-09-30,HAR-RV-J,5,-9.410517858234718,-8.213798459980241,-1.1967193982544764
2024-10-01,HAR-RV-J,5,-8.859802514595454,-7.863540221204824,-0.9962622933906307
2024-10-02,HAR-RV-J,5,-7.354846982929903,-7.710358922273423,0.3555119393435202
2024-10-03,HAR-RV-J,5,-7.717832727168758,-7.564889160420402,-0.1529435667483554
2024-10-04,HAR-RV-J,5,-7.9430170498383745,-7.624677761430386,-0.318339288407989
2024-10-05,HAR-RV-J,5,-7.587117550241822,-7.625515556553732,0.03839800631191004
2024-10-06,HAR-RV-J,5,-7.8173580785041725,-8.035062058963785,0.21770398045961237
2024-10-07,HAR-RV-J,5,-8.746814229333626,-8.062510199057858,-0.6843040302757686
2024-10-08,HAR-RV-J,5,-8.44461347063351,-7.751461188258311,-0.6931522823751983
2024-10-09,HAR-RV-J,5,-7.511216222523129,-7.869611393898693,0.3583951713755642
2024-10-10,HAR-RV-J,5,-6.879154515339575,-7.947632375699695,1.0684778603601197
2024-10-11,HAR-RV-J,5,-7.561391084229369,-7.7706935844069145,0.2093025001775457
2024-10-12,HAR-RV-J,5,-7.954807249048968,-7.773180605223185,-0.18162664382578253
2024-10-13,HAR-RV-J,5,-7.899727601495052,-8.035517940840856,0.13579033934580398
2024-10-14,HAR-RV-J,5,-9.798785632524316,-8.027529849104653,-1.7712557834196634
2024-10-15,HAR-RV-J,5,-9.000277471682907,-7.780195001102381,-1.2200824705805253
2024-10-16,HAR-RV-J,5,-7.724745468477852,-7.566444659775074,-0.1583008087027773
2024-10-17,HAR-RV-J,5,-7.774179791525233,-7.739868903648432,-0.03431088787680103
2024-10-18,HAR-RV-J,5,-7.863362515397026,-7.780584125032732,-0.08277839036429402
2024-10-19,HAR-RV-J,5,-8.018551193752419,-7.7425448926009475,-0.2760063011514715
2024-10-20,HAR-RV-J,5,-6.898530866282754,-8.228005467808384,1.3294746015256296
2024-10-21,HAR-RV-J,5,-8.921658190779526,-8.243413998007455,-0.6782441927720715
2024-10-22,HAR-RV-J,5,-9.079636360099444,-7.946181876825725,-1.1334544832737192
2024-10-23,HAR-RV-J,5,-7.784069601964099,-7.952607455671273,0.168537853707174
2024-10-24,HAR-RV-J,5,-7.368623299413477,-7.9827578157531995,0.6141345163397229
2024-10-25,HAR-RV-J,5,-7.512997901045132,-7.954281567313586,0.44128366626845406
2024-10-26,HAR-RV-J,5,-7.671750079550882,-7.544403981468089,-0.12734609808279274
2024-10-27,HAR-RV-J,5,-6.998467037027406,-8.04342863996106,1.0449616029336548
2024-10-28,HAR-RV-J,5,-8.813773417610177,-8.157327161205526,-0.6564462564046512
2024-10-29,HAR-RV-J,5,-7.784664629556363,-7.90001428059194,0.1153496510355776
2024-10-30,HAR-RV-J,5,-7.509206844606907,-7.754551603824854,0.2453447592179474
2024-10-31,HAR-RV-J,5,-7.320254941313007,-7.820945519764929,0.5006905784519216
2024-11-01,HAR-RV-J,5,-6.357178323463686,-7.8048073621449205,1.4476290386812343
2024-11-02,HAR-RV-J,5,-7.505193457512192,-7.5100945318018635,0.00490107428967157
2024-11-03,HAR-RV-J,5,-7.882091528500882,-7.927399128199153,0.045307599698270806
2024-11-04,HAR-RV-J,5,-8.951124037321541,-7.793136278299135,-1.1579877590224061
2024-11-05,HAR-RV-J,5,-6.982350958300895,-7.710415636792154,0.7280646784912594
2024-11-06,HAR-RV-J,5,-6.610143513022823,-7.639474382006478,1.0293308689836547
2024-11-07,HAR-RV-J,5,-5.89742196217559,-7.33615753131632,1.4387355691407295
2024-11-08,HAR-RV-J,5,-5.970825445834223,-7.567181563257036,1.596356117422813
2024-11-09,HAR-RV-J,5,-6.298780197423048,-7.625415044110333,1.326634846687285
2024-11-10,HAR-RV-J,5,-6.69026855754187,-7.90329669484106,1.2130281372991902
2024-11-11,HAR-RV-J,5,-7.962925402749825,-7.478542382271005,-0.48438302047881976
2024-11-12,HAR-RV-J,5,-7.719913234094788,-7.360506589330912,-0.35940664476387596
2024-11-13,HAR-RV-J,5,-6.813641525214108,-7.06376061606464,0.2501190908505313
2024-11-14,HAR-RV-J,5,-7.123061515534054,-6.9787008125612875,-0.14436070297276693
2024-11-15,HAR-RV-J,5,-7.349584827177568,-6.93455210789293,-0.41503271928463814
2024-11-16,HAR-RV-J,5,-6.9277588146226785,-6.9673872687613505,0.039628454138672
2024-11-17,HAR-RV-J,5,-7.639603303246092,-7.259728939391947,-0.3798743638541451
2024-11-18,HAR-RV-J,5,-8.458730870211758,-7.3514593506872465,-1.1072715195245113
2024-11-19,HAR-RV-J,5,-7.906636805257383,-7.224915880867614,-0.6817209243897695
2024-11-20,HAR-RV-J,5,-6.845783544407805,-7.34531464275338,0.4995310983455754
2024-11-21,HAR-RV-J,5,-6.704121318827724,-7.440450149698081,0.7363288308703568
2024-11-22,HAR-RV-J,5,-7.421131408187987,-7.266489357621766,-0.15464205056622138
2024-11-23,HAR-RV-J,5,-7.777480941685613,-7.401753234212833,-0.3757277074727794
2024-11-24,HAR-RV-J,5,-7.7915055329164575,-7.658413796875176,-0.13309173604128155
2024-11-25,HAR-RV-J,5,-8.944575839059315,-7.624114495644878,-1.3204613434144372
2024-11-26,HAR-RV-J,5,-8.526681786585359,-7.329425823028647,-1.197255963556712
2024-11-27,HAR-RV-J,5,-7.2277762188452845,-7.272002300852197,0.04422608200691247
2024-11-28,HAR-RV-J,5,-7.477860175072574,-7.4609492846937275,-0.01691089037884641
2024-11-29,HAR-RV-J,5,-7.352016227925319,-7.483997509781251,0.13198128185593117
2024-11-30,HAR-RV-J,5,-5.520755763032788,-7.49039941333879,1.9696436503060015
2024-12-01,HAR-RV-J,5,-7.056676956855624,-7.823440186940984,0.7667632300853606
2024-12-02,HAR-RV-J,5,-8.28612317218258,-7.893978824340258,-0.3921443478423212
2024-12-03,HAR-RV-J,5,-8.152794625419403,-7.5811278839260705,-0.571666741493333
2024-12-04,HAR-RV-J,5,-6.452164940538162,-7.644976233048664,1.1928112925105019
2024-12-05,HAR-RV-J,5,-6.668355412158304,-7.601949797271863,0.9335943851135591
2024-12-06,HAR-RV-J,5,-7.380414836630238,-6.922437365741909,-0.45797747088832885
2024-12-07,HAR-RV-J,5,-7.347004798406336,-7.273453211968982,-0.07355158643735393
2024-12-08,HAR-RV-J,5,-7.800269430130499,-7.53976906360611,-0.260500366524389
2024-12-09,HAR-RV-J,5,-8.329129180116265,-7.572881192227868,-0.756247987888397
2024-12-10,HAR-RV-J,5,-7.954173621957407,-7.168354254781006,-0.7858193671764013
2024-12-11,HAR-RV-J,5,-7.167863912303163,-7.280974181575145,0.11311026927198142
2024-12-12,HAR-RV-J,5,-7.46114260237137,-7.4950519125928,0.0339093102214294
2024-12-13,HAR-RV-J,5,-6.653480385951037,-7.42154500266316,0.768064616712123
2024-12-14,HAR-RV-J,5,-6.215955295754829,-7.47163775569206,1.2556824599372316
2024-12-15,HAR-RV-J,5,-6.2286006577328035,-7.691514282408019,1.462913624675216
2024-12-16,HAR-RV-J,5,-7.472773492215739,-7.726196900350313,0.25342340813457387
2024-12-17,HAR-RV-J,5,-7.349660055218582,-7.518394582564362,0.1687345273457801
2024-12-18,HAR-RV-J,5,-6.8404400613287955,-7.609890312019551,0.7694502506907552
2024-12-19,HAR-RV-J,5,-7.374187208078972,-7.333714532762034,-0.04047267531693777
2024-12-20,HAR-RV-J,5,-7.715762789103233,-7.103277147933573,-0.61248564116966
2024-12-21,HAR-RV-J,5,-7.307697534873444,-7.007518796932896,-0.3001787379405485
2024-12-22,HAR-RV-J,5,-7.106588924470662,-7.268976866494021,0.1623879420233587
2024-12-23,HAR-RV-J,5,-8.634132442724063,-7.22813613631429,-1.4059963064097731
2024-12-24,HAR-RV-J,5,-8.326756050975344,-7.153220563395993,-1.1735354875793513
2024-12-25,HAR-RV-J,5,-7.3543943334481,-7.315310162736822,-0.0390841707112779
2024-12-26,HAR-RV-J,5,-7.276893060792656,-7.474924009942731,0.19803094915007513
2024-12-27,HAR-RV-J,5,-8.238782332690736,-7.403055315809564,-0.8357270168811715
2024-12-28,HAR-RV-J,5,-7.367896287600902,-7.359654185617913,-0.008242101982989247
2024-12-29,HAR-RV-J,5,-8.097617541330267,-7.740858900341131,-0.35675864098913657
2024-12-30,HAR-RV-J,5,-9.19804542909942,-7.76830228276247,-1.4297431463369499
2024-12-31,HAR-RV-J,5,-8.787325094170878,-7.546074633888757,-1.2412504602821208
2025-01-01,HAR-RV-J,5,-7.415021751205516,-7.531132477622661,0.11611072641714504
2025-01-02,HAR-RV-J,5,-7.590481289361926,-7.825300914084332,0.23481962472240614
2025-01-03,HAR-RV-J,5,-6.90681582272137,-7.564418394155203,0.6576025714338325
2025-01-04,HAR-RV-J,5,-6.968115739055578,-7.709593252682768,0.7414775136271903
2025-01-05,HAR-RV-J,5,-6.709305206835529,-8.012422751404227,1.303117544568698
2025-01-06,HAR-RV-J,5,-8.995729032967116,-8.07098331328363,-0.9247457196834858
2025-01-07,HAR-RV-J,5,-8.852150045924287,-7.70786165103787,-1.1442883948864164
2025-01-08,HAR-RV-J,5,-6.553319507908563,-7.770896510728103,1.2175770028195396
2025-01-09,HAR-RV-J,5,-7.303486208762694,-7.520206848235606,0.21672063947291242
2025-01-10,HAR-RV-J,5,-7.312096925574036,-7.437172140583837,0.1250752150098018
2025-01-11,HAR-RV-J,5,-7.391486709026281,-7.272216174534806,-0.1192705344914744
2025-01-12,HAR-RV-J,5,-7.511145310148465,-7.7803903096438685,0.26924499949540337
2025-01-13,HAR-RV-J,5,-7.438401020768668,-7.869740087070577,0.4313390663019083
2025-01-14,HAR-RV-J,5,-6.148112404271952,-7.372567552573562,1.22445514830161
2025-01-15,HAR-RV-J,5,-5.214773987217453,-7.60397355303106,2.389199565813607
2025-01-16,HAR-RV-J,5,-6.34915971482197,-7.633496515625637,1.2843368008036675
2025-01-17,HAR-RV-J,5,-7.594519813201731,-7.5793990488760805,-0.015120764325650349
2025-01-18,HAR-RV-J,5,-5.989812005402478,-7.50731134371333,1.5174993383108522
2025-01-19,HAR-RV-J,5,-7.355564283258395,-7.568106820962211,0.2125425377038166
2025-01-20,HAR-RV-J,5,-8.788612678268954,-7.12421843598572,-1.664394242283234
2025-01-21,HAR-RV-J,5,-8.623226788453762,-6.729762190621563,-1.8934645978321987
2025-01-22,HAR-RV-J,5,-6.548166225847454,-7.006813582030553,0.45864735618309904
2025-01-23,HAR-RV-J,5,-7.335119722465245,-7.213547335256944,-0.12157238720830055
2025-01-24,HAR-RV-J,5,-7.350021545427285,-6.823602125833976,-0.5264194195933083
2025-01-25,HAR-RV-J,5,-7.86523565131056,-7.141818690506841,-0.7234169608037195
2025-01-26,HAR-RV-J,5,-7.64515655585875,-7.619736799754681,-0.025419756104069435
2025-01-27,HAR-RV-J,5,-8.395509658549456,-7.767514478937651,-0.6279951796118048
2025-01-28,HAR-RV-J,5,-7.035755186208709,-7.266096655264054,0.23034146905534492
2025-01-29,HAR-RV-J,5,-5.95199845728886,-7.544049328213195,1.5920508709243348
2025-01-30,HAR-RV-J,5,-6.579587906443687,-7.545839039619125,0.9662511331754375
2025-01-31,HAR-RV-J,5,-7.222214210843608,-7.602020875499106,0.37980666465549806
2025-02-01,HAR-RV-J,5,-7.456911400328808,-7.49801283849794,0.04110143816913148
2025-02-02,HAR-RV-J,5,-7.097257483150888,-7.759713944252272,0.6624564611013835
2025-02-03,HAR-RV-J,5,-8.810076811866075,-7.448015327697424,-1.3620614841686516
2025-02-04,HAR-RV-J,5,-8.10773415201615,-7.065253244453762,-1.0424809075623873
2025-02-05,HAR-RV-J,5,-7.786812840962016,-7.166783923248335,-0.6200289177136806
2025-02-06,HAR-RV-J,5,-8.095685364957285,-7.29324537314377,-0.8024399918135154
2025-02-07,HAR-RV-J,5,-6.962691557561749,-7.258613467297796,0.29592190973604726
2025-02-08,HAR-RV-J,5,-7.850939573833918,-7.213424580767257,-0.6375149930666604
2025-02-09,HAR-RV-J,5,-7.6048640411791055,-7.6857006675766,0.08083662639749445
2025-02-10,HAR-RV-J,5,-9.31204237724052,-7.705885690189413,-1.606156687051107
2025-02-11,HAR-RV-J,5,-9.354075786569943,-7.707869946475793,-1.64620584009415
2025-02-12,HAR-RV-J,5,-8.328308753403542,-7.830098557388138,-0.49821019601540417
2025-02-13,HAR-RV-J,5,-7.735386570485104,-7.549886019293326,-0.18550055119177777
2025-02-14,HAR-RV-J,5,-8.074161026658576,-7.718803067502683,-0.3553579591558931
2025-02-15,HAR-RV-J,5,-8.388064413225592,-7.658174209343562,-0.7298902038820305
2025-02-16,HAR-RV-J,5,-7.422492670788367,-8.034049172328732,0.611556501540365
2025-02-17,HAR-RV-J,5,-9.351071668633756,-8.142159822043077,-1.208911846590679
2025-02-18,HAR-RV-J,5,-9.327182940847992,-8.084268203784182,-1.2429147370638098
2025-02-19,HAR-RV-J,5,-7.366790273234517,-7.929424352544194,0.5626340793096771
2025-02-20,HAR-RV-J,5,-6.241011939761488,-8.049705378080821,1.8086934383193336
2025-02-21,HAR-RV-J,5,-6.08442226100039,-8.091339468584348,2.0069172075839576
2025-02-22,HAR-RV-J,5,-6.878853344044446,-7.734259145289204,0.8554058012447587
2025-02-23,HAR-RV-J,5,-5.588570041559089,-8.168087602824201,2.579517561265112
2025-02-24,HAR-RV-J,5,-7.482186017843935,-8.294453324677892,0.8122673068339576
2025-02-25,HAR-RV-J,5,-6.026685262486463,-7.841082446977029,1.8143971844905655
2025-02-26,HAR-RV-J,5,-6.005721130764149,-7.431890228982781,1.4261690982186321
2025-02-27,HAR-RV-J,5,-5.832575425345344,-7.316196100457693,1.4836206751123493
2025-02-28,HAR-RV-J,5,-6.528431978871631,-7.3926691023449935,0.8642371234733623
2025-03-01,HAR-RV-J,5,-6.412729998936713,-6.831391911890036,0.4186619129533238
2025-03-02,HAR-RV-J,5,-5.651155219226064,-7.220995973819634,1.56984075459357
2025-03-03,HAR-RV-J,5,-7.82002049036847,-6.9380308664428325,-0.8819896239256373
2025-03-04,HAR-RV-J,5,-7.116223896566312,-6.913711424356735,-0.2025124722095768
2025-03-05,HAR-RV-J,5,-5.949376876735946,-6.80149313708932,0.8521162603533741
2025-03-06,HAR-RV-J,5,-6.2051256349718855,-7.0113938384092735,0.806268203437388
2025-03-07,HAR-RV-J,5,-6.9226794457074154,-6.908276361898346,-0.014403083809069628
2025-03-08,HAR-RV-J,5,-7.250092425539886,-6.685928177680879,-0.564164247859007
2025-03-09,HAR-RV-J,5,-7.447118934719969,-7.176453973992662,-0.2706649607273066
2025-03-10,HAR-RV-J,5,-8.898459551988159,-7.179633410367578,-1.718826141620581
2025-03-11,HAR-RV-J,5,-7.329432996679352,-6.858361877971158,-0.47107111870819374
2025-03-12,HAR-RV-J,5,-7.67080326390782,-6.909672969413324,-0.761130294494496
2025-03-13,HAR-RV-J,5,-7.616041619926752,-7.154476344053699,-0.4615652758730526
2025-03-14,HAR-RV-J,5,-7.472221310413124,-7.143388634357669,-0.3288326760554545
2025-03-15,HAR-RV-J,5,-7.439639310421675,-7.193852525659462,-0.24578678476221238
2025-03-16,HAR-RV-J,5,-7.976296204139535,-7.614223077912882,-0.3620731262266528
2025-03-17,HAR-RV-J,5,-9.81200323221424,-7.458293562768711,-2.3537096694455286
2025-03-18,HAR-RV-J,5,-8.77472856117907,-7.580410236323936,-1.1943183248551348
2025-03-19,HAR-RV-J,5,-7.738805643991428,-7.582763695913714,-0.1560419480777142
2025-03-20,HAR-RV-J,5,-7.907900185694711,-7.5503927247391704,-0.3575074609555404
2025-03-21,HAR-RV-J,5,-7.926440425992742,-7.483924484755161,-0.44251594123758053
2025-03-22,HAR-RV-J,5,-8.15773669999174,-7.6351987444989495,-0.5225379554927896
2025-03-23,HAR-RV-J,5,-7.842789124023152,-8.047891056554814,0.20510193253166165
2025-03-24,HAR-RV-J,5,-8.003994184702773,-8.033887965440382,0.029893780737609177
2025-03-25,HAR-RV-J,5,-8.165887428032145,-7.8387662415245165,-0.327121186507628
2025-03-26,HAR-RV-J,5,-7.254418259891095,-7.921977926262053,0.6675596663709582
2025-03-27,HAR-RV-J,5,-7.756757128271761,-7.937634296041765,0.18087716777000473
2025-03-28,HAR-RV-J,5,-6.587482790091052,-7.926970196299116,1.3394874062080646
2025-03-29,HAR-RV-J,5,-7.252194880144823,-7.806056839314419,0.5538619591695957
2025-03-30,HAR-RV-J,5,-6.63516370951007,-7.873504297113453,1.2383405876033828
2025-03-31,HAR-RV-J,5,-8.681969956851141,-7.915733021439607,-0.7662369354115341
2025-04-01,HAR-RV-J,5,-7.188412492677708,-7.6448714384193,0.4564589457415922
2025-04-02,HAR-RV-J,5,-5.629049006791348,-7.78327807059615,2.1542290638048023
2025-04-03,HAR-RV-J,5,-6.933967406336497,-7.3858005973556855,0.4518331910191886
2025-04-04,HAR-RV-J,5,-5.92065466170989,-7.545993063795561,1.6253384020856707
2025-04-05,HAR-RV-J,5,-7.031037787314499,-7.28101407533277,0.24997628801827076
2025-04-06,HAR-RV-J,5,-7.032090018849573,-7.737745114508934,0.7056550956593615
2025-04-07,HAR-RV-J,5,-7.79990038655869,-7.477111853333428,-0.32278853322526224
2025-04-08,HAR-RV-J,5,-7.287263687197286,-6.978890279986974,-0.30837340721031214
2025-04-09,HAR-RV-J,5,-7.167014962280521,-7.328007909203717,0.1609929469231961
2025-04-10,HAR-RV-J,5,-7.777788884630375,-6.9962958420148995,-0.7814930426154758
2025-04-11,HAR-RV-J,5,-7.413189676387737,-7.150968713560957,-0.2622209628267802
2025-04-12,HAR-RV-J,5,-8.268721841318316,-7.138249023962309,-1.130472817356007
2025-04-13,HAR-RV-J,5,-9.681279444888752,-7.407162289987772,-2.2741171549009795
2025-04-14,HAR-RV-J,5,-9.171548905690758,-7.357113523615455,-1.8144353820753025
2025-04-15,HAR-RV-J,5,-9.01552740253416,-7.417741864769319,-1.5977855377648407
2025-04-16,HAR-RV-J,5,-7.457356285992482,-7.569099042064826,0.11174275607234385
2025-04-17,HAR-RV-J,5,-6.979201722253075,-7.539634435246257,0.5604327129931823
2025-04-18,HAR-RV-J,5,-7.403345870725576,-7.69747814806409,0.2941322773385142
2025-04-19,HAR-RV-J,5,-8.021045389721651,-8.07883252974365,0.057787140021998695
2025-04-20,HAR-RV-J,5,-7.797960553044787,-8.176623799094852,0.3786632460500652
2025-04-21,HAR-RV-J,5,-8.912576429259436,-8.258528750365201,-0.6540476788942353
2025-04-22,HAR-RV-J,5,-8.579169330655771,-7.8540227579785755,-0.725146572677196
2025-04-23,HAR-RV-J,5,-7.92097208375074,-7.6561297946599245,-0.2648422890908151
2025-04-24,HAR-RV-J,5,-8.087519781534887,-7.67494053026824,-0.41257925126664663
2025-04-25,HAR-RV-J,5,-8.023455793775357,-7.771905309842298,-0.2515504839330589
2025-04-26,HAR-RV-J,5,-8.09456339337235,-7.657861201998257,-0.43670219137409383
2025-04-27,HAR-RV-J,5,-8.294066343106515,-7.925225859171528,-0.3688404839349868
2025-04-28,HAR-RV-J,5,-9.46541060137628,-8.010435133289846,-1.4549754680864346
2025-04-29,HAR-RV-J,5,-8.596552100361416,-7.920510380057228,-0.6760417203041884
2025-04-30,HAR-RV-J,5,-8.166003817373237,-7.9865399947696805,-0.17946382260355698
2025-05-01,HAR-RV-J,5,-8.013724640481898,-7.9849643358838405,-0.028760304598058006
2025-05-02,HAR-RV-J,5,-7.894201229610753,-7.9806781129759266,0.08647688336517323
2025-05-03,HAR-RV-J,5,-7.474703553304063,-8.003788484420152,0.5290849311160892
2025-05-04,HAR-RV-J,5,-7.7544076279684,-8.287383674354668,0.5329760463862678
2025-05-05,HAR-RV-J,5,-8.51169203750711,-8.22399476650613,-0.2876972710009795
2025-05-06,HAR-RV-J,5,-7.894756830708296,-8.126135260755916,0.23137843004762004
2025-05-07,HAR-RV-J,5,-7.171315375183232,-8.082598699795012,0.9112833246117802
2025-05-08,HAR-RV-J,5,-7.898122089143746,-8.029839463051548,0.13171737390780258
2025-05-09,HAR-RV-J,5,-8.318310440418038,-7.8158212917973255,-0.5024891486207128
2025-05-10,HAR-RV-J,5,-7.7147571999584414,-7.866935064772067,0.15217786481362516
2025-05-11,HAR-RV-J,5,-8.244800643227538,-7.99321589811586,-0.2515847451116784
2025-05-12,HAR-RV-J,5,-8.88548365814237,-7.903882782026067,-0.9816008761163024
2025-05-13,HAR-RV-J,5,-7.9130966647344225,-7.648635798885691,-0.26446086584873196
2025-05-14,HAR-RV-J,5,-7.475391981698435,-7.874135046345448,0.3987430646470136
2025-05-15,HAR-RV-J,5,-7.413492676031776,-7.974967790700179,0.5614751146684025
2025-05-16,HAR-RV-J,5,-6.9048202411259405,-7.828985520158215,0.9241652790322741
2025-05-17,HAR-RV-J,5,-7.5998782354004675,-7.931522660873482,0.33164442547301487
2025-05-18,HAR-RV-J,5,-7.443883442529285,-8.150520044698048,0.7066366021687633
2025-05-19,HAR-RV-J,5,-8.225636513265073,-7.983281120196439,-0.24235539306863352
2025-05-20,HAR-RV-J,5,-8.196992018610825,-7.808981690772951,-0.3880103278378737
2025-05-21,HAR-RV-J,5,-8.288440304342084,-7.773968845600532,-0.5144714587415518
2025-05-22,HAR-RV-J,5,-7.940076582517803,-7.555385609931605,-0.3846909725861982
2025-05-23,HAR-RV-J,5,-8.336031186903472,-7.673391747259288,-0.6626394396441846
2025-05-24,HAR-RV-J,5,-7.769467517478563,-7.616072265133683,-0.15339525234487983
2025-05-25,HAR-RV-J,5,-7.728674501465333,-7.762957603490836,0.034283102025503
2025-05-26,HAR-RV-J,5,-8.421598154519437,-7.817031947556818,-0.6045662069626188
2025-05-27,HAR-RV-J,5,-8.743472246073782,-7.939473943734181,-0.8039983023396013
2025-05-28,HAR-RV-J,5,-8.184430028615092,-7.913738445173476,-0.27069158344161526
2025-05-29,HAR-RV-J,5,-8.331213911925008,-8.047031069216526,-0.28418284270848204
2025-05-30,HAR-RV-J,5,-8.71279939743139,-7.885016022403839,-0.8277833750275505
2025-05-31,HAR-RV-J,5,-7.51988335958094,-7.858395938125966,0.3385125785450258
2025-06-01,HAR-RV-J,5,-8.345664194572562,-8.000302571841345,-0.3453616227312164
2025-06-02,HAR-RV-J,5,-9.05218826005398,-8.101884600180536,-0.9503036598734429
2025-06-03,HAR-RV-J,5,-9.384555576107418,-8.034302217971545,-1.3502533581358733
2025-06-04,HAR-RV-J,5,-7.968985833169205,-8.10349127343817,0.13450544026896516
2025-06-05,HAR-RV-J,5,-8.125005944838898,-8.229876594893959,0.10487065005506047
2025-06-06,HAR-RV-J,5,-8.19082610478049,-7.873476591789215,-0.31734951299127445
2025-06-07,HAR-RV-J,5,-7.927023759209108,-8.088391433461394,0.16136767425228626
2025-06-08,HAR-RV-J,5,-7.443188684929166,-8.238775528479204,0.795586843550038
2025-06-09,HAR-RV-J,5,-9.05726972859608,-8.365638916727988,-0.6916308118680909
2025-06-10,HAR-RV-J,5,-8.953471985164441,-8.06165238095179,-0.8918196042126514
2025-06-11,HAR-RV-J,5,-8.110641264350848,-8.139929386755785,0.029288122404937056
2025-06-12,HAR-RV-J,5,-7.806286485181062,-8.156763543064947,0.35047705788388583
2025-06-13,HAR-RV-J,5,-7.866192379807445,-8.030968140169104,0.16477576036165953
2025-06-14,HAR-RV-J,5,-8.633468871743753,-7.802780339349193,-0.8306885323945608
2025-06-15,HAR-RV-J,5,-7.900331132706684,-8.150639394381965,0.250308261675281
2025-06-16,HAR-RV-J,5,-7.967196587131996,-8.211112157064413,0.24391556993241714
2025-06-17,HAR-RV-J,5,-7.027680658640498,-8.083729974262173,1.0560493156216753
2025-06-18,HAR-RV-J,5,-7.236497370232764,-7.994723289332451,0.7582259190996865
2025-06-19,HAR-RV-J,5,-8.149886293035856,-8.03184472132055,-0.11804157171530605
2025-06-20,HAR-RV-J,5,-8.176305065875129,-8.15837656260689,-0.017928503268239027
2025-06-21,HAR-RV-J,5,-8.376095118293176,-7.963355183302652,-0.4127399349905234
2025-06-22,HAR-RV-J,5,-8.542770722531861,-7.97407277851858,-0.5686979440132811
2025-06-23,HAR-RV-J,5,-10.649971722513076,-7.684479788112195,-2.965491934400881
2025-06-24,HAR-RV-J,5,-9.316586495538738,-7.698118929440186,-1.618467566098552
2025-06-25,HAR-RV-J,5,-8.62277199796468,-7.835968458150421,-0.786803539814259
2025-06-26,HAR-RV-J,5,-8.642591743070529,-7.860860678500899,-0.7817310645696303
2025-06-27,HAR-RV-J,5,-8.308439939764494,-7.915299133172611,-0.3931408065918829
2025-06-28,HAR-RV-J,5,-8.29396771419438,-8.07287116019982,-0.22109655399455974
2025-06-29,HAR-RV-J,5,-8.898524051817713,-8.59292834385406,-0.30559570796365243
2025-06-30,HAR-RV-J,5,-9.987284347496226,-8.544281684017669,-1.4430026634785573
2025-07-01,HAR-RV-J,5,-9.36677210235694,-8.431754539259485,-0.9350175630974551
2025-07-02,HAR-RV-J,5,-8.713378263033814,-8.454241668604451,-0.25913659442936243
2025-07-03,HAR-RV-J,5,-8.902586131499698,-8.357922205852313,-0.5446639256473844
2025-07-04,HAR-RV-J,5,-8.29417874240117,-8.230775397444642,-0.06340334495652833
2025-07-05,HAR-RV-J,5,-7.209350045659884,-8.323786261483132,1.1144362158232486
2025-07-06,HAR-RV-J,5,-7.867944834377488,-8.5726119239776,0.7046670896001128
2025-07-07,HAR-RV-J,5,-9.356431837546369,-8.564295665546116,-0.7921361720002533
2025-07-08,HAR-RV-J,5,-8.773942349578554,-8.475537995629686,-0.2984043539488681
2025-07-09,HAR-RV-J,5,-7.481016702523509,-8.560926931395873,1.0799102288723637
2025-07-10,HAR-RV-J,5,-7.254884046098786,-8.374662252497917,1.1197782063991308
2025-07-11,HAR-RV-J,5,-7.906106583346014,-7.941157438066351,0.0350508547203372
2025-07-12,HAR-RV-J,5,-7.750043741635851,-8.00998648227051,0.25994274063465816
2025-07-13,HAR-RV-J,5,-7.925867888823022,-8.28450096360995,0.35863307478692885
2025-07-14,HAR-RV-J,5,-9.191851708958271,-8.210564203028545,-0.9812875059297266
2025-07-15,HAR-RV-J,5,-8.749889889500176,-7.90473692466207,-0.845152964838106
2025-07-16,HAR-RV-J,5,-8.062198643566044,-7.849616803596335,-0.21258183996970814
2025-07-17,HAR-RV-J,5,-7.740429316317312,-8.016958177409744,0.2765288610924328
2025-07-18,HAR-RV-J,5,-8.047332828013449,-7.88736684693853,-0.15996598107491877
2025-07-19,HAR-RV-J,5,-8.253076728769177,-7.845828103392707,-0.4072486253764698
2025-07-20,HAR-RV-J,5,-7.605517370811197,-8.128679255436927,0.52316188462573
2025-07-21,HAR-RV-J,5,-9.606954095499765,-8.19904910317846,-1.4079049923213045
2025-07-22,HAR-RV-J,5,-8.981033746649764,-8.093407146634306,-0.8876266000154587
2025-07-23,HAR-RV-J,5,-8.30508496766559,-8.008375258471405,-0.29670970919418416
2025-07-24,HAR-RV-J,5,-8.268215689597376,-8.090937548853491,-0.17727814074388526
2025-07-25,HAR-RV-J,5,-8.393240576178409,-8.079883759076143,-0.3133568171022656
2025-07-26,HAR-RV-J,5,-8.520230588607557,-7.869998864454576,-0.6502317241529809
2025-07-27,HAR-RV-J,5,-7.533737412187012,-8.262001706944277,0.7282642947572651
2025-07-28,HAR-RV-J,5,-8.568970525996992,-8.29739334040887,-0.2715771855881215
2025-07-29,HAR-RV-J,5,-9.01457508878402,-8.206810814275471,-0.8077642745085498
2025-07-30,HAR-RV-J,5,-8.64759502280641,-8.196494139030627,-0.4511008837757835
2025-07-31,HAR-RV-J,5,-8.327990264931364,-8.26855419685339,-0.0594360680779733
2025-08-01,HAR-RV-J,5,-8.51421068372607,-8.241283718418924,-0.2729269653071462
2025-08-02,HAR-RV-J,5,-8.532403748070708,-7.920290516655015,-0.6121132314156927
2025-08-03,HAR-RV-J,5,-8.651182815348951,-8.156269208932798,-0.49491360641615323
2025-08-04,HAR-RV-J,5,-9.32597851139552,-8.261279197114188,-1.0646993142813326
2025-08-05,HAR-RV-J,5,-8.441043602227696,-8.247885807781692,-0.19315779444600345
2025-08-06,HAR-RV-J,5,-7.811382584426513,-8.189066272467976,0.37768368804146313
2025-08-07,HAR-RV-J,5,-8.297044334912817,-8.293961512374013,-0.0030828225388042085
2025-08-08,HAR-RV-J,5,-7.759195959681331,-8.299181312216295,0.5399853525349636
2025-08-09,HAR-RV-J,5,-6.9615054586384755,-8.29773944277448,1.3362339841360047
2025-08-10,HAR-RV-J,5,-8.400633017404333,-8.425832016418633,0.025198999014300227
2025-08-11,HAR-RV-J,5,-9.797853695149604,-8.305633430149832,-1.4922202649997711
2025-08-12,HAR-RV-J,5,-9.5559821565806,-8.099352008270273,-1.4566301483103263
2025-08-13,HAR-RV-J,5,-8.156814886452334,-8.216048383594755,0.05923349714242043
2025-08-14,HAR-RV-J,5,-8.142712241205171,-8.027730687197035,-0.11498155400813559
2025-08-15,HAR-RV-J,5,-8.113278831395304,-7.6898847818109175,-0.4233940495843864
2025-08-16,HAR-RV-J,5,-8.175195141952578,-7.974452253112398,-0.2007428888401801
2025-08-17,HAR-RV-J,5,-7.391375071440983,-8.284260312680281,0.8928852412392985
2025-08-18,HAR-RV-J,5,-9.155666824013634,-8.371681315180425,-0.7839855088332097
2025-08-19,HAR-RV-J,5,-7.722034948084426,-8.203881224354355,0.4818462762699287
2025-08-20,HAR-RV-J,5,-7.330218334497994,-8.262699313322265,0.9324809788242714
2025-08-21,HAR-RV-J,5,-7.622910020795579,-8.239108134013513,0.6161981132179344
2025-08-22,HAR-RV-J,5,-8.082710716050025,-8.167862264136101,0.08515154808607583
2025-08-23,HAR-RV-J,5,-8.403842583904545,-7.837885975867244,-0.5659566080373013
2025-08-24,HAR-RV-J,5,-8.0046493464786,-8.197332363238836,0.19268301676023647
2025-08-25,HAR-RV-J,5,-9.133680845548108,-7.959520944179484,-1.1741599013686237
2025-08-26,HAR-RV-J,5,-9.177958657568531,-7.807754280204081,-1.37020437736445
2025-08-27,HAR-RV-J,5,-7.953683190386181,-7.854843718086577,-0.09883947229960466
2025-08-28,HAR-RV-J,5,-7.872158994764496,-7.995621041607051,0.12346204684255468
2025-08-29,HAR-RV-J,5,-8.182388144667684,-7.957925330499779,-0.2244628141679046
2025-08-30,HAR-RV-J,5,-8.292311256544016,-7.952601505630584,-0.3397097509134319
2025-08-31,HAR-RV-J,5,-8.049751286620033,-8.208168663992822,0.15841737737278905
2025-09-01,HAR-RV-J,5,-9.772848916168195,-8.347503913136343,-1.4253450030318522
2025-09-02,HAR-RV-J,5,-9.53452627568605,-8.123791878521462,-1.4107343971645872
2025-09-03,HAR-RV-J,5,-8.677120971758,-8.075110912243254,-0.6020100595147468
2025-09-04,HAR-RV-J,5,-8.403115304394708,-8.166970211956475,-0.23614509243823356
2025-09-05,HAR-RV-J,5,-8.21218014894868,-8.155740966722155,-0.056439182226524665
2025-09-06,HAR-RV-J,5,-8.499654294702792,-8.042959565975917,-0.456694728726875
2025-09-07,HAR-RV-J,5,-8.617547509904476,-8.362851310202352,-0.2546961997021242
2025-09-08,HAR-RV-J,5,-9.831130650802836,-8.487608114864774,-1.343522535938062
2025-09-09,HAR-RV-J,5,-9.54978554808957,-8.418635274217174,-1.1311502738723966
2025-09-10,HAR-RV-J,5,-8.439814402280856,-8.351300590598278,-0.08851381168257788
2025-09-11,HAR-RV-J,5,-8.792523838198322,-8.308403261549048,-0.4841205766492749
2025-09-12,HAR-RV-J,5,-8.101310617641094,-8.321666192088642,0.22035557444754872
2025-09-13,HAR-RV-J,5,-8.766447689945338,-8.290964485117549,-0.47548320482778905
2025-09-14,HAR-RV-J,5,-9.267364905921823,-8.507964736717742,-0.7594001692040813
2025-09-15,HAR-RV-J,5,-10.6050280488101,-8.588626281881083,-2.0164017669290164
2025-09-16,HAR-RV-J,5,-10.133520913612236,-8.416916792324162,-1.7166041212880732
2025-09-17,HAR-RV-J,5,-7.891930026244774,-8.531898804246925,0.6399687780021512
2025-09-18,HAR-RV-J,5,-8.692216418426757,-8.320994419235031,-0.37122199919172516
2025-09-19,HAR-RV-J,5,-8.715111261187413,-8.43668247215103,-0.2784287890363828
2025-09-20,HAR-RV-J,5,-7.797766269227527,-8.471715392676524,0.6739491234489972
2025-09-21,HAR-RV-J,5,-8.199318457410062,-8.791743093715336,0.5924246363052745
2025-09-22,HAR-RV-J,5,-10.290127372923022,-8.875117209626715,-1.4150101632963068
2025-09-23,HAR-RV-J,5,-9.254128583110203,-8.387881627515307,-0.866246955594896
2025-09-24,HAR-RV-J,5,-8.541521038784206,-8.60570972011553,0.06418868133132527
2025-09-25,HAR-RV-J,5,-8.603434629923894,-8.586064743461119,-0.017369886462775597
2025-09-26,HAR-RV-J,5,-8.240112062129832,-8.186234836012595,-0.05387722611723689
2025-09-27,HAR-RV-J,5,-8.296715658902626,-8.19713141314601,-0.09958424575661518
2025-09-28,HAR-RV-J,5,-7.823921809963694,-8.609348341384052,0.7854265314203586
2025-09-29,HAR-RV-J,5,-9.45214532988536,-8.570491971053137,-0.8816533588322226
2025-09-30,HAR-RV-J,5,-7.695218782358524,-8.440652891291588,0.7454341089330638
2025-10-01,HAR-RV-J,5,-8.01510033381816,-8.500101759061266,0.48500142524310697
2025-10-02,HAR-RV-J,5,-7.842639336975692,-8.404608344727228,0.5619690077515358
2025-10-03,HAR-RV-J,5,-8.002081163490216,-8.313200201457791,0.31111903796757545
2025-10-04,HAR-RV-J,5,-8.012382804006961,-8.109314969771313,0.09693216576435226
2025-10-05,HAR-RV-J,5,-4.587612791666304,-8.414711190146045,3.827098398479741
2025-10-06,HAR-RV-J,5,-7.115722376608375,-8.069491675529756,0.9537692989213813
2025-10-07,HAR-RV-J,5,-7.1264281234111495,-8.137581599379297,1.0111534759681478
2025-10-08,HAR-RV-J,5,-7.601098600323596,-8.064810218686755,0.46371161836315977
2025-10-09,HAR-RV-J,5,-7.344241412122854,-8.113922033857767,0.7696806217349126
2025-10-10,HAR-RV-J,5,-7.591723650096573,-8.02174377709386,0.4300201269972872
2025-10-11,HAR-RV-J,5,-6.905012356907999,-6.927465982324529,0.022453625416529732
2025-10-12,HAR-RV-J,5,-7.053262415309131,-7.534249364025066,0.48098694871593484
2025-10-13,HAR-RV-J,5,-8.645181515778779,-7.459296047645474,-1.1858854681333044
2025-10-14,HAR-RV-J,5,-7.946925952270387,-7.4527320729688435,-0.4941938793015437
2025-10-15,HAR-RV-J,5,-7.702435877483535,-7.369462956259043,-0.33297292122449207
2025-10-16,HAR-RV-J,5,-6.814365684609184,-7.661800574875963,0.8474348902667792
2025-10-17,HAR-RV-J,5,-7.329678651800407,-7.508009824700176,0.17833117289976919
2025-10-18,HAR-RV-J,5,-7.503043703626393,-7.542717206222761,0.03967350259636859
2025-10-19,HAR-RV-J,5,-8.016664491858316,-7.809858277692532,-0.20680621416578404
2025-10-20,HAR-RV-J,5,-9.436012357444428,-7.801202870480329,-1.634809486964099
2025-10-21,HAR-RV-J,5,-8.127811371886041,-7.786613434760989,-0.3411979371250524
2025-10-22,HAR-RV-J,5,-8.31020361926275,-7.5495157779187885,-0.7606878413439624
2025-10-23,HAR-RV-J,5,-7.874738990868753,-7.696746947049412,-0.17799204381934075
2025-10-24,HAR-RV-J,5,-7.054000148404952,-7.671790098211193,0.6177899498062409
2025-10-25,HAR-RV-J,5,-7.043093926149241,-7.723289065392393,0.6801951392431524
2025-10-26,HAR-RV-J,5,-7.299625987456839,-7.997840117905757,0.6982141304489184
2025-10-27,HAR-RV-J,5,-9.102269176611976,-8.01101967566013,-1.0912495009518466
2025-10-28,HAR-RV-J,5,-8.604699637140742,-8.11679336493875,-0.48790627220199134
2025-10-29,HAR-RV-J,5,-7.27163389114966,-8.024359658076289,0.7527257669266287
2025-10-30,HAR-RV-J,5,-6.542526955726167,-7.7491081766400525,1.2065812209138853
2025-10-31,HAR-RV-J,5,-7.130332009579842,-7.61649841006497,0.4861664004851285
2025-11-01,HAR-RV-J,5,-7.168157359718235,-7.638680495269121,0.4705231355508861
2025-11-02,HAR-RV-J,5,-7.037002738488869,-7.899111453320411,0.8621087148315416
2025-11-03,HAR-RV-J,5,-8.218470766094887,-7.937538438901138,-0.2809323271937494
2025-11-04,HAR-RV-J,5,-7.88633221123335,-7.738643432691777,-0.14768877854157303
2025-11-05,HAR-RV-J,5,-7.707023434157362,-7.502951702971091,-0.20407173118627142
2025-11-06,HAR-RV-J,5,-7.4421296812380255,-7.660748243267045,0.21861856202901908
2025-11-07,HAR-RV-J,5,-7.572570868483227,-7.573733317862482,0.001162449379254582
2025-11-08,HAR-RV-J,5,-7.0002820840938105,-7.473768343603235,0.4734862595094249
2025-11-09,HAR-RV-J,5,-6.384560789541653,-7.63460105306695,1.250040263525297
2025-11-10,HAR-RV-J,5,-7.714310407924918,-7.740361012123942,0.02605060419902383
2025-11-11,HAR-RV-J,5,-7.175102452523699,-7.784032483443261,0.608930030919562
2025-11-12,HAR-RV-J,5,-6.993087708054424,-7.743634872641537,0.7505471645871129
2025-11-13,HAR-RV-J,5,-6.75464809359329,-7.8102828346652755,1.0556347410719855
2025-11-14,HAR-RV-J,5,-6.988105858772633,-7.584512276845507,0.5964064180728741
2025-11-15,HAR-RV-J,5,-6.842480066767818,-7.306860969273174,0.464380902505356
2025-11-16,HAR-RV-J,5,-5.7867108645783665,-7.564536931972948,1.7778260673945816
2025-11-17,HAR-RV-J,5,-7.555518494073084,-7.505627183609224,-0.04989131046385964
2025-11-18,HAR-RV-J,5,-7.596708359678786,-7.41885691370555,-0.17785144597323566
2025-11-19,HAR-RV-J,5,-6.969901638005364,-7.332972754954014,0.3630711169486496
2025-11-20,HAR-RV-J,5,-7.231650335428167,-7.4311257709988245,0.1994754355706574
2025-11-21,HAR-RV-J,5,-7.364305501511629,-7.33897332665335,-0.025332174858279544
2025-11-22,HAR-RV-J,5,-7.879568199495125,-6.947367114038582,-0.9322010854565432
2025-11-23,HAR-RV-J,5,-7.694293783175389,-7.299273811046353,-0.3950199721290355
2025-11-24,HAR-RV-J,5,-8.832361523993656,-7.384620265153558,-1.4477412588400984
2025-11-25,HAR-RV-J,5,-8.56370363864505,-7.352169249465442,-1.211534389179608
2025-11-26,HAR-RV-J,5,-6.7205038180139995,-7.4035133525662005,0.6830095345522009
2025-11-27,HAR-RV-J,5,-7.166694063037643,-7.578134815445539,0.4114407524078958
2025-11-28,HAR-RV-J,5,-6.799725179739331,-7.635392825929095,0.8356676461897639
2025-11-29,HAR-RV-J,5,-7.278058894103278,-7.63535278317393,0.35729388907065207
2025-11-30,HAR-RV-J,5,-7.384608832790334,-7.877074327215427,0.492465494425093
2025-12-01,HAR-RV-J,5,-8.780922005770533,-8.004805802090019,-0.7761162036805143
2025-12-02,HAR-RV-J,5,-7.414740413919735,-7.560351855156823,0.14561144123708836
2025-12-03,HAR-RV-J,5,-7.457035504573326,-7.648718027049908,0.19168252247658213
2025-12-04,HAR-RV-J,5,-7.256857420158548,-7.493511460226766,0.23665404006821777
2025-12-05,HAR-RV-J,5,-7.058992929899828,-7.547889407331985,0.4888964774321565
2025-12-06,HAR-RV-J,5,-7.347794785273569,-7.4338879363189525,0.08609315104538329
2025-12-07,HAR-RV-J,5,-7.561466219241837,-7.70277694816758,0.1413107289257427
2025-12-08,HAR-RV-J,5,-9.696511840594232,-7.646988939868502,-2.04952290072573
2025-12-09,HAR-RV-J,5,-8.293293428630856,-7.6932106284760025,-0.600082800154853
2025-12-10,HAR-RV-J,5,-7.227863026447627,-7.635713881591874,0.4078508551442468
2025-12-11,HAR-RV-J,5,-7.710960999236119,-7.563990517266632,-0.14697048196948703
2025-12-12,HAR-RV-J,5,-6.682453263792524,-7.567792748384425,0.8853394845919018
2025-12-13,HAR-RV-J,5,-6.740374624315311,-7.597041817141868,0.8566671928265572
2025-12-14,HAR-RV-J,5,-7.020317942574881,-7.917755661365084,0.8974377187902034
2025-12-15,HAR-RV-J,5,-9.6115694039447,-7.9775965997185745,-1.6339728042261248
2025-12-16,HAR-RV-J,5,-8.628519475678901,-7.749936597668525,-0.8785828780103762
2025-12-17,HAR-RV-J,5,-7.534308322325102,-7.9131873037382805,0.37887898141317855
2025-12-18,HAR-RV-J,5,-7.663101554070803,-7.565311096803024,-0.09779045726777902
2025-12-19,HAR-RV-J,5,-8.228128764798534,-7.431750277576574,-0.7963784872219595
2025-12-20,HAR-RV-J,5,-8.643584150115842,-7.442657178985326,-1.2009269711305164
2025-12-21,HAR-RV-J,5,-7.837277913270711,-7.775467860193558,-0.061810053077152816
2025-12-22,HAR-RV-J,5,-10.1372374475085,-7.849257552582547,-2.287979894925953
2025-12-23,HAR-RV-J,5,-9.816705351087146,-7.812166260596817,-2.0045390904903284
2025-12-24,HAR-RV-J,5,-7.7426847782524995,-7.901507390500753,0.15882261224825367
2024-06-29,HAR-RV-J,7,-7.82183717488344,-7.906620654600185,0.08478347971674527
2024-06-30,HAR-RV-J,7,-7.599232953126869,-8.374722742338832,0.7754897892119637
2024-07-01,HAR-RV-J,7,-6.2016000220281144,-7.834862303844787,1.6332622818166724
2024-07-02,HAR-RV-J,7,-7.13201098663784,-7.786501844542946,0.6544908579051061
2024-07-03,HAR-RV-J,7,-7.364155934126495,-7.876121779805623,0.5119658456791285
2024-07-04,HAR-RV-J,7,-6.970855511693713,-7.721128866902752,0.7502733552090382
2024-07-05,HAR-RV-J,7,-7.461112349654011,-7.6051772567864075,0.14406490713239695
2024-07-06,HAR-RV-J,7,-8.001579020126183,-7.468958869599587,-0.5326201505265962
2024-07-07,HAR-RV-J,7,-7.503141944073601,-7.8918188936062466,0.38867694953264564
2024-07-08,HAR-RV-J,7,-7.10151927124952,-7.798733102698494,0.6972138314489733
2024-07-09,HAR-RV-J,7,-6.8751174522895955,-7.393657019252245,0.5185395669626498
2024-07-10,HAR-RV-J,7,-7.273310670983561,-7.573371703938211,0.30006103295465003
2024-07-11,HAR-RV-J,7,-7.590004120123674,-7.599157045069707,0.009152924946032925
2024-07-12,HAR-RV-J,7,-7.361953880672214,-7.470262866183106,0.10830898551089163
2024-07-13,HAR-RV-J,7,-8.183252874840827,-7.661640478520809,-0.5216123963200179
2024-07-14,HAR-RV-J,7,-7.540508981035038,-7.792382985952611,0.25187400491757295
2024-07-15,HAR-RV-J,7,-7.831068909072291,-7.481797847072909,-0.3492710619993824
2024-07-16,HAR-RV-J,7,-7.504319171318432,-7.363536482522591,-0.14078268879584144
2024-07-17,HAR-RV-J,7,-7.715830478728725,-7.332238403077843,-0.38359207565088127
2024-07-18,HAR-RV-J,7,-7.1111013620300145,-7.3903344059866996,0.279233043956685
2024-07-19,HAR-RV-J,7,-7.731151246587125,-7.5299985317566875,-0.20115271483043706
2024-07-20,HAR-RV-J,7,-6.6745965844828605,-7.425064769343455,0.7504681848605941
2024-07-21,HAR-RV-J,7,-8.297723232050007,-7.73354161880419,-0.5641816132458173
2024-07-22,HAR-RV-J,7,-7.220642471062432,-7.37279755228922,0.15215508122678756
2024-07-23,HAR-RV-J,7,-7.567743991658627,-7.446617959906679,-0.12112603175194803
2024-07-24,HAR-RV-J,7,-7.537578973039193,-7.3466238259121175,-0.19095514712707562
2024-07-25,HAR-RV-J,7,-7.134693601377736,-7.357994393005913,0.2233007916281773
2024-07-26,HAR-RV-J,7,-6.728020741506768,-7.263394006932995,0.5353732654262275
2024-07-27,HAR-RV-J,7,-7.102715268773577,-7.426648247975928,0.3239329792023513
2024-07-28,HAR-RV-J,7,-6.901570663299103,-7.249405657418267,0.34783499411916363
2024-07-29,HAR-RV-J,7,-4.331832929576587,-7.737933767625582,3.406100838048995
2024-07-30,HAR-RV-J,7,-6.129507554817753,-7.328585570062592,1.1990780152448393
2024-07-31,HAR-RV-J,7,-6.56821202032419,-7.431914955725596,0.8637029354014061
2024-08-01,HAR-RV-J,7,-5.881456842610719,-7.441371030117995,1.5599141875072764
2024-08-02,HAR-RV-J,7,-6.5521594278707,-7.351206484559934,0.7990470566892336
2024-08-03,HAR-RV-J,7,-8.164746233335169,-7.294990978318754,-0.8697552550164147
2024-08-04,HAR-RV-J,7,-7.347966273268356,-7.339059026697242,-0.008907246571113525
2024-08-05,HAR-RV-J,7,-6.301581779560638,-7.287664016925557,0.9860822373649194
2024-08-06,HAR-RV-J,7,-7.032064393779834,-6.870348266779474,-0.16171612700035976
2024-08-07,HAR-RV-J,7,-7.145182948564176,-7.103713060748952,-0.041469887815224205
2024-08-08,HAR-RV-J,7,-6.782869713050387,-7.272810444233563,0.48994073118317516
2024-08-09,HAR-RV-J,7,-6.993243057300741,-7.03549597384375,0.042252916543009
2024-08-10,HAR-RV-J,7,-8.93414336978374,-7.3110258481373,-1.6231175216464404
2024-08-11,HAR-RV-J,7,-8.090430304827276,-7.801649451488601,-0.2887808533386753
2024-08-12,HAR-RV-J,7,-7.395852713362074,-7.320601966982799,-0.07525074637927531
2024-08-13,HAR-RV-J,7,-7.252727153074581,-7.00548403924414,-0.2472431138304403
2024-08-14,HAR-RV-J,7,-7.122737507461557,-7.077741043370585,-0.04499646409097213
2024-08-15,HAR-RV-J,7,-7.663977474896019,-7.080706270895025,-0.5832712040009946
2024-08-16,HAR-RV-J,7,-6.8510987312401355,-7.015816267169324,0.16471753592918859
2024-08-17,HAR-RV-J,7,-8.299722443510342,-7.089930732676782,-1.20979171083356
2024-08-18,HAR-RV-J,7,-8.590906417273768,-7.832128922596515,-0.7587774946772532
2024-08-19,HAR-RV-J,7,-7.848062431939034,-7.3968976275310645,-0.4511648044079699
2024-08-20,HAR-RV-J,7,-6.578074293173222,-7.112419551708843,0.5343452585356214
2024-08-21,HAR-RV-J,7,-6.625319225980788,-7.090829381629471,0.46551015564868337
2024-08-22,HAR-RV-J,7,-7.220716390846805,-7.061169907292313,-0.1595464835544922
2024-08-23,HAR-RV-J,7,-7.355348084977686,-7.198481472832664,-0.15686661214502262
2024-08-24,HAR-RV-J,7,-9.250891127347398,-7.036613844373129,-2.214277282974269
2024-08-25,HAR-RV-J,7,-7.427050700993551,-7.556418508164112,0.12936780717056173
2024-08-26,HAR-RV-J,7,-7.578986184704846,-7.631871989979464,0.05288580527461839
2024-08-27,HAR-RV-J,7,-7.813351757199836,-7.250667304013387,-0.5626844531864492
2024-08-28,HAR-RV-J,7,-6.5034602127886165,-7.147961038733941,0.6445008259453244
2024-08-29,HAR-RV-J,7,-6.940360945467537,-7.16849822411283,0.22813727864529287
2024-08-30,HAR-RV-J,7,-6.522114937682515,-7.271437952357996,0.7493230146754808
2024-08-31,HAR-RV-J,7,-8.259113009436971,-7.41750873845491,-0.841604270982061
2024-09-01,HAR-RV-J,7,-7.6986759889953715,-8.266718095921384,0.5680421069260122
2024-09-02,HAR-RV-J,7,-7.142083192560166,-7.384776995512744,0.24269380295257736
2024-09-03,HAR-RV-J,7,-7.454039970224542,-7.404333496729804,-0.04970647349473811
2024-09-04,HAR-RV-J,7,-6.9566648361472945,-7.470755889966752,0.5140910538194579
2024-09-05,HAR-RV-J,7,-7.375311173852939,-7.282451539344048,-0.09285963450889145
2024-09-06,HAR-RV-J,7,-7.641682246432809,-7.3556100715459705,-0.2860721748868382
2024-09-07,HAR-RV-J,7,-8.772444578271369,-7.3011524947612925,-1.4712920835100762
2024-09-08,HAR-RV-J,7,-8.222190817885775,-7.908411120931574,-0.3137796969542004
2024-09-09,HAR-RV-J,7,-7.505284819602623,-7.628172035442106,0.12288721583948359
2024-09-10,HAR-RV-J,7,-7.206662096750963,-7.356690628905022,0.15002853215405842
2024-09-11,HAR-RV-J,7,-7.000512980515621,-7.410849517856236,0.4103365373406147
2024-09-12,HAR-RV-J,7,-7.40385524870723,-7.315798569463646,-0.08805667924358396
2024-09-13,HAR-RV-J,7,-7.62533614746632,-7.405796837923314,-0.2195393095430056
2024-09-14,HAR-RV-J,7,-9.118912980170885,-7.53630561768668,-1.5826073624842047
2024-09-15,HAR-RV-J,7,-8.210854186197356,-7.98175183235903,-0.2291023538383259
2024-09-16,HAR-RV-J,7,-7.594933488516639,-7.675937482164372,0.08100399364773292
2024-09-17,HAR-RV-J,7,-7.695982377007085,-7.40430044722949,-0.291681929777595
2024-09-18,HAR-RV-J,7,-7.912236774178686,-7.344339260087086,-0.5678975140915998
2024-09-19,HAR-RV-J,7,-7.548593418115738,-7.330663692289596,-0.21792972582614212
2024-09-20,HAR-RV-J,7,-8.156771512470494,-7.426726710014815,-0.7300448024556783
2024-09-21,HAR-RV-J,7,-9.137411157807458,-7.569721837577319,-1.567689320230139
2024-09-22,HAR-RV-J,7,-9.22010927366513,-8.174981614639611,-1.0451276590255194
2024-09-23,HAR-RV-J,7,-7.657672162115085,-7.668474519653373,0.010802357538287843
2024-09-24,HAR-RV-J,7,-7.16418081548918,-7.469372351649861,0.30519153616068095
2024-09-25,HAR-RV-J,7,-6.873239201215958,-7.484883728231309,0.6116445270153505
2024-09-26,HAR-RV-J,7,-7.372161845921349,-7.518116017751458,0.14595417183010895
2024-09-27,HAR-RV-J,7,-7.762377171311247,-7.504978288378026,-0.257398882933221
2024-09-28,HAR-RV-J,7,-9.410517858234718,-7.744966582723075,-1.6655512755116426
2024-09-29,HAR-RV-J,7,-8.859802514595454,-8.150579944211245,-0.7092225703842097
2024-09-30,HAR-RV-J,7,-7.354846982929903,-8.102461493825714,0.7476145108958114
2024-10-01,HAR-RV-J,7,-7.717832727168758,-7.608191645365878,-0.1096410818028799
2024-10-02,HAR-RV-J,7,-7.9430170498383745,-7.535443032509242,-0.40757401732913223
2024-10-03,HAR-RV-J,7,-7.587117550241822,-7.490176349993638,-0.09694120024818442
2024-10-04,HAR-RV-J,7,-7.8173580785041725,-7.600325656717509,-0.21703242178666393
2024-10-05,HAR-RV-J,7,-8.746814229333626,-7.812286337220824,-0.9345278921128024
2024-10-06,HAR-RV-J,7,-8.44461347063351,-8.491206733407097,0.04659326277358744
2024-10-07,HAR-RV-J,7,-7.511216222523129,-8.11548570735469,0.6042694848315611
2024-10-08,HAR-RV-J,7,-6.879154515339575,-7.604322537433998,0.7251680220944232
2024-10-09,HAR-RV-J,7,-7.561391084229369,-7.66334065139962,0.1019495671702515
2024-10-10,HAR-RV-J,7,-7.954807249048968,-7.7155440366671595,-0.23926321238180837
2024-10-11,HAR-RV-J,7,-7.899727601495052,-7.695674701159114,-0.20405290033593815
2024-10-12,HAR-RV-J,7,-9.798785632524316,-7.798660341867741,-2.000125290656575
2024-10-13,HAR-RV-J,7,-9.000277471682907,-8.152277122394763,-0.848000349288144
2024-10-14,HAR-RV-J,7,-7.724745468477852,-7.944021175520207,0.219275707042355
2024-10-15,HAR-RV-J,7,-7.774179791525233,-7.679564171945693,-0.09461561957953979
2024-10-16,HAR-RV-J,7,-7.863362515397026,-7.567118162576383,-0.29624435282064265
2024-10-17,HAR-RV-J,7,-8.018551193752419,-7.679631285980339,-0.33891990777208036
2024-10-18,HAR-RV-J,7,-6.898530866282754,-7.840002822852641,0.9414719565698872
2024-10-19,HAR-RV-J,7,-8.921658190779526,-7.86695267285891,-1.054705517920616
2024-10-20,HAR-RV-J,7,-9.079636360099444,-8.609785815352616,-0.4698505447468282
2024-10-21,HAR-RV-J,7,-7.784069601964099,-8.088886919205635,0.30481731724153605
2024-10-22,HAR-RV-J,7,-7.368623299413477,-7.675219291464866,0.3065959920513892
2024-10-23,HAR-RV-J,7,-7.512997901045132,-7.6889322665648026,0.17593436551967034
2024-10-24,HAR-RV-J,7,-7.671750079550882,-7.7219508085512905,0.05020072900040873
2024-10-25,HAR-RV-J,7,-6.998467037027406,-7.801898026921662,0.803430989894256
2024-10-26,HAR-RV-J,7,-8.813773417610177,-7.632837093287503,-1.1809363243226736
2024-10-27,HAR-RV-J,7,-7.784664629556363,-8.283328478197276,0.4986638486409136
2024-10-28,HAR-RV-J,7,-7.509206844606907,-8.251916407686416,0.7427095630795089
2024-10-29,HAR-RV-J,7,-7.320254941313007,-7.739279697522525,0.4190247562095175
2024-10-30,HAR-RV-J,7,-6.357178323463686,-7.679394578920654,1.3222162554569676
2024-10-31,HAR-RV-J,7,-7.505193457512192,-7.689276685412623,0.1840832279004312
2024-11-01,HAR-RV-J,7,-7.882091528500882,-7.728121612523488,-0.1539699159773944
2024-11-02,HAR-RV-J,7,-8.951124037321541,-7.629491495581366,-1.3216325417401755
2024-11-03,HAR-RV-J,7,-6.982350958300895,-8.27329591848029,1.2909449601793952
2024-11-04,HAR-RV-J,7,-6.610143513022823,-7.750709749904707,1.1405662368818836
2024-11-05,HAR-RV-J,7,-5.89742196217559,-7.671493396201336,1.7740714340257453
2024-11-06,HAR-RV-J,7,-5.970825445834223,-7.639714611248615,1.6688891654143916
2024-11-07,HAR-RV-J,7,-6.298780197423048,-7.470535309352223,1.1717551119291745
2024-11-08,HAR-RV-J,7,-6.69026855754187,-7.7478045933929,1.0575360358510295
2024-11-09,HAR-RV-J,7,-7.962925402749825,-7.897612068354161,-0.06531333439566378
2024-11-10,HAR-RV-J,7,-7.719913234094788,-8.306831454724971,0.5869182206301833
2024-11-11,HAR-RV-J,7,-6.813641525214108,-7.524130789801882,0.7104892645877738
2024-11-12,HAR-RV-J,7,-7.123061515534054,-7.398119190743942,0.27505767520988744
2024-11-13,HAR-RV-J,7,-7.349584827177568,-7.254134831685387,-0.09544999549218147
2024-11-14,HAR-RV-J,7,-6.9277588146226785,-7.249334122687046,0.32157530806436707
2024-11-15,HAR-RV-J,7,-7.639603303246092,-7.30438938539572,-0.33521391785037213
2024-11-16,HAR-RV-J,7,-8.458730870211758,-7.456245528739185,-1.002485341472573
2024-11-17,HAR-RV-J,7,-7.906636805257383,-7.963290888584446,0.056654083327062565
2024-11-18,HAR-RV-J,7,-6.845783544407805,-7.696353487020197,0.8505699426123918
2024-11-19,HAR-RV-J,7,-6.704121318827724,-7.25165447739832,0.5475331585705963
2024-11-20,HAR-RV-J,7,-7.421131408187987,-7.277271054564363,-0.1438603536236247
2024-11-21,HAR-RV-J,7,-7.777480941685613,-7.306533779793903,-0.4709471618917096
2024-11-22,HAR-RV-J,7,-7.7915055329164575,-7.234286415410946,-0.5572191175055119
2024-11-23,HAR-RV-J,7,-8.944575839059315,-7.492179772237858,-1.452396066821457
2024-11-24,HAR-RV-J,7,-8.526681786585359,-7.779499632405902,-0.7471821541794563
2024-11-25,HAR-RV-J,7,-7.2277762188452845,-7.454239381412209,0.22646316256692423
2024-11-26,HAR-RV-J,7,-7.477860175072574,-7.185382213744857,-0.29247796132771686
2024-11-27,HAR-RV-J,7,-7.352016227925319,-7.144487266041067,-0.20752896188425218
2024-11-28,HAR-RV-J,7,-5.520755763032788,-7.275545034837825,1.7547892718050369
2024-11-29,HAR-RV-J,7,-7.056676956855624,-7.505602330283096,0.4489253734274721
2024-11-30,HAR-RV-J,7,-8.28612317218258,-7.53571969294279,-0.7504034792397896
2024-12-01,HAR-RV-J,7,-8.152794625419403,-7.930546882998021,-0.22224774242138245
2024-12-02,HAR-RV-J,7,-6.452164940538162,-7.600254050868258,1.1480891103300959
2024-12-03,HAR-RV-J,7,-6.668355412158304,-7.263571343365465,0.5952159312071608
2024-12-04,HAR-RV-J,7,-7.380414836630238,-7.332896724626119,-0.04751811200411904
2024-12-05,HAR-RV-J,7,-7.347004798406336,-7.3536350518252585,0.006630253418922649
2024-12-06,HAR-RV-J,7,-7.800269430130499,-7.08189753270341,-0.7183718974270894
2024-12-07,HAR-RV-J,7,-8.329129180116265,-7.434522615913114,-0.8946065642031513
2024-12-08,HAR-RV-J,7,-7.954173621957407,-7.946177688960587,-0.007995932996820443
2024-12-09,HAR-RV-J,7,-7.167863912303163,-7.842185873743475,0.6743219614403113
2024-12-10,HAR-RV-J,7,-7.46114260237137,-7.289602731432858,-0.17153987093851253
2024-12-11,HAR-RV-J,7,-6.653480385951037,-7.302934828786784,0.6494544428357463
2024-12-12,HAR-RV-J,7,-6.215955295754829,-7.429240380799565,1.2132850850447365
2024-12-13,HAR-RV-J,7,-6.2286006577328035,-7.480419369726084,1.2518187119932804
2024-12-14,HAR-RV-J,7,-7.472773492215739,-7.73050610770574,0.25773261549000104
2024-12-15,HAR-RV-J,7,-7.349660055218582,-7.847994845256161,0.4983347900375792
2024-12-16,HAR-RV-J,7,-6.8404400613287955,-7.570526348056713,0.7300862867279179
2024-12-17,HAR-RV-J,7,-7.374187208078972,-7.365826883301636,-0.008360324777336281
2024-12-18,HAR-RV-J,7,-7.715762789103233,-7.429840866541598,-0.2859219225616352
2024-12-19,HAR-RV-J,7,-7.307697534873444,-7.308804650777495,0.0011071159040509926
2024-12-20,HAR-RV-J,7,-7.106588924470662,-7.2418006059583,0.13521168148763785
2024-12-21,HAR-RV-J,7,-8.634132442724063,-7.231924355281433,-1.40220808744263
2024-12-22,HAR-RV-J,7,-8.326756050975344,-7.620538910978502,-0.7062171399968422
2024-12-23,HAR-RV-J,7,-7.3543943334481,-7.533386610576007,0.17899227712790644
2024-12-24,HAR-RV-J,7,-7.276893060792656,-7.246164896450231,-0.03072816434242487
2024-12-25,HAR-RV-J,7,-8.238782332690736,-7.4064107991628605,-0.8323715335278754
2024-12-26,HAR-RV-J,7,-7.367896287600902,-7.457049715584932,0.08915342798403003
2024-12-27,HAR-RV-J,7,-8.097617541330267,-7.285425733555862,-0.812191807774405
2024-12-28,HAR-RV-J,7,-9.19804542909942,-7.298755198651557,-1.8992902304478623
2024-12-29,HAR-RV-J,7,-8.787325094170878,-7.8484995357636125,-0.9388255584072658
2024-12-30,HAR-RV-J,7,-7.415021751205516,-7.638937176044734,0.2239154248392179
2024-12-31,HAR-RV-J,7,-7.590481289361926,-7.3161659952286975,-0.2743152941332285
2025-01-01,HAR-RV-J,7,-6.90681582272137,-7.324006080125225,0.4171902574038553
2025-01-02,HAR-RV-J,7,-6.968115739055578,-7.583397878142978,0.6152821390873999
2025-01-03,HAR-RV-J,7,-6.709305206835529,-7.381129563432416,0.6718243565968871
2025-01-04,HAR-RV-J,7,-8.995729032967116,-7.656131480665011,-1.3395975523021049
2025-01-05,HAR-RV-J,7,-8.852150045924287,-8.049272341777762,-0.8028777041465247
2025-01-06,HAR-RV-J,7,-6.553319507908563,-7.761833232377898,1.2085137244693342
2025-01-07,HAR-RV-J,7,-7.303486208762694,-7.400335245164334,0.09684903640164055
2025-01-08,HAR-RV-J,7,-7.312096925574036,-7.437093628706568,0.12499670313253208
2025-01-09,HAR-RV-J,7,-7.391486709026281,-7.327231812621604,-0.06425489640467674
2025-01-10,HAR-RV-J,7,-7.511145310148465,-7.389650799558145,-0.12149451059032046
2025-01-11,HAR-RV-J,7,-7.438401020768668,-7.394675781300732,-0.04372523946793638
2025-01-12,HAR-RV-J,7,-6.148112404271952,-8.272826245776855,2.124713841504903
2025-01-13,HAR-RV-J,7,-5.214773987217453,-8.145635471213982,2.9308614839965292
2025-01-14,HAR-RV-J,7,-6.34915971482197,-7.401362780088037,1.0522030652660668
2025-01-15,HAR-RV-J,7,-7.594519813201731,-7.537939276689068,-0.05658053651266304
2025-01-16,HAR-RV-J,7,-5.989812005402478,-7.526116512461031,1.5363045070585528
2025-01-17,HAR-RV-J,7,-7.355564283258395,-7.563444209408938,0.20787992615054307
2025-01-18,HAR-RV-J,7,-8.788612678268954,-7.702901698821194,-1.0857109794477608
2025-01-19,HAR-RV-J,7,-8.623226788453762,-7.618611454872136,-1.0046153335816257
2025-01-20,HAR-RV-J,7,-6.548166225847454,-7.3208531054171,0.7726868795696467
2025-01-21,HAR-RV-J,7,-7.335119722465245,-7.110944879097091,-0.22417484336815363
2025-01-22,HAR-RV-J,7,-7.350021545427285,-7.334015433345959,-0.01600611208132552
2025-01-23,HAR-RV-J,7,-7.86523565131056,-7.824648904360286,-0.04058674695027431
2025-01-24,HAR-RV-J,7,-7.64515655585875,-7.248469436093549,-0.3966871197652013
2025-01-25,HAR-RV-J,7,-8.395509658549456,-7.686619710173394,-0.7088899483760613
2025-01-26,HAR-RV-J,7,-7.035755186208709,-8.06054985251098,1.024794666302272
2025-01-27,HAR-RV-J,7,-5.95199845728886,-7.82427145332308,1.8722729960342201
2025-01-28,HAR-RV-J,7,-6.579587906443687,-7.16562122049166,0.586033314047973
2025-01-29,HAR-RV-J,7,-7.222214210843608,-7.293050602516297,0.07083639167268974
2025-01-30,HAR-RV-J,7,-7.456911400328808,-7.290480818763871,-0.16643058156493673
2025-01-31,HAR-RV-J,7,-7.097257483150888,-7.511631528581934,0.41437404543104606
2025-02-01,HAR-RV-J,7,-8.810076811866075,-7.501945931277117,-1.3081308805889584
2025-02-02,HAR-RV-J,7,-8.10773415201615,-7.724010898015072,-0.38372325400107776
2025-02-03,HAR-RV-J,7,-7.786812840962016,-7.264883466175091,-0.5219293747869251
2025-02-04,HAR-RV-J,7,-8.095685364957285,-7.001508282759607,-1.0941770821976782
2025-02-05,HAR-RV-J,7,-6.962691557561749,-7.17265766774687,0.20996611018512112
2025-02-06,HAR-RV-J,7,-7.850939573833918,-7.35525681236477,-0.4956827614691477
2025-02-07,HAR-RV-J,7,-7.6048640411791055,-7.515774582629396,-0.08908945854970973
2025-02-08,HAR-RV-J,7,-9.31204237724052,-7.362498121399147,-1.9495442558413725
2025-02-09,HAR-RV-J,7,-9.354075786569943,-7.897187689451441,-1.4568880971185028
2025-02-10,HAR-RV-J,7,-8.328308753403542,-7.529724531431482,-0.7985842219720602
2025-02-11,HAR-RV-J,7,-7.735386570485104,-7.415464539676523,-0.3199220308085806
2025-02-12,HAR-RV-J,7,-8.074161026658576,-7.555346759714928,-0.5188142669436475
2025-02-13,HAR-RV-J,7,-8.388064413225592,-7.313592076148299,-1.0744723370772933
2025-02-14,HAR-RV-J,7,-7.422492670788367,-7.549532957933981,0.127040287145614
2025-02-15,HAR-RV-J,7,-9.351071668633756,-7.535688246727624,-1.815383421906132
2025-02-16,HAR-RV-J,7,-9.327182940847992,-8.181189112086669,-1.1459938287613234
2025-02-17,HAR-RV-J,7,-7.366790273234517,-8.127085310373849,0.7602950371393318
2025-02-18,HAR-RV-J,7,-6.241011939761488,-7.632726090614145,1.3917141508526578
2025-02-19,HAR-RV-J,7,-6.08442226100039,-7.54012603139847,1.4557037703980802
2025-02-20,HAR-RV-J,7,-6.878853344044446,-7.61626615228828,0.7374128082438345
2025-02-21,HAR-RV-J,7,-5.588570041559089,-7.732666792377273,2.144096750818184
2025-02-22,HAR-RV-J,7,-7.482186017843935,-7.5651345344496015,0.08294851660566671
2025-02-23,HAR-RV-J,7,-6.026685262486463,-8.229241455136687,2.202556192650224
2025-02-24,HAR-RV-J,7,-6.005721130764149,-8.129798635104077,2.124077504339928
2025-02-25,HAR-RV-J,7,-5.832575425345344,-7.570263138579056,1.7376877132337123
2025-02-26,HAR-RV-J,7,-6.528431978871631,-7.398106104648111,0.8696741257764797
2025-02-27,HAR-RV-J,7,-6.412729998936713,-7.3903065176018465,0.977576518665134
2025-02-28,HAR-RV-J,7,-5.651155219226064,-7.618585814005031,1.9674305947789668
2025-03-01,HAR-RV-J,7,-7.82002049036847,-7.407339830863483,-0.41268065950498656
2025-03-02,HAR-RV-J,7,-7.116223896566312,-8.02656924466009,0.9103453480937782
2025-03-03,HAR-RV-J,7,-5.949376876735946,-7.453939883173023,1.5045630064370767
2025-03-04,HAR-RV-J,7,-6.2051256349718855,-7.402495162489695,1.1973695275178091
2025-03-05,HAR-RV-J,7,-6.9226794457074154,-7.351761160083669,0.4290817143762533
2025-03-06,HAR-RV-J,7,-7.250092425539886,-7.469657129697403,0.2195647041575164
2025-03-07,HAR-RV-J,7,-7.447118934719969,-7.483212450646743,0.036093515926774344
2025-03-08,HAR-RV-J,7,-8.898459551988159,-7.204532980063895,-1.6939265719242638
2025-03-09,HAR-RV-J,7,-7.329432996679352,-7.898492681848051,0.5690596851686989
2025-03-10,HAR-RV-J,7,-7.67080326390782,-7.475715860793174,-0.19508740311464656
2025-03-11,HAR-RV-J,7,-7.616041619926752,-7.0757860569740885,-0.5402555629526633
2025-03-12,HAR-RV-J,7,-7.472221310413124,-7.092304162565119,-0.3799171478480048
2025-03-13,HAR-RV-J,7,-7.439639310421675,-7.221263278768905,-0.21837603165276942
2025-03-14,HAR-RV-J,7,-7.976296204139535,-7.374491086932617,-0.6018051172069185
2025-03-15,HAR-RV-J,7,-9.81200323221424,-7.411601396717966,-2.4004018354962735
2025-03-16,HAR-RV-J,7,-8.77472856117907,-7.832780023273873,-0.9419485379051977
2025-03-17,HAR-RV-J,7,-7.738805643991428,-7.124055377041644,-0.614750266949784
2025-03-18,HAR-RV-J,7,-7.907900185694711,-7.14031997478018,-0.7675802109145309
2025-03-19,HAR-RV-J,7,-7.926440425992742,-7.122057853118399,-0.804382572874343
2025-03-20,HAR-RV-J,7,-8.15773669999174,-7.116728447011623,-1.0410082529801157
2025-03-21,HAR-RV-J,7,-7.842789124023152,-7.186215107313808,-0.6565740167093441
2025-03-22,HAR-RV-J,7,-8.003994184702773,-7.390191643563141,-0.6138025411396315
2025-03-23,HAR-RV-J,7,-8.165887428032145,-8.094467717036078,-0.07141971099606614
2025-03-24,HAR-RV-J,7,-7.254418259891095,-7.621912582375268,0.36749432248417335
2025-03-25,HAR-RV-J,7,-7.756757128271761,-7.32558977172149,-0.4311673565502705
2025-03-26,HAR-RV-J,7,-6.587482790091052,-7.39281470946561,0.8053319193745585
2025-03-27,HAR-RV-J,7,-7.252194880144823,-7.445063287678752,0.1928684075339291
2025-03-28,HAR-RV-J,7,-6.63516370951007,-7.595714729463378,0.960551019953308
2025-03-29,HAR-RV-J,7,-8.681969956851141,-7.568361441693929,-1.1136085151572122
2025-03-30,HAR-RV-J,7,-7.188412492677708,-7.657008440735546,0.4685959480578381
2025-03-31,HAR-RV-J,7,-5.629049006791348,-7.714247109958811,2.085198103167463
2025-04-01,HAR-RV-J,7,-6.933967406336497,-7.4983882036017535,0.5644207972652566
2025-04-02,HAR-RV-J,7,-5.92065466170989,-7.669921964138349,1.7492673024284588
2025-04-03,HAR-RV-J,7,-7.031037787314499,-7.443743493433919,0.4127057061194197
2025-04-04,HAR-RV-J,7,-7.032090018849573,-7.6315624390003265,0.5994724201507537
2025-04-05,HAR-RV-J,7,-7.79990038655869,-7.51583369954926,-0.28406668700942994
2025-04-06,HAR-RV-J,7,-7.287263687197286,-8.21817394665855,0.9309102594612648
2025-04-07,HAR-RV-J,7,-7.167014962280521,-7.606509769629902,0.43949480734938096
2025-04-08,HAR-RV-J,7,-7.777788884630375,-7.2374903616101465,-0.5402985230202288
2025-04-09,HAR-RV-J,7,-7.413189676387737,-7.533263556080877,0.1200738796931402
2025-04-10,HAR-RV-J,7,-8.268721841318316,-7.283190615962091,-0.9855312253562243
2025-04-11,HAR-RV-J,7,-9.681279444888752,-7.674835255648466,-2.006444189240286
2025-04-12,HAR-RV-J,7,-9.171548905690758,-7.685984867115076,-1.4855640385756814
2025-04-13,HAR-RV-J,7,-9.01552740253416,-7.850954539870415,-1.1645728626637446
2025-04-14,HAR-RV-J,7,-7.457356285992482,-7.553908473136678,0.09655218714419611
2025-04-15,HAR-RV-J,7,-6.979201722253075,-7.3975882855296184,0.41838656327654355
2025-04-16,HAR-RV-J,7,-7.403345870725576,-7.583627417393456,0.18028154666787977
2025-04-17,HAR-RV-J,7,-8.021045389721651,-7.4070616086381325,-0.6139837810835189
2025-04-18,HAR-RV-J,7,-7.797960553044787,-7.726180522931475,-0.07178003011331135
2025-04-19,HAR-RV-J,7,-8.912576429259436,-8.189445509015986,-0.7231309202434506
2025-04-20,HAR-RV-J,7,-8.579169330655771,-7.859922807082866,-0.7192465235729051
2025-04-21,HAR-RV-J,7,-7.92097208375074,-7.727823289819979,-0.193148793930761
2025-04-22,HAR-RV-J,7,-8.087519781534887,-7.292949621715495,-0.7945701598193917
2025-04-23,HAR-RV-J,7,-8.023455793775357,-7.220041355520722,-0.8034144382546344
2025-04-24,HAR-RV-J,7,-8.09456339337235,-7.386253270332748,-0.7083101230396025
2025-04-25,HAR-RV-J,7,-8.294066343106515,-7.646930152958089,-0.6471361901484256
2025-04-26,HAR-RV-J,7,-9.46541060137628,-7.655954869829032,-1.8094557315472484
2025-04-27,HAR-RV-J,7,-8.596552100361416,-8.082817096182467,-0.5137350041789492
2025-04-28,HAR-RV-J,7,-8.166003817373237,-7.823816199596564,-0.3421876177766734
2025-04-29,HAR-RV-J,7,-8.013724640481898,-7.587276793208748,-0.42644784727315077
2025-04-30,HAR-RV-J,7,-7.894201229610753,-7.676561479133499,-0.2176397504772547
2025-05-01,HAR-RV-J,7,-7.474703553304063,-7.679550793651617,0.2048472403475543
2025-05-02,HAR-RV-J,7,-7.7544076279684,-7.7672337080100124,0.012826080041612009
2025-05-03,HAR-RV-J,7,-8.51169203750711,-7.903269448009373,-0.6084225894977378
2025-05-04,HAR-RV-J,7,-7.894756830708296,-8.344046424257556,0.4492895935492598
2025-05-05,HAR-RV-J,7,-7.171315375183232,-7.958685020544723,0.7873696453614913
2025-05-06,HAR-RV-J,7,-7.898122089143746,-7.852638879629113,-0.04548320951463225
2025-05-07,HAR-RV-J,7,-8.318310440418038,-7.837894496903475,-0.4804159435145632
2025-05-08,HAR-RV-J,7,-7.7147571999584414,-7.825231609487955,0.11047440952951337
2025-05-09,HAR-RV-J,7,-8.244800643227538,-7.792289370159958,-0.45251127306758043
2025-05-10,HAR-RV-J,7,-8.88548365814237,-7.886531617316592,-0.9989520408257775
2025-05-11,HAR-RV-J,7,-7.9130966647344225,-8.130322926489724,0.21722626175530113
2025-05-12,HAR-RV-J,7,-7.475391981698435,-7.8587403640277875,0.38334838232935287
2025-05-13,HAR-RV-J,7,-7.413492676031776,-7.669939344909814,0.2564466688780378
2025-05-14,HAR-RV-J,7,-6.9048202411259405,-7.847954096190754,0.9431338550648132
2025-05-15,HAR-RV-J,7,-7.5998782354004675,-8.011442612811106,0.4115643774106381
2025-05-16,HAR-RV-J,7,-7.443883442529285,-7.839271884164272,0.3953884416349869
2025-05-17,HAR-RV-J,7,-8.225636513265073,-8.01988076211438,-0.20575575115069356
2025-05-18,HAR-RV-J,7,-8.196992018610825,-8.190345395608633,-0.006646623002191987
2025-05-19,HAR-RV-J,7,-8.288440304342084,-7.818736179059579,-0.4697041252825045
2025-05-20,HAR-RV-J,7,-7.940076582517803,-7.720858020036158,-0.21921856248164495
2025-05-21,HAR-RV-J,7,-8.336031186903472,-7.70537300031982,-0.630658186583652
2025-05-22,HAR-RV-J,7,-7.769467517478563,-7.605728436508167,-0.16373908097039536
2025-05-23,HAR-RV-J,7,-7.728674501465333,-7.825877886047228,0.0972033845818947
2025-05-24,HAR-RV-J,7,-8.421598154519437,-7.783023489658133,-0.638574664861304
2025-05-25,HAR-RV-J,7,-8.743472246073782,-8.051037246087308,-0.6924349999864745
2025-05-26,HAR-RV-J,7,-8.184430028615092,-7.957505560255756,-0.22692446835933566
2025-05-27,HAR-RV-J,7,-8.331213911925008,-7.893062696784218,-0.43815121514079003
2025-05-28,HAR-RV-J,7,-8.71279939743139,-7.735598548634648,-0.9772008487967412
2025-05-29,HAR-RV-J,7,-7.51988335958094,-7.8298895244478715,0.3100061648669312
2025-05-30,HAR-RV-J,7,-8.345664194572562,-7.685651037365406,-0.6600131572071559
2025-05-31,HAR-RV-J,7,-9.05218826005398,-7.701681886660719,-1.3505063733932605
2025-06-01,HAR-RV-J,7,-9.384555576107418,-7.941191572787676,-1.4433640033197426
2025-06-02,HAR-RV-J,7,-7.968985833169205,-8.022360610353957,0.05337477718475192
2025-06-03,HAR-RV-J,7,-8.125005944838898,-7.811669706727912,-0.31333623811098654
2025-06-04,HAR-RV-J,7,-8.19082610478049,-7.8587792136548185,-0.3320468911256711
2025-06-05,HAR-RV-J,7,-7.927023759209108,-7.964854791413313,0.03783103220420525
2025-06-06,HAR-RV-J,7,-7.443188684929166,-7.655574914184609,0.2123862292554426
2025-06-07,HAR-RV-J,7,-9.05726972859608,-7.910609141924841,-1.1466605866712385
2025-06-08,HAR-RV-J,7,-8.953471985164441,-8.159443381974402,-0.7940286031900392
2025-06-09,HAR-RV-J,7,-8.110641264350848,-8.235908540472037,0.12526727612118904
2025-06-10,HAR-RV-J,7,-7.806286485181062,-7.787119551044962,-0.01916693413609938
2025-06-11,HAR-RV-J,7,-7.866192379807445,-7.818666662947033,-0.04752571686041218
2025-06-12,HAR-RV-J,7,-8.633468871743753,-7.856519558392348,-0.7769493133514054
2025-06-13,HAR-RV-J,7,-7.900331132706684,-7.851864877071927,-0.04846625563475726
2025-06-14,HAR-RV-J,7,-7.967196587131996,-7.806741272499078,-0.16045531463291773
2025-06-15,HAR-RV-J,7,-7.027680658640498,-8.336394457780875,1.308713799140377
2025-06-16,HAR-RV-J,7,-7.236497370232764,-8.25171299768206,1.0152156274492947
2025-06-17,HAR-RV-J,7,-8.149886293035856,-7.94454197663561,-0.20534431640024575
2025-06-18,HAR-RV-J,7,-8.176305065875129,-7.870731915136873,-0.30557315073825553
2025-06-19,HAR-RV-J,7,-8.376095118293176,-7.869259893622545,-0.5068352246706302
2025-06-20,HAR-RV-J,7,-8.542770722531861,-8.126909760009838,-0.4158609625220233
2025-06-21,HAR-RV-J,7,-10.649971722513076,-7.931419135501455,-2.7185525870116205
2025-06-22,HAR-RV-J,7,-9.316586495538738,-7.955212117056344,-1.3613743784823944
2025-06-23,HAR-RV-J,7,-8.62277199796468,-7.748787159546203,-0.873984838418477
2025-06-24,HAR-RV-J,7,-8.642591743070529,-7.781517749656027,-0.861073993414502
2025-06-25,HAR-RV-J,7,-8.308439939764494,-8.086421949419545,-0.2220179903449484
2025-06-26,HAR-RV-J,7,-8.29396771419438,-8.07473225719679,-0.21923545699759117
2025-06-27,HAR-RV-J,7,-8.898524051817713,-8.120458286263084,-0.7780657655546293
2025-06-28,HAR-RV-J,7,-9.987284347496226,-8.114724491915805,-1.8725598555804215
2025-06-29,HAR-RV-J,7,-9.36677210235694,-8.765624348277798,-0.6011477540791414
2025-06-30,HAR-RV-J,7,-8.713378263033814,-8.155373831758826,-0.5580044312749877
2025-07-01,HAR-RV-J,7,-8.902586131499698,-7.915282503086589,-0.9873036284131089
2025-07-02,HAR-RV-J,7,-8.29417874240117,-7.924752955538547,-0.3694257868626236
2025-07-03,HAR-RV-J,7,-7.209350045659884,-7.862777551768492,0.6534275061086081
2025-07-04,HAR-RV-J,7,-7.867944834377488,-7.944410150137006,0.07646531575951876
2025-07-05,HAR-RV-J,7,-9.356431837546369,-8.18400625050398,-1.1724255870423885
2025-07-06,HAR-RV-J,7,-8.773942349578554,-8.582649590669615,-0.19129275890893993
2025-07-07,HAR-RV-J,7,-7.481016702523509,-8.28743391453731,0.8064172120138009
2025-07-08,HAR-RV-J,7,-7.254884046098786,-8.050480159651672,0.795596113552886
2025-07-09,HAR-RV-J,7,-7.906106583346014,-8.08899617051257,0.18288958716655568
2025-07-10,HAR-RV-J,7,-7.750043741635851,-7.983267935302439,0.23322419366658753
2025-07-11,HAR-RV-J,7,-7.925867888823022,-7.820540144421385,-0.10532774440163628
2025-07-12,HAR-RV-J,7,-9.191851708958271,-7.992383651866598,-1.1994680570916731
2025-07-13,HAR-RV-J,7,-8.749889889500176,-8.522591188872843,-0.22729870062733326
2025-07-14,HAR-RV-J,7,-8.062198643566044,-8.31128379578879,0.2490851522227473
2025-07-15,HAR-RV-J,7,-7.740429316317312,-7.970234779078574,0.229805462761262
2025-07-16,HAR-RV-J,7,-8.047332828013449,-7.9177090127081975,-0.12962381530525136
2025-07-17,HAR-RV-J,7,-8.253076728769177,-8.059216273827246,-0.19386045494193027
2025-07-18,HAR-RV-J,7,-7.605517370811197,-8.070843166339827,0.4653257955286305
2025-07-19,HAR-RV-J,7,-9.606954095499765,-8.176314995455789,-1.430639100043976
2025-07-20,HAR-RV-J,7,-8.981033746649764,-8.580651749705051,-0.4003819969447129
2025-07-21,HAR-RV-J,7,-8.30508496766559,-8.258827555336318,-0.04625741232927183
2025-07-22,HAR-RV-J,7,-8.268215689597376,-7.992929895055754,-0.27528579454162205
2025-07-23,HAR-RV-J,7,-8.393240576178409,-7.902139218277064,-0.49110135790134457
2025-07-24,HAR-RV-J,7,-8.520230588607557,-7.95604069923081,-0.5641898893767472
2025-07-25,HAR-RV-J,7,-7.533737412187012,-8.049448171651346,0.5157107594643335
2025-07-26,HAR-RV-J,7,-8.568970525996992,-7.919653606888101,-0.649316919108891
2025-07-27,HAR-RV-J,7,-9.01457508878402,-8.570074060119136,-0.4445010286648845
2025-07-28,HAR-RV-J,7,-8.64759502280641,-8.209053426317531,-0.4385415964888786
2025-07-29,HAR-RV-J,7,-8.327990264931364,-7.939402819506649,-0.3885874454247151
2025-07-30,HAR-RV-J,7,-8.51421068372607,-7.921364685086203,-0.5928459986398664
2025-07-31,HAR-RV-J,7,-8.532403748070708,-7.910369929089823,-0.622033818980885
2025-08-01,HAR-RV-J,7,-8.651182815348951,-7.989625232251746,-0.6615575830972054
2025-08-02,HAR-RV-J,7,-9.32597851139552,-7.826514141702033,-1.499464369693488
2025-08-03,HAR-RV-J,7,-8.441043602227696,-8.124891503840539,-0.31615209838715685
2025-08-04,HAR-RV-J,7,-7.811382584426513,-8.243608536879835,0.4322259524533223
2025-08-05,HAR-RV-J,7,-8.297044334912817,-8.075655531621011,-0.22138880329180566
2025-08-06,HAR-RV-J,7,-7.759195959681331,-7.993859032106414,0.2346630724250831
2025-08-07,HAR-RV-J,7,-6.9615054586384755,-8.026708385801085,1.0652029271626091
2025-08-08,HAR-RV-J,7,-8.400633017404333,-8.045294854472402,-0.35533816293193077
2025-08-09,HAR-RV-J,7,-9.797853695149604,-8.123620964717151,-1.6742327304324522
2025-08-10,HAR-RV-J,7,-9.5559821565806,-8.37607392202486,-1.1799082345557395
2025-08-11,HAR-RV-J,7,-8.156814886452334,-8.039707728395564,-0.11710715805677019
2025-08-12,HAR-RV-J,7,-8.142712241205171,-7.901983946894346,-0.24072829431082532
2025-08-13,HAR-RV-J,7,-8.113278831395304,-8.02656022719053,-0.08671860420477451
2025-08-14,HAR-RV-J,7,-8.175195141952578,-7.936590675282835,-0.23860446666974333
2025-08-15,HAR-RV-J,7,-7.391375071440983,-7.818242455902174,0.42686738446119143
2025-08-16,HAR-RV-J,7,-9.155666824013634,-8.256015451217698,-0.8996513727959368
2025-08-17,HAR-RV-J,7,-7.722034948084426,-8.719835106762192,0.9978001586777658
2025-08-18,HAR-RV-J,7,-7.330218334497994,-8.534211967010473,1.2039936325124785
2025-08-19,HAR-RV-J,7,-7.622910020795579,-7.9978630345890505,0.3749530137934718
2025-08-20,HAR-RV-J,7,-8.082710716050025,-7.946122761389004,-0.13658795466102092
2025-08-21,HAR-RV-J,7,-8.403842583904545,-7.946798782141441,-0.45704380176310444
2025-08-22,HAR-RV-J,7,-8.0046493464786,-8.018879172471198,0.014229825992599032
2025-08-23,HAR-RV-J,7,-9.133680845548108,-7.889306850580789,-1.2443739949673187
2025-08-24,HAR-RV-J,7,-9.177958657568531,-8.45446772174751,-0.7234909358210206
2025-08-25,HAR-RV-J,7,-7.953683190386181,-7.963229327342956,0.009546136956775086
2025-08-26,HAR-RV-J,7,-7.872158994764496,-7.863599290586141,-0.00855970417835561
2025-08-27,HAR-RV-J,7,-8.182388144667684,-7.935066244114642,-0.24732190055304137
2025-08-28,HAR-RV-J,7,-8.292311256544016,-8.029615164001868,-0.2626960925421482
2025-08-29,HAR-RV-J,7,-8.049751286620033,-8.204185450525154,0.15443416390512077
2025-08-30,HAR-RV-J,7,-9.772848916168195,-8.025113110441065,-1.74773580572713
2025-08-31,HAR-RV-J,7,-9.53452627568605,-8.349737286424585,-1.184788989261465
2025-09-01,HAR-RV-J,7,-8.677120971758,-8.257619896034935,-0.4195010757230655
2025-09-02,HAR-RV-J,7,-8.403115304394708,-7.862260439882832,-0.5408548645118758
2025-09-03,HAR-RV-J,7,-8.21218014894868,-7.86479741060077,-0.34738273834790956
2025-09-04,HAR-RV-J,7,-8.499654294702792,-7.932394997316471,-0.5672592973863209
2025-09-05,HAR-RV-J,7,-8.617547509904476,-8.00506196474073,-0.6124855451637465
2025-09-06,HAR-RV-J,7,-9.831130650802836,-8.027021261601433,-1.8041093892014022
2025-09-07,HAR-RV-J,7,-9.54978554808957,-8.59517389301594,-0.9546116550736308
2025-09-08,HAR-RV-J,7,-8.439814402280856,-8.386532276110744,-0.053282126170111965
2025-09-09,HAR-RV-J,7,-8.792523838198322,-8.028047471278596,-0.7644763669197268
2025-09-10,HAR-RV-J,7,-8.101310617641094,-7.956980909357217,-0.1443297082838768
2025-09-11,HAR-RV-J,7,-8.766447689945338,-7.901723552332712,-0.864724137612626
2025-09-12,HAR-RV-J,7,-9.267364905921823,-8.038588990445104,-1.228775915476719
2025-09-13,HAR-RV-J,7,-10.6050280488101,-8.1502889265412,-2.454739122268899
2025-09-14,HAR-RV-J,7,-10.133520913612236,-8.585372889710243,-1.5481480239019927
2025-09-15,HAR-RV-J,7,-7.891930026244774,-8.413250342448544,0.5213203162037701
2025-09-16,HAR-RV-J,7,-8.692216418426757,-8.053738078800007,-0.638478339626749
2025-09-17,HAR-RV-J,7,-8.715111261187413,-8.167134149304319,-0.5479771118830943
2025-09-18,HAR-RV-J,7,-7.797766269227527,-8.01315728203059,0.21539101280306383
2025-09-19,HAR-RV-J,7,-8.199318457410062,-8.256853306914934,0.0575348495048722
2025-09-20,HAR-RV-J,7,-10.290127372923022,-8.490484892293564,-1.7996424806294584
2025-09-21,HAR-RV-J,7,-9.254128583110203,-8.906163664882925,-0.3479649182272784
2025-09-22,HAR-RV-J,7,-8.541521038784206,-8.663398133874903,0.12187709509069755
2025-09-23,HAR-RV-J,7,-8.603434629923894,-7.960725654832417,-0.6427089750914776
2025-09-24,HAR-RV-J,7,-8.240112062129832,-8.195727232638763,-0.0443848294910687
2025-09-25,HAR-RV-J,7,-8.296715658902626,-8.24434086949413,-0.05237478940849627
2025-09-26,HAR-RV-J,7,-7.823921809963694,-8.11273628117424,0.2888144712105456
2025-09-27,HAR-RV-J,7,-9.45214532988536,-8.31000313575874,-1.1421421941266203
2025-09-28,HAR-RV-J,7,-7.695218782358524,-8.982546121451108,1.2873273390925837
2025-09-29,HAR-RV-J,7,-8.01510033381816,-8.544514677514258,0.5294143436960983
2025-09-30,HAR-RV-J,7,-7.842639336975692,-8.296604905800837,0.4539655688251454
2025-10-01,HAR-RV-J,7,-8.002081163490216,-8.276779781142313,0.27469861765209735
2025-10-02,HAR-RV-J,7,-8.012382804006961,-8.174983865355122,0.16260106134816077
2025-10-03,HAR-RV-J,7,-4.587612791666304,-8.277675887825492,3.6900630961591876
2025-10-04,HAR-RV-J,7,-7.115722376608375,-8.184779733166092,1.0690573565577175
2025-10-05,HAR-RV-J,7,-7.1264281234111495,-8.699187699580097,1.5727595761689477
2025-10-06,HAR-RV-J,7,-7.601098600323596,-8.12353683348443,0.5224382331608339
2025-10-07,HAR-RV-J,7,-7.344241412122854,-8.184251984654484,0.8400105725316296
2025-10-08,HAR-RV-J,7,-7.591723650096573,-8.145505028470469,0.5537813783738956
2025-10-09,HAR-RV-J,7,-6.905012356907999,-8.163092924237796,1.258080567329797
2025-10-10,HAR-RV-J,7,-7.053262415309131,-8.235210433376349,1.1819480180672173
2025-10-11,HAR-RV-J,7,-8.645181515778779,-7.372492376734678,-1.2726891390441004
2025-10-12,HAR-RV-J,7,-7.946925952270387,-7.994769274728323,0.04784332245793621
2025-10-13,HAR-RV-J,7,-7.702435877483535,-7.974670411297942,0.272234533814407
2025-10-14,HAR-RV-J,7,-6.814365684609184,-8.129918049330843,1.3155523647216594
2025-10-15,HAR-RV-J,7,-7.329678651800407,-8.064125824189585,0.7344471723891779
2025-10-16,HAR-RV-J,7,-7.503043703626393,-7.942745881092461,0.4397021774660681
2025-10-17,HAR-RV-J,7,-8.016664491858316,-7.711973611006725,-0.3046908808515916
2025-10-18,HAR-RV-J,7,-9.436012357444428,-7.73037228110615,-1.7056400763382777
2025-10-19,HAR-RV-J,7,-8.127811371886041,-8.246359881380986,0.11854850949494455
2025-10-20,HAR-RV-J,7,-8.31020361926275,-7.890371335410468,-0.41983228385228255
2025-10-21,HAR-RV-J,7,-7.874738990868753,-7.757319740289708,-0.11741925057904545
2025-10-22,HAR-RV-J,7,-7.054000148404952,-7.510047824838858,0.4560476764339061
2025-10-23,HAR-RV-J,7,-7.043093926149241,-7.59451937627697,0.5514254501277289
2025-10-24,HAR-RV-J,7,-7.299625987456839,-7.666679674444872,0.367053686988033
2025-10-25,HAR-RV-J,7,-9.102269176611976,-7.855999540520636,-1.2462696360913403
2025-10-26,HAR-RV-J,7,-8.604699637140742,-8.318059912482784,-0.28663972465795773
2025-10-27,HAR-RV-J,7,-7.27163389114966,-7.705627884541309,0.433993993391649
2025-10-28,HAR-RV-J,7,-6.542526955726167,-7.723980174203042,1.1814532184768751
2025-10-29,HAR-RV-J,7,-7.130332009579842,-7.599215172471695,0.46888316289185283
2025-10-30,HAR-RV-J,7,-7.168157359718235,-7.4225292381617916,0.2543718784435569
2025-10-31,HAR-RV-J,7,-7.037002738488869,-7.487584087265795,0.45058134877692524
2025-11-01,HAR-RV-J,7,-8.218470766094887,-7.564537459487244,-0.6539333066076427
2025-11-02,HAR-RV-J,7,-7.88633221123335,-8.264770307600497,0.3784380963671463
2025-11-03,HAR-RV-J,7,-7.707023434157362,-8.057548738899131,0.3505253047417689
2025-11-04,HAR-RV-J,7,-7.4421296812380255,-7.6189740468309,0.1768443655928742
2025-11-05,HAR-RV-J,7,-7.572570868483227,-7.438441599257958,-0.13412926922526935
2025-11-06,HAR-RV-J,7,-7.0002820840938105,-7.583936451632934,0.5836543675391237
2025-11-07,HAR-RV-J,7,-6.384560789541653,-7.659833397277293,1.2752726077356398
2025-11-08,HAR-RV-J,7,-7.714310407924918,-7.705396909105296,-0.008913498819621779
2025-11-09,HAR-RV-J,7,-7.175102452523699,-8.114042008886383,0.9389395563626834
2025-11-10,HAR-RV-J,7,-6.993087708054424,-7.884562952799372,0.8914752447449477
2025-11-11,HAR-RV-J,7,-6.75464809359329,-7.774052727989949,1.0194046343966594
2025-11-12,HAR-RV-J,7,-6.988105858772633,-7.676702743618697,0.6885968848460644
2025-11-13,HAR-RV-J,7,-6.842480066767818,-7.704304350914277,0.8618242841464587
2025-11-14,HAR-RV-J,7,-5.7867108645783665,-7.600757320770162,1.8140464561917957
2025-11-15,HAR-RV-J,7,-7.555518494073084,-7.458512829986828,-0.09700566408625555
2025-11-16,HAR-RV-J,7,-7.596708359678786,-7.864482881238443,0.267774521559657
2025-11-17,HAR-RV-J,7,-6.969901638005364,-7.62485262591653,0.6549509879111657
2025-11-18,HAR-RV-J,7,-7.231650335428167,-7.575304803055518,0.34365446762735097
2025-11-19,HAR-RV-J,7,-7.364305501511629,-7.489408172526455,0.12510267101482597
2025-11-20,HAR-RV-J,7,-7.879568199495125,-7.508479532769179,-0.37108866672594587
2025-11-21,HAR-RV-J,7,-7.694293783175389,-7.500290745922049,-0.19400303725333945
2025-11-22,HAR-RV-J,7,-8.832361523993656,-7.241514408803631,-1.5908471151900248
2025-11-23,HAR-RV-J,7,-8.56370363864505,-7.784606864800364,-0.7790967738446861
2025-11-24,HAR-RV-J,7,-6.7205038180139995,-7.714446264547844,0.9939424465338442
2025-11-25,HAR-RV-J,7,-7.166694063037643,-7.443425556085538,0.2767314930478948
2025-11-26,HAR-RV-J,7,-6.799725179739331,-7.516882317248036,0.7171571375087042
2025-11-27,HAR-RV-J,7,-7.278058894103278,-7.485004826816137,0.2069459327128591
2025-11-28,HAR-RV-J,7,-7.384608832790334,-7.675422113077039,0.29081328028670494
2025-11-29,HAR-RV-J,7,-8.780922005770533,-7.594077610583867,-1.1868443951866654
2025-11-30,HAR-RV-J,7,-7.414740413919735,-7.93567073709161,0.5209303231718749
2025-12-01,HAR-RV-J,7,-7.457035504573326,-7.756198422264687,0.29916291769136105
2025-12-02,HAR-RV-J,7,-7.256857420158548,-7.217817025985232,-0.03904039417331617
2025-12-03,HAR-RV-J,7,-7.058992929899828,-7.354783542621613,0.29579061272178464
2025-12-04,HAR-RV-J,7,-7.347794785273569,-7.28272458317525,-0.06507020209831893
2025-12-05,HAR-RV-J,7,-7.561466219241837,-7.471043890857579,-0.09042232838425868
2025-12-06,HAR-RV-J,7,-9.696511840594232,-7.587285979403647,-2.109225861190585
2025-12-07,HAR-RV-J,7,-8.293293428630856,-8.01362568655558,-0.2796677420752758
2025-12-08,HAR-RV-J,7,-7.227863026447627,-7.5030669878096194,0.2752039613619921
2025-12-09,HAR-RV-J,7,-7.710960999236119,-7.489544584421068,-0.22141641481505037
2025-12-10,HAR-RV-J,7,-6.682453263792524,-7.444376563270136,0.7619232994776128
2025-12-11,HAR-RV-J,7,-6.740374624315311,-7.4153278320845715,0.6749532077692608
2025-12-12,HAR-RV-J,7,-7.020317942574881,-7.572346906366584,0.5520289637917033
2025-12-13,HAR-RV-J,7,-9.6115694039447,-7.659940025077925,-1.951629378866774
2025-12-14,HAR-RV-J,7,-8.628519475678901,-8.376708985091833,-0.2518104905870686
2025-12-15,HAR-RV-J,7,-7.534308322325102,-7.813516963966133,0.27920864164103065
2025-12-16,HAR-RV-J,7,-7.663101554070803,-7.483244873008452,-0.17985668106235053
2025-12-17,HAR-RV-J,7,-8.228128764798534,-7.611967358980002,-0.6161614058185316
2025-12-18,HAR-RV-J,7,-8.643584150115842,-7.367853679761742,-1.2757304703541
2025-12-19,HAR-RV-J,7,-7.837277913270711,-7.513233999293077,-0.32404391397763366
2025-12-20,HAR-RV-J,7,-10.1372374475085,-7.627373750104049,-2.5098636974044517
2025-12-21,HAR-RV-J,7,-9.816705351087146,-8.446897942664165,-1.3698074084229805
2025-12-22,HAR-RV-J,7,-7.7426847782524995,-8.024225223266587,0.2815404450140875
2025-12-23,HAR-RV-J,7,-8.070003787107389,-7.582170019368597,-0.48783376773879183
2025-12-24,HAR-RV-J,7,-8.62278542607784,-7.593970582844507,-1.0288148432333326
2024-06-29,HAR-RV-J-H,1,-8.047431954150777,-8.056945873210026,0.009513919059248366
2024-06-30,HAR-RV-J-H,1,-8.0094388103616,-7.92860717692178,-0.08083163343981958
2024-07-01,HAR-RV-J-H,1,-8.415744212880016,-8.09343703117441,-0.32230718170560557
2024-07-02,HAR-RV-J-H,1,-7.590110308893971,-8.039867105678047,0.4497567967840759
2024-07-03,HAR-RV-J-H,1,-6.7568326341271066,-8.178744112001212,1.4219114778741053
2024-07-04,HAR-RV-J-H,1,-6.028709939198225,-7.866762850948841,1.8380529117506157
2024-07-05,HAR-RV-J-H,1,-7.82183717488344,-7.4870621366406676,-0.3347750382427721
2024-07-06,HAR-RV-J-H,1,-7.599232953126869,-7.214623940450051,-0.384609012676818
2024-07-07,HAR-RV-J-H,1,-6.2016000220281144,-7.875393475494218,1.6737934534661036
2024-07-08,HAR-RV-J-H,1,-7.13201098663784,-7.771284358286878,0.639273371649038
2024-07-09,HAR-RV-J-H,1,-7.364155934126495,-7.266270512637144,-0.09788542148935075
2024-07-10,HAR-RV-J-H,1,-6.970855511693713,-7.52603418563708,0.5551786739433666
2024-07-11,HAR-RV-J-H,1,-7.461112349654011,-7.482300864327728,0.021188514673717407
2024-07-12,HAR-RV-J-H,1,-8.001579020126183,-7.360596858826245,-0.640982161299938
2024-07-13,HAR-RV-J-H,1,-7.503141944073601,-7.285857797128901,-0.21728414694470022
2024-07-14,HAR-RV-J-H,1,-7.10151927124952,-7.364563423534224,0.2630441522847038
2024-07-15,HAR-RV-J-H,1,-6.8751174522895955,-7.53069199949306,0.6555745472034644
2024-07-16,HAR-RV-J-H,1,-7.273310670983561,-7.352435157875975,0.07912448689241458
2024-07-17,HAR-RV-J-H,1,-7.590004120123674,-7.268870065151854,-0.3211340549718198
2024-07-18,HAR-RV-J-H,1,-7.361953880672214,-7.517066567217453,0.15511268654523924
2024-07-19,HAR-RV-J-H,1,-8.183252874840827,-7.428525747451255,-0.7547271273895717
2024-07-20,HAR-RV-J-H,1,-7.540508981035038,-7.455972715082471,-0.08453626595256747
2024-07-21,HAR-RV-J-H,1,-7.831068909072291,-7.398391653385621,-0.43267725568667004
2024-07-22,HAR-RV-J-H,1,-7.504319171318432,-7.544867022438734,0.04054785112030235
2024-07-23,HAR-RV-J-H,1,-7.715830478728725,-7.597740183455248,-0.11809029527347636
2024-07-24,HAR-RV-J-H,1,-7.1111013620300145,-7.530908183696408,0.41980682166639305
2024-07-25,HAR-RV-J-H,1,-7.731151246587125,-7.66152758913315,-0.06962365745397481
2024-07-26,HAR-RV-J-H,1,-6.6745965844828605,-7.346937594538268,0.6723410100554075
2024-07-27,HAR-RV-J-H,1,-8.297723232050007,-7.594282658235295,-0.7034405738147118
2024-07-28,HAR-RV-J-H,1,-7.220642471062432,-7.1763224111884245,-0.04432005987400789
2024-07-29,HAR-RV-J-H,1,-7.567743991658627,-7.475223276931264,-0.09252071472736301
2024-07-30,HAR-RV-J-H,1,-7.537578973039193,-7.511030043290185,-0.026548929749008465
2024-07-31,HAR-RV-J-H,1,-7.134693601377736,-7.607583228494958,0.4728896271172225
2024-08-01,HAR-RV-J-H,1,-6.728020741506768,-7.585394718580403,0.8573739770736353
2024-08-02,HAR-RV-J-H,1,-7.102715268773577,-7.365401041711036,0.2626857729374592
2024-08-03,HAR-RV-J-H,1,-6.901570663299103,-7.1912008985619424,0.28963023526283926
2024-08-04,HAR-RV-J-H,1,-4.331832929576587,-7.409170958799722,3.077338029223135
2024-08-05,HAR-RV-J-H,1,-6.129507554817753,-7.30387855228295,1.1743709974651972
2024-08-06,HAR-RV-J-H,1,-6.56821202032419,-6.027067866916648,-0.5411441534075419
2024-08-07,HAR-RV-J-H,1,-5.881456842610719,-7.081442277196845,1.199985434586126
2024-08-08,HAR-RV-J-H,1,-6.5521594278707,-6.956551057995266,0.40439163012456536
2024-08-09,HAR-RV-J-H,1,-8.164746233335169,-6.825823608628025,-1.338922624707144
2024-08-10,HAR-RV-J-H,1,-7.347966273268356,-6.628570964606713,-0.7193953086616434
2024-08-11,HAR-RV-J-H,1,-6.301581779560638,-6.598470016481732,0.29688823692109434
2024-08-12,HAR-RV-J-H,1,-7.032064393779834,-6.972636068265535,-0.05942832551429866
2024-08-13,HAR-RV-J-H,1,-7.145182948564176,-6.787918027796822,-0.3572649207673537
2024-08-14,HAR-RV-J-H,1,-6.782869713050387,-7.222929647404798,0.4400599343544105
2024-08-15,HAR-RV-J-H,1,-6.993243057300741,-7.296710590652199,0.3034675333514585
2024-08-16,HAR-RV-J-H,1,-8.93414336978374,-7.086873262684676,-1.8472701070990638
2024-08-17,HAR-RV-J-H,1,-8.090430304827276,-7.092378953528832,-0.9980513512984439
2024-08-18,HAR-RV-J-H,1,-7.395852713362074,-7.0124144742693915,-0.3834382390926825
2024-08-19,HAR-RV-J-H,1,-7.252727153074581,-7.389402048657164,0.1366748955825834
2024-08-20,HAR-RV-J-H,1,-7.122737507461557,-7.41397607829071,0.2912385708291527
2024-08-21,HAR-RV-J-H,1,-7.663977474896019,-7.3827309925600835,-0.28124648233593597
2024-08-22,HAR-RV-J-H,1,-6.8510987312401355,-7.402712304201734,0.5516135729615987
2024-08-23,HAR-RV-J-H,1,-8.299722443510342,-7.596222302133738,-0.7035001413766047
2024-08-24,HAR-RV-J-H,1,-8.590906417273768,-7.292287691201644,-1.2986187260721236
2024-08-25,HAR-RV-J-H,1,-7.848062431939034,-7.42082801346543,-0.42723441847360455
2024-08-26,HAR-RV-J-H,1,-6.578074293173222,-7.520241781642801,0.942167488469579
2024-08-27,HAR-RV-J-H,1,-6.625319225980788,-7.726207842469018,1.1008886164882297
2024-08-28,HAR-RV-J-H,1,-7.220716390846805,-7.114033775770565,-0.10668261507623988
2024-08-29,HAR-RV-J-H,1,-7.355348084977686,-7.24134371387574,-0.11400437110194606
2024-08-30,HAR-RV-J-H,1,-9.250891127347398,-7.6329046634021855,-1.6179864639452122
2024-08-31,HAR-RV-J-H,1,-7.427050700993551,-7.535637340464607,0.1085866394710564
2024-09-01,HAR-RV-J-H,1,-7.578986184704846,-7.344619434523164,-0.23436675018168174
2024-09-02,HAR-RV-J-H,1,-7.813351757199836,-7.657330883561419,-0.15602087363841743
2024-09-03,HAR-RV-J-H,1,-6.5034602127886165,-7.636601626687184,1.1331414138985672
2024-09-04,HAR-RV-J-H,1,-6.940360945467537,-7.77574727139951,0.8353863259319727
2024-09-05,HAR-RV-J-H,1,-6.522114937682515,-7.168009710607047,0.6458947729245317
2024-09-06,HAR-RV-J-H,1,-8.259113009436971,-7.482353637562425,-0.7767593718745465
2024-09-07,HAR-RV-J-H,1,-7.6986759889953715,-7.2891802113473165,-0.409495777648055
2024-09-08,HAR-RV-J-H,1,-7.142083192560166,-7.447599811987312,0.3055166194271459
2024-09-09,HAR-RV-J-H,1,-7.454039970224542,-7.537003753065781,0.0829637828412384
2024-09-10,HAR-RV-J-H,1,-6.9566648361472945,-7.462791114401578,0.5061262782542837
2024-09-11,HAR-RV-J-H,1,-7.375311173852939,-7.571662146432082,0.19635097257914325
2024-09-12,HAR-RV-J-H,1,-7.641682246432809,-7.296101014926874,-0.34558123150593456
2024-09-13,HAR-RV-J-H,1,-8.772444578271369,-7.507367601811655,-1.2650769764597136
2024-09-14,HAR-RV-J-H,1,-8.222190817885775,-7.438232439989701,-0.7839583778960737
2024-09-15,HAR-RV-J-H,1,-7.505284819602623,-7.434442535879372,-0.07084228372325097
2024-09-16,HAR-RV-J-H,1,-7.206662096750963,-7.69654482470298,0.4898827279520166
2024-09-17,HAR-RV-J-H,1,-7.000512980515621,-7.582305301595425,0.5817923210798037
2024-09-18,HAR-RV-J-H,1,-7.40385524870723,-7.498118138936289,0.09426289022905898
2024-09-19,HAR-RV-J-H,1,-7.62533614746632,-7.48750787624572,-0.1378282712205996
2024-09-20,HAR-RV-J-H,1,-9.118912980170885,-7.760103610904476,-1.3588093692664085
2024-09-21,HAR-RV-J-H,1,-8.210854186197356,-7.666571179925221,-0.5442830062721349
2024-09-22,HAR-RV-J-H,1,-7.594933488516639,-7.5324900536793615,-0.06244343483727732
2024-09-23,HAR-RV-J-H,1,-7.695982377007085,-7.815932179101977,0.11994980209489192
2024-09-24,HAR-RV-J-H,1,-7.912236774178686,-7.666523328001341,-0.24571344617734425
2024-09-25,HAR-RV-J-H,1,-7.548593418115738,-7.778937080249821,0.23034366213408308
2024-09-26,HAR-RV-J-H,1,-8.156771512470494,-7.95024317211234,-0.2065283403581537
2024-09-27,HAR-RV-J-H,1,-9.137411157807458,-7.760052575979717,-1.3773585818277407
2024-09-28,HAR-RV-J-H,1,-9.22010927366513,-7.830507606824992,-1.3896016668401385
2024-09-29,HAR-RV-J-H,1,-7.657672162115085,-7.802294833142498,0.14462267102741322
2024-09-30,HAR-RV-J-H,1,-7.16418081548918,-7.999512049029437,0.8353312335402565
2024-10-01,HAR-RV-J-H,1,-6.873239201215958,-7.81236513680214,0.9391259355861816
2024-10-02,HAR-RV-J-H,1,-7.372161845921349,-7.641126558213116,0.26896471229176644
2024-10-03,HAR-RV-J-H,1,-7.762377171311247,-7.653366220473773,-0.10901095083747414
2024-10-04,HAR-RV-J-H,1,-9.410517858234718,-8.042898405265053,-1.3676194529696648
2024-10-05,HAR-RV-J-H,1,-8.859802514595454,-7.962880964687747,-0.8969215499077077
2024-10-06,HAR-RV-J-H,1,-7.354846982929903,-7.741132262201116,0.38628527927121326
2024-10-07,HAR-RV-J-H,1,-7.717832727168758,-7.999278334748063,0.2814456075793057
2024-10-08,HAR-RV-J-H,1,-7.9430170498383745,-7.677547118496922,-0.26546993134145236
2024-10-09,HAR-RV-J-H,1,-7.587117550241822,-7.959343022570867,0.37222547232904457
2024-10-10,HAR-RV-J-H,1,-7.8173580785041725,-8.165200844953688,0.3478427664495154
2024-10-11,HAR-RV-J-H,1,-8.746814229333626,-7.992654901815387,-0.7541593275182397
2024-10-12,HAR-RV-J-H,1,-8.44461347063351,-8.038141709867162,-0.4064717607663475
2024-10-13,HAR-RV-J-H,1,-7.511216222523129,-7.910424952809673,0.3992087302865439
2024-10-14,HAR-RV-J-H,1,-6.879154515339575,-8.02951857065358,1.1503640553140055
2024-10-15,HAR-RV-J-H,1,-7.561391084229369,-7.7529073713938415,0.19151628716447266
2024-10-16,HAR-RV-J-H,1,-7.954807249048968,-7.452123309506774,-0.5026839395421936
2024-10-17,HAR-RV-J-H,1,-7.899727601495052,-7.961912009951833,0.06218440845678064
2024-10-18,HAR-RV-J-H,1,-9.798785632524316,-7.965338677395533,-1.8334469551287835
2024-10-19,HAR-RV-J-H,1,-9.000277471682907,-7.8844444411547805,-1.115833030528126
2024-10-20,HAR-RV-J-H,1,-7.724745468477852,-7.706607237683109,-0.01813823079474286
2024-10-21,HAR-RV-J-H,1,-7.774179791525233,-8.128832385766811,0.35465259424157836
2024-10-22,HAR-RV-J-H,1,-7.863362515397026,-7.8703391830166485,0.006976667619622567
2024-10-23,HAR-RV-J-H,1,-8.018551193752419,-8.02295263273996,0.004401438987541084
2024-10-24,HAR-RV-J-H,1,-6.898530866282754,-8.183219758316142,1.2846888920333877
2024-10-25,HAR-RV-J-H,1,-8.921658190779526,-8.313717909981616,-0.6079402807979104
2024-10-26,HAR-RV-J-H,1,-9.079636360099444,-7.705100527940585,-1.374535832158859
2024-10-27,HAR-RV-J-H,1,-7.784069601964099,-7.973896616032391,0.1898270140682925
2024-10-28,HAR-RV-J-H,1,-7.368623299413477,-8.046503308093907,0.6778800086804306
2024-10-29,HAR-RV-J-H,1,-7.512997901045132,-8.001371309279833,0.48837340823470043
2024-10-30,HAR-RV-J-H,1,-7.671750079550882,-7.824042897684286,0.15229281813340467
2024-10-31,HAR-RV-J-H,1,-6.998467037027406,-7.891339965323862,0.8928729282964563
2024-11-01,HAR-RV-J-H,1,-8.813773417610177,-8.050382894588147,-0.7633905230220304
2024-11-02,HAR-RV-J-H,1,-7.784664629556363,-7.693392083459774,-0.09127254609658841
2024-11-03,HAR-RV-J-H,1,-7.509206844606907,-7.772625644990444,0.26341880038353693
2024-11-04,HAR-RV-J-H,1,-7.320254941313007,-8.017781109356847,0.6975261680438392
2024-11-05,HAR-RV-J-H,1,-6.357178323463686,-7.782763622219486,1.4255852987557995
2024-11-06,HAR-RV-J-H,1,-7.505193457512192,-7.680239642267194,0.17504618475500244
2024-11-07,HAR-RV-J-H,1,-7.882091528500882,-7.144134804308038,-0.737956724192844
2024-11-08,HAR-RV-J-H,1,-8.951124037321541,-7.754899192346303,-1.1962248449752382
2024-11-09,HAR-RV-J-H,1,-6.982350958300895,-7.663671577576929,0.6813206192760344
2024-11-10,HAR-RV-J-H,1,-6.610143513022823,-7.590448656142755,0.9803051431199314
2024-11-11,HAR-RV-J-H,1,-5.89742196217559,-7.558204504543834,1.6607825423682439
2024-11-12,HAR-RV-J-H,1,-5.970825445834223,-7.24733926046434,1.2765138146301167
2024-11-13,HAR-RV-J-H,1,-6.298780197423048,-7.0079448258042305,0.7091646283811821
2024-11-14,HAR-RV-J-H,1,-6.69026855754187,-7.2316772211629505,0.5414086636210804
2024-11-15,HAR-RV-J-H,1,-7.962925402749825,-7.485444978391159,-0.47748042435866545
2024-11-16,HAR-RV-J-H,1,-7.719913234094788,-7.25790451472664,-0.46200871936814814
2024-11-17,HAR-RV-J-H,1,-6.813641525214108,-6.9719406841446885,0.15829915893058022
2024-11-18,HAR-RV-J-H,1,-7.123061515534054,-7.122416022739668,-0.0006454927943861932
2024-11-19,HAR-RV-J-H,1,-7.349584827177568,-7.126744277044118,-0.2228405501334505
2024-11-20,HAR-RV-J-H,1,-6.9277588146226785,-7.3408501934714,0.4130913788487218
2024-11-21,HAR-RV-J-H,1,-7.639603303246092,-7.494343982118989,-0.14525932112710382
2024-11-22,HAR-RV-J-H,1,-8.458730870211758,-7.25175419787927,-1.2069766723324875
2024-11-23,HAR-RV-J-H,1,-7.906636805257383,-7.293269307078805,-0.6133674981785786
2024-11-24,HAR-RV-J-H,1,-6.845783544407805,-7.316968448265234,0.47118490385742895
2024-11-25,HAR-RV-J-H,1,-6.704121318827724,-7.58541345535428,0.8812921365265556
2024-11-26,HAR-RV-J-H,1,-7.421131408187987,-7.208266317874757,-0.21286509031323053
2024-11-27,HAR-RV-J-H,1,-7.777480941685613,-7.206271148086382,-0.5712097935992304
2024-11-28,HAR-RV-J-H,1,-7.7915055329164575,-7.722534424799733,-0.0689711081167248
2024-11-29,HAR-RV-J-H,1,-8.944575839059315,-7.5459953440246474,-1.3985804950346674
2024-11-30,HAR-RV-J-H,1,-8.526681786585359,-7.5283953044703456,-0.998286482115013
2024-12-01,HAR-RV-J-H,1,-7.2277762188452845,-7.461667729269935,0.23389151042465084
2024-12-02,HAR-RV-J-H,1,-7.477860175072574,-7.767844390775436,0.28998421570286226
2024-12-03,HAR-RV-J-H,1,-7.352016227925319,-7.426664869989184,0.07464864206386501
2024-12-04,HAR-RV-J-H,1,-5.520755763032788,-7.704100901514341,2.1833451384815525
2024-12-05,HAR-RV-J-H,1,-7.056676956855624,-7.72613167891706,0.6694547220614364
2024-12-06,HAR-RV-J-H,1,-8.28612317218258,-6.790912819255848,-1.4952103529267315
2024-12-07,HAR-RV-J-H,1,-8.152794625419403,-7.783684481576119,-0.3691101438432849
2024-12-08,HAR-RV-J-H,1,-6.452164940538162,-7.486407038754435,1.0342420982162732
2024-12-09,HAR-RV-J-H,1,-6.668355412158304,-7.556765167372355,0.8884097552140506
2024-12-10,HAR-RV-J-H,1,-7.380414836630238,-7.261146629152613,-0.11926820747762523
2024-12-11,HAR-RV-J-H,1,-7.347004798406336,-7.208192914118719,-0.13881188428761693
2024-12-12,HAR-RV-J-H,1,-7.800269430130499,-7.702772347105891,-0.09749708302460824
2024-12-13,HAR-RV-J-H,1,-8.329129180116265,-7.551249286776938,-0.7778798933393274
2024-12-14,HAR-RV-J-H,1,-7.954173621957407,-7.36194572327087,-0.592227898686537
2024-12-15,HAR-RV-J-H,1,-7.167863912303163,-7.437633298938759,0.2697693866355957
2024-12-16,HAR-RV-J-H,1,-7.46114260237137,-7.663322206994368,0.202179604622998
2024-12-17,HAR-RV-J-H,1,-6.653480385951037,-7.399085451566461,0.7456050656154236
2024-12-18,HAR-RV-J-H,1,-6.215955295754829,-7.654509976843162,1.4385546810883332
2024-12-19,HAR-RV-J-H,1,-6.2286006577328035,-7.259108762648078,1.030508104915275
2024-12-20,HAR-RV-J-H,1,-7.472773492215739,-7.139780110741409,-0.33299338147433044
2024-12-21,HAR-RV-J-H,1,-7.349660055218582,-7.259958842752632,-0.08970121246594953
2024-12-22,HAR-RV-J-H,1,-6.8404400613287955,-7.3646048080134845,0.524164746684689
2024-12-23,HAR-RV-J-H,1,-7.374187208078972,-7.317409865616115,-0.056777342462856595
2024-12-24,HAR-RV-J-H,1,-7.715762789103233,-7.33437534388055,-0.38138744522268286
2024-12-25,HAR-RV-J-H,1,-7.307697534873444,-7.228169704653062,-0.0795278302203819
2024-12-26,HAR-RV-J-H,1,-7.106588924470662,-7.3028535779221135,0.1962646534514514
2024-12-27,HAR-RV-J-H,1,-8.634132442724063,-7.38197858142907,-1.2521538612949925
2024-12-28,HAR-RV-J-H,1,-8.326756050975344,-7.283455641993223,-1.0433004089821214
2024-12-29,HAR-RV-J-H,1,-7.3543943334481,-7.325435772272484,-0.02895856117561646
2024-12-30,HAR-RV-J-H,1,-7.276893060792656,-7.589313589065264,0.31242052827260824
2024-12-31,HAR-RV-J-H,1,-8.238782332690736,-7.485535780016208,-0.7532465526745282
2025-01-01,HAR-RV-J-H,1,-7.367896287600902,-7.517133676095849,0.14923738849494672
2025-01-02,HAR-RV-J-H,1,-8.097617541330267,-7.8800424749227265,-0.21757506640754087
2025-01-03,HAR-RV-J-H,1,-9.19804542909942,-7.628328005043671,-1.5697174240557485
2025-01-04,HAR-RV-J-H,1,-8.787325094170878,-7.7274561473481755,-1.0598689468227027
2025-01-05,HAR-RV-J-H,1,-7.415021751205516,-7.6692906411774215,0.25426888997190566
2025-01-06,HAR-RV-J-H,1,-7.590481289361926,-7.991243498819059,0.4007622094571328
2025-01-07,HAR-RV-J-H,1,-6.90681582272137,-7.623681391709222,0.7168655689878518
2025-01-08,HAR-RV-J-H,1,-6.968115739055578,-7.795698341325539,0.8275826022699615
2025-01-09,HAR-RV-J-H,1,-6.709305206835529,-7.522379429505083,0.8130742226695542
2025-01-10,HAR-RV-J-H,1,-8.995729032967116,-7.713740455655853,-1.281988577311263
2025-01-11,HAR-RV-J-H,1,-8.852150045924287,-7.660137764425873,-1.192012281498414
2025-01-12,HAR-RV-J-H,1,-6.553319507908563,-7.547633706536027,0.994314198627464
2025-01-13,HAR-RV-J-H,1,-7.303486208762694,-7.7216833557171185,0.4181971469544248
2025-01-14,HAR-RV-J-H,1,-7.312096925574036,-7.2732330922023785,-0.03886383337165711
2025-01-15,HAR-RV-J-H,1,-7.391486709026281,-7.7728084061489655,0.3813216971226847
2025-01-16,HAR-RV-J-H,1,-7.511145310148465,-7.778114956668344,0.266969646519879
2025-01-17,HAR-RV-J-H,1,-7.438401020768668,-7.8881189356947,0.4497179149260315
2025-01-18,HAR-RV-J-H,1,-6.148112404271952,-7.7030335040875375,1.5549210998155854
2025-01-19,HAR-RV-J-H,1,-5.214773987217453,-7.702417679432776,2.4876436922153236
2025-01-20,HAR-RV-J-H,1,-6.34915971482197,-6.946911937195211,0.5977522223732414
2025-01-21,HAR-RV-J-H,1,-7.594519813201731,-6.4875470961970745,-1.1069727170046564
2025-01-22,HAR-RV-J-H,1,-5.989812005402478,-7.331777026414048,1.3419650210115694
2025-01-23,HAR-RV-J-H,1,-7.355564283258395,-7.141760955908734,-0.21380332734966068
2025-01-24,HAR-RV-J-H,1,-8.788612678268954,-7.137891437734819,-1.6507212405341356
2025-01-25,HAR-RV-J-H,1,-8.623226788453762,-7.020582555470082,-1.60264423298368
2025-01-26,HAR-RV-J-H,1,-6.548166225847454,-6.939302596014229,0.39113637016677494
2025-01-27,HAR-RV-J-H,1,-7.335119722465245,-7.367426026397558,0.03230630393231326
2025-01-28,HAR-RV-J-H,1,-7.350021545427285,-7.056760624562274,-0.293260920865011
2025-01-29,HAR-RV-J-H,1,-7.86523565131056,-7.601746188420447,-0.26348946289011366
2025-01-30,HAR-RV-J-H,1,-7.64515655585875,-7.681178534481111,0.036021978622360784
2025-01-31,HAR-RV-J-H,1,-8.395509658549456,-7.744699517606444,-0.6508101409430118
2025-02-01,HAR-RV-J-H,1,-7.035755186208709,-7.650181527842845,0.614426341634136
2025-02-02,HAR-RV-J-H,1,-5.95199845728886,-7.589106234947538,1.6371077776586782
2025-02-03,HAR-RV-J-H,1,-6.579587906443687,-7.358314379461635,0.7787264730179473
2025-02-04,HAR-RV-J-H,1,-7.222214210843608,-6.799566481042023,-0.42264772980158494
2025-02-05,HAR-RV-J-H,1,-7.456911400328808,-7.373737474185638,-0.08317392614317054
2025-02-06,HAR-RV-J-H,1,-7.097257483150888,-7.64554987992503,0.5482923967741415
2025-02-07,HAR-RV-J-H,1,-8.810076811866075,-7.398278830371162,-1.4117979814949129
2025-02-08,HAR-RV-J-H,1,-8.10773415201615,-7.403862986773893,-0.7038711652422567
2025-02-09,HAR-RV-J-H,1,-7.786812840962016,-7.114535168542274,-0.6722776724197415
2025-02-10,HAR-RV-J-H,1,-8.095685364957285,-7.522561129590955,-0.57312423536633
2025-02-11,HAR-RV-J-H,1,-6.962691557561749,-7.690061821931092,0.7273702643693429
2025-02-12,HAR-RV-J-H,1,-7.850939573833918,-7.800437393450952,-0.05050218038296528
2025-02-13,HAR-RV-J-H,1,-7.6048640411791055,-7.318009033157479,-0.2868550080216261
2025-02-14,HAR-RV-J-H,1,-9.31204237724052,-7.8749099717381945,-1.4371324055023251
2025-02-15,HAR-RV-J-H,1,-9.354075786569943,-7.830498477207394,-1.5235773093625493
2025-02-16,HAR-RV-J-H,1,-8.328308753403542,-7.621751531060545,-0.7065572223429974
2025-02-17,HAR-RV-J-H,1,-7.735386570485104,-7.846300236584586,0.11091366609948228
2025-02-18,HAR-RV-J-H,1,-8.074161026658576,-8.102755532253195,0.028594505594618624
2025-02-19,HAR-RV-J-H,1,-8.388064413225592,-7.8340208857507525,-0.5540435274748399
2025-02-20,HAR-RV-J-H,1,-7.422492670788367,-8.153778790489056,0.7312861197006892
2025-02-21,HAR-RV-J-H,1,-9.351071668633756,-8.391439549165032,-0.9596321194687238
2025-02-22,HAR-RV-J-H,1,-9.327182940847992,-7.871264205462217,-1.455918735385775
2025-02-23,HAR-RV-J-H,1,-7.366790273234517,-8.010449067398845,0.6436587941643284
2025-02-24,HAR-RV-J-H,1,-6.241011939761488,-8.179950945404995,1.9389390056435074
2025-02-25,HAR-RV-J-H,1,-6.08442226100039,-7.736537256400033,1.6521149953996428
2025-02-26,HAR-RV-J-H,1,-6.878853344044446,-7.306363398707545,0.42751005466309966
2025-02-27,HAR-RV-J-H,1,-5.588570041559089,-7.418966461800222,1.830396420241133
2025-02-28,HAR-RV-J-H,1,-7.482186017843935,-8.10441509605371,0.6222290782097755
2025-03-01,HAR-RV-J-H,1,-6.026685262486463,-7.4015977270740185,1.3749124645875552
2025-03-02,HAR-RV-J-H,1,-6.005721130764149,-7.502083891982714,1.496362761218565
2025-03-03,HAR-RV-J-H,1,-5.832575425345344,-7.264756957659076,1.4321815323137317
2025-03-04,HAR-RV-J-H,1,-6.528431978871631,-7.003805917285425,0.47537393841379405
2025-03-05,HAR-RV-J-H,1,-6.412729998936713,-6.9007537703991275,0.48802377146241493
2025-03-06,HAR-RV-J-H,1,-5.651155219226064,-7.048830606230429,1.397675387004365
2025-03-07,HAR-RV-J-H,1,-7.82002049036847,-6.886849641174415,-0.9331708491940551
2025-03-08,HAR-RV-J-H,1,-7.116223896566312,-6.56730491453168,-0.5489189820346319
2025-03-09,HAR-RV-J-H,1,-5.949376876735946,-6.575702063714913,0.626325186978967
2025-03-10,HAR-RV-J-H,1,-6.2051256349718855,-6.9750496039375145,0.769923968965629
2025-03-11,HAR-RV-J-H,1,-6.9226794457074154,-6.662276476824469,-0.26040296888294634
2025-03-12,HAR-RV-J-H,1,-7.250092425539886,-6.904129364359067,-0.34596306118081976
2025-03-13,HAR-RV-J-H,1,-7.447118934719969,-7.188079091034668,-0.25903984368530075
2025-03-14,HAR-RV-J-H,1,-8.898459551988159,-6.965282366533896,-1.9331771854542632
2025-03-15,HAR-RV-J-H,1,-7.329432996679352,-6.966510405625216,-0.3629225910541365
2025-03-16,HAR-RV-J-H,1,-7.67080326390782,-6.924087415800129,-0.7467158481076916
2025-03-17,HAR-RV-J-H,1,-7.616041619926752,-7.38437106193897,-0.23167055798778158
2025-03-18,HAR-RV-J-H,1,-7.472221310413124,-7.615917667449576,0.14369635703645223
2025-03-19,HAR-RV-J-H,1,-7.439639310421675,-7.6015919392895945,0.16195262886791983
2025-03-20,HAR-RV-J-H,1,-7.976296204139535,-7.565163784741726,-0.4111324193978092
2025-03-21,HAR-RV-J-H,1,-9.81200323221424,-7.602793133282469,-2.209210098931771
2025-03-22,HAR-RV-J-H,1,-8.77472856117907,-7.58140408477993,-1.193324476399141
2025-03-23,HAR-RV-J-H,1,-7.738805643991428,-7.377435955361224,-0.36136968863020424
2025-03-24,HAR-RV-J-H,1,-7.907900185694711,-7.936267406497006,0.028367220802294923
2025-03-25,HAR-RV-J-H,1,-7.926440425992742,-7.740475473577753,-0.1859649524149889
2025-03-26,HAR-RV-J-H,1,-8.15773669999174,-7.954144798853329,-0.2035919011384104
2025-03-27,HAR-RV-J-H,1,-7.842789124023152,-8.07646636921167,0.23367724518851674
2025-03-28,HAR-RV-J-H,1,-8.003994184702773,-8.24286894437916,0.23887475967638672
2025-03-29,HAR-RV-J-H,1,-8.165887428032145,-8.115641996373235,-0.05024543165890982
2025-03-30,HAR-RV-J-H,1,-7.254418259891095,-8.092497567306008,0.8380793074149135
2025-03-31,HAR-RV-J-H,1,-7.756757128271761,-7.990374259913534,0.23361713164177367
2025-04-01,HAR-RV-J-H,1,-6.587482790091052,-7.50505464217114,0.917571852080088
2025-04-02,HAR-RV-J-H,1,-7.252194880144823,-7.9148115422950065,0.6626166621501834
2025-04-03,HAR-RV-J-H,1,-6.63516370951007,-7.233874023492354,0.5987103139822842
2025-04-04,HAR-RV-J-H,1,-8.681969956851141,-7.785403841453905,-0.8965661153972357
2025-04-05,HAR-RV-J-H,1,-7.188412492677708,-7.438629849299134,0.25021735662142586
2025-04-06,HAR-RV-J-H,1,-5.629049006791348,-7.414864420014819,1.785815413223471
2025-04-07,HAR-RV-J-H,1,-6.933967406336497,-7.72193339559745,0.787965989260953
2025-04-08,HAR-RV-J-H,1,-5.92065466170989,-6.6412722192454,0.72061755753551
2025-04-09,HAR-RV-J-H,1,-7.031037787314499,-7.626814190765379,0.5957764034508797
2025-04-10,HAR-RV-J-H,1,-7.032090018849573,-6.956324842398901,-0.07576517645067149
2025-04-11,HAR-RV-J-H,1,-7.79990038655869,-7.3034247816374185,-0.4964756049212715
2025-04-12,HAR-RV-J-H,1,-7.287263687197286,-7.243249671740395,-0.044014015456890654
2025-04-13,HAR-RV-J-H,1,-7.167014962280521,-7.130004649206147,-0.03701031307437397
2025-04-14,HAR-RV-J-H,1,-7.777788884630375,-7.347134994914282,-0.4306538897160932
2025-04-15,HAR-RV-J-H,1,-7.413189676387737,-7.355954531699065,-0.05723514468867208
2025-04-16,HAR-RV-J-H,1,-8.268721841318316,-7.397876764401891,-0.8708450769164244
2025-04-17,HAR-RV-J-H,1,-9.681279444888752,-7.523880902842215,-2.1573985420465362
2025-04-18,HAR-RV-J-H,1,-9.171548905690758,-7.406146151473388,-1.7654027542173694
2025-04-19,HAR-RV-J-H,1,-9.01552740253416,-7.410270169672228,-1.6052572328619314
2025-04-20,HAR-RV-J-H,1,-7.457356285992482,-7.964527729072106,0.5071714430796241
2025-04-21,HAR-RV-J-H,1,-6.979201722253075,-8.264746682517158,1.2855449602640832
2025-04-22,HAR-RV-J-H,1,-7.403345870725576,-7.625009958019921,0.22166408729434472
2025-04-23,HAR-RV-J-H,1,-8.021045389721651,-7.565807469140845,-0.4552379205808066
2025-04-24,HAR-RV-J-H,1,-7.797960553044787,-8.063226398514157,0.2652658454693704
2025-04-25,HAR-RV-J-H,1,-8.912576429259436,-8.298635160599243,-0.6139412686601933
2025-04-26,HAR-RV-J-H,1,-8.579169330655771,-8.141865899944275,-0.4373034307114967
2025-04-27,HAR-RV-J-H,1,-7.92097208375074,-7.835108697812913,-0.08586338593782639
2025-04-28,HAR-RV-J-H,1,-8.087519781534887,-7.980302596243987,-0.1072171852909003
2025-04-29,HAR-RV-J-H,1,-8.023455793775357,-7.894011216803157,-0.12944457697220013
2025-04-30,HAR-RV-J-H,1,-8.09456339337235,-8.060524312116533,-0.034039081255818004
2025-05-01,HAR-RV-J-H,1,-8.294066343106515,-8.063545457753536,-0.23052088535297877
2025-05-02,HAR-RV-J-H,1,-9.46541060137628,-8.157289767627343,-1.3081208337489372
2025-05-03,HAR-RV-J-H,1,-8.596552100361416,-8.099373517085775,-0.497178583275641
2025-05-04,HAR-RV-J-H,1,-8.166003817373237,-7.961894716455798,-0.2041091009174396
2025-05-05,HAR-RV-J-H,1,-8.013724640481898,-8.321892972447218,0.30816833196531945
2025-05-06,HAR-RV-J-H,1,-7.894201229610753,-8.118457913795266,0.22425668418451306
2025-05-07,HAR-RV-J-H,1,-7.474703553304063,-8.09157715354452,0.6168736002404573
2025-05-08,HAR-RV-J-H,1,-7.7544076279684,-8.110862801736165,0.35645517376776414
2025-05-09,HAR-RV-J-H,1,-8.51169203750711,-7.945474822603384,-0.5662172149037268
2025-05-10,HAR-RV-J-H,1,-7.894756830708296,-8.208623779643743,0.31386694893544664
2025-05-11,HAR-RV-J-H,1,-7.171315375183232,-8.06568038599271,0.8943650108094783
2025-05-12,HAR-RV-J-H,1,-7.898122089143746,-8.14118699969525,0.2430649105515048
2025-05-13,HAR-RV-J-H,1,-8.318310440418038,-7.607662159368105,-0.7106482810499335
2025-05-14,HAR-RV-J-H,1,-7.7147571999584414,-7.995387487434251,0.28063028747580976
2025-05-15,HAR-RV-J-H,1,-8.244800643227538,-7.950076233051234,-0.2947244101763049
2025-05-16,HAR-RV-J-H,1,-8.88548365814237,-7.9237147471449125,-0.9617689109974572
2025-05-17,HAR-RV-J-H,1,-7.9130966647344225,-7.911195468076028,-0.0019011966583946105
2025-05-18,HAR-RV-J-H,1,-7.475391981698435,-7.919849614538109,0.44445763283967477
2025-05-19,HAR-RV-J-H,1,-7.413492676031776,-7.968699026454577,0.5552063504228011
2025-05-20,HAR-RV-J-H,1,-6.9048202411259405,-7.759772107923468,0.8549518667975278
2025-05-21,HAR-RV-J-H,1,-7.5998782354004675,-7.806982922116828,0.2071046867163604
2025-05-22,HAR-RV-J-H,1,-7.443883442529285,-7.602240296368377,0.15835685383909226
2025-05-23,HAR-RV-J-H,1,-8.225636513265073,-8.008471894145083,-0.2171646191199894
2025-05-24,HAR-RV-J-H,1,-8.196992018610825,-7.909208973892115,-0.28778304471870975
2025-05-25,HAR-RV-J-H,1,-8.288440304342084,-7.68360680107096,-0.6048335032711236
2025-05-26,HAR-RV-J-H,1,-7.940076582517803,-7.72804065976969,-0.21203592274811367
2025-05-27,HAR-RV-J-H,1,-8.336031186903472,-7.807226297789126,-0.5288048891143466
2025-05-28,HAR-RV-J-H,1,-7.769467517478563,-7.915817152885055,0.1463496354064926
2025-05-29,HAR-RV-J-H,1,-7.728674501465333,-8.041093360762652,0.3124188592973187
2025-05-30,HAR-RV-J-H,1,-8.421598154519437,-7.838731352264331,-0.582866802255106
2025-05-31,HAR-RV-J-H,1,-8.743472246073782,-7.878917548839752,-0.8645546972340306
2025-06-01,HAR-RV-J-H,1,-8.184430028615092,-7.9877238082462485,-0.196706220368843
2025-06-02,HAR-RV-J-H,1,-8.331213911925008,-8.019664619915527,-0.3115492920094809
2025-06-03,HAR-RV-J-H,1,-8.71279939743139,-8.17855563605396,-0.5342437613774287
2025-06-04,HAR-RV-J-H,1,-7.51988335958094,-8.181398656954514,0.6615152973735734
2025-06-05,HAR-RV-J-H,1,-8.345664194572562,-8.193315211476545,-0.15234898309601697
2025-06-06,HAR-RV-J-H,1,-9.05218826005398,-7.707784856856456,-1.3444034031975232
2025-06-07,HAR-RV-J-H,1,-9.384555576107418,-8.22190266362967,-1.162652912477748
2025-06-08,HAR-RV-J-H,1,-7.968985833169205,-8.15702001798283,0.18803418481362577
2025-06-09,HAR-RV-J-H,1,-8.125005944838898,-8.248836016948285,0.12383007210938679
2025-06-10,HAR-RV-J-H,1,-8.19082610478049,-8.139130423361465,-0.05169568141902481
2025-06-11,HAR-RV-J-H,1,-7.927023759209108,-8.184465341442504,0.25744158223339575
2025-06-12,HAR-RV-J-H,1,-7.443188684929166,-8.30799046119677,0.8648017762676039
2025-06-13,HAR-RV-J-H,1,-9.05726972859608,-8.220183110889902,-0.8370866177061771
2025-06-14,HAR-RV-J-H,1,-8.953471985164441,-8.012434761031313,-0.9410372241331277
2025-06-15,HAR-RV-J-H,1,-8.110641264350848,-8.124286418442459,0.013645154091610934
2025-06-16,HAR-RV-J-H,1,-7.806286485181062,-8.234297864678378,0.4280113794973168
2025-06-17,HAR-RV-J-H,1,-7.866192379807445,-8.265209401907217,0.3990170220997724
2025-06-18,HAR-RV-J-H,1,-8.633468871743753,-8.048116065438911,-0.5853528063048419
2025-06-19,HAR-RV-J-H,1,-7.900331132706684,-8.078247772771086,0.17791664006440122
2025-06-20,HAR-RV-J-H,1,-7.967196587131996,-8.279424681078522,0.3122280939465263
2025-06-21,HAR-RV-J-H,1,-7.027680658640498,-8.177947576888755,1.1502669182482572
2025-06-22,HAR-RV-J-H,1,-7.236497370232764,-8.212437062545774,0.9759396923130099
2025-06-23,HAR-RV-J-H,1,-8.149886293035856,-7.593147330878155,-0.5567389621577004
2025-06-24,HAR-RV-J-H,1,-8.176305065875129,-7.765166651966461,-0.41113841390866757
2025-06-25,HAR-RV-J-H,1,-8.376095118293176,-7.9329594332229005,-0.443135685070275
2025-06-26,HAR-RV-J-H,1,-8.542770722531861,-7.942059929364606,-0.6007107931672548
2025-06-27,HAR-RV-J-H,1,-10.649971722513076,-7.934978931783603,-2.7149927907294726
2025-06-28,HAR-RV-J-H,1,-9.316586495538738,-8.009908830600406,-1.3066776649383325
2025-06-29,HAR-RV-J-H,1,-8.62277199796468,-7.845278853567989,-0.7774931443966908
2025-06-30,HAR-RV-J-H,1,-8.642591743070529,-8.504019876526826,-0.13857186654370324
2025-07-01,HAR-RV-J-H,1,-8.308439939764494,-8.382089816836551,0.07364987707205728
2025-07-02,HAR-RV-J-H,1,-8.29396771419438,-8.493406520291723,0.19943880609734244
2025-07-03,HAR-RV-J-H,1,-8.898524051817713,-8.40639421479186,-0.49212983702585333
2025-07-04,HAR-RV-J-H,1,-9.987284347496226,-8.545605542849449,-1.4416788046467772
2025-07-05,HAR-RV-J-H,1,-9.36677210235694,-8.661085841691328,-0.7056862606656118
2025-07-06,HAR-RV-J-H,1,-8.713378263033814,-8.474305007111514,-0.23907325592229967
2025-07-07,HAR-RV-J-H,1,-8.902586131499698,-8.71436499643376,-0.18822113506593752
2025-07-08,HAR-RV-J-H,1,-8.29417874240117,-8.538474155351661,0.24429541295049084
2025-07-09,HAR-RV-J-H,1,-7.209350045659884,-8.652738764404074,1.44338871874419
2025-07-10,HAR-RV-J-H,1,-7.867944834377488,-8.359971761209065,0.4920269268315778
2025-07-11,HAR-RV-J-H,1,-9.356431837546369,-7.8719316098656105,-1.4845002276807584
2025-07-12,HAR-RV-J-H,1,-8.773942349578554,-8.487997519479588,-0.2859448300989662
2025-07-13,HAR-RV-J-H,1,-7.481016702523509,-8.417499042778848,0.9364823402553393
2025-07-14,HAR-RV-J-H,1,-7.254884046098786,-8.534997906516915,1.2801138604181297
2025-07-15,HAR-RV-J-H,1,-7.906106583346014,-8.075260763582229,0.1691541802362151
2025-07-16,HAR-RV-J-H,1,-7.750043741635851,-7.817511185595858,0.06746744396000715
2025-07-17,HAR-RV-J-H,1,-7.925867888823022,-8.293835161234735,0.3679672724117138
2025-07-18,HAR-RV-J-H,1,-9.191851708958271,-8.241983329267368,-0.9498683796909031
2025-07-19,HAR-RV-J-H,1,-8.749889889500176,-8.110491177927848,-0.6393987115723281
2025-07-20,HAR-RV-J-H,1,-8.062198643566044,-7.873467127052825,-0.18873151651321862
2025-07-21,HAR-RV-J-H,1,-7.740429316317312,-8.107944447833727,0.36751513151641557
2025-07-22,HAR-RV-J-H,1,-8.047332828013449,-8.062679304309217,0.015346476295768241
2025-07-23,HAR-RV-J-H,1,-8.253076728769177,-7.914937801004274,-0.33813892776490295
2025-07-24,HAR-RV-J-H,1,-7.605517370811197,-8.206668686686776,0.6011513158755788
2025-07-25,HAR-RV-J-H,1,-9.606954095499765,-8.312371243529745,-1.29458285197002
2025-07-26,HAR-RV-J-H,1,-8.981033746649764,-8.017814372877115,-0.9632193737726489
2025-07-27,HAR-RV-J-H,1,-8.30508496766559,-7.946495951196478,-0.3585890164691117
2025-07-28,HAR-RV-J-H,1,-8.268215689597376,-8.261704269112403,-0.006511420484972774
2025-07-29,HAR-RV-J-H,1,-8.393240576178409,-8.245701823972503,-0.1475387522059055
2025-07-30,HAR-RV-J-H,1,-8.520230588607557,-8.27238232546727,-0.24784826314028763
2025-07-31,HAR-RV-J-H,1,-7.533737412187012,-8.332650471118118,0.798913058931106
2025-08-01,HAR-RV-J-H,1,-8.568970525996992,-8.447856523983662,-0.12111400201333034
2025-08-02,HAR-RV-J-H,1,-9.01457508878402,-7.919202997989634,-1.0953720907943865
2025-08-03,HAR-RV-J-H,1,-8.64759502280641,-8.314837827516737,-0.3327571952896733
2025-08-04,HAR-RV-J-H,1,-8.327990264931364,-8.242314769398455,-0.0856754955329091
2025-08-05,HAR-RV-J-H,1,-8.51421068372607,-8.348949433617088,-0.16526125010898163
2025-08-06,HAR-RV-J-H,1,-8.532403748070708,-8.350297757381217,-0.1821059906894913
2025-08-07,HAR-RV-J-H,1,-8.651182815348951,-8.357501838425922,-0.29368097692302975
2025-08-08,HAR-RV-J-H,1,-9.32597851139552,-8.392930284028388,-0.9330482273671326
2025-08-09,HAR-RV-J-H,1,-8.441043602227696,-8.386972644802187,-0.054070957425508936
2025-08-10,HAR-RV-J-H,1,-7.811382584426513,-8.28961476259938,0.4782321781728669
2025-08-11,HAR-RV-J-H,1,-8.297044334912817,-8.359359302502583,0.0623149675897654
2025-08-12,HAR-RV-J-H,1,-7.759195959681331,-8.018500515443048,0.25930455576171685
2025-08-13,HAR-RV-J-H,1,-6.9615054586384755,-8.426326928548324,1.4648214699098485
2025-08-14,HAR-RV-J-H,1,-8.400633017404333,-8.162115910111751,-0.2385171072925818
2025-08-15,HAR-RV-J-H,1,-9.797853695149604,-7.805551967461374,-1.99230172768823
2025-08-16,HAR-RV-J-H,1,-9.5559821565806,-8.24722775916873,-1.3087543974118692
2025-08-17,HAR-RV-J-H,1,-8.156814886452334,-8.001472899449464,-0.1553419870028705
2025-08-18,HAR-RV-J-H,1,-8.142712241205171,-8.273027217058242,0.1303149758530715
2025-08-19,HAR-RV-J-H,1,-8.113278831395304,-8.324523829800412,0.21124499840510857
2025-08-20,HAR-RV-J-H,1,-8.175195141952578,-8.218715933412517,0.04352079145993848
2025-08-21,HAR-RV-J-H,1,-7.391375071440983,-8.330323022451909,0.9389479510109258
2025-08-22,HAR-RV-J-H,1,-9.155666824013634,-8.48804099299306,-0.6676258310205743
2025-08-23,HAR-RV-J-H,1,-7.722034948084426,-8.084118736590618,0.36208378850619205
2025-08-24,HAR-RV-J-H,1,-7.330218334497994,-8.265895726911236,0.9356773924132415
2025-08-25,HAR-RV-J-H,1,-7.622910020795579,-8.182848352086658,0.5599383312910797
2025-08-26,HAR-RV-J-H,1,-8.082710716050025,-7.890419855471246,-0.19229086057877876
2025-08-27,HAR-RV-J-H,1,-8.403842583904545,-8.12063496471363,-0.28320761919091453
2025-08-28,HAR-RV-J-H,1,-8.0046493464786,-8.212070197622722,0.20742085114412312
2025-08-29,HAR-RV-J-H,1,-9.133680845548108,-7.964706724241725,-1.1689741213063831
2025-08-30,HAR-RV-J-H,1,-9.177958657568531,-8.076448708199795,-1.1015099493687366
2025-08-31,HAR-RV-J-H,1,-7.953683190386181,-7.891492357781148,-0.06219083260503311
2025-09-01,HAR-RV-J-H,1,-7.872158994764496,-8.115422533073254,0.24326353830875735
2025-09-02,HAR-RV-J-H,1,-8.182388144667684,-7.975061808101732,-0.20732633656595123
2025-09-03,HAR-RV-J-H,1,-8.292311256544016,-8.048546644370127,-0.243764612173889
2025-09-04,HAR-RV-J-H,1,-8.049751286620033,-8.335926364778757,0.286175078158724
2025-09-05,HAR-RV-J-H,1,-9.772848916168195,-8.467632643781013,-1.3052162723871827
2025-09-06,HAR-RV-J-H,1,-9.53452627568605,-8.355534266098672,-1.1789920095873772
2025-09-07,HAR-RV-J-H,1,-8.677120971758,-7.9981552770903965,-0.6789656946676041
2025-09-08,HAR-RV-J-H,1,-8.403115304394708,-8.275865639362515,-0.1272496650321937
2025-09-09,HAR-RV-J-H,1,-8.21218014894868,-8.430100848938016,0.21792069998933705
2025-09-10,HAR-RV-J-H,1,-8.499654294702792,-8.309206979131675,-0.1904473155711166
2025-09-11,HAR-RV-J-H,1,-8.617547509904476,-8.291274653504475,-0.32627285640000103
2025-09-12,HAR-RV-J-H,1,-9.831130650802836,-8.61014578533813,-1.2209848654647057
2025-09-13,HAR-RV-J-H,1,-9.54978554808957,-8.611734998408718,-0.9380505496808524
2025-09-14,HAR-RV-J-H,1,-8.439814402280856,-8.375766499861566,-0.06404790241928993
2025-09-15,HAR-RV-J-H,1,-8.792523838198322,-8.593785801858553,-0.19873803633976905
2025-09-16,HAR-RV-J-H,1,-8.101310617641094,-8.376901475173876,0.2755908575327819
2025-09-17,HAR-RV-J-H,1,-8.766447689945338,-8.676151361068577,-0.09029632887676087
2025-09-18,HAR-RV-J-H,1,-9.267364905921823,-8.319232831937548,-0.9481320739842758
2025-09-19,HAR-RV-J-H,1,-10.6050280488101,-8.852759853272111,-1.7522681955379884
2025-09-20,HAR-RV-J-H,1,-10.133520913612236,-8.638815520012066,-1.494705393600169
2025-09-21,HAR-RV-J-H,1,-7.891930026244774,-8.460841864719356,0.5689118384745822
2025-09-22,HAR-RV-J-H,1,-8.692216418426757,-8.835520873145143,0.14330445471838615
2025-09-23,HAR-RV-J-H,1,-8.715111261187413,-8.041705925110586,-0.6734053360768275
2025-09-24,HAR-RV-J-H,1,-7.797766269227527,-8.803609962344991,1.0058436931174644
2025-09-25,HAR-RV-J-H,1,-8.199318457410062,-8.953654420719573,0.7543359633095115
2025-09-26,HAR-RV-J-H,1,-10.290127372923022,-8.517679527830296,-1.7724478450927261
2025-09-27,HAR-RV-J-H,1,-9.254128583110203,-8.930789873824928,-0.3233387092852755
2025-09-28,HAR-RV-J-H,1,-8.541521038784206,-8.404655045676602,-0.1368659931076035
2025-09-29,HAR-RV-J-H,1,-8.603434629923894,-8.754464446502944,0.15102981657904913
2025-09-30,HAR-RV-J-H,1,-8.240112062129832,-8.610320083046304,0.370208020916472
2025-10-01,HAR-RV-J-H,1,-8.296715658902626,-8.522025409573043,0.22530975067041759
2025-10-02,HAR-RV-J-H,1,-7.823921809963694,-8.36935398916164,0.5454321791979462
2025-10-03,HAR-RV-J-H,1,-9.45214532988536,-8.570795140182648,-0.8813501897027116
2025-10-04,HAR-RV-J-H,1,-7.695218782358524,-8.356825256009273,0.6616064736507488
2025-10-05,HAR-RV-J-H,1,-8.01510033381816,-8.424445222597715,0.40934488877955566
2025-10-06,HAR-RV-J-H,1,-7.842639336975692,-8.224598842147788,0.3819595051720963
2025-10-07,HAR-RV-J-H,1,-8.002081163490216,-8.364817397039285,0.3627362335490698
2025-10-08,HAR-RV-J-H,1,-8.012382804006961,-8.257754535972278,0.24537173196531725
2025-10-09,HAR-RV-J-H,1,-4.587612791666304,-8.312874421279098,3.7252616296127936
2025-10-10,HAR-RV-J-H,1,-7.115722376608375,-8.289702147696502,1.1739797710881277
2025-10-11,HAR-RV-J-H,1,-7.1264281234111495,-6.2057603760883175,-0.920667747322832
2025-10-12,HAR-RV-J-H,1,-7.601098600323596,-8.116259122619432,0.5151605222958366
2025-10-13,HAR-RV-J-H,1,-7.344241412122854,-7.890832604555148,0.5465911924322935
2025-10-14,HAR-RV-J-H,1,-7.591723650096573,-7.590939408048779,-0.000784242047793704
2025-10-15,HAR-RV-J-H,1,-6.905012356907999,-7.589624829826852,0.684612472918853
2025-10-16,HAR-RV-J-H,1,-7.053262415309131,-7.501730852264922,0.44846843695579075
2025-10-17,HAR-RV-J-H,1,-8.645181515778779,-7.321633488739385,-1.3235480270393936
2025-10-18,HAR-RV-J-H,1,-7.946925952270387,-7.50250032552267,-0.4444256267477176
2025-10-19,HAR-RV-J-H,1,-7.702435877483535,-7.409155191860593,-0.29328068562294174
2025-10-20,HAR-RV-J-H,1,-6.814365684609184,-7.751154221079144,0.93678853646996
2025-10-21,HAR-RV-J-H,1,-7.329678651800407,-7.847535196395753,0.5178565445953458
2025-10-22,HAR-RV-J-H,1,-7.503043703626393,-7.291160195010028,-0.2118835086163644
2025-10-23,HAR-RV-J-H,1,-8.016664491858316,-7.686772502428928,-0.32989198942938813
2025-10-24,HAR-RV-J-H,1,-9.436012357444428,-7.826647126030098,-1.6093652314143299
2025-10-25,HAR-RV-J-H,1,-8.127811371886041,-7.66252370103322,-0.4652876708528213
2025-10-26,HAR-RV-J-H,1,-8.31020361926275,-7.494037224062675,-0.8161663952000762
2025-10-27,HAR-RV-J-H,1,-7.874738990868753,-8.03521720626102,0.16047821539226703
2025-10-28,HAR-RV-J-H,1,-7.054000148404952,-8.096407977688468,1.0424078292835164
2025-10-29,HAR-RV-J-H,1,-7.043093926149241,-7.874421572124797,0.8313276459755565
2025-10-30,HAR-RV-J-H,1,-7.299625987456839,-7.485600113966623,0.18597412650978384
2025-10-31,HAR-RV-J-H,1,-9.102269176611976,-7.684986733124864,-1.417282443487112
2025-11-01,HAR-RV-J-H,1,-8.604699637140742,-7.951729003666773,-0.6529706334739691
2025-11-02,HAR-RV-J-H,1,-7.27163389114966,-7.789076709000649,0.5174428178509887
2025-11-03,HAR-RV-J-H,1,-6.542526955726167,-8.012011081435672,1.4694841257095046
2025-11-04,HAR-RV-J-H,1,-7.130332009579842,-7.744310314072739,0.613978304492897
2025-11-05,HAR-RV-J-H,1,-7.168157359718235,-7.2923872435942485,0.12422988387601386
2025-11-06,HAR-RV-J-H,1,-7.037002738488869,-7.812828664517328,0.7758259260284586
2025-11-07,HAR-RV-J-H,1,-8.218470766094887,-7.947756215040513,-0.2707145510543736
2025-11-08,HAR-RV-J-H,1,-7.88633221123335,-7.917785287564194,0.03145307633084382
2025-11-09,HAR-RV-J-H,1,-7.707023434157362,-7.554565797864815,-0.15245763629254672
2025-11-10,HAR-RV-J-H,1,-7.4421296812380255,-7.674322827190086,0.23219314595206075
2025-11-11,HAR-RV-J-H,1,-7.572570868483227,-7.724561643241398,0.15199077475817102
2025-11-12,HAR-RV-J-H,1,-7.0002820840938105,-7.627606056037689,0.6273239719438788
2025-11-13,HAR-RV-J-H,1,-6.384560789541653,-7.763606294117225,1.379045504575572
2025-11-14,HAR-RV-J-H,1,-7.714310407924918,-7.471352008999308,-0.24295839892560966
2025-11-15,HAR-RV-J-H,1,-7.175102452523699,-7.2180441211176545,0.04294166859395521
2025-11-16,HAR-RV-J-H,1,-6.993087708054424,-7.67228015555591,0.6791924475014861
2025-11-17,HAR-RV-J-H,1,-6.75464809359329,-7.748502261651269,0.9938541680579789
2025-11-18,HAR-RV-J-H,1,-6.988105858772633,-7.603803968238089,0.6156981094654563
2025-11-19,HAR-RV-J-H,1,-6.842480066767818,-7.361262555245212,0.5187824884773935
2025-11-20,HAR-RV-J-H,1,-5.7867108645783665,-7.366736523944686,1.5800256593663198
2025-11-21,HAR-RV-J-H,1,-7.555518494073084,-7.335471152247404,-0.22004734182567987
2025-11-22,HAR-RV-J-H,1,-7.596708359678786,-6.748835216507555,-0.8478731431712312
2025-11-23,HAR-RV-J-H,1,-6.969901638005364,-7.202141779629469,0.23224014162410445
2025-11-24,HAR-RV-J-H,1,-7.231650335428167,-7.276857916011637,0.04520758058346974
2025-11-25,HAR-RV-J-H,1,-7.364305501511629,-7.449356057742552,0.0850505562309225
2025-11-26,HAR-RV-J-H,1,-7.879568199495125,-7.422457913284438,-0.4571102862106873
2025-11-27,HAR-RV-J-H,1,-7.694293783175389,-7.510706679957515,-0.18358710321787353
2025-11-28,HAR-RV-J-H,1,-8.832361523993656,-7.41347804960344,-1.4188834743902161
2025-11-29,HAR-RV-J-H,1,-8.56370363864505,-7.524567215294264,-1.0391364233507856
2025-11-30,HAR-RV-J-H,1,-6.7205038180139995,-7.473719780957539,0.7532159629435391
2025-12-01,HAR-RV-J-H,1,-7.166694063037643,-7.807561606297273,0.6408675432596294
2025-12-02,HAR-RV-J-H,1,-6.799725179739331,-7.229144861353057,0.4294196816137257
2025-12-03,HAR-RV-J-H,1,-7.278058894103278,-7.684926541727129,0.40686764762385064
2025-12-04,HAR-RV-J-H,1,-7.384608832790334,-7.596175983355268,0.21156715056493436
2025-12-05,HAR-RV-J-H,1,-8.780922005770533,-8.010914589668783,-0.77000741610175
2025-12-06,HAR-RV-J-H,1,-7.414740413919735,-7.808093139365428,0.393352725445693
2025-12-07,HAR-RV-J-H,1,-7.457035504573326,-7.478600633150648,0.021565128577321957
2025-12-08,HAR-RV-J-H,1,-7.256857420158548,-7.7659795569958625,0.5091221368373144
2025-12-09,HAR-RV-J-H,1,-7.058992929899828,-7.639205098057216,0.580212168157388
2025-12-10,HAR-RV-J-H,1,-7.347794785273569,-7.561441138855828,0.21364635358225836
2025-12-11,HAR-RV-J-H,1,-7.561466219241837,-7.533468564035612,-0.027997655206225325
2025-12-12,HAR-RV-J-H,1,-9.696511840594232,-7.767975972834387,-1.9285358677598445
2025-12-13,HAR-RV-J-H,1,-8.293293428630856,-7.703232908502871,-0.5900605201279845
2025-12-14,HAR-RV-J-H,1,-7.227863026447627,-7.363913102767763,0.136050076320136
2025-12-15,HAR-RV-J-H,1,-7.710960999236119,-7.9689596968716145,0.25799869763549577
2025-12-16,HAR-RV-J-H,1,-6.682453263792524,-7.535042324048413,0.8525890602558892
2025-12-17,HAR-RV-J-H,1,-6.740374624315311,-7.9450003297097895,1.2046257053944789
2025-12-18,HAR-RV-J-H,1,-7.020317942574881,-7.438214558749235,0.41789661617435403
2025-12-19,HAR-RV-J-H,1,-9.6115694039447,-7.6978369095006345,-1.9137324944440648
2025-12-20,HAR-RV-J-H,1,-8.628519475678901,-7.9667645724398595,-0.661754903239042
2025-12-21,HAR-RV-J-H,1,-7.534308322325102,-7.374583278660246,-0.15972504366485563
2025-12-22,HAR-RV-J-H,1,-7.663101554070803,-7.801221586103641,0.1381200320328384
2025-12-23,HAR-RV-J-H,1,-8.228128764798534,-7.726301238272303,-0.5018275265262311
2025-12-24,HAR-RV-J-H,1,-8.643584150115842,-7.7839091561029266,-0.8596749940129156
2024-06-29,HAR-RV-J-H,3,-8.415744212880016,-7.739464973603791,-0.6762792392762247
2024-06-30,HAR-RV-J-H,3,-7.590110308893971,-7.92534507261353,0.3352347637195594
2024-07-01,HAR-RV-J-H,3,-6.7568326341271066,-8.268799432893363,1.5119667987662568
2024-07-02,HAR-RV-J-H,3,-6.028709939198225,-8.31182677675794,2.2831168375597146
2024-07-03,HAR-RV-J-H,3,-7.82183717488344,-8.356190342587348,0.5343531677039088
2024-07-04,HAR-RV-J-H,3,-7.599232953126869,-8.253084721996522,0.6538517688696537
2024-07-05,HAR-RV-J-H,3,-6.2016000220281144,-7.813005987977912,1.611405965949798
2024-07-06,HAR-RV-J-H,3,-7.13201098663784,-7.542794609404442,0.4107836227666022
2024-07-07,HAR-RV-J-H,3,-7.364155934126495,-7.464454687846419,0.10029875371992425
2024-07-08,HAR-RV-J-H,3,-6.970855511693713,-7.356567465115972,0.38571195342225817
2024-07-09,HAR-RV-J-H,3,-7.461112349654011,-7.2682567095573045,-0.19285564009670608
2024-07-10,HAR-RV-J-H,3,-8.001579020126183,-7.267409809896364,-0.734169210229819
2024-07-11,HAR-RV-J-H,3,-7.503141944073601,-7.402120584991767,-0.10102135908183385
2024-07-12,HAR-RV-J-H,3,-7.10151927124952,-7.304510657977947,0.20299138672842698
2024-07-13,HAR-RV-J-H,3,-6.8751174522895955,-7.21294568423028,0.33782823194068445
2024-07-14,HAR-RV-J-H,3,-7.273310670983561,-7.4652807872511735,0.19197011626761284
2024-07-15,HAR-RV-J-H,3,-7.590004120123674,-7.620769363060286,0.03076524293661187
2024-07-16,HAR-RV-J-H,3,-7.361953880672214,-7.603148284795082,0.24119440412286774
2024-07-17,HAR-RV-J-H,3,-8.183252874840827,-7.497383580800593,-0.6858692940402342
2024-07-18,HAR-RV-J-H,3,-7.540508981035038,-7.410543630551621,-0.12996535048341684
2024-07-19,HAR-RV-J-H,3,-7.831068909072291,-7.272339573404864,-0.5587293356674277
2024-07-20,HAR-RV-J-H,3,-7.504319171318432,-7.286084368752449,-0.21823480256598327
2024-07-21,HAR-RV-J-H,3,-7.715830478728725,-7.351163796891106,-0.36466668183761897
2024-07-22,HAR-RV-J-H,3,-7.1111013620300145,-7.588371104862433,0.4772697428324184
2024-07-23,HAR-RV-J-H,3,-7.731151246587125,-7.642420512422961,-0.08873073416416322
2024-07-24,HAR-RV-J-H,3,-6.6745965844828605,-7.642569669253304,0.9679730847704437
2024-07-25,HAR-RV-J-H,3,-8.297723232050007,-7.702681126581516,-0.5950421054684911
2024-07-26,HAR-RV-J-H,3,-7.220642471062432,-7.505827373730892,0.2851849026684592
2024-07-27,HAR-RV-J-H,3,-7.567743991658627,-7.441701840580724,-0.12604215107790306
2024-07-28,HAR-RV-J-H,3,-7.537578973039193,-7.208449837925253,-0.3291291351139405
2024-07-29,HAR-RV-J-H,3,-7.134693601377736,-7.215805071881629,0.08111147050389356
2024-07-30,HAR-RV-J-H,3,-6.728020741506768,-7.282223198342203,0.5542024568354353
2024-07-31,HAR-RV-J-H,3,-7.102715268773577,-7.2943459377669,0.19163066899332382
2024-08-01,HAR-RV-J-H,3,-6.901570663299103,-7.2636325461422375,0.36206188284313434
2024-08-02,HAR-RV-J-H,3,-4.331832929576587,-7.372069364540941,3.0402364349643545
2024-08-03,HAR-RV-J-H,3,-6.129507554817753,-7.149703647993791,1.0201960931760379
2024-08-04,HAR-RV-J-H,3,-6.56821202032419,-7.157120876957707,0.588908856633517
2024-08-05,HAR-RV-J-H,3,-5.881456842610719,-7.0696655130533745,1.1882086704426555
2024-08-06,HAR-RV-J-H,3,-6.5521594278707,-6.670808652432195,0.1186492245614943
2024-08-07,HAR-RV-J-H,3,-8.164746233335169,-6.579150346757493,-1.5855958865776758
2024-08-08,HAR-RV-J-H,3,-7.347966273268356,-6.466674836271928,-0.8812914369964275
2024-08-09,HAR-RV-J-H,3,-6.301581779560638,-6.3465190189071174,0.04493723934647953
2024-08-10,HAR-RV-J-H,3,-7.032064393779834,-6.201514332969647,-0.8305500608101868
2024-08-11,HAR-RV-J-H,3,-7.145182948564176,-6.666197815113595,-0.478985133450581
2024-08-12,HAR-RV-J-H,3,-6.782869713050387,-7.028823116361656,0.24595340331126891
2024-08-13,HAR-RV-J-H,3,-6.993243057300741,-7.077921004622047,0.08467794732130596
2024-08-14,HAR-RV-J-H,3,-8.93414336978374,-7.274486046498609,-1.6596573232851313
2024-08-15,HAR-RV-J-H,3,-8.090430304827276,-7.3510665588101025,-0.7393637460171734
2024-08-16,HAR-RV-J-H,3,-7.395852713362074,-7.150970558896005,-0.24488215446606887
2024-08-17,HAR-RV-J-H,3,-7.252727153074581,-7.050892794748917,-0.2018343583256641
2024-08-18,HAR-RV-J-H,3,-7.122737507461557,-7.207855805642179,0.085118298180622
2024-08-19,HAR-RV-J-H,3,-7.663977474896019,-7.482390538730016,-0.18158693616600363
2024-08-20,HAR-RV-J-H,3,-6.8510987312401355,-7.61315530906649,0.7620565778263542
2024-08-21,HAR-RV-J-H,3,-8.299722443510342,-7.69070602730226,-0.6090164162080827
2024-08-22,HAR-RV-J-H,3,-8.590906417273768,-7.745980514763346,-0.8449259025104219
2024-08-23,HAR-RV-J-H,3,-7.848062431939034,-7.558218059213334,-0.2898443727257005
2024-08-24,HAR-RV-J-H,3,-6.578074293173222,-7.379635293485381,0.8015610003121596
2024-08-25,HAR-RV-J-H,3,-6.625319225980788,-7.342062550230393,0.7167433242496051
2024-08-26,HAR-RV-J-H,3,-7.220716390846805,-7.532514100066615,0.3117977092198103
2024-08-27,HAR-RV-J-H,3,-7.355348084977686,-7.782496185109814,0.42714810013212734
2024-08-28,HAR-RV-J-H,3,-9.250891127347398,-7.458362528493134,-1.7925285988542639
2024-08-29,HAR-RV-J-H,3,-7.427050700993551,-7.492509442316078,0.06545874132252738
2024-08-30,HAR-RV-J-H,3,-7.578986184704846,-7.374606469949439,-0.20437971475540628
2024-08-31,HAR-RV-J-H,3,-7.813351757199836,-7.140991051622883,-0.6723607055769527
2024-09-01,HAR-RV-J-H,3,-6.5034602127886165,-7.070590576878784,0.5671303640901675
2024-09-02,HAR-RV-J-H,3,-6.940360945467537,-7.535226442903818,0.594865497436281
2024-09-03,HAR-RV-J-H,3,-6.522114937682515,-7.706971329735863,1.184856392053348
2024-09-04,HAR-RV-J-H,3,-8.259113009436971,-7.754480213064149,-0.5046327963728228
2024-09-05,HAR-RV-J-H,3,-7.6986759889953715,-7.671234676594746,-0.02744131240062586
2024-09-06,HAR-RV-J-H,3,-7.142083192560166,-7.37538868435174,0.23330549179157334
2024-09-07,HAR-RV-J-H,3,-7.454039970224542,-7.265747388289647,-0.1882925819348955
2024-09-08,HAR-RV-J-H,3,-6.9566648361472945,-7.203061436729857,0.2463966005825622
2024-09-09,HAR-RV-J-H,3,-7.375311173852939,-7.282382896485986,-0.09292827736695308
2024-09-10,HAR-RV-J-H,3,-7.641682246432809,-7.497246003384432,-0.14443624304837677
2024-09-11,HAR-RV-J-H,3,-8.772444578271369,-7.556570137116829,-1.21587444115454
2024-09-12,HAR-RV-J-H,3,-8.222190817885775,-7.616563399183885,-0.6056274187018893
2024-09-13,HAR-RV-J-H,3,-7.505284819602623,-7.440061452735648,-0.06522336686697461
2024-09-14,HAR-RV-J-H,3,-7.206662096750963,-7.387665043376655,0.18100294662569194
2024-09-15,HAR-RV-J-H,3,-7.000512980515621,-7.439044565584482,0.43853158506886114
2024-09-16,HAR-RV-J-H,3,-7.40385524870723,-7.686843157783203,0.28298790907597304
2024-09-17,HAR-RV-J-H,3,-7.62533614746632,-7.870732582025679,0.24539643455935867
2024-09-18,HAR-RV-J-H,3,-9.118912980170885,-7.876775176884561,-1.2421378032863242
2024-09-19,HAR-RV-J-H,3,-8.210854186197356,-7.732579072683655,-0.47827511351370067
2024-09-20,HAR-RV-J-H,3,-7.594933488516639,-7.481607591324362,-0.11332589719227659
2024-09-21,HAR-RV-J-H,3,-7.695982377007085,-7.3310203264827845,-0.36496205052430053
2024-09-22,HAR-RV-J-H,3,-7.912236774178686,-7.349218439984587,-0.5630183341940986
2024-09-23,HAR-RV-J-H,3,-7.548593418115738,-7.732392148184474,0.18379873006873648
2024-09-24,HAR-RV-J-H,3,-8.156771512470494,-7.900082351926529,-0.2566891605439645
2024-09-25,HAR-RV-J-H,3,-9.137411157807458,-7.952564160230337,-1.1848469975771208
2024-09-26,HAR-RV-J-H,3,-9.22010927366513,-8.007670042183408,-1.2124392314817225
2024-09-27,HAR-RV-J-H,3,-7.657672162115085,-7.6773963623039,0.019724200188814933
2024-09-28,HAR-RV-J-H,3,-7.16418081548918,-7.578052224640977,0.4138714091517972
2024-09-29,HAR-RV-J-H,3,-6.873239201215958,-7.627523884574574,0.7542846833586152
2024-09-30,HAR-RV-J-H,3,-7.372161845921349,-7.904861217475907,0.5326993715545578
2024-10-01,HAR-RV-J-H,3,-7.762377171311247,-8.050392607942332,0.28801543663108475
2024-10-02,HAR-RV-J-H,3,-9.410517858234718,-8.040080602569876,-1.3704372556648412
2024-10-03,HAR-RV-J-H,3,-8.859802514595454,-7.926311999172741,-0.9334905154227133
2024-10-04,HAR-RV-J-H,3,-7.354846982929903,-7.668030106462965,0.31318312353306155
2024-10-05,HAR-RV-J-H,3,-7.717832727168758,-7.382248668075819,-0.3355840590929384
2024-10-06,HAR-RV-J-H,3,-7.9430170498383745,-7.399326738974094,-0.5436903108642808
2024-10-07,HAR-RV-J-H,3,-7.587117550241822,-7.851879075486945,0.264761525245123
2024-10-08,HAR-RV-J-H,3,-7.8173580785041725,-8.137178100390532,0.3198200218863594
2024-10-09,HAR-RV-J-H,3,-8.746814229333626,-8.20427265078484,-0.5425415785487857
2024-10-10,HAR-RV-J-H,3,-8.44461347063351,-8.197591539943376,-0.24702193069013312
2024-10-11,HAR-RV-J-H,3,-7.511216222523129,-7.87476297595726,0.36354675343413145
2024-10-12,HAR-RV-J-H,3,-6.879154515339575,-7.695012588200201,0.8158580728606255
2024-10-13,HAR-RV-J-H,3,-7.561391084229369,-7.790744788191928,0.22935370396255905
2024-10-14,HAR-RV-J-H,3,-7.954807249048968,-7.99942242036332,0.04461517131435233
2024-10-15,HAR-RV-J-H,3,-7.899727601495052,-8.026207276269233,0.12647967477418032
2024-10-16,HAR-RV-J-H,3,-9.798785632524316,-7.946169148479258,-1.8526164840450585
2024-10-17,HAR-RV-J-H,3,-9.000277471682907,-7.921928034186625,-1.0783494374962812
2024-10-18,HAR-RV-J-H,3,-7.724745468477852,-7.738465162053677,0.013719693575825254
2024-10-19,HAR-RV-J-H,3,-7.774179791525233,-7.622013313754274,-0.15216647777095904
2024-10-20,HAR-RV-J-H,3,-7.863362515397026,-7.691204868576062,-0.17215764682096424
2024-10-21,HAR-RV-J-H,3,-8.018551193752419,-8.271632248373248,0.25308105462082864
2024-10-22,HAR-RV-J-H,3,-6.898530866282754,-8.44804532490613,1.5495144586233751
2024-10-23,HAR-RV-J-H,3,-8.921658190779526,-8.407244283709431,-0.5144139070700948
2024-10-24,HAR-RV-J-H,3,-9.079636360099444,-8.341253854543307,-0.738382505556137
2024-10-25,HAR-RV-J-H,3,-7.784069601964099,-7.982086854129822,0.19801725216572308
2024-10-26,HAR-RV-J-H,3,-7.368623299413477,-7.673033720974766,0.3044104215612897
2024-10-27,HAR-RV-J-H,3,-7.512997901045132,-7.693484073344235,0.18048617229910313
2024-10-28,HAR-RV-J-H,3,-7.671750079550882,-7.923561339543895,0.2518112599930129
2024-10-29,HAR-RV-J-H,3,-6.998467037027406,-8.115207040596879,1.1167400035694728
2024-10-30,HAR-RV-J-H,3,-8.813773417610177,-7.98278861005689,-0.8309848075532873
2024-10-31,HAR-RV-J-H,3,-7.784664629556363,-8.090495899014835,0.30583126945847194
2024-11-01,HAR-RV-J-H,3,-7.509206844606907,-7.902966131142068,0.3937592865351611
2024-11-02,HAR-RV-J-H,3,-7.320254941313007,-7.58427158273971,0.26401664142670267
2024-11-03,HAR-RV-J-H,3,-6.357178323463686,-7.540890610746839,1.1837122872831527
2024-11-04,HAR-RV-J-H,3,-7.505193457512192,-7.8317970772661125,0.3266036197539206
2024-11-05,HAR-RV-J-H,3,-7.882091528500882,-7.862160233027007,-0.019931295473875288
2024-11-06,HAR-RV-J-H,3,-8.951124037321541,-7.7895155956299345,-1.161608441691607
2024-11-07,HAR-RV-J-H,3,-6.982350958300895,-7.672195336848069,0.689844378547174
2024-11-08,HAR-RV-J-H,3,-6.610143513022823,-7.447327030333041,0.8371835173102182
2024-11-09,HAR-RV-J-H,3,-5.89742196217559,-7.388912996272974,1.4914910340973835
2024-11-10,HAR-RV-J-H,3,-5.970825445834223,-7.458286884572134,1.4874614387379106
2024-11-11,HAR-RV-J-H,3,-6.298780197423048,-7.70780511023914,1.4090249128160917
2024-11-12,HAR-RV-J-H,3,-6.69026855754187,-7.835990259277093,1.1457217017352228
2024-11-13,HAR-RV-J-H,3,-7.962925402749825,-7.614698482536394,-0.34822692021343116
2024-11-14,HAR-RV-J-H,3,-7.719913234094788,-7.349615342144144,-0.3702978919506439
2024-11-15,HAR-RV-J-H,3,-6.813641525214108,-6.9310415550662094,0.11740002985210118
2024-11-16,HAR-RV-J-H,3,-7.123061515534054,-6.818208025489747,-0.30485349004430784
2024-11-17,HAR-RV-J-H,3,-7.349584827177568,-6.76659541584845,-0.5829894113291187
2024-11-18,HAR-RV-J-H,3,-6.9277588146226785,-7.195480470023589,0.2677216554009103
2024-11-19,HAR-RV-J-H,3,-7.639603303246092,-7.517799180257971,-0.12180412298812104
2024-11-20,HAR-RV-J-H,3,-8.458730870211758,-7.632462193565023,-0.8262686766467349
2024-11-21,HAR-RV-J-H,3,-7.906636805257383,-7.683273650441115,-0.22336315481626823
2024-11-22,HAR-RV-J-H,3,-6.845783544407805,-7.481230067093589,0.6354465226857844
2024-11-23,HAR-RV-J-H,3,-6.704121318827724,-7.3695712303565495,0.6654499115288255
2024-11-24,HAR-RV-J-H,3,-7.421131408187987,-7.477883536310469,0.05675212812248187
2024-11-25,HAR-RV-J-H,3,-7.777480941685613,-7.747720496176601,-0.02976044550901147
2024-11-26,HAR-RV-J-H,3,-7.7915055329164575,-7.751029841208458,-0.04047569170799914
2024-11-27,HAR-RV-J-H,3,-8.944575839059315,-7.758968068237891,-1.1856077708214237
2024-11-28,HAR-RV-J-H,3,-8.526681786585359,-7.725923081445871,-0.8007587051394873
2024-11-29,HAR-RV-J-H,3,-7.2277762188452845,-7.417423279292623,0.1896470604473386
2024-11-30,HAR-RV-J-H,3,-7.477860175072574,-7.396063731542625,-0.08179644352994853
2024-12-01,HAR-RV-J-H,3,-7.352016227925319,-7.572508343807188,0.22049211588186868
2024-12-02,HAR-RV-J-H,3,-5.520755763032788,-8.030622481878174,2.5098667188453856
2024-12-03,HAR-RV-J-H,3,-7.056676956855624,-8.069342760515148,1.0126658036595249
2024-12-04,HAR-RV-J-H,3,-8.28612317218258,-7.981384364852796,-0.304738807329783
2024-12-05,HAR-RV-J-H,3,-8.152794625419403,-7.821228484499259,-0.33156614092014447
2024-12-06,HAR-RV-J-H,3,-6.452164940538162,-7.295450902886142,0.8432859623479798
2024-12-07,HAR-RV-J-H,3,-6.668355412158304,-7.1128753551207975,0.44451994296249353
2024-12-08,HAR-RV-J-H,3,-7.380414836630238,-7.055043088443566,-0.32537174818667225
2024-12-09,HAR-RV-J-H,3,-7.347004798406336,-7.223887466830457,-0.12311733157587845
2024-12-10,HAR-RV-J-H,3,-7.800269430130499,-7.313913082355684,-0.48635634777481496
2024-12-11,HAR-RV-J-H,3,-8.329129180116265,-7.538414792203679,-0.790714387912586
2024-12-12,HAR-RV-J-H,3,-7.954173621957407,-7.6050717603698486,-0.34910186158755874
2024-12-13,HAR-RV-J-H,3,-7.167863912303163,-7.427616682373667,0.259752770070504
2024-12-14,HAR-RV-J-H,3,-7.46114260237137,-7.231300285574573,-0.22984231679679734
2024-12-15,HAR-RV-J-H,3,-6.653480385951037,-7.488672651286952,0.8351922653359143
2024-12-16,HAR-RV-J-H,3,-6.215955295754829,-7.837918564256596,1.6219632685017675
2024-12-17,HAR-RV-J-H,3,-6.2286006577328035,-7.867577995975456,1.6389773382426522
2024-12-18,HAR-RV-J-H,3,-7.472773492215739,-7.8494351336356365,0.3766616414198971
2024-12-19,HAR-RV-J-H,3,-7.349660055218582,-7.640033382415049,0.290373327196467
2024-12-20,HAR-RV-J-H,3,-6.8404400613287955,-7.385615573440026,0.5451755121112303
2024-12-21,HAR-RV-J-H,3,-7.374187208078972,-7.181909430460779,-0.19227777761819276
2024-12-22,HAR-RV-J-H,3,-7.715762789103233,-7.113204994450283,-0.6025577946529506
2024-12-23,HAR-RV-J-H,3,-7.307697534873444,-7.128954020903327,-0.178743513970117
2024-12-24,HAR-RV-J-H,3,-7.106588924470662,-7.297068586021715,0.1904796615510529
2024-12-25,HAR-RV-J-H,3,-8.634132442724063,-7.341702029749964,-1.2924304129740989
2024-12-26,HAR-RV-J-H,3,-8.326756050975344,-7.515519652863097,-0.8112363981122472
2024-12-27,HAR-RV-J-H,3,-7.3543943334481,-7.52237467590696,0.1679803424588595
2024-12-28,HAR-RV-J-H,3,-7.276893060792656,-7.334166480433922,0.05727341964126609
2024-12-29,HAR-RV-J-H,3,-8.238782332690736,-7.382860271150845,-0.855922061539891
2024-12-30,HAR-RV-J-H,3,-7.367896287600902,-7.635850264590385,0.26795397698948253
2024-12-31,HAR-RV-J-H,3,-8.097617541330267,-7.707522914122024,-0.39009462720824306
2025-01-01,HAR-RV-J-H,3,-9.19804542909942,-7.67302139112425,-1.5250240379751698
2025-01-02,HAR-RV-J-H,3,-8.787325094170878,-7.742347097476297,-1.0449779966945814
2025-01-03,HAR-RV-J-H,3,-7.415021751205516,-7.6209951909533675,0.20597343974785165
2025-01-04,HAR-RV-J-H,3,-7.590481289361926,-7.511396675544615,-0.07908461381731069
2025-01-05,HAR-RV-J-H,3,-6.90681582272137,-7.629139423155066,0.7223236004336959
2025-01-06,HAR-RV-J-H,3,-6.968115739055578,-8.01844842757194,1.0503326885163622
2025-01-07,HAR-RV-J-H,3,-6.709305206835529,-8.014013962876987,1.3047087560414585
2025-01-08,HAR-RV-J-H,3,-8.995729032967116,-8.054493054560293,-0.9412359784068229
2025-01-09,HAR-RV-J-H,3,-8.852150045924287,-7.909558320474205,-0.9425917254500815
2025-01-10,HAR-RV-J-H,3,-6.553319507908563,-7.561983541933452,1.0086640340248882
2025-01-11,HAR-RV-J-H,3,-7.303486208762694,-7.2036231860980156,-0.09986302266467817
2025-01-12,HAR-RV-J-H,3,-7.312096925574036,-7.066067824443899,-0.24602910113013632
2025-01-13,HAR-RV-J-H,3,-7.391486709026281,-7.349683635815861,-0.04180307321041976
2025-01-14,HAR-RV-J-H,3,-7.511145310148465,-7.605024964384201,0.09387965423573608
2025-01-15,HAR-RV-J-H,3,-7.438401020768668,-7.72543328308187,0.28703226231320134
2025-01-16,HAR-RV-J-H,3,-6.148112404271952,-7.85406071065394,1.7059483063819876
2025-01-17,HAR-RV-J-H,3,-5.214773987217453,-7.640902836320908,2.4261288491034554
2025-01-18,HAR-RV-J-H,3,-6.34915971482197,-7.36513444843653,1.0159747336145601
2025-01-19,HAR-RV-J-H,3,-7.594519813201731,-7.557744773762264,-0.03677503943946725
2025-01-20,HAR-RV-J-H,3,-5.989812005402478,-7.439988419655836,1.4501764142533577
2025-01-21,HAR-RV-J-H,3,-7.355564283258395,-7.232441389237593,-0.12312289402080179
2025-01-22,HAR-RV-J-H,3,-8.788612678268954,-7.115509955333336,-1.6731027229356181
2025-01-23,HAR-RV-J-H,3,-8.623226788453762,-6.86683409925225,-1.7563926892015118
2025-01-24,HAR-RV-J-H,3,-6.548166225847454,-6.890195183650043,0.34202895780258924
2025-01-25,HAR-RV-J-H,3,-7.335119722465245,-6.895657747920147,-0.4394619745450976
2025-01-26,HAR-RV-J-H,3,-7.350021545427285,-7.298446729529311,-0.051574815897973636
2025-01-27,HAR-RV-J-H,3,-7.86523565131056,-7.783428278626517,-0.08180737268404314
2025-01-28,HAR-RV-J-H,3,-7.64515655585875,-7.872876818700922,0.22772026284217173
2025-01-29,HAR-RV-J-H,3,-8.395509658549456,-8.065517422523834,-0.3299922360256211
2025-01-30,HAR-RV-J-H,3,-7.035755186208709,-8.039346856664407,1.0035916704556982
2025-01-31,HAR-RV-J-H,3,-5.95199845728886,-7.745329168472928,1.7933307111840682
2025-02-01,HAR-RV-J-H,3,-6.579587906443687,-7.537323846399279,0.957735939955592
2025-02-02,HAR-RV-J-H,3,-7.222214210843608,-7.7070606783756785,0.48484646753207095
2025-02-03,HAR-RV-J-H,3,-7.456911400328808,-7.844128294933568,0.3872168946047596
2025-02-04,HAR-RV-J-H,3,-7.097257483150888,-7.724243710036051,0.6269862268851627
2025-02-05,HAR-RV-J-H,3,-8.810076811866075,-7.506907792281536,-1.303169019584539
2025-02-06,HAR-RV-J-H,3,-8.10773415201615,-7.389660132614305,-0.7180740194018442
2025-02-07,HAR-RV-J-H,3,-7.786812840962016,-7.112498689458785,-0.6743141515032312
2025-02-08,HAR-RV-J-H,3,-8.095685364957285,-7.2152455486134155,-0.8804398163438698
2025-02-09,HAR-RV-J-H,3,-6.962691557561749,-7.410078828349382,0.4473872707876332
2025-02-10,HAR-RV-J-H,3,-7.850939573833918,-7.868212852074805,0.017273278240887535
2025-02-11,HAR-RV-J-H,3,-7.6048640411791055,-7.9403929498273405,0.3355289086482349
2025-02-12,HAR-RV-J-H,3,-9.31204237724052,-7.8666298808189286,-1.445412496421591
2025-02-13,HAR-RV-J-H,3,-9.354075786569943,-7.8832625121211315,-1.4708132744488118
2025-02-14,HAR-RV-J-H,3,-8.328308753403542,-7.761201225893218,-0.5671075275103243
2025-02-15,HAR-RV-J-H,3,-7.735386570485104,-7.676885059177526,-0.0585015113075773
2025-02-16,HAR-RV-J-H,3,-8.074161026658576,-7.600597990749375,-0.47356303590920135
2025-02-17,HAR-RV-J-H,3,-8.388064413225592,-7.838087271152595,-0.5499771420729971
2025-02-18,HAR-RV-J-H,3,-7.422492670788367,-8.322196789119563,0.8997041183311953
2025-02-19,HAR-RV-J-H,3,-9.351071668633756,-8.24818549732488,-1.1028861713088762
2025-02-20,HAR-RV-J-H,3,-9.327182940847992,-8.33069244273415,-0.9964904981138414
2025-02-21,HAR-RV-J-H,3,-7.366790273234517,-8.169979176703631,0.8031889034691142
2025-02-22,HAR-RV-J-H,3,-6.241011939761488,-7.907710891783577,1.666698952022089
2025-02-23,HAR-RV-J-H,3,-6.08442226100039,-7.820388435441729,1.735966174441339
2025-02-24,HAR-RV-J-H,3,-6.878853344044446,-8.143334365239564,1.2644810211951185
2025-02-25,HAR-RV-J-H,3,-5.588570041559089,-8.206615157907128,2.618045116348039
2025-02-26,HAR-RV-J-H,3,-7.482186017843935,-7.858510605700131,0.37632458785619605
2025-02-27,HAR-RV-J-H,3,-6.026685262486463,-7.7389421685075845,1.7122569060211212
2025-02-28,HAR-RV-J-H,3,-6.005721130764149,-7.4270519788318525,1.4213308480677034
2025-03-01,HAR-RV-J-H,3,-5.832575425345344,-6.8754154790678035,1.0428400537224594
2025-03-02,HAR-RV-J-H,3,-6.528431978871631,-6.712340925525451,0.18390894665381996
2025-03-03,HAR-RV-J-H,3,-6.412729998936713,-6.975763868376379,0.5630338694396668
2025-03-04,HAR-RV-J-H,3,-5.651155219226064,-7.033529117370059,1.382373898143995
2025-03-05,HAR-RV-J-H,3,-7.82002049036847,-6.911220440737222,-0.9088000496312478
2025-03-06,HAR-RV-J-H,3,-7.116223896566312,-7.056499728031655,-0.05972416853465656
2025-03-07,HAR-RV-J-H,3,-5.949376876735946,-6.792828525180756,0.8434516484448098
2025-03-08,HAR-RV-J-H,3,-6.2051256349718855,-6.8078453125114216,0.602719677539536
2025-03-09,HAR-RV-J-H,3,-6.9226794457074154,-6.79179881525444,-0.1308806304529755
2025-03-10,HAR-RV-J-H,3,-7.250092425539886,-7.222919658526519,-0.027172767013367682
2025-03-11,HAR-RV-J-H,3,-7.447118934719969,-7.257496757523391,-0.18962217719657737
2025-03-12,HAR-RV-J-H,3,-8.898459551988159,-7.254726016877794,-1.643733535110365
2025-03-13,HAR-RV-J-H,3,-7.329432996679352,-7.386077666433426,0.056644669754073895
2025-03-14,HAR-RV-J-H,3,-7.67080326390782,-7.1629521492427655,-0.5078511146650548
2025-03-15,HAR-RV-J-H,3,-7.616041619926752,-7.1996781282481965,-0.41636349167855524
2025-03-16,HAR-RV-J-H,3,-7.472221310413124,-7.418393894201717,-0.05382741621140674
2025-03-17,HAR-RV-J-H,3,-7.439639310421675,-7.950926571637818,0.5112872612161432
2025-03-18,HAR-RV-J-H,3,-7.976296204139535,-8.082173865529171,0.10587766138963595
2025-03-19,HAR-RV-J-H,3,-9.81200323221424,-8.05511327758123,-1.7568899546330101
2025-03-20,HAR-RV-J-H,3,-8.77472856117907,-7.919439203960465,-0.8552893572186058
2025-03-21,HAR-RV-J-H,3,-7.738805643991428,-7.567922823622453,-0.17088282036897517
2025-03-22,HAR-RV-J-H,3,-7.907900185694711,-7.5697515144391,-0.33814867125561054
2025-03-23,HAR-RV-J-H,3,-7.926440425992742,-7.4856953847710725,-0.44074504122166935
2025-03-24,HAR-RV-J-H,3,-8.15773669999174,-7.943515929192584,-0.21422077079915525
2025-03-25,HAR-RV-J-H,3,-7.842789124023152,-8.066908487373993,0.22411936335084093
2025-03-26,HAR-RV-J-H,3,-8.003994184702773,-8.132258371702076,0.12826418699930286
2025-03-27,HAR-RV-J-H,3,-8.165887428032145,-8.114938559753206,-0.05094886827893852
2025-03-28,HAR-RV-J-H,3,-7.254418259891095,-7.8636496081573615,0.6092313482662668
2025-03-29,HAR-RV-J-H,3,-7.756757128271761,-7.727263296134588,-0.029493832137172937
2025-03-30,HAR-RV-J-H,3,-6.587482790091052,-7.726885278287669,1.139402488196617
2025-03-31,HAR-RV-J-H,3,-7.252194880144823,-7.7539362339450015,0.5017413538001785
2025-04-01,HAR-RV-J-H,3,-6.63516370951007,-7.706110371564804,1.0709466620547339
2025-04-02,HAR-RV-J-H,3,-8.681969956851141,-7.607848189826996,-1.0741217670241454
2025-04-03,HAR-RV-J-H,3,-7.188412492677708,-7.402461719636651,0.21404922695894335
2025-04-04,HAR-RV-J-H,3,-5.629049006791348,-7.334090159168097,1.705041152376749
2025-04-05,HAR-RV-J-H,3,-6.933967406336497,-7.10774921459885,0.173781808262353
2025-04-06,HAR-RV-J-H,3,-5.92065466170989,-7.076392427020094,1.155737765310204
2025-04-07,HAR-RV-J-H,3,-7.031037787314499,-7.284809933269026,0.25377214595452635
2025-04-08,HAR-RV-J-H,3,-7.032090018849573,-7.178713775629283,0.14662375677970996
2025-04-09,HAR-RV-J-H,3,-7.79990038655869,-7.205974226331901,-0.5939261602267889
2025-04-10,HAR-RV-J-H,3,-7.287263687197286,-7.121647358451838,-0.16561632874544774
2025-04-11,HAR-RV-J-H,3,-7.167014962280521,-6.779626493448199,-0.3873884688323219
2025-04-12,HAR-RV-J-H,3,-7.777788884630375,-6.744004598601897,-1.033784286028478
2025-04-13,HAR-RV-J-H,3,-7.413189676387737,-7.040867319336042,-0.37232235705169536
2025-04-14,HAR-RV-J-H,3,-8.268721841318316,-7.244352568257836,-1.02436927306048
2025-04-15,HAR-RV-J-H,3,-9.681279444888752,-7.532894041161247,-2.148385403727505
2025-04-16,HAR-RV-J-H,3,-9.171548905690758,-7.514490143978895,-1.6570587617118626
2025-04-17,HAR-RV-J-H,3,-9.01552740253416,-7.609973564341192,-1.4055538381929678
2025-04-18,HAR-RV-J-H,3,-7.457356285992482,-7.482924564775764,0.025568278783281606
2025-04-19,HAR-RV-J-H,3,-6.979201722253075,-7.636724231246738,0.6575225089936634
2025-04-20,HAR-RV-J-H,3,-7.403345870725576,-8.13907040476335,0.7357245340377743
2025-04-21,HAR-RV-J-H,3,-8.021045389721651,-8.414019220835087,0.3929738311134354
2025-04-22,HAR-RV-J-H,3,-7.797960553044787,-8.502138403530235,0.7041778504854488
2025-04-23,HAR-RV-J-H,3,-8.912576429259436,-8.324976907535872,-0.5875995217235648
2025-04-24,HAR-RV-J-H,3,-8.579169330655771,-8.062580489252017,-0.5165888414037543
2025-04-25,HAR-RV-J-H,3,-7.92097208375074,-7.765751568852053,-0.15522051489868627
2025-04-26,HAR-RV-J-H,3,-8.087519781534887,-7.566764458407592,-0.520755323127295
2025-04-27,HAR-RV-J-H,3,-8.023455793775357,-7.574784986049957,-0.44867080772539936
2025-04-28,HAR-RV-J-H,3,-8.09456339337235,-8.017636123672073,-0.07692726970027763
2025-04-29,HAR-RV-J-H,3,-8.294066343106515,-8.208062692047047,-0.0860036510594675
2025-04-30,HAR-RV-J-H,3,-9.46541060137628,-8.08822715746787,-1.377183443908411
2025-05-01,HAR-RV-J-H,3,-8.596552100361416,-8.120484099419262,-0.4760680009421545
2025-05-02,HAR-RV-J-H,3,-8.166003817373237,-7.912179386479738,-0.2538244308934994
2025-05-03,HAR-RV-J-H,3,-8.013724640481898,-7.82142434653932,-0.1923002939425782
2025-05-04,HAR-RV-J-H,3,-7.894201229610753,-7.844693262840274,-0.04950796677047897
2025-05-05,HAR-RV-J-H,3,-7.474703553304063,-8.157765730138875,0.6830621768348122
2025-05-06,HAR-RV-J-H,3,-7.7544076279684,-8.207765199502447,0.4533575715340463
2025-05-07,HAR-RV-J-H,3,-8.51169203750711,-8.205638267623865,-0.3060537698832455
2025-05-08,HAR-RV-J-H,3,-7.894756830708296,-8.175302720150698,0.28054588944240244
2025-05-09,HAR-RV-J-H,3,-7.171315375183232,-7.898708337411274,0.7273929622280422
2025-05-10,HAR-RV-J-H,3,-7.898122089143746,-7.816486818254817,-0.08163527088892852
2025-05-11,HAR-RV-J-H,3,-8.318310440418038,-7.748170022368329,-0.5701404180497089
2025-05-12,HAR-RV-J-H,3,-7.7147571999584414,-7.896236067913962,0.18147886795552015
2025-05-13,HAR-RV-J-H,3,-8.244800643227538,-7.819718296788627,-0.4250823464389111
2025-05-14,HAR-RV-J-H,3,-8.88548365814237,-7.802283096147987,-1.0832005619943823
2025-05-15,HAR-RV-J-H,3,-7.9130966647344225,-7.672546498833012,-0.24055016590141065
2025-05-16,HAR-RV-J-H,3,-7.475391981698435,-7.586957820334548,0.11156583863611313
2025-05-17,HAR-RV-J-H,3,-7.413492676031776,-7.558113905835681,0.14462122980390468
2025-05-18,HAR-RV-J-H,3,-6.9048202411259405,-7.754403020069253,0.8495827789433124
2025-05-19,HAR-RV-J-H,3,-7.5998782354004675,-7.931684303357868,0.33180606795740086
2025-05-20,HAR-RV-J-H,3,-7.443883442529285,-7.827951550085657,0.3840681075563719
2025-05-21,HAR-RV-J-H,3,-8.225636513265073,-7.789617741086977,-0.4360187721780955
2025-05-22,HAR-RV-J-H,3,-8.196992018610825,-7.611196521082823,-0.585795497528002
2025-05-23,HAR-RV-J-H,3,-8.288440304342084,-7.404058175781278,-0.884382128560806
2025-05-24,HAR-RV-J-H,3,-7.940076582517803,-7.360279962173543,-0.5797966203442604
2025-05-25,HAR-RV-J-H,3,-8.336031186903472,-7.3294968675843135,-1.006534319319159
2025-05-26,HAR-RV-J-H,3,-7.769467517478563,-7.520021561286061,-0.24944595619250176
2025-05-27,HAR-RV-J-H,3,-7.728674501465333,-7.803467109486309,0.0747926080209762
2025-05-28,HAR-RV-J-H,3,-8.421598154519437,-7.910027613013669,-0.5115705415057681
2025-05-29,HAR-RV-J-H,3,-8.743472246073782,-7.965927636619084,-0.777544609454698
2025-05-30,HAR-RV-J-H,3,-8.184430028615092,-7.8860292142863555,-0.298400814328736
2025-05-31,HAR-RV-J-H,3,-8.331213911925008,-7.790703884032915,-0.5405100278920933
2025-06-01,HAR-RV-J-H,3,-8.71279939743139,-7.715821862300063,-0.9969775351313261
2025-06-02,HAR-RV-J-H,3,-7.51988335958094,-7.79596470529663,0.27608134571568943
2025-06-03,HAR-RV-J-H,3,-8.345664194572562,-7.905864402565259,-0.4397997920073031
2025-06-04,HAR-RV-J-H,3,-9.05218826005398,-7.9339013584900115,-1.1182869015639678
2025-06-05,HAR-RV-J-H,3,-9.384555576107418,-8.039169016017901,-1.3453865600895174
2025-06-06,HAR-RV-J-H,3,-7.968985833169205,-7.968137811155661,-0.0008480220135433925
2025-06-07,HAR-RV-J-H,3,-8.125005944838898,-7.929154454198719,-0.19585149064017937
2025-06-08,HAR-RV-J-H,3,-8.19082610478049,-7.916905929672415,-0.2739201751080742
2025-06-09,HAR-RV-J-H,3,-7.927023759209108,-8.038564375800748,0.11154061659163972
2025-06-10,HAR-RV-J-H,3,-7.443188684929166,-8.098624019475178,0.655435334546012
2025-06-11,HAR-RV-J-H,3,-9.05726972859608,-8.189137220956942,-0.8681325076391371
2025-06-12,HAR-RV-J-H,3,-8.953471985164441,-8.13666264697295,-0.8168093381914918
2025-06-13,HAR-RV-J-H,3,-8.110641264350848,-7.914281109406623,-0.19636015494422487
2025-06-14,HAR-RV-J-H,3,-7.806286485181062,-7.672433105787036,-0.13385337939402575
2025-06-15,HAR-RV-J-H,3,-7.866192379807445,-7.628357668366635,-0.2378347114408097
2025-06-16,HAR-RV-J-H,3,-8.633468871743753,-7.827339148850655,-0.8061297228930986
2025-06-17,HAR-RV-J-H,3,-7.900331132706684,-7.990249619949941,0.08991848724325635
2025-06-18,HAR-RV-J-H,3,-7.967196587131996,-7.993165534255595,0.025968947123598873
2025-06-19,HAR-RV-J-H,3,-7.027680658640498,-8.086945247236788,1.0592645885962897
2025-06-20,HAR-RV-J-H,3,-7.236497370232764,-7.95976306665347,0.7232656964207056
2025-06-21,HAR-RV-J-H,3,-8.149886293035856,-7.863438632935599,-0.28644766010025613
2025-06-22,HAR-RV-J-H,3,-8.176305065875129,-7.831215426221803,-0.3450896396533256
2025-06-23,HAR-RV-J-H,3,-8.376095118293176,-7.746702816203146,-0.6293923020900296
2025-06-24,HAR-RV-J-H,3,-8.542770722531861,-7.721790139330938,-0.8209805832009227
2025-06-25,HAR-RV-J-H,3,-10.649971722513076,-7.551363809852235,-3.0986079126608406
2025-06-26,HAR-RV-J-H,3,-9.316586495538738,-7.602435870505874,-1.7141506250328638
2025-06-27,HAR-RV-J-H,3,-8.62277199796468,-7.6340016287444925,-0.9887703692201875
2025-06-28,HAR-RV-J-H,3,-8.642591743070529,-7.851568560643162,-0.7910231824273666
2025-06-29,HAR-RV-J-H,3,-8.308439939764494,-7.9701727002436025,-0.3382672395208912
2025-06-30,HAR-RV-J-H,3,-8.29396771419438,-8.546995319785779,0.2530276055913987
2025-07-01,HAR-RV-J-H,3,-8.898524051817713,-8.694740676302274,-0.2037833755154388
2025-07-02,HAR-RV-J-H,3,-9.987284347496226,-8.720628615192698,-1.2666557323035281
2025-07-03,HAR-RV-J-H,3,-9.36677210235694,-8.68151079425828,-0.68526130809866
2025-07-04,HAR-RV-J-H,3,-8.713378263033814,-8.361493788168412,-0.3518844748654022
2025-07-05,HAR-RV-J-H,3,-8.902586131499698,-8.202584335679703,-0.7000017958199951
2025-07-06,HAR-RV-J-H,3,-8.29417874240117,-8.143860719766698,-0.15031802263447247
2025-07-07,HAR-RV-J-H,3,-7.209350045659884,-8.454687140615068,1.2453370949551843
2025-07-08,HAR-RV-J-H,3,-7.867944834377488,-8.63097694007649,0.7630321056990024
2025-07-09,HAR-RV-J-H,3,-9.356431837546369,-8.728522338402943,-0.627909499143426
2025-07-10,HAR-RV-J-H,3,-8.773942349578554,-8.619457167095753,-0.15448518248280152
2025-07-11,HAR-RV-J-H,3,-7.481016702523509,-8.225701804603446,0.744685102079937
2025-07-12,HAR-RV-J-H,3,-7.254884046098786,-8.086076664382482,0.831192618283696
2025-07-13,HAR-RV-J-H,3,-7.906106583346014,-7.918241789368991,0.01213520602297713
2025-07-14,HAR-RV-J-H,3,-7.750043741635851,-8.03467564801611,0.2846319063802589
2025-07-15,HAR-RV-J-H,3,-7.925867888823022,-7.97362126547572,0.04775337665269852
2025-07-16,HAR-RV-J-H,3,-9.191851708958271,-7.998668813566142,-1.1931828953921295
2025-07-17,HAR-RV-J-H,3,-8.749889889500176,-8.070284847488864,-0.6796050420113122
2025-07-18,HAR-RV-J-H,3,-8.062198643566044,-7.850444180039187,-0.2117544635268569
2025-07-19,HAR-RV-J-H,3,-7.740429316317312,-7.668162629275522,-0.07226668704178962
2025-07-20,HAR-RV-J-H,3,-8.047332828013449,-7.681492889243036,-0.36583993877041276
2025-07-21,HAR-RV-J-H,3,-8.253076728769177,-8.119240529375357,-0.1338361993938193
2025-07-22,HAR-RV-J-H,3,-7.605517370811197,-8.271245839941415,0.6657284691302179
2025-07-23,HAR-RV-J-H,3,-9.606954095499765,-8.258258000862298,-1.3486960946374662
2025-07-24,HAR-RV-J-H,3,-8.981033746649764,-8.278100226994635,-0.7029335196551294
2025-07-25,HAR-RV-J-H,3,-8.30508496766559,-8.075339285393245,-0.2297456822723447
2025-07-26,HAR-RV-J-H,3,-8.268215689597376,-7.913639619797448,-0.3545760697999283
2025-07-27,HAR-RV-J-H,3,-8.393240576178409,-7.802503760863198,-0.5907368153152106
2025-07-28,HAR-RV-J-H,3,-8.520230588607557,-8.229726682754308,-0.2905039058532495
2025-07-29,HAR-RV-J-H,3,-7.533737412187012,-8.406667760867938,0.8729303486809261
2025-07-30,HAR-RV-J-H,3,-8.568970525996992,-8.400433116379514,-0.16853740961747832
2025-07-31,HAR-RV-J-H,3,-9.01457508878402,-8.520699920701148,-0.493875168082873
2025-08-01,HAR-RV-J-H,3,-8.64759502280641,-8.31279589841733,-0.33479912438908066
2025-08-02,HAR-RV-J-H,3,-8.327990264931364,-8.00772261600116,-0.3202676489302032
2025-08-03,HAR-RV-J-H,3,-8.51421068372607,-7.978864034790666,-0.5353466489354037
2025-08-04,HAR-RV-J-H,3,-8.532403748070708,-8.0173956675251,-0.5150080805456074
2025-08-05,HAR-RV-J-H,3,-8.651182815348951,-8.169911823573619,-0.4812709917753324
2025-08-06,HAR-RV-J-H,3,-9.32597851139552,-8.134507478596337,-1.1914710327991838
2025-08-07,HAR-RV-J-H,3,-8.441043602227696,-8.216189455310516,-0.22485414691717942
2025-08-08,HAR-RV-J-H,3,-7.811382584426513,-8.193446729660302,0.3820641452337892
2025-08-09,HAR-RV-J-H,3,-8.297044334912817,-8.113125867304907,-0.18391846760790997
2025-08-10,HAR-RV-J-H,3,-7.759195959681331,-8.063971324681162,0.3047753649998315
2025-08-11,HAR-RV-J-H,3,-6.9615054586384755,-8.25670667300191,1.2952012143634342
2025-08-12,HAR-RV-J-H,3,-8.400633017404333,-8.17635166112221,-0.2242813562821233
2025-08-13,HAR-RV-J-H,3,-9.797853695149604,-8.16639313208739,-1.6314605630622143
2025-08-14,HAR-RV-J-H,3,-9.5559821565806,-8.001942367134806,-1.5540397894457936
2025-08-15,HAR-RV-J-H,3,-8.156814886452334,-7.673055874781816,-0.4837590116705188
2025-08-16,HAR-RV-J-H,3,-8.142712241205171,-7.590735945917215,-0.5519762952879557
2025-08-17,HAR-RV-J-H,3,-8.113278831395304,-7.588055153006824,-0.52522367838848
2025-08-18,HAR-RV-J-H,3,-8.175195141952578,-7.905684570118094,-0.2695105718344841
2025-08-19,HAR-RV-J-H,3,-7.391375071440983,-8.259891397202727,0.8685163257617443
2025-08-20,HAR-RV-J-H,3,-9.155666824013634,-8.453724352002865,-0.701942472010769
2025-08-21,HAR-RV-J-H,3,-7.722034948084426,-8.43122435835339,0.709189410268964
2025-08-22,HAR-RV-J-H,3,-7.330218334497994,-8.210005860151457,0.8797875256534624
2025-08-23,HAR-RV-J-H,3,-7.622910020795579,-7.915895755670435,0.2929857348748559
2025-08-24,HAR-RV-J-H,3,-8.082710716050025,-7.793510694724315,-0.2892000213257102
2025-08-25,HAR-RV-J-H,3,-8.403842583904545,-7.998029019971583,-0.40581356393296186
2025-08-26,HAR-RV-J-H,3,-8.0046493464786,-7.928096236861887,-0.07655310961671269
2025-08-27,HAR-RV-J-H,3,-9.133680845548108,-7.893324121600251,-1.2403567239478566
2025-08-28,HAR-RV-J-H,3,-9.177958657568531,-7.984464936584478,-1.193493720984053
2025-08-29,HAR-RV-J-H,3,-7.953683190386181,-7.746947065137184,-0.2067361252489972
2025-08-30,HAR-RV-J-H,3,-7.872158994764496,-7.9176066371119065,0.045447642347410167
2025-08-31,HAR-RV-J-H,3,-8.182388144667684,-7.983926336182461,-0.19846180848522277
2025-09-01,HAR-RV-J-H,3,-8.292311256544016,-8.282280584460608,-0.010030672083408021
2025-09-02,HAR-RV-J-H,3,-8.049751286620033,-8.408379273670901,0.35862798705086796
2025-09-03,HAR-RV-J-H,3,-9.772848916168195,-8.309455088859075,-1.4633938273091207
2025-09-04,HAR-RV-J-H,3,-9.53452627568605,-8.352610281190344,-1.1819159944957054
2025-09-05,HAR-RV-J-H,3,-8.677120971758,-8.20275776375948,-0.47436320799852005
2025-09-06,HAR-RV-J-H,3,-8.403115304394708,-7.97198988200926,-0.43112542238544815
2025-09-07,HAR-RV-J-H,3,-8.21218014894868,-7.886836339690832,-0.32534380925784756
2025-09-08,HAR-RV-J-H,3,-8.499654294702792,-8.289444367320783,-0.2102099273820084
2025-09-09,HAR-RV-J-H,3,-8.617547509904476,-8.572394629606038,-0.04515288029843845
2025-09-10,HAR-RV-J-H,3,-9.831130650802836,-8.56529957485549,-1.2658310759473448
2025-09-11,HAR-RV-J-H,3,-9.54978554808957,-8.565504371191302,-0.9842811768982678
2025-09-12,HAR-RV-J-H,3,-8.439814402280856,-8.374131406913868,-0.06568299536698774
2025-09-13,HAR-RV-J-H,3,-8.792523838198322,-8.205852133246836,-0.5866717049514865
2025-09-14,HAR-RV-J-H,3,-8.101310617641094,-8.055975516658822,-0.045335100982271115
2025-09-15,HAR-RV-J-H,3,-8.766447689945338,-8.365319028322393,-0.4011286616229448
2025-09-16,HAR-RV-J-H,3,-9.267364905921823,-8.53885356793137,-0.7285113379904526
2025-09-17,HAR-RV-J-H,3,-10.6050280488101,-8.563378426367809,-2.041649622442291
2025-09-18,HAR-RV-J-H,3,-10.133520913612236,-8.48400047995786,-1.6495204336543754
2025-09-19,HAR-RV-J-H,3,-7.891930026244774,-8.366312666271547,0.4743826400267732
2025-09-20,HAR-RV-J-H,3,-8.692216418426757,-8.190296291339816,-0.5019201270869402
2025-09-21,HAR-RV-J-H,3,-8.715111261187413,-8.259115478257984,-0.45599578292942944
2025-09-22,HAR-RV-J-H,3,-7.797766269227527,-8.652065503078362,0.8542992338508348
2025-09-23,HAR-RV-J-H,3,-8.199318457410062,-8.841131013692358,0.6418125562822965
2025-09-24,HAR-RV-J-H,3,-10.290127372923022,-8.864361872281947,-1.4257655006410754
2025-09-25,HAR-RV-J-H,3,-9.254128583110203,-8.774881766181295,-0.47924681692890836
2025-09-26,HAR-RV-J-H,3,-8.541521038784206,-8.374890124234604,-0.16663091454960188
2025-09-27,HAR-RV-J-H,3,-8.603434629923894,-8.152031277614324,-0.45140335230957085
2025-09-28,HAR-RV-J-H,3,-8.240112062129832,-8.095793488377458,-0.14431857375237378
2025-09-29,HAR-RV-J-H,3,-8.296715658902626,-8.499529775997058,0.20281411709443198
2025-09-30,HAR-RV-J-H,3,-7.823921809963694,-8.592141933583626,0.7682201236199324
2025-10-01,HAR-RV-J-H,3,-9.45214532988536,-8.723287794465815,-0.7288575354195448
2025-10-02,HAR-RV-J-H,3,-7.695218782358524,-8.713580325887019,1.0183615435284947
2025-10-03,HAR-RV-J-H,3,-8.01510033381816,-8.419605678353937,0.404505344535778
2025-10-04,HAR-RV-J-H,3,-7.842639336975692,-8.21757456708885,0.37493523011315766
2025-10-05,HAR-RV-J-H,3,-8.002081163490216,-8.121818246716003,0.1197370832257878
2025-10-06,HAR-RV-J-H,3,-8.012382804006961,-8.25663954034399,0.2442567363370287
2025-10-07,HAR-RV-J-H,3,-4.587612791666304,-8.28015689339351,3.692544101727206
2025-10-08,HAR-RV-J-H,3,-7.115722376608375,-8.194743106796974,1.0790207301885992
2025-10-09,HAR-RV-J-H,3,-7.1264281234111495,-8.23290568609141,1.1064775626802605
2025-10-10,HAR-RV-J-H,3,-7.601098600323596,-7.953085473253385,0.35198687292978903
2025-10-11,HAR-RV-J-H,3,-7.344241412122854,-7.485016427739185,0.140775015616331
2025-10-12,HAR-RV-J-H,3,-7.591723650096573,-7.5508642400616415,-0.04085941003493154
2025-10-13,HAR-RV-J-H,3,-6.905012356907999,-7.426583709003662,0.5215713520956626
2025-10-14,HAR-RV-J-H,3,-7.053262415309131,-7.238921005913852,0.18565859060472079
2025-10-15,HAR-RV-J-H,3,-8.645181515778779,-7.078155093876796,-1.567026421901983
2025-10-16,HAR-RV-J-H,3,-7.946925952270387,-7.598107540386786,-0.3488184118836015
2025-10-17,HAR-RV-J-H,3,-7.702435877483535,-7.602040302992599,-0.10039557449093639
2025-10-18,HAR-RV-J-H,3,-6.814365684609184,-7.5769437157344015,0.7625780311252175
2025-10-19,HAR-RV-J-H,3,-7.329678651800407,-7.442741271257882,0.11306261945747487
2025-10-20,HAR-RV-J-H,3,-7.503043703626393,-7.755952219916791,0.25290851629039857
2025-10-21,HAR-RV-J-H,3,-8.016664491858316,-7.8493469986126545,-0.1673174932456618
2025-10-22,HAR-RV-J-H,3,-9.436012357444428,-7.83370067793529,-1.602311679509138
2025-10-23,HAR-RV-J-H,3,-8.127811371886041,-7.9096889304908125,-0.21812244139522896
2025-10-24,HAR-RV-J-H,3,-8.31020361926275,-7.709731101177851,-0.6004725180849002
2025-10-25,HAR-RV-J-H,3,-7.874738990868753,-7.57231666133817,-0.30242232953058323
2025-10-26,HAR-RV-J-H,3,-7.054000148404952,-7.513442361503507,0.45944221309855493
2025-10-27,HAR-RV-J-H,3,-7.043093926149241,-8.11885912996852,1.0757652038192793
2025-10-28,HAR-RV-J-H,3,-7.299625987456839,-8.225911882449052,0.9262858949922137
2025-10-29,HAR-RV-J-H,3,-9.102269176611976,-8.269787242031441,-0.8324819345805352
2025-10-30,HAR-RV-J-H,3,-8.604699637140742,-8.134363501021543,-0.4703361361191991
2025-10-31,HAR-RV-J-H,3,-7.27163389114966,-7.840305002571368,0.5686711114217076
2025-11-01,HAR-RV-J-H,3,-6.542526955726167,-7.753686361006662,1.2111594052804948
2025-11-02,HAR-RV-J-H,3,-7.130332009579842,-7.314619804920727,0.18428779534088502
2025-11-03,HAR-RV-J-H,3,-7.168157359718235,-7.584405143980105,0.4162477842618699
2025-11-04,HAR-RV-J-H,3,-7.037002738488869,-7.832329011753432,0.7953262732645623
2025-11-05,HAR-RV-J-H,3,-8.218470766094887,-7.805711922488247,-0.41275884360663984
2025-11-06,HAR-RV-J-H,3,-7.88633221123335,-7.847650663732514,-0.03868154750083619
2025-11-07,HAR-RV-J-H,3,-7.707023434157362,-7.59969453342908,-0.10732890072828205
2025-11-08,HAR-RV-J-H,3,-7.4421296812380255,-7.359722970346612,-0.08240671089141394
2025-11-09,HAR-RV-J-H,3,-7.572570868483227,-7.233267844981907,-0.33930302350132013
2025-11-10,HAR-RV-J-H,3,-7.0002820840938105,-7.607641460633626,0.6073593765398151
2025-11-11,HAR-RV-J-H,3,-6.384560789541653,-7.779152840157726,1.3945920506160734
2025-11-12,HAR-RV-J-H,3,-7.714310407924918,-7.848107963409108,0.1337975554841897
2025-11-13,HAR-RV-J-H,3,-7.175102452523699,-7.87814065187382,0.7030381993501207
2025-11-14,HAR-RV-J-H,3,-6.993087708054424,-7.69002382564189,0.696936117587466
2025-11-15,HAR-RV-J-H,3,-6.75464809359329,-7.495562127425559,0.7409140338322686
2025-11-16,HAR-RV-J-H,3,-6.988105858772633,-7.397961584433866,0.4098557256612336
2025-11-17,HAR-RV-J-H,3,-6.842480066767818,-7.500687747947552,0.6582076811797339
2025-11-18,HAR-RV-J-H,3,-5.7867108645783665,-7.426821980412771,1.6401111158344044
2025-11-19,HAR-RV-J-H,3,-7.555518494073084,-7.410950720109612,-0.1445677739634723
2025-11-20,HAR-RV-J-H,3,-7.596708359678786,-7.498817045531801,-0.0978913141469846
2025-11-21,HAR-RV-J-H,3,-6.969901638005364,-7.311339958861936,0.34143832085657166
2025-11-22,HAR-RV-J-H,3,-7.231650335428167,-7.068182626912326,-0.16346770851584136
2025-11-23,HAR-RV-J-H,3,-7.364305501511629,-6.970116123471036,-0.3941893780405934
2025-11-24,HAR-RV-J-H,3,-7.879568199495125,-7.136378000933751,-0.7431901985613738
2025-11-25,HAR-RV-J-H,3,-7.694293783175389,-7.30259749377031,-0.39169628940507817
2025-11-26,HAR-RV-J-H,3,-8.832361523993656,-7.279734681669261,-1.5526268423243952
2025-11-27,HAR-RV-J-H,3,-8.56370363864505,-7.498049467278663,-1.0656541713663872
2025-11-28,HAR-RV-J-H,3,-6.7205038180139995,-7.391821951450332,0.6713181334363325
2025-11-29,HAR-RV-J-H,3,-7.166694063037643,-7.462100252456057,0.2954061894184141
2025-11-30,HAR-RV-J-H,3,-6.799725179739331,-7.528632222279261,0.7289070425399293
2025-12-01,HAR-RV-J-H,3,-7.278058894103278,-7.856372756720042,0.5783138626167634
2025-12-02,HAR-RV-J-H,3,-7.384608832790334,-7.899171240179455,0.5145624073891213
2025-12-03,HAR-RV-J-H,3,-8.780922005770533,-7.838443722231007,-0.9424782835395256
2025-12-04,HAR-RV-J-H,3,-7.414740413919735,-7.72216962502218,0.3074292111024448
2025-12-05,HAR-RV-J-H,3,-7.457035504573326,-7.513825606724692,0.05679010215136593
2025-12-06,HAR-RV-J-H,3,-7.256857420158548,-7.225053253067096,-0.03180416709145195
2025-12-07,HAR-RV-J-H,3,-7.058992929899828,-7.235372115037451,0.1763791851376224
2025-12-08,HAR-RV-J-H,3,-7.347794785273569,-7.624506322712469,0.2767115374389002
2025-12-09,HAR-RV-J-H,3,-7.561466219241837,-7.73975863006694,0.17829241082510272
2025-12-10,HAR-RV-J-H,3,-9.696511840594232,-7.740809262477993,-1.955702578116239
2025-12-11,HAR-RV-J-H,3,-8.293293428630856,-7.693729035753225,-0.5995643928776309
2025-12-12,HAR-RV-J-H,3,-7.227863026447627,-7.487781730464563,0.2599187040169353
2025-12-13,HAR-RV-J-H,3,-7.710960999236119,-7.4549092993179364,-0.25605169991818233
2025-12-14,HAR-RV-J-H,3,-6.682453263792524,-7.289634592258148,0.6071813284656242
2025-12-15,HAR-RV-J-H,3,-6.740374624315311,-7.853183796845694,1.1128091725303833
2025-12-16,HAR-RV-J-H,3,-7.020317942574881,-7.975806982641526,0.9554890400666451
2025-12-17,HAR-RV-J-H,3,-9.6115694039447,-8.045166694231593,-1.5664027097131061
2025-12-18,HAR-RV-J-H,3,-8.628519475678901,-7.94190430905494,-0.6866151666239615
2025-12-19,HAR-RV-J-H,3,-7.534308322325102,-7.556604484099122,0.02229616177401983
2025-12-20,HAR-RV-J-H,3,-7.663101554070803,-7.39153215177907,-0.27156940229173276
2025-12-21,HAR-RV-J-H,3,-8.228128764798534,-7.203281523449596,-1.0248472413489376
2025-12-22,HAR-RV-J-H,3,-8.643584150115842,-7.65325090810418,-0.990333242011662
2025-12-23,HAR-RV-J-H,3,-7.837277913270711,-8.048982762127284,0.2117048488565736
2025-12-24,HAR-RV-J-H,3,-10.1372374475085,-8.13486751027508,-2.0023699372334196
2024-06-29,HAR-RV-J-H,5,-6.7568326341271066,-7.891909917839993,1.1350772837128869
2024-06-30,HAR-RV-J-H,5,-6.028709939198225,-8.308962275052966,2.2802523358547413
2024-07-01,HAR-RV-J-H,5,-7.82183717488344,-8.230388761970886,0.4085515870874463
2024-07-02,HAR-RV-J-H,5,-7.599232953126869,-8.24050563049698,0.641272677370111
2024-07-03,HAR-RV-J-H,5,-6.2016000220281144,-8.373478449547264,2.1718784275191494
2024-07-04,HAR-RV-J-H,5,-7.13201098663784,-8.0219105385866,0.8898995519487594
2024-07-05,HAR-RV-J-H,5,-7.364155934126495,-7.517199231807515,0.15304329768102054
2024-07-06,HAR-RV-J-H,5,-6.970855511693713,-7.183373948374005,0.21251843668029125
2024-07-07,HAR-RV-J-H,5,-7.461112349654011,-7.6835126454503895,0.22240029579637888
2024-07-08,HAR-RV-J-H,5,-8.001579020126183,-7.569427974230665,-0.4321510458955178
2024-07-09,HAR-RV-J-H,5,-7.503141944073601,-7.154959158412891,-0.34818278566071026
2024-07-10,HAR-RV-J-H,5,-7.10151927124952,-7.423675080800466,0.3221558095509458
2024-07-11,HAR-RV-J-H,5,-6.8751174522895955,-7.5338444841142485,0.658727031824653
2024-07-12,HAR-RV-J-H,5,-7.273310670983561,-7.381705777081626,0.10839510609806524
2024-07-13,HAR-RV-J-H,5,-7.590004120123674,-7.450701154206794,-0.13930296591688052
2024-07-14,HAR-RV-J-H,5,-7.361953880672214,-7.720774421816102,0.3588205411438876
2024-07-15,HAR-RV-J-H,5,-8.183252874840827,-7.666818257894017,-0.5164346169468095
2024-07-16,HAR-RV-J-H,5,-7.540508981035038,-7.533381706719285,-0.007127274315752885
2024-07-17,HAR-RV-J-H,5,-7.831068909072291,-7.36027722244056,-0.4707916866317312
2024-07-18,HAR-RV-J-H,5,-7.504319171318432,-7.41029564395133,-0.09402352736710196
2024-07-19,HAR-RV-J-H,5,-7.715830478728725,-7.409354069028409,-0.3064764097003154
2024-07-20,HAR-RV-J-H,5,-7.1111013620300145,-7.36019293316929,0.24909157113927538
2024-07-21,HAR-RV-J-H,5,-7.731151246587125,-7.5943221557091105,-0.1368290908780141
2024-07-22,HAR-RV-J-H,5,-6.6745965844828605,-7.56307491377812,0.8884783292952596
2024-07-23,HAR-RV-J-H,5,-8.297723232050007,-7.656972183428694,-0.640751048621313
2024-07-24,HAR-RV-J-H,5,-7.220642471062432,-7.557503020168646,0.33686054910621355
2024-07-25,HAR-RV-J-H,5,-7.567743991658627,-7.644707606783285,0.07696361512465799
2024-07-26,HAR-RV-J-H,5,-7.537578973039193,-7.350952336329298,-0.186626636709895
2024-07-27,HAR-RV-J-H,5,-7.134693601377736,-7.4677497204902865,0.33305611911255095
2024-07-28,HAR-RV-J-H,5,-6.728020741506768,-7.010295601209242,0.2822748597024738
2024-07-29,HAR-RV-J-H,5,-7.102715268773577,-7.452549053281825,0.349833784508248
2024-07-30,HAR-RV-J-H,5,-6.901570663299103,-7.221504951530276,0.3199342882311731
2024-07-31,HAR-RV-J-H,5,-4.331832929576587,-7.31447762300665,2.982644693430063
2024-08-01,HAR-RV-J-H,5,-6.129507554817753,-7.294697404341496,1.1651898495237427
2024-08-02,HAR-RV-J-H,5,-6.56821202032419,-7.244239079845511,0.6760270595213207
2024-08-03,HAR-RV-J-H,5,-5.881456842610719,-7.026711544551138,1.1452547019404191
2024-08-04,HAR-RV-J-H,5,-6.5521594278707,-7.152925187473434,0.6007657596027336
2024-08-05,HAR-RV-J-H,5,-8.164746233335169,-7.0556284661713455,-1.1091177671638235
2024-08-06,HAR-RV-J-H,5,-7.347966273268356,-6.13272208342612,-1.2152441898422364
2024-08-07,HAR-RV-J-H,5,-6.301581779560638,-6.652083730913757,0.35050195135311935
2024-08-08,HAR-RV-J-H,5,-7.032064393779834,-6.701496250803619,-0.3305681429762144
2024-08-09,HAR-RV-J-H,5,-7.145182948564176,-6.469819425200759,-0.6753635233634165
2024-08-10,HAR-RV-J-H,5,-6.782869713050387,-6.572856214313086,-0.21001349873730124
2024-08-11,HAR-RV-J-H,5,-6.993243057300741,-7.251509404214089,0.2582663469133486
2024-08-12,HAR-RV-J-H,5,-8.93414336978374,-7.224077226716405,-1.7100661430673352
2024-08-13,HAR-RV-J-H,5,-8.090430304827276,-6.964286018307113,-1.1261442865201632
2024-08-14,HAR-RV-J-H,5,-7.395852713362074,-7.2562785946394985,-0.1395741187225754
2024-08-15,HAR-RV-J-H,5,-7.252727153074581,-7.3089302449786935,0.05620309190411277
2024-08-16,HAR-RV-J-H,5,-7.122737507461557,-7.119616137561042,-0.0031213699005148143
2024-08-17,HAR-RV-J-H,5,-7.663977474896019,-7.1121481652159435,-0.5518293096800759
2024-08-18,HAR-RV-J-H,5,-6.8510987312401355,-7.675197192083682,0.8240984608435467
2024-08-19,HAR-RV-J-H,5,-8.299722443510342,-7.576867793082018,-0.7228546504283244
2024-08-20,HAR-RV-J-H,5,-8.590906417273768,-7.457204366295066,-1.1337020509787017
2024-08-21,HAR-RV-J-H,5,-7.848062431939034,-7.447095473656865,-0.40096695828216955
2024-08-22,HAR-RV-J-H,5,-6.578074293173222,-7.435637351757082,0.8575630585838603
2024-08-23,HAR-RV-J-H,5,-6.625319225980788,-7.51150934466995,0.8861901186891616
2024-08-24,HAR-RV-J-H,5,-7.220716390846805,-7.193384110484098,-0.02733228036270674
2024-08-25,HAR-RV-J-H,5,-7.355348084977686,-7.530562904565476,0.17521481958778917
2024-08-26,HAR-RV-J-H,5,-9.250891127347398,-7.708588316548583,-1.542302810798815
2024-08-27,HAR-RV-J-H,5,-7.427050700993551,-7.674752599018581,0.2477018980250305
2024-08-28,HAR-RV-J-H,5,-7.578986184704846,-7.092513870165546,-0.4864723145392995
2024-08-29,HAR-RV-J-H,5,-7.813351757199836,-7.144318983700671,-0.6690327734991648
2024-08-30,HAR-RV-J-H,5,-6.5034602127886165,-7.280473710766076,0.7770134979774594
2024-08-31,HAR-RV-J-H,5,-6.940360945467537,-7.2160347430612335,0.27567379759369626
2024-09-01,HAR-RV-J-H,5,-6.522114937682515,-7.659060448517308,1.136945510834793
2024-09-02,HAR-RV-J-H,5,-8.259113009436971,-7.460274759450622,-0.7988382499863498
2024-09-03,HAR-RV-J-H,5,-7.6986759889953715,-7.615069839757834,-0.08360614923753751
2024-09-04,HAR-RV-J-H,5,-7.142083192560166,-7.686902966862919,0.544819774302753
2024-09-05,HAR-RV-J-H,5,-7.454039970224542,-7.286219437581539,-0.16782053264300334
2024-09-06,HAR-RV-J-H,5,-6.9566648361472945,-7.2969824858801005,0.340317649732806
2024-09-07,HAR-RV-J-H,5,-7.375311173852939,-7.139959141783739,-0.2353520320692004
2024-09-08,HAR-RV-J-H,5,-7.641682246432809,-7.558565093367799,-0.08311715306501011
2024-09-09,HAR-RV-J-H,5,-8.772444578271369,-7.4619123008054675,-1.3105322774659012
2024-09-10,HAR-RV-J-H,5,-8.222190817885775,-7.470133941945229,-0.7520568759405455
2024-09-11,HAR-RV-J-H,5,-7.505284819602623,-7.58175311190017,0.07646829229754726
2024-09-12,HAR-RV-J-H,5,-7.206662096750963,-7.4653329393583965,0.2586708426074331
2024-09-13,HAR-RV-J-H,5,-7.000512980515621,-7.48266803296453,0.4821550524489089
2024-09-14,HAR-RV-J-H,5,-7.40385524870723,-7.5169973461155415,0.11314209740831149
2024-09-15,HAR-RV-J-H,5,-7.62533614746632,-7.80912831874643,0.1837921712801105
2024-09-16,HAR-RV-J-H,5,-9.118912980170885,-7.790899416160289,-1.328013564010596
2024-09-17,HAR-RV-J-H,5,-8.210854186197356,-7.708151898570921,-0.5027022876264349
2024-09-18,HAR-RV-J-H,5,-7.594933488516639,-7.627501109819051,0.03256762130241242
2024-09-19,HAR-RV-J-H,5,-7.695982377007085,-7.463854918555844,-0.23212745845124072
2024-09-20,HAR-RV-J-H,5,-7.912236774178686,-7.430248816575282,-0.48198795760340385
2024-09-21,HAR-RV-J-H,5,-7.548593418115738,-7.417742298534131,-0.13085111958160667
2024-09-22,HAR-RV-J-H,5,-8.156771512470494,-7.814677789165774,-0.34209372330471943
2024-09-23,HAR-RV-J-H,5,-9.137411157807458,-7.795946977211263,-1.341464180596195
2024-09-24,HAR-RV-J-H,5,-9.22010927366513,-7.736433085981403,-1.4836761876837272
2024-09-25,HAR-RV-J-H,5,-7.657672162115085,-7.781763699988516,0.12409153787343108
2024-09-26,HAR-RV-J-H,5,-7.16418081548918,-7.8632135492267885,0.6990327337376083
2024-09-27,HAR-RV-J-H,5,-6.873239201215958,-7.5693778988023785,0.6961386975864201
2024-09-28,HAR-RV-J-H,5,-7.372161845921349,-7.673905998113191,0.3017441521918416
2024-09-29,HAR-RV-J-H,5,-7.762377171311247,-7.942819324679013,0.1804421533677658
2024-09-30,HAR-RV-J-H,5,-9.410517858234718,-8.109520340045187,-1.300997518189531
2024-10-01,HAR-RV-J-H,5,-8.859802514595454,-7.775572797249739,-1.0842297173457158
2024-10-02,HAR-RV-J-H,5,-7.354846982929903,-7.639744336367259,0.2848973534373558
2024-10-03,HAR-RV-J-H,5,-7.717832727168758,-7.515491942769345,-0.2023407843994125
2024-10-04,HAR-RV-J-H,5,-7.9430170498383745,-7.530596361209003,-0.4124206886293713
2024-10-05,HAR-RV-J-H,5,-7.587117550241822,-7.5111547366050955,-0.07596281363672652
2024-10-06,HAR-RV-J-H,5,-7.8173580785041725,-7.967088719384609,0.14973064088043664
2024-10-07,HAR-RV-J-H,5,-8.746814229333626,-8.088449553569516,-0.6583646757641102
2024-10-08,HAR-RV-J-H,5,-8.44461347063351,-7.864098443629708,-0.5805150270038011
2024-10-09,HAR-RV-J-H,5,-7.511216222523129,-7.991217325364281,0.48000110284115216
2024-10-10,HAR-RV-J-H,5,-6.879154515339575,-8.023262206516057,1.1441076911764814
2024-10-11,HAR-RV-J-H,5,-7.561391084229369,-7.75861008874034,0.19721900451097163
2024-10-12,HAR-RV-J-H,5,-7.954807249048968,-7.744117113142054,-0.21069013590691377
2024-10-13,HAR-RV-J-H,5,-7.899727601495052,-8.062944060746794,0.16321645925174177
2024-10-14,HAR-RV-J-H,5,-9.798785632524316,-8.101737686877376,-1.6970479456469398
2024-10-15,HAR-RV-J-H,5,-9.000277471682907,-7.8745724749511234,-1.1257049967317831
2024-10-16,HAR-RV-J-H,5,-7.724745468477852,-7.655108115612115,-0.0696373528657368
2024-10-17,HAR-RV-J-H,5,-7.774179791525233,-7.822284902429913,0.048105110904679727
2024-10-18,HAR-RV-J-H,5,-7.863362515397026,-7.83936130708373,-0.024001208313295663
2024-10-19,HAR-RV-J-H,5,-8.018551193752419,-7.768012263512674,-0.2505389302397454
2024-10-20,HAR-RV-J-H,5,-6.898530866282754,-8.302194778945633,1.4036639126628794
2024-10-21,HAR-RV-J-H,5,-8.921658190779526,-8.413988626408429,-0.5076695643710973
2024-10-22,HAR-RV-J-H,5,-9.079636360099444,-8.149863770204885,-0.9297725898945597
2024-10-23,HAR-RV-J-H,5,-7.784069601964099,-8.112602148113542,0.32853254614944305
2024-10-24,HAR-RV-J-H,5,-7.368623299413477,-8.05755309424082,0.6889297948273434
2024-10-25,HAR-RV-J-H,5,-7.512997901045132,-7.908506330983775,0.39550842993864244
2024-10-26,HAR-RV-J-H,5,-7.671750079550882,-7.448766359575439,-0.22298371997544297
2024-10-27,HAR-RV-J-H,5,-6.998467037027406,-8.018328367998631,1.0198613309712252
2024-10-28,HAR-RV-J-H,5,-8.813773417610177,-8.194331834277186,-0.6194415833329909
2024-10-29,HAR-RV-J-H,5,-7.784664629556363,-7.98290931328808,0.19824468373171733
2024-10-30,HAR-RV-J-H,5,-7.509206844606907,-7.771118899949946,0.2619120553430392
2024-10-31,HAR-RV-J-H,5,-7.320254941313007,-7.866820754269684,0.5465658129566764
2024-11-01,HAR-RV-J-H,5,-6.357178323463686,-7.822082419246142,1.4649040957824555
2024-11-02,HAR-RV-J-H,5,-7.505193457512192,-7.480243047885594,-0.024950409626598002
2024-11-03,HAR-RV-J-H,5,-7.882091528500882,-7.935244945809547,0.05315341730866496
2024-11-04,HAR-RV-J-H,5,-8.951124037321541,-7.859114320299324,-1.0920097170222176
2024-11-05,HAR-RV-J-H,5,-6.982350958300895,-7.824707275223245,0.8423563169223502
2024-11-06,HAR-RV-J-H,5,-6.610143513022823,-7.724223850391756,1.1140803373689332
2024-11-07,HAR-RV-J-H,5,-5.89742196217559,-7.367059999140215,1.469638036964625
2024-11-08,HAR-RV-J-H,5,-5.970825445834223,-7.580841853377722,1.6100164075434984
2024-11-09,HAR-RV-J-H,5,-6.298780197423048,-7.6386403754583165,1.3398601780352681
2024-11-10,HAR-RV-J-H,5,-6.69026855754187,-7.942993617619547,1.252725060077677
2024-11-11,HAR-RV-J-H,5,-7.962925402749825,-7.560403671045097,-0.40252173170472805
2024-11-12,HAR-RV-J-H,5,-7.719913234094788,-7.553082059663742,-0.16683117443104578
2024-11-13,HAR-RV-J-H,5,-6.813641525214108,-7.204048425954993,0.390406900740885
2024-11-14,HAR-RV-J-H,5,-7.123061515534054,-7.077498331322579,-0.04556318421147498
2024-11-15,HAR-RV-J-H,5,-7.349584827177568,-6.975910478760633,-0.3736743484169356
2024-11-16,HAR-RV-J-H,5,-6.9277588146226785,-7.044690561198922,0.11693174657624361
2024-11-17,HAR-RV-J-H,5,-7.639603303246092,-7.335128855239226,-0.3044744480068662
2024-11-18,HAR-RV-J-H,5,-8.458730870211758,-7.545810901692464,-0.9129199685192937
2024-11-19,HAR-RV-J-H,5,-7.906636805257383,-7.504570921540118,-0.40206588371726504
2024-11-20,HAR-RV-J-H,5,-6.845783544407805,-7.62071141398124,0.7749278695734354
2024-11-21,HAR-RV-J-H,5,-6.704121318827724,-7.671982320854335,0.967861002026611
2024-11-22,HAR-RV-J-H,5,-7.421131408187987,-7.432119799049469,0.010988390861482067
2024-11-23,HAR-RV-J-H,5,-7.777480941685613,-7.550069368122941,-0.22741157356267205
2024-11-24,HAR-RV-J-H,5,-7.7915055329164575,-7.79532598309399,0.0038204501775327415
2024-11-25,HAR-RV-J-H,5,-8.944575839059315,-7.78933288120719,-1.155242957852125
2024-11-26,HAR-RV-J-H,5,-8.526681786585359,-7.498827095511522,-1.0278546910738369
2024-11-27,HAR-RV-J-H,5,-7.2277762188452845,-7.457168243507152,0.22939202466186703
2024-11-28,HAR-RV-J-H,5,-7.477860175072574,-7.630135920392223,0.15227574531964905
2024-11-29,HAR-RV-J-H,5,-7.352016227925319,-7.526532202679605,0.1745159747542857
2024-11-30,HAR-RV-J-H,5,-5.520755763032788,-7.52776865907755,2.0070128960447615
2024-12-01,HAR-RV-J-H,5,-7.056676956855624,-7.9280843815818764,0.8714074247262529
2024-12-02,HAR-RV-J-H,5,-8.28612317218258,-8.083154722723787,-0.20296844945879222
2024-12-03,HAR-RV-J-H,5,-8.152794625419403,-7.721904481947697,-0.4308901434717063
2024-12-04,HAR-RV-J-H,5,-6.452164940538162,-7.70707765757763,1.2549127170394678
2024-12-05,HAR-RV-J-H,5,-6.668355412158304,-7.536850815664048,0.8684954035057437
2024-12-06,HAR-RV-J-H,5,-7.380414836630238,-6.745220169326875,-0.635194667303363
2024-12-07,HAR-RV-J-H,5,-7.347004798406336,-7.094374438152239,-0.2526303602540967
2024-12-08,HAR-RV-J-H,5,-7.800269430130499,-7.42186478551075,-0.3784046446197493
2024-12-09,HAR-RV-J-H,5,-8.329129180116265,-7.500030121720546,-0.8290990583957187
2024-12-10,HAR-RV-J-H,5,-7.954173621957407,-7.135757230116753,-0.8184163918406542
2024-12-11,HAR-RV-J-H,5,-7.167863912303163,-7.371992359607316,0.2041284473041527
2024-12-12,HAR-RV-J-H,5,-7.46114260237137,-7.586247912313116,0.12510530994174562
2024-12-13,HAR-RV-J-H,5,-6.653480385951037,-7.497314923421959,0.8438345374709213
2024-12-14,HAR-RV-J-H,5,-6.215955295754829,-7.512796576176948,1.296841280422119
2024-12-15,HAR-RV-J-H,5,-6.2286006577328035,-7.796198112088701,1.567597454355898
2024-12-16,HAR-RV-J-H,5,-7.472773492215739,-7.896401038885812,0.4236275466700725
2024-12-17,HAR-RV-J-H,5,-7.349660055218582,-7.692588742365588,0.34292868714700653
2024-12-18,HAR-RV-J-H,5,-6.8404400613287955,-7.728988596599833,0.8885485352710374
2024-12-19,HAR-RV-J-H,5,-7.374187208078972,-7.373659323906073,-0.0005278841728992845
2024-12-20,HAR-RV-J-H,5,-7.715762789103233,-7.13760135505324,-0.578161434049993
2024-12-21,HAR-RV-J-H,5,-7.307697534873444,-7.048532801219062,-0.25916473365438275
2024-12-22,HAR-RV-J-H,5,-7.106588924470662,-7.3607761992521565,0.2541872747814944
2024-12-23,HAR-RV-J-H,5,-8.634132442724063,-7.345954602138494,-1.2881778405855693
2024-12-24,HAR-RV-J-H,5,-8.326756050975344,-7.3404315339441295,-0.9863245170312149
2024-12-25,HAR-RV-J-H,5,-7.3543943334481,-7.498543485000672,0.1441491515525719
2024-12-26,HAR-RV-J-H,5,-7.276893060792656,-7.663549794001151,0.38665673320849514
2024-12-27,HAR-RV-J-H,5,-8.238782332690736,-7.54107455204974,-0.6977077806409957
2024-12-28,HAR-RV-J-H,5,-7.367896287600902,-7.3285562468329575,-0.03934004076794473
2024-12-29,HAR-RV-J-H,5,-8.097617541330267,-7.726392817655706,-0.37122472367456094
2024-12-30,HAR-RV-J-H,5,-9.19804542909942,-7.767847599498954,-1.4301978296004654
2024-12-31,HAR-RV-J-H,5,-8.787325094170878,-7.548740216963438,-1.2385848772074404
2025-01-01,HAR-RV-J-H,5,-7.415021751205516,-7.481876060467108,0.06685430926159253
2025-01-02,HAR-RV-J-H,5,-7.590481289361926,-7.742488511984688,0.15200722262276223
2025-01-03,HAR-RV-J-H,5,-6.90681582272137,-7.4663592235139316,0.5595434007925615
2025-01-04,HAR-RV-J-H,5,-6.968115739055578,-7.609066385189416,0.6409506461338381
2025-01-05,HAR-RV-J-H,5,-6.709305206835529,-7.953262838114506,1.2439576312789775
2025-01-06,HAR-RV-J-H,5,-8.995729032967116,-8.059901569939719,-0.9358274630273975
2025-01-07,HAR-RV-J-H,5,-8.852150045924287,-7.694102815884406,-1.1580472300398803
2025-01-08,HAR-RV-J-H,5,-6.553319507908563,-7.7488271870882475,1.1955076791796841
2025-01-09,HAR-RV-J-H,5,-7.303486208762694,-7.478918715127906,0.17543250636521268
2025-01-10,HAR-RV-J-H,5,-7.312096925574036,-7.311364634935352,-0.0007322906386839634
2025-01-11,HAR-RV-J-H,5,-7.391486709026281,-7.042110676554392,-0.34937603247188864
2025-01-12,HAR-RV-J-H,5,-7.511145310148465,-7.568275167217044,0.05712985706857854
2025-01-13,HAR-RV-J-H,5,-7.438401020768668,-7.709016702660043,0.27061568189137475
2025-01-14,HAR-RV-J-H,5,-6.148112404271952,-7.288857587541347,1.1407451832693951
2025-01-15,HAR-RV-J-H,5,-5.214773987217453,-7.583931766063245,2.369157778845792
2025-01-16,HAR-RV-J-H,5,-6.34915971482197,-7.660386732067639,1.3112270172456695
2025-01-17,HAR-RV-J-H,5,-7.594519813201731,-7.595996601251742,0.0014767880500112796
2025-01-18,HAR-RV-J-H,5,-5.989812005402478,-7.502561241504898,1.5127492361024197
2025-01-19,HAR-RV-J-H,5,-7.355564283258395,-7.6336758889035075,0.2781116056451127
2025-01-20,HAR-RV-J-H,5,-8.788612678268954,-7.224125182344466,-1.5644874959244888
2025-01-21,HAR-RV-J-H,5,-8.623226788453762,-6.879299210460881,-1.7439275779928805
2025-01-22,HAR-RV-J-H,5,-6.548166225847454,-7.137332386571608,0.5891661607241545
2025-01-23,HAR-RV-J-H,5,-7.335119722465245,-7.308076695811428,-0.02704302665381686
2025-01-24,HAR-RV-J-H,5,-7.350021545427285,-6.908963118991789,-0.44105842643549575
2025-01-25,HAR-RV-J-H,5,-7.86523565131056,-7.2889386841506925,-0.5762969671598679
2025-01-26,HAR-RV-J-H,5,-7.64515655585875,-7.931049499642368,0.28589294378361796
2025-01-27,HAR-RV-J-H,5,-8.395509658549456,-8.114520641098256,-0.28098901745119953
2025-01-28,HAR-RV-J-H,5,-7.035755186208709,-7.608821143208238,0.5730659569995291
2025-01-29,HAR-RV-J-H,5,-5.95199845728886,-7.859733621640926,1.907735164352066
2025-01-30,HAR-RV-J-H,5,-6.579587906443687,-7.808864836265011,1.2292769298213235
2025-01-31,HAR-RV-J-H,5,-7.222214210843608,-7.757976900547945,0.5357626897043373
2025-02-01,HAR-RV-J-H,5,-7.456911400328808,-7.577970427337212,0.12105902700840421
2025-02-02,HAR-RV-J-H,5,-7.097257483150888,-7.892862122481134,0.7956046393302456
2025-02-03,HAR-RV-J-H,5,-8.810076811866075,-7.6166883645796775,-1.1933884472863978
2025-02-04,HAR-RV-J-H,5,-8.10773415201615,-7.268274486178143,-0.8394596658380067
2025-02-05,HAR-RV-J-H,5,-7.786812840962016,-7.267538563005192,-0.519274277956824
2025-02-06,HAR-RV-J-H,5,-8.095685364957285,-7.35878252635777,-0.7369028385995149
2025-02-07,HAR-RV-J-H,5,-6.962691557561749,-7.276617999650604,0.3139264420888548
2025-02-08,HAR-RV-J-H,5,-7.850939573833918,-7.2776555497820015,-0.5732840240519161
2025-02-09,HAR-RV-J-H,5,-7.6048640411791055,-7.8962772620163975,0.29141322083729193
2025-02-10,HAR-RV-J-H,5,-9.31204237724052,-7.967114414713565,-1.3449279625269543
2025-02-11,HAR-RV-J-H,5,-9.354075786569943,-7.876591356470333,-1.4774844300996106
2025-02-12,HAR-RV-J-H,5,-8.328308753403542,-7.859888178015259,-0.46842057538828286
2025-02-13,HAR-RV-J-H,5,-7.735386570485104,-7.560227748379818,-0.17515882210528577
2025-02-14,HAR-RV-J-H,5,-8.074161026658576,-7.722967086085532,-0.35119394057304376
2025-02-15,HAR-RV-J-H,5,-8.388064413225592,-7.626702319229879,-0.7613620939957135
2025-02-16,HAR-RV-J-H,5,-7.422492670788367,-8.017872521651096,0.595379850862729
2025-02-17,HAR-RV-J-H,5,-9.351071668633756,-8.133568341543091,-1.2175033270906646
2025-02-18,HAR-RV-J-H,5,-9.327182940847992,-8.17108987658046,-1.156093064267532
2025-02-19,HAR-RV-J-H,5,-7.366790273234517,-7.929343350666367,0.5625530774318506
2025-02-20,HAR-RV-J-H,5,-6.241011939761488,-8.021938154854027,1.7809262150925393
2025-02-21,HAR-RV-J-H,5,-6.08442226100039,-8.018961442491928,1.9345391814915383
2025-02-22,HAR-RV-J-H,5,-6.878853344044446,-7.6465165627206675,0.7676632186762218
2025-02-23,HAR-RV-J-H,5,-5.588570041559089,-8.09963547666117,2.511065435102081
2025-02-24,HAR-RV-J-H,5,-7.482186017843935,-8.297343570910208,0.8151575530662729
2025-02-25,HAR-RV-J-H,5,-6.026685262486463,-7.825068262457387,1.798382999970924
2025-02-26,HAR-RV-J-H,5,-6.005721130764149,-7.2746280726429084,1.2689069418787593
2025-02-27,HAR-RV-J-H,5,-5.832575425345344,-7.149878450412319,1.317303025066975
2025-02-28,HAR-RV-J-H,5,-6.528431978871631,-7.206244188188492,0.677812209316861
2025-03-01,HAR-RV-J-H,5,-6.412729998936713,-6.609176798570127,0.1964467996334145
2025-03-02,HAR-RV-J-H,5,-5.651155219226064,-7.095474903489801,1.4443196842637365
2025-03-03,HAR-RV-J-H,5,-7.82002049036847,-6.9814853005875195,-0.8385351897809503
2025-03-04,HAR-RV-J-H,5,-7.116223896566312,-7.11671211407223,0.0004882175059179872
2025-03-05,HAR-RV-J-H,5,-5.949376876735946,-7.024247127225225,1.0748702504892789
2025-03-06,HAR-RV-J-H,5,-6.2051256349718855,-7.32206872613453,1.1169430911626446
2025-03-07,HAR-RV-J-H,5,-6.9226794457074154,-7.130548075309938,0.2078686296025225
2025-03-08,HAR-RV-J-H,5,-7.250092425539886,-6.946676163434952,-0.30341626210493455
2025-03-09,HAR-RV-J-H,5,-7.447118934719969,-7.484711368642571,0.03759243392260192
2025-03-10,HAR-RV-J-H,5,-8.898459551988159,-7.522187892193509,-1.37627165979465
2025-03-11,HAR-RV-J-H,5,-7.329432996679352,-7.2033431844447,-0.12608981223465232
2025-03-12,HAR-RV-J-H,5,-7.67080326390782,-7.232649571322781,-0.4381536925850389
2025-03-13,HAR-RV-J-H,5,-7.616041619926752,-7.459657671619529,-0.1563839483072229
2025-03-14,HAR-RV-J-H,5,-7.472221310413124,-7.411610798089175,-0.060610512323949095
2025-03-15,HAR-RV-J-H,5,-7.439639310421675,-7.4689992218089465,0.029359911387271787
2025-03-16,HAR-RV-J-H,5,-7.976296204139535,-7.926227910794571,-0.05006829334496388
2025-03-17,HAR-RV-J-H,5,-9.81200323221424,-7.798612562385078,-2.0133906698291613
2025-03-18,HAR-RV-J-H,5,-8.77472856117907,-7.921430083676855,-0.8532984775022161
2025-03-19,HAR-RV-J-H,5,-7.738805643991428,-7.835555190550116,0.09674954655868806
2025-03-20,HAR-RV-J-H,5,-7.907900185694711,-7.64791649271839,-0.25998369297632085
2025-03-21,HAR-RV-J-H,5,-7.926440425992742,-7.426092692630904,-0.5003477333618376
2025-03-22,HAR-RV-J-H,5,-8.15773669999174,-7.567777101905267,-0.5899595980864722
2025-03-23,HAR-RV-J-H,5,-7.842789124023152,-7.91762170900187,0.0748325849787177
2025-03-24,HAR-RV-J-H,5,-8.003994184702773,-7.9159130061116585,-0.0880811785911142
2025-03-25,HAR-RV-J-H,5,-8.165887428032145,-7.717082027528979,-0.44880540050316586
2025-03-26,HAR-RV-J-H,5,-7.254418259891095,-7.758151340810251,0.5037330809191563
2025-03-27,HAR-RV-J-H,5,-7.756757128271761,-7.727005249800194,-0.029751878471566684
2025-03-28,HAR-RV-J-H,5,-6.587482790091052,-7.69747706934639,1.1099942792553383
2025-03-29,HAR-RV-J-H,5,-7.252194880144823,-7.567801474748987,0.31560659460416396
2025-03-30,HAR-RV-J-H,5,-6.63516370951007,-7.659806552754305,1.0246428432442354
2025-03-31,HAR-RV-J-H,5,-8.681969956851141,-7.764341662118655,-0.9176282947324861
2025-04-01,HAR-RV-J-H,5,-7.188412492677708,-7.549248674858553,0.36083618218084546
2025-04-02,HAR-RV-J-H,5,-5.629049006791348,-7.608544962750483,1.979495955959135
2025-04-03,HAR-RV-J-H,5,-6.933967406336497,-7.183821899321385,0.2498544929848885
2025-04-04,HAR-RV-J-H,5,-5.92065466170989,-7.318385559449623,1.3977308977397325
2025-04-05,HAR-RV-J-H,5,-7.031037787314499,-7.039000634300346,0.007962846985846816
2025-04-06,HAR-RV-J-H,5,-7.032090018849573,-7.5706828590148625,0.5385928401652897
2025-04-07,HAR-RV-J-H,5,-7.79990038655869,-7.308397415672577,-0.4915029708861134
2025-04-08,HAR-RV-J-H,5,-7.287263687197286,-6.898029431096933,-0.38923425610035345
2025-04-09,HAR-RV-J-H,5,-7.167014962280521,-7.231624074415049,0.06460911213452825
2025-04-10,HAR-RV-J-H,5,-7.777788884630375,-6.936464599484543,-0.8413242851458325
2025-04-11,HAR-RV-J-H,5,-7.413189676387737,-7.037374486254603,-0.37581519013313436
2025-04-12,HAR-RV-J-H,5,-8.268721841318316,-7.0289652553887425,-1.2397565859295732
2025-04-13,HAR-RV-J-H,5,-9.681279444888752,-7.474383762534457,-2.2068956823542942
2025-04-14,HAR-RV-J-H,5,-9.171548905690758,-7.436319538837863,-1.7352293668528942
2025-04-15,HAR-RV-J-H,5,-9.01552740253416,-7.61214312591016,-1.4033842766239992
2025-04-16,HAR-RV-J-H,5,-7.457356285992482,-7.70791803615342,0.25056175016093807
2025-04-17,HAR-RV-J-H,5,-6.979201722253075,-7.627153236300639,0.6479515140475645
2025-04-18,HAR-RV-J-H,5,-7.403345870725576,-7.740110805146989,0.33676493442141275
2025-04-19,HAR-RV-J-H,5,-8.021045389721651,-8.136642056553267,0.11559666683161574
2025-04-20,HAR-RV-J-H,5,-7.797960553044787,-8.23585302555123,0.4378924725064426
2025-04-21,HAR-RV-J-H,5,-8.912576429259436,-8.316894689045537,-0.5956817402138999
2025-04-22,HAR-RV-J-H,5,-8.579169330655771,-7.925861574357026,-0.6533077562987453
2025-04-23,HAR-RV-J-H,5,-7.92097208375074,-7.636640771524722,-0.2843313122260174
2025-04-24,HAR-RV-J-H,5,-8.087519781534887,-7.6084175731739805,-0.47910220836090645
2025-04-25,HAR-RV-J-H,5,-8.023455793775357,-7.591131451965249,-0.4323243418101077
2025-04-26,HAR-RV-J-H,5,-8.09456339337235,-7.469957023121452,-0.6246063702508984
2025-04-27,HAR-RV-J-H,5,-8.294066343106515,-7.842460554060889,-0.451605789045626
2025-04-28,HAR-RV-J-H,5,-9.46541060137628,-8.097698259886297,-1.3677123414899839
2025-04-29,HAR-RV-J-H,5,-8.596552100361416,-8.067220344812512,-0.5293317555489043
2025-04-30,HAR-RV-J-H,5,-8.166003817373237,-7.981864802435261,-0.18413901493797624
2025-05-01,HAR-RV-J-H,5,-8.013724640481898,-7.969283974573242,-0.04444066590865692
2025-05-02,HAR-RV-J-H,5,-7.894201229610753,-7.859038784017568,-0.035162445593185154
2025-05-03,HAR-RV-J-H,5,-7.474703553304063,-7.878408960505382,0.4037054072013193
2025-05-04,HAR-RV-J-H,5,-7.7544076279684,-8.20705953428834,0.45265190631994034
2025-05-05,HAR-RV-J-H,5,-8.51169203750711,-8.15692008028488,-0.3547719572222299
2025-05-06,HAR-RV-J-H,5,-7.894756830708296,-8.09032207772617,0.1955652470178748
2025-05-07,HAR-RV-J-H,5,-7.171315375183232,-8.036000276816045,0.8646849016328133
2025-05-08,HAR-RV-J-H,5,-7.898122089143746,-7.974211877796336,0.07608978865258997
2025-05-09,HAR-RV-J-H,5,-8.318310440418038,-7.735507202083788,-0.5828032383342503
2025-05-10,HAR-RV-J-H,5,-7.7147571999584414,-7.774396020088504,0.059638820130062165
2025-05-11,HAR-RV-J-H,5,-8.244800643227538,-7.947896456228362,-0.29690418699917664
2025-05-12,HAR-RV-J-H,5,-8.88548365814237,-7.912896052970107,-0.9725876051722624
2025-05-13,HAR-RV-J-H,5,-7.9130966647344225,-7.72343074157812,-0.18966592315630226
2025-05-14,HAR-RV-J-H,5,-7.475391981698435,-7.880901096996511,0.4055091152980763
2025-05-15,HAR-RV-J-H,5,-7.413492676031776,-7.858603934944836,0.4451112589130597
2025-05-16,HAR-RV-J-H,5,-6.9048202411259405,-7.651245254127976,0.7464250130020353
2025-05-17,HAR-RV-J-H,5,-7.5998782354004675,-7.7566666964348485,0.15678846103438104
2025-05-18,HAR-RV-J-H,5,-7.443883442529285,-8.051606762029534,0.6077233195002494
2025-05-19,HAR-RV-J-H,5,-8.225636513265073,-7.87969740928459,-0.34593910398048244
2025-05-20,HAR-RV-J-H,5,-8.196992018610825,-7.697252248618843,-0.4997397699919821
2025-05-21,HAR-RV-J-H,5,-8.288440304342084,-7.626886264855273,-0.6615540394868109
2025-05-22,HAR-RV-J-H,5,-7.940076582517803,-7.37593428653249,-0.5641422959853131
2025-05-23,HAR-RV-J-H,5,-8.336031186903472,-7.444514622040334,-0.8915165648631387
2025-05-24,HAR-RV-J-H,5,-7.769467517478563,-7.4231107459532035,-0.34635677152535926
2025-05-25,HAR-RV-J-H,5,-7.728674501465333,-7.645380788768547,-0.08329371269678632
2025-05-26,HAR-RV-J-H,5,-8.421598154519437,-7.769653272280067,-0.6519448822393699
2025-05-27,HAR-RV-J-H,5,-8.743472246073782,-7.991219354604984,-0.7522528914687987
2025-05-28,HAR-RV-J-H,5,-8.184430028615092,-7.930238350814128,-0.2541916778009634
2025-05-29,HAR-RV-J-H,5,-8.331213911925008,-8.017668777412123,-0.3135451345128857
2025-05-30,HAR-RV-J-H,5,-8.71279939743139,-7.804318033255684,-0.9084813641757057
2025-05-31,HAR-RV-J-H,5,-7.51988335958094,-7.72124729321663,0.20136393363568938
2025-06-01,HAR-RV-J-H,5,-8.345664194572562,-7.847133465773667,-0.4985307287988947
2025-06-02,HAR-RV-J-H,5,-9.05218826005398,-7.960011085679993,-1.0921771743739868
2025-06-03,HAR-RV-J-H,5,-9.384555576107418,-7.8863982361931155,-1.4981573399143029
2025-06-04,HAR-RV-J-H,5,-7.968985833169205,-7.943261234749319,-0.025724598419885503
2025-06-05,HAR-RV-J-H,5,-8.125005944838898,-8.106586246656605,-0.018419698182293942
2025-06-06,HAR-RV-J-H,5,-8.19082610478049,-7.747278500358802,-0.4435476044216875
2025-06-07,HAR-RV-J-H,5,-7.927023759209108,-7.9385655633283685,0.011541804119260313
2025-06-08,HAR-RV-J-H,5,-7.443188684929166,-8.091943349028778,0.648754664099612
2025-06-09,HAR-RV-J-H,5,-9.05726972859608,-8.218555672703143,-0.838714055892936
2025-06-10,HAR-RV-J-H,5,-8.953471985164441,-7.88130874432893,-1.0721632408355113
2025-06-11,HAR-RV-J-H,5,-8.110641264350848,-7.987988856158587,-0.12265240819226086
2025-06-12,HAR-RV-J-H,5,-7.806286485181062,-7.937925719913078,0.13163923473201677
2025-06-13,HAR-RV-J-H,5,-7.866192379807445,-7.728101548798914,-0.13809083100853048
2025-06-14,HAR-RV-J-H,5,-8.633468871743753,-7.5080013309596465,-1.1254675407841068
2025-06-15,HAR-RV-J-H,5,-7.900331132706684,-7.902468378670922,0.0021372459642376995
2025-06-16,HAR-RV-J-H,5,-7.967196587131996,-8.012693951812714,0.04549736468071863
2025-06-17,HAR-RV-J-H,5,-7.027680658640498,-7.921357812811366,0.8936771541708683
2025-06-18,HAR-RV-J-H,5,-7.236497370232764,-7.870163835377516,0.6336664651447519
2025-06-19,HAR-RV-J-H,5,-8.149886293035856,-7.9419337938519545,-0.20795249918390102
2025-06-20,HAR-RV-J-H,5,-8.176305065875129,-8.056933806593381,-0.1193712592817473
2025-06-21,HAR-RV-J-H,5,-8.376095118293176,-7.833672640289637,-0.5424224780035383
2025-06-22,HAR-RV-J-H,5,-8.542770722531861,-7.837375420898745,-0.705395301633116
2025-06-23,HAR-RV-J-H,5,-10.649971722513076,-7.593212970909883,-3.0567587516031933
2025-06-24,HAR-RV-J-H,5,-9.316586495538738,-7.63978183490258,-1.676804660636158
2025-06-25,HAR-RV-J-H,5,-8.62277199796468,-7.767600322755391,-0.8551716752092888
2025-06-26,HAR-RV-J-H,5,-8.642591743070529,-7.810415501273978,-0.8321762417965513
2025-06-27,HAR-RV-J-H,5,-8.308439939764494,-7.873051364809697,-0.4353885749547963
2025-06-28,HAR-RV-J-H,5,-8.29396771419438,-8.068419255465892,-0.22554845872848794
2025-06-29,HAR-RV-J-H,5,-8.898524051817713,-8.652256833010156,-0.24626721880755653
2025-06-30,HAR-RV-J-H,5,-9.987284347496226,-8.588869030144693,-1.3984153173515335
2025-07-01,HAR-RV-J-H,5,-9.36677210235694,-8.470365250845584,-0.8964068515113564
2025-07-02,HAR-RV-J-H,5,-8.713378263033814,-8.435047261415317,-0.278331001618497
2025-07-03,HAR-RV-J-H,5,-8.902586131499698,-8.28225969953164,-0.6203264319680581
2025-07-04,HAR-RV-J-H,5,-8.29417874240117,-8.10485650518664,-0.18932223721452957
2025-07-05,HAR-RV-J-H,5,-7.209350045659884,-8.160041582285086,0.950691536625202
2025-07-06,HAR-RV-J-H,5,-7.867944834377488,-8.425628411650205,0.5576835772727176
2025-07-07,HAR-RV-J-H,5,-9.356431837546369,-8.471232120995802,-0.8851997165505665
2025-07-08,HAR-RV-J-H,5,-8.773942349578554,-8.47031222354805,-0.3036301260305052
2025-07-09,HAR-RV-J-H,5,-7.481016702523509,-8.568135843721262,1.0871191411977525
2025-07-10,HAR-RV-J-H,5,-7.254884046098786,-8.331756638595927,1.076872592497141
2025-07-11,HAR-RV-J-H,5,-7.906106583346014,-7.832363995930811,-0.0737425874152029
2025-07-12,HAR-RV-J-H,5,-7.750043741635851,-7.868242571199605,0.11819882956375416
2025-07-13,HAR-RV-J-H,5,-7.925867888823022,-8.164740280382631,0.23887239155960938
2025-07-14,HAR-RV-J-H,5,-9.191851708958271,-8.11298824842388,-1.0788634605343912
2025-07-15,HAR-RV-J-H,5,-8.749889889500176,-7.819106717513099,-0.9307831719870769
2025-07-16,HAR-RV-J-H,5,-8.062198643566044,-7.847496731995739,-0.21470191157030438
2025-07-17,HAR-RV-J-H,5,-7.740429316317312,-8.02662277323605,0.28619345691873743
2025-07-18,HAR-RV-J-H,5,-8.047332828013449,-7.891319331278983,-0.15601349673446574
2025-07-19,HAR-RV-J-H,5,-8.253076728769177,-7.853935011498595,-0.3991417172705818
2025-07-20,HAR-RV-J-H,5,-7.605517370811197,-8.21661078633035,0.6110934155191527
2025-07-21,HAR-RV-J-H,5,-9.606954095499765,-8.38210324207545,-1.2248508534243143
2025-07-22,HAR-RV-J-H,5,-8.981033746649764,-8.300182839567757,-0.6808509070820072
2025-07-23,HAR-RV-J-H,5,-8.30508496766559,-8.175034060861016,-0.13005090680457343
2025-07-24,HAR-RV-J-H,5,-8.268215689597376,-8.19664862069428,-0.0715670689030965
2025-07-25,HAR-RV-J-H,5,-8.393240576178409,-8.114556729751296,-0.2786838464271124
2025-07-26,HAR-RV-J-H,5,-8.520230588607557,-7.877233468609174,-0.642997119998383
2025-07-27,HAR-RV-J-H,5,-7.533737412187012,-8.298174204803935,0.7644367926169231
2025-07-28,HAR-RV-J-H,5,-8.568970525996992,-8.39361164364032,-0.1753588823566723
2025-07-29,HAR-RV-J-H,5,-9.01457508878402,-8.334048466567939,-0.6805266222160817
2025-07-30,HAR-RV-J-H,5,-8.64759502280641,-8.286574845021097,-0.3610201777853135
2025-07-31,HAR-RV-J-H,5,-8.327990264931364,-8.36357300385826,0.03558273892689634
2025-08-01,HAR-RV-J-H,5,-8.51421068372607,-8.267639893183954,-0.2465707905421155
2025-08-02,HAR-RV-J-H,5,-8.532403748070708,-7.842445343142373,-0.6899584049283352
2025-08-03,HAR-RV-J-H,5,-8.651182815348951,-8.0596121116509,-0.5915707036980518
2025-08-04,HAR-RV-J-H,5,-9.32597851139552,-8.199976157791042,-1.1260023536044788
2025-08-05,HAR-RV-J-H,5,-8.441043602227696,-8.220408715229954,-0.22063488699774148
2025-08-06,HAR-RV-J-H,5,-7.811382584426513,-8.106849934303774,0.29546734987726175
2025-08-07,HAR-RV-J-H,5,-8.297044334912817,-8.214661029441881,-0.08238330547093575
2025-08-08,HAR-RV-J-H,5,-7.759195959681331,-8.196050777431612,0.4368548177502811
2025-08-09,HAR-RV-J-H,5,-6.9615054586384755,-8.191075081347146,1.22956962270867
2025-08-10,HAR-RV-J-H,5,-8.400633017404333,-8.322524855440896,-0.07810816196343673
2025-08-11,HAR-RV-J-H,5,-9.797853695149604,-8.205890135829588,-1.5919635593200159
2025-08-12,HAR-RV-J-H,5,-9.5559821565806,-8.001076697559387,-1.554905459021212
2025-08-13,HAR-RV-J-H,5,-8.156814886452334,-8.077854763505991,-0.07896012294634325
2025-08-14,HAR-RV-J-H,5,-8.142712241205171,-7.83436575441782,-0.3083464867873511
2025-08-15,HAR-RV-J-H,5,-8.113278831395304,-7.453363370720116,-0.6599154606751876
2025-08-16,HAR-RV-J-H,5,-8.175195141952578,-7.750386146530405,-0.42480899542217276
2025-08-17,HAR-RV-J-H,5,-7.391375071440983,-8.127443607161592,0.7360685357206087
2025-08-18,HAR-RV-J-H,5,-9.155666824013634,-8.230192960481796,-0.9254738635318382
2025-08-19,HAR-RV-J-H,5,-7.722034948084426,-8.11750389878652,0.3954689507020941
2025-08-20,HAR-RV-J-H,5,-7.330218334497994,-8.241313926096453,0.9110955915984587
2025-08-21,HAR-RV-J-H,5,-7.622910020795579,-8.167212365941442,0.5443023451458631
2025-08-22,HAR-RV-J-H,5,-8.082710716050025,-8.05132203691989,-0.03138867913013499
2025-08-23,HAR-RV-J-H,5,-8.403842583904545,-7.717813133651899,-0.6860294502526463
2025-08-24,HAR-RV-J-H,5,-8.0046493464786,-8.060335253539268,0.05568590706066878
2025-08-25,HAR-RV-J-H,5,-9.133680845548108,-7.891685017039321,-1.241995828508787
2025-08-26,HAR-RV-J-H,5,-9.177958657568531,-7.800910981962444,-1.3770476756060877
2025-08-27,HAR-RV-J-H,5,-7.953683190386181,-7.854736681309133,-0.09894650907704872
2025-08-28,HAR-RV-J-H,5,-7.872158994764496,-8.050958239879446,0.17879924511494938
2025-08-29,HAR-RV-J-H,5,-8.182388144667684,-8.01322019305081,-0.16916795161687403
2025-08-30,HAR-RV-J-H,5,-8.292311256544016,-8.043613957632765,-0.24869729891125125
2025-08-31,HAR-RV-J-H,5,-8.049751286620033,-8.377790821199397,0.3280395345793643
2025-09-01,HAR-RV-J-H,5,-9.772848916168195,-8.533897693261947,-1.2389512229062483
2025-09-02,HAR-RV-J-H,5,-9.53452627568605,-8.281399832490393,-1.2531264431956561
2025-09-03,HAR-RV-J-H,5,-8.677120971758,-8.151652022395117,-0.5254689493628835
2025-09-04,HAR-RV-J-H,5,-8.403115304394708,-8.202248049436246,-0.20086725495846203
2025-09-05,HAR-RV-J-H,5,-8.21218014894868,-8.139463848174685,-0.07271630077399394
2025-09-06,HAR-RV-J-H,5,-8.499654294702792,-7.9622942020984855,-0.5373600926043061
2025-09-07,HAR-RV-J-H,5,-8.617547509904476,-8.365050696747431,-0.25249681315704464
2025-09-08,HAR-RV-J-H,5,-9.831130650802836,-8.543025117569995,-1.2881055332328408
2025-09-09,HAR-RV-J-H,5,-9.54978554808957,-8.495006737467984,-1.0547788106215865
2025-09-10,HAR-RV-J-H,5,-8.439814402280856,-8.385628008401461,-0.0541863938793945
2025-09-11,HAR-RV-J-H,5,-8.792523838198322,-8.268199923064262,-0.52432391513406
2025-09-12,HAR-RV-J-H,5,-8.101310617641094,-8.205369355237885,0.10405873759679096
2025-09-13,HAR-RV-J-H,5,-8.766447689945338,-8.155615981465642,-0.6108317084796955
2025-09-14,HAR-RV-J-H,5,-9.267364905921823,-8.362386467066626,-0.9049784388551974
2025-09-15,HAR-RV-J-H,5,-10.6050280488101,-8.49107752089251,-2.1139505279175896
2025-09-16,HAR-RV-J-H,5,-10.133520913612236,-8.370216786823402,-1.7633041267888334
2025-09-17,HAR-RV-J-H,5,-7.891930026244774,-8.431877178641386,0.5399471523966124
2025-09-18,HAR-RV-J-H,5,-8.692216418426757,-8.194148602545969,-0.49806781588078763
2025-09-19,HAR-RV-J-H,5,-8.715111261187413,-8.276331178888764,-0.4387800822986492
2025-09-20,HAR-RV-J-H,5,-7.797766269227527,-8.332756360155804,0.534990090928277
2025-09-21,HAR-RV-J-H,5,-8.199318457410062,-8.727497607870554,0.5281791504604918
2025-09-22,HAR-RV-J-H,5,-10.290127372923022,-8.823798009552448,-1.4663293633705745
2025-09-23,HAR-RV-J-H,5,-9.254128583110203,-8.428704318172013,-0.8254242649381904
2025-09-24,HAR-RV-J-H,5,-8.541521038784206,-8.525503476519365,-0.016017562264840635
2025-09-25,HAR-RV-J-H,5,-8.603434629923894,-8.436414594111394,-0.16702003581250047
2025-09-26,HAR-RV-J-H,5,-8.240112062129832,-8.008222416889968,-0.231889645239864
2025-09-27,HAR-RV-J-H,5,-8.296715658902626,-7.9919917552779784,-0.3047239036246472
2025-09-28,HAR-RV-J-H,5,-7.823921809963694,-8.595181569719042,0.7712597597553481
2025-09-29,HAR-RV-J-H,5,-9.45214532988536,-8.613050370319964,-0.8390949595653954
2025-09-30,HAR-RV-J-H,5,-7.695218782358524,-8.537931021076393,0.8427122387178683
2025-10-01,HAR-RV-J-H,5,-8.01510033381816,-8.670319711713127,0.6552193778949675
2025-10-02,HAR-RV-J-H,5,-7.842639336975692,-8.525208789516938,0.6825694525412462
2025-10-03,HAR-RV-J-H,5,-8.002081163490216,-8.357414881256163,0.3553337177659479
2025-10-04,HAR-RV-J-H,5,-8.012382804006961,-8.132178190090308,0.1197953860833465
2025-10-05,HAR-RV-J-H,5,-4.587612791666304,-8.4567174929022,3.869104701235896
2025-10-06,HAR-RV-J-H,5,-7.115722376608375,-8.143863114772778,1.028140738164403
2025-10-07,HAR-RV-J-H,5,-7.1264281234111495,-8.270813515280542,1.1443853918693927
2025-10-08,HAR-RV-J-H,5,-7.601098600323596,-8.184375619345417,0.5832770190218213
2025-10-09,HAR-RV-J-H,5,-7.344241412122854,-8.25485726245737,0.9106158503345165
2025-10-10,HAR-RV-J-H,5,-7.591723650096573,-8.104868446538148,0.5131447964415754
2025-10-11,HAR-RV-J-H,5,-6.905012356907999,-7.083636600848598,0.1786242439405985
2025-10-12,HAR-RV-J-H,5,-7.053262415309131,-7.582473192167811,0.5292107768586796
2025-10-13,HAR-RV-J-H,5,-8.645181515778779,-7.546387377482413,-1.0987941382963662
2025-10-14,HAR-RV-J-H,5,-7.946925952270387,-7.569661233953226,-0.3772647183171616
2025-10-15,HAR-RV-J-H,5,-7.702435877483535,-7.39003432696301,-0.31240155052052465
2025-10-16,HAR-RV-J-H,5,-6.814365684609184,-7.939652707535214,1.1252870229260301
2025-10-17,HAR-RV-J-H,5,-7.329678651800407,-7.7457065982139035,0.4160279464134966
2025-10-18,HAR-RV-J-H,5,-7.503043703626393,-7.700442115779948,0.19739841215355547
2025-10-19,HAR-RV-J-H,5,-8.016664491858316,-7.962386132920295,-0.054278358938021576
2025-10-20,HAR-RV-J-H,5,-9.436012357444428,-7.933508808977044,-1.5025035484673834
2025-10-21,HAR-RV-J-H,5,-8.127811371886041,-7.9112787067271455,-0.2165326651588959
2025-10-22,HAR-RV-J-H,5,-8.31020361926275,-7.698562890461016,-0.6116407288017349
2025-10-23,HAR-RV-J-H,5,-7.874738990868753,-7.803891824190745,-0.07084716667800794
2025-10-24,HAR-RV-J-H,5,-7.054000148404952,-7.71502170879506,0.6610215603901084
2025-10-25,HAR-RV-J-H,5,-7.043093926149241,-7.7511210708517195,0.7080271447024789
2025-10-26,HAR-RV-J-H,5,-7.299625987456839,-8.00102979669116,0.7014038092343213
2025-10-27,HAR-RV-J-H,5,-9.102269176611976,-8.080453503395775,-1.0218156732162011
2025-10-28,HAR-RV-J-H,5,-8.604699637140742,-8.183908622402036,-0.4207910147387057
2025-10-29,HAR-RV-J-H,5,-7.27163389114966,-8.069712041192746,0.7980781500430858
2025-10-30,HAR-RV-J-H,5,-6.542526955726167,-7.747491430410847,1.2049644746846795
2025-10-31,HAR-RV-J-H,5,-7.130332009579842,-7.553443396338822,0.42311138675897997
2025-11-01,HAR-RV-J-H,5,-7.168157359718235,-7.541024187208482,0.37286682749024713
2025-11-02,HAR-RV-J-H,5,-7.037002738488869,-7.629780510203378,0.5927777717145091
2025-11-03,HAR-RV-J-H,5,-8.218470766094887,-7.717299585952614,-0.5011711801422729
2025-11-04,HAR-RV-J-H,5,-7.88633221123335,-7.645336237444668,-0.24099597378868243
2025-11-05,HAR-RV-J-H,5,-7.707023434157362,-7.456230957968034,-0.25079247618932765
2025-11-06,HAR-RV-J-H,5,-7.4421296812380255,-7.5716106463839195,0.1294809651458939
2025-11-07,HAR-RV-J-H,5,-7.572570868483227,-7.463550342471883,-0.10902052601134393
2025-11-08,HAR-RV-J-H,5,-7.0002820840938105,-7.330087015090599,0.3298049309967883
2025-11-09,HAR-RV-J-H,5,-6.384560789541653,-7.572454060951627,1.1878932714099744
2025-11-10,HAR-RV-J-H,5,-7.714310407924918,-7.8201988525944826,0.10588844466956449
2025-11-11,HAR-RV-J-H,5,-7.175102452523699,-7.93491860363052,0.7598161511068211
2025-11-12,HAR-RV-J-H,5,-6.993087708054424,-7.912549295834838,0.9194615877804138
2025-11-13,HAR-RV-J-H,5,-6.75464809359329,-7.9046950654948605,1.1500469719015705
2025-11-14,HAR-RV-J-H,5,-6.988105858772633,-7.651540551070025,0.6634346922973924
2025-11-15,HAR-RV-J-H,5,-6.842480066767818,-7.356344868105244,0.5138648013374256
2025-11-16,HAR-RV-J-H,5,-5.7867108645783665,-7.551119335185532,1.7644084706071652
2025-11-17,HAR-RV-J-H,5,-7.555518494073084,-7.507718847023088,-0.047799647049996175
2025-11-18,HAR-RV-J-H,5,-7.596708359678786,-7.454227720354046,-0.14248063932473976
2025-11-19,HAR-RV-J-H,5,-6.969901638005364,-7.439813443686392,0.4699118056810274
2025-11-20,HAR-RV-J-H,5,-7.231650335428167,-7.602412351033855,0.37076201560568744
2025-11-21,HAR-RV-J-H,5,-7.364305501511629,-7.440304218250874,0.07599871673924419
2025-11-22,HAR-RV-J-H,5,-7.879568199495125,-7.015307303589807,-0.8642608959053186
2025-11-23,HAR-RV-J-H,5,-7.694293783175389,-7.297642040197719,-0.3966517429776699
2025-11-24,HAR-RV-J-H,5,-8.832361523993656,-7.398812942283166,-1.4335485817104905
2025-11-25,HAR-RV-J-H,5,-8.56370363864505,-7.362667078901406,-1.2010365597436437
2025-11-26,HAR-RV-J-H,5,-6.7205038180139995,-7.393431969196904,0.6729281511829042
2025-11-27,HAR-RV-J-H,5,-7.166694063037643,-7.604959085657615,0.438265022619972
2025-11-28,HAR-RV-J-H,5,-6.799725179739331,-7.636508318183506,0.8367831384441748
2025-11-29,HAR-RV-J-H,5,-7.278058894103278,-7.632365449016348,0.3543065549130695
2025-11-30,HAR-RV-J-H,5,-7.384608832790334,-7.875650549579987,0.49104171678965347
2025-12-01,HAR-RV-J-H,5,-8.780922005770533,-7.966107101998858,-0.8148149037716745
2025-12-02,HAR-RV-J-H,5,-7.414740413919735,-7.5070432759029835,0.09230286198324844
2025-12-03,HAR-RV-J-H,5,-7.457035504573326,-7.484205056573867,0.027169552000541053
2025-12-04,HAR-RV-J-H,5,-7.256857420158548,-7.264280948546484,0.007423528387936251
2025-12-05,HAR-RV-J-H,5,-7.058992929899828,-7.252309613583346,0.19331668368351806
2025-12-06,HAR-RV-J-H,5,-7.347794785273569,-7.1277052047246565,-0.2200895805489127
2025-12-07,HAR-RV-J-H,5,-7.561466219241837,-7.554819771318791,-0.006646447923046139
2025-12-08,HAR-RV-J-H,5,-9.696511840594232,-7.5553099751150485,-2.141201865479183
2025-12-09,HAR-RV-J-H,5,-8.293293428630856,-7.713450789145105,-0.5798426394857508
2025-12-10,HAR-RV-J-H,5,-7.227863026447627,-7.636341163773398,0.4084781373257709
2025-12-11,HAR-RV-J-H,5,-7.710960999236119,-7.514214404287046,-0.1967465949490732
2025-12-12,HAR-RV-J-H,5,-6.682453263792524,-7.482705715030773,0.8002524512382498
2025-12-13,HAR-RV-J-H,5,-6.740374624315311,-7.5342904401721755,0.7939158158568649
2025-12-14,HAR-RV-J-H,5,-7.020317942574881,-7.87223587939142,0.8519179368165393
2025-12-15,HAR-RV-J-H,5,-9.6115694039447,-7.93055528292355,-1.6810141210211489
2025-12-16,HAR-RV-J-H,5,-8.628519475678901,-7.7743833092706245,-0.8541361664082769
2025-12-17,HAR-RV-J-H,5,-7.534308322325102,-7.849706831957278,0.31539850963217564
2025-12-18,HAR-RV-J-H,5,-7.663101554070803,-7.471036892489939,-0.1920646615808641
2025-12-19,HAR-RV-J-H,5,-8.228128764798534,-7.256062770307459,-0.972065994491075
2025-12-20,HAR-RV-J-H,5,-8.643584150115842,-7.214461019048418,-1.4291231310674242
2025-12-21,HAR-RV-J-H,5,-7.837277913270711,-7.713899557646045,-0.12337835562466548
2025-12-22,HAR-RV-J-H,5,-10.1372374475085,-7.795731197030978,-2.341506250477522
2025-12-23,HAR-RV-J-H,5,-9.816705351087146,-7.918583118005378,-1.898122233081768
2025-12-24,HAR-RV-J-H,5,-7.7426847782524995,-7.982509896184043,0.23982511793154337
2024-06-29,HAR-RV-J-H,7,-7.82183717488344,-8.074251373831054,0.25241419894761385
2024-06-30,HAR-RV-J-H,7,-7.599232953126869,-8.358779582403756,0.7595466292768869
2024-07-01,HAR-RV-J-H,7,-6.2016000220281144,-7.821476662113902,1.6198766400857876
2024-07-02,HAR-RV-J-H,7,-7.13201098663784,-7.7863667656910955,0.6543557790532555
2024-07-03,HAR-RV-J-H,7,-7.364155934126495,-7.927734467885294,0.5635785337587995
2024-07-04,HAR-RV-J-H,7,-6.970855511693713,-7.71349341676268,0.7426379050689667
2024-07-05,HAR-RV-J-H,7,-7.461112349654011,-7.531946816507445,0.07083446685343464
2024-07-06,HAR-RV-J-H,7,-8.001579020126183,-7.472448078654105,-0.5291309414720775
2024-07-07,HAR-RV-J-H,7,-7.503141944073601,-8.05867869729027,0.5555367532166695
2024-07-08,HAR-RV-J-H,7,-7.10151927124952,-7.955622912905397,0.8541036416558763
2024-07-09,HAR-RV-J-H,7,-6.8751174522895955,-7.4630156287470815,0.587898176457486
2024-07-10,HAR-RV-J-H,7,-7.273310670983561,-7.595592098144358,0.32228142716079766
2024-07-11,HAR-RV-J-H,7,-7.590004120123674,-7.441239116068892,-0.14876500405478232
2024-07-12,HAR-RV-J-H,7,-7.361953880672214,-7.2976606011297855,-0.06429327954242847
2024-07-13,HAR-RV-J-H,7,-8.183252874840827,-7.480437961919547,-0.70281491292128
2024-07-14,HAR-RV-J-H,7,-7.540508981035038,-7.59196806039627,0.05145907936123173
2024-07-15,HAR-RV-J-H,7,-7.831068909072291,-7.366833401740537,-0.4642355073317548
2024-07-16,HAR-RV-J-H,7,-7.504319171318432,-7.270968118222126,-0.23335105309630588
2024-07-17,HAR-RV-J-H,7,-7.715830478728725,-7.222117421299811,-0.4937130574289137
2024-07-18,HAR-RV-J-H,7,-7.1111013620300145,-7.321708165676713,0.21060680364669881
2024-07-19,HAR-RV-J-H,7,-7.731151246587125,-7.428028145803667,-0.3031231007834574
2024-07-20,HAR-RV-J-H,7,-6.6745965844828605,-7.339511592768129,0.6649150082852682
2024-07-21,HAR-RV-J-H,7,-8.297723232050007,-7.622047960766796,-0.675675271283211
2024-07-22,HAR-RV-J-H,7,-7.220642471062432,-7.284177253881433,0.06353478281900049
2024-07-23,HAR-RV-J-H,7,-7.567743991658627,-7.374182858973018,-0.19356113268560904
2024-07-24,HAR-RV-J-H,7,-7.537578973039193,-7.278620726470541,-0.2589582465686524
2024-07-25,HAR-RV-J-H,7,-7.134693601377736,-7.348172540099844,0.21347893872210832
2024-07-26,HAR-RV-J-H,7,-6.728020741506768,-7.193648777611107,0.4656280361043388
2024-07-27,HAR-RV-J-H,7,-7.102715268773577,-7.371030374001049,0.2683151052274724
2024-07-28,HAR-RV-J-H,7,-6.901570663299103,-7.091071271424778,0.18950060812567493
2024-07-29,HAR-RV-J-H,7,-4.331832929576587,-7.657843521245886,3.3260105916692995
2024-07-30,HAR-RV-J-H,7,-6.129507554817753,-7.267702108082863,1.1381945532651105
2024-07-31,HAR-RV-J-H,7,-6.56821202032419,-7.315438668225605,0.7472266479014147
2024-08-01,HAR-RV-J-H,7,-5.881456842610719,-7.309266155197625,1.4278093125869056
2024-08-02,HAR-RV-J-H,7,-6.5521594278707,-7.159360658477645,0.607201230606945
2024-08-03,HAR-RV-J-H,7,-8.164746233335169,-7.089057453137778,-1.0756887801973907
2024-08-04,HAR-RV-J-H,7,-7.347966273268356,-7.196305046401565,-0.15166122686679095
2024-08-05,HAR-RV-J-H,7,-6.301581779560638,-7.14909935674102,0.8475175771803825
2024-08-06,HAR-RV-J-H,7,-7.032064393779834,-6.669412129577978,-0.3626522642018557
2024-08-07,HAR-RV-J-H,7,-7.145182948564176,-7.16345743969666,0.018274491132483917
2024-08-08,HAR-RV-J-H,7,-6.782869713050387,-7.23463306883807,0.45176335578768256
2024-08-09,HAR-RV-J-H,7,-6.993243057300741,-6.958400074826388,-0.0348429824743528
2024-08-10,HAR-RV-J-H,7,-8.93414336978374,-7.187369123602715,-1.7467742461810252
2024-08-11,HAR-RV-J-H,7,-8.090430304827276,-7.516615188894653,-0.5738151159326232
2024-08-12,HAR-RV-J-H,7,-7.395852713362074,-7.15087260028546,-0.24498011307661383
2024-08-13,HAR-RV-J-H,7,-7.252727153074581,-6.869124624329295,-0.38360252874528555
2024-08-14,HAR-RV-J-H,7,-7.122737507461557,-7.0934542787160275,-0.029283228745529577
2024-08-15,HAR-RV-J-H,7,-7.663977474896019,-7.132280091065658,-0.5316973838303616
2024-08-16,HAR-RV-J-H,7,-6.8510987312401355,-7.021615204790012,0.17051647354987676
2024-08-17,HAR-RV-J-H,7,-8.299722443510342,-7.077802447115303,-1.2219199963950391
2024-08-18,HAR-RV-J-H,7,-8.590906417273768,-7.783323345793573,-0.8075830714801953
2024-08-19,HAR-RV-J-H,7,-7.848062431939034,-7.397615109749386,-0.4504473221896488
2024-08-20,HAR-RV-J-H,7,-6.578074293173222,-7.15931825601808,0.5812439628448587
2024-08-21,HAR-RV-J-H,7,-6.625319225980788,-7.179434649270542,0.5541154232897538
2024-08-22,HAR-RV-J-H,7,-7.220716390846805,-7.250098334713329,0.029381943866524374
2024-08-23,HAR-RV-J-H,7,-7.355348084977686,-7.422204282882392,0.06685619790470554
2024-08-24,HAR-RV-J-H,7,-9.250891127347398,-7.197756272548482,-2.053134854798916
2024-08-25,HAR-RV-J-H,7,-7.427050700993551,-7.708152324325857,0.28110162333230626
2024-08-26,HAR-RV-J-H,7,-7.578986184704846,-7.755426302605574,0.17644011790072867
2024-08-27,HAR-RV-J-H,7,-7.813351757199836,-7.345295659850614,-0.4680560973492218
2024-08-28,HAR-RV-J-H,7,-6.5034602127886165,-7.079201414418061,0.5757412016294445
2024-08-29,HAR-RV-J-H,7,-6.940360945467537,-7.209924579562374,0.26956363409483686
2024-08-30,HAR-RV-J-H,7,-6.522114937682515,-7.413788473935647,0.8916735362531325
2024-08-31,HAR-RV-J-H,7,-8.259113009436971,-7.487329160493572,-0.7717838489433992
2024-09-01,HAR-RV-J-H,7,-7.6986759889953715,-8.284306028558337,0.5856300395629654
2024-09-02,HAR-RV-J-H,7,-7.142083192560166,-7.404469855327581,0.2623866627674145
2024-09-03,HAR-RV-J-H,7,-7.454039970224542,-7.363064879626608,-0.09097509059793474
2024-09-04,HAR-RV-J-H,7,-6.9566648361472945,-7.4236859014476195,0.46702106530032506
2024-09-05,HAR-RV-J-H,7,-7.375311173852939,-7.22797144140862,-0.14733973244431908
2024-09-06,HAR-RV-J-H,7,-7.641682246432809,-7.396179402092105,-0.24550284434070413
2024-09-07,HAR-RV-J-H,7,-8.772444578271369,-7.334583633795064,-1.4378609444763049
2024-09-08,HAR-RV-J-H,7,-8.222190817885775,-7.969271085626093,-0.2529197322596817
2024-09-09,HAR-RV-J-H,7,-7.505284819602623,-7.717422929133846,0.21213810953122358
2024-09-10,HAR-RV-J-H,7,-7.206662096750963,-7.352411247120524,0.1457491503695607
2024-09-11,HAR-RV-J-H,7,-7.000512980515621,-7.403404302030011,0.40289132151438967
2024-09-12,HAR-RV-J-H,7,-7.40385524870723,-7.2481544549626244,-0.15570079374460555
2024-09-13,HAR-RV-J-H,7,-7.62533614746632,-7.3527315484343845,-0.27260459903193546
2024-09-14,HAR-RV-J-H,7,-9.118912980170885,-7.470184903703861,-1.648728076467024
2024-09-15,HAR-RV-J-H,7,-8.210854186197356,-7.885244008023178,-0.3256101781741778
2024-09-16,HAR-RV-J-H,7,-7.594933488516639,-7.651327628727245,0.05639414021060585
2024-09-17,HAR-RV-J-H,7,-7.695982377007085,-7.3733025527115705,-0.32267982429551445
2024-09-18,HAR-RV-J-H,7,-7.912236774178686,-7.386904852358654,-0.5253319218200314
2024-09-19,HAR-RV-J-H,7,-7.548593418115738,-7.409355746144149,-0.1392376719715891
2024-09-20,HAR-RV-J-H,7,-8.156771512470494,-7.512569090070787,-0.6442024223997063
2024-09-21,HAR-RV-J-H,7,-9.137411157807458,-7.609807680234258,-1.5276034775731997
2024-09-22,HAR-RV-J-H,7,-9.22010927366513,-8.157238375435474,-1.0628708982296562
2024-09-23,HAR-RV-J-H,7,-7.657672162115085,-7.679429436943959,0.02175727482887435
2024-09-24,HAR-RV-J-H,7,-7.16418081548918,-7.422850260411638,0.25866944492245825
2024-09-25,HAR-RV-J-H,7,-6.873239201215958,-7.502332317613921,0.6290931163979625
2024-09-26,HAR-RV-J-H,7,-7.372161845921349,-7.604447764820264,0.23228591889891526
2024-09-27,HAR-RV-J-H,7,-7.762377171311247,-7.484295761449133,-0.2780814098621134
2024-09-28,HAR-RV-J-H,7,-9.410517858234718,-7.714401527519119,-1.6961163307155989
2024-09-29,HAR-RV-J-H,7,-8.859802514595454,-8.043616258377044,-0.8161862562184101
2024-09-30,HAR-RV-J-H,7,-7.354846982929903,-8.017313448024861,0.6624664650949583
2024-10-01,HAR-RV-J-H,7,-7.717832727168758,-7.533568981570698,-0.18426374559805936
2024-10-02,HAR-RV-J-H,7,-7.9430170498383745,-7.5295946053315905,-0.413422444506784
2024-10-03,HAR-RV-J-H,7,-7.587117550241822,-7.6312068426417525,0.044089292399930535
2024-10-04,HAR-RV-J-H,7,-7.8173580785041725,-7.824126321950553,0.006768243446380495
2024-10-05,HAR-RV-J-H,7,-8.746814229333626,-7.989707722488135,-0.7571065068454912
2024-10-06,HAR-RV-J-H,7,-8.44461347063351,-8.568939628284596,0.12432615765108679
2024-10-07,HAR-RV-J-H,7,-7.511216222523129,-8.166355183602196,0.655138961079067
2024-10-08,HAR-RV-J-H,7,-6.879154515339575,-7.582844091481435,0.7036895761418593
2024-10-09,HAR-RV-J-H,7,-7.561391084229369,-7.740074882463313,0.1786837982339442
2024-10-10,HAR-RV-J-H,7,-7.954807249048968,-7.850242566931349,-0.10456468211761916
2024-10-11,HAR-RV-J-H,7,-7.899727601495052,-7.758694776123181,-0.14103282537187134
2024-10-12,HAR-RV-J-H,7,-9.798785632524316,-7.849276918826869,-1.9495087136974467
2024-10-13,HAR-RV-J-H,7,-9.000277471682907,-8.109446026080331,-0.8908314456025757
2024-10-14,HAR-RV-J-H,7,-7.724745468477852,-7.898651018069191,0.17390554959133908
2024-10-15,HAR-RV-J-H,7,-7.774179791525233,-7.601583144064427,-0.17259664746080627
2024-10-16,HAR-RV-J-H,7,-7.863362515397026,-7.503657196127025,-0.3597053192700006
2024-10-17,HAR-RV-J-H,7,-8.018551193752419,-7.766873052646299,-0.25167814110611975
2024-10-18,HAR-RV-J-H,7,-6.898530866282754,-7.9116886960813995,1.0131578297986454
2024-10-19,HAR-RV-J-H,7,-8.921658190779526,-7.893334891583038,-1.0283232991964883
2024-10-20,HAR-RV-J-H,7,-9.079636360099444,-8.580223342762764,-0.4994130173366802
2024-10-21,HAR-RV-J-H,7,-7.784069601964099,-8.085299699579986,0.30123009761588726
2024-10-22,HAR-RV-J-H,7,-7.368623299413477,-7.699744326072874,0.3311210266593978
2024-10-23,HAR-RV-J-H,7,-7.512997901045132,-7.809892468847958,0.2968945678028261
2024-10-24,HAR-RV-J-H,7,-7.671750079550882,-7.903782682156899,0.23203260260601688
2024-10-25,HAR-RV-J-H,7,-6.998467037027406,-7.929779503967331,0.9313124669399251
2024-10-26,HAR-RV-J-H,7,-8.813773417610177,-7.669853746430768,-1.1439196711794093
2024-10-27,HAR-RV-J-H,7,-7.784664629556363,-8.336715777473856,0.552051147917493
2024-10-28,HAR-RV-J-H,7,-7.509206844606907,-8.285492738139585,0.7762858935326777
2024-10-29,HAR-RV-J-H,7,-7.320254941313007,-7.754027298528146,0.4337723572151386
2024-10-30,HAR-RV-J-H,7,-6.357178323463686,-7.688477619372555,1.3312992959088685
2024-10-31,HAR-RV-J-H,7,-7.505193457512192,-7.720160310293246,0.2149668527810542
2024-11-01,HAR-RV-J-H,7,-7.882091528500882,-7.797407747498462,-0.08468378100242013
2024-11-02,HAR-RV-J-H,7,-8.951124037321541,-7.635761166863352,-1.3153628704581894
2024-11-03,HAR-RV-J-H,7,-6.982350958300895,-8.291012309197887,1.3086613508969922
2024-11-04,HAR-RV-J-H,7,-6.610143513022823,-7.76660648762962,1.1564629746067965
2024-11-05,HAR-RV-J-H,7,-5.89742196217559,-7.619088803113269,1.7216668409376785
2024-11-06,HAR-RV-J-H,7,-5.970825445834223,-7.567991104743031,1.597165658908808
2024-11-07,HAR-RV-J-H,7,-6.298780197423048,-7.342420664347857,1.043640466924809
2024-11-08,HAR-RV-J-H,7,-6.69026855754187,-7.741366524158955,1.0510979666170845
2024-11-09,HAR-RV-J-H,7,-7.962925402749825,-7.8792461983636715,-0.0836792043861534
2024-11-10,HAR-RV-J-H,7,-7.719913234094788,-8.26981101428821,0.5498977801934224
2024-11-11,HAR-RV-J-H,7,-6.813641525214108,-7.530565103421864,0.7169235782077559
2024-11-12,HAR-RV-J-H,7,-7.123061515534054,-7.386318174842275,0.2632566593082206
2024-11-13,HAR-RV-J-H,7,-7.349584827177568,-7.343437041710162,-0.0061477854674061305
2024-11-14,HAR-RV-J-H,7,-6.9277588146226785,-7.491077154868948,0.5633183402462691
2024-11-15,HAR-RV-J-H,7,-7.639603303246092,-7.575658667233086,-0.06394463601300604
2024-11-16,HAR-RV-J-H,7,-8.458730870211758,-7.639021033001872,-0.8197098372098859
2024-11-17,HAR-RV-J-H,7,-7.906636805257383,-7.977767349837616,0.0711305445802326
2024-11-18,HAR-RV-J-H,7,-6.845783544407805,-7.648602371525453,0.8028188271176484
2024-11-19,HAR-RV-J-H,7,-6.704121318827724,-7.186590837123131,0.48246951829540663
2024-11-20,HAR-RV-J-H,7,-7.421131408187987,-7.2903179648924485,-0.1308134432955388
2024-11-21,HAR-RV-J-H,7,-7.777480941685613,-7.350718949727265,-0.4267619919583474
2024-11-22,HAR-RV-J-H,7,-7.7915055329164575,-7.222301331967195,-0.5692042009492626
2024-11-23,HAR-RV-J-H,7,-8.944575839059315,-7.488414050188907,-1.456161788870408
2024-11-24,HAR-RV-J-H,7,-8.526681786585359,-7.751149883825178,-0.7755319027601804
2024-11-25,HAR-RV-J-H,7,-7.2277762188452845,-7.491776357914033,0.26400013906874875
2024-11-26,HAR-RV-J-H,7,-7.477860175072574,-7.2242875442352785,-0.2535726308372954
2024-11-27,HAR-RV-J-H,7,-7.352016227925319,-7.269951291884296,-0.08206493604102327
2024-11-28,HAR-RV-J-H,7,-5.520755763032788,-7.518217029772372,1.9974612667395837
2024-11-29,HAR-RV-J-H,7,-7.056676956855624,-7.633329872024674,0.57665291516905
2024-11-30,HAR-RV-J-H,7,-8.28612317218258,-7.646282578820595,-0.639840593361984
2024-12-01,HAR-RV-J-H,7,-8.152794625419403,-7.992612826860017,-0.1601817985593863
2024-12-02,HAR-RV-J-H,7,-6.452164940538162,-7.677692537061591,1.2255275965234294
2024-12-03,HAR-RV-J-H,7,-6.668355412158304,-7.327869179055952,0.6595137668976481
2024-12-04,HAR-RV-J-H,7,-7.380414836630238,-7.477130838203789,0.09671600157355087
2024-12-05,HAR-RV-J-H,7,-7.347004798406336,-7.495425392636925,0.14842059423058895
2024-12-06,HAR-RV-J-H,7,-7.800269430130499,-7.142368397373916,-0.6579010327565831
2024-12-07,HAR-RV-J-H,7,-8.329129180116265,-7.699215122446348,-0.6299140576699171
2024-12-08,HAR-RV-J-H,7,-7.954173621957407,-8.074535734727219,0.12036211276981135
2024-12-09,HAR-RV-J-H,7,-7.167863912303163,-7.939372723229463,0.7715088109262993
2024-12-10,HAR-RV-J-H,7,-7.46114260237137,-7.329755302007856,-0.13138730036351465
2024-12-11,HAR-RV-J-H,7,-6.653480385951037,-7.263517256450527,0.6100368704994894
2024-12-12,HAR-RV-J-H,7,-6.215955295754829,-7.508770170161111,1.2928148744062824
2024-12-13,HAR-RV-J-H,7,-6.2286006577328035,-7.508588086221283,1.2799874284884796
2024-12-14,HAR-RV-J-H,7,-7.472773492215739,-7.693065044675395,0.22029155245965537
2024-12-15,HAR-RV-J-H,7,-7.349660055218582,-7.791081089351937,0.4414210341333549
2024-12-16,HAR-RV-J-H,7,-6.8404400613287955,-7.517633791941021,0.6771937306122258
2024-12-17,HAR-RV-J-H,7,-7.374187208078972,-7.32574471662383,-0.04844249145514201
2024-12-18,HAR-RV-J-H,7,-7.715762789103233,-7.45735496981539,-0.25840781928784295
2024-12-19,HAR-RV-J-H,7,-7.307697534873444,-7.307993350468574,0.0002958155951295893
2024-12-20,HAR-RV-J-H,7,-7.106588924470662,-7.31115550815833,0.20456658368766778
2024-12-21,HAR-RV-J-H,7,-8.634132442724063,-7.3973523700135235,-1.2367800727105394
2024-12-22,HAR-RV-J-H,7,-8.326756050975344,-7.784089370194885,-0.5426666807804592
2024-12-23,HAR-RV-J-H,7,-7.3543943334481,-7.678065117677841,0.3236707842297406
2024-12-24,HAR-RV-J-H,7,-7.276893060792656,-7.324954501511106,0.048061440718450754
2024-12-25,HAR-RV-J-H,7,-8.238782332690736,-7.366571876289772,-0.8722104564009641
2024-12-26,HAR-RV-J-H,7,-7.367896287600902,-7.388832004783917,0.0209357171830149
2024-12-27,HAR-RV-J-H,7,-8.097617541330267,-7.2059596220513535,-0.8916579192789138
2024-12-28,HAR-RV-J-H,7,-9.19804542909942,-7.1208960210346905,-2.077149408064729
2024-12-29,HAR-RV-J-H,7,-8.787325094170878,-7.716248123749432,-1.071076970421446
2024-12-30,HAR-RV-J-H,7,-7.415021751205516,-7.575877492977723,0.16085574177220696
2024-12-31,HAR-RV-J-H,7,-7.590481289361926,-7.274479455269895,-0.316001834092031
2025-01-01,HAR-RV-J-H,7,-6.90681582272137,-7.314756942453303,0.4079411197319329
2025-01-02,HAR-RV-J-H,7,-6.968115739055578,-7.625355938880676,0.6572401998250985
2025-01-03,HAR-RV-J-H,7,-6.709305206835529,-7.377503205286062,0.6681979984505331
2025-01-04,HAR-RV-J-H,7,-8.995729032967116,-7.671603886184424,-1.3241251467826922
2025-01-05,HAR-RV-J-H,7,-8.852150045924287,-8.043987726270858,-0.8081623196534284
2025-01-06,HAR-RV-J-H,7,-6.553319507908563,-7.787867412440701,1.2345479045321373
2025-01-07,HAR-RV-J-H,7,-7.303486208762694,-7.422156948696096,0.11867073993340238
2025-01-08,HAR-RV-J-H,7,-7.312096925574036,-7.5276776971811215,0.21558077160708589
2025-01-09,HAR-RV-J-H,7,-7.391486709026281,-7.4742030857936115,0.08271637676733068
2025-01-10,HAR-RV-J-H,7,-7.511145310148465,-7.582015411632244,0.07087010148377892
2025-01-11,HAR-RV-J-H,7,-7.438401020768668,-7.545885377687831,0.10748435691916303
2025-01-12,HAR-RV-J-H,7,-6.148112404271952,-8.33510655566109,2.186994151389138
2025-01-13,HAR-RV-J-H,7,-5.214773987217453,-8.17837235584275,2.9635983686252976
2025-01-14,HAR-RV-J-H,7,-6.34915971482197,-7.33734325706257,0.9881835422406002
2025-01-15,HAR-RV-J-H,7,-7.594519813201731,-7.589946798948837,-0.004573014252893692
2025-01-16,HAR-RV-J-H,7,-5.989812005402478,-7.619166608082281,1.6293546026798031
2025-01-17,HAR-RV-J-H,7,-7.355564283258395,-7.670163301895535,0.3145990186371401
2025-01-18,HAR-RV-J-H,7,-8.788612678268954,-7.739568423726393,-1.0490442545425616
2025-01-19,HAR-RV-J-H,7,-8.623226788453762,-7.560298392584421,-1.0629283958693403
2025-01-20,HAR-RV-J-H,7,-6.548166225847454,-7.206283087312905,0.6581168614654516
2025-01-21,HAR-RV-J-H,7,-7.335119722465245,-7.052746425317723,-0.28237329714752146
2025-01-22,HAR-RV-J-H,7,-7.350021545427285,-7.455556828802865,0.10553528337558049
2025-01-23,HAR-RV-J-H,7,-7.86523565131056,-7.914565602940965,0.04932995163040488
2025-01-24,HAR-RV-J-H,7,-7.64515655585875,-7.347845366699921,-0.2973111891588296
2025-01-25,HAR-RV-J-H,7,-8.395509658549456,-7.705563811553784,-0.6899458469956716
2025-01-26,HAR-RV-J-H,7,-7.035755186208709,-8.005220042191535,0.9694648559828263
2025-01-27,HAR-RV-J-H,7,-5.95199845728886,-7.876632976962981,1.9246345196741208
2025-01-28,HAR-RV-J-H,7,-6.579587906443687,-7.247117233571553,0.6675293271278653
2025-01-29,HAR-RV-J-H,7,-7.222214210843608,-7.515907639358914,0.2936934285153061
2025-01-30,HAR-RV-J-H,7,-7.456911400328808,-7.556776680976795,0.09986528064798694
2025-01-31,HAR-RV-J-H,7,-7.097257483150888,-7.730986993341733,0.6337295101908449
2025-02-01,HAR-RV-J-H,7,-8.810076811866075,-7.64263744933859,-1.1674393625274853
2025-02-02,HAR-RV-J-H,7,-8.10773415201615,-7.7765688617487925,-0.3311652902673572
2025-02-03,HAR-RV-J-H,7,-7.786812840962016,-7.310595713508541,-0.47621712745347455
2025-02-04,HAR-RV-J-H,7,-8.095685364957285,-7.082239378297216,-1.0134459866600691
2025-02-05,HAR-RV-J-H,7,-6.962691557561749,-7.385925045857388,0.4232334882956392
2025-02-06,HAR-RV-J-H,7,-7.850939573833918,-7.6143117475326365,-0.2366278263012811
2025-02-07,HAR-RV-J-H,7,-7.6048640411791055,-7.699793679981654,0.09492963880254823
2025-02-08,HAR-RV-J-H,7,-9.31204237724052,-7.484689491778113,-1.8273528854624068
2025-02-09,HAR-RV-J-H,7,-9.354075786569943,-7.897953090867003,-1.4561226957029403
2025-02-10,HAR-RV-J-H,7,-8.328308753403542,-7.5589209015519625,-0.7693878518515795
2025-02-11,HAR-RV-J-H,7,-7.735386570485104,-7.428982635533491,-0.30640393495161256
2025-02-12,HAR-RV-J-H,7,-8.074161026658576,-7.513270030904137,-0.5608909957544386
2025-02-13,HAR-RV-J-H,7,-8.388064413225592,-7.265251762640004,-1.1228126505855887
2025-02-14,HAR-RV-J-H,7,-7.422492670788367,-7.6055563511241076,0.1830636803357404
2025-02-15,HAR-RV-J-H,7,-9.351071668633756,-7.54452306617961,-1.8065486024541455
2025-02-16,HAR-RV-J-H,7,-9.327182940847992,-8.177733361301538,-1.149449579546454
2025-02-17,HAR-RV-J-H,7,-7.366790273234517,-8.178956225706742,0.8121659524722249
2025-02-18,HAR-RV-J-H,7,-6.241011939761488,-7.668572477587477,1.4275605378259897
2025-02-19,HAR-RV-J-H,7,-6.08442226100039,-7.555631213699729,1.4712089526993388
2025-02-20,HAR-RV-J-H,7,-6.878853344044446,-7.73788381641927,0.8590304723748243
2025-02-21,HAR-RV-J-H,7,-5.588570041559089,-7.862355136122926,2.273785094563837
2025-02-22,HAR-RV-J-H,7,-7.482186017843935,-7.622897547224073,0.14071152938013842
2025-02-23,HAR-RV-J-H,7,-6.026685262486463,-8.327163016559087,2.300477754072624
2025-02-24,HAR-RV-J-H,7,-6.005721130764149,-8.203563969090713,2.1978428383265634
2025-02-25,HAR-RV-J-H,7,-5.832575425345344,-7.572341998543261,1.739766573197917
2025-02-26,HAR-RV-J-H,7,-6.528431978871631,-7.42805415066627,0.8996221717946389
2025-02-27,HAR-RV-J-H,7,-6.412729998936713,-7.54658554704414,1.1338555481074275
2025-02-28,HAR-RV-J-H,7,-5.651155219226064,-7.913013687653926,2.261858468427862
2025-03-01,HAR-RV-J-H,7,-7.82002049036847,-7.589128013626617,-0.23089247674185298
2025-03-02,HAR-RV-J-H,7,-7.116223896566312,-8.176712718602264,1.0604888220359525
2025-03-03,HAR-RV-J-H,7,-5.949376876735946,-7.481298189528718,1.5319213127927718
2025-03-04,HAR-RV-J-H,7,-6.2051256349718855,-7.332227528373261,1.1271018934013757
2025-03-05,HAR-RV-J-H,7,-6.9226794457074154,-7.283015744139138,0.3603362984317222
2025-03-06,HAR-RV-J-H,7,-7.250092425539886,-7.402205691932152,0.15211326639226552
2025-03-07,HAR-RV-J-H,7,-7.447118934719969,-7.349635159640813,-0.09748377507915595
2025-03-08,HAR-RV-J-H,7,-8.898459551988159,-7.048430032693077,-1.8500295192950817
2025-03-09,HAR-RV-J-H,7,-7.329432996679352,-7.771566297334943,0.4421333006555912
2025-03-10,HAR-RV-J-H,7,-7.67080326390782,-7.412361089495837,-0.25844217441198314
2025-03-11,HAR-RV-J-H,7,-7.616041619926752,-7.044092519969656,-0.571949099957096
2025-03-12,HAR-RV-J-H,7,-7.472221310413124,-7.154654243472061,-0.31756706694106285
2025-03-13,HAR-RV-J-H,7,-7.439639310421675,-7.31018017550968,-0.12945913491199512
2025-03-14,HAR-RV-J-H,7,-7.976296204139535,-7.422022679570826,-0.5542735245687087
2025-03-15,HAR-RV-J-H,7,-9.81200323221424,-7.484760868776801,-2.3272423634374384
2025-03-16,HAR-RV-J-H,7,-8.77472856117907,-7.884768051430492,-0.8899605097485788
2025-03-17,HAR-RV-J-H,7,-7.738805643991428,-7.252795183197539,-0.48601046079388954
2025-03-18,HAR-RV-J-H,7,-7.907900185694711,-7.341290053335942,-0.5666101323587691
2025-03-19,HAR-RV-J-H,7,-7.926440425992742,-7.308512211186619,-0.6179282148061231
2025-03-20,HAR-RV-J-H,7,-8.15773669999174,-7.26189642545075,-0.8958402745409888
2025-03-21,HAR-RV-J-H,7,-7.842789124023152,-7.257819662327385,-0.584969461695767
2025-03-22,HAR-RV-J-H,7,-8.003994184702773,-7.433478366992968,-0.5705158177098051
2025-03-23,HAR-RV-J-H,7,-8.165887428032145,-8.088824110848652,-0.07706331718349269
2025-03-24,HAR-RV-J-H,7,-7.254418259891095,-7.669193439786871,0.41477517989577617
2025-03-25,HAR-RV-J-H,7,-7.756757128271761,-7.338274054866174,-0.41848307340558666
2025-03-26,HAR-RV-J-H,7,-6.587482790091052,-7.463819508300347,0.8763367182092949
2025-03-27,HAR-RV-J-H,7,-7.252194880144823,-7.5515567683868,0.29936188824197707
2025-03-28,HAR-RV-J-H,7,-6.63516370951007,-7.688918855171293,1.0537551456612233
2025-03-29,HAR-RV-J-H,7,-8.681969956851141,-7.610310259702781,-1.0716596971483598
2025-03-30,HAR-RV-J-H,7,-7.188412492677708,-7.618393674339334,0.4299811816616259
2025-03-31,HAR-RV-J-H,7,-5.629049006791348,-7.627528562629539,1.9984795558381911
2025-04-01,HAR-RV-J-H,7,-6.933967406336497,-7.347734436839018,0.4137670305025214
2025-04-02,HAR-RV-J-H,7,-5.92065466170989,-7.54205586208756,1.6214012003776697
2025-04-03,HAR-RV-J-H,7,-7.031037787314499,-7.2598459825442685,0.22880819522976914
2025-04-04,HAR-RV-J-H,7,-7.032090018849573,-7.54086920417045,0.5087791853208774
2025-04-05,HAR-RV-J-H,7,-7.79990038655869,-7.390887804052982,-0.40901258250570827
2025-04-06,HAR-RV-J-H,7,-7.287263687197286,-8.088392600375116,0.8011289131778296
2025-04-07,HAR-RV-J-H,7,-7.167014962280521,-7.513998052599278,0.34698309031875674
2025-04-08,HAR-RV-J-H,7,-7.777788884630375,-7.0428332887289145,-0.7349555959014609
2025-04-09,HAR-RV-J-H,7,-7.413189676387737,-7.5116159567475265,0.09842628035978951
2025-04-10,HAR-RV-J-H,7,-8.268721841318316,-7.217347397113343,-1.0513744442049724
2025-04-11,HAR-RV-J-H,7,-9.681279444888752,-7.648220419280632,-2.03305902560812
2025-04-12,HAR-RV-J-H,7,-9.171548905690758,-7.645955623532246,-1.5255932821585114
2025-04-13,HAR-RV-J-H,7,-9.01552740253416,-7.737606648045023,-1.277920754489136
2025-04-14,HAR-RV-J-H,7,-7.457356285992482,-7.493061846289262,0.03570556029677974
2025-04-15,HAR-RV-J-H,7,-6.979201722253075,-7.315641598050465,0.33643987579739054
2025-04-16,HAR-RV-J-H,7,-7.403345870725576,-7.504283617416353,0.10093774669077682
2025-04-17,HAR-RV-J-H,7,-8.021045389721651,-7.3379720885143485,-0.6830733012073029
2025-04-18,HAR-RV-J-H,7,-7.797960553044787,-7.636592558179212,-0.16136799486557507
2025-04-19,HAR-RV-J-H,7,-8.912576429259436,-8.143515372571835,-0.769061056687601
2025-04-20,HAR-RV-J-H,7,-8.579169330655771,-7.89170951526622,-0.687459815389551
2025-04-21,HAR-RV-J-H,7,-7.92097208375074,-7.808033519838324,-0.11293856391241519
2025-04-22,HAR-RV-J-H,7,-8.087519781534887,-7.395464889459486,-0.6920548920754008
2025-04-23,HAR-RV-J-H,7,-8.023455793775357,-7.430016829046438,-0.5934389647289189
2025-04-24,HAR-RV-J-H,7,-8.09456339337235,-7.713732194072527,-0.38083119929982345
2025-04-25,HAR-RV-J-H,7,-8.294066343106515,-7.947885441643772,-0.34618090146274305
2025-04-26,HAR-RV-J-H,7,-9.46541060137628,-7.908596876731449,-1.5568137246448313
2025-04-27,HAR-RV-J-H,7,-8.596552100361416,-8.188659828431259,-0.407892271930157
2025-04-28,HAR-RV-J-H,7,-8.166003817373237,-7.86087207787335,-0.30513173949988737
2025-04-29,HAR-RV-J-H,7,-8.013724640481898,-7.587731759767285,-0.42599288071461316
2025-04-30,HAR-RV-J-H,7,-7.894201229610753,-7.638418309487876,-0.2557829201228774
2025-05-01,HAR-RV-J-H,7,-7.474703553304063,-7.660548862316167,0.1858453090121044
2025-05-02,HAR-RV-J-H,7,-7.7544076279684,-7.693338148107552,-0.06106947986084865
2025-05-03,HAR-RV-J-H,7,-8.51169203750711,-7.8051828128653655,-0.7065092246417448
2025-05-04,HAR-RV-J-H,7,-7.894756830708296,-8.214668595242106,0.3199117645338099
2025-05-05,HAR-RV-J-H,7,-7.171315375183232,-7.855427756856715,0.6841123816734829
2025-05-06,HAR-RV-J-H,7,-7.898122089143746,-7.722251131605342,-0.17587095753840387
2025-05-07,HAR-RV-J-H,7,-8.318310440418038,-7.739376561468705,-0.578933878949333
2025-05-08,HAR-RV-J-H,7,-7.7147571999584414,-7.78216738331427,0.06741018335582893
2025-05-09,HAR-RV-J-H,7,-8.244800643227538,-7.747845878685509,-0.49695476454202936
2025-05-10,HAR-RV-J-H,7,-8.88548365814237,-7.893291357499691,-0.9921923006426789
2025-05-11,HAR-RV-J-H,7,-7.9130966647344225,-8.121598740924156,0.20850207618973382
2025-05-12,HAR-RV-J-H,7,-7.475391981698435,-7.829656613133077,0.35426463143464204
2025-05-13,HAR-RV-J-H,7,-7.413492676031776,-7.588006118458343,0.17451344242656663
2025-05-14,HAR-RV-J-H,7,-6.9048202411259405,-7.749955416648973,0.8451351755230325
2025-05-15,HAR-RV-J-H,7,-7.5998782354004675,-7.845542933201292,0.24566469780082478
2025-05-16,HAR-RV-J-H,7,-7.443883442529285,-7.632433757393253,0.188550314863968
2025-05-17,HAR-RV-J-H,7,-8.225636513265073,-7.8190273563571555,-0.4066091569079173
2025-05-18,HAR-RV-J-H,7,-8.196992018610825,-7.9710325832056235,-0.22595943540520125
2025-05-19,HAR-RV-J-H,7,-8.288440304342084,-7.63311626403407,-0.6553240403080132
2025-05-20,HAR-RV-J-H,7,-7.940076582517803,-7.558978626089878,-0.3810979564279249
2025-05-21,HAR-RV-J-H,7,-8.336031186903472,-7.594656547359221,-0.7413746395442518
2025-05-22,HAR-RV-J-H,7,-7.769467517478563,-7.5322352316960375,-0.2372322857825253
2025-05-23,HAR-RV-J-H,7,-7.728674501465333,-7.802384390468569,0.0737098890032355
2025-05-24,HAR-RV-J-H,7,-8.421598154519437,-7.725066410334044,-0.6965317441853927
2025-05-25,HAR-RV-J-H,7,-8.743472246073782,-7.944149983458445,-0.7993222626153376
2025-05-26,HAR-RV-J-H,7,-8.184430028615092,-7.840088766859286,-0.3443412617558055
2025-05-27,HAR-RV-J-H,7,-8.331213911925008,-7.7532298718787525,-0.5779840400462559
2025-05-28,HAR-RV-J-H,7,-8.71279939743139,-7.607851418751336,-1.1049479786800536
2025-05-29,HAR-RV-J-H,7,-7.51988335958094,-7.717160043564727,0.1972766839837865
2025-05-30,HAR-RV-J-H,7,-8.345664194572562,-7.545931984455591,-0.7997322101169706
2025-05-31,HAR-RV-J-H,7,-9.05218826005398,-7.574932778885729,-1.4772554811682506
2025-06-01,HAR-RV-J-H,7,-9.384555576107418,-7.8319467450588585,-1.55260883104856
2025-06-02,HAR-RV-J-H,7,-7.968985833169205,-7.924855002785328,-0.04413083038387633
2025-06-03,HAR-RV-J-H,7,-8.125005944838898,-7.722603286632134,-0.40240265820676413
2025-06-04,HAR-RV-J-H,7,-8.19082610478049,-7.725299700092743,-0.465526404687747
2025-06-05,HAR-RV-J-H,7,-7.927023759209108,-7.823983625625677,-0.10304013358343145
2025-06-06,HAR-RV-J-H,7,-7.443188684929166,-7.502819680704459,0.05963099577529274
2025-06-07,HAR-RV-J-H,7,-9.05726972859608,-7.845400514120726,-1.2118692144753531
2025-06-08,HAR-RV-J-H,7,-8.953471985164441,-8.09740438646405,-0.8560675987003918
2025-06-09,HAR-RV-J-H,7,-8.110641264350848,-8.197713679207473,0.08707241485662465
2025-06-10,HAR-RV-J-H,7,-7.806286485181062,-7.74347015355737,-0.06281633162369182
2025-06-11,HAR-RV-J-H,7,-7.866192379807445,-7.758265875869006,-0.1079265039384385
2025-06-12,HAR-RV-J-H,7,-8.633468871743753,-7.823387950776134,-0.8100809209676196
2025-06-13,HAR-RV-J-H,7,-7.900331132706684,-7.797548401120893,-0.10278273158579143
2025-06-14,HAR-RV-J-H,7,-7.967196587131996,-7.76896607988439,-0.19823050724760627
2025-06-15,HAR-RV-J-H,7,-7.027680658640498,-8.297374914370678,1.2696942557301805
2025-06-16,HAR-RV-J-H,7,-7.236497370232764,-8.19258327855433,0.9560859083215663
2025-06-17,HAR-RV-J-H,7,-8.149886293035856,-7.86670591365766,-0.2831803793781953
2025-06-18,HAR-RV-J-H,7,-8.176305065875129,-7.775021015751602,-0.4012840501235262
2025-06-19,HAR-RV-J-H,7,-8.376095118293176,-7.7923652329752064,-0.5837298853179691
2025-06-20,HAR-RV-J-H,7,-8.542770722531861,-8.08373713441205,-0.45903358811981043
2025-06-21,HAR-RV-J-H,7,-10.649971722513076,-7.858051085999778,-2.7919206365132982
2025-06-22,HAR-RV-J-H,7,-9.316586495538738,-7.86989169267232,-1.4466948028664177
2025-06-23,HAR-RV-J-H,7,-8.62277199796468,-7.6090455734423745,-1.0137264245223054
2025-06-24,HAR-RV-J-H,7,-8.642591743070529,-7.690476776886451,-0.9521149661840784
2025-06-25,HAR-RV-J-H,7,-8.308439939764494,-8.029989496885996,-0.27845044287849774
2025-06-26,HAR-RV-J-H,7,-8.29396771419438,-8.011306387915466,-0.28266132627891416
2025-06-27,HAR-RV-J-H,7,-8.898524051817713,-8.061668905598513,-0.8368551462192002
2025-06-28,HAR-RV-J-H,7,-9.987284347496226,-8.001013944212575,-1.9862704032836511
2025-06-29,HAR-RV-J-H,7,-9.36677210235694,-8.635738360305357,-0.7310337420515829
2025-06-30,HAR-RV-J-H,7,-8.713378263033814,-8.107810856132637,-0.6055674069011765
2025-07-01,HAR-RV-J-H,7,-8.902586131499698,-7.897597440766709,-1.004988690732989
2025-07-02,HAR-RV-J-H,7,-8.29417874240117,-7.958683010618064,-0.335495731783106
2025-07-03,HAR-RV-J-H,7,-7.209350045659884,-7.942501890867843,0.7331518452079591
2025-07-04,HAR-RV-J-H,7,-7.867944834377488,-8.042800824860503,0.1748559904830156
2025-07-05,HAR-RV-J-H,7,-9.356431837546369,-8.278605390878482,-1.0778264466678866
2025-07-06,HAR-RV-J-H,7,-8.773942349578554,-8.616643727582403,-0.1572986219961514
2025-07-07,HAR-RV-J-H,7,-7.481016702523509,-8.31131841530315,0.830301712779641
2025-07-08,HAR-RV-J-H,7,-7.254884046098786,-8.021187113470013,0.7663030673712274
2025-07-09,HAR-RV-J-H,7,-7.906106583346014,-8.073076819318171,0.16697023597215743
2025-07-10,HAR-RV-J-H,7,-7.750043741635851,-7.969921325688506,0.21987758405265456
2025-07-11,HAR-RV-J-H,7,-7.925867888823022,-7.812326684524816,-0.11354120429820558
2025-07-12,HAR-RV-J-H,7,-9.191851708958271,-8.100887426275262,-1.090964282683009
2025-07-13,HAR-RV-J-H,7,-8.749889889500176,-8.608369339553425,-0.14152054994675112
2025-07-14,HAR-RV-J-H,7,-8.062198643566044,-8.373609492351186,0.31141084878514214
2025-07-15,HAR-RV-J-H,7,-7.740429316317312,-7.92731786359813,0.1868885472808186
2025-07-16,HAR-RV-J-H,7,-8.047332828013449,-7.8131255779452236,-0.2342072500682253
2025-07-17,HAR-RV-J-H,7,-8.253076728769177,-8.029261934802951,-0.22381479396622517
2025-07-18,HAR-RV-J-H,7,-7.605517370811197,-8.025959670957416,0.4204423001462194
2025-07-19,HAR-RV-J-H,7,-9.606954095499765,-8.112251705590745,-1.494702389909019
2025-07-20,HAR-RV-J-H,7,-8.981033746649764,-8.464132990241723,-0.5169007564080417
2025-07-21,HAR-RV-J-H,7,-8.30508496766559,-8.130273455498076,-0.17481151216751378
2025-07-22,HAR-RV-J-H,7,-8.268215689597376,-7.86719643494603,-0.401019254651346
2025-07-23,HAR-RV-J-H,7,-8.393240576178409,-7.801655989356883,-0.5915845868215257
2025-07-24,HAR-RV-J-H,7,-8.520230588607557,-7.928143919123293,-0.5920866694842637
2025-07-25,HAR-RV-J-H,7,-7.533737412187012,-8.016940848579997,0.48320343639298535
2025-07-26,HAR-RV-J-H,7,-8.568970525996992,-7.860741069885659,-0.7082294561113329
2025-07-27,HAR-RV-J-H,7,-9.01457508878402,-8.520579127901307,-0.4939959608827138
2025-07-28,HAR-RV-J-H,7,-8.64759502280641,-8.167979785391623,-0.4796152374147873
2025-07-29,HAR-RV-J-H,7,-8.327990264931364,-7.896832693973567,-0.4311575709577964
2025-07-30,HAR-RV-J-H,7,-8.51421068372607,-7.906853375448022,-0.6073573082780479
2025-07-31,HAR-RV-J-H,7,-8.532403748070708,-7.917634899497521,-0.6147688485731866
2025-08-01,HAR-RV-J-H,7,-8.651182815348951,-7.989069035311192,-0.6621137800377594
2025-08-02,HAR-RV-J-H,7,-9.32597851139552,-7.764322991195218,-1.5616555202003024
2025-08-03,HAR-RV-J-H,7,-8.441043602227696,-8.102814750875513,-0.3382288513521825
2025-08-04,HAR-RV-J-H,7,-7.811382584426513,-8.208360891967935,0.3969783075414224
2025-08-05,HAR-RV-J-H,7,-8.297044334912817,-8.028961293420604,-0.26808304149221307
2025-08-06,HAR-RV-J-H,7,-7.759195959681331,-7.930288131081381,0.1710921714000504
2025-08-07,HAR-RV-J-H,7,-6.9615054586384755,-7.910386135570136,0.9488806769316609
2025-08-08,HAR-RV-J-H,7,-8.400633017404333,-7.9306868758200135,-0.4699461415843196
2025-08-09,HAR-RV-J-H,7,-9.797853695149604,-7.99781513381574,-1.8000385613338636
2025-08-10,HAR-RV-J-H,7,-9.5559821565806,-8.242537673608402,-1.3134444829721978
2025-08-11,HAR-RV-J-H,7,-8.156814886452334,-7.926033979571278,-0.23078090688105668
2025-08-12,HAR-RV-J-H,7,-8.142712241205171,-7.795012300685789,-0.3476999405193819
2025-08-13,HAR-RV-J-H,7,-8.113278831395304,-7.984709500352901,-0.12856933104240298
2025-08-14,HAR-RV-J-H,7,-8.175195141952578,-7.884284281073466,-0.2909108608791122
2025-08-15,HAR-RV-J-H,7,-7.391375071440983,-7.767981716952628,0.3766066455116448
2025-08-16,HAR-RV-J-H,7,-9.155666824013634,-8.273835998803223,-0.881830825210411
2025-08-17,HAR-RV-J-H,7,-7.722034948084426,-8.669133187290267,0.9470982392058414
2025-08-18,HAR-RV-J-H,7,-7.330218334497994,-8.511648051941062,1.1814297174430681
2025-08-19,HAR-RV-J-H,7,-7.622910020795579,-7.966800999390259,0.34389097859468
2025-08-20,HAR-RV-J-H,7,-8.082710716050025,-7.903263589569928,-0.1794471264800972
2025-08-21,HAR-RV-J-H,7,-8.403842583904545,-7.967766881649155,-0.4360757022553905
2025-08-22,HAR-RV-J-H,7,-8.0046493464786,-8.064453781937425,0.05980443545882608
2025-08-23,HAR-RV-J-H,7,-9.133680845548108,-7.912408052161185,-1.2212727933869232
2025-08-24,HAR-RV-J-H,7,-9.177958657568531,-8.482966665730194,-0.6949919918383376
2025-08-25,HAR-RV-J-H,7,-7.953683190386181,-7.947523971302197,-0.006159219083984091
2025-08-26,HAR-RV-J-H,7,-7.872158994764496,-7.818646308471163,-0.05351268629333372
2025-08-27,HAR-RV-J-H,7,-8.182388144667684,-7.926955369005005,-0.25543277566267886
2025-08-28,HAR-RV-J-H,7,-8.292311256544016,-8.002700250585722,-0.28961100595829414
2025-08-29,HAR-RV-J-H,7,-8.049751286620033,-8.142673580281347,0.09292229366131366
2025-08-30,HAR-RV-J-H,7,-9.772848916168195,-7.946542735551917,-1.8263061806162781
2025-08-31,HAR-RV-J-H,7,-9.53452627568605,-8.231501262265613,-1.3030250134204362
2025-09-01,HAR-RV-J-H,7,-8.677120971758,-8.16923360480271,-0.5078873669552912
2025-09-02,HAR-RV-J-H,7,-8.403115304394708,-7.789334786104555,-0.6137805182901532
2025-09-03,HAR-RV-J-H,7,-8.21218014894868,-7.834185914638828,-0.3779942343098508
2025-09-04,HAR-RV-J-H,7,-8.499654294702792,-7.968628734767974,-0.5310255599348173
2025-09-05,HAR-RV-J-H,7,-8.617547509904476,-8.039080428329854,-0.5784670815746225
2025-09-06,HAR-RV-J-H,7,-9.831130650802836,-8.013625420241073,-1.8175052305617623
2025-09-07,HAR-RV-J-H,7,-9.54978554808957,-8.530358478833257,-1.019427069256313
2025-09-08,HAR-RV-J-H,7,-8.439814402280856,-8.32865496958322,-0.11115943269763662
2025-09-09,HAR-RV-J-H,7,-8.792523838198322,-7.982785267651166,-0.8097385705471565
2025-09-10,HAR-RV-J-H,7,-8.101310617641094,-7.928223993971801,-0.17308662366929273
2025-09-11,HAR-RV-J-H,7,-8.766447689945338,-7.9188573536991544,-0.8475903362461832
2025-09-12,HAR-RV-J-H,7,-9.267364905921823,-8.087875770993033,-1.1794891349287902
2025-09-13,HAR-RV-J-H,7,-10.6050280488101,-8.18833860637184,-2.41668944243826
2025-09-14,HAR-RV-J-H,7,-10.133520913612236,-8.588672130819536,-1.5448487827927
2025-09-15,HAR-RV-J-H,7,-7.891930026244774,-8.409239064352853,0.5173090381080794
2025-09-16,HAR-RV-J-H,7,-8.692216418426757,-7.996441352973977,-0.6957750654527795
2025-09-17,HAR-RV-J-H,7,-8.715111261187413,-8.143250517815739,-0.5718607433716745
2025-09-18,HAR-RV-J-H,7,-7.797766269227527,-7.997862050771416,0.2000957815438893
2025-09-19,HAR-RV-J-H,7,-8.199318457410062,-8.295218858247578,0.09590040083751639
2025-09-20,HAR-RV-J-H,7,-10.290127372923022,-8.508951677224584,-1.7811756956984386
2025-09-21,HAR-RV-J-H,7,-9.254128583110203,-8.885487235568938,-0.3686413475412653
2025-09-22,HAR-RV-J-H,7,-8.541521038784206,-8.661336481708556,0.11981544292435053
2025-09-23,HAR-RV-J-H,7,-8.603434629923894,-7.90203348180061,-0.701401148123284
2025-09-24,HAR-RV-J-H,7,-8.240112062129832,-8.265961680909596,0.025849618779764327
2025-09-25,HAR-RV-J-H,7,-8.296715658902626,-8.355125062508833,0.05840940360620728
2025-09-26,HAR-RV-J-H,7,-7.823921809963694,-8.208206684014542,0.38428487405084777
2025-09-27,HAR-RV-J-H,7,-9.45214532988536,-8.441332906030755,-1.0108124238546043
2025-09-28,HAR-RV-J-H,7,-7.695218782358524,-8.989779934371708,1.2945611520131832
2025-09-29,HAR-RV-J-H,7,-8.01510033381816,-8.535869634327867,0.5207693005097074
2025-09-30,HAR-RV-J-H,7,-7.842639336975692,-8.25381784991011,0.4111785129344181
2025-10-01,HAR-RV-J-H,7,-8.002081163490216,-8.199204366481089,0.19712320299087338
2025-10-02,HAR-RV-J-H,7,-8.012382804006961,-8.128474864965032,0.11609206095807068
2025-10-03,HAR-RV-J-H,7,-4.587612791666304,-8.255520866651551,3.667908074985247
2025-10-04,HAR-RV-J-H,7,-7.115722376608375,-8.161366127443621,1.0456437508352465
2025-10-05,HAR-RV-J-H,7,-7.1264281234111495,-8.687255121649937,1.5608269982387872
2025-10-06,HAR-RV-J-H,7,-7.601098600323596,-8.091362274422046,0.4902636740984505
2025-10-07,HAR-RV-J-H,7,-7.344241412122854,-8.142447249121268,0.798205836998414
2025-10-08,HAR-RV-J-H,7,-7.591723650096573,-8.092630281298689,0.500906631202116
2025-10-09,HAR-RV-J-H,7,-6.905012356907999,-8.104214601705642,1.1992022447976431
2025-10-10,HAR-RV-J-H,7,-7.053262415309131,-8.16144219231293,1.108179777003798
2025-10-11,HAR-RV-J-H,7,-8.645181515778779,-7.193752318216284,-1.4514291975624944
2025-10-12,HAR-RV-J-H,7,-7.946925952270387,-8.047500916448302,0.10057496417791434
2025-10-13,HAR-RV-J-H,7,-7.702435877483535,-7.996457941040451,0.2940220635569162
2025-10-14,HAR-RV-J-H,7,-6.814365684609184,-8.124619702615064,1.31025401800588
2025-10-15,HAR-RV-J-H,7,-7.329678651800407,-8.053244464636485,0.7235658128360782
2025-10-16,HAR-RV-J-H,7,-7.503043703626393,-7.748541318470485,0.24549761484409238
2025-10-17,HAR-RV-J-H,7,-8.016664491858316,-7.53101098018133,-0.4856535116769862
2025-10-18,HAR-RV-J-H,7,-9.436012357444428,-7.608166968507756,-1.8278453889366713
2025-10-19,HAR-RV-J-H,7,-8.127811371886041,-8.139981239694075,0.01216986780803353
2025-10-20,HAR-RV-J-H,7,-8.31020361926275,-7.827177598827405,-0.4830260204353456
2025-10-21,HAR-RV-J-H,7,-7.874738990868753,-7.7108132680074055,-0.16392572286134754
2025-10-22,HAR-RV-J-H,7,-7.054000148404952,-7.4376712880482465,0.3836711396432948
2025-10-23,HAR-RV-J-H,7,-7.043093926149241,-7.584718481186442,0.5416245550372016
2025-10-24,HAR-RV-J-H,7,-7.299625987456839,-7.668659605442058,0.3690336179852194
2025-10-25,HAR-RV-J-H,7,-9.102269176611976,-7.8512014829216845,-1.2510676936902918
2025-10-26,HAR-RV-J-H,7,-8.604699637140742,-8.31741232455246,-0.28728731258828155
2025-10-27,HAR-RV-J-H,7,-7.27163389114966,-7.699866890070174,0.4282329989205138
2025-10-28,HAR-RV-J-H,7,-6.542526955726167,-7.704861593055973,1.1623346373298062
2025-10-29,HAR-RV-J-H,7,-7.130332009579842,-7.590045998729311,0.4597139891494688
2025-10-30,HAR-RV-J-H,7,-7.168157359718235,-7.440544238411462,0.27238687869322753
2025-10-31,HAR-RV-J-H,7,-7.037002738488869,-7.556267463362529,0.5192647248736595
2025-11-01,HAR-RV-J-H,7,-8.218470766094887,-7.66616355203434,-0.552307214060547
2025-11-02,HAR-RV-J-H,7,-7.88633221123335,-8.353289650760916,0.4669574395275653
2025-11-03,HAR-RV-J-H,7,-7.707023434157362,-8.126169100032662,0.4191456658753001
2025-11-04,HAR-RV-J-H,7,-7.4421296812380255,-7.618251687462127,0.17612200622410157
2025-11-05,HAR-RV-J-H,7,-7.572570868483227,-7.429766411812717,-0.14280445667051023
2025-11-06,HAR-RV-J-H,7,-7.0002820840938105,-7.650272254608442,0.6499901705146316
2025-11-07,HAR-RV-J-H,7,-6.384560789541653,-7.739503676890635,1.3549428873489822
2025-11-08,HAR-RV-J-H,7,-7.714310407924918,-7.757365840966717,0.04305543304179871
2025-11-09,HAR-RV-J-H,7,-7.175102452523699,-8.12161356817663,0.94651111565293
2025-11-10,HAR-RV-J-H,7,-6.993087708054424,-7.845145199382339,0.8520574913279146
2025-11-11,HAR-RV-J-H,7,-6.75464809359329,-7.709809248918713,0.9551611553254231
2025-11-12,HAR-RV-J-H,7,-6.988105858772633,-7.608043711327744,0.6199378525551111
2025-11-13,HAR-RV-J-H,7,-6.842480066767818,-7.655469455156792,0.8129893883889743
2025-11-14,HAR-RV-J-H,7,-5.7867108645783665,-7.54858140797953,1.7618705434011632
2025-11-15,HAR-RV-J-H,7,-7.555518494073084,-7.424091341984365,-0.1314271520887189
2025-11-16,HAR-RV-J-H,7,-7.596708359678786,-7.875577782443142,0.2788694227643562
2025-11-17,HAR-RV-J-H,7,-6.969901638005364,-7.634209500945055,0.6643078629396904
2025-11-18,HAR-RV-J-H,7,-7.231650335428167,-7.568563835086108,0.3369134996579408
2025-11-19,HAR-RV-J-H,7,-7.364305501511629,-7.455600121369564,0.0912946198579343
2025-11-20,HAR-RV-J-H,7,-7.879568199495125,-7.44860248407876,-0.43096571541636486
2025-11-21,HAR-RV-J-H,7,-7.694293783175389,-7.438970577410754,-0.2553232057646344
2025-11-22,HAR-RV-J-H,7,-8.832361523993656,-7.178864552858775,-1.6534969711348815
2025-11-23,HAR-RV-J-H,7,-8.56370363864505,-7.766863022562674,-0.7968406160823758
2025-11-24,HAR-RV-J-H,7,-6.7205038180139995,-7.6982888504181535,0.9777850324041539
2025-11-25,HAR-RV-J-H,7,-7.166694063037643,-7.433564094033475,0.2668700309958316
2025-11-26,HAR-RV-J-H,7,-6.799725179739331,-7.505838517610055,0.7061133378707236
2025-11-27,HAR-RV-J-H,7,-7.278058894103278,-7.4419224723379305,0.16386357823465225
2025-11-28,HAR-RV-J-H,7,-7.384608832790334,-7.630626570533394,0.24601773774306057
2025-11-29,HAR-RV-J-H,7,-8.780922005770533,-7.5822176631913525,-1.1987043425791803
2025-11-30,HAR-RV-J-H,7,-7.414740413919735,-7.925374780800247,0.5106343668805122
2025-12-01,HAR-RV-J-H,7,-7.457035504573326,-7.762722499207985,0.30568699463465965
2025-12-02,HAR-RV-J-H,7,-7.256857420158548,-7.229762981673906,-0.027094438484642325
2025-12-03,HAR-RV-J-H,7,-7.058992929899828,-7.414542865339445,0.3555499354396172
2025-12-04,HAR-RV-J-H,7,-7.347794785273569,-7.3678980318427545,0.020103246569185274
2025-12-05,HAR-RV-J-H,7,-7.561466219241837,-7.581839834067209,0.020373614825371256
2025-12-06,HAR-RV-J-H,7,-9.696511840594232,-7.674941288960923,-2.0215705516333085
2025-12-07,HAR-RV-J-H,7,-8.293293428630856,-8.058624842360631,-0.23466858627022447
2025-12-08,HAR-RV-J-H,7,-7.227863026447627,-7.531732575814811,0.30386954936718347
2025-12-09,HAR-RV-J-H,7,-7.710960999236119,-7.486309817873922,-0.22465118136219697
2025-12-10,HAR-RV-J-H,7,-6.682453263792524,-7.446265418067396,0.7638121542748726
2025-12-11,HAR-RV-J-H,7,-6.740374624315311,-7.431159030862492,0.6907844065471815
2025-12-12,HAR-RV-J-H,7,-7.020317942574881,-7.598376991832508,0.578059049257627
2025-12-13,HAR-RV-J-H,7,-9.6115694039447,-7.68112886532683,-1.9304405386178694
2025-12-14,HAR-RV-J-H,7,-8.628519475678901,-8.39363786432496,-0.23488161135394137
2025-12-15,HAR-RV-J-H,7,-7.534308322325102,-7.8301744619369105,0.2958661396118085
2025-12-16,HAR-RV-J-H,7,-7.663101554070803,-7.477421293844895,-0.185680260225908
2025-12-17,HAR-RV-J-H,7,-8.228128764798534,-7.632151022765242,-0.5959777420332921
2025-12-18,HAR-RV-J-H,7,-8.643584150115842,-7.397330379668748,-1.246253770447094
2025-12-19,HAR-RV-J-H,7,-7.837277913270711,-7.567599078130957,-0.26967883513975366
2025-12-20,HAR-RV-J-H,7,-10.1372374475085,-7.683684468925209,-2.453552978583291
2025-12-21,HAR-RV-J-H,7,-9.816705351087146,-8.460564191905096,-1.3561411591820498
2025-12-22,HAR-RV-J-H,7,-7.7426847782524995,-8.034943719522655,0.2922589412701555
2025-12-23,HAR-RV-J-H,7,-8.070003787107389,-7.551862172464585,-0.5181416146428042
2025-12-24,HAR-RV-J-H,7,-8.62278542607784,-7.571289160858544,-1.0514962652192956
