DOW30_lag3,FTSE100_lag3,NASDAQ_lag3,SP500_lag3,SSE_lag3,VIX_lag3,OIL_lag3,DXY_lag3,GOLD_lag3,SILVER_lag3,TLT_lag3,IEF_lag3,HYG_lag3,LQD_lag3,EEM_lag3,YC_SLOPE_10Y_2Y_lag3,D_DGS2_lag3,D_DGS10_lag3,D_EFFR_lag3,D_HY_OAS_lag3,LOG_HASH_RATE_lag3,LOG_DIFFICULTY_lag3,DLOG_HASH_RATE_lag3,DLOG_DIFFICULTY_lag3,DLOG_MINERS_REV_USD_lag3,DLOG_TX_COUNT_lag3,DLOG_UNIQUE_ADDR_lag3,DLOG_EST_TX_VOL_USD_lag3,DLOG_FEES_USD_lag3,DLOG_FEES_USD_PER_TX_lag3,DLOG_AVG_BLOCK_SIZE_lag3,DLOG_MED_CONFIRM_TIME_lag3,DLOG_AVG_TX_VALUE_USD_lag3,EMA10_lag3,EMA30_lag3,EMA200_lag3,RSI14_lag3,MOM10_lag3,ROC10_lag3,ATR14_lag3,BB_WIDTH_lag3,OBV_lag3,STOCH_K_lag3,log_RV_lag3,DOW30_lag2,FTSE100_lag2,NASDAQ_lag2,SP500_lag2,SSE_lag2,VIX_lag2,OIL_lag2,DXY_lag2,GOLD_lag2,SILVER_lag2,TLT_lag2,IEF_lag2,HYG_lag2,LQD_lag2,EEM_lag2,YC_SLOPE_10Y_2Y_lag2,D_DGS2_lag2,D_DGS10_lag2,D_EFFR_lag2,D_HY_OAS_lag2,LOG_HASH_RATE_lag2,LOG_DIFFICULTY_lag2,DLOG_HASH_RATE_lag2,DLOG_DIFFICULTY_lag2,DLOG_MINERS_REV_USD_lag2,DLOG_TX_COUNT_lag2,DLOG_UNIQUE_ADDR_lag2,DLOG_EST_TX_VOL_USD_lag2,DLOG_FEES_USD_lag2,DLOG_FEES_USD_PER_TX_lag2,DLOG_AVG_BLOCK_SIZE_lag2,DLOG_MED_CONFIRM_TIME_lag2,DLOG_AVG_TX_VALUE_USD_lag2,EMA10_lag2,EMA30_lag2,EMA200_lag2,RSI14_lag2,MOM10_lag2,ROC10_lag2,ATR14_lag2,BB_WIDTH_lag2,OBV_lag2,STOCH_K_lag2,log_RV_lag2,DOW30_lag1,FTSE100_lag1,NASDAQ_lag1,SP500_lag1,SSE_lag1,VIX_lag1,OIL_lag1,DXY_lag1,GOLD_lag1,SILVER_lag1,TLT_lag1,IEF_lag1,HYG_lag1,LQD_lag1,EEM_lag1,YC_SLOPE_10Y_2Y_lag1,D_DGS2_lag1,D_DGS10_lag1,D_EFFR_lag1,D_HY_OAS_lag1,LOG_HASH_RATE_lag1,LOG_DIFFICULTY_lag1,DLOG_HASH_RATE_lag1,DLOG_DIFFICULTY_lag1,DLOG_MINERS_REV_USD_lag1,DLOG_TX_COUNT_lag1,DLOG_UNIQUE_ADDR_lag1,DLOG_EST_TX_VOL_USD_lag1,DLOG_FEES_USD_lag1,DLOG_FEES_USD_PER_TX_lag1,DLOG_AVG_BLOCK_SIZE_lag1,DLOG_MED_CONFIRM_TIME_lag1,DLOG_AVG_TX_VALUE_USD_lag1,EMA10_lag1,EMA30_lag1,EMA200_lag1,RSI14_lag1,MOM10_lag1,ROC10_lag1,ATR14_lag1,BB_WIDTH_lag1,OBV_lag1,STOCH_K_lag1,log_RV_lag1,DOW30,FTSE100,NASDAQ,SP500,SSE,VIX,OIL,DXY,GOLD,SILVER,TLT,IEF,HYG,LQD,EEM,YC_SLOPE_10Y_2Y,D_DGS2,D_DGS10,D_EFFR,D_HY_OAS,LOG_HASH_RATE,LOG_DIFFICULTY,DLOG_HASH_RATE,DLOG_DIFFICULTY,DLOG_MINERS_REV_USD,DLOG_TX_COUNT,DLOG_UNIQUE_ADDR,DLOG_EST_TX_VOL_USD,DLOG_FEES_USD,DLOG_FEES_USD_PER_TX,DLOG_AVG_BLOCK_SIZE,DLOG_MED_CONFIRM_TIME,DLOG_AVG_TX_VALUE_USD,EMA10,EMA30,EMA200,RSI14,MOM10,ROC10,ATR14,BB_WIDTH,OBV,STOCH_K,log_RV,date,h,n_nonzero
-0.0,-0.0,-0.0,-0.0,0.0,0.0,0.0,0.0,0.0,0.0,-0.0,-0.0,-0.0,-0.0,-0.0,0.005695765396811143,0.0,0.0,-0.0,0.0,-0.0,-0.0,-0.0,0.0,-0.0,-0.0,-0.032535825821760296,-0.06800476444104575,-0.0412616166849109,-0.0,-0.0,-0.0,-0.0,0.0,0.0,0.0,-0.0,0.0,-0.0,0.06762722096121898,0.0,-0.02331643611984517,-0.0,0.14360640792065982,-0.0,-0.0,-0.0,-0.0,0.0,0.0,0.0,0.0,-0.0,0.0,-0.011697170863659803,-0.0,-0.0,-0.0,-0.0,0.14861977507047902,0.0,0.0,0.0,0.0,-0.0,-0.0,-0.0,0.0,-0.0,-0.008841124909937652,-0.0,-0.0,0.0,0.0,-0.0,0.0,-0.0,0.0,0.0,0.0,-0.0,-0.0,-0.0,0.018204365549671624,0.0,-0.02025278458335111,-0.0,0.011656316511142168,-0.0,-0.0,-0.0,-0.0,0.0,-0.0,-0.0,0.0,-0.0,0.0,-0.0,0.0,-0.0,0.0,-0.0,0.0,0.0,-0.0,0.015615918455691229,0.0,-0.0,-0.0,-0.0,-0.0,0.0,0.0,0.0,-0.0,0.0,0.0,-0.0,0.0,-0.0,0.0,0.0,0.0,0.0,0.0,0.0,0.0,-0.0,-0.0,0.0,0.0,-0.0,-0.0,-0.0,-0.0,0.0,-0.0,-0.0,0.0,0.0,0.0,0.0,-0.0,-0.0,-0.0,-0.0,0.0,0.0,0.0,0.016439328516808602,0.0,-0.0,-0.0,-0.0,-0.0,0.0,0.0,0.014751248698664607,0.03569241203223443,0.0,0.0,0.0,0.0,0.0,0.0,0.0,0.0,0.0,0.0,0.0,0.003992284737859908,0.0,-0.0,0.0,0.2552375533969984,2024-06-29,3,19
-0.0,-0.0,-0.0,-0.0,0.0,0.0,0.0,0.0,0.0,0.0,-0.0,-0.0,-0.0,-0.0,-0.0,0.005695765396811143,0.0,0.0,-0.0,0.0,-0.0,-0.0,-0.0,0.0,-0.0,-0.0,-0.032535825821760296,-0.06800476444104575,-0.0412616166849109,-0.0,-0.0,-0.0,-0.0,0.0,0.0,0.0,-0.0,0.0,-0.0,0.06762722096121898,0.0,-0.02331643611984517,-0.0,0.14360640792065982,-0.0,-0.0,-0.0,-0.0,0.0,0.0,0.0,0.0,-0.0,0.0,-0.011697170863659803,-0.0,-0.0,-0.0,-0.0,0.14861977507047902,0.0,0.0,0.0,0.0,-0.0,-0.0,-0.0,0.0,-0.0,-0.008841124909937652,-0.0,-0.0,0.0,0.0,-0.0,0.0,-0.0,0.0,0.0,0.0,-0.0,-0.0,-0.0,0.018204365549671624,0.0,-0.02025278458335111,-0.0,0.011656316511142168,-0.0,-0.0,-0.0,-0.0,0.0,-0.0,-0.0,0.0,-0.0,0.0,-0.0,0.0,-0.0,0.0,-0.0,0.0,0.0,-0.0,0.015615918455691229,0.0,-0.0,-0.0,-0.0,-0.0,0.0,0.0,0.0,-0.0,0.0,0.0,-0.0,0.0,-0.0,0.0,0.0,0.0,0.0,0.0,0.0,0.0,-0.0,-0.0,0.0,0.0,-0.0,-0.0,-0.0,-0.0,0.0,-0.0,-0.0,0.0,0.0,0.0,0.0,-0.0,-0.0,-0.0,-0.0,0.0,0.0,0.0,0.016439328516808602,0.0,-0.0,-0.0,-0.0,-0.0,0.0,0.0,0.014751248698664607,0.03569241203223443,0.0,0.0,0.0,0.0,0.0,0.0,0.0,0.0,0.0,0.0,0.0,0.003992284737859908,0.0,-0.0,0.0,0.2552375533969984,2024-06-30,3,19
-0.0,-0.0,-0.0,-0.0,0.0,0.0,0.0,0.0,0.0,0.0,-0.0,-0.0,-0.0,-0.0,-0.0,0.005695765396811143,0.0,0.0,-0.0,0.0,-0.0,-0.0,-0.0,0.0,-0.0,-0.0,-0.032535825821760296,-0.06800476444104575,-0.0412616166849109,-0.0,-0.0,-0.0,-0.0,0.0,0.0,0.0,-0.0,0.0,-0.0,0.06762722096121898,0.0,-0.02331643611984517,-0.0,0.14360640792065982,-0.0,-0.0,-0.0,-0.0,0.0,0.0,0.0,0.0,-0.0,0.0,-0.011697170863659803,-0.0,-0.0,-0.0,-0.0,0.14861977507047902,0.0,0.0,0.0,0.0,-0.0,-0.0,-0.0,0.0,-0.0,-0.008841124909937652,-0.0,-0.0,0.0,0.0,-0.0,0.0,-0.0,0.0,0.0,0.0,-0.0,-0.0,-0.0,0.018204365549671624,0.0,-0.02025278458335111,-0.0,0.011656316511142168,-0.0,-0.0,-0.0,-0.0,0.0,-0.0,-0.0,0.0,-0.0,0.0,-0.0,0.0,-0.0,0.0,-0.0,0.0,0.0,-0.0,0.015615918455691229,0.0,-0.0,-0.0,-0.0,-0.0,0.0,0.0,0.0,-0.0,0.0,0.0,-0.0,0.0,-0.0,0.0,0.0,0.0,0.0,0.0,0.0,0.0,-0.0,-0.0,0.0,0.0,-0.0,-0.0,-0.0,-0.0,0.0,-0.0,-0.0,0.0,0.0,0.0,0.0,-0.0,-0.0,-0.0,-0.0,0.0,0.0,0.0,0.016439328516808602,0.0,-0.0,-0.0,-0.0,-0.0,0.0,0.0,0.014751248698664607,0.03569241203223443,0.0,0.0,0.0,0.0,0.0,0.0,0.0,0.0,0.0,0.0,0.0,0.003992284737859908,0.0,-0.0,0.0,0.2552375533969984,2024-07-01,3,19
-0.0,-0.0,-0.0,-0.0,0.0,0.0,0.0,0.0,0.0,0.0,-0.0,-0.0,-0.0,-0.0,-0.0,0.005695765396811143,0.0,0.0,-0.0,0.0,-0.0,-0.0,-0.0,0.0,-0.0,-0.0,-0.032535825821760296,-0.06800476444104575,-0.0412616166849109,-0.0,-0.0,-0.0,-0.0,0.0,0.0,0.0,-0.0,0.0,-0.0,0.06762722096121898,0.0,-0.02331643611984517,-0.0,0.14360640792065982,-0.0,-0.0,-0.0,-0.0,0.0,0.0,0.0,0.0,-0.0,0.0,-0.011697170863659803,-0.0,-0.0,-0.0,-0.0,0.14861977507047902,0.0,0.0,0.0,0.0,-0.0,-0.0,-0.0,0.0,-0.0,-0.008841124909937652,-0.0,-0.0,0.0,0.0,-0.0,0.0,-0.0,0.0,0.0,0.0,-0.0,-0.0,-0.0,0.018204365549671624,0.0,-0.02025278458335111,-0.0,0.011656316511142168,-0.0,-0.0,-0.0,-0.0,0.0,-0.0,-0.0,0.0,-0.0,0.0,-0.0,0.0,-0.0,0.0,-0.0,0.0,0.0,-0.0,0.015615918455691229,0.0,-0.0,-0.0,-0.0,-0.0,0.0,0.0,0.0,-0.0,0.0,0.0,-0.0,0.0,-0.0,0.0,0.0,0.0,0.0,0.0,0.0,0.0,-0.0,-0.0,0.0,0.0,-0.0,-0.0,-0.0,-0.0,0.0,-0.0,-0.0,0.0,0.0,0.0,0.0,-0.0,-0.0,-0.0,-0.0,0.0,0.0,0.0,0.016439328516808602,0.0,-0.0,-0.0,-0.0,-0.0,0.0,0.0,0.014751248698664607,0.03569241203223443,0.0,0.0,0.0,0.0,0.0,0.0,0.0,0.0,0.0,0.0,0.0,0.003992284737859908,0.0,-0.0,0.0,0.2552375533969984,2024-07-02,3,19
-0.0,-0.0,-0.0,-0.0,0.0,0.0,0.0,0.0,0.0,0.0,-0.0,-0.0,-0.0,-0.0,-0.0,0.005695765396811143,0.0,0.0,-0.0,0.0,-0.0,-0.0,-0.0,0.0,-0.0,-0.0,-0.032535825821760296,-0.06800476444104575,-0.0412616166849109,-0.0,-0.0,-0.0,-0.0,0.0,0.0,0.0,-0.0,0.0,-0.0,0.06762722096121898,0.0,-0.02331643611984517,-0.0,0.14360640792065982,-0.0,-0.0,-0.0,-0.0,0.0,0.0,0.0,0.0,-0.0,0.0,-0.011697170863659803,-0.0,-0.0,-0.0,-0.0,0.14861977507047902,0.0,0.0,0.0,0.0,-0.0,-0.0,-0.0,0.0,-0.0,-0.008841124909937652,-0.0,-0.0,0.0,0.0,-0.0,0.0,-0.0,0.0,0.0,0.0,-0.0,-0.0,-0.0,0.018204365549671624,0.0,-0.02025278458335111,-0.0,0.011656316511142168,-0.0,-0.0,-0.0,-0.0,0.0,-0.0,-0.0,0.0,-0.0,0.0,-0.0,0.0,-0.0,0.0,-0.0,0.0,0.0,-0.0,0.015615918455691229,0.0,-0.0,-0.0,-0.0,-0.0,0.0,0.0,0.0,-0.0,0.0,0.0,-0.0,0.0,-0.0,0.0,0.0,0.0,0.0,0.0,0.0,0.0,-0.0,-0.0,0.0,0.0,-0.0,-0.0,-0.0,-0.0,0.0,-0.0,-0.0,0.0,0.0,0.0,0.0,-0.0,-0.0,-0.0,-0.0,0.0,0.0,0.0,0.016439328516808602,0.0,-0.0,-0.0,-0.0,-0.0,0.0,0.0,0.014751248698664607,0.03569241203223443,0.0,0.0,0.0,0.0,0.0,0.0,0.0,0.0,0.0,0.0,0.0,0.003992284737859908,0.0,-0.0,0.0,0.2552375533969984,2024-07-03,3,19
-0.0,-0.0,-0.0,-0.0,0.0,0.0,0.0,0.0,0.0,0.0,-0.0,-0.0,-0.0,-0.0,-0.0,0.005695765396811143,0.0,0.0,-0.0,0.0,-0.0,-0.0,-0.0,0.0,-0.0,-0.0,-0.032535825821760296,-0.06800476444104575,-0.0412616166849109,-0.0,-0.0,-0.0,-0.0,0.0,0.0,0.0,-0.0,0.0,-0.0,0.06762722096121898,0.0,-0.02331643611984517,-0.0,0.14360640792065982,-0.0,-0.0,-0.0,-0.0,0.0,0.0,0.0,0.0,-0.0,0.0,-0.011697170863659803,-0.0,-0.0,-0.0,-0.0,0.14861977507047902,0.0,0.0,0.0,0.0,-0.0,-0.0,-0.0,0.0,-0.0,-0.008841124909937652,-0.0,-0.0,0.0,0.0,-0.0,0.0,-0.0,0.0,0.0,0.0,-0.0,-0.0,-0.0,0.018204365549671624,0.0,-0.02025278458335111,-0.0,0.011656316511142168,-0.0,-0.0,-0.0,-0.0,0.0,-0.0,-0.0,0.0,-0.0,0.0,-0.0,0.0,-0.0,0.0,-0.0,0.0,0.0,-0.0,0.015615918455691229,0.0,-0.0,-0.0,-0.0,-0.0,0.0,0.0,0.0,-0.0,0.0,0.0,-0.0,0.0,-0.0,0.0,0.0,0.0,0.0,0.0,0.0,0.0,-0.0,-0.0,0.0,0.0,-0.0,-0.0,-0.0,-0.0,0.0,-0.0,-0.0,0.0,0.0,0.0,0.0,-0.0,-0.0,-0.0,-0.0,0.0,0.0,0.0,0.016439328516808602,0.0,-0.0,-0.0,-0.0,-0.0,0.0,0.0,0.014751248698664607,0.03569241203223443,0.0,0.0,0.0,0.0,0.0,0.0,0.0,0.0,0.0,0.0,0.0,0.003992284737859908,0.0,-0.0,0.0,0.2552375533969984,2024-07-04,3,19
-0.0,-0.0,-0.0,-0.0,0.0,0.0,0.0,0.0,0.0,0.0,-0.0,-0.0,-0.0,-0.0,-0.0,0.005695765396811143,0.0,0.0,-0.0,0.0,-0.0,-0.0,-0.0,0.0,-0.0,-0.0,-0.032535825821760296,-0.06800476444104575,-0.0412616166849109,-0.0,-0.0,-0.0,-0.0,0.0,0.0,0.0,-0.0,0.0,-0.0,0.06762722096121898,0.0,-0.02331643611984517,-0.0,0.14360640792065982,-0.0,-0.0,-0.0,-0.0,0.0,0.0,0.0,0.0,-0.0,0.0,-0.011697170863659803,-0.0,-0.0,-0.0,-0.0,0.14861977507047902,0.0,0.0,0.0,0.0,-0.0,-0.0,-0.0,0.0,-0.0,-0.008841124909937652,-0.0,-0.0,0.0,0.0,-0.0,0.0,-0.0,0.0,0.0,0.0,-0.0,-0.0,-0.0,0.018204365549671624,0.0,-0.02025278458335111,-0.0,0.011656316511142168,-0.0,-0.0,-0.0,-0.0,0.0,-0.0,-0.0,0.0,-0.0,0.0,-0.0,0.0,-0.0,0.0,-0.0,0.0,0.0,-0.0,0.015615918455691229,0.0,-0.0,-0.0,-0.0,-0.0,0.0,0.0,0.0,-0.0,0.0,0.0,-0.0,0.0,-0.0,0.0,0.0,0.0,0.0,0.0,0.0,0.0,-0.0,-0.0,0.0,0.0,-0.0,-0.0,-0.0,-0.0,0.0,-0.0,-0.0,0.0,0.0,0.0,0.0,-0.0,-0.0,-0.0,-0.0,0.0,0.0,0.0,0.016439328516808602,0.0,-0.0,-0.0,-0.0,-0.0,0.0,0.0,0.014751248698664607,0.03569241203223443,0.0,0.0,0.0,0.0,0.0,0.0,0.0,0.0,0.0,0.0,0.0,0.003992284737859908,0.0,-0.0,0.0,0.2552375533969984,2024-07-05,3,19
-0.0,-0.0,-0.0,-0.0,0.0,0.0,0.0,0.0,0.0,0.0,-0.0,-0.0,-0.0,-0.0,-0.0,0.029764821007958478,0.0,0.0,-0.0,0.0,-0.0,-0.0,-0.0,0.0,-0.0,-0.0,-0.03257876488657282,-0.06609217255249426,-0.03995334791294154,-0.0,-0.0,-0.0,-0.0,0.0,0.0,0.0,-0.0,-0.0,-0.0,0.07145036092269012,0.0,-0.02212698753071157,-0.0,0.14534996046348897,-0.0,-0.0,-0.0,-0.0,0.0,0.0,0.0,0.0,-0.0,0.0,-0.01338590592075627,-0.0,-0.0,-0.0,-0.0,0.1287494757088202,0.0,0.0,0.0,0.0,-0.0,-0.0,-0.0,-0.0,-0.0,-0.002778582338378839,-0.0,-0.0,0.0,0.0,-0.0,0.0,-0.0,0.0,0.0,0.0,-0.0,-0.0,-0.0,0.015218764304311268,0.0,-0.015851635327878824,-0.0,0.01108060766718353,-0.0,-0.0,-0.0,-0.0,0.0,-0.0,-0.0,0.0,-0.0,0.0,-0.0,0.0,-0.0,0.0,-0.0,0.0,0.0,-0.0,0.015909629929265062,0.0,-0.0,-0.0,-0.0,-0.0,0.0,0.0,0.0,-0.0,0.0,0.0,-0.0,0.0,-0.0,0.0,0.0,0.0,0.0,0.0,0.0,0.0,-0.0,-0.0,0.0,0.0,-0.0,-0.0,-0.0,-0.0,0.0,-0.0,-0.0,0.0,0.0,0.0,0.0,-0.0,-0.0,-0.0,-0.0,0.0,0.0,-0.0,0.017048880100905585,0.0,-0.0,-0.0,-0.0,-0.0,-0.0,0.0,0.014941554760368944,0.035899165291296886,0.0,0.0,0.0,0.0,0.0,0.0,0.0,0.0,0.0,0.0,0.0,0.0017698830327637148,0.0,-0.0,0.0,0.25158634472206143,2024-07-06,3,19
-0.0,-0.0,-0.0,-0.0,0.0,0.0,0.0,0.0,0.0,0.0,-0.0,-0.0,-0.0,-0.0,-0.0,0.029764821007958478,0.0,0.0,-0.0,0.0,-0.0,-0.0,-0.0,0.0,-0.0,-0.0,-0.03257876488657282,-0.06609217255249426,-0.03995334791294154,-0.0,-0.0,-0.0,-0.0,0.0,0.0,0.0,-0.0,-0.0,-0.0,0.07145036092269012,0.0,-0.02212698753071157,-0.0,0.14534996046348897,-0.0,-0.0,-0.0,-0.0,0.0,0.0,0.0,0.0,-0.0,0.0,-0.01338590592075627,-0.0,-0.0,-0.0,-0.0,0.1287494757088202,0.0,0.0,0.0,0.0,-0.0,-0.0,-0.0,-0.0,-0.0,-0.002778582338378839,-0.0,-0.0,0.0,0.0,-0.0,0.0,-0.0,0.0,0.0,0.0,-0.0,-0.0,-0.0,0.015218764304311268,0.0,-0.015851635327878824,-0.0,0.01108060766718353,-0.0,-0.0,-0.0,-0.0,0.0,-0.0,-0.0,0.0,-0.0,0.0,-0.0,0.0,-0.0,0.0,-0.0,0.0,0.0,-0.0,0.015909629929265062,0.0,-0.0,-0.0,-0.0,-0.0,0.0,0.0,0.0,-0.0,0.0,0.0,-0.0,0.0,-0.0,0.0,0.0,0.0,0.0,0.0,0.0,0.0,-0.0,-0.0,0.0,0.0,-0.0,-0.0,-0.0,-0.0,0.0,-0.0,-0.0,0.0,0.0,0.0,0.0,-0.0,-0.0,-0.0,-0.0,0.0,0.0,-0.0,0.017048880100905585,0.0,-0.0,-0.0,-0.0,-0.0,-0.0,0.0,0.014941554760368944,0.035899165291296886,0.0,0.0,0.0,0.0,0.0,0.0,0.0,0.0,0.0,0.0,0.0,0.0017698830327637148,0.0,-0.0,0.0,0.25158634472206143,2024-07-07,3,19
-0.0,-0.0,-0.0,-0.0,0.0,0.0,0.0,0.0,0.0,0.0,-0.0,-0.0,-0.0,-0.0,-0.0,0.029764821007958478,0.0,0.0,-0.0,0.0,-0.0,-0.0,-0.0,0.0,-0.0,-0.0,-0.03257876488657282,-0.06609217255249426,-0.03995334791294154,-0.0,-0.0,-0.0,-0.0,0.0,0.0,0.0,-0.0,-0.0,-0.0,0.07145036092269012,0.0,-0.02212698753071157,-0.0,0.14534996046348897,-0.0,-0.0,-0.0,-0.0,0.0,0.0,0.0,0.0,-0.0,0.0,-0.01338590592075627,-0.0,-0.0,-0.0,-0.0,0.1287494757088202,0.0,0.0,0.0,0.0,-0.0,-0.0,-0.0,-0.0,-0.0,-0.002778582338378839,-0.0,-0.0,0.0,0.0,-0.0,0.0,-0.0,0.0,0.0,0.0,-0.0,-0.0,-0.0,0.015218764304311268,0.0,-0.015851635327878824,-0.0,0.01108060766718353,-0.0,-0.0,-0.0,-0.0,0.0,-0.0,-0.0,0.0,-0.0,0.0,-0.0,0.0,-0.0,0.0,-0.0,0.0,0.0,-0.0,0.015909629929265062,0.0,-0.0,-0.0,-0.0,-0.0,0.0,0.0,0.0,-0.0,0.0,0.0,-0.0,0.0,-0.0,0.0,0.0,0.0,0.0,0.0,0.0,0.0,-0.0,-0.0,0.0,0.0,-0.0,-0.0,-0.0,-0.0,0.0,-0.0,-0.0,0.0,0.0,0.0,0.0,-0.0,-0.0,-0.0,-0.0,0.0,0.0,-0.0,0.017048880100905585,0.0,-0.0,-0.0,-0.0,-0.0,-0.0,0.0,0.014941554760368944,0.035899165291296886,0.0,0.0,0.0,0.0,0.0,0.0,0.0,0.0,0.0,0.0,0.0,0.0017698830327637148,0.0,-0.0,0.0,0.25158634472206143,2024-07-08,3,19
-0.0,-0.0,-0.0,-0.0,0.0,0.0,0.0,0.0,0.0,0.0,-0.0,-0.0,-0.0,-0.0,-0.0,0.029764821007958478,0.0,0.0,-0.0,0.0,-0.0,-0.0,-0.0,0.0,-0.0,-0.0,-0.03257876488657282,-0.06609217255249426,-0.03995334791294154,-0.0,-0.0,-0.0,-0.0,0.0,0.0,0.0,-0.0,-0.0,-0.0,0.07145036092269012,0.0,-0.02212698753071157,-0.0,0.14534996046348897,-0.0,-0.0,-0.0,-0.0,0.0,0.0,0.0,0.0,-0.0,0.0,-0.01338590592075627,-0.0,-0.0,-0.0,-0.0,0.1287494757088202,0.0,0.0,0.0,0.0,-0.0,-0.0,-0.0,-0.0,-0.0,-0.002778582338378839,-0.0,-0.0,0.0,0.0,-0.0,0.0,-0.0,0.0,0.0,0.0,-0.0,-0.0,-0.0,0.015218764304311268,0.0,-0.015851635327878824,-0.0,0.01108060766718353,-0.0,-0.0,-0.0,-0.0,0.0,-0.0,-0.0,0.0,-0.0,0.0,-0.0,0.0,-0.0,0.0,-0.0,0.0,0.0,-0.0,0.015909629929265062,0.0,-0.0,-0.0,-0.0,-0.0,0.0,0.0,0.0,-0.0,0.0,0.0,-0.0,0.0,-0.0,0.0,0.0,0.0,0.0,0.0,0.0,0.0,-0.0,-0.0,0.0,0.0,-0.0,-0.0,-0.0,-0.0,0.0,-0.0,-0.0,0.0,0.0,0.0,0.0,-0.0,-0.0,-0.0,-0.0,0.0,0.0,-0.0,0.017048880100905585,0.0,-0.0,-0.0,-0.0,-0.0,-0.0,0.0,0.014941554760368944,0.035899165291296886,0.0,0.0,0.0,0.0,0.0,0.0,0.0,0.0,0.0,0.0,0.0,0.0017698830327637148,0.0,-0.0,0.0,0.25158634472206143,2024-07-09,3,19
-0.0,-0.0,-0.0,-0.0,0.0,0.0,0.0,0.0,0.0,0.0,-0.0,-0.0,-0.0,-0.0,-0.0,0.029764821007958478,0.0,0.0,-0.0,0.0,-0.0,-0.0,-0.0,0.0,-0.0,-0.0,-0.03257876488657282,-0.06609217255249426,-0.03995334791294154,-0.0,-0.0,-0.0,-0.0,0.0,0.0,0.0,-0.0,-0.0,-0.0,0.07145036092269012,0.0,-0.02212698753071157,-0.0,0.14534996046348897,-0.0,-0.0,-0.0,-0.0,0.0,0.0,0.0,0.0,-0.0,0.0,-0.01338590592075627,-0.0,-0.0,-0.0,-0.0,0.1287494757088202,0.0,0.0,0.0,0.0,-0.0,-0.0,-0.0,-0.0,-0.0,-0.002778582338378839,-0.0,-0.0,0.0,0.0,-0.0,0.0,-0.0,0.0,0.0,0.0,-0.0,-0.0,-0.0,0.015218764304311268,0.0,-0.015851635327878824,-0.0,0.01108060766718353,-0.0,-0.0,-0.0,-0.0,0.0,-0.0,-0.0,0.0,-0.0,0.0,-0.0,0.0,-0.0,0.0,-0.0,0.0,0.0,-0.0,0.015909629929265062,0.0,-0.0,-0.0,-0.0,-0.0,0.0,0.0,0.0,-0.0,0.0,0.0,-0.0,0.0,-0.0,0.0,0.0,0.0,0.0,0.0,0.0,0.0,-0.0,-0.0,0.0,0.0,-0.0,-0.0,-0.0,-0.0,0.0,-0.0,-0.0,0.0,0.0,0.0,0.0,-0.0,-0.0,-0.0,-0.0,0.0,0.0,-0.0,0.017048880100905585,0.0,-0.0,-0.0,-0.0,-0.0,-0.0,0.0,0.014941554760368944,0.035899165291296886,0.0,0.0,0.0,0.0,0.0,0.0,0.0,0.0,0.0,0.0,0.0,0.0017698830327637148,0.0,-0.0,0.0,0.25158634472206143,2024-07-10,3,19
-0.0,-0.0,-0.0,-0.0,0.0,0.0,0.0,0.0,0.0,0.0,-0.0,-0.0,-0.0,-0.0,-0.0,0.029764821007958478,0.0,0.0,-0.0,0.0,-0.0,-0.0,-0.0,0.0,-0.0,-0.0,-0.03257876488657282,-0.06609217255249426,-0.03995334791294154,-0.0,-0.0,-0.0,-0.0,0.0,0.0,0.0,-0.0,-0.0,-0.0,0.07145036092269012,0.0,-0.02212698753071157,-0.0,0.14534996046348897,-0.0,-0.0,-0.0,-0.0,0.0,0.0,0.0,0.0,-0.0,0.0,-0.01338590592075627,-0.0,-0.0,-0.0,-0.0,0.1287494757088202,0.0,0.0,0.0,0.0,-0.0,-0.0,-0.0,-0.0,-0.0,-0.002778582338378839,-0.0,-0.0,0.0,0.0,-0.0,0.0,-0.0,0.0,0.0,0.0,-0.0,-0.0,-0.0,0.015218764304311268,0.0,-0.015851635327878824,-0.0,0.01108060766718353,-0.0,-0.0,-0.0,-0.0,0.0,-0.0,-0.0,0.0,-0.0,0.0,-0.0,0.0,-0.0,0.0,-0.0,0.0,0.0,-0.0,0.015909629929265062,0.0,-0.0,-0.0,-0.0,-0.0,0.0,0.0,0.0,-0.0,0.0,0.0,-0.0,0.0,-0.0,0.0,0.0,0.0,0.0,0.0,0.0,0.0,-0.0,-0.0,0.0,0.0,-0.0,-0.0,-0.0,-0.0,0.0,-0.0,-0.0,0.0,0.0,0.0,0.0,-0.0,-0.0,-0.0,-0.0,0.0,0.0,-0.0,0.017048880100905585,0.0,-0.0,-0.0,-0.0,-0.0,-0.0,0.0,0.014941554760368944,0.035899165291296886,0.0,0.0,0.0,0.0,0.0,0.0,0.0,0.0,0.0,0.0,0.0,0.0017698830327637148,0.0,-0.0,0.0,0.25158634472206143,2024-07-11,3,19
-0.0,-0.0,-0.0,-0.0,0.0,0.0,0.0,0.0,0.0,0.0,-0.0,-0.0,-0.0,-0.0,-0.0,0.029764821007958478,0.0,0.0,-0.0,0.0,-0.0,-0.0,-0.0,0.0,-0.0,-0.0,-0.03257876488657282,-0.06609217255249426,-0.03995334791294154,-0.0,-0.0,-0.0,-0.0,0.0,0.0,0.0,-0.0,-0.0,-0.0,0.07145036092269012,0.0,-0.02212698753071157,-0.0,0.14534996046348897,-0.0,-0.0,-0.0,-0.0,0.0,0.0,0.0,0.0,-0.0,0.0,-0.01338590592075627,-0.0,-0.0,-0.0,-0.0,0.1287494757088202,0.0,0.0,0.0,0.0,-0.0,-0.0,-0.0,-0.0,-0.0,-0.002778582338378839,-0.0,-0.0,0.0,0.0,-0.0,0.0,-0.0,0.0,0.0,0.0,-0.0,-0.0,-0.0,0.015218764304311268,0.0,-0.015851635327878824,-0.0,0.01108060766718353,-0.0,-0.0,-0.0,-0.0,0.0,-0.0,-0.0,0.0,-0.0,0.0,-0.0,0.0,-0.0,0.0,-0.0,0.0,0.0,-0.0,0.015909629929265062,0.0,-0.0,-0.0,-0.0,-0.0,0.0,0.0,0.0,-0.0,0.0,0.0,-0.0,0.0,-0.0,0.0,0.0,0.0,0.0,0.0,0.0,0.0,-0.0,-0.0,0.0,0.0,-0.0,-0.0,-0.0,-0.0,0.0,-0.0,-0.0,0.0,0.0,0.0,0.0,-0.0,-0.0,-0.0,-0.0,0.0,0.0,-0.0,0.017048880100905585,0.0,-0.0,-0.0,-0.0,-0.0,-0.0,0.0,0.014941554760368944,0.035899165291296886,0.0,0.0,0.0,0.0,0.0,0.0,0.0,0.0,0.0,0.0,0.0,0.0017698830327637148,0.0,-0.0,0.0,0.25158634472206143,2024-07-12,3,19
-0.0,-0.0,-0.0,-0.0,0.0,0.0,0.0,0.0,0.0,0.0,-0.0,-0.0,-0.0,-0.0,-0.0,0.044651495490201254,0.0,0.0,-0.0,0.0,-0.0,-0.0,-0.0,0.0,-0.0,-0.0,-0.031285070778650254,-0.06589346851688573,-0.041326666738347194,-0.0,-0.0,-0.0,-0.0,0.0,0.0,0.0,-0.0,-0.0,-0.0,0.06933610925529188,0.000184623427523265,-0.02975710463281109,-0.0,0.14399587454067894,-0.0,-0.0,-0.0,-0.0,0.0,0.0,0.0,0.0,0.0,0.0,-0.011786999181914731,-0.0,-0.0,-0.0,-0.0,0.11701972435364538,0.0,0.0,0.0,0.0,-0.0,-0.0,-0.0,-0.0,-0.0,-0.004339745128474187,-0.0,-0.0,0.0,0.0,-0.0,0.0,-0.0,0.0,0.0,0.0,-0.0,-0.0,-0.0,0.015356146892006766,0.0,-0.006520239507711126,-0.0,0.013400657990811046,-0.0,-0.0,-0.0,-0.0,0.0,-0.0,-0.0,0.0,-0.0,0.0,0.0,0.0,-0.0,0.0,-0.0,0.0,0.0,-0.0,0.015979222195614082,0.0,-0.0,-0.0,-0.0,-0.0,0.0,0.0,0.0,-0.0,0.0,0.0,-0.0,0.0,-0.0,0.0,0.0,0.0,0.0,0.0,0.0,0.0,-0.0,-0.0,0.0,0.0,-0.0,-0.0,-0.0,-0.0,0.0,-0.0,-0.0,0.0,0.0,0.0,0.0,-0.0,-0.0,-0.0,-0.0,0.0,0.0,-0.0,0.01719755305635438,0.0,-0.0,-0.0,-0.0,-0.0,0.0,0.0,0.014456432193923662,0.03516648856332675,0.0,0.0,0.0,0.0,0.0,0.0,0.0,0.0,0.0,0.0,0.0,0.0,0.0,-0.0,0.0,0.25188081626813813,2024-07-13,3,19
-0.0,-0.0,-0.0,-0.0,0.0,0.0,0.0,0.0,0.0,0.0,-0.0,-0.0,-0.0,-0.0,-0.0,0.044651495490201254,0.0,0.0,-0.0,0.0,-0.0,-0.0,-0.0,0.0,-0.0,-0.0,-0.031285070778650254,-0.06589346851688573,-0.041326666738347194,-0.0,-0.0,-0.0,-0.0,0.0,0.0,0.0,-0.0,-0.0,-0.0,0.06933610925529188,0.000184623427523265,-0.02975710463281109,-0.0,0.14399587454067894,-0.0,-0.0,-0.0,-0.0,0.0,0.0,0.0,0.0,0.0,0.0,-0.011786999181914731,-0.0,-0.0,-0.0,-0.0,0.11701972435364538,0.0,0.0,0.0,0.0,-0.0,-0.0,-0.0,-0.0,-0.0,-0.004339745128474187,-0.0,-0.0,0.0,0.0,-0.0,0.0,-0.0,0.0,0.0,0.0,-0.0,-0.0,-0.0,0.015356146892006766,0.0,-0.006520239507711126,-0.0,0.013400657990811046,-0.0,-0.0,-0.0,-0.0,0.0,-0.0,-0.0,0.0,-0.0,0.0,0.0,0.0,-0.0,0.0,-0.0,0.0,0.0,-0.0,0.015979222195614082,0.0,-0.0,-0.0,-0.0,-0.0,0.0,0.0,0.0,-0.0,0.0,0.0,-0.0,0.0,-0.0,0.0,0.0,0.0,0.0,0.0,0.0,0.0,-0.0,-0.0,0.0,0.0,-0.0,-0.0,-0.0,-0.0,0.0,-0.0,-0.0,0.0,0.0,0.0,0.0,-0.0,-0.0,-0.0,-0.0,0.0,0.0,-0.0,0.01719755305635438,0.0,-0.0,-0.0,-0.0,-0.0,0.0,0.0,0.014456432193923662,0.03516648856332675,0.0,0.0,0.0,0.0,0.0,0.0,0.0,0.0,0.0,0.0,0.0,0.0,0.0,-0.0,0.0,0.25188081626813813,2024-07-14,3,19
-0.0,-0.0,-0.0,-0.0,0.0,0.0,0.0,0.0,0.0,0.0,-0.0,-0.0,-0.0,-0.0,-0.0,0.044651495490201254,0.0,0.0,-0.0,0.0,-0.0,-0.0,-0.0,0.0,-0.0,-0.0,-0.031285070778650254,-0.06589346851688573,-0.041326666738347194,-0.0,-0.0,-0.0,-0.0,0.0,0.0,0.0,-0.0,-0.0,-0.0,0.06933610925529188,0.000184623427523265,-0.02975710463281109,-0.0,0.14399587454067894,-0.0,-0.0,-0.0,-0.0,0.0,0.0,0.0,0.0,0.0,0.0,-0.011786999181914731,-0.0,-0.0,-0.0,-0.0,0.11701972435364538,0.0,0.0,0.0,0.0,-0.0,-0.0,-0.0,-0.0,-0.0,-0.004339745128474187,-0.0,-0.0,0.0,0.0,-0.0,0.0,-0.0,0.0,0.0,0.0,-0.0,-0.0,-0.0,0.015356146892006766,0.0,-0.006520239507711126,-0.0,0.013400657990811046,-0.0,-0.0,-0.0,-0.0,0.0,-0.0,-0.0,0.0,-0.0,0.0,0.0,0.0,-0.0,0.0,-0.0,0.0,0.0,-0.0,0.015979222195614082,0.0,-0.0,-0.0,-0.0,-0.0,0.0,0.0,0.0,-0.0,0.0,0.0,-0.0,0.0,-0.0,0.0,0.0,0.0,0.0,0.0,0.0,0.0,-0.0,-0.0,0.0,0.0,-0.0,-0.0,-0.0,-0.0,0.0,-0.0,-0.0,0.0,0.0,0.0,0.0,-0.0,-0.0,-0.0,-0.0,0.0,0.0,-0.0,0.01719755305635438,0.0,-0.0,-0.0,-0.0,-0.0,0.0,0.0,0.014456432193923662,0.03516648856332675,0.0,0.0,0.0,0.0,0.0,0.0,0.0,0.0,0.0,0.0,0.0,0.0,0.0,-0.0,0.0,0.25188081626813813,2024-07-15,3,19
-0.0,-0.0,-0.0,-0.0,0.0,0.0,0.0,0.0,0.0,0.0,-0.0,-0.0,-0.0,-0.0,-0.0,0.044651495490201254,0.0,0.0,-0.0,0.0,-0.0,-0.0,-0.0,0.0,-0.0,-0.0,-0.031285070778650254,-0.06589346851688573,-0.041326666738347194,-0.0,-0.0,-0.0,-0.0,0.0,0.0,0.0,-0.0,-0.0,-0.0,0.06933610925529188,0.000184623427523265,-0.02975710463281109,-0.0,0.14399587454067894,-0.0,-0.0,-0.0,-0.0,0.0,0.0,0.0,0.0,0.0,0.0,-0.011786999181914731,-0.0,-0.0,-0.0,-0.0,0.11701972435364538,0.0,0.0,0.0,0.0,-0.0,-0.0,-0.0,-0.0,-0.0,-0.004339745128474187,-0.0,-0.0,0.0,0.0,-0.0,0.0,-0.0,0.0,0.0,0.0,-0.0,-0.0,-0.0,0.015356146892006766,0.0,-0.006520239507711126,-0.0,0.013400657990811046,-0.0,-0.0,-0.0,-0.0,0.0,-0.0,-0.0,0.0,-0.0,0.0,0.0,0.0,-0.0,0.0,-0.0,0.0,0.0,-0.0,0.015979222195614082,0.0,-0.0,-0.0,-0.0,-0.0,0.0,0.0,0.0,-0.0,0.0,0.0,-0.0,0.0,-0.0,0.0,0.0,0.0,0.0,0.0,0.0,0.0,-0.0,-0.0,0.0,0.0,-0.0,-0.0,-0.0,-0.0,0.0,-0.0,-0.0,0.0,0.0,0.0,0.0,-0.0,-0.0,-0.0,-0.0,0.0,0.0,-0.0,0.01719755305635438,0.0,-0.0,-0.0,-0.0,-0.0,0.0,0.0,0.014456432193923662,0.03516648856332675,0.0,0.0,0.0,0.0,0.0,0.0,0.0,0.0,0.0,0.0,0.0,0.0,0.0,-0.0,0.0,0.25188081626813813,2024-07-16,3,19
-0.0,-0.0,-0.0,-0.0,0.0,0.0,0.0,0.0,0.0,0.0,-0.0,-0.0,-0.0,-0.0,-0.0,0.044651495490201254,0.0,0.0,-0.0,0.0,-0.0,-0.0,-0.0,0.0,-0.0,-0.0,-0.031285070778650254,-0.06589346851688573,-0.041326666738347194,-0.0,-0.0,-0.0,-0.0,0.0,0.0,0.0,-0.0,-0.0,-0.0,0.06933610925529188,0.000184623427523265,-0.02975710463281109,-0.0,0.14399587454067894,-0.0,-0.0,-0.0,-0.0,0.0,0.0,0.0,0.0,0.0,0.0,-0.011786999181914731,-0.0,-0.0,-0.0,-0.0,0.11701972435364538,0.0,0.0,0.0,0.0,-0.0,-0.0,-0.0,-0.0,-0.0,-0.004339745128474187,-0.0,-0.0,0.0,0.0,-0.0,0.0,-0.0,0.0,0.0,0.0,-0.0,-0.0,-0.0,0.015356146892006766,0.0,-0.006520239507711126,-0.0,0.013400657990811046,-0.0,-0.0,-0.0,-0.0,0.0,-0.0,-0.0,0.0,-0.0,0.0,0.0,0.0,-0.0,0.0,-0.0,0.0,0.0,-0.0,0.015979222195614082,0.0,-0.0,-0.0,-0.0,-0.0,0.0,0.0,0.0,-0.0,0.0,0.0,-0.0,0.0,-0.0,0.0,0.0,0.0,0.0,0.0,0.0,0.0,-0.0,-0.0,0.0,0.0,-0.0,-0.0,-0.0,-0.0,0.0,-0.0,-0.0,0.0,0.0,0.0,0.0,-0.0,-0.0,-0.0,-0.0,0.0,0.0,-0.0,0.01719755305635438,0.0,-0.0,-0.0,-0.0,-0.0,0.0,0.0,0.014456432193923662,0.03516648856332675,0.0,0.0,0.0,0.0,0.0,0.0,0.0,0.0,0.0,0.0,0.0,0.0,0.0,-0.0,0.0,0.25188081626813813,2024-07-17,3,19
-0.0,-0.0,-0.0,-0.0,0.0,0.0,0.0,0.0,0.0,0.0,-0.0,-0.0,-0.0,-0.0,-0.0,0.044651495490201254,0.0,0.0,-0.0,0.0,-0.0,-0.0,-0.0,0.0,-0.0,-0.0,-0.031285070778650254,-0.06589346851688573,-0.041326666738347194,-0.0,-0.0,-0.0,-0.0,0.0,0.0,0.0,-0.0,-0.0,-0.0,0.06933610925529188,0.000184623427523265,-0.02975710463281109,-0.0,0.14399587454067894,-0.0,-0.0,-0.0,-0.0,0.0,0.0,0.0,0.0,0.0,0.0,-0.011786999181914731,-0.0,-0.0,-0.0,-0.0,0.11701972435364538,0.0,0.0,0.0,0.0,-0.0,-0.0,-0.0,-0.0,-0.0,-0.004339745128474187,-0.0,-0.0,0.0,0.0,-0.0,0.0,-0.0,0.0,0.0,0.0,-0.0,-0.0,-0.0,0.015356146892006766,0.0,-0.006520239507711126,-0.0,0.013400657990811046,-0.0,-0.0,-0.0,-0.0,0.0,-0.0,-0.0,0.0,-0.0,0.0,0.0,0.0,-0.0,0.0,-0.0,0.0,0.0,-0.0,0.015979222195614082,0.0,-0.0,-0.0,-0.0,-0.0,0.0,0.0,0.0,-0.0,0.0,0.0,-0.0,0.0,-0.0,0.0,0.0,0.0,0.0,0.0,0.0,0.0,-0.0,-0.0,0.0,0.0,-0.0,-0.0,-0.0,-0.0,0.0,-0.0,-0.0,0.0,0.0,0.0,0.0,-0.0,-0.0,-0.0,-0.0,0.0,0.0,-0.0,0.01719755305635438,0.0,-0.0,-0.0,-0.0,-0.0,0.0,0.0,0.014456432193923662,0.03516648856332675,0.0,0.0,0.0,0.0,0.0,0.0,0.0,0.0,0.0,0.0,0.0,0.0,0.0,-0.0,0.0,0.25188081626813813,2024-07-18,3,19
-0.0,-0.0,-0.0,-0.0,0.0,0.0,0.0,0.0,0.0,0.0,-0.0,-0.0,-0.0,-0.0,-0.0,0.044651495490201254,0.0,0.0,-0.0,0.0,-0.0,-0.0,-0.0,0.0,-0.0,-0.0,-0.031285070778650254,-0.06589346851688573,-0.041326666738347194,-0.0,-0.0,-0.0,-0.0,0.0,0.0,0.0,-0.0,-0.0,-0.0,0.06933610925529188,0.000184623427523265,-0.02975710463281109,-0.0,0.14399587454067894,-0.0,-0.0,-0.0,-0.0,0.0,0.0,0.0,0.0,0.0,0.0,-0.011786999181914731,-0.0,-0.0,-0.0,-0.0,0.11701972435364538,0.0,0.0,0.0,0.0,-0.0,-0.0,-0.0,-0.0,-0.0,-0.004339745128474187,-0.0,-0.0,0.0,0.0,-0.0,0.0,-0.0,0.0,0.0,0.0,-0.0,-0.0,-0.0,0.015356146892006766,0.0,-0.006520239507711126,-0.0,0.013400657990811046,-0.0,-0.0,-0.0,-0.0,0.0,-0.0,-0.0,0.0,-0.0,0.0,0.0,0.0,-0.0,0.0,-0.0,0.0,0.0,-0.0,0.015979222195614082,0.0,-0.0,-0.0,-0.0,-0.0,0.0,0.0,0.0,-0.0,0.0,0.0,-0.0,0.0,-0.0,0.0,0.0,0.0,0.0,0.0,0.0,0.0,-0.0,-0.0,0.0,0.0,-0.0,-0.0,-0.0,-0.0,0.0,-0.0,-0.0,0.0,0.0,0.0,0.0,-0.0,-0.0,-0.0,-0.0,0.0,0.0,-0.0,0.01719755305635438,0.0,-0.0,-0.0,-0.0,-0.0,0.0,0.0,0.014456432193923662,0.03516648856332675,0.0,0.0,0.0,0.0,0.0,0.0,0.0,0.0,0.0,0.0,0.0,0.0,0.0,-0.0,0.0,0.25188081626813813,2024-07-19,3,19
-0.0,-0.0,-0.0,-0.0,0.0,0.0,0.0,0.0,0.0,0.0,-0.0,-0.0,-0.0,-0.0,-0.0,0.029038874106927022,0.0,0.0,-0.0,0.0,-0.0,-0.0,-0.0,0.0,-0.0,-0.0,-0.031071508107255254,-0.06878035442211244,-0.04004226234175515,-0.0,-0.0,-0.0,-0.0,0.0,0.0,0.0,-0.0,-0.0,-0.0,0.06525851739686786,0.001581945139443597,-0.03170060948468739,-0.0,0.14452687107167517,-0.0,-0.0,-0.0,-0.0,0.0,0.0,0.0,0.0,-0.0,0.0,-0.011053759821473618,-0.0,-0.0,-0.0,-0.0,0.13673563175163458,0.0,0.0,0.0,0.0,-0.0,-0.0,-0.0,-0.0,-0.0,-0.002558315440539259,-0.0,-0.0,0.0,0.0,-0.0,0.0,-0.0,0.0,0.0,0.0,-0.0,-0.0,-0.0,0.012050792691653989,0.0,-0.002656811016199472,-0.0,0.01535785541163862,-0.0,-0.0,-0.0,-0.0,0.0,-0.0,-0.0,0.0,-0.0,0.0,0.0,0.0,-0.0,0.0,-0.0,0.0,0.0,-0.0,0.01613763667274979,0.0,-0.0,-0.0,-0.0,-0.0,0.0,0.0,0.0,-0.0,0.0,0.0,-0.0,0.0,-0.0,0.0,0.0,0.0,0.0,0.0,0.0,0.0,-0.0,-0.0,0.0,0.0,-0.0,-0.0,-0.0,-0.0,0.0,-0.0,-0.0,0.0,0.0,0.0,0.0,-0.0,-0.0,-0.0,-0.0,0.0,0.0,-0.0,0.017197504876954282,0.0,-0.0,-0.0,-0.0,-0.0,0.0,0.0,0.014183840486305966,0.03336181555596386,0.0,0.0,0.0,0.0,0.0,0.0,0.0,0.0,0.0,0.0,0.0,0.0,0.0,-0.0,0.0,0.2508435903170602,2024-07-20,3,19
-0.0,-0.0,-0.0,-0.0,0.0,0.0,0.0,0.0,0.0,0.0,-0.0,-0.0,-0.0,-0.0,-0.0,0.029038874106927022,0.0,0.0,-0.0,0.0,-0.0,-0.0,-0.0,0.0,-0.0,-0.0,-0.031071508107255254,-0.06878035442211244,-0.04004226234175515,-0.0,-0.0,-0.0,-0.0,0.0,0.0,0.0,-0.0,-0.0,-0.0,0.06525851739686786,0.001581945139443597,-0.03170060948468739,-0.0,0.14452687107167517,-0.0,-0.0,-0.0,-0.0,0.0,0.0,0.0,0.0,-0.0,0.0,-0.011053759821473618,-0.0,-0.0,-0.0,-0.0,0.13673563175163458,0.0,0.0,0.0,0.0,-0.0,-0.0,-0.0,-0.0,-0.0,-0.002558315440539259,-0.0,-0.0,0.0,0.0,-0.0,0.0,-0.0,0.0,0.0,0.0,-0.0,-0.0,-0.0,0.012050792691653989,0.0,-0.002656811016199472,-0.0,0.01535785541163862,-0.0,-0.0,-0.0,-0.0,0.0,-0.0,-0.0,0.0,-0.0,0.0,0.0,0.0,-0.0,0.0,-0.0,0.0,0.0,-0.0,0.01613763667274979,0.0,-0.0,-0.0,-0.0,-0.0,0.0,0.0,0.0,-0.0,0.0,0.0,-0.0,0.0,-0.0,0.0,0.0,0.0,0.0,0.0,0.0,0.0,-0.0,-0.0,0.0,0.0,-0.0,-0.0,-0.0,-0.0,0.0,-0.0,-0.0,0.0,0.0,0.0,0.0,-0.0,-0.0,-0.0,-0.0,0.0,0.0,-0.0,0.017197504876954282,0.0,-0.0,-0.0,-0.0,-0.0,0.0,0.0,0.014183840486305966,0.03336181555596386,0.0,0.0,0.0,0.0,0.0,0.0,0.0,0.0,0.0,0.0,0.0,0.0,0.0,-0.0,0.0,0.2508435903170602,2024-07-21,3,19
-0.0,-0.0,-0.0,-0.0,0.0,0.0,0.0,0.0,0.0,0.0,-0.0,-0.0,-0.0,-0.0,-0.0,0.029038874106927022,0.0,0.0,-0.0,0.0,-0.0,-0.0,-0.0,0.0,-0.0,-0.0,-0.031071508107255254,-0.06878035442211244,-0.04004226234175515,-0.0,-0.0,-0.0,-0.0,0.0,0.0,0.0,-0.0,-0.0,-0.0,0.06525851739686786,0.001581945139443597,-0.03170060948468739,-0.0,0.14452687107167517,-0.0,-0.0,-0.0,-0.0,0.0,0.0,0.0,0.0,-0.0,0.0,-0.011053759821473618,-0.0,-0.0,-0.0,-0.0,0.13673563175163458,0.0,0.0,0.0,0.0,-0.0,-0.0,-0.0,-0.0,-0.0,-0.002558315440539259,-0.0,-0.0,0.0,0.0,-0.0,0.0,-0.0,0.0,0.0,0.0,-0.0,-0.0,-0.0,0.012050792691653989,0.0,-0.002656811016199472,-0.0,0.01535785541163862,-0.0,-0.0,-0.0,-0.0,0.0,-0.0,-0.0,0.0,-0.0,0.0,0.0,0.0,-0.0,0.0,-0.0,0.0,0.0,-0.0,0.01613763667274979,0.0,-0.0,-0.0,-0.0,-0.0,0.0,0.0,0.0,-0.0,0.0,0.0,-0.0,0.0,-0.0,0.0,0.0,0.0,0.0,0.0,0.0,0.0,-0.0,-0.0,0.0,0.0,-0.0,-0.0,-0.0,-0.0,0.0,-0.0,-0.0,0.0,0.0,0.0,0.0,-0.0,-0.0,-0.0,-0.0,0.0,0.0,-0.0,0.017197504876954282,0.0,-0.0,-0.0,-0.0,-0.0,0.0,0.0,0.014183840486305966,0.03336181555596386,0.0,0.0,0.0,0.0,0.0,0.0,0.0,0.0,0.0,0.0,0.0,0.0,0.0,-0.0,0.0,0.2508435903170602,2024-07-22,3,19
-0.0,-0.0,-0.0,-0.0,0.0,0.0,0.0,0.0,0.0,0.0,-0.0,-0.0,-0.0,-0.0,-0.0,0.029038874106927022,0.0,0.0,-0.0,0.0,-0.0,-0.0,-0.0,0.0,-0.0,-0.0,-0.031071508107255254,-0.06878035442211244,-0.04004226234175515,-0.0,-0.0,-0.0,-0.0,0.0,0.0,0.0,-0.0,-0.0,-0.0,0.06525851739686786,0.001581945139443597,-0.03170060948468739,-0.0,0.14452687107167517,-0.0,-0.0,-0.0,-0.0,0.0,0.0,0.0,0.0,-0.0,0.0,-0.011053759821473618,-0.0,-0.0,-0.0,-0.0,0.13673563175163458,0.0,0.0,0.0,0.0,-0.0,-0.0,-0.0,-0.0,-0.0,-0.002558315440539259,-0.0,-0.0,0.0,0.0,-0.0,0.0,-0.0,0.0,0.0,0.0,-0.0,-0.0,-0.0,0.012050792691653989,0.0,-0.002656811016199472,-0.0,0.01535785541163862,-0.0,-0.0,-0.0,-0.0,0.0,-0.0,-0.0,0.0,-0.0,0.0,0.0,0.0,-0.0,0.0,-0.0,0.0,0.0,-0.0,0.01613763667274979,0.0,-0.0,-0.0,-0.0,-0.0,0.0,0.0,0.0,-0.0,0.0,0.0,-0.0,0.0,-0.0,0.0,0.0,0.0,0.0,0.0,0.0,0.0,-0.0,-0.0,0.0,0.0,-0.0,-0.0,-0.0,-0.0,0.0,-0.0,-0.0,0.0,0.0,0.0,0.0,-0.0,-0.0,-0.0,-0.0,0.0,0.0,-0.0,0.017197504876954282,0.0,-0.0,-0.0,-0.0,-0.0,0.0,0.0,0.014183840486305966,0.03336181555596386,0.0,0.0,0.0,0.0,0.0,0.0,0.0,0.0,0.0,0.0,0.0,0.0,0.0,-0.0,0.0,0.2508435903170602,2024-07-23,3,19
-0.0,-0.0,-0.0,-0.0,0.0,0.0,0.0,0.0,0.0,0.0,-0.0,-0.0,-0.0,-0.0,-0.0,0.029038874106927022,0.0,0.0,-0.0,0.0,-0.0,-0.0,-0.0,0.0,-0.0,-0.0,-0.031071508107255254,-0.06878035442211244,-0.04004226234175515,-0.0,-0.0,-0.0,-0.0,0.0,0.0,0.0,-0.0,-0.0,-0.0,0.06525851739686786,0.001581945139443597,-0.03170060948468739,-0.0,0.14452687107167517,-0.0,-0.0,-0.0,-0.0,0.0,0.0,0.0,0.0,-0.0,0.0,-0.011053759821473618,-0.0,-0.0,-0.0,-0.0,0.13673563175163458,0.0,0.0,0.0,0.0,-0.0,-0.0,-0.0,-0.0,-0.0,-0.002558315440539259,-0.0,-0.0,0.0,0.0,-0.0,0.0,-0.0,0.0,0.0,0.0,-0.0,-0.0,-0.0,0.012050792691653989,0.0,-0.002656811016199472,-0.0,0.01535785541163862,-0.0,-0.0,-0.0,-0.0,0.0,-0.0,-0.0,0.0,-0.0,0.0,0.0,0.0,-0.0,0.0,-0.0,0.0,0.0,-0.0,0.01613763667274979,0.0,-0.0,-0.0,-0.0,-0.0,0.0,0.0,0.0,-0.0,0.0,0.0,-0.0,0.0,-0.0,0.0,0.0,0.0,0.0,0.0,0.0,0.0,-0.0,-0.0,0.0,0.0,-0.0,-0.0,-0.0,-0.0,0.0,-0.0,-0.0,0.0,0.0,0.0,0.0,-0.0,-0.0,-0.0,-0.0,0.0,0.0,-0.0,0.017197504876954282,0.0,-0.0,-0.0,-0.0,-0.0,0.0,0.0,0.014183840486305966,0.03336181555596386,0.0,0.0,0.0,0.0,0.0,0.0,0.0,0.0,0.0,0.0,0.0,0.0,0.0,-0.0,0.0,0.2508435903170602,2024-07-24,3,19
-0.0,-0.0,-0.0,-0.0,0.0,0.0,0.0,0.0,0.0,0.0,-0.0,-0.0,-0.0,-0.0,-0.0,0.029038874106927022,0.0,0.0,-0.0,0.0,-0.0,-0.0,-0.0,0.0,-0.0,-0.0,-0.031071508107255254,-0.06878035442211244,-0.04004226234175515,-0.0,-0.0,-0.0,-0.0,0.0,0.0,0.0,-0.0,-0.0,-0.0,0.06525851739686786,0.001581945139443597,-0.03170060948468739,-0.0,0.14452687107167517,-0.0,-0.0,-0.0,-0.0,0.0,0.0,0.0,0.0,-0.0,0.0,-0.011053759821473618,-0.0,-0.0,-0.0,-0.0,0.13673563175163458,0.0,0.0,0.0,0.0,-0.0,-0.0,-0.0,-0.0,-0.0,-0.002558315440539259,-0.0,-0.0,0.0,0.0,-0.0,0.0,-0.0,0.0,0.0,0.0,-0.0,-0.0,-0.0,0.012050792691653989,0.0,-0.002656811016199472,-0.0,0.01535785541163862,-0.0,-0.0,-0.0,-0.0,0.0,-0.0,-0.0,0.0,-0.0,0.0,0.0,0.0,-0.0,0.0,-0.0,0.0,0.0,-0.0,0.01613763667274979,0.0,-0.0,-0.0,-0.0,-0.0,0.0,0.0,0.0,-0.0,0.0,0.0,-0.0,0.0,-0.0,0.0,0.0,0.0,0.0,0.0,0.0,0.0,-0.0,-0.0,0.0,0.0,-0.0,-0.0,-0.0,-0.0,0.0,-0.0,-0.0,0.0,0.0,0.0,0.0,-0.0,-0.0,-0.0,-0.0,0.0,0.0,-0.0,0.017197504876954282,0.0,-0.0,-0.0,-0.0,-0.0,0.0,0.0,0.014183840486305966,0.03336181555596386,0.0,0.0,0.0,0.0,0.0,0.0,0.0,0.0,0.0,0.0,0.0,0.0,0.0,-0.0,0.0,0.2508435903170602,2024-07-25,3,19
-0.0,-0.0,-0.0,-0.0,0.0,0.0,0.0,0.0,0.0,0.0,-0.0,-0.0,-0.0,-0.0,-0.0,0.029038874106927022,0.0,0.0,-0.0,0.0,-0.0,-0.0,-0.0,0.0,-0.0,-0.0,-0.031071508107255254,-0.06878035442211244,-0.04004226234175515,-0.0,-0.0,-0.0,-0.0,0.0,0.0,0.0,-0.0,-0.0,-0.0,0.06525851739686786,0.001581945139443597,-0.03170060948468739,-0.0,0.14452687107167517,-0.0,-0.0,-0.0,-0.0,0.0,0.0,0.0,0.0,-0.0,0.0,-0.011053759821473618,-0.0,-0.0,-0.0,-0.0,0.13673563175163458,0.0,0.0,0.0,0.0,-0.0,-0.0,-0.0,-0.0,-0.0,-0.002558315440539259,-0.0,-0.0,0.0,0.0,-0.0,0.0,-0.0,0.0,0.0,0.0,-0.0,-0.0,-0.0,0.012050792691653989,0.0,-0.002656811016199472,-0.0,0.01535785541163862,-0.0,-0.0,-0.0,-0.0,0.0,-0.0,-0.0,0.0,-0.0,0.0,0.0,0.0,-0.0,0.0,-0.0,0.0,0.0,-0.0,0.01613763667274979,0.0,-0.0,-0.0,-0.0,-0.0,0.0,0.0,0.0,-0.0,0.0,0.0,-0.0,0.0,-0.0,0.0,0.0,0.0,0.0,0.0,0.0,0.0,-0.0,-0.0,0.0,0.0,-0.0,-0.0,-0.0,-0.0,0.0,-0.0,-0.0,0.0,0.0,0.0,0.0,-0.0,-0.0,-0.0,-0.0,0.0,0.0,-0.0,0.017197504876954282,0.0,-0.0,-0.0,-0.0,-0.0,0.0,0.0,0.014183840486305966,0.03336181555596386,0.0,0.0,0.0,0.0,0.0,0.0,0.0,0.0,0.0,0.0,0.0,0.0,0.0,-0.0,0.0,0.2508435903170602,2024-07-26,3,19
-0.0,-0.0,-0.0,-0.0,0.0,0.0,0.0,0.0,0.0,0.0,-0.0,-0.0,-0.0,-0.0,-0.0,0.0512979781959258,0.0,0.0,-0.0,0.0,-0.0,-0.0,-0.0,0.0,-0.0,-0.0,-0.0283233013647883,-0.07045027527304688,-0.03891166047994808,-0.0,-0.0,-0.0,-0.0,0.0,0.0,0.0,-0.0,-0.0,-0.0,0.07018671029248581,0.0,-0.035399343400108384,-0.0,0.1449632774961457,-0.0,-0.0,-0.0,-0.0,0.0,0.0,0.0,0.0,-0.0,0.0,-0.012796352678735412,-0.0,-0.0,-0.0,-0.0,0.1025450817203803,0.0,0.0,0.0,0.0,-0.0,-0.0,-0.0,-0.0,-0.0,-0.001861233771386292,-0.0,-0.0,0.0,0.0,-0.0,0.0,-0.0,0.0,0.0,0.0,-0.0,-0.0,-0.0,0.013665085446531687,0.0,-0.0,-0.0,0.01390641554640756,-0.0,-0.0,-0.0,-0.0,0.0,-0.0,-0.0,0.0,-0.0,0.0,0.0,0.0,-0.0,0.0,-0.0,0.0,0.0,-0.0,0.016534727525689102,0.0,-0.0,-0.0,-0.0,-0.0,0.0,0.0,0.0,-0.0,0.0,0.0,-0.0,0.0,-0.0,0.0,0.0,0.0,0.0,0.0,0.0,0.0,-0.0,-0.0,0.0,0.0,-0.002941488244369931,-0.0,-0.0,-0.0,0.0,-0.0,-0.0,0.0,0.0,0.0,0.0,-0.0,-0.0,-0.0,-0.0,0.0,0.0,-0.0,0.017209845570175814,0.0,-0.0,-0.0,-0.0,-0.0,0.0,0.0,0.014663781219334716,0.030442141383502333,0.0,0.0,0.0,0.0,0.0,0.0,0.0,0.0,0.0,0.0,0.0,0.0,0.0,-0.0,0.0,0.25069904400848086,2024-07-27,3,18
-0.0,-0.0,-0.0,-0.0,0.0,0.0,0.0,0.0,0.0,0.0,-0.0,-0.0,-0.0,-0.0,-0.0,0.0512979781959258,0.0,0.0,-0.0,0.0,-0.0,-0.0,-0.0,0.0,-0.0,-0.0,-0.0283233013647883,-0.07045027527304688,-0.03891166047994808,-0.0,-0.0,-0.0,-0.0,0.0,0.0,0.0,-0.0,-0.0,-0.0,0.07018671029248581,0.0,-0.035399343400108384,-0.0,0.1449632774961457,-0.0,-0.0,-0.0,-0.0,0.0,0.0,0.0,0.0,-0.0,0.0,-0.012796352678735412,-0.0,-0.0,-0.0,-0.0,0.1025450817203803,0.0,0.0,0.0,0.0,-0.0,-0.0,-0.0,-0.0,-0.0,-0.001861233771386292,-0.0,-0.0,0.0,0.0,-0.0,0.0,-0.0,0.0,0.0,0.0,-0.0,-0.0,-0.0,0.013665085446531687,0.0,-0.0,-0.0,0.01390641554640756,-0.0,-0.0,-0.0,-0.0,0.0,-0.0,-0.0,0.0,-0.0,0.0,0.0,0.0,-0.0,0.0,-0.0,0.0,0.0,-0.0,0.016534727525689102,0.0,-0.0,-0.0,-0.0,-0.0,0.0,0.0,0.0,-0.0,0.0,0.0,-0.0,0.0,-0.0,0.0,0.0,0.0,0.0,0.0,0.0,0.0,-0.0,-0.0,0.0,0.0,-0.002941488244369931,-0.0,-0.0,-0.0,0.0,-0.0,-0.0,0.0,0.0,0.0,0.0,-0.0,-0.0,-0.0,-0.0,0.0,0.0,-0.0,0.017209845570175814,0.0,-0.0,-0.0,-0.0,-0.0,0.0,0.0,0.014663781219334716,0.030442141383502333,0.0,0.0,0.0,0.0,0.0,0.0,0.0,0.0,0.0,0.0,0.0,0.0,0.0,-0.0,0.0,0.25069904400848086,2024-07-28,3,18
-0.0,-0.0,-0.0,-0.0,0.0,0.0,0.0,0.0,0.0,0.0,-0.0,-0.0,-0.0,-0.0,-0.0,0.0512979781959258,0.0,0.0,-0.0,0.0,-0.0,-0.0,-0.0,0.0,-0.0,-0.0,-0.0283233013647883,-0.07045027527304688,-0.03891166047994808,-0.0,-0.0,-0.0,-0.0,0.0,0.0,0.0,-0.0,-0.0,-0.0,0.07018671029248581,0.0,-0.035399343400108384,-0.0,0.1449632774961457,-0.0,-0.0,-0.0,-0.0,0.0,0.0,0.0,0.0,-0.0,0.0,-0.012796352678735412,-0.0,-0.0,-0.0,-0.0,0.1025450817203803,0.0,0.0,0.0,0.0,-0.0,-0.0,-0.0,-0.0,-0.0,-0.001861233771386292,-0.0,-0.0,0.0,0.0,-0.0,0.0,-0.0,0.0,0.0,0.0,-0.0,-0.0,-0.0,0.013665085446531687,0.0,-0.0,-0.0,0.01390641554640756,-0.0,-0.0,-0.0,-0.0,0.0,-0.0,-0.0,0.0,-0.0,0.0,0.0,0.0,-0.0,0.0,-0.0,0.0,0.0,-0.0,0.016534727525689102,0.0,-0.0,-0.0,-0.0,-0.0,0.0,0.0,0.0,-0.0,0.0,0.0,-0.0,0.0,-0.0,0.0,0.0,0.0,0.0,0.0,0.0,0.0,-0.0,-0.0,0.0,0.0,-0.002941488244369931,-0.0,-0.0,-0.0,0.0,-0.0,-0.0,0.0,0.0,0.0,0.0,-0.0,-0.0,-0.0,-0.0,0.0,0.0,-0.0,0.017209845570175814,0.0,-0.0,-0.0,-0.0,-0.0,0.0,0.0,0.014663781219334716,0.030442141383502333,0.0,0.0,0.0,0.0,0.0,0.0,0.0,0.0,0.0,0.0,0.0,0.0,0.0,-0.0,0.0,0.25069904400848086,2024-07-29,3,18
-0.0,-0.0,-0.0,-0.0,0.0,0.0,0.0,0.0,0.0,0.0,-0.0,-0.0,-0.0,-0.0,-0.0,0.0512979781959258,0.0,0.0,-0.0,0.0,-0.0,-0.0,-0.0,0.0,-0.0,-0.0,-0.0283233013647883,-0.07045027527304688,-0.03891166047994808,-0.0,-0.0,-0.0,-0.0,0.0,0.0,0.0,-0.0,-0.0,-0.0,0.07018671029248581,0.0,-0.035399343400108384,-0.0,0.1449632774961457,-0.0,-0.0,-0.0,-0.0,0.0,0.0,0.0,0.0,-0.0,0.0,-0.012796352678735412,-0.0,-0.0,-0.0,-0.0,0.1025450817203803,0.0,0.0,0.0,0.0,-0.0,-0.0,-0.0,-0.0,-0.0,-0.001861233771386292,-0.0,-0.0,0.0,0.0,-0.0,0.0,-0.0,0.0,0.0,0.0,-0.0,-0.0,-0.0,0.013665085446531687,0.0,-0.0,-0.0,0.01390641554640756,-0.0,-0.0,-0.0,-0.0,0.0,-0.0,-0.0,0.0,-0.0,0.0,0.0,0.0,-0.0,0.0,-0.0,0.0,0.0,-0.0,0.016534727525689102,0.0,-0.0,-0.0,-0.0,-0.0,0.0,0.0,0.0,-0.0,0.0,0.0,-0.0,0.0,-0.0,0.0,0.0,0.0,0.0,0.0,0.0,0.0,-0.0,-0.0,0.0,0.0,-0.002941488244369931,-0.0,-0.0,-0.0,0.0,-0.0,-0.0,0.0,0.0,0.0,0.0,-0.0,-0.0,-0.0,-0.0,0.0,0.0,-0.0,0.017209845570175814,0.0,-0.0,-0.0,-0.0,-0.0,0.0,0.0,0.014663781219334716,0.030442141383502333,0.0,0.0,0.0,0.0,0.0,0.0,0.0,0.0,0.0,0.0,0.0,0.0,0.0,-0.0,0.0,0.25069904400848086,2024-07-30,3,18
-0.0,-0.0,-0.0,-0.0,0.0,0.0,0.0,0.0,0.0,0.0,-0.0,-0.0,-0.0,-0.0,-0.0,0.0512979781959258,0.0,0.0,-0.0,0.0,-0.0,-0.0,-0.0,0.0,-0.0,-0.0,-0.0283233013647883,-0.07045027527304688,-0.03891166047994808,-0.0,-0.0,-0.0,-0.0,0.0,0.0,0.0,-0.0,-0.0,-0.0,0.07018671029248581,0.0,-0.035399343400108384,-0.0,0.1449632774961457,-0.0,-0.0,-0.0,-0.0,0.0,0.0,0.0,0.0,-0.0,0.0,-0.012796352678735412,-0.0,-0.0,-0.0,-0.0,0.1025450817203803,0.0,0.0,0.0,0.0,-0.0,-0.0,-0.0,-0.0,-0.0,-0.001861233771386292,-0.0,-0.0,0.0,0.0,-0.0,0.0,-0.0,0.0,0.0,0.0,-0.0,-0.0,-0.0,0.013665085446531687,0.0,-0.0,-0.0,0.01390641554640756,-0.0,-0.0,-0.0,-0.0,0.0,-0.0,-0.0,0.0,-0.0,0.0,0.0,0.0,-0.0,0.0,-0.0,0.0,0.0,-0.0,0.016534727525689102,0.0,-0.0,-0.0,-0.0,-0.0,0.0,0.0,0.0,-0.0,0.0,0.0,-0.0,0.0,-0.0,0.0,0.0,0.0,0.0,0.0,0.0,0.0,-0.0,-0.0,0.0,0.0,-0.002941488244369931,-0.0,-0.0,-0.0,0.0,-0.0,-0.0,0.0,0.0,0.0,0.0,-0.0,-0.0,-0.0,-0.0,0.0,0.0,-0.0,0.017209845570175814,0.0,-0.0,-0.0,-0.0,-0.0,0.0,0.0,0.014663781219334716,0.030442141383502333,0.0,0.0,0.0,0.0,0.0,0.0,0.0,0.0,0.0,0.0,0.0,0.0,0.0,-0.0,0.0,0.25069904400848086,2024-07-31,3,18
-0.0,-0.0,-0.0,-0.0,0.0,0.0,0.0,0.0,0.0,0.0,-0.0,-0.0,-0.0,-0.0,-0.0,0.0512979781959258,0.0,0.0,-0.0,0.0,-0.0,-0.0,-0.0,0.0,-0.0,-0.0,-0.0283233013647883,-0.07045027527304688,-0.03891166047994808,-0.0,-0.0,-0.0,-0.0,0.0,0.0,0.0,-0.0,-0.0,-0.0,0.07018671029248581,0.0,-0.035399343400108384,-0.0,0.1449632774961457,-0.0,-0.0,-0.0,-0.0,0.0,0.0,0.0,0.0,-0.0,0.0,-0.012796352678735412,-0.0,-0.0,-0.0,-0.0,0.1025450817203803,0.0,0.0,0.0,0.0,-0.0,-0.0,-0.0,-0.0,-0.0,-0.001861233771386292,-0.0,-0.0,0.0,0.0,-0.0,0.0,-0.0,0.0,0.0,0.0,-0.0,-0.0,-0.0,0.013665085446531687,0.0,-0.0,-0.0,0.01390641554640756,-0.0,-0.0,-0.0,-0.0,0.0,-0.0,-0.0,0.0,-0.0,0.0,0.0,0.0,-0.0,0.0,-0.0,0.0,0.0,-0.0,0.016534727525689102,0.0,-0.0,-0.0,-0.0,-0.0,0.0,0.0,0.0,-0.0,0.0,0.0,-0.0,0.0,-0.0,0.0,0.0,0.0,0.0,0.0,0.0,0.0,-0.0,-0.0,0.0,0.0,-0.002941488244369931,-0.0,-0.0,-0.0,0.0,-0.0,-0.0,0.0,0.0,0.0,0.0,-0.0,-0.0,-0.0,-0.0,0.0,0.0,-0.0,0.017209845570175814,0.0,-0.0,-0.0,-0.0,-0.0,0.0,0.0,0.014663781219334716,0.030442141383502333,0.0,0.0,0.0,0.0,0.0,0.0,0.0,0.0,0.0,0.0,0.0,0.0,0.0,-0.0,0.0,0.25069904400848086,2024-08-01,3,18
-0.0,-0.0,-0.0,-0.0,0.0,0.0,0.0,0.0,0.0,0.0,-0.0,-0.0,-0.0,-0.0,-0.0,0.0512979781959258,0.0,0.0,-0.0,0.0,-0.0,-0.0,-0.0,0.0,-0.0,-0.0,-0.0283233013647883,-0.07045027527304688,-0.03891166047994808,-0.0,-0.0,-0.0,-0.0,0.0,0.0,0.0,-0.0,-0.0,-0.0,0.07018671029248581,0.0,-0.035399343400108384,-0.0,0.1449632774961457,-0.0,-0.0,-0.0,-0.0,0.0,0.0,0.0,0.0,-0.0,0.0,-0.012796352678735412,-0.0,-0.0,-0.0,-0.0,0.1025450817203803,0.0,0.0,0.0,0.0,-0.0,-0.0,-0.0,-0.0,-0.0,-0.001861233771386292,-0.0,-0.0,0.0,0.0,-0.0,0.0,-0.0,0.0,0.0,0.0,-0.0,-0.0,-0.0,0.013665085446531687,0.0,-0.0,-0.0,0.01390641554640756,-0.0,-0.0,-0.0,-0.0,0.0,-0.0,-0.0,0.0,-0.0,0.0,0.0,0.0,-0.0,0.0,-0.0,0.0,0.0,-0.0,0.016534727525689102,0.0,-0.0,-0.0,-0.0,-0.0,0.0,0.0,0.0,-0.0,0.0,0.0,-0.0,0.0,-0.0,0.0,0.0,0.0,0.0,0.0,0.0,0.0,-0.0,-0.0,0.0,0.0,-0.002941488244369931,-0.0,-0.0,-0.0,0.0,-0.0,-0.0,0.0,0.0,0.0,0.0,-0.0,-0.0,-0.0,-0.0,0.0,0.0,-0.0,0.017209845570175814,0.0,-0.0,-0.0,-0.0,-0.0,0.0,0.0,0.014663781219334716,0.030442141383502333,0.0,0.0,0.0,0.0,0.0,0.0,0.0,0.0,0.0,0.0,0.0,0.0,0.0,-0.0,0.0,0.25069904400848086,2024-08-02,3,18
-0.0,-0.0,-0.0,-0.0,0.0,0.0019457562408260003,-0.0,-0.0,0.0,0.0,0.0,-0.0,-0.0,-0.0,-0.0,0.1318793413913849,-0.0,-0.0,-0.0,0.0,-0.0,-0.0,-0.0,0.0,-0.0,-0.0,-0.026405339159643982,-0.07182607579278784,-0.04149983028103544,-0.0,-0.0,-0.0,-0.0,0.0,0.0,0.0,-0.0,0.0,-0.0,0.07213961552690588,0.0,-0.03059563498872451,-0.0,0.14870034134415597,-0.0,-0.0,-0.0,-0.0,0.0,0.0,0.0,0.0,0.0,0.0,-0.009305840269650199,-0.0,-0.0,-0.0,-0.0,0.02036544596600402,0.0,0.0,0.0,0.0,-0.0,-0.0,-0.0,-0.0,-0.0,-0.0,0.0,-0.0,0.0,0.0,-0.0,0.0,-0.0,0.0,0.0,0.0,-0.0,-0.0,-0.0,0.013867295222109248,0.0,-0.0,-0.0,0.012725968061634783,-0.0,-0.0,-0.0,-0.0,0.0,-0.0,-0.0,-0.0,0.0,0.0,0.0,0.0,-0.0,0.0,-0.0,0.0,0.0,-0.0,0.016405844231009013,0.0,-0.0,-0.0,-0.0,-0.0,0.0,0.0,0.0,-0.0,0.0,0.0,-0.0,0.0,-0.0,0.0,0.0,0.0,0.0,0.0,0.0,0.0,-0.0,-0.0,0.0,0.0,-0.0,-0.0,-0.0,-0.0,0.0,-0.0,-0.0,0.0,0.0,0.0,0.0,-0.0,-0.0,-0.0,-0.0,0.0,0.0,-0.0,0.017792763198734966,0.0,-0.0,-0.0,-0.0,-0.0,0.0,0.0,0.013661805950605618,0.03404564582646919,0.0,0.0,0.0,0.0,0.0,0.0,0.0,0.0,0.0,0.0,0.0,1.1724942403639362e-05,0.0,-0.0,0.0,0.24833308904037546,2024-08-03,3,18
-0.0,-0.0,-0.0,-0.0,0.0,0.0019457562408260003,-0.0,-0.0,0.0,0.0,0.0,-0.0,-0.0,-0.0,-0.0,0.1318793413913849,-0.0,-0.0,-0.0,0.0,-0.0,-0.0,-0.0,0.0,-0.0,-0.0,-0.026405339159643982,-0.07182607579278784,-0.04149983028103544,-0.0,-0.0,-0.0,-0.0,0.0,0.0,0.0,-0.0,0.0,-0.0,0.07213961552690588,0.0,-0.03059563498872451,-0.0,0.14870034134415597,-0.0,-0.0,-0.0,-0.0,0.0,0.0,0.0,0.0,0.0,0.0,-0.009305840269650199,-0.0,-0.0,-0.0,-0.0,0.02036544596600402,0.0,0.0,0.0,0.0,-0.0,-0.0,-0.0,-0.0,-0.0,-0.0,0.0,-0.0,0.0,0.0,-0.0,0.0,-0.0,0.0,0.0,0.0,-0.0,-0.0,-0.0,0.013867295222109248,0.0,-0.0,-0.0,0.012725968061634783,-0.0,-0.0,-0.0,-0.0,0.0,-0.0,-0.0,-0.0,0.0,0.0,0.0,0.0,-0.0,0.0,-0.0,0.0,0.0,-0.0,0.016405844231009013,0.0,-0.0,-0.0,-0.0,-0.0,0.0,0.0,0.0,-0.0,0.0,0.0,-0.0,0.0,-0.0,0.0,0.0,0.0,0.0,0.0,0.0,0.0,-0.0,-0.0,0.0,0.0,-0.0,-0.0,-0.0,-0.0,0.0,-0.0,-0.0,0.0,0.0,0.0,0.0,-0.0,-0.0,-0.0,-0.0,0.0,0.0,-0.0,0.017792763198734966,0.0,-0.0,-0.0,-0.0,-0.0,0.0,0.0,0.013661805950605618,0.03404564582646919,0.0,0.0,0.0,0.0,0.0,0.0,0.0,0.0,0.0,0.0,0.0,1.1724942403639362e-05,0.0,-0.0,0.0,0.24833308904037546,2024-08-04,3,18
-0.0,-0.0,-0.0,-0.0,0.0,0.0019457562408260003,-0.0,-0.0,0.0,0.0,0.0,-0.0,-0.0,-0.0,-0.0,0.1318793413913849,-0.0,-0.0,-0.0,0.0,-0.0,-0.0,-0.0,0.0,-0.0,-0.0,-0.026405339159643982,-0.07182607579278784,-0.04149983028103544,-0.0,-0.0,-0.0,-0.0,0.0,0.0,0.0,-0.0,0.0,-0.0,0.07213961552690588,0.0,-0.03059563498872451,-0.0,0.14870034134415597,-0.0,-0.0,-0.0,-0.0,0.0,0.0,0.0,0.0,0.0,0.0,-0.009305840269650199,-0.0,-0.0,-0.0,-0.0,0.02036544596600402,0.0,0.0,0.0,0.0,-0.0,-0.0,-0.0,-0.0,-0.0,-0.0,0.0,-0.0,0.0,0.0,-0.0,0.0,-0.0,0.0,0.0,0.0,-0.0,-0.0,-0.0,0.013867295222109248,0.0,-0.0,-0.0,0.012725968061634783,-0.0,-0.0,-0.0,-0.0,0.0,-0.0,-0.0,-0.0,0.0,0.0,0.0,0.0,-0.0,0.0,-0.0,0.0,0.0,-0.0,0.016405844231009013,0.0,-0.0,-0.0,-0.0,-0.0,0.0,0.0,0.0,-0.0,0.0,0.0,-0.0,0.0,-0.0,0.0,0.0,0.0,0.0,0.0,0.0,0.0,-0.0,-0.0,0.0,0.0,-0.0,-0.0,-0.0,-0.0,0.0,-0.0,-0.0,0.0,0.0,0.0,0.0,-0.0,-0.0,-0.0,-0.0,0.0,0.0,-0.0,0.017792763198734966,0.0,-0.0,-0.0,-0.0,-0.0,0.0,0.0,0.013661805950605618,0.03404564582646919,0.0,0.0,0.0,0.0,0.0,0.0,0.0,0.0,0.0,0.0,0.0,1.1724942403639362e-05,0.0,-0.0,0.0,0.24833308904037546,2024-08-05,3,18
-0.0,-0.0,-0.0,-0.0,0.0,0.0019457562408260003,-0.0,-0.0,0.0,0.0,0.0,-0.0,-0.0,-0.0,-0.0,0.1318793413913849,-0.0,-0.0,-0.0,0.0,-0.0,-0.0,-0.0,0.0,-0.0,-0.0,-0.026405339159643982,-0.07182607579278784,-0.04149983028103544,-0.0,-0.0,-0.0,-0.0,0.0,0.0,0.0,-0.0,0.0,-0.0,0.07213961552690588,0.0,-0.03059563498872451,-0.0,0.14870034134415597,-0.0,-0.0,-0.0,-0.0,0.0,0.0,0.0,0.0,0.0,0.0,-0.009305840269650199,-0.0,-0.0,-0.0,-0.0,0.02036544596600402,0.0,0.0,0.0,0.0,-0.0,-0.0,-0.0,-0.0,-0.0,-0.0,0.0,-0.0,0.0,0.0,-0.0,0.0,-0.0,0.0,0.0,0.0,-0.0,-0.0,-0.0,0.013867295222109248,0.0,-0.0,-0.0,0.012725968061634783,-0.0,-0.0,-0.0,-0.0,0.0,-0.0,-0.0,-0.0,0.0,0.0,0.0,0.0,-0.0,0.0,-0.0,0.0,0.0,-0.0,0.016405844231009013,0.0,-0.0,-0.0,-0.0,-0.0,0.0,0.0,0.0,-0.0,0.0,0.0,-0.0,0.0,-0.0,0.0,0.0,0.0,0.0,0.0,0.0,0.0,-0.0,-0.0,0.0,0.0,-0.0,-0.0,-0.0,-0.0,0.0,-0.0,-0.0,0.0,0.0,0.0,0.0,-0.0,-0.0,-0.0,-0.0,0.0,0.0,-0.0,0.017792763198734966,0.0,-0.0,-0.0,-0.0,-0.0,0.0,0.0,0.013661805950605618,0.03404564582646919,0.0,0.0,0.0,0.0,0.0,0.0,0.0,0.0,0.0,0.0,0.0,1.1724942403639362e-05,0.0,-0.0,0.0,0.24833308904037546,2024-08-06,3,18
-0.0,-0.0,-0.0,-0.0,0.0,0.0019457562408260003,-0.0,-0.0,0.0,0.0,0.0,-0.0,-0.0,-0.0,-0.0,0.1318793413913849,-0.0,-0.0,-0.0,0.0,-0.0,-0.0,-0.0,0.0,-0.0,-0.0,-0.026405339159643982,-0.07182607579278784,-0.04149983028103544,-0.0,-0.0,-0.0,-0.0,0.0,0.0,0.0,-0.0,0.0,-0.0,0.07213961552690588,0.0,-0.03059563498872451,-0.0,0.14870034134415597,-0.0,-0.0,-0.0,-0.0,0.0,0.0,0.0,0.0,0.0,0.0,-0.009305840269650199,-0.0,-0.0,-0.0,-0.0,0.02036544596600402,0.0,0.0,0.0,0.0,-0.0,-0.0,-0.0,-0.0,-0.0,-0.0,0.0,-0.0,0.0,0.0,-0.0,0.0,-0.0,0.0,0.0,0.0,-0.0,-0.0,-0.0,0.013867295222109248,0.0,-0.0,-0.0,0.012725968061634783,-0.0,-0.0,-0.0,-0.0,0.0,-0.0,-0.0,-0.0,0.0,0.0,0.0,0.0,-0.0,0.0,-0.0,0.0,0.0,-0.0,0.016405844231009013,0.0,-0.0,-0.0,-0.0,-0.0,0.0,0.0,0.0,-0.0,0.0,0.0,-0.0,0.0,-0.0,0.0,0.0,0.0,0.0,0.0,0.0,0.0,-0.0,-0.0,0.0,0.0,-0.0,-0.0,-0.0,-0.0,0.0,-0.0,-0.0,0.0,0.0,0.0,0.0,-0.0,-0.0,-0.0,-0.0,0.0,0.0,-0.0,0.017792763198734966,0.0,-0.0,-0.0,-0.0,-0.0,0.0,0.0,0.013661805950605618,0.03404564582646919,0.0,0.0,0.0,0.0,0.0,0.0,0.0,0.0,0.0,0.0,0.0,1.1724942403639362e-05,0.0,-0.0,0.0,0.24833308904037546,2024-08-07,3,18
-0.0,-0.0,-0.0,-0.0,0.0,0.0019457562408260003,-0.0,-0.0,0.0,0.0,0.0,-0.0,-0.0,-0.0,-0.0,0.1318793413913849,-0.0,-0.0,-0.0,0.0,-0.0,-0.0,-0.0,0.0,-0.0,-0.0,-0.026405339159643982,-0.07182607579278784,-0.04149983028103544,-0.0,-0.0,-0.0,-0.0,0.0,0.0,0.0,-0.0,0.0,-0.0,0.07213961552690588,0.0,-0.03059563498872451,-0.0,0.14870034134415597,-0.0,-0.0,-0.0,-0.0,0.0,0.0,0.0,0.0,0.0,0.0,-0.009305840269650199,-0.0,-0.0,-0.0,-0.0,0.02036544596600402,0.0,0.0,0.0,0.0,-0.0,-0.0,-0.0,-0.0,-0.0,-0.0,0.0,-0.0,0.0,0.0,-0.0,0.0,-0.0,0.0,0.0,0.0,-0.0,-0.0,-0.0,0.013867295222109248,0.0,-0.0,-0.0,0.012725968061634783,-0.0,-0.0,-0.0,-0.0,0.0,-0.0,-0.0,-0.0,0.0,0.0,0.0,0.0,-0.0,0.0,-0.0,0.0,0.0,-0.0,0.016405844231009013,0.0,-0.0,-0.0,-0.0,-0.0,0.0,0.0,0.0,-0.0,0.0,0.0,-0.0,0.0,-0.0,0.0,0.0,0.0,0.0,0.0,0.0,0.0,-0.0,-0.0,0.0,0.0,-0.0,-0.0,-0.0,-0.0,0.0,-0.0,-0.0,0.0,0.0,0.0,0.0,-0.0,-0.0,-0.0,-0.0,0.0,0.0,-0.0,0.017792763198734966,0.0,-0.0,-0.0,-0.0,-0.0,0.0,0.0,0.013661805950605618,0.03404564582646919,0.0,0.0,0.0,0.0,0.0,0.0,0.0,0.0,0.0,0.0,0.0,1.1724942403639362e-05,0.0,-0.0,0.0,0.24833308904037546,2024-08-08,3,18
-0.0,-0.0,-0.0,-0.0,0.0,0.0019457562408260003,-0.0,-0.0,0.0,0.0,0.0,-0.0,-0.0,-0.0,-0.0,0.1318793413913849,-0.0,-0.0,-0.0,0.0,-0.0,-0.0,-0.0,0.0,-0.0,-0.0,-0.026405339159643982,-0.07182607579278784,-0.04149983028103544,-0.0,-0.0,-0.0,-0.0,0.0,0.0,0.0,-0.0,0.0,-0.0,0.07213961552690588,0.0,-0.03059563498872451,-0.0,0.14870034134415597,-0.0,-0.0,-0.0,-0.0,0.0,0.0,0.0,0.0,0.0,0.0,-0.009305840269650199,-0.0,-0.0,-0.0,-0.0,0.02036544596600402,0.0,0.0,0.0,0.0,-0.0,-0.0,-0.0,-0.0,-0.0,-0.0,0.0,-0.0,0.0,0.0,-0.0,0.0,-0.0,0.0,0.0,0.0,-0.0,-0.0,-0.0,0.013867295222109248,0.0,-0.0,-0.0,0.012725968061634783,-0.0,-0.0,-0.0,-0.0,0.0,-0.0,-0.0,-0.0,0.0,0.0,0.0,0.0,-0.0,0.0,-0.0,0.0,0.0,-0.0,0.016405844231009013,0.0,-0.0,-0.0,-0.0,-0.0,0.0,0.0,0.0,-0.0,0.0,0.0,-0.0,0.0,-0.0,0.0,0.0,0.0,0.0,0.0,0.0,0.0,-0.0,-0.0,0.0,0.0,-0.0,-0.0,-0.0,-0.0,0.0,-0.0,-0.0,0.0,0.0,0.0,0.0,-0.0,-0.0,-0.0,-0.0,0.0,0.0,-0.0,0.017792763198734966,0.0,-0.0,-0.0,-0.0,-0.0,0.0,0.0,0.013661805950605618,0.03404564582646919,0.0,0.0,0.0,0.0,0.0,0.0,0.0,0.0,0.0,0.0,0.0,1.1724942403639362e-05,0.0,-0.0,0.0,0.24833308904037546,2024-08-09,3,18
-0.0,-0.0,-0.0,-0.0,0.0,0.006398209702241195,-0.0,-0.0,0.0,0.0,0.0,0.0,-0.0,-0.0,-0.0,0.09949211458833322,-0.0,-0.0,-0.0,0.0,-0.0,-0.0,-0.0,0.0,-0.0,-0.0,-0.028527364484611094,-0.07353947934971455,-0.04273022700031908,-0.0,-0.0,-0.0,-0.0,0.0,0.0,0.0,-0.0,0.0,-0.0,0.0781998486898423,0.0,-0.02940933892029419,-0.0,0.15121153838528656,-0.0,-0.003381230929224878,-0.0,-0.0,0.0,0.0,0.0,0.0,0.0,0.0,-0.00294737795910073,-0.0,-0.0,-0.0,-0.0,0.05057800531585138,0.0,0.0,0.0,0.0,-0.0,-0.0,-0.0,-0.0,-0.0,-0.007252229830304845,0.0,-0.0,0.0,0.0,-0.0,-0.0,-0.0,0.0,0.0,0.0,-0.0,0.0,0.0,0.010196680402760868,0.0,-0.0,-0.0,0.014814804990763111,-0.0,-0.0,-0.0,-0.0,0.0,-0.0,-0.0,-0.0,0.0,0.0,0.0,0.0,-0.0,0.0,-0.0,0.0,-0.0,-0.0,0.016287611359815452,0.0,-0.0,-0.0,-0.0,-0.0,0.0,0.0,0.0,-0.0,0.0,0.0,-0.0,0.0,-0.0,0.0,0.0,0.0,0.0,0.0,0.0,0.0,-0.0,-0.0,0.0,0.0,-0.0,-0.0,-0.0,-0.0,0.0,-0.0,-0.0,0.0,0.0,0.0,0.0,-0.0,-0.0,-0.0,-0.0,0.0,0.0,-0.0,0.017059442838699482,0.0,-0.0,-0.0,-0.0,-0.0,0.0,0.0,0.020680026790285362,0.03480790736399118,0.0,0.0,0.0,0.0,0.0,0.0,0.0,0.0,0.0,0.0,0.0,0.0,0.0,-0.0,0.0,0.2434678889110915,2024-08-10,3,19
-0.0,-0.0,-0.0,-0.0,0.0,0.006398209702241195,-0.0,-0.0,0.0,0.0,0.0,0.0,-0.0,-0.0,-0.0,0.09949211458833322,-0.0,-0.0,-0.0,0.0,-0.0,-0.0,-0.0,0.0,-0.0,-0.0,-0.028527364484611094,-0.07353947934971455,-0.04273022700031908,-0.0,-0.0,-0.0,-0.0,0.0,0.0,0.0,-0.0,0.0,-0.0,0.0781998486898423,0.0,-0.02940933892029419,-0.0,0.15121153838528656,-0.0,-0.003381230929224878,-0.0,-0.0,0.0,0.0,0.0,0.0,0.0,0.0,-0.00294737795910073,-0.0,-0.0,-0.0,-0.0,0.05057800531585138,0.0,0.0,0.0,0.0,-0.0,-0.0,-0.0,-0.0,-0.0,-0.007252229830304845,0.0,-0.0,0.0,0.0,-0.0,-0.0,-0.0,0.0,0.0,0.0,-0.0,0.0,0.0,0.010196680402760868,0.0,-0.0,-0.0,0.014814804990763111,-0.0,-0.0,-0.0,-0.0,0.0,-0.0,-0.0,-0.0,0.0,0.0,0.0,0.0,-0.0,0.0,-0.0,0.0,-0.0,-0.0,0.016287611359815452,0.0,-0.0,-0.0,-0.0,-0.0,0.0,0.0,0.0,-0.0,0.0,0.0,-0.0,0.0,-0.0,0.0,0.0,0.0,0.0,0.0,0.0,0.0,-0.0,-0.0,0.0,0.0,-0.0,-0.0,-0.0,-0.0,0.0,-0.0,-0.0,0.0,0.0,0.0,0.0,-0.0,-0.0,-0.0,-0.0,0.0,0.0,-0.0,0.017059442838699482,0.0,-0.0,-0.0,-0.0,-0.0,0.0,0.0,0.020680026790285362,0.03480790736399118,0.0,0.0,0.0,0.0,0.0,0.0,0.0,0.0,0.0,0.0,0.0,0.0,0.0,-0.0,0.0,0.2434678889110915,2024-08-11,3,19
-0.0,-0.0,-0.0,-0.0,0.0,0.006398209702241195,-0.0,-0.0,0.0,0.0,0.0,0.0,-0.0,-0.0,-0.0,0.09949211458833322,-0.0,-0.0,-0.0,0.0,-0.0,-0.0,-0.0,0.0,-0.0,-0.0,-0.028527364484611094,-0.07353947934971455,-0.04273022700031908,-0.0,-0.0,-0.0,-0.0,0.0,0.0,0.0,-0.0,0.0,-0.0,0.0781998486898423,0.0,-0.02940933892029419,-0.0,0.15121153838528656,-0.0,-0.003381230929224878,-0.0,-0.0,0.0,0.0,0.0,0.0,0.0,0.0,-0.00294737795910073,-0.0,-0.0,-0.0,-0.0,0.05057800531585138,0.0,0.0,0.0,0.0,-0.0,-0.0,-0.0,-0.0,-0.0,-0.007252229830304845,0.0,-0.0,0.0,0.0,-0.0,-0.0,-0.0,0.0,0.0,0.0,-0.0,0.0,0.0,0.010196680402760868,0.0,-0.0,-0.0,0.014814804990763111,-0.0,-0.0,-0.0,-0.0,0.0,-0.0,-0.0,-0.0,0.0,0.0,0.0,0.0,-0.0,0.0,-0.0,0.0,-0.0,-0.0,0.016287611359815452,0.0,-0.0,-0.0,-0.0,-0.0,0.0,0.0,0.0,-0.0,0.0,0.0,-0.0,0.0,-0.0,0.0,0.0,0.0,0.0,0.0,0.0,0.0,-0.0,-0.0,0.0,0.0,-0.0,-0.0,-0.0,-0.0,0.0,-0.0,-0.0,0.0,0.0,0.0,0.0,-0.0,-0.0,-0.0,-0.0,0.0,0.0,-0.0,0.017059442838699482,0.0,-0.0,-0.0,-0.0,-0.0,0.0,0.0,0.020680026790285362,0.03480790736399118,0.0,0.0,0.0,0.0,0.0,0.0,0.0,0.0,0.0,0.0,0.0,0.0,0.0,-0.0,0.0,0.2434678889110915,2024-08-12,3,19
-0.0,-0.0,-0.0,-0.0,0.0,0.006398209702241195,-0.0,-0.0,0.0,0.0,0.0,0.0,-0.0,-0.0,-0.0,0.09949211458833322,-0.0,-0.0,-0.0,0.0,-0.0,-0.0,-0.0,0.0,-0.0,-0.0,-0.028527364484611094,-0.07353947934971455,-0.04273022700031908,-0.0,-0.0,-0.0,-0.0,0.0,0.0,0.0,-0.0,0.0,-0.0,0.0781998486898423,0.0,-0.02940933892029419,-0.0,0.15121153838528656,-0.0,-0.003381230929224878,-0.0,-0.0,0.0,0.0,0.0,0.0,0.0,0.0,-0.00294737795910073,-0.0,-0.0,-0.0,-0.0,0.05057800531585138,0.0,0.0,0.0,0.0,-0.0,-0.0,-0.0,-0.0,-0.0,-0.007252229830304845,0.0,-0.0,0.0,0.0,-0.0,-0.0,-0.0,0.0,0.0,0.0,-0.0,0.0,0.0,0.010196680402760868,0.0,-0.0,-0.0,0.014814804990763111,-0.0,-0.0,-0.0,-0.0,0.0,-0.0,-0.0,-0.0,0.0,0.0,0.0,0.0,-0.0,0.0,-0.0,0.0,-0.0,-0.0,0.016287611359815452,0.0,-0.0,-0.0,-0.0,-0.0,0.0,0.0,0.0,-0.0,0.0,0.0,-0.0,0.0,-0.0,0.0,0.0,0.0,0.0,0.0,0.0,0.0,-0.0,-0.0,0.0,0.0,-0.0,-0.0,-0.0,-0.0,0.0,-0.0,-0.0,0.0,0.0,0.0,0.0,-0.0,-0.0,-0.0,-0.0,0.0,0.0,-0.0,0.017059442838699482,0.0,-0.0,-0.0,-0.0,-0.0,0.0,0.0,0.020680026790285362,0.03480790736399118,0.0,0.0,0.0,0.0,0.0,0.0,0.0,0.0,0.0,0.0,0.0,0.0,0.0,-0.0,0.0,0.2434678889110915,2024-08-13,3,19
-0.0,-0.0,-0.0,-0.0,0.0,0.006398209702241195,-0.0,-0.0,0.0,0.0,0.0,0.0,-0.0,-0.0,-0.0,0.09949211458833322,-0.0,-0.0,-0.0,0.0,-0.0,-0.0,-0.0,0.0,-0.0,-0.0,-0.028527364484611094,-0.07353947934971455,-0.04273022700031908,-0.0,-0.0,-0.0,-0.0,0.0,0.0,0.0,-0.0,0.0,-0.0,0.0781998486898423,0.0,-0.02940933892029419,-0.0,0.15121153838528656,-0.0,-0.003381230929224878,-0.0,-0.0,0.0,0.0,0.0,0.0,0.0,0.0,-0.00294737795910073,-0.0,-0.0,-0.0,-0.0,0.05057800531585138,0.0,0.0,0.0,0.0,-0.0,-0.0,-0.0,-0.0,-0.0,-0.007252229830304845,0.0,-0.0,0.0,0.0,-0.0,-0.0,-0.0,0.0,0.0,0.0,-0.0,0.0,0.0,0.010196680402760868,0.0,-0.0,-0.0,0.014814804990763111,-0.0,-0.0,-0.0,-0.0,0.0,-0.0,-0.0,-0.0,0.0,0.0,0.0,0.0,-0.0,0.0,-0.0,0.0,-0.0,-0.0,0.016287611359815452,0.0,-0.0,-0.0,-0.0,-0.0,0.0,0.0,0.0,-0.0,0.0,0.0,-0.0,0.0,-0.0,0.0,0.0,0.0,0.0,0.0,0.0,0.0,-0.0,-0.0,0.0,0.0,-0.0,-0.0,-0.0,-0.0,0.0,-0.0,-0.0,0.0,0.0,0.0,0.0,-0.0,-0.0,-0.0,-0.0,0.0,0.0,-0.0,0.017059442838699482,0.0,-0.0,-0.0,-0.0,-0.0,0.0,0.0,0.020680026790285362,0.03480790736399118,0.0,0.0,0.0,0.0,0.0,0.0,0.0,0.0,0.0,0.0,0.0,0.0,0.0,-0.0,0.0,0.2434678889110915,2024-08-14,3,19
-0.0,-0.0,-0.0,-0.0,0.0,0.006398209702241195,-0.0,-0.0,0.0,0.0,0.0,0.0,-0.0,-0.0,-0.0,0.09949211458833322,-0.0,-0.0,-0.0,0.0,-0.0,-0.0,-0.0,0.0,-0.0,-0.0,-0.028527364484611094,-0.07353947934971455,-0.04273022700031908,-0.0,-0.0,-0.0,-0.0,0.0,0.0,0.0,-0.0,0.0,-0.0,0.0781998486898423,0.0,-0.02940933892029419,-0.0,0.15121153838528656,-0.0,-0.003381230929224878,-0.0,-0.0,0.0,0.0,0.0,0.0,0.0,0.0,-0.00294737795910073,-0.0,-0.0,-0.0,-0.0,0.05057800531585138,0.0,0.0,0.0,0.0,-0.0,-0.0,-0.0,-0.0,-0.0,-0.007252229830304845,0.0,-0.0,0.0,0.0,-0.0,-0.0,-0.0,0.0,0.0,0.0,-0.0,0.0,0.0,0.010196680402760868,0.0,-0.0,-0.0,0.014814804990763111,-0.0,-0.0,-0.0,-0.0,0.0,-0.0,-0.0,-0.0,0.0,0.0,0.0,0.0,-0.0,0.0,-0.0,0.0,-0.0,-0.0,0.016287611359815452,0.0,-0.0,-0.0,-0.0,-0.0,0.0,0.0,0.0,-0.0,0.0,0.0,-0.0,0.0,-0.0,0.0,0.0,0.0,0.0,0.0,0.0,0.0,-0.0,-0.0,0.0,0.0,-0.0,-0.0,-0.0,-0.0,0.0,-0.0,-0.0,0.0,0.0,0.0,0.0,-0.0,-0.0,-0.0,-0.0,0.0,0.0,-0.0,0.017059442838699482,0.0,-0.0,-0.0,-0.0,-0.0,0.0,0.0,0.020680026790285362,0.03480790736399118,0.0,0.0,0.0,0.0,0.0,0.0,0.0,0.0,0.0,0.0,0.0,0.0,0.0,-0.0,0.0,0.2434678889110915,2024-08-15,3,19
-0.0,-0.0,-0.0,-0.0,0.0,0.006398209702241195,-0.0,-0.0,0.0,0.0,0.0,0.0,-0.0,-0.0,-0.0,0.09949211458833322,-0.0,-0.0,-0.0,0.0,-0.0,-0.0,-0.0,0.0,-0.0,-0.0,-0.028527364484611094,-0.07353947934971455,-0.04273022700031908,-0.0,-0.0,-0.0,-0.0,0.0,0.0,0.0,-0.0,0.0,-0.0,0.0781998486898423,0.0,-0.02940933892029419,-0.0,0.15121153838528656,-0.0,-0.003381230929224878,-0.0,-0.0,0.0,0.0,0.0,0.0,0.0,0.0,-0.00294737795910073,-0.0,-0.0,-0.0,-0.0,0.05057800531585138,0.0,0.0,0.0,0.0,-0.0,-0.0,-0.0,-0.0,-0.0,-0.007252229830304845,0.0,-0.0,0.0,0.0,-0.0,-0.0,-0.0,0.0,0.0,0.0,-0.0,0.0,0.0,0.010196680402760868,0.0,-0.0,-0.0,0.014814804990763111,-0.0,-0.0,-0.0,-0.0,0.0,-0.0,-0.0,-0.0,0.0,0.0,0.0,0.0,-0.0,0.0,-0.0,0.0,-0.0,-0.0,0.016287611359815452,0.0,-0.0,-0.0,-0.0,-0.0,0.0,0.0,0.0,-0.0,0.0,0.0,-0.0,0.0,-0.0,0.0,0.0,0.0,0.0,0.0,0.0,0.0,-0.0,-0.0,0.0,0.0,-0.0,-0.0,-0.0,-0.0,0.0,-0.0,-0.0,0.0,0.0,0.0,0.0,-0.0,-0.0,-0.0,-0.0,0.0,0.0,-0.0,0.017059442838699482,0.0,-0.0,-0.0,-0.0,-0.0,0.0,0.0,0.020680026790285362,0.03480790736399118,0.0,0.0,0.0,0.0,0.0,0.0,0.0,0.0,0.0,0.0,0.0,0.0,0.0,-0.0,0.0,0.2434678889110915,2024-08-16,3,19
-0.0,-0.0,-0.0,-0.0,0.0,0.008722454866551155,-0.0,-0.0,0.0,0.0,0.0,0.0,-0.0,-0.0,-0.0,0.12224746671081078,-0.0,-0.0,-0.0,0.0,-0.0,-0.0,-0.0,0.0,-0.0,-0.0,-0.02815789024141153,-0.07585125866228222,-0.043387491020712446,-0.0,-0.0,-0.0,-0.0,0.0,0.0,0.0,-0.0,0.0,-0.0,0.08221689953566576,0.0,-0.030794878773150482,-0.0,0.14987258364803815,-0.0,-0.004722952481124224,-0.0,-0.0,0.0,0.0,0.0,0.0,0.0,0.0,-0.004480056254093569,-0.0,-0.0,-0.0,-0.0,0.02670028876705235,0.0,0.0,0.0,0.0,-0.0,-0.0,-0.0,-0.0,-0.0,-0.005953578872580901,0.0,-0.0,0.0,0.0,-0.0,-0.0,-0.0,0.0,0.0,0.0,-0.0,-0.0,0.0,0.007538938132548285,0.0,-0.0,-0.0,0.014298502078780308,-0.0,-0.0,-0.0,-0.0,0.0,-0.0,-0.0,0.0,0.0,0.0,0.0,0.0,-0.0,0.0,-0.0,0.0,0.0,-0.0,0.016539176705545937,0.0,-0.0,-0.0,-0.0,-0.0,0.0,0.0,0.0,-0.0,0.0,0.0,-0.0,0.0,-0.0,0.0,0.0,0.0,0.0,0.0,0.0,0.0,-0.0,-0.0,0.0,0.0,-0.0,-0.0,-0.0,-0.0,0.0,-0.0,-0.0,0.0,0.0,0.0,0.0,-0.0,-0.0,-0.0,-0.0,0.0,0.0,-0.0,0.017064139293899404,0.0,-0.0,-0.0,-0.0,-0.0,0.0,0.0,0.019941473374945968,0.033815311194509624,0.0,0.0,0.0,0.0,0.0,0.0,0.0,0.0,0.0,0.0,0.0,0.00045032397263805287,0.0,-0.0,0.0,0.24211907844346056,2024-08-17,3,20
-0.0,-0.0,-0.0,-0.0,0.0,0.008722454866551155,-0.0,-0.0,0.0,0.0,0.0,0.0,-0.0,-0.0,-0.0,0.12224746671081078,-0.0,-0.0,-0.0,0.0,-0.0,-0.0,-0.0,0.0,-0.0,-0.0,-0.02815789024141153,-0.07585125866228222,-0.043387491020712446,-0.0,-0.0,-0.0,-0.0,0.0,0.0,0.0,-0.0,0.0,-0.0,0.08221689953566576,0.0,-0.030794878773150482,-0.0,0.14987258364803815,-0.0,-0.004722952481124224,-0.0,-0.0,0.0,0.0,0.0,0.0,0.0,0.0,-0.004480056254093569,-0.0,-0.0,-0.0,-0.0,0.02670028876705235,0.0,0.0,0.0,0.0,-0.0,-0.0,-0.0,-0.0,-0.0,-0.005953578872580901,0.0,-0.0,0.0,0.0,-0.0,-0.0,-0.0,0.0,0.0,0.0,-0.0,-0.0,0.0,0.007538938132548285,0.0,-0.0,-0.0,0.014298502078780308,-0.0,-0.0,-0.0,-0.0,0.0,-0.0,-0.0,0.0,0.0,0.0,0.0,0.0,-0.0,0.0,-0.0,0.0,0.0,-0.0,0.016539176705545937,0.0,-0.0,-0.0,-0.0,-0.0,0.0,0.0,0.0,-0.0,0.0,0.0,-0.0,0.0,-0.0,0.0,0.0,0.0,0.0,0.0,0.0,0.0,-0.0,-0.0,0.0,0.0,-0.0,-0.0,-0.0,-0.0,0.0,-0.0,-0.0,0.0,0.0,0.0,0.0,-0.0,-0.0,-0.0,-0.0,0.0,0.0,-0.0,0.017064139293899404,0.0,-0.0,-0.0,-0.0,-0.0,0.0,0.0,0.019941473374945968,0.033815311194509624,0.0,0.0,0.0,0.0,0.0,0.0,0.0,0.0,0.0,0.0,0.0,0.00045032397263805287,0.0,-0.0,0.0,0.24211907844346056,2024-08-18,3,20
-0.0,-0.0,-0.0,-0.0,0.0,0.008722454866551155,-0.0,-0.0,0.0,0.0,0.0,0.0,-0.0,-0.0,-0.0,0.12224746671081078,-0.0,-0.0,-0.0,0.0,-0.0,-0.0,-0.0,0.0,-0.0,-0.0,-0.02815789024141153,-0.07585125866228222,-0.043387491020712446,-0.0,-0.0,-0.0,-0.0,0.0,0.0,0.0,-0.0,0.0,-0.0,0.08221689953566576,0.0,-0.030794878773150482,-0.0,0.14987258364803815,-0.0,-0.004722952481124224,-0.0,-0.0,0.0,0.0,0.0,0.0,0.0,0.0,-0.004480056254093569,-0.0,-0.0,-0.0,-0.0,0.02670028876705235,0.0,0.0,0.0,0.0,-0.0,-0.0,-0.0,-0.0,-0.0,-0.005953578872580901,0.0,-0.0,0.0,0.0,-0.0,-0.0,-0.0,0.0,0.0,0.0,-0.0,-0.0,0.0,0.007538938132548285,0.0,-0.0,-0.0,0.014298502078780308,-0.0,-0.0,-0.0,-0.0,0.0,-0.0,-0.0,0.0,0.0,0.0,0.0,0.0,-0.0,0.0,-0.0,0.0,0.0,-0.0,0.016539176705545937,0.0,-0.0,-0.0,-0.0,-0.0,0.0,0.0,0.0,-0.0,0.0,0.0,-0.0,0.0,-0.0,0.0,0.0,0.0,0.0,0.0,0.0,0.0,-0.0,-0.0,0.0,0.0,-0.0,-0.0,-0.0,-0.0,0.0,-0.0,-0.0,0.0,0.0,0.0,0.0,-0.0,-0.0,-0.0,-0.0,0.0,0.0,-0.0,0.017064139293899404,0.0,-0.0,-0.0,-0.0,-0.0,0.0,0.0,0.019941473374945968,0.033815311194509624,0.0,0.0,0.0,0.0,0.0,0.0,0.0,0.0,0.0,0.0,0.0,0.00045032397263805287,0.0,-0.0,0.0,0.24211907844346056,2024-08-19,3,20
-0.0,-0.0,-0.0,-0.0,0.0,0.008722454866551155,-0.0,-0.0,0.0,0.0,0.0,0.0,-0.0,-0.0,-0.0,0.12224746671081078,-0.0,-0.0,-0.0,0.0,-0.0,-0.0,-0.0,0.0,-0.0,-0.0,-0.02815789024141153,-0.07585125866228222,-0.043387491020712446,-0.0,-0.0,-0.0,-0.0,0.0,0.0,0.0,-0.0,0.0,-0.0,0.08221689953566576,0.0,-0.030794878773150482,-0.0,0.14987258364803815,-0.0,-0.004722952481124224,-0.0,-0.0,0.0,0.0,0.0,0.0,0.0,0.0,-0.004480056254093569,-0.0,-0.0,-0.0,-0.0,0.02670028876705235,0.0,0.0,0.0,0.0,-0.0,-0.0,-0.0,-0.0,-0.0,-0.005953578872580901,0.0,-0.0,0.0,0.0,-0.0,-0.0,-0.0,0.0,0.0,0.0,-0.0,-0.0,0.0,0.007538938132548285,0.0,-0.0,-0.0,0.014298502078780308,-0.0,-0.0,-0.0,-0.0,0.0,-0.0,-0.0,0.0,0.0,0.0,0.0,0.0,-0.0,0.0,-0.0,0.0,0.0,-0.0,0.016539176705545937,0.0,-0.0,-0.0,-0.0,-0.0,0.0,0.0,0.0,-0.0,0.0,0.0,-0.0,0.0,-0.0,0.0,0.0,0.0,0.0,0.0,0.0,0.0,-0.0,-0.0,0.0,0.0,-0.0,-0.0,-0.0,-0.0,0.0,-0.0,-0.0,0.0,0.0,0.0,0.0,-0.0,-0.0,-0.0,-0.0,0.0,0.0,-0.0,0.017064139293899404,0.0,-0.0,-0.0,-0.0,-0.0,0.0,0.0,0.019941473374945968,0.033815311194509624,0.0,0.0,0.0,0.0,0.0,0.0,0.0,0.0,0.0,0.0,0.0,0.00045032397263805287,0.0,-0.0,0.0,0.24211907844346056,2024-08-20,3,20
-0.0,-0.0,-0.0,-0.0,0.0,0.008722454866551155,-0.0,-0.0,0.0,0.0,0.0,0.0,-0.0,-0.0,-0.0,0.12224746671081078,-0.0,-0.0,-0.0,0.0,-0.0,-0.0,-0.0,0.0,-0.0,-0.0,-0.02815789024141153,-0.07585125866228222,-0.043387491020712446,-0.0,-0.0,-0.0,-0.0,0.0,0.0,0.0,-0.0,0.0,-0.0,0.08221689953566576,0.0,-0.030794878773150482,-0.0,0.14987258364803815,-0.0,-0.004722952481124224,-0.0,-0.0,0.0,0.0,0.0,0.0,0.0,0.0,-0.004480056254093569,-0.0,-0.0,-0.0,-0.0,0.02670028876705235,0.0,0.0,0.0,0.0,-0.0,-0.0,-0.0,-0.0,-0.0,-0.005953578872580901,0.0,-0.0,0.0,0.0,-0.0,-0.0,-0.0,0.0,0.0,0.0,-0.0,-0.0,0.0,0.007538938132548285,0.0,-0.0,-0.0,0.014298502078780308,-0.0,-0.0,-0.0,-0.0,0.0,-0.0,-0.0,0.0,0.0,0.0,0.0,0.0,-0.0,0.0,-0.0,0.0,0.0,-0.0,0.016539176705545937,0.0,-0.0,-0.0,-0.0,-0.0,0.0,0.0,0.0,-0.0,0.0,0.0,-0.0,0.0,-0.0,0.0,0.0,0.0,0.0,0.0,0.0,0.0,-0.0,-0.0,0.0,0.0,-0.0,-0.0,-0.0,-0.0,0.0,-0.0,-0.0,0.0,0.0,0.0,0.0,-0.0,-0.0,-0.0,-0.0,0.0,0.0,-0.0,0.017064139293899404,0.0,-0.0,-0.0,-0.0,-0.0,0.0,0.0,0.019941473374945968,0.033815311194509624,0.0,0.0,0.0,0.0,0.0,0.0,0.0,0.0,0.0,0.0,0.0,0.00045032397263805287,0.0,-0.0,0.0,0.24211907844346056,2024-08-21,3,20
-0.0,-0.0,-0.0,-0.0,0.0,0.008722454866551155,-0.0,-0.0,0.0,0.0,0.0,0.0,-0.0,-0.0,-0.0,0.12224746671081078,-0.0,-0.0,-0.0,0.0,-0.0,-0.0,-0.0,0.0,-0.0,-0.0,-0.02815789024141153,-0.07585125866228222,-0.043387491020712446,-0.0,-0.0,-0.0,-0.0,0.0,0.0,0.0,-0.0,0.0,-0.0,0.08221689953566576,0.0,-0.030794878773150482,-0.0,0.14987258364803815,-0.0,-0.004722952481124224,-0.0,-0.0,0.0,0.0,0.0,0.0,0.0,0.0,-0.004480056254093569,-0.0,-0.0,-0.0,-0.0,0.02670028876705235,0.0,0.0,0.0,0.0,-0.0,-0.0,-0.0,-0.0,-0.0,-0.005953578872580901,0.0,-0.0,0.0,0.0,-0.0,-0.0,-0.0,0.0,0.0,0.0,-0.0,-0.0,0.0,0.007538938132548285,0.0,-0.0,-0.0,0.014298502078780308,-0.0,-0.0,-0.0,-0.0,0.0,-0.0,-0.0,0.0,0.0,0.0,0.0,0.0,-0.0,0.0,-0.0,0.0,0.0,-0.0,0.016539176705545937,0.0,-0.0,-0.0,-0.0,-0.0,0.0,0.0,0.0,-0.0,0.0,0.0,-0.0,0.0,-0.0,0.0,0.0,0.0,0.0,0.0,0.0,0.0,-0.0,-0.0,0.0,0.0,-0.0,-0.0,-0.0,-0.0,0.0,-0.0,-0.0,0.0,0.0,0.0,0.0,-0.0,-0.0,-0.0,-0.0,0.0,0.0,-0.0,0.017064139293899404,0.0,-0.0,-0.0,-0.0,-0.0,0.0,0.0,0.019941473374945968,0.033815311194509624,0.0,0.0,0.0,0.0,0.0,0.0,0.0,0.0,0.0,0.0,0.0,0.00045032397263805287,0.0,-0.0,0.0,0.24211907844346056,2024-08-22,3,20
-0.0,-0.0,-0.0,-0.0,0.0,0.008722454866551155,-0.0,-0.0,0.0,0.0,0.0,0.0,-0.0,-0.0,-0.0,0.12224746671081078,-0.0,-0.0,-0.0,0.0,-0.0,-0.0,-0.0,0.0,-0.0,-0.0,-0.02815789024141153,-0.07585125866228222,-0.043387491020712446,-0.0,-0.0,-0.0,-0.0,0.0,0.0,0.0,-0.0,0.0,-0.0,0.08221689953566576,0.0,-0.030794878773150482,-0.0,0.14987258364803815,-0.0,-0.004722952481124224,-0.0,-0.0,0.0,0.0,0.0,0.0,0.0,0.0,-0.004480056254093569,-0.0,-0.0,-0.0,-0.0,0.02670028876705235,0.0,0.0,0.0,0.0,-0.0,-0.0,-0.0,-0.0,-0.0,-0.005953578872580901,0.0,-0.0,0.0,0.0,-0.0,-0.0,-0.0,0.0,0.0,0.0,-0.0,-0.0,0.0,0.007538938132548285,0.0,-0.0,-0.0,0.014298502078780308,-0.0,-0.0,-0.0,-0.0,0.0,-0.0,-0.0,0.0,0.0,0.0,0.0,0.0,-0.0,0.0,-0.0,0.0,0.0,-0.0,0.016539176705545937,0.0,-0.0,-0.0,-0.0,-0.0,0.0,0.0,0.0,-0.0,0.0,0.0,-0.0,0.0,-0.0,0.0,0.0,0.0,0.0,0.0,0.0,0.0,-0.0,-0.0,0.0,0.0,-0.0,-0.0,-0.0,-0.0,0.0,-0.0,-0.0,0.0,0.0,0.0,0.0,-0.0,-0.0,-0.0,-0.0,0.0,0.0,-0.0,0.017064139293899404,0.0,-0.0,-0.0,-0.0,-0.0,0.0,0.0,0.019941473374945968,0.033815311194509624,0.0,0.0,0.0,0.0,0.0,0.0,0.0,0.0,0.0,0.0,0.0,0.00045032397263805287,0.0,-0.0,0.0,0.24211907844346056,2024-08-23,3,20
-0.0,-0.000805233034501551,-0.0,-0.0,0.0,0.010028798145345238,-0.0,-0.0,0.0,0.0,0.0,0.0,-0.0,-0.0,-0.0,0.11998098809729715,-0.0,-0.0,-0.0,0.0,-0.0,-0.0,-0.0,0.0,-0.0,-0.0,-0.029756130489329312,-0.07756760949415191,-0.0466273255857675,-0.0,-0.0,-0.0,-0.0,0.0,0.0,0.0,-0.0,0.0,0.0,0.0818809588409237,0.0,-0.03051760468694004,-0.0,0.14861881503912572,-0.0,-0.004631620850852831,-0.0,-0.0,0.0,0.0,0.0,0.0,0.0,0.0,-0.00288588570670989,-0.0,-0.0,-0.0,-0.0,0.03134323603551364,0.0,0.0,0.0,0.0,-0.0,-0.0,-0.0,-0.0,-0.0,-0.005518574167760333,0.0,-0.0,0.0,0.0,-0.0,-0.0,-0.0,0.0,0.0,0.0,-0.0,-0.0,-0.0,0.009460748801769255,0.0,-0.0,-0.0,0.015690837629080058,-0.0,-0.0,-0.0,-0.0,0.0,-0.0,-0.0,0.0,0.0,0.0,0.0,0.0,-0.0,0.0,-0.0,0.0,0.0,-0.0,0.016590979067381606,0.0,-0.0,-0.0,-0.0,-0.0,0.0,0.0,0.0,-0.0,0.0,0.0,-0.0,0.0,-0.0,0.0,0.0,0.0,0.0,0.0,0.0,0.0,-0.0,-0.0,0.0,0.0,-0.0,-0.0,-0.0,-0.0,0.0,-0.0,-0.0,0.0,0.0,0.0,0.0,-0.0,-0.0,-0.0,-0.0,0.0,0.0,-0.0,0.016981651265300258,0.0,-0.0,-0.0,-0.0,-0.0,0.0,0.0,0.01867675523545033,0.03639361379149679,0.0,0.0,0.0,0.0,0.0,0.0,0.0,0.0,0.0,0.0,0.0,0.0,0.0,-0.0,0.0,0.239396371327759,2024-08-24,3,20
-0.0,-0.000805233034501551,-0.0,-0.0,0.0,0.010028798145345238,-0.0,-0.0,0.0,0.0,0.0,0.0,-0.0,-0.0,-0.0,0.11998098809729715,-0.0,-0.0,-0.0,0.0,-0.0,-0.0,-0.0,0.0,-0.0,-0.0,-0.029756130489329312,-0.07756760949415191,-0.0466273255857675,-0.0,-0.0,-0.0,-0.0,0.0,0.0,0.0,-0.0,0.0,0.0,0.0818809588409237,0.0,-0.03051760468694004,-0.0,0.14861881503912572,-0.0,-0.004631620850852831,-0.0,-0.0,0.0,0.0,0.0,0.0,0.0,0.0,-0.00288588570670989,-0.0,-0.0,-0.0,-0.0,0.03134323603551364,0.0,0.0,0.0,0.0,-0.0,-0.0,-0.0,-0.0,-0.0,-0.005518574167760333,0.0,-0.0,0.0,0.0,-0.0,-0.0,-0.0,0.0,0.0,0.0,-0.0,-0.0,-0.0,0.009460748801769255,0.0,-0.0,-0.0,0.015690837629080058,-0.0,-0.0,-0.0,-0.0,0.0,-0.0,-0.0,0.0,0.0,0.0,0.0,0.0,-0.0,0.0,-0.0,0.0,0.0,-0.0,0.016590979067381606,0.0,-0.0,-0.0,-0.0,-0.0,0.0,0.0,0.0,-0.0,0.0,0.0,-0.0,0.0,-0.0,0.0,0.0,0.0,0.0,0.0,0.0,0.0,-0.0,-0.0,0.0,0.0,-0.0,-0.0,-0.0,-0.0,0.0,-0.0,-0.0,0.0,0.0,0.0,0.0,-0.0,-0.0,-0.0,-0.0,0.0,0.0,-0.0,0.016981651265300258,0.0,-0.0,-0.0,-0.0,-0.0,0.0,0.0,0.01867675523545033,0.03639361379149679,0.0,0.0,0.0,0.0,0.0,0.0,0.0,0.0,0.0,0.0,0.0,0.0,0.0,-0.0,0.0,0.239396371327759,2024-08-25,3,20
-0.0,-0.000805233034501551,-0.0,-0.0,0.0,0.010028798145345238,-0.0,-0.0,0.0,0.0,0.0,0.0,-0.0,-0.0,-0.0,0.11998098809729715,-0.0,-0.0,-0.0,0.0,-0.0,-0.0,-0.0,0.0,-0.0,-0.0,-0.029756130489329312,-0.07756760949415191,-0.0466273255857675,-0.0,-0.0,-0.0,-0.0,0.0,0.0,0.0,-0.0,0.0,0.0,0.0818809588409237,0.0,-0.03051760468694004,-0.0,0.14861881503912572,-0.0,-0.004631620850852831,-0.0,-0.0,0.0,0.0,0.0,0.0,0.0,0.0,-0.00288588570670989,-0.0,-0.0,-0.0,-0.0,0.03134323603551364,0.0,0.0,0.0,0.0,-0.0,-0.0,-0.0,-0.0,-0.0,-0.005518574167760333,0.0,-0.0,0.0,0.0,-0.0,-0.0,-0.0,0.0,0.0,0.0,-0.0,-0.0,-0.0,0.009460748801769255,0.0,-0.0,-0.0,0.015690837629080058,-0.0,-0.0,-0.0,-0.0,0.0,-0.0,-0.0,0.0,0.0,0.0,0.0,0.0,-0.0,0.0,-0.0,0.0,0.0,-0.0,0.016590979067381606,0.0,-0.0,-0.0,-0.0,-0.0,0.0,0.0,0.0,-0.0,0.0,0.0,-0.0,0.0,-0.0,0.0,0.0,0.0,0.0,0.0,0.0,0.0,-0.0,-0.0,0.0,0.0,-0.0,-0.0,-0.0,-0.0,0.0,-0.0,-0.0,0.0,0.0,0.0,0.0,-0.0,-0.0,-0.0,-0.0,0.0,0.0,-0.0,0.016981651265300258,0.0,-0.0,-0.0,-0.0,-0.0,0.0,0.0,0.01867675523545033,0.03639361379149679,0.0,0.0,0.0,0.0,0.0,0.0,0.0,0.0,0.0,0.0,0.0,0.0,0.0,-0.0,0.0,0.239396371327759,2024-08-26,3,20
-0.0,-0.000805233034501551,-0.0,-0.0,0.0,0.010028798145345238,-0.0,-0.0,0.0,0.0,0.0,0.0,-0.0,-0.0,-0.0,0.11998098809729715,-0.0,-0.0,-0.0,0.0,-0.0,-0.0,-0.0,0.0,-0.0,-0.0,-0.029756130489329312,-0.07756760949415191,-0.0466273255857675,-0.0,-0.0,-0.0,-0.0,0.0,0.0,0.0,-0.0,0.0,0.0,0.0818809588409237,0.0,-0.03051760468694004,-0.0,0.14861881503912572,-0.0,-0.004631620850852831,-0.0,-0.0,0.0,0.0,0.0,0.0,0.0,0.0,-0.00288588570670989,-0.0,-0.0,-0.0,-0.0,0.03134323603551364,0.0,0.0,0.0,0.0,-0.0,-0.0,-0.0,-0.0,-0.0,-0.005518574167760333,0.0,-0.0,0.0,0.0,-0.0,-0.0,-0.0,0.0,0.0,0.0,-0.0,-0.0,-0.0,0.009460748801769255,0.0,-0.0,-0.0,0.015690837629080058,-0.0,-0.0,-0.0,-0.0,0.0,-0.0,-0.0,0.0,0.0,0.0,0.0,0.0,-0.0,0.0,-0.0,0.0,0.0,-0.0,0.016590979067381606,0.0,-0.0,-0.0,-0.0,-0.0,0.0,0.0,0.0,-0.0,0.0,0.0,-0.0,0.0,-0.0,0.0,0.0,0.0,0.0,0.0,0.0,0.0,-0.0,-0.0,0.0,0.0,-0.0,-0.0,-0.0,-0.0,0.0,-0.0,-0.0,0.0,0.0,0.0,0.0,-0.0,-0.0,-0.0,-0.0,0.0,0.0,-0.0,0.016981651265300258,0.0,-0.0,-0.0,-0.0,-0.0,0.0,0.0,0.01867675523545033,0.03639361379149679,0.0,0.0,0.0,0.0,0.0,0.0,0.0,0.0,0.0,0.0,0.0,0.0,0.0,-0.0,0.0,0.239396371327759,2024-08-27,3,20
-0.0,-0.000805233034501551,-0.0,-0.0,0.0,0.010028798145345238,-0.0,-0.0,0.0,0.0,0.0,0.0,-0.0,-0.0,-0.0,0.11998098809729715,-0.0,-0.0,-0.0,0.0,-0.0,-0.0,-0.0,0.0,-0.0,-0.0,-0.029756130489329312,-0.07756760949415191,-0.0466273255857675,-0.0,-0.0,-0.0,-0.0,0.0,0.0,0.0,-0.0,0.0,0.0,0.0818809588409237,0.0,-0.03051760468694004,-0.0,0.14861881503912572,-0.0,-0.004631620850852831,-0.0,-0.0,0.0,0.0,0.0,0.0,0.0,0.0,-0.00288588570670989,-0.0,-0.0,-0.0,-0.0,0.03134323603551364,0.0,0.0,0.0,0.0,-0.0,-0.0,-0.0,-0.0,-0.0,-0.005518574167760333,0.0,-0.0,0.0,0.0,-0.0,-0.0,-0.0,0.0,0.0,0.0,-0.0,-0.0,-0.0,0.009460748801769255,0.0,-0.0,-0.0,0.015690837629080058,-0.0,-0.0,-0.0,-0.0,0.0,-0.0,-0.0,0.0,0.0,0.0,0.0,0.0,-0.0,0.0,-0.0,0.0,0.0,-0.0,0.016590979067381606,0.0,-0.0,-0.0,-0.0,-0.0,0.0,0.0,0.0,-0.0,0.0,0.0,-0.0,0.0,-0.0,0.0,0.0,0.0,0.0,0.0,0.0,0.0,-0.0,-0.0,0.0,0.0,-0.0,-0.0,-0.0,-0.0,0.0,-0.0,-0.0,0.0,0.0,0.0,0.0,-0.0,-0.0,-0.0,-0.0,0.0,0.0,-0.0,0.016981651265300258,0.0,-0.0,-0.0,-0.0,-0.0,0.0,0.0,0.01867675523545033,0.03639361379149679,0.0,0.0,0.0,0.0,0.0,0.0,0.0,0.0,0.0,0.0,0.0,0.0,0.0,-0.0,0.0,0.239396371327759,2024-08-28,3,20
-0.0,-0.000805233034501551,-0.0,-0.0,0.0,0.010028798145345238,-0.0,-0.0,0.0,0.0,0.0,0.0,-0.0,-0.0,-0.0,0.11998098809729715,-0.0,-0.0,-0.0,0.0,-0.0,-0.0,-0.0,0.0,-0.0,-0.0,-0.029756130489329312,-0.07756760949415191,-0.0466273255857675,-0.0,-0.0,-0.0,-0.0,0.0,0.0,0.0,-0.0,0.0,0.0,0.0818809588409237,0.0,-0.03051760468694004,-0.0,0.14861881503912572,-0.0,-0.004631620850852831,-0.0,-0.0,0.0,0.0,0.0,0.0,0.0,0.0,-0.00288588570670989,-0.0,-0.0,-0.0,-0.0,0.03134323603551364,0.0,0.0,0.0,0.0,-0.0,-0.0,-0.0,-0.0,-0.0,-0.005518574167760333,0.0,-0.0,0.0,0.0,-0.0,-0.0,-0.0,0.0,0.0,0.0,-0.0,-0.0,-0.0,0.009460748801769255,0.0,-0.0,-0.0,0.015690837629080058,-0.0,-0.0,-0.0,-0.0,0.0,-0.0,-0.0,0.0,0.0,0.0,0.0,0.0,-0.0,0.0,-0.0,0.0,0.0,-0.0,0.016590979067381606,0.0,-0.0,-0.0,-0.0,-0.0,0.0,0.0,0.0,-0.0,0.0,0.0,-0.0,0.0,-0.0,0.0,0.0,0.0,0.0,0.0,0.0,0.0,-0.0,-0.0,0.0,0.0,-0.0,-0.0,-0.0,-0.0,0.0,-0.0,-0.0,0.0,0.0,0.0,0.0,-0.0,-0.0,-0.0,-0.0,0.0,0.0,-0.0,0.016981651265300258,0.0,-0.0,-0.0,-0.0,-0.0,0.0,0.0,0.01867675523545033,0.03639361379149679,0.0,0.0,0.0,0.0,0.0,0.0,0.0,0.0,0.0,0.0,0.0,0.0,0.0,-0.0,0.0,0.239396371327759,2024-08-29,3,20
-0.0,-0.000805233034501551,-0.0,-0.0,0.0,0.010028798145345238,-0.0,-0.0,0.0,0.0,0.0,0.0,-0.0,-0.0,-0.0,0.11998098809729715,-0.0,-0.0,-0.0,0.0,-0.0,-0.0,-0.0,0.0,-0.0,-0.0,-0.029756130489329312,-0.07756760949415191,-0.0466273255857675,-0.0,-0.0,-0.0,-0.0,0.0,0.0,0.0,-0.0,0.0,0.0,0.0818809588409237,0.0,-0.03051760468694004,-0.0,0.14861881503912572,-0.0,-0.004631620850852831,-0.0,-0.0,0.0,0.0,0.0,0.0,0.0,0.0,-0.00288588570670989,-0.0,-0.0,-0.0,-0.0,0.03134323603551364,0.0,0.0,0.0,0.0,-0.0,-0.0,-0.0,-0.0,-0.0,-0.005518574167760333,0.0,-0.0,0.0,0.0,-0.0,-0.0,-0.0,0.0,0.0,0.0,-0.0,-0.0,-0.0,0.009460748801769255,0.0,-0.0,-0.0,0.015690837629080058,-0.0,-0.0,-0.0,-0.0,0.0,-0.0,-0.0,0.0,0.0,0.0,0.0,0.0,-0.0,0.0,-0.0,0.0,0.0,-0.0,0.016590979067381606,0.0,-0.0,-0.0,-0.0,-0.0,0.0,0.0,0.0,-0.0,0.0,0.0,-0.0,0.0,-0.0,0.0,0.0,0.0,0.0,0.0,0.0,0.0,-0.0,-0.0,0.0,0.0,-0.0,-0.0,-0.0,-0.0,0.0,-0.0,-0.0,0.0,0.0,0.0,0.0,-0.0,-0.0,-0.0,-0.0,0.0,0.0,-0.0,0.016981651265300258,0.0,-0.0,-0.0,-0.0,-0.0,0.0,0.0,0.01867675523545033,0.03639361379149679,0.0,0.0,0.0,0.0,0.0,0.0,0.0,0.0,0.0,0.0,0.0,0.0,0.0,-0.0,0.0,0.239396371327759,2024-08-30,3,20
-0.0,-0.0018242956811576289,-0.0,-0.0,0.0,0.005820544872503826,-0.0,-0.0,0.0,0.0,0.0,0.0,-0.0,-0.0,-0.0,0.1407076000843459,-0.0,-0.0,-0.0,0.0,-0.0,-0.0,-0.0,0.0,-0.0,-0.0,-0.031882896199519006,-0.07678949996208727,-0.04292622417444402,-0.0,-0.0,-0.0,-0.0,0.0,0.0,0.0,-0.0,0.0,-0.0,0.07489090842158681,0.0,-0.0281575493455167,-0.0,0.14742244007767033,-0.0,-0.004116360116414134,-0.0,-0.0,0.0,0.0,0.0,0.0,0.0,0.0,-0.00228481427662382,-0.0,-0.0,-0.0,-0.0,0.01839623729196531,0.0,0.0,0.0,0.0,-0.0,-0.0,-0.0,-0.0,-0.0,-0.005217840783888755,0.0,-0.0,0.0,0.0,-0.0,-0.0,-0.0,0.0,0.0,0.0,-0.0,-0.0,-0.0,0.010054787695586294,0.0,-0.0,-0.0,0.01693384103186804,-0.0,-0.0,-0.0,-0.0,0.0,-0.0,-0.0,0.0,0.0,0.0,0.0,0.0,-0.0,0.0,-0.0,0.0,0.0,-0.0,0.01530763761628012,0.0,-0.0,-0.0,-0.0,-0.0,0.0,0.0,0.0,-0.0,0.01068434111782012,0.0,-0.0,0.0,-0.0,0.0,0.0,0.0,0.0,0.0,0.0,0.0,-0.0,-0.0,0.0,0.0,-0.0,-0.0,-0.0,-0.0,0.0,-0.0,-0.0,0.0,0.0,0.0,0.0,-0.0,-0.0,-0.0,-0.0,0.0,0.0,-0.0,0.016881972172525826,0.0,-0.0,-0.0,-0.0,-0.0,0.0,0.0,0.024392487001022162,0.03861401803039579,0.0,0.0,0.0,0.0,0.0,0.0,0.0,0.0,0.0,-0.0,0.0,0.0002904128497838373,0.0,-0.0,-0.0,0.2380429648638055,2024-08-31,3,22
-0.0,-0.0018242956811576289,-0.0,-0.0,0.0,0.005820544872503826,-0.0,-0.0,0.0,0.0,0.0,0.0,-0.0,-0.0,-0.0,0.1407076000843459,-0.0,-0.0,-0.0,0.0,-0.0,-0.0,-0.0,0.0,-0.0,-0.0,-0.031882896199519006,-0.07678949996208727,-0.04292622417444402,-0.0,-0.0,-0.0,-0.0,0.0,0.0,0.0,-0.0,0.0,-0.0,0.07489090842158681,0.0,-0.0281575493455167,-0.0,0.14742244007767033,-0.0,-0.004116360116414134,-0.0,-0.0,0.0,0.0,0.0,0.0,0.0,0.0,-0.00228481427662382,-0.0,-0.0,-0.0,-0.0,0.01839623729196531,0.0,0.0,0.0,0.0,-0.0,-0.0,-0.0,-0.0,-0.0,-0.005217840783888755,0.0,-0.0,0.0,0.0,-0.0,-0.0,-0.0,0.0,0.0,0.0,-0.0,-0.0,-0.0,0.010054787695586294,0.0,-0.0,-0.0,0.01693384103186804,-0.0,-0.0,-0.0,-0.0,0.0,-0.0,-0.0,0.0,0.0,0.0,0.0,0.0,-0.0,0.0,-0.0,0.0,0.0,-0.0,0.01530763761628012,0.0,-0.0,-0.0,-0.0,-0.0,0.0,0.0,0.0,-0.0,0.01068434111782012,0.0,-0.0,0.0,-0.0,0.0,0.0,0.0,0.0,0.0,0.0,0.0,-0.0,-0.0,0.0,0.0,-0.0,-0.0,-0.0,-0.0,0.0,-0.0,-0.0,0.0,0.0,0.0,0.0,-0.0,-0.0,-0.0,-0.0,0.0,0.0,-0.0,0.016881972172525826,0.0,-0.0,-0.0,-0.0,-0.0,0.0,0.0,0.024392487001022162,0.03861401803039579,0.0,0.0,0.0,0.0,0.0,0.0,0.0,0.0,0.0,-0.0,0.0,0.0002904128497838373,0.0,-0.0,-0.0,0.2380429648638055,2024-09-01,3,22
-0.0,-0.0018242956811576289,-0.0,-0.0,0.0,0.005820544872503826,-0.0,-0.0,0.0,0.0,0.0,0.0,-0.0,-0.0,-0.0,0.1407076000843459,-0.0,-0.0,-0.0,0.0,-0.0,-0.0,-0.0,0.0,-0.0,-0.0,-0.031882896199519006,-0.07678949996208727,-0.04292622417444402,-0.0,-0.0,-0.0,-0.0,0.0,0.0,0.0,-0.0,0.0,-0.0,0.07489090842158681,0.0,-0.0281575493455167,-0.0,0.14742244007767033,-0.0,-0.004116360116414134,-0.0,-0.0,0.0,0.0,0.0,0.0,0.0,0.0,-0.00228481427662382,-0.0,-0.0,-0.0,-0.0,0.01839623729196531,0.0,0.0,0.0,0.0,-0.0,-0.0,-0.0,-0.0,-0.0,-0.005217840783888755,0.0,-0.0,0.0,0.0,-0.0,-0.0,-0.0,0.0,0.0,0.0,-0.0,-0.0,-0.0,0.010054787695586294,0.0,-0.0,-0.0,0.01693384103186804,-0.0,-0.0,-0.0,-0.0,0.0,-0.0,-0.0,0.0,0.0,0.0,0.0,0.0,-0.0,0.0,-0.0,0.0,0.0,-0.0,0.01530763761628012,0.0,-0.0,-0.0,-0.0,-0.0,0.0,0.0,0.0,-0.0,0.01068434111782012,0.0,-0.0,0.0,-0.0,0.0,0.0,0.0,0.0,0.0,0.0,0.0,-0.0,-0.0,0.0,0.0,-0.0,-0.0,-0.0,-0.0,0.0,-0.0,-0.0,0.0,0.0,0.0,0.0,-0.0,-0.0,-0.0,-0.0,0.0,0.0,-0.0,0.016881972172525826,0.0,-0.0,-0.0,-0.0,-0.0,0.0,0.0,0.024392487001022162,0.03861401803039579,0.0,0.0,0.0,0.0,0.0,0.0,0.0,0.0,0.0,-0.0,0.0,0.0002904128497838373,0.0,-0.0,-0.0,0.2380429648638055,2024-09-02,3,22
-0.0,-0.0018242956811576289,-0.0,-0.0,0.0,0.005820544872503826,-0.0,-0.0,0.0,0.0,0.0,0.0,-0.0,-0.0,-0.0,0.1407076000843459,-0.0,-0.0,-0.0,0.0,-0.0,-0.0,-0.0,0.0,-0.0,-0.0,-0.031882896199519006,-0.07678949996208727,-0.04292622417444402,-0.0,-0.0,-0.0,-0.0,0.0,0.0,0.0,-0.0,0.0,-0.0,0.07489090842158681,0.0,-0.0281575493455167,-0.0,0.14742244007767033,-0.0,-0.004116360116414134,-0.0,-0.0,0.0,0.0,0.0,0.0,0.0,0.0,-0.00228481427662382,-0.0,-0.0,-0.0,-0.0,0.01839623729196531,0.0,0.0,0.0,0.0,-0.0,-0.0,-0.0,-0.0,-0.0,-0.005217840783888755,0.0,-0.0,0.0,0.0,-0.0,-0.0,-0.0,0.0,0.0,0.0,-0.0,-0.0,-0.0,0.010054787695586294,0.0,-0.0,-0.0,0.01693384103186804,-0.0,-0.0,-0.0,-0.0,0.0,-0.0,-0.0,0.0,0.0,0.0,0.0,0.0,-0.0,0.0,-0.0,0.0,0.0,-0.0,0.01530763761628012,0.0,-0.0,-0.0,-0.0,-0.0,0.0,0.0,0.0,-0.0,0.01068434111782012,0.0,-0.0,0.0,-0.0,0.0,0.0,0.0,0.0,0.0,0.0,0.0,-0.0,-0.0,0.0,0.0,-0.0,-0.0,-0.0,-0.0,0.0,-0.0,-0.0,0.0,0.0,0.0,0.0,-0.0,-0.0,-0.0,-0.0,0.0,0.0,-0.0,0.016881972172525826,0.0,-0.0,-0.0,-0.0,-0.0,0.0,0.0,0.024392487001022162,0.03861401803039579,0.0,0.0,0.0,0.0,0.0,0.0,0.0,0.0,0.0,-0.0,0.0,0.0002904128497838373,0.0,-0.0,-0.0,0.2380429648638055,2024-09-03,3,22
-0.0,-0.0018242956811576289,-0.0,-0.0,0.0,0.005820544872503826,-0.0,-0.0,0.0,0.0,0.0,0.0,-0.0,-0.0,-0.0,0.1407076000843459,-0.0,-0.0,-0.0,0.0,-0.0,-0.0,-0.0,0.0,-0.0,-0.0,-0.031882896199519006,-0.07678949996208727,-0.04292622417444402,-0.0,-0.0,-0.0,-0.0,0.0,0.0,0.0,-0.0,0.0,-0.0,0.07489090842158681,0.0,-0.0281575493455167,-0.0,0.14742244007767033,-0.0,-0.004116360116414134,-0.0,-0.0,0.0,0.0,0.0,0.0,0.0,0.0,-0.00228481427662382,-0.0,-0.0,-0.0,-0.0,0.01839623729196531,0.0,0.0,0.0,0.0,-0.0,-0.0,-0.0,-0.0,-0.0,-0.005217840783888755,0.0,-0.0,0.0,0.0,-0.0,-0.0,-0.0,0.0,0.0,0.0,-0.0,-0.0,-0.0,0.010054787695586294,0.0,-0.0,-0.0,0.01693384103186804,-0.0,-0.0,-0.0,-0.0,0.0,-0.0,-0.0,0.0,0.0,0.0,0.0,0.0,-0.0,0.0,-0.0,0.0,0.0,-0.0,0.01530763761628012,0.0,-0.0,-0.0,-0.0,-0.0,0.0,0.0,0.0,-0.0,0.01068434111782012,0.0,-0.0,0.0,-0.0,0.0,0.0,0.0,0.0,0.0,0.0,0.0,-0.0,-0.0,0.0,0.0,-0.0,-0.0,-0.0,-0.0,0.0,-0.0,-0.0,0.0,0.0,0.0,0.0,-0.0,-0.0,-0.0,-0.0,0.0,0.0,-0.0,0.016881972172525826,0.0,-0.0,-0.0,-0.0,-0.0,0.0,0.0,0.024392487001022162,0.03861401803039579,0.0,0.0,0.0,0.0,0.0,0.0,0.0,0.0,0.0,-0.0,0.0,0.0002904128497838373,0.0,-0.0,-0.0,0.2380429648638055,2024-09-04,3,22
-0.0,-0.0018242956811576289,-0.0,-0.0,0.0,0.005820544872503826,-0.0,-0.0,0.0,0.0,0.0,0.0,-0.0,-0.0,-0.0,0.1407076000843459,-0.0,-0.0,-0.0,0.0,-0.0,-0.0,-0.0,0.0,-0.0,-0.0,-0.031882896199519006,-0.07678949996208727,-0.04292622417444402,-0.0,-0.0,-0.0,-0.0,0.0,0.0,0.0,-0.0,0.0,-0.0,0.07489090842158681,0.0,-0.0281575493455167,-0.0,0.14742244007767033,-0.0,-0.004116360116414134,-0.0,-0.0,0.0,0.0,0.0,0.0,0.0,0.0,-0.00228481427662382,-0.0,-0.0,-0.0,-0.0,0.01839623729196531,0.0,0.0,0.0,0.0,-0.0,-0.0,-0.0,-0.0,-0.0,-0.005217840783888755,0.0,-0.0,0.0,0.0,-0.0,-0.0,-0.0,0.0,0.0,0.0,-0.0,-0.0,-0.0,0.010054787695586294,0.0,-0.0,-0.0,0.01693384103186804,-0.0,-0.0,-0.0,-0.0,0.0,-0.0,-0.0,0.0,0.0,0.0,0.0,0.0,-0.0,0.0,-0.0,0.0,0.0,-0.0,0.01530763761628012,0.0,-0.0,-0.0,-0.0,-0.0,0.0,0.0,0.0,-0.0,0.01068434111782012,0.0,-0.0,0.0,-0.0,0.0,0.0,0.0,0.0,0.0,0.0,0.0,-0.0,-0.0,0.0,0.0,-0.0,-0.0,-0.0,-0.0,0.0,-0.0,-0.0,0.0,0.0,0.0,0.0,-0.0,-0.0,-0.0,-0.0,0.0,0.0,-0.0,0.016881972172525826,0.0,-0.0,-0.0,-0.0,-0.0,0.0,0.0,0.024392487001022162,0.03861401803039579,0.0,0.0,0.0,0.0,0.0,0.0,0.0,0.0,0.0,-0.0,0.0,0.0002904128497838373,0.0,-0.0,-0.0,0.2380429648638055,2024-09-05,3,22
-0.0,-0.0018242956811576289,-0.0,-0.0,0.0,0.005820544872503826,-0.0,-0.0,0.0,0.0,0.0,0.0,-0.0,-0.0,-0.0,0.1407076000843459,-0.0,-0.0,-0.0,0.0,-0.0,-0.0,-0.0,0.0,-0.0,-0.0,-0.031882896199519006,-0.07678949996208727,-0.04292622417444402,-0.0,-0.0,-0.0,-0.0,0.0,0.0,0.0,-0.0,0.0,-0.0,0.07489090842158681,0.0,-0.0281575493455167,-0.0,0.14742244007767033,-0.0,-0.004116360116414134,-0.0,-0.0,0.0,0.0,0.0,0.0,0.0,0.0,-0.00228481427662382,-0.0,-0.0,-0.0,-0.0,0.01839623729196531,0.0,0.0,0.0,0.0,-0.0,-0.0,-0.0,-0.0,-0.0,-0.005217840783888755,0.0,-0.0,0.0,0.0,-0.0,-0.0,-0.0,0.0,0.0,0.0,-0.0,-0.0,-0.0,0.010054787695586294,0.0,-0.0,-0.0,0.01693384103186804,-0.0,-0.0,-0.0,-0.0,0.0,-0.0,-0.0,0.0,0.0,0.0,0.0,0.0,-0.0,0.0,-0.0,0.0,0.0,-0.0,0.01530763761628012,0.0,-0.0,-0.0,-0.0,-0.0,0.0,0.0,0.0,-0.0,0.01068434111782012,0.0,-0.0,0.0,-0.0,0.0,0.0,0.0,0.0,0.0,0.0,0.0,-0.0,-0.0,0.0,0.0,-0.0,-0.0,-0.0,-0.0,0.0,-0.0,-0.0,0.0,0.0,0.0,0.0,-0.0,-0.0,-0.0,-0.0,0.0,0.0,-0.0,0.016881972172525826,0.0,-0.0,-0.0,-0.0,-0.0,0.0,0.0,0.024392487001022162,0.03861401803039579,0.0,0.0,0.0,0.0,0.0,0.0,0.0,0.0,0.0,-0.0,0.0,0.0002904128497838373,0.0,-0.0,-0.0,0.2380429648638055,2024-09-06,3,22
-0.0,-0.0018647566016224716,-0.0,-0.0,0.0,0.012402927022775562,-0.0,-0.0,0.0,0.0,0.0,0.0,-0.0,-0.0,-0.0,0.12172857843961842,-0.0,-0.0,-0.0,0.0,-0.0,-0.0,-0.0,0.0,-0.0,-0.0,-0.03003099212680537,-0.07425862407396419,-0.04230084300157137,-0.0,-0.0,-0.0,-0.0,0.0,0.0,0.0,-0.0,-0.0,-0.0,0.07299918414885186,0.0,-0.030937853148824294,-0.0,0.15035366240546516,-0.0,-0.0015891827762509639,-0.0,-0.0,0.0,0.0,0.0,0.0,0.0,0.0,-0.0007519620584194082,-0.0,-0.0,-0.0,-0.0,0.0274890626155641,0.0,0.0,0.0,0.0,-0.0,-0.0,-0.0,-0.0,-0.0,-0.008566249011036132,0.0,-0.0,0.0,0.0,-0.0,0.0,-0.0,0.0,0.0,0.0,-0.0,-0.0,0.0,0.017348826888525827,0.0,-0.0,-0.0,0.010564607995336046,-0.0,-0.0,-0.0,-0.0,0.0,-0.0,-0.0,0.0,0.0,0.0,0.0,0.0,-0.0,0.0,-0.0,0.0,0.0,-0.0,0.016616474491662203,0.0,-0.0,-0.0,-0.0,-0.0,0.0,0.0,0.0,-0.0,0.01017591421634046,0.0,-0.0,0.0,-0.0,0.0,0.0,0.0,0.0,0.0,0.0,0.0,-0.0,-0.0,0.0,0.0,-0.0,-0.0,-0.0,-0.0,0.0,-0.0,-0.0,0.0,0.0,0.0,0.0,-0.0,-0.0,-0.0,-0.0,0.0,0.0,-0.0,0.015917380559806776,0.0,-0.0,-0.0,-0.0,-0.0,0.0,0.0,0.024572919126143518,0.030960174941451566,0.0,0.0,0.0,0.0,0.0,0.0,0.0,0.0,0.0,-0.0,0.0,0.005513370317462319,0.0,-0.0,-0.0,0.23584927898565777,2024-09-07,3,22
-0.0,-0.0018647566016224716,-0.0,-0.0,0.0,0.012402927022775562,-0.0,-0.0,0.0,0.0,0.0,0.0,-0.0,-0.0,-0.0,0.12172857843961842,-0.0,-0.0,-0.0,0.0,-0.0,-0.0,-0.0,0.0,-0.0,-0.0,-0.03003099212680537,-0.07425862407396419,-0.04230084300157137,-0.0,-0.0,-0.0,-0.0,0.0,0.0,0.0,-0.0,-0.0,-0.0,0.07299918414885186,0.0,-0.030937853148824294,-0.0,0.15035366240546516,-0.0,-0.0015891827762509639,-0.0,-0.0,0.0,0.0,0.0,0.0,0.0,0.0,-0.0007519620584194082,-0.0,-0.0,-0.0,-0.0,0.0274890626155641,0.0,0.0,0.0,0.0,-0.0,-0.0,-0.0,-0.0,-0.0,-0.008566249011036132,0.0,-0.0,0.0,0.0,-0.0,0.0,-0.0,0.0,0.0,0.0,-0.0,-0.0,0.0,0.017348826888525827,0.0,-0.0,-0.0,0.010564607995336046,-0.0,-0.0,-0.0,-0.0,0.0,-0.0,-0.0,0.0,0.0,0.0,0.0,0.0,-0.0,0.0,-0.0,0.0,0.0,-0.0,0.016616474491662203,0.0,-0.0,-0.0,-0.0,-0.0,0.0,0.0,0.0,-0.0,0.01017591421634046,0.0,-0.0,0.0,-0.0,0.0,0.0,0.0,0.0,0.0,0.0,0.0,-0.0,-0.0,0.0,0.0,-0.0,-0.0,-0.0,-0.0,0.0,-0.0,-0.0,0.0,0.0,0.0,0.0,-0.0,-0.0,-0.0,-0.0,0.0,0.0,-0.0,0.015917380559806776,0.0,-0.0,-0.0,-0.0,-0.0,0.0,0.0,0.024572919126143518,0.030960174941451566,0.0,0.0,0.0,0.0,0.0,0.0,0.0,0.0,0.0,-0.0,0.0,0.005513370317462319,0.0,-0.0,-0.0,0.23584927898565777,2024-09-08,3,22
-0.0,-0.0018647566016224716,-0.0,-0.0,0.0,0.012402927022775562,-0.0,-0.0,0.0,0.0,0.0,0.0,-0.0,-0.0,-0.0,0.12172857843961842,-0.0,-0.0,-0.0,0.0,-0.0,-0.0,-0.0,0.0,-0.0,-0.0,-0.03003099212680537,-0.07425862407396419,-0.04230084300157137,-0.0,-0.0,-0.0,-0.0,0.0,0.0,0.0,-0.0,-0.0,-0.0,0.07299918414885186,0.0,-0.030937853148824294,-0.0,0.15035366240546516,-0.0,-0.0015891827762509639,-0.0,-0.0,0.0,0.0,0.0,0.0,0.0,0.0,-0.0007519620584194082,-0.0,-0.0,-0.0,-0.0,0.0274890626155641,0.0,0.0,0.0,0.0,-0.0,-0.0,-0.0,-0.0,-0.0,-0.008566249011036132,0.0,-0.0,0.0,0.0,-0.0,0.0,-0.0,0.0,0.0,0.0,-0.0,-0.0,0.0,0.017348826888525827,0.0,-0.0,-0.0,0.010564607995336046,-0.0,-0.0,-0.0,-0.0,0.0,-0.0,-0.0,0.0,0.0,0.0,0.0,0.0,-0.0,0.0,-0.0,0.0,0.0,-0.0,0.016616474491662203,0.0,-0.0,-0.0,-0.0,-0.0,0.0,0.0,0.0,-0.0,0.01017591421634046,0.0,-0.0,0.0,-0.0,0.0,0.0,0.0,0.0,0.0,0.0,0.0,-0.0,-0.0,0.0,0.0,-0.0,-0.0,-0.0,-0.0,0.0,-0.0,-0.0,0.0,0.0,0.0,0.0,-0.0,-0.0,-0.0,-0.0,0.0,0.0,-0.0,0.015917380559806776,0.0,-0.0,-0.0,-0.0,-0.0,0.0,0.0,0.024572919126143518,0.030960174941451566,0.0,0.0,0.0,0.0,0.0,0.0,0.0,0.0,0.0,-0.0,0.0,0.005513370317462319,0.0,-0.0,-0.0,0.23584927898565777,2024-09-09,3,22
-0.0,-0.0018647566016224716,-0.0,-0.0,0.0,0.012402927022775562,-0.0,-0.0,0.0,0.0,0.0,0.0,-0.0,-0.0,-0.0,0.12172857843961842,-0.0,-0.0,-0.0,0.0,-0.0,-0.0,-0.0,0.0,-0.0,-0.0,-0.03003099212680537,-0.07425862407396419,-0.04230084300157137,-0.0,-0.0,-0.0,-0.0,0.0,0.0,0.0,-0.0,-0.0,-0.0,0.07299918414885186,0.0,-0.030937853148824294,-0.0,0.15035366240546516,-0.0,-0.0015891827762509639,-0.0,-0.0,0.0,0.0,0.0,0.0,0.0,0.0,-0.0007519620584194082,-0.0,-0.0,-0.0,-0.0,0.0274890626155641,0.0,0.0,0.0,0.0,-0.0,-0.0,-0.0,-0.0,-0.0,-0.008566249011036132,0.0,-0.0,0.0,0.0,-0.0,0.0,-0.0,0.0,0.0,0.0,-0.0,-0.0,0.0,0.017348826888525827,0.0,-0.0,-0.0,0.010564607995336046,-0.0,-0.0,-0.0,-0.0,0.0,-0.0,-0.0,0.0,0.0,0.0,0.0,0.0,-0.0,0.0,-0.0,0.0,0.0,-0.0,0.016616474491662203,0.0,-0.0,-0.0,-0.0,-0.0,0.0,0.0,0.0,-0.0,0.01017591421634046,0.0,-0.0,0.0,-0.0,0.0,0.0,0.0,0.0,0.0,0.0,0.0,-0.0,-0.0,0.0,0.0,-0.0,-0.0,-0.0,-0.0,0.0,-0.0,-0.0,0.0,0.0,0.0,0.0,-0.0,-0.0,-0.0,-0.0,0.0,0.0,-0.0,0.015917380559806776,0.0,-0.0,-0.0,-0.0,-0.0,0.0,0.0,0.024572919126143518,0.030960174941451566,0.0,0.0,0.0,0.0,0.0,0.0,0.0,0.0,0.0,-0.0,0.0,0.005513370317462319,0.0,-0.0,-0.0,0.23584927898565777,2024-09-10,3,22
-0.0,-0.0018647566016224716,-0.0,-0.0,0.0,0.012402927022775562,-0.0,-0.0,0.0,0.0,0.0,0.0,-0.0,-0.0,-0.0,0.12172857843961842,-0.0,-0.0,-0.0,0.0,-0.0,-0.0,-0.0,0.0,-0.0,-0.0,-0.03003099212680537,-0.07425862407396419,-0.04230084300157137,-0.0,-0.0,-0.0,-0.0,0.0,0.0,0.0,-0.0,-0.0,-0.0,0.07299918414885186,0.0,-0.030937853148824294,-0.0,0.15035366240546516,-0.0,-0.0015891827762509639,-0.0,-0.0,0.0,0.0,0.0,0.0,0.0,0.0,-0.0007519620584194082,-0.0,-0.0,-0.0,-0.0,0.0274890626155641,0.0,0.0,0.0,0.0,-0.0,-0.0,-0.0,-0.0,-0.0,-0.008566249011036132,0.0,-0.0,0.0,0.0,-0.0,0.0,-0.0,0.0,0.0,0.0,-0.0,-0.0,0.0,0.017348826888525827,0.0,-0.0,-0.0,0.010564607995336046,-0.0,-0.0,-0.0,-0.0,0.0,-0.0,-0.0,0.0,0.0,0.0,0.0,0.0,-0.0,0.0,-0.0,0.0,0.0,-0.0,0.016616474491662203,0.0,-0.0,-0.0,-0.0,-0.0,0.0,0.0,0.0,-0.0,0.01017591421634046,0.0,-0.0,0.0,-0.0,0.0,0.0,0.0,0.0,0.0,0.0,0.0,-0.0,-0.0,0.0,0.0,-0.0,-0.0,-0.0,-0.0,0.0,-0.0,-0.0,0.0,0.0,0.0,0.0,-0.0,-0.0,-0.0,-0.0,0.0,0.0,-0.0,0.015917380559806776,0.0,-0.0,-0.0,-0.0,-0.0,0.0,0.0,0.024572919126143518,0.030960174941451566,0.0,0.0,0.0,0.0,0.0,0.0,0.0,0.0,0.0,-0.0,0.0,0.005513370317462319,0.0,-0.0,-0.0,0.23584927898565777,2024-09-11,3,22
-0.0,-0.0018647566016224716,-0.0,-0.0,0.0,0.012402927022775562,-0.0,-0.0,0.0,0.0,0.0,0.0,-0.0,-0.0,-0.0,0.12172857843961842,-0.0,-0.0,-0.0,0.0,-0.0,-0.0,-0.0,0.0,-0.0,-0.0,-0.03003099212680537,-0.07425862407396419,-0.04230084300157137,-0.0,-0.0,-0.0,-0.0,0.0,0.0,0.0,-0.0,-0.0,-0.0,0.07299918414885186,0.0,-0.030937853148824294,-0.0,0.15035366240546516,-0.0,-0.0015891827762509639,-0.0,-0.0,0.0,0.0,0.0,0.0,0.0,0.0,-0.0007519620584194082,-0.0,-0.0,-0.0,-0.0,0.0274890626155641,0.0,0.0,0.0,0.0,-0.0,-0.0,-0.0,-0.0,-0.0,-0.008566249011036132,0.0,-0.0,0.0,0.0,-0.0,0.0,-0.0,0.0,0.0,0.0,-0.0,-0.0,0.0,0.017348826888525827,0.0,-0.0,-0.0,0.010564607995336046,-0.0,-0.0,-0.0,-0.0,0.0,-0.0,-0.0,0.0,0.0,0.0,0.0,0.0,-0.0,0.0,-0.0,0.0,0.0,-0.0,0.016616474491662203,0.0,-0.0,-0.0,-0.0,-0.0,0.0,0.0,0.0,-0.0,0.01017591421634046,0.0,-0.0,0.0,-0.0,0.0,0.0,0.0,0.0,0.0,0.0,0.0,-0.0,-0.0,0.0,0.0,-0.0,-0.0,-0.0,-0.0,0.0,-0.0,-0.0,0.0,0.0,0.0,0.0,-0.0,-0.0,-0.0,-0.0,0.0,0.0,-0.0,0.015917380559806776,0.0,-0.0,-0.0,-0.0,-0.0,0.0,0.0,0.024572919126143518,0.030960174941451566,0.0,0.0,0.0,0.0,0.0,0.0,0.0,0.0,0.0,-0.0,0.0,0.005513370317462319,0.0,-0.0,-0.0,0.23584927898565777,2024-09-12,3,22
-0.0,-0.0018647566016224716,-0.0,-0.0,0.0,0.012402927022775562,-0.0,-0.0,0.0,0.0,0.0,0.0,-0.0,-0.0,-0.0,0.12172857843961842,-0.0,-0.0,-0.0,0.0,-0.0,-0.0,-0.0,0.0,-0.0,-0.0,-0.03003099212680537,-0.07425862407396419,-0.04230084300157137,-0.0,-0.0,-0.0,-0.0,0.0,0.0,0.0,-0.0,-0.0,-0.0,0.07299918414885186,0.0,-0.030937853148824294,-0.0,0.15035366240546516,-0.0,-0.0015891827762509639,-0.0,-0.0,0.0,0.0,0.0,0.0,0.0,0.0,-0.0007519620584194082,-0.0,-0.0,-0.0,-0.0,0.0274890626155641,0.0,0.0,0.0,0.0,-0.0,-0.0,-0.0,-0.0,-0.0,-0.008566249011036132,0.0,-0.0,0.0,0.0,-0.0,0.0,-0.0,0.0,0.0,0.0,-0.0,-0.0,0.0,0.017348826888525827,0.0,-0.0,-0.0,0.010564607995336046,-0.0,-0.0,-0.0,-0.0,0.0,-0.0,-0.0,0.0,0.0,0.0,0.0,0.0,-0.0,0.0,-0.0,0.0,0.0,-0.0,0.016616474491662203,0.0,-0.0,-0.0,-0.0,-0.0,0.0,0.0,0.0,-0.0,0.01017591421634046,0.0,-0.0,0.0,-0.0,0.0,0.0,0.0,0.0,0.0,0.0,0.0,-0.0,-0.0,0.0,0.0,-0.0,-0.0,-0.0,-0.0,0.0,-0.0,-0.0,0.0,0.0,0.0,0.0,-0.0,-0.0,-0.0,-0.0,0.0,0.0,-0.0,0.015917380559806776,0.0,-0.0,-0.0,-0.0,-0.0,0.0,0.0,0.024572919126143518,0.030960174941451566,0.0,0.0,0.0,0.0,0.0,0.0,0.0,0.0,0.0,-0.0,0.0,0.005513370317462319,0.0,-0.0,-0.0,0.23584927898565777,2024-09-13,3,22
-0.0,-0.002715368319355609,-0.0,-0.0,0.0,0.012446806802865279,-0.0,-0.0,0.0,0.0,0.0,0.0,-0.0,-0.0,-0.0,0.11775890533475426,-0.0,-0.0,-0.0,0.0,-0.0,-0.0,-0.0,0.0,-0.0,-0.0,-0.030041220057040022,-0.07805628007627322,-0.04276318017584847,-0.0,-0.0,-0.0,-0.0,0.0,0.0,0.0,-0.0,0.0,-0.0,0.0738534493714933,0.00014821239059556685,-0.030415409377482324,-0.0,0.14979231397140713,-0.0,-0.0,-0.0,-0.0,0.0,0.0,0.0,0.0,-0.0,0.0,-0.0023602695151765116,-0.0,-0.0,-0.0,-0.0,0.036362397710758804,0.0,0.0,0.0,0.0,-0.0,-0.0,-0.0,-0.0,-0.0,-0.003973724526204595,0.0,-0.0,0.0,0.0,-0.0,0.0,-0.0,0.0,0.0,0.0,-0.0,0.0,0.0,0.0165731265449497,0.0,-0.0,-0.0,0.012077738597417816,-0.0,-0.0,-0.0,-0.0,0.0,-0.0,-0.0,0.0,-0.0,0.0,0.0,0.0,-0.0,0.0,-0.0,0.0,0.0,-0.0,0.01687952137377667,0.0,-0.0,-0.0,-0.0,-0.0,0.0,0.0,0.0,-0.0,0.009169474242606033,0.0,-0.0,0.0,-0.0,0.0,0.0,0.0,0.0,0.0,0.0,0.0,-0.0,-0.0,0.0,0.0,-7.77158412551438e-05,-0.0,-0.0,-0.0,0.0,-0.0,-0.0,0.0,0.0,0.0,0.0,-0.0,-0.0,-0.0,-0.0,0.0,0.0,-0.0,0.016036272184758796,0.0,-0.0,-0.0,-0.0,-0.0,0.0,0.0,0.0250356574977513,0.03203917540222108,0.0,0.0,0.0,0.0,0.0,0.0,0.0,0.0,0.0,-0.0,0.0,0.003790064224539738,0.0,-0.0,-0.0,0.2311414192942275,2024-09-14,3,23
-0.0,-0.002715368319355609,-0.0,-0.0,0.0,0.012446806802865279,-0.0,-0.0,0.0,0.0,0.0,0.0,-0.0,-0.0,-0.0,0.11775890533475426,-0.0,-0.0,-0.0,0.0,-0.0,-0.0,-0.0,0.0,-0.0,-0.0,-0.030041220057040022,-0.07805628007627322,-0.04276318017584847,-0.0,-0.0,-0.0,-0.0,0.0,0.0,0.0,-0.0,0.0,-0.0,0.0738534493714933,0.00014821239059556685,-0.030415409377482324,-0.0,0.14979231397140713,-0.0,-0.0,-0.0,-0.0,0.0,0.0,0.0,0.0,-0.0,0.0,-0.0023602695151765116,-0.0,-0.0,-0.0,-0.0,0.036362397710758804,0.0,0.0,0.0,0.0,-0.0,-0.0,-0.0,-0.0,-0.0,-0.003973724526204595,0.0,-0.0,0.0,0.0,-0.0,0.0,-0.0,0.0,0.0,0.0,-0.0,0.0,0.0,0.0165731265449497,0.0,-0.0,-0.0,0.012077738597417816,-0.0,-0.0,-0.0,-0.0,0.0,-0.0,-0.0,0.0,-0.0,0.0,0.0,0.0,-0.0,0.0,-0.0,0.0,0.0,-0.0,0.01687952137377667,0.0,-0.0,-0.0,-0.0,-0.0,0.0,0.0,0.0,-0.0,0.009169474242606033,0.0,-0.0,0.0,-0.0,0.0,0.0,0.0,0.0,0.0,0.0,0.0,-0.0,-0.0,0.0,0.0,-7.77158412551438e-05,-0.0,-0.0,-0.0,0.0,-0.0,-0.0,0.0,0.0,0.0,0.0,-0.0,-0.0,-0.0,-0.0,0.0,0.0,-0.0,0.016036272184758796,0.0,-0.0,-0.0,-0.0,-0.0,0.0,0.0,0.0250356574977513,0.03203917540222108,0.0,0.0,0.0,0.0,0.0,0.0,0.0,0.0,0.0,-0.0,0.0,0.003790064224539738,0.0,-0.0,-0.0,0.2311414192942275,2024-09-15,3,23
-0.0,-0.002715368319355609,-0.0,-0.0,0.0,0.012446806802865279,-0.0,-0.0,0.0,0.0,0.0,0.0,-0.0,-0.0,-0.0,0.11775890533475426,-0.0,-0.0,-0.0,0.0,-0.0,-0.0,-0.0,0.0,-0.0,-0.0,-0.030041220057040022,-0.07805628007627322,-0.04276318017584847,-0.0,-0.0,-0.0,-0.0,0.0,0.0,0.0,-0.0,0.0,-0.0,0.0738534493714933,0.00014821239059556685,-0.030415409377482324,-0.0,0.14979231397140713,-0.0,-0.0,-0.0,-0.0,0.0,0.0,0.0,0.0,-0.0,0.0,-0.0023602695151765116,-0.0,-0.0,-0.0,-0.0,0.036362397710758804,0.0,0.0,0.0,0.0,-0.0,-0.0,-0.0,-0.0,-0.0,-0.003973724526204595,0.0,-0.0,0.0,0.0,-0.0,0.0,-0.0,0.0,0.0,0.0,-0.0,0.0,0.0,0.0165731265449497,0.0,-0.0,-0.0,0.012077738597417816,-0.0,-0.0,-0.0,-0.0,0.0,-0.0,-0.0,0.0,-0.0,0.0,0.0,0.0,-0.0,0.0,-0.0,0.0,0.0,-0.0,0.01687952137377667,0.0,-0.0,-0.0,-0.0,-0.0,0.0,0.0,0.0,-0.0,0.009169474242606033,0.0,-0.0,0.0,-0.0,0.0,0.0,0.0,0.0,0.0,0.0,0.0,-0.0,-0.0,0.0,0.0,-7.77158412551438e-05,-0.0,-0.0,-0.0,0.0,-0.0,-0.0,0.0,0.0,0.0,0.0,-0.0,-0.0,-0.0,-0.0,0.0,0.0,-0.0,0.016036272184758796,0.0,-0.0,-0.0,-0.0,-0.0,0.0,0.0,0.0250356574977513,0.03203917540222108,0.0,0.0,0.0,0.0,0.0,0.0,0.0,0.0,0.0,-0.0,0.0,0.003790064224539738,0.0,-0.0,-0.0,0.2311414192942275,2024-09-16,3,23
-0.0,-0.002715368319355609,-0.0,-0.0,0.0,0.012446806802865279,-0.0,-0.0,0.0,0.0,0.0,0.0,-0.0,-0.0,-0.0,0.11775890533475426,-0.0,-0.0,-0.0,0.0,-0.0,-0.0,-0.0,0.0,-0.0,-0.0,-0.030041220057040022,-0.07805628007627322,-0.04276318017584847,-0.0,-0.0,-0.0,-0.0,0.0,0.0,0.0,-0.0,0.0,-0.0,0.0738534493714933,0.00014821239059556685,-0.030415409377482324,-0.0,0.14979231397140713,-0.0,-0.0,-0.0,-0.0,0.0,0.0,0.0,0.0,-0.0,0.0,-0.0023602695151765116,-0.0,-0.0,-0.0,-0.0,0.036362397710758804,0.0,0.0,0.0,0.0,-0.0,-0.0,-0.0,-0.0,-0.0,-0.003973724526204595,0.0,-0.0,0.0,0.0,-0.0,0.0,-0.0,0.0,0.0,0.0,-0.0,0.0,0.0,0.0165731265449497,0.0,-0.0,-0.0,0.012077738597417816,-0.0,-0.0,-0.0,-0.0,0.0,-0.0,-0.0,0.0,-0.0,0.0,0.0,0.0,-0.0,0.0,-0.0,0.0,0.0,-0.0,0.01687952137377667,0.0,-0.0,-0.0,-0.0,-0.0,0.0,0.0,0.0,-0.0,0.009169474242606033,0.0,-0.0,0.0,-0.0,0.0,0.0,0.0,0.0,0.0,0.0,0.0,-0.0,-0.0,0.0,0.0,-7.77158412551438e-05,-0.0,-0.0,-0.0,0.0,-0.0,-0.0,0.0,0.0,0.0,0.0,-0.0,-0.0,-0.0,-0.0,0.0,0.0,-0.0,0.016036272184758796,0.0,-0.0,-0.0,-0.0,-0.0,0.0,0.0,0.0250356574977513,0.03203917540222108,0.0,0.0,0.0,0.0,0.0,0.0,0.0,0.0,0.0,-0.0,0.0,0.003790064224539738,0.0,-0.0,-0.0,0.2311414192942275,2024-09-17,3,23
-0.0,-0.002715368319355609,-0.0,-0.0,0.0,0.012446806802865279,-0.0,-0.0,0.0,0.0,0.0,0.0,-0.0,-0.0,-0.0,0.11775890533475426,-0.0,-0.0,-0.0,0.0,-0.0,-0.0,-0.0,0.0,-0.0,-0.0,-0.030041220057040022,-0.07805628007627322,-0.04276318017584847,-0.0,-0.0,-0.0,-0.0,0.0,0.0,0.0,-0.0,0.0,-0.0,0.0738534493714933,0.00014821239059556685,-0.030415409377482324,-0.0,0.14979231397140713,-0.0,-0.0,-0.0,-0.0,0.0,0.0,0.0,0.0,-0.0,0.0,-0.0023602695151765116,-0.0,-0.0,-0.0,-0.0,0.036362397710758804,0.0,0.0,0.0,0.0,-0.0,-0.0,-0.0,-0.0,-0.0,-0.003973724526204595,0.0,-0.0,0.0,0.0,-0.0,0.0,-0.0,0.0,0.0,0.0,-0.0,0.0,0.0,0.0165731265449497,0.0,-0.0,-0.0,0.012077738597417816,-0.0,-0.0,-0.0,-0.0,0.0,-0.0,-0.0,0.0,-0.0,0.0,0.0,0.0,-0.0,0.0,-0.0,0.0,0.0,-0.0,0.01687952137377667,0.0,-0.0,-0.0,-0.0,-0.0,0.0,0.0,0.0,-0.0,0.009169474242606033,0.0,-0.0,0.0,-0.0,0.0,0.0,0.0,0.0,0.0,0.0,0.0,-0.0,-0.0,0.0,0.0,-7.77158412551438e-05,-0.0,-0.0,-0.0,0.0,-0.0,-0.0,0.0,0.0,0.0,0.0,-0.0,-0.0,-0.0,-0.0,0.0,0.0,-0.0,0.016036272184758796,0.0,-0.0,-0.0,-0.0,-0.0,0.0,0.0,0.0250356574977513,0.03203917540222108,0.0,0.0,0.0,0.0,0.0,0.0,0.0,0.0,0.0,-0.0,0.0,0.003790064224539738,0.0,-0.0,-0.0,0.2311414192942275,2024-09-18,3,23
-0.0,-0.002715368319355609,-0.0,-0.0,0.0,0.012446806802865279,-0.0,-0.0,0.0,0.0,0.0,0.0,-0.0,-0.0,-0.0,0.11775890533475426,-0.0,-0.0,-0.0,0.0,-0.0,-0.0,-0.0,0.0,-0.0,-0.0,-0.030041220057040022,-0.07805628007627322,-0.04276318017584847,-0.0,-0.0,-0.0,-0.0,0.0,0.0,0.0,-0.0,0.0,-0.0,0.0738534493714933,0.00014821239059556685,-0.030415409377482324,-0.0,0.14979231397140713,-0.0,-0.0,-0.0,-0.0,0.0,0.0,0.0,0.0,-0.0,0.0,-0.0023602695151765116,-0.0,-0.0,-0.0,-0.0,0.036362397710758804,0.0,0.0,0.0,0.0,-0.0,-0.0,-0.0,-0.0,-0.0,-0.003973724526204595,0.0,-0.0,0.0,0.0,-0.0,0.0,-0.0,0.0,0.0,0.0,-0.0,0.0,0.0,0.0165731265449497,0.0,-0.0,-0.0,0.012077738597417816,-0.0,-0.0,-0.0,-0.0,0.0,-0.0,-0.0,0.0,-0.0,0.0,0.0,0.0,-0.0,0.0,-0.0,0.0,0.0,-0.0,0.01687952137377667,0.0,-0.0,-0.0,-0.0,-0.0,0.0,0.0,0.0,-0.0,0.009169474242606033,0.0,-0.0,0.0,-0.0,0.0,0.0,0.0,0.0,0.0,0.0,0.0,-0.0,-0.0,0.0,0.0,-7.77158412551438e-05,-0.0,-0.0,-0.0,0.0,-0.0,-0.0,0.0,0.0,0.0,0.0,-0.0,-0.0,-0.0,-0.0,0.0,0.0,-0.0,0.016036272184758796,0.0,-0.0,-0.0,-0.0,-0.0,0.0,0.0,0.0250356574977513,0.03203917540222108,0.0,0.0,0.0,0.0,0.0,0.0,0.0,0.0,0.0,-0.0,0.0,0.003790064224539738,0.0,-0.0,-0.0,0.2311414192942275,2024-09-19,3,23
-0.0,-0.002715368319355609,-0.0,-0.0,0.0,0.012446806802865279,-0.0,-0.0,0.0,0.0,0.0,0.0,-0.0,-0.0,-0.0,0.11775890533475426,-0.0,-0.0,-0.0,0.0,-0.0,-0.0,-0.0,0.0,-0.0,-0.0,-0.030041220057040022,-0.07805628007627322,-0.04276318017584847,-0.0,-0.0,-0.0,-0.0,0.0,0.0,0.0,-0.0,0.0,-0.0,0.0738534493714933,0.00014821239059556685,-0.030415409377482324,-0.0,0.14979231397140713,-0.0,-0.0,-0.0,-0.0,0.0,0.0,0.0,0.0,-0.0,0.0,-0.0023602695151765116,-0.0,-0.0,-0.0,-0.0,0.036362397710758804,0.0,0.0,0.0,0.0,-0.0,-0.0,-0.0,-0.0,-0.0,-0.003973724526204595,0.0,-0.0,0.0,0.0,-0.0,0.0,-0.0,0.0,0.0,0.0,-0.0,0.0,0.0,0.0165731265449497,0.0,-0.0,-0.0,0.012077738597417816,-0.0,-0.0,-0.0,-0.0,0.0,-0.0,-0.0,0.0,-0.0,0.0,0.0,0.0,-0.0,0.0,-0.0,0.0,0.0,-0.0,0.01687952137377667,0.0,-0.0,-0.0,-0.0,-0.0,0.0,0.0,0.0,-0.0,0.009169474242606033,0.0,-0.0,0.0,-0.0,0.0,0.0,0.0,0.0,0.0,0.0,0.0,-0.0,-0.0,0.0,0.0,-7.77158412551438e-05,-0.0,-0.0,-0.0,0.0,-0.0,-0.0,0.0,0.0,0.0,0.0,-0.0,-0.0,-0.0,-0.0,0.0,0.0,-0.0,0.016036272184758796,0.0,-0.0,-0.0,-0.0,-0.0,0.0,0.0,0.0250356574977513,0.03203917540222108,0.0,0.0,0.0,0.0,0.0,0.0,0.0,0.0,0.0,-0.0,0.0,0.003790064224539738,0.0,-0.0,-0.0,0.2311414192942275,2024-09-20,3,23
-0.0,-0.0006743266299440737,-0.0,-0.0,0.0,0.01079357113519374,-0.0,-0.0,0.0,0.0,0.0,0.0,-0.0,-0.0,-0.001673954292285862,0.08194303402233356,-0.0,-0.0,-0.0,0.0,-0.0,-0.0,-0.0,0.0,-0.0,-0.0,-0.026071400792380215,-0.08033673845375859,-0.04058722341758153,-0.0,-0.0,-0.0,-0.0,0.0,0.0,0.0,-0.0,-0.0,-0.0,0.07378334775102395,0.0,-0.035119905313288825,-0.0,0.1490537637592454,-0.0,-0.0,-0.0,-0.0,0.0,0.0,0.0,0.0,0.0,0.0,-0.0010447230923669648,-0.0,-0.0,-0.0,-0.0,0.0567226617710704,0.0,0.0,0.0,0.0,-0.0,-0.0,-0.0,-0.0,-0.0,-0.0005326318278884498,0.0,-0.0,0.0,0.0,-0.0,-0.0,-0.0,0.0,0.0,0.0,-0.0,-0.0,-0.0,0.020535859900588607,0.0,-0.0,-0.0,0.008251481765915437,-0.0,-0.0,-0.0,-0.0,0.0,-0.0,-0.0,0.0,0.0,0.0,0.0,0.0,-0.0,0.0,-0.0,0.0,0.0,-0.0,0.016522652870390463,0.0,-0.0,-0.0,-0.0,-0.0,0.0,0.0,0.0,-0.0,0.008172131426756811,0.0,-0.0,0.0,-0.0,0.0,0.0,0.0,0.0,0.0,0.0,0.0,-0.0,-0.0,0.0,0.0,-0.0,-0.0,-0.0,-0.0,0.0,-0.0,-0.0,0.0,0.0,0.0,0.0,-0.0,-0.0,-0.0,-0.0,0.0,0.0,-0.0,0.016210781205884556,0.0,-0.0,-0.0,-0.0,-0.0,-0.0,0.0,0.025261898702404348,0.0350766176591477,0.0,0.0,0.0,0.0,0.0,0.0,0.0,0.0,0.0,-0.0,-0.0,0.00626399576076945,0.0,-0.0,-0.0,0.23624286173263606,2024-09-21,3,22
-0.0,-0.0006743266299440737,-0.0,-0.0,0.0,0.01079357113519374,-0.0,-0.0,0.0,0.0,0.0,0.0,-0.0,-0.0,-0.001673954292285862,0.08194303402233356,-0.0,-0.0,-0.0,0.0,-0.0,-0.0,-0.0,0.0,-0.0,-0.0,-0.026071400792380215,-0.08033673845375859,-0.04058722341758153,-0.0,-0.0,-0.0,-0.0,0.0,0.0,0.0,-0.0,-0.0,-0.0,0.07378334775102395,0.0,-0.035119905313288825,-0.0,0.1490537637592454,-0.0,-0.0,-0.0,-0.0,0.0,0.0,0.0,0.0,0.0,0.0,-0.0010447230923669648,-0.0,-0.0,-0.0,-0.0,0.0567226617710704,0.0,0.0,0.0,0.0,-0.0,-0.0,-0.0,-0.0,-0.0,-0.0005326318278884498,0.0,-0.0,0.0,0.0,-0.0,-0.0,-0.0,0.0,0.0,0.0,-0.0,-0.0,-0.0,0.020535859900588607,0.0,-0.0,-0.0,0.008251481765915437,-0.0,-0.0,-0.0,-0.0,0.0,-0.0,-0.0,0.0,0.0,0.0,0.0,0.0,-0.0,0.0,-0.0,0.0,0.0,-0.0,0.016522652870390463,0.0,-0.0,-0.0,-0.0,-0.0,0.0,0.0,0.0,-0.0,0.008172131426756811,0.0,-0.0,0.0,-0.0,0.0,0.0,0.0,0.0,0.0,0.0,0.0,-0.0,-0.0,0.0,0.0,-0.0,-0.0,-0.0,-0.0,0.0,-0.0,-0.0,0.0,0.0,0.0,0.0,-0.0,-0.0,-0.0,-0.0,0.0,0.0,-0.0,0.016210781205884556,0.0,-0.0,-0.0,-0.0,-0.0,-0.0,0.0,0.025261898702404348,0.0350766176591477,0.0,0.0,0.0,0.0,0.0,0.0,0.0,0.0,0.0,-0.0,-0.0,0.00626399576076945,0.0,-0.0,-0.0,0.23624286173263606,2024-09-22,3,22
-0.0,-0.0006743266299440737,-0.0,-0.0,0.0,0.01079357113519374,-0.0,-0.0,0.0,0.0,0.0,0.0,-0.0,-0.0,-0.001673954292285862,0.08194303402233356,-0.0,-0.0,-0.0,0.0,-0.0,-0.0,-0.0,0.0,-0.0,-0.0,-0.026071400792380215,-0.08033673845375859,-0.04058722341758153,-0.0,-0.0,-0.0,-0.0,0.0,0.0,0.0,-0.0,-0.0,-0.0,0.07378334775102395,0.0,-0.035119905313288825,-0.0,0.1490537637592454,-0.0,-0.0,-0.0,-0.0,0.0,0.0,0.0,0.0,0.0,0.0,-0.0010447230923669648,-0.0,-0.0,-0.0,-0.0,0.0567226617710704,0.0,0.0,0.0,0.0,-0.0,-0.0,-0.0,-0.0,-0.0,-0.0005326318278884498,0.0,-0.0,0.0,0.0,-0.0,-0.0,-0.0,0.0,0.0,0.0,-0.0,-0.0,-0.0,0.020535859900588607,0.0,-0.0,-0.0,0.008251481765915437,-0.0,-0.0,-0.0,-0.0,0.0,-0.0,-0.0,0.0,0.0,0.0,0.0,0.0,-0.0,0.0,-0.0,0.0,0.0,-0.0,0.016522652870390463,0.0,-0.0,-0.0,-0.0,-0.0,0.0,0.0,0.0,-0.0,0.008172131426756811,0.0,-0.0,0.0,-0.0,0.0,0.0,0.0,0.0,0.0,0.0,0.0,-0.0,-0.0,0.0,0.0,-0.0,-0.0,-0.0,-0.0,0.0,-0.0,-0.0,0.0,0.0,0.0,0.0,-0.0,-0.0,-0.0,-0.0,0.0,0.0,-0.0,0.016210781205884556,0.0,-0.0,-0.0,-0.0,-0.0,-0.0,0.0,0.025261898702404348,0.0350766176591477,0.0,0.0,0.0,0.0,0.0,0.0,0.0,0.0,0.0,-0.0,-0.0,0.00626399576076945,0.0,-0.0,-0.0,0.23624286173263606,2024-09-23,3,22
-0.0,-0.0006743266299440737,-0.0,-0.0,0.0,0.01079357113519374,-0.0,-0.0,0.0,0.0,0.0,0.0,-0.0,-0.0,-0.001673954292285862,0.08194303402233356,-0.0,-0.0,-0.0,0.0,-0.0,-0.0,-0.0,0.0,-0.0,-0.0,-0.026071400792380215,-0.08033673845375859,-0.04058722341758153,-0.0,-0.0,-0.0,-0.0,0.0,0.0,0.0,-0.0,-0.0,-0.0,0.07378334775102395,0.0,-0.035119905313288825,-0.0,0.1490537637592454,-0.0,-0.0,-0.0,-0.0,0.0,0.0,0.0,0.0,0.0,0.0,-0.0010447230923669648,-0.0,-0.0,-0.0,-0.0,0.0567226617710704,0.0,0.0,0.0,0.0,-0.0,-0.0,-0.0,-0.0,-0.0,-0.0005326318278884498,0.0,-0.0,0.0,0.0,-0.0,-0.0,-0.0,0.0,0.0,0.0,-0.0,-0.0,-0.0,0.020535859900588607,0.0,-0.0,-0.0,0.008251481765915437,-0.0,-0.0,-0.0,-0.0,0.0,-0.0,-0.0,0.0,0.0,0.0,0.0,0.0,-0.0,0.0,-0.0,0.0,0.0,-0.0,0.016522652870390463,0.0,-0.0,-0.0,-0.0,-0.0,0.0,0.0,0.0,-0.0,0.008172131426756811,0.0,-0.0,0.0,-0.0,0.0,0.0,0.0,0.0,0.0,0.0,0.0,-0.0,-0.0,0.0,0.0,-0.0,-0.0,-0.0,-0.0,0.0,-0.0,-0.0,0.0,0.0,0.0,0.0,-0.0,-0.0,-0.0,-0.0,0.0,0.0,-0.0,0.016210781205884556,0.0,-0.0,-0.0,-0.0,-0.0,-0.0,0.0,0.025261898702404348,0.0350766176591477,0.0,0.0,0.0,0.0,0.0,0.0,0.0,0.0,0.0,-0.0,-0.0,0.00626399576076945,0.0,-0.0,-0.0,0.23624286173263606,2024-09-24,3,22
-0.0,-0.0006743266299440737,-0.0,-0.0,0.0,0.01079357113519374,-0.0,-0.0,0.0,0.0,0.0,0.0,-0.0,-0.0,-0.001673954292285862,0.08194303402233356,-0.0,-0.0,-0.0,0.0,-0.0,-0.0,-0.0,0.0,-0.0,-0.0,-0.026071400792380215,-0.08033673845375859,-0.04058722341758153,-0.0,-0.0,-0.0,-0.0,0.0,0.0,0.0,-0.0,-0.0,-0.0,0.07378334775102395,0.0,-0.035119905313288825,-0.0,0.1490537637592454,-0.0,-0.0,-0.0,-0.0,0.0,0.0,0.0,0.0,0.0,0.0,-0.0010447230923669648,-0.0,-0.0,-0.0,-0.0,0.0567226617710704,0.0,0.0,0.0,0.0,-0.0,-0.0,-0.0,-0.0,-0.0,-0.0005326318278884498,0.0,-0.0,0.0,0.0,-0.0,-0.0,-0.0,0.0,0.0,0.0,-0.0,-0.0,-0.0,0.020535859900588607,0.0,-0.0,-0.0,0.008251481765915437,-0.0,-0.0,-0.0,-0.0,0.0,-0.0,-0.0,0.0,0.0,0.0,0.0,0.0,-0.0,0.0,-0.0,0.0,0.0,-0.0,0.016522652870390463,0.0,-0.0,-0.0,-0.0,-0.0,0.0,0.0,0.0,-0.0,0.008172131426756811,0.0,-0.0,0.0,-0.0,0.0,0.0,0.0,0.0,0.0,0.0,0.0,-0.0,-0.0,0.0,0.0,-0.0,-0.0,-0.0,-0.0,0.0,-0.0,-0.0,0.0,0.0,0.0,0.0,-0.0,-0.0,-0.0,-0.0,0.0,0.0,-0.0,0.016210781205884556,0.0,-0.0,-0.0,-0.0,-0.0,-0.0,0.0,0.025261898702404348,0.0350766176591477,0.0,0.0,0.0,0.0,0.0,0.0,0.0,0.0,0.0,-0.0,-0.0,0.00626399576076945,0.0,-0.0,-0.0,0.23624286173263606,2024-09-25,3,22
-0.0,-0.0006743266299440737,-0.0,-0.0,0.0,0.01079357113519374,-0.0,-0.0,0.0,0.0,0.0,0.0,-0.0,-0.0,-0.001673954292285862,0.08194303402233356,-0.0,-0.0,-0.0,0.0,-0.0,-0.0,-0.0,0.0,-0.0,-0.0,-0.026071400792380215,-0.08033673845375859,-0.04058722341758153,-0.0,-0.0,-0.0,-0.0,0.0,0.0,0.0,-0.0,-0.0,-0.0,0.07378334775102395,0.0,-0.035119905313288825,-0.0,0.1490537637592454,-0.0,-0.0,-0.0,-0.0,0.0,0.0,0.0,0.0,0.0,0.0,-0.0010447230923669648,-0.0,-0.0,-0.0,-0.0,0.0567226617710704,0.0,0.0,0.0,0.0,-0.0,-0.0,-0.0,-0.0,-0.0,-0.0005326318278884498,0.0,-0.0,0.0,0.0,-0.0,-0.0,-0.0,0.0,0.0,0.0,-0.0,-0.0,-0.0,0.020535859900588607,0.0,-0.0,-0.0,0.008251481765915437,-0.0,-0.0,-0.0,-0.0,0.0,-0.0,-0.0,0.0,0.0,0.0,0.0,0.0,-0.0,0.0,-0.0,0.0,0.0,-0.0,0.016522652870390463,0.0,-0.0,-0.0,-0.0,-0.0,0.0,0.0,0.0,-0.0,0.008172131426756811,0.0,-0.0,0.0,-0.0,0.0,0.0,0.0,0.0,0.0,0.0,0.0,-0.0,-0.0,0.0,0.0,-0.0,-0.0,-0.0,-0.0,0.0,-0.0,-0.0,0.0,0.0,0.0,0.0,-0.0,-0.0,-0.0,-0.0,0.0,0.0,-0.0,0.016210781205884556,0.0,-0.0,-0.0,-0.0,-0.0,-0.0,0.0,0.025261898702404348,0.0350766176591477,0.0,0.0,0.0,0.0,0.0,0.0,0.0,0.0,0.0,-0.0,-0.0,0.00626399576076945,0.0,-0.0,-0.0,0.23624286173263606,2024-09-26,3,22
-0.0,-0.0006743266299440737,-0.0,-0.0,0.0,0.01079357113519374,-0.0,-0.0,0.0,0.0,0.0,0.0,-0.0,-0.0,-0.001673954292285862,0.08194303402233356,-0.0,-0.0,-0.0,0.0,-0.0,-0.0,-0.0,0.0,-0.0,-0.0,-0.026071400792380215,-0.08033673845375859,-0.04058722341758153,-0.0,-0.0,-0.0,-0.0,0.0,0.0,0.0,-0.0,-0.0,-0.0,0.07378334775102395,0.0,-0.035119905313288825,-0.0,0.1490537637592454,-0.0,-0.0,-0.0,-0.0,0.0,0.0,0.0,0.0,0.0,0.0,-0.0010447230923669648,-0.0,-0.0,-0.0,-0.0,0.0567226617710704,0.0,0.0,0.0,0.0,-0.0,-0.0,-0.0,-0.0,-0.0,-0.0005326318278884498,0.0,-0.0,0.0,0.0,-0.0,-0.0,-0.0,0.0,0.0,0.0,-0.0,-0.0,-0.0,0.020535859900588607,0.0,-0.0,-0.0,0.008251481765915437,-0.0,-0.0,-0.0,-0.0,0.0,-0.0,-0.0,0.0,0.0,0.0,0.0,0.0,-0.0,0.0,-0.0,0.0,0.0,-0.0,0.016522652870390463,0.0,-0.0,-0.0,-0.0,-0.0,0.0,0.0,0.0,-0.0,0.008172131426756811,0.0,-0.0,0.0,-0.0,0.0,0.0,0.0,0.0,0.0,0.0,0.0,-0.0,-0.0,0.0,0.0,-0.0,-0.0,-0.0,-0.0,0.0,-0.0,-0.0,0.0,0.0,0.0,0.0,-0.0,-0.0,-0.0,-0.0,0.0,0.0,-0.0,0.016210781205884556,0.0,-0.0,-0.0,-0.0,-0.0,-0.0,0.0,0.025261898702404348,0.0350766176591477,0.0,0.0,0.0,0.0,0.0,0.0,0.0,0.0,0.0,-0.0,-0.0,0.00626399576076945,0.0,-0.0,-0.0,0.23624286173263606,2024-09-27,3,22
-0.0,-0.0,-0.0,-0.0,0.0,0.006515925853913944,-0.0,-0.0,0.0,0.0,0.0,0.0,-0.0,-0.0,-0.009071650391669137,0.09906629836716326,-0.0,-0.0,-0.0,0.0,-0.0,-0.0,-0.0,0.0,-0.0,-0.0,-0.029949158140120415,-0.07998093303974747,-0.04174953295529254,-0.0,-0.0,-0.0,-0.0,0.0,0.0,0.0,-0.0,-0.0,-0.0,0.07142736109828088,0.0,-0.037860901024579736,-0.0,0.15021711661627582,-0.0,-0.0,-0.0,-0.0,0.0,0.0,0.0,0.0,-0.0,0.0,-0.0007369350952676197,-0.0,-0.0,-0.0,-0.0,0.03257084660495038,0.0,0.0,0.0,0.0,-0.0,-0.0,-0.0,-0.0,-0.0,-8.94807696248506e-05,0.0,-0.0,0.0,0.0,-0.0,0.0,-0.0,0.0,0.0,0.0,-0.0,-0.0,-0.0,0.016828695283717974,0.0,-0.0,-0.0,0.011912615099074493,-0.0,-0.0,-0.0,-0.0,0.0,-0.0,-0.0,0.0,0.0,0.0,0.0,0.0,-0.0,0.0,-0.0,0.0,0.0,-0.0,0.014239209477676488,0.0,-0.0,-0.0,-0.0,-0.0,0.0,0.0,0.0,-0.0,0.005281442998979409,0.0044086035145852655,-0.0,0.0,-0.0,0.0,0.0,0.0,0.0,0.0,0.0,0.0,-0.0,-0.0,0.0,0.0,-0.0,-0.0,-0.0,-0.0,0.0,-0.0,-0.0,0.0,0.0,0.0,0.0,-0.0,-0.0,-0.0,-0.0,0.0,0.0,-0.0,0.01774409059048516,0.0,-0.0,-0.0,-0.0,-0.0,-0.0,0.0,0.028294274136028908,0.03464570723373397,0.0,0.0,0.0,0.0,0.0,0.0,0.0,0.0,-0.0,-0.0,-0.0,0.006959181651897071,0.0,-0.0,-0.0,0.2371344564195547,2024-09-28,3,22
-0.0,-0.0,-0.0,-0.0,0.0,0.006515925853913944,-0.0,-0.0,0.0,0.0,0.0,0.0,-0.0,-0.0,-0.009071650391669137,0.09906629836716326,-0.0,-0.0,-0.0,0.0,-0.0,-0.0,-0.0,0.0,-0.0,-0.0,-0.029949158140120415,-0.07998093303974747,-0.04174953295529254,-0.0,-0.0,-0.0,-0.0,0.0,0.0,0.0,-0.0,-0.0,-0.0,0.07142736109828088,0.0,-0.037860901024579736,-0.0,0.15021711661627582,-0.0,-0.0,-0.0,-0.0,0.0,0.0,0.0,0.0,-0.0,0.0,-0.0007369350952676197,-0.0,-0.0,-0.0,-0.0,0.03257084660495038,0.0,0.0,0.0,0.0,-0.0,-0.0,-0.0,-0.0,-0.0,-8.94807696248506e-05,0.0,-0.0,0.0,0.0,-0.0,0.0,-0.0,0.0,0.0,0.0,-0.0,-0.0,-0.0,0.016828695283717974,0.0,-0.0,-0.0,0.011912615099074493,-0.0,-0.0,-0.0,-0.0,0.0,-0.0,-0.0,0.0,0.0,0.0,0.0,0.0,-0.0,0.0,-0.0,0.0,0.0,-0.0,0.014239209477676488,0.0,-0.0,-0.0,-0.0,-0.0,0.0,0.0,0.0,-0.0,0.005281442998979409,0.0044086035145852655,-0.0,0.0,-0.0,0.0,0.0,0.0,0.0,0.0,0.0,0.0,-0.0,-0.0,0.0,0.0,-0.0,-0.0,-0.0,-0.0,0.0,-0.0,-0.0,0.0,0.0,0.0,0.0,-0.0,-0.0,-0.0,-0.0,0.0,0.0,-0.0,0.01774409059048516,0.0,-0.0,-0.0,-0.0,-0.0,-0.0,0.0,0.028294274136028908,0.03464570723373397,0.0,0.0,0.0,0.0,0.0,0.0,0.0,0.0,-0.0,-0.0,-0.0,0.006959181651897071,0.0,-0.0,-0.0,0.2371344564195547,2024-09-29,3,22
-0.0,-0.0,-0.0,-0.0,0.0,0.006515925853913944,-0.0,-0.0,0.0,0.0,0.0,0.0,-0.0,-0.0,-0.009071650391669137,0.09906629836716326,-0.0,-0.0,-0.0,0.0,-0.0,-0.0,-0.0,0.0,-0.0,-0.0,-0.029949158140120415,-0.07998093303974747,-0.04174953295529254,-0.0,-0.0,-0.0,-0.0,0.0,0.0,0.0,-0.0,-0.0,-0.0,0.07142736109828088,0.0,-0.037860901024579736,-0.0,0.15021711661627582,-0.0,-0.0,-0.0,-0.0,0.0,0.0,0.0,0.0,-0.0,0.0,-0.0007369350952676197,-0.0,-0.0,-0.0,-0.0,0.03257084660495038,0.0,0.0,0.0,0.0,-0.0,-0.0,-0.0,-0.0,-0.0,-8.94807696248506e-05,0.0,-0.0,0.0,0.0,-0.0,0.0,-0.0,0.0,0.0,0.0,-0.0,-0.0,-0.0,0.016828695283717974,0.0,-0.0,-0.0,0.011912615099074493,-0.0,-0.0,-0.0,-0.0,0.0,-0.0,-0.0,0.0,0.0,0.0,0.0,0.0,-0.0,0.0,-0.0,0.0,0.0,-0.0,0.014239209477676488,0.0,-0.0,-0.0,-0.0,-0.0,0.0,0.0,0.0,-0.0,0.005281442998979409,0.0044086035145852655,-0.0,0.0,-0.0,0.0,0.0,0.0,0.0,0.0,0.0,0.0,-0.0,-0.0,0.0,0.0,-0.0,-0.0,-0.0,-0.0,0.0,-0.0,-0.0,0.0,0.0,0.0,0.0,-0.0,-0.0,-0.0,-0.0,0.0,0.0,-0.0,0.01774409059048516,0.0,-0.0,-0.0,-0.0,-0.0,-0.0,0.0,0.028294274136028908,0.03464570723373397,0.0,0.0,0.0,0.0,0.0,0.0,0.0,0.0,-0.0,-0.0,-0.0,0.006959181651897071,0.0,-0.0,-0.0,0.2371344564195547,2024-09-30,3,22
-0.0,-0.0,-0.0,-0.0,0.0,0.006515925853913944,-0.0,-0.0,0.0,0.0,0.0,0.0,-0.0,-0.0,-0.009071650391669137,0.09906629836716326,-0.0,-0.0,-0.0,0.0,-0.0,-0.0,-0.0,0.0,-0.0,-0.0,-0.029949158140120415,-0.07998093303974747,-0.04174953295529254,-0.0,-0.0,-0.0,-0.0,0.0,0.0,0.0,-0.0,-0.0,-0.0,0.07142736109828088,0.0,-0.037860901024579736,-0.0,0.15021711661627582,-0.0,-0.0,-0.0,-0.0,0.0,0.0,0.0,0.0,-0.0,0.0,-0.0007369350952676197,-0.0,-0.0,-0.0,-0.0,0.03257084660495038,0.0,0.0,0.0,0.0,-0.0,-0.0,-0.0,-0.0,-0.0,-8.94807696248506e-05,0.0,-0.0,0.0,0.0,-0.0,0.0,-0.0,0.0,0.0,0.0,-0.0,-0.0,-0.0,0.016828695283717974,0.0,-0.0,-0.0,0.011912615099074493,-0.0,-0.0,-0.0,-0.0,0.0,-0.0,-0.0,0.0,0.0,0.0,0.0,0.0,-0.0,0.0,-0.0,0.0,0.0,-0.0,0.014239209477676488,0.0,-0.0,-0.0,-0.0,-0.0,0.0,0.0,0.0,-0.0,0.005281442998979409,0.0044086035145852655,-0.0,0.0,-0.0,0.0,0.0,0.0,0.0,0.0,0.0,0.0,-0.0,-0.0,0.0,0.0,-0.0,-0.0,-0.0,-0.0,0.0,-0.0,-0.0,0.0,0.0,0.0,0.0,-0.0,-0.0,-0.0,-0.0,0.0,0.0,-0.0,0.01774409059048516,0.0,-0.0,-0.0,-0.0,-0.0,-0.0,0.0,0.028294274136028908,0.03464570723373397,0.0,0.0,0.0,0.0,0.0,0.0,0.0,0.0,-0.0,-0.0,-0.0,0.006959181651897071,0.0,-0.0,-0.0,0.2371344564195547,2024-10-01,3,22
-0.0,-0.0,-0.0,-0.0,0.0,0.006515925853913944,-0.0,-0.0,0.0,0.0,0.0,0.0,-0.0,-0.0,-0.009071650391669137,0.09906629836716326,-0.0,-0.0,-0.0,0.0,-0.0,-0.0,-0.0,0.0,-0.0,-0.0,-0.029949158140120415,-0.07998093303974747,-0.04174953295529254,-0.0,-0.0,-0.0,-0.0,0.0,0.0,0.0,-0.0,-0.0,-0.0,0.07142736109828088,0.0,-0.037860901024579736,-0.0,0.15021711661627582,-0.0,-0.0,-0.0,-0.0,0.0,0.0,0.0,0.0,-0.0,0.0,-0.0007369350952676197,-0.0,-0.0,-0.0,-0.0,0.03257084660495038,0.0,0.0,0.0,0.0,-0.0,-0.0,-0.0,-0.0,-0.0,-8.94807696248506e-05,0.0,-0.0,0.0,0.0,-0.0,0.0,-0.0,0.0,0.0,0.0,-0.0,-0.0,-0.0,0.016828695283717974,0.0,-0.0,-0.0,0.011912615099074493,-0.0,-0.0,-0.0,-0.0,0.0,-0.0,-0.0,0.0,0.0,0.0,0.0,0.0,-0.0,0.0,-0.0,0.0,0.0,-0.0,0.014239209477676488,0.0,-0.0,-0.0,-0.0,-0.0,0.0,0.0,0.0,-0.0,0.005281442998979409,0.0044086035145852655,-0.0,0.0,-0.0,0.0,0.0,0.0,0.0,0.0,0.0,0.0,-0.0,-0.0,0.0,0.0,-0.0,-0.0,-0.0,-0.0,0.0,-0.0,-0.0,0.0,0.0,0.0,0.0,-0.0,-0.0,-0.0,-0.0,0.0,0.0,-0.0,0.01774409059048516,0.0,-0.0,-0.0,-0.0,-0.0,-0.0,0.0,0.028294274136028908,0.03464570723373397,0.0,0.0,0.0,0.0,0.0,0.0,0.0,0.0,-0.0,-0.0,-0.0,0.006959181651897071,0.0,-0.0,-0.0,0.2371344564195547,2024-10-02,3,22
-0.0,-0.0,-0.0,-0.0,0.0,0.006515925853913944,-0.0,-0.0,0.0,0.0,0.0,0.0,-0.0,-0.0,-0.009071650391669137,0.09906629836716326,-0.0,-0.0,-0.0,0.0,-0.0,-0.0,-0.0,0.0,-0.0,-0.0,-0.029949158140120415,-0.07998093303974747,-0.04174953295529254,-0.0,-0.0,-0.0,-0.0,0.0,0.0,0.0,-0.0,-0.0,-0.0,0.07142736109828088,0.0,-0.037860901024579736,-0.0,0.15021711661627582,-0.0,-0.0,-0.0,-0.0,0.0,0.0,0.0,0.0,-0.0,0.0,-0.0007369350952676197,-0.0,-0.0,-0.0,-0.0,0.03257084660495038,0.0,0.0,0.0,0.0,-0.0,-0.0,-0.0,-0.0,-0.0,-8.94807696248506e-05,0.0,-0.0,0.0,0.0,-0.0,0.0,-0.0,0.0,0.0,0.0,-0.0,-0.0,-0.0,0.016828695283717974,0.0,-0.0,-0.0,0.011912615099074493,-0.0,-0.0,-0.0,-0.0,0.0,-0.0,-0.0,0.0,0.0,0.0,0.0,0.0,-0.0,0.0,-0.0,0.0,0.0,-0.0,0.014239209477676488,0.0,-0.0,-0.0,-0.0,-0.0,0.0,0.0,0.0,-0.0,0.005281442998979409,0.0044086035145852655,-0.0,0.0,-0.0,0.0,0.0,0.0,0.0,0.0,0.0,0.0,-0.0,-0.0,0.0,0.0,-0.0,-0.0,-0.0,-0.0,0.0,-0.0,-0.0,0.0,0.0,0.0,0.0,-0.0,-0.0,-0.0,-0.0,0.0,0.0,-0.0,0.01774409059048516,0.0,-0.0,-0.0,-0.0,-0.0,-0.0,0.0,0.028294274136028908,0.03464570723373397,0.0,0.0,0.0,0.0,0.0,0.0,0.0,0.0,-0.0,-0.0,-0.0,0.006959181651897071,0.0,-0.0,-0.0,0.2371344564195547,2024-10-03,3,22
-0.0,-0.0,-0.0,-0.0,0.0,0.006515925853913944,-0.0,-0.0,0.0,0.0,0.0,0.0,-0.0,-0.0,-0.009071650391669137,0.09906629836716326,-0.0,-0.0,-0.0,0.0,-0.0,-0.0,-0.0,0.0,-0.0,-0.0,-0.029949158140120415,-0.07998093303974747,-0.04174953295529254,-0.0,-0.0,-0.0,-0.0,0.0,0.0,0.0,-0.0,-0.0,-0.0,0.07142736109828088,0.0,-0.037860901024579736,-0.0,0.15021711661627582,-0.0,-0.0,-0.0,-0.0,0.0,0.0,0.0,0.0,-0.0,0.0,-0.0007369350952676197,-0.0,-0.0,-0.0,-0.0,0.03257084660495038,0.0,0.0,0.0,0.0,-0.0,-0.0,-0.0,-0.0,-0.0,-8.94807696248506e-05,0.0,-0.0,0.0,0.0,-0.0,0.0,-0.0,0.0,0.0,0.0,-0.0,-0.0,-0.0,0.016828695283717974,0.0,-0.0,-0.0,0.011912615099074493,-0.0,-0.0,-0.0,-0.0,0.0,-0.0,-0.0,0.0,0.0,0.0,0.0,0.0,-0.0,0.0,-0.0,0.0,0.0,-0.0,0.014239209477676488,0.0,-0.0,-0.0,-0.0,-0.0,0.0,0.0,0.0,-0.0,0.005281442998979409,0.0044086035145852655,-0.0,0.0,-0.0,0.0,0.0,0.0,0.0,0.0,0.0,0.0,-0.0,-0.0,0.0,0.0,-0.0,-0.0,-0.0,-0.0,0.0,-0.0,-0.0,0.0,0.0,0.0,0.0,-0.0,-0.0,-0.0,-0.0,0.0,0.0,-0.0,0.01774409059048516,0.0,-0.0,-0.0,-0.0,-0.0,-0.0,0.0,0.028294274136028908,0.03464570723373397,0.0,0.0,0.0,0.0,0.0,0.0,0.0,0.0,-0.0,-0.0,-0.0,0.006959181651897071,0.0,-0.0,-0.0,0.2371344564195547,2024-10-04,3,22
-0.0,-0.0,-0.0,-0.0,0.0,0.0026630988903510963,-0.0,-0.0,0.0,0.0,0.0,0.0,-0.0,0.0,-0.014269242192420184,0.10002970486118222,-0.0,-0.0,-0.0,0.0,-0.0,-0.0,-0.0,0.0,-0.0,-0.0,-0.02774708070645374,-0.07567658173509388,-0.04147113653228592,-0.0,-0.0,-0.0,-0.0,0.0,0.0,0.0,-0.0,-0.0,-0.0,0.06715605370759249,0.001984578334567068,-0.036852745744812426,-0.0,0.1456241017633564,-0.0,-0.0,-0.0,-0.0,0.0,0.0,0.0,0.0,-0.0,0.0,-0.000807280421464767,-0.0,-0.0,-0.0,-0.0,0.0338712691896776,0.0,0.0,0.0,0.0,-0.0,-0.0,-0.0,-0.0,-0.0,-0.00536728564088987,0.0,-0.0,0.0,0.0,-0.0,0.0,-0.0,0.0,0.0,0.0,-0.0022988376133255763,-0.0,-0.0,0.01363517589399887,0.0,-0.0,-0.0,0.008515708396688767,-0.0,-0.0,-0.0,-0.0,0.0,-0.0,-0.0,-0.0,0.0,0.0,0.0,0.0,-0.0,0.0,-0.0,0.0,0.0,-0.0,0.014176766363672365,0.0,-0.0,-0.0,-0.0,-0.0,0.0,-0.0,0.0,-0.0,0.0,0.013093354692036745,-0.0,0.0,-0.0,0.0,0.0,0.0,0.0,0.0,0.0,-0.0,-0.0,-0.0,0.0,0.0,-0.0,-0.0,-0.0,-0.0,-0.0,-0.0,-0.0,0.0,0.0,0.0,0.0,-0.0,-0.0,-0.0,-0.0,0.0,0.0,-0.0,0.01824024373611648,0.0,-0.0,-0.0,-0.0,0.0,-0.0,0.0,0.023939981131501403,0.033028886253135104,0.0,0.0,0.0,0.0,0.0,0.0,0.0,0.0,-0.0,-0.0,-0.0,0.010621933522279473,0.0,-0.0,-0.0,0.2430642648214084,2024-10-05,3,23
-0.0,-0.0,-0.0,-0.0,0.0,0.0026630988903510963,-0.0,-0.0,0.0,0.0,0.0,0.0,-0.0,0.0,-0.014269242192420184,0.10002970486118222,-0.0,-0.0,-0.0,0.0,-0.0,-0.0,-0.0,0.0,-0.0,-0.0,-0.02774708070645374,-0.07567658173509388,-0.04147113653228592,-0.0,-0.0,-0.0,-0.0,0.0,0.0,0.0,-0.0,-0.0,-0.0,0.06715605370759249,0.001984578334567068,-0.036852745744812426,-0.0,0.1456241017633564,-0.0,-0.0,-0.0,-0.0,0.0,0.0,0.0,0.0,-0.0,0.0,-0.000807280421464767,-0.0,-0.0,-0.0,-0.0,0.0338712691896776,0.0,0.0,0.0,0.0,-0.0,-0.0,-0.0,-0.0,-0.0,-0.00536728564088987,0.0,-0.0,0.0,0.0,-0.0,0.0,-0.0,0.0,0.0,0.0,-0.0022988376133255763,-0.0,-0.0,0.01363517589399887,0.0,-0.0,-0.0,0.008515708396688767,-0.0,-0.0,-0.0,-0.0,0.0,-0.0,-0.0,-0.0,0.0,0.0,0.0,0.0,-0.0,0.0,-0.0,0.0,0.0,-0.0,0.014176766363672365,0.0,-0.0,-0.0,-0.0,-0.0,0.0,-0.0,0.0,-0.0,0.0,0.013093354692036745,-0.0,0.0,-0.0,0.0,0.0,0.0,0.0,0.0,0.0,-0.0,-0.0,-0.0,0.0,0.0,-0.0,-0.0,-0.0,-0.0,-0.0,-0.0,-0.0,0.0,0.0,0.0,0.0,-0.0,-0.0,-0.0,-0.0,0.0,0.0,-0.0,0.01824024373611648,0.0,-0.0,-0.0,-0.0,0.0,-0.0,0.0,0.023939981131501403,0.033028886253135104,0.0,0.0,0.0,0.0,0.0,0.0,0.0,0.0,-0.0,-0.0,-0.0,0.010621933522279473,0.0,-0.0,-0.0,0.2430642648214084,2024-10-06,3,23
-0.0,-0.0,-0.0,-0.0,0.0,0.0026630988903510963,-0.0,-0.0,0.0,0.0,0.0,0.0,-0.0,0.0,-0.014269242192420184,0.10002970486118222,-0.0,-0.0,-0.0,0.0,-0.0,-0.0,-0.0,0.0,-0.0,-0.0,-0.02774708070645374,-0.07567658173509388,-0.04147113653228592,-0.0,-0.0,-0.0,-0.0,0.0,0.0,0.0,-0.0,-0.0,-0.0,0.06715605370759249,0.001984578334567068,-0.036852745744812426,-0.0,0.1456241017633564,-0.0,-0.0,-0.0,-0.0,0.0,0.0,0.0,0.0,-0.0,0.0,-0.000807280421464767,-0.0,-0.0,-0.0,-0.0,0.0338712691896776,0.0,0.0,0.0,0.0,-0.0,-0.0,-0.0,-0.0,-0.0,-0.00536728564088987,0.0,-0.0,0.0,0.0,-0.0,0.0,-0.0,0.0,0.0,0.0,-0.0022988376133255763,-0.0,-0.0,0.01363517589399887,0.0,-0.0,-0.0,0.008515708396688767,-0.0,-0.0,-0.0,-0.0,0.0,-0.0,-0.0,-0.0,0.0,0.0,0.0,0.0,-0.0,0.0,-0.0,0.0,0.0,-0.0,0.014176766363672365,0.0,-0.0,-0.0,-0.0,-0.0,0.0,-0.0,0.0,-0.0,0.0,0.013093354692036745,-0.0,0.0,-0.0,0.0,0.0,0.0,0.0,0.0,0.0,-0.0,-0.0,-0.0,0.0,0.0,-0.0,-0.0,-0.0,-0.0,-0.0,-0.0,-0.0,0.0,0.0,0.0,0.0,-0.0,-0.0,-0.0,-0.0,0.0,0.0,-0.0,0.01824024373611648,0.0,-0.0,-0.0,-0.0,0.0,-0.0,0.0,0.023939981131501403,0.033028886253135104,0.0,0.0,0.0,0.0,0.0,0.0,0.0,0.0,-0.0,-0.0,-0.0,0.010621933522279473,0.0,-0.0,-0.0,0.2430642648214084,2024-10-07,3,23
-0.0,-0.0,-0.0,-0.0,0.0,0.0026630988903510963,-0.0,-0.0,0.0,0.0,0.0,0.0,-0.0,0.0,-0.014269242192420184,0.10002970486118222,-0.0,-0.0,-0.0,0.0,-0.0,-0.0,-0.0,0.0,-0.0,-0.0,-0.02774708070645374,-0.07567658173509388,-0.04147113653228592,-0.0,-0.0,-0.0,-0.0,0.0,0.0,0.0,-0.0,-0.0,-0.0,0.06715605370759249,0.001984578334567068,-0.036852745744812426,-0.0,0.1456241017633564,-0.0,-0.0,-0.0,-0.0,0.0,0.0,0.0,0.0,-0.0,0.0,-0.000807280421464767,-0.0,-0.0,-0.0,-0.0,0.0338712691896776,0.0,0.0,0.0,0.0,-0.0,-0.0,-0.0,-0.0,-0.0,-0.00536728564088987,0.0,-0.0,0.0,0.0,-0.0,0.0,-0.0,0.0,0.0,0.0,-0.0022988376133255763,-0.0,-0.0,0.01363517589399887,0.0,-0.0,-0.0,0.008515708396688767,-0.0,-0.0,-0.0,-0.0,0.0,-0.0,-0.0,-0.0,0.0,0.0,0.0,0.0,-0.0,0.0,-0.0,0.0,0.0,-0.0,0.014176766363672365,0.0,-0.0,-0.0,-0.0,-0.0,0.0,-0.0,0.0,-0.0,0.0,0.013093354692036745,-0.0,0.0,-0.0,0.0,0.0,0.0,0.0,0.0,0.0,-0.0,-0.0,-0.0,0.0,0.0,-0.0,-0.0,-0.0,-0.0,-0.0,-0.0,-0.0,0.0,0.0,0.0,0.0,-0.0,-0.0,-0.0,-0.0,0.0,0.0,-0.0,0.01824024373611648,0.0,-0.0,-0.0,-0.0,0.0,-0.0,0.0,0.023939981131501403,0.033028886253135104,0.0,0.0,0.0,0.0,0.0,0.0,0.0,0.0,-0.0,-0.0,-0.0,0.010621933522279473,0.0,-0.0,-0.0,0.2430642648214084,2024-10-08,3,23
-0.0,-0.0,-0.0,-0.0,0.0,0.0026630988903510963,-0.0,-0.0,0.0,0.0,0.0,0.0,-0.0,0.0,-0.014269242192420184,0.10002970486118222,-0.0,-0.0,-0.0,0.0,-0.0,-0.0,-0.0,0.0,-0.0,-0.0,-0.02774708070645374,-0.07567658173509388,-0.04147113653228592,-0.0,-0.0,-0.0,-0.0,0.0,0.0,0.0,-0.0,-0.0,-0.0,0.06715605370759249,0.001984578334567068,-0.036852745744812426,-0.0,0.1456241017633564,-0.0,-0.0,-0.0,-0.0,0.0,0.0,0.0,0.0,-0.0,0.0,-0.000807280421464767,-0.0,-0.0,-0.0,-0.0,0.0338712691896776,0.0,0.0,0.0,0.0,-0.0,-0.0,-0.0,-0.0,-0.0,-0.00536728564088987,0.0,-0.0,0.0,0.0,-0.0,0.0,-0.0,0.0,0.0,0.0,-0.0022988376133255763,-0.0,-0.0,0.01363517589399887,0.0,-0.0,-0.0,0.008515708396688767,-0.0,-0.0,-0.0,-0.0,0.0,-0.0,-0.0,-0.0,0.0,0.0,0.0,0.0,-0.0,0.0,-0.0,0.0,0.0,-0.0,0.014176766363672365,0.0,-0.0,-0.0,-0.0,-0.0,0.0,-0.0,0.0,-0.0,0.0,0.013093354692036745,-0.0,0.0,-0.0,0.0,0.0,0.0,0.0,0.0,0.0,-0.0,-0.0,-0.0,0.0,0.0,-0.0,-0.0,-0.0,-0.0,-0.0,-0.0,-0.0,0.0,0.0,0.0,0.0,-0.0,-0.0,-0.0,-0.0,0.0,0.0,-0.0,0.01824024373611648,0.0,-0.0,-0.0,-0.0,0.0,-0.0,0.0,0.023939981131501403,0.033028886253135104,0.0,0.0,0.0,0.0,0.0,0.0,0.0,0.0,-0.0,-0.0,-0.0,0.010621933522279473,0.0,-0.0,-0.0,0.2430642648214084,2024-10-09,3,23
-0.0,-0.0,-0.0,-0.0,0.0,0.0026630988903510963,-0.0,-0.0,0.0,0.0,0.0,0.0,-0.0,0.0,-0.014269242192420184,0.10002970486118222,-0.0,-0.0,-0.0,0.0,-0.0,-0.0,-0.0,0.0,-0.0,-0.0,-0.02774708070645374,-0.07567658173509388,-0.04147113653228592,-0.0,-0.0,-0.0,-0.0,0.0,0.0,0.0,-0.0,-0.0,-0.0,0.06715605370759249,0.001984578334567068,-0.036852745744812426,-0.0,0.1456241017633564,-0.0,-0.0,-0.0,-0.0,0.0,0.0,0.0,0.0,-0.0,0.0,-0.000807280421464767,-0.0,-0.0,-0.0,-0.0,0.0338712691896776,0.0,0.0,0.0,0.0,-0.0,-0.0,-0.0,-0.0,-0.0,-0.00536728564088987,0.0,-0.0,0.0,0.0,-0.0,0.0,-0.0,0.0,0.0,0.0,-0.0022988376133255763,-0.0,-0.0,0.01363517589399887,0.0,-0.0,-0.0,0.008515708396688767,-0.0,-0.0,-0.0,-0.0,0.0,-0.0,-0.0,-0.0,0.0,0.0,0.0,0.0,-0.0,0.0,-0.0,0.0,0.0,-0.0,0.014176766363672365,0.0,-0.0,-0.0,-0.0,-0.0,0.0,-0.0,0.0,-0.0,0.0,0.013093354692036745,-0.0,0.0,-0.0,0.0,0.0,0.0,0.0,0.0,0.0,-0.0,-0.0,-0.0,0.0,0.0,-0.0,-0.0,-0.0,-0.0,-0.0,-0.0,-0.0,0.0,0.0,0.0,0.0,-0.0,-0.0,-0.0,-0.0,0.0,0.0,-0.0,0.01824024373611648,0.0,-0.0,-0.0,-0.0,0.0,-0.0,0.0,0.023939981131501403,0.033028886253135104,0.0,0.0,0.0,0.0,0.0,0.0,0.0,0.0,-0.0,-0.0,-0.0,0.010621933522279473,0.0,-0.0,-0.0,0.2430642648214084,2024-10-10,3,23
-0.0,-0.0,-0.0,-0.0,0.0,0.0026630988903510963,-0.0,-0.0,0.0,0.0,0.0,0.0,-0.0,0.0,-0.014269242192420184,0.10002970486118222,-0.0,-0.0,-0.0,0.0,-0.0,-0.0,-0.0,0.0,-0.0,-0.0,-0.02774708070645374,-0.07567658173509388,-0.04147113653228592,-0.0,-0.0,-0.0,-0.0,0.0,0.0,0.0,-0.0,-0.0,-0.0,0.06715605370759249,0.001984578334567068,-0.036852745744812426,-0.0,0.1456241017633564,-0.0,-0.0,-0.0,-0.0,0.0,0.0,0.0,0.0,-0.0,0.0,-0.000807280421464767,-0.0,-0.0,-0.0,-0.0,0.0338712691896776,0.0,0.0,0.0,0.0,-0.0,-0.0,-0.0,-0.0,-0.0,-0.00536728564088987,0.0,-0.0,0.0,0.0,-0.0,0.0,-0.0,0.0,0.0,0.0,-0.0022988376133255763,-0.0,-0.0,0.01363517589399887,0.0,-0.0,-0.0,0.008515708396688767,-0.0,-0.0,-0.0,-0.0,0.0,-0.0,-0.0,-0.0,0.0,0.0,0.0,0.0,-0.0,0.0,-0.0,0.0,0.0,-0.0,0.014176766363672365,0.0,-0.0,-0.0,-0.0,-0.0,0.0,-0.0,0.0,-0.0,0.0,0.013093354692036745,-0.0,0.0,-0.0,0.0,0.0,0.0,0.0,0.0,0.0,-0.0,-0.0,-0.0,0.0,0.0,-0.0,-0.0,-0.0,-0.0,-0.0,-0.0,-0.0,0.0,0.0,0.0,0.0,-0.0,-0.0,-0.0,-0.0,0.0,0.0,-0.0,0.01824024373611648,0.0,-0.0,-0.0,-0.0,0.0,-0.0,0.0,0.023939981131501403,0.033028886253135104,0.0,0.0,0.0,0.0,0.0,0.0,0.0,0.0,-0.0,-0.0,-0.0,0.010621933522279473,0.0,-0.0,-0.0,0.2430642648214084,2024-10-11,3,23
-0.0,-0.0,-0.0,-0.0,0.0,0.0023353013507852213,-0.0,-0.0,0.0,0.0,0.0,0.0,-0.0,-0.0,-0.014451995755095518,0.09077987351872882,-0.0,-0.0,-0.0,0.0,-0.0,-0.0,-0.0,0.0,-0.0,-0.0,-0.027702782310259685,-0.07740034172389569,-0.04239730548378164,-0.0,-0.0,-0.0,-0.0,0.0,0.0,0.0,-0.0,-0.0,-0.0,0.06644700616906031,0.002744589146338493,-0.036689167370633935,-0.0,0.1469035053241687,-0.0,-0.0,-0.0,-0.0,0.0,0.0,0.0,0.0,-0.0,0.0,-0.000994636598166251,-0.0,-0.0,-0.0,-0.0,0.04259668530250564,0.0,0.0,0.0,0.0,-0.0,-0.0,-0.0,-0.0,-0.0,-0.001741143933321496,0.0,-0.0,0.0,0.0,-0.0,0.0,-0.0,0.0,0.0,0.0,-0.0,-0.0,-0.0,0.011345387816812335,0.0,-0.0,-0.0,0.009545140692938929,-0.0,-0.0,-0.0,-0.0,0.0,-0.0,-0.0,-0.0,0.0,0.0,0.0,0.0,-0.0,0.0,-0.0,0.0,-0.0,-0.0,0.014257382660712324,0.0,-0.0,-0.0,-0.0,-0.0,0.0,-0.0,0.0,-0.0,0.0,0.0133931304946644,-0.0,0.0,-0.0,0.0,0.0,0.0,0.0,0.0,0.0,-0.0,-0.0,-0.0,0.0,0.0,-0.0,-0.0,-0.0,-0.0,0.0,-0.0,-0.0,0.0,0.0,0.0,0.0,-0.0,-0.0,-0.0,-0.0,0.0,0.0,-0.0,0.018302470562678204,0.0,-0.0,-0.0,-0.0,0.0,-0.0,0.0,0.024171776267966825,0.03188640560393977,0.0,0.0,0.0,0.0,0.0,0.0,0.0,0.0,-0.0,-0.0,-0.0,0.010180555040065232,0.0,-0.0,-0.0,0.24304388561831894,2024-10-12,3,22
-0.0,-0.0,-0.0,-0.0,0.0,0.0023353013507852213,-0.0,-0.0,0.0,0.0,0.0,0.0,-0.0,-0.0,-0.014451995755095518,0.09077987351872882,-0.0,-0.0,-0.0,0.0,-0.0,-0.0,-0.0,0.0,-0.0,-0.0,-0.027702782310259685,-0.07740034172389569,-0.04239730548378164,-0.0,-0.0,-0.0,-0.0,0.0,0.0,0.0,-0.0,-0.0,-0.0,0.06644700616906031,0.002744589146338493,-0.036689167370633935,-0.0,0.1469035053241687,-0.0,-0.0,-0.0,-0.0,0.0,0.0,0.0,0.0,-0.0,0.0,-0.000994636598166251,-0.0,-0.0,-0.0,-0.0,0.04259668530250564,0.0,0.0,0.0,0.0,-0.0,-0.0,-0.0,-0.0,-0.0,-0.001741143933321496,0.0,-0.0,0.0,0.0,-0.0,0.0,-0.0,0.0,0.0,0.0,-0.0,-0.0,-0.0,0.011345387816812335,0.0,-0.0,-0.0,0.009545140692938929,-0.0,-0.0,-0.0,-0.0,0.0,-0.0,-0.0,-0.0,0.0,0.0,0.0,0.0,-0.0,0.0,-0.0,0.0,-0.0,-0.0,0.014257382660712324,0.0,-0.0,-0.0,-0.0,-0.0,0.0,-0.0,0.0,-0.0,0.0,0.0133931304946644,-0.0,0.0,-0.0,0.0,0.0,0.0,0.0,0.0,0.0,-0.0,-0.0,-0.0,0.0,0.0,-0.0,-0.0,-0.0,-0.0,0.0,-0.0,-0.0,0.0,0.0,0.0,0.0,-0.0,-0.0,-0.0,-0.0,0.0,0.0,-0.0,0.018302470562678204,0.0,-0.0,-0.0,-0.0,0.0,-0.0,0.0,0.024171776267966825,0.03188640560393977,0.0,0.0,0.0,0.0,0.0,0.0,0.0,0.0,-0.0,-0.0,-0.0,0.010180555040065232,0.0,-0.0,-0.0,0.24304388561831894,2024-10-13,3,22
-0.0,-0.0,-0.0,-0.0,0.0,0.0023353013507852213,-0.0,-0.0,0.0,0.0,0.0,0.0,-0.0,-0.0,-0.014451995755095518,0.09077987351872882,-0.0,-0.0,-0.0,0.0,-0.0,-0.0,-0.0,0.0,-0.0,-0.0,-0.027702782310259685,-0.07740034172389569,-0.04239730548378164,-0.0,-0.0,-0.0,-0.0,0.0,0.0,0.0,-0.0,-0.0,-0.0,0.06644700616906031,0.002744589146338493,-0.036689167370633935,-0.0,0.1469035053241687,-0.0,-0.0,-0.0,-0.0,0.0,0.0,0.0,0.0,-0.0,0.0,-0.000994636598166251,-0.0,-0.0,-0.0,-0.0,0.04259668530250564,0.0,0.0,0.0,0.0,-0.0,-0.0,-0.0,-0.0,-0.0,-0.001741143933321496,0.0,-0.0,0.0,0.0,-0.0,0.0,-0.0,0.0,0.0,0.0,-0.0,-0.0,-0.0,0.011345387816812335,0.0,-0.0,-0.0,0.009545140692938929,-0.0,-0.0,-0.0,-0.0,0.0,-0.0,-0.0,-0.0,0.0,0.0,0.0,0.0,-0.0,0.0,-0.0,0.0,-0.0,-0.0,0.014257382660712324,0.0,-0.0,-0.0,-0.0,-0.0,0.0,-0.0,0.0,-0.0,0.0,0.0133931304946644,-0.0,0.0,-0.0,0.0,0.0,0.0,0.0,0.0,0.0,-0.0,-0.0,-0.0,0.0,0.0,-0.0,-0.0,-0.0,-0.0,0.0,-0.0,-0.0,0.0,0.0,0.0,0.0,-0.0,-0.0,-0.0,-0.0,0.0,0.0,-0.0,0.018302470562678204,0.0,-0.0,-0.0,-0.0,0.0,-0.0,0.0,0.024171776267966825,0.03188640560393977,0.0,0.0,0.0,0.0,0.0,0.0,0.0,0.0,-0.0,-0.0,-0.0,0.010180555040065232,0.0,-0.0,-0.0,0.24304388561831894,2024-10-14,3,22
-0.0,-0.0,-0.0,-0.0,0.0,0.0023353013507852213,-0.0,-0.0,0.0,0.0,0.0,0.0,-0.0,-0.0,-0.014451995755095518,0.09077987351872882,-0.0,-0.0,-0.0,0.0,-0.0,-0.0,-0.0,0.0,-0.0,-0.0,-0.027702782310259685,-0.07740034172389569,-0.04239730548378164,-0.0,-0.0,-0.0,-0.0,0.0,0.0,0.0,-0.0,-0.0,-0.0,0.06644700616906031,0.002744589146338493,-0.036689167370633935,-0.0,0.1469035053241687,-0.0,-0.0,-0.0,-0.0,0.0,0.0,0.0,0.0,-0.0,0.0,-0.000994636598166251,-0.0,-0.0,-0.0,-0.0,0.04259668530250564,0.0,0.0,0.0,0.0,-0.0,-0.0,-0.0,-0.0,-0.0,-0.001741143933321496,0.0,-0.0,0.0,0.0,-0.0,0.0,-0.0,0.0,0.0,0.0,-0.0,-0.0,-0.0,0.011345387816812335,0.0,-0.0,-0.0,0.009545140692938929,-0.0,-0.0,-0.0,-0.0,0.0,-0.0,-0.0,-0.0,0.0,0.0,0.0,0.0,-0.0,0.0,-0.0,0.0,-0.0,-0.0,0.014257382660712324,0.0,-0.0,-0.0,-0.0,-0.0,0.0,-0.0,0.0,-0.0,0.0,0.0133931304946644,-0.0,0.0,-0.0,0.0,0.0,0.0,0.0,0.0,0.0,-0.0,-0.0,-0.0,0.0,0.0,-0.0,-0.0,-0.0,-0.0,0.0,-0.0,-0.0,0.0,0.0,0.0,0.0,-0.0,-0.0,-0.0,-0.0,0.0,0.0,-0.0,0.018302470562678204,0.0,-0.0,-0.0,-0.0,0.0,-0.0,0.0,0.024171776267966825,0.03188640560393977,0.0,0.0,0.0,0.0,0.0,0.0,0.0,0.0,-0.0,-0.0,-0.0,0.010180555040065232,0.0,-0.0,-0.0,0.24304388561831894,2024-10-15,3,22
-0.0,-0.0,-0.0,-0.0,0.0,0.0023353013507852213,-0.0,-0.0,0.0,0.0,0.0,0.0,-0.0,-0.0,-0.014451995755095518,0.09077987351872882,-0.0,-0.0,-0.0,0.0,-0.0,-0.0,-0.0,0.0,-0.0,-0.0,-0.027702782310259685,-0.07740034172389569,-0.04239730548378164,-0.0,-0.0,-0.0,-0.0,0.0,0.0,0.0,-0.0,-0.0,-0.0,0.06644700616906031,0.002744589146338493,-0.036689167370633935,-0.0,0.1469035053241687,-0.0,-0.0,-0.0,-0.0,0.0,0.0,0.0,0.0,-0.0,0.0,-0.000994636598166251,-0.0,-0.0,-0.0,-0.0,0.04259668530250564,0.0,0.0,0.0,0.0,-0.0,-0.0,-0.0,-0.0,-0.0,-0.001741143933321496,0.0,-0.0,0.0,0.0,-0.0,0.0,-0.0,0.0,0.0,0.0,-0.0,-0.0,-0.0,0.011345387816812335,0.0,-0.0,-0.0,0.009545140692938929,-0.0,-0.0,-0.0,-0.0,0.0,-0.0,-0.0,-0.0,0.0,0.0,0.0,0.0,-0.0,0.0,-0.0,0.0,-0.0,-0.0,0.014257382660712324,0.0,-0.0,-0.0,-0.0,-0.0,0.0,-0.0,0.0,-0.0,0.0,0.0133931304946644,-0.0,0.0,-0.0,0.0,0.0,0.0,0.0,0.0,0.0,-0.0,-0.0,-0.0,0.0,0.0,-0.0,-0.0,-0.0,-0.0,0.0,-0.0,-0.0,0.0,0.0,0.0,0.0,-0.0,-0.0,-0.0,-0.0,0.0,0.0,-0.0,0.018302470562678204,0.0,-0.0,-0.0,-0.0,0.0,-0.0,0.0,0.024171776267966825,0.03188640560393977,0.0,0.0,0.0,0.0,0.0,0.0,0.0,0.0,-0.0,-0.0,-0.0,0.010180555040065232,0.0,-0.0,-0.0,0.24304388561831894,2024-10-16,3,22
-0.0,-0.0,-0.0,-0.0,0.0,0.0023353013507852213,-0.0,-0.0,0.0,0.0,0.0,0.0,-0.0,-0.0,-0.014451995755095518,0.09077987351872882,-0.0,-0.0,-0.0,0.0,-0.0,-0.0,-0.0,0.0,-0.0,-0.0,-0.027702782310259685,-0.07740034172389569,-0.04239730548378164,-0.0,-0.0,-0.0,-0.0,0.0,0.0,0.0,-0.0,-0.0,-0.0,0.06644700616906031,0.002744589146338493,-0.036689167370633935,-0.0,0.1469035053241687,-0.0,-0.0,-0.0,-0.0,0.0,0.0,0.0,0.0,-0.0,0.0,-0.000994636598166251,-0.0,-0.0,-0.0,-0.0,0.04259668530250564,0.0,0.0,0.0,0.0,-0.0,-0.0,-0.0,-0.0,-0.0,-0.001741143933321496,0.0,-0.0,0.0,0.0,-0.0,0.0,-0.0,0.0,0.0,0.0,-0.0,-0.0,-0.0,0.011345387816812335,0.0,-0.0,-0.0,0.009545140692938929,-0.0,-0.0,-0.0,-0.0,0.0,-0.0,-0.0,-0.0,0.0,0.0,0.0,0.0,-0.0,0.0,-0.0,0.0,-0.0,-0.0,0.014257382660712324,0.0,-0.0,-0.0,-0.0,-0.0,0.0,-0.0,0.0,-0.0,0.0,0.0133931304946644,-0.0,0.0,-0.0,0.0,0.0,0.0,0.0,0.0,0.0,-0.0,-0.0,-0.0,0.0,0.0,-0.0,-0.0,-0.0,-0.0,0.0,-0.0,-0.0,0.0,0.0,0.0,0.0,-0.0,-0.0,-0.0,-0.0,0.0,0.0,-0.0,0.018302470562678204,0.0,-0.0,-0.0,-0.0,0.0,-0.0,0.0,0.024171776267966825,0.03188640560393977,0.0,0.0,0.0,0.0,0.0,0.0,0.0,0.0,-0.0,-0.0,-0.0,0.010180555040065232,0.0,-0.0,-0.0,0.24304388561831894,2024-10-17,3,22
-0.0,-0.0,-0.0,-0.0,0.0,0.0023353013507852213,-0.0,-0.0,0.0,0.0,0.0,0.0,-0.0,-0.0,-0.014451995755095518,0.09077987351872882,-0.0,-0.0,-0.0,0.0,-0.0,-0.0,-0.0,0.0,-0.0,-0.0,-0.027702782310259685,-0.07740034172389569,-0.04239730548378164,-0.0,-0.0,-0.0,-0.0,0.0,0.0,0.0,-0.0,-0.0,-0.0,0.06644700616906031,0.002744589146338493,-0.036689167370633935,-0.0,0.1469035053241687,-0.0,-0.0,-0.0,-0.0,0.0,0.0,0.0,0.0,-0.0,0.0,-0.000994636598166251,-0.0,-0.0,-0.0,-0.0,0.04259668530250564,0.0,0.0,0.0,0.0,-0.0,-0.0,-0.0,-0.0,-0.0,-0.001741143933321496,0.0,-0.0,0.0,0.0,-0.0,0.0,-0.0,0.0,0.0,0.0,-0.0,-0.0,-0.0,0.011345387816812335,0.0,-0.0,-0.0,0.009545140692938929,-0.0,-0.0,-0.0,-0.0,0.0,-0.0,-0.0,-0.0,0.0,0.0,0.0,0.0,-0.0,0.0,-0.0,0.0,-0.0,-0.0,0.014257382660712324,0.0,-0.0,-0.0,-0.0,-0.0,0.0,-0.0,0.0,-0.0,0.0,0.0133931304946644,-0.0,0.0,-0.0,0.0,0.0,0.0,0.0,0.0,0.0,-0.0,-0.0,-0.0,0.0,0.0,-0.0,-0.0,-0.0,-0.0,0.0,-0.0,-0.0,0.0,0.0,0.0,0.0,-0.0,-0.0,-0.0,-0.0,0.0,0.0,-0.0,0.018302470562678204,0.0,-0.0,-0.0,-0.0,0.0,-0.0,0.0,0.024171776267966825,0.03188640560393977,0.0,0.0,0.0,0.0,0.0,0.0,0.0,0.0,-0.0,-0.0,-0.0,0.010180555040065232,0.0,-0.0,-0.0,0.24304388561831894,2024-10-18,3,22
-0.0,-0.0008924491563402822,-0.0,-0.0,0.0,0.0052884471411832334,-0.0,-0.0,0.0,0.0,0.0,0.0,-0.0,0.0,-0.012966972739840524,0.056741568496723245,-0.0,-0.0,-0.0,0.0,-0.0,-0.0,-0.0,0.0,-0.0,-0.0,-0.03092085981790007,-0.08145477039906346,-0.04448097750479323,-0.0,-0.0,-0.0,-0.0,0.0,0.0,0.0,-0.0,-0.0,-0.0,0.06545233028620154,0.004064160144107386,-0.03993887653795665,-0.0,0.14796668523809225,-0.0,-0.0,-0.0,-0.0,0.0,0.0,0.0,0.0,-0.0,0.0,-0.0033549782082248313,-0.0,-0.0,-0.0,-0.0,0.06945259381874967,0.0,0.0,0.0,0.0,-0.0,-0.0,-0.0,0.0,-0.0,-0.0005678407089111169,0.0,-0.0,0.0,0.0,-0.0,0.0,-0.0,0.0,0.0,0.0,-0.0,-0.0,-0.0,0.011686183194592865,0.0,-0.0,-0.0,0.009942765512788556,-0.0,-0.0,-0.0,-0.0,-0.0,-0.0,-0.0,-0.0,0.0,0.0,0.0,0.0,-0.0,0.0,-0.0,0.0,0.0,-0.0,0.013622809211097382,0.0,-0.0,-0.0,-0.0,-0.0,0.0,-0.0,0.0,-0.0,0.0,0.012847383429424033,-0.0,0.0,-0.0,0.0,0.0,0.0,0.0,0.0,0.0,-0.0,-0.0,-0.0,0.0,0.0,-0.0,-0.0,-0.0,-0.0,-0.0,-0.0,-0.0,0.0,0.0,0.0,0.0,-0.0,-0.0,-0.0,-0.0,0.0,0.0,-0.0,0.018041622228348354,0.0,-0.0,-0.0,-0.0,0.0,-0.0,0.0,0.024249978695418693,0.03884805453812952,0.0,0.0,0.0,0.0,0.0,0.0,0.0,0.0,-0.0,-0.0,-0.0,0.011299184339065627,0.0,-0.0,-0.0,0.24235376873649114,2024-10-19,3,23
-0.0,-0.0008924491563402822,-0.0,-0.0,0.0,0.0052884471411832334,-0.0,-0.0,0.0,0.0,0.0,0.0,-0.0,0.0,-0.012966972739840524,0.056741568496723245,-0.0,-0.0,-0.0,0.0,-0.0,-0.0,-0.0,0.0,-0.0,-0.0,-0.03092085981790007,-0.08145477039906346,-0.04448097750479323,-0.0,-0.0,-0.0,-0.0,0.0,0.0,0.0,-0.0,-0.0,-0.0,0.06545233028620154,0.004064160144107386,-0.03993887653795665,-0.0,0.14796668523809225,-0.0,-0.0,-0.0,-0.0,0.0,0.0,0.0,0.0,-0.0,0.0,-0.0033549782082248313,-0.0,-0.0,-0.0,-0.0,0.06945259381874967,0.0,0.0,0.0,0.0,-0.0,-0.0,-0.0,0.0,-0.0,-0.0005678407089111169,0.0,-0.0,0.0,0.0,-0.0,0.0,-0.0,0.0,0.0,0.0,-0.0,-0.0,-0.0,0.011686183194592865,0.0,-0.0,-0.0,0.009942765512788556,-0.0,-0.0,-0.0,-0.0,-0.0,-0.0,-0.0,-0.0,0.0,0.0,0.0,0.0,-0.0,0.0,-0.0,0.0,0.0,-0.0,0.013622809211097382,0.0,-0.0,-0.0,-0.0,-0.0,0.0,-0.0,0.0,-0.0,0.0,0.012847383429424033,-0.0,0.0,-0.0,0.0,0.0,0.0,0.0,0.0,0.0,-0.0,-0.0,-0.0,0.0,0.0,-0.0,-0.0,-0.0,-0.0,-0.0,-0.0,-0.0,0.0,0.0,0.0,0.0,-0.0,-0.0,-0.0,-0.0,0.0,0.0,-0.0,0.018041622228348354,0.0,-0.0,-0.0,-0.0,0.0,-0.0,0.0,0.024249978695418693,0.03884805453812952,0.0,0.0,0.0,0.0,0.0,0.0,0.0,0.0,-0.0,-0.0,-0.0,0.011299184339065627,0.0,-0.0,-0.0,0.24235376873649114,2024-10-20,3,23
-0.0,-0.0008924491563402822,-0.0,-0.0,0.0,0.0052884471411832334,-0.0,-0.0,0.0,0.0,0.0,0.0,-0.0,0.0,-0.012966972739840524,0.056741568496723245,-0.0,-0.0,-0.0,0.0,-0.0,-0.0,-0.0,0.0,-0.0,-0.0,-0.03092085981790007,-0.08145477039906346,-0.04448097750479323,-0.0,-0.0,-0.0,-0.0,0.0,0.0,0.0,-0.0,-0.0,-0.0,0.06545233028620154,0.004064160144107386,-0.03993887653795665,-0.0,0.14796668523809225,-0.0,-0.0,-0.0,-0.0,0.0,0.0,0.0,0.0,-0.0,0.0,-0.0033549782082248313,-0.0,-0.0,-0.0,-0.0,0.06945259381874967,0.0,0.0,0.0,0.0,-0.0,-0.0,-0.0,0.0,-0.0,-0.0005678407089111169,0.0,-0.0,0.0,0.0,-0.0,0.0,-0.0,0.0,0.0,0.0,-0.0,-0.0,-0.0,0.011686183194592865,0.0,-0.0,-0.0,0.009942765512788556,-0.0,-0.0,-0.0,-0.0,-0.0,-0.0,-0.0,-0.0,0.0,0.0,0.0,0.0,-0.0,0.0,-0.0,0.0,0.0,-0.0,0.013622809211097382,0.0,-0.0,-0.0,-0.0,-0.0,0.0,-0.0,0.0,-0.0,0.0,0.012847383429424033,-0.0,0.0,-0.0,0.0,0.0,0.0,0.0,0.0,0.0,-0.0,-0.0,-0.0,0.0,0.0,-0.0,-0.0,-0.0,-0.0,-0.0,-0.0,-0.0,0.0,0.0,0.0,0.0,-0.0,-0.0,-0.0,-0.0,0.0,0.0,-0.0,0.018041622228348354,0.0,-0.0,-0.0,-0.0,0.0,-0.0,0.0,0.024249978695418693,0.03884805453812952,0.0,0.0,0.0,0.0,0.0,0.0,0.0,0.0,-0.0,-0.0,-0.0,0.011299184339065627,0.0,-0.0,-0.0,0.24235376873649114,2024-10-21,3,23
-0.0,-0.0008924491563402822,-0.0,-0.0,0.0,0.0052884471411832334,-0.0,-0.0,0.0,0.0,0.0,0.0,-0.0,0.0,-0.012966972739840524,0.056741568496723245,-0.0,-0.0,-0.0,0.0,-0.0,-0.0,-0.0,0.0,-0.0,-0.0,-0.03092085981790007,-0.08145477039906346,-0.04448097750479323,-0.0,-0.0,-0.0,-0.0,0.0,0.0,0.0,-0.0,-0.0,-0.0,0.06545233028620154,0.004064160144107386,-0.03993887653795665,-0.0,0.14796668523809225,-0.0,-0.0,-0.0,-0.0,0.0,0.0,0.0,0.0,-0.0,0.0,-0.0033549782082248313,-0.0,-0.0,-0.0,-0.0,0.06945259381874967,0.0,0.0,0.0,0.0,-0.0,-0.0,-0.0,0.0,-0.0,-0.0005678407089111169,0.0,-0.0,0.0,0.0,-0.0,0.0,-0.0,0.0,0.0,0.0,-0.0,-0.0,-0.0,0.011686183194592865,0.0,-0.0,-0.0,0.009942765512788556,-0.0,-0.0,-0.0,-0.0,-0.0,-0.0,-0.0,-0.0,0.0,0.0,0.0,0.0,-0.0,0.0,-0.0,0.0,0.0,-0.0,0.013622809211097382,0.0,-0.0,-0.0,-0.0,-0.0,0.0,-0.0,0.0,-0.0,0.0,0.012847383429424033,-0.0,0.0,-0.0,0.0,0.0,0.0,0.0,0.0,0.0,-0.0,-0.0,-0.0,0.0,0.0,-0.0,-0.0,-0.0,-0.0,-0.0,-0.0,-0.0,0.0,0.0,0.0,0.0,-0.0,-0.0,-0.0,-0.0,0.0,0.0,-0.0,0.018041622228348354,0.0,-0.0,-0.0,-0.0,0.0,-0.0,0.0,0.024249978695418693,0.03884805453812952,0.0,0.0,0.0,0.0,0.0,0.0,0.0,0.0,-0.0,-0.0,-0.0,0.011299184339065627,0.0,-0.0,-0.0,0.24235376873649114,2024-10-22,3,23
-0.0,-0.0008924491563402822,-0.0,-0.0,0.0,0.0052884471411832334,-0.0,-0.0,0.0,0.0,0.0,0.0,-0.0,0.0,-0.012966972739840524,0.056741568496723245,-0.0,-0.0,-0.0,0.0,-0.0,-0.0,-0.0,0.0,-0.0,-0.0,-0.03092085981790007,-0.08145477039906346,-0.04448097750479323,-0.0,-0.0,-0.0,-0.0,0.0,0.0,0.0,-0.0,-0.0,-0.0,0.06545233028620154,0.004064160144107386,-0.03993887653795665,-0.0,0.14796668523809225,-0.0,-0.0,-0.0,-0.0,0.0,0.0,0.0,0.0,-0.0,0.0,-0.0033549782082248313,-0.0,-0.0,-0.0,-0.0,0.06945259381874967,0.0,0.0,0.0,0.0,-0.0,-0.0,-0.0,0.0,-0.0,-0.0005678407089111169,0.0,-0.0,0.0,0.0,-0.0,0.0,-0.0,0.0,0.0,0.0,-0.0,-0.0,-0.0,0.011686183194592865,0.0,-0.0,-0.0,0.009942765512788556,-0.0,-0.0,-0.0,-0.0,-0.0,-0.0,-0.0,-0.0,0.0,0.0,0.0,0.0,-0.0,0.0,-0.0,0.0,0.0,-0.0,0.013622809211097382,0.0,-0.0,-0.0,-0.0,-0.0,0.0,-0.0,0.0,-0.0,0.0,0.012847383429424033,-0.0,0.0,-0.0,0.0,0.0,0.0,0.0,0.0,0.0,-0.0,-0.0,-0.0,0.0,0.0,-0.0,-0.0,-0.0,-0.0,-0.0,-0.0,-0.0,0.0,0.0,0.0,0.0,-0.0,-0.0,-0.0,-0.0,0.0,0.0,-0.0,0.018041622228348354,0.0,-0.0,-0.0,-0.0,0.0,-0.0,0.0,0.024249978695418693,0.03884805453812952,0.0,0.0,0.0,0.0,0.0,0.0,0.0,0.0,-0.0,-0.0,-0.0,0.011299184339065627,0.0,-0.0,-0.0,0.24235376873649114,2024-10-23,3,23
-0.0,-0.0008924491563402822,-0.0,-0.0,0.0,0.0052884471411832334,-0.0,-0.0,0.0,0.0,0.0,0.0,-0.0,0.0,-0.012966972739840524,0.056741568496723245,-0.0,-0.0,-0.0,0.0,-0.0,-0.0,-0.0,0.0,-0.0,-0.0,-0.03092085981790007,-0.08145477039906346,-0.04448097750479323,-0.0,-0.0,-0.0,-0.0,0.0,0.0,0.0,-0.0,-0.0,-0.0,0.06545233028620154,0.004064160144107386,-0.03993887653795665,-0.0,0.14796668523809225,-0.0,-0.0,-0.0,-0.0,0.0,0.0,0.0,0.0,-0.0,0.0,-0.0033549782082248313,-0.0,-0.0,-0.0,-0.0,0.06945259381874967,0.0,0.0,0.0,0.0,-0.0,-0.0,-0.0,0.0,-0.0,-0.0005678407089111169,0.0,-0.0,0.0,0.0,-0.0,0.0,-0.0,0.0,0.0,0.0,-0.0,-0.0,-0.0,0.011686183194592865,0.0,-0.0,-0.0,0.009942765512788556,-0.0,-0.0,-0.0,-0.0,-0.0,-0.0,-0.0,-0.0,0.0,0.0,0.0,0.0,-0.0,0.0,-0.0,0.0,0.0,-0.0,0.013622809211097382,0.0,-0.0,-0.0,-0.0,-0.0,0.0,-0.0,0.0,-0.0,0.0,0.012847383429424033,-0.0,0.0,-0.0,0.0,0.0,0.0,0.0,0.0,0.0,-0.0,-0.0,-0.0,0.0,0.0,-0.0,-0.0,-0.0,-0.0,-0.0,-0.0,-0.0,0.0,0.0,0.0,0.0,-0.0,-0.0,-0.0,-0.0,0.0,0.0,-0.0,0.018041622228348354,0.0,-0.0,-0.0,-0.0,0.0,-0.0,0.0,0.024249978695418693,0.03884805453812952,0.0,0.0,0.0,0.0,0.0,0.0,0.0,0.0,-0.0,-0.0,-0.0,0.011299184339065627,0.0,-0.0,-0.0,0.24235376873649114,2024-10-24,3,23
-0.0,-0.0008924491563402822,-0.0,-0.0,0.0,0.0052884471411832334,-0.0,-0.0,0.0,0.0,0.0,0.0,-0.0,0.0,-0.012966972739840524,0.056741568496723245,-0.0,-0.0,-0.0,0.0,-0.0,-0.0,-0.0,0.0,-0.0,-0.0,-0.03092085981790007,-0.08145477039906346,-0.04448097750479323,-0.0,-0.0,-0.0,-0.0,0.0,0.0,0.0,-0.0,-0.0,-0.0,0.06545233028620154,0.004064160144107386,-0.03993887653795665,-0.0,0.14796668523809225,-0.0,-0.0,-0.0,-0.0,0.0,0.0,0.0,0.0,-0.0,0.0,-0.0033549782082248313,-0.0,-0.0,-0.0,-0.0,0.06945259381874967,0.0,0.0,0.0,0.0,-0.0,-0.0,-0.0,0.0,-0.0,-0.0005678407089111169,0.0,-0.0,0.0,0.0,-0.0,0.0,-0.0,0.0,0.0,0.0,-0.0,-0.0,-0.0,0.011686183194592865,0.0,-0.0,-0.0,0.009942765512788556,-0.0,-0.0,-0.0,-0.0,-0.0,-0.0,-0.0,-0.0,0.0,0.0,0.0,0.0,-0.0,0.0,-0.0,0.0,0.0,-0.0,0.013622809211097382,0.0,-0.0,-0.0,-0.0,-0.0,0.0,-0.0,0.0,-0.0,0.0,0.012847383429424033,-0.0,0.0,-0.0,0.0,0.0,0.0,0.0,0.0,0.0,-0.0,-0.0,-0.0,0.0,0.0,-0.0,-0.0,-0.0,-0.0,-0.0,-0.0,-0.0,0.0,0.0,0.0,0.0,-0.0,-0.0,-0.0,-0.0,0.0,0.0,-0.0,0.018041622228348354,0.0,-0.0,-0.0,-0.0,0.0,-0.0,0.0,0.024249978695418693,0.03884805453812952,0.0,0.0,0.0,0.0,0.0,0.0,0.0,0.0,-0.0,-0.0,-0.0,0.011299184339065627,0.0,-0.0,-0.0,0.24235376873649114,2024-10-25,3,23
-0.0,-0.001810471153247591,-0.0,-0.0,0.0,0.0032465295741015057,-0.0,-0.0,0.0,0.0,0.0,0.0,-0.0,0.0,-0.013262933217244319,0.0464652897413045,-0.0,-0.0,-0.0,0.0,-0.0,-0.0,-0.0,0.0,-0.0,-0.0,-0.02993479142637514,-0.08418904596946446,-0.039266507910391,-0.0,-0.0,-0.0,-0.0,0.0,0.0,0.0,-0.0,-0.0,-0.0,0.06845938311353902,0.0018272406176678354,-0.042361698511566695,-0.0,0.1505038723832985,-0.0,-0.0,-0.0,-0.0,0.0,0.0,0.0,0.0,0.0,0.0,-0.006066410973923274,-0.0,-0.0,-0.0,-0.0,0.07451063378469408,0.0,0.0,0.0,0.0,-0.0,-0.0,-0.0,-0.0,-0.0,-0.0,0.0,-0.0,0.0,0.0,-0.0,0.0,-0.0,0.0,0.0,0.0,-0.0,-0.0,-0.0,0.014612253290030068,0.0,-0.0,-0.0,0.01304643295960072,-0.0,-0.0,-0.0,-0.0,-0.0,-0.0,-0.0,-0.0,0.0,0.0,0.0,0.0,-0.0,0.0,-0.0,0.0,-0.0,-0.0,0.013480744208898858,0.0,-0.0,-0.0,-0.0,-0.0,0.0,-0.0,0.0,-0.0,0.0,0.01742347192173761,-0.0,0.0,-0.0,0.0,0.0,0.0,0.0,0.0,0.0,-0.0,-0.0,-0.0,0.0,0.0,-0.0,-0.0,-0.0,-0.0,-0.0,-0.0,-0.0,0.0,0.0,0.0,0.0,-0.0,-0.0,-0.0,-0.0,0.0,0.0,-0.0,0.01803507874693301,0.0,-0.0,-0.0,-0.0,0.0,-0.0,-0.0,0.025026230351574384,0.04092607009521583,0.0,0.0,0.0,0.0,0.0,0.0,0.0,0.0,0.0,-0.0,-0.0,0.0069354171674015225,0.0,-0.0,-0.0,0.23912461395601792,2024-10-26,3,22
-0.0,-0.001810471153247591,-0.0,-0.0,0.0,0.0032465295741015057,-0.0,-0.0,0.0,0.0,0.0,0.0,-0.0,0.0,-0.013262933217244319,0.0464652897413045,-0.0,-0.0,-0.0,0.0,-0.0,-0.0,-0.0,0.0,-0.0,-0.0,-0.02993479142637514,-0.08418904596946446,-0.039266507910391,-0.0,-0.0,-0.0,-0.0,0.0,0.0,0.0,-0.0,-0.0,-0.0,0.06845938311353902,0.0018272406176678354,-0.042361698511566695,-0.0,0.1505038723832985,-0.0,-0.0,-0.0,-0.0,0.0,0.0,0.0,0.0,0.0,0.0,-0.006066410973923274,-0.0,-0.0,-0.0,-0.0,0.07451063378469408,0.0,0.0,0.0,0.0,-0.0,-0.0,-0.0,-0.0,-0.0,-0.0,0.0,-0.0,0.0,0.0,-0.0,0.0,-0.0,0.0,0.0,0.0,-0.0,-0.0,-0.0,0.014612253290030068,0.0,-0.0,-0.0,0.01304643295960072,-0.0,-0.0,-0.0,-0.0,-0.0,-0.0,-0.0,-0.0,0.0,0.0,0.0,0.0,-0.0,0.0,-0.0,0.0,-0.0,-0.0,0.013480744208898858,0.0,-0.0,-0.0,-0.0,-0.0,0.0,-0.0,0.0,-0.0,0.0,0.01742347192173761,-0.0,0.0,-0.0,0.0,0.0,0.0,0.0,0.0,0.0,-0.0,-0.0,-0.0,0.0,0.0,-0.0,-0.0,-0.0,-0.0,-0.0,-0.0,-0.0,0.0,0.0,0.0,0.0,-0.0,-0.0,-0.0,-0.0,0.0,0.0,-0.0,0.01803507874693301,0.0,-0.0,-0.0,-0.0,0.0,-0.0,-0.0,0.025026230351574384,0.04092607009521583,0.0,0.0,0.0,0.0,0.0,0.0,0.0,0.0,0.0,-0.0,-0.0,0.0069354171674015225,0.0,-0.0,-0.0,0.23912461395601792,2024-10-27,3,22
-0.0,-0.001810471153247591,-0.0,-0.0,0.0,0.0032465295741015057,-0.0,-0.0,0.0,0.0,0.0,0.0,-0.0,0.0,-0.013262933217244319,0.0464652897413045,-0.0,-0.0,-0.0,0.0,-0.0,-0.0,-0.0,0.0,-0.0,-0.0,-0.02993479142637514,-0.08418904596946446,-0.039266507910391,-0.0,-0.0,-0.0,-0.0,0.0,0.0,0.0,-0.0,-0.0,-0.0,0.06845938311353902,0.0018272406176678354,-0.042361698511566695,-0.0,0.1505038723832985,-0.0,-0.0,-0.0,-0.0,0.0,0.0,0.0,0.0,0.0,0.0,-0.006066410973923274,-0.0,-0.0,-0.0,-0.0,0.07451063378469408,0.0,0.0,0.0,0.0,-0.0,-0.0,-0.0,-0.0,-0.0,-0.0,0.0,-0.0,0.0,0.0,-0.0,0.0,-0.0,0.0,0.0,0.0,-0.0,-0.0,-0.0,0.014612253290030068,0.0,-0.0,-0.0,0.01304643295960072,-0.0,-0.0,-0.0,-0.0,-0.0,-0.0,-0.0,-0.0,0.0,0.0,0.0,0.0,-0.0,0.0,-0.0,0.0,-0.0,-0.0,0.013480744208898858,0.0,-0.0,-0.0,-0.0,-0.0,0.0,-0.0,0.0,-0.0,0.0,0.01742347192173761,-0.0,0.0,-0.0,0.0,0.0,0.0,0.0,0.0,0.0,-0.0,-0.0,-0.0,0.0,0.0,-0.0,-0.0,-0.0,-0.0,-0.0,-0.0,-0.0,0.0,0.0,0.0,0.0,-0.0,-0.0,-0.0,-0.0,0.0,0.0,-0.0,0.01803507874693301,0.0,-0.0,-0.0,-0.0,0.0,-0.0,-0.0,0.025026230351574384,0.04092607009521583,0.0,0.0,0.0,0.0,0.0,0.0,0.0,0.0,0.0,-0.0,-0.0,0.0069354171674015225,0.0,-0.0,-0.0,0.23912461395601792,2024-10-28,3,22
-0.0,-0.001810471153247591,-0.0,-0.0,0.0,0.0032465295741015057,-0.0,-0.0,0.0,0.0,0.0,0.0,-0.0,0.0,-0.013262933217244319,0.0464652897413045,-0.0,-0.0,-0.0,0.0,-0.0,-0.0,-0.0,0.0,-0.0,-0.0,-0.02993479142637514,-0.08418904596946446,-0.039266507910391,-0.0,-0.0,-0.0,-0.0,0.0,0.0,0.0,-0.0,-0.0,-0.0,0.06845938311353902,0.0018272406176678354,-0.042361698511566695,-0.0,0.1505038723832985,-0.0,-0.0,-0.0,-0.0,0.0,0.0,0.0,0.0,0.0,0.0,-0.006066410973923274,-0.0,-0.0,-0.0,-0.0,0.07451063378469408,0.0,0.0,0.0,0.0,-0.0,-0.0,-0.0,-0.0,-0.0,-0.0,0.0,-0.0,0.0,0.0,-0.0,0.0,-0.0,0.0,0.0,0.0,-0.0,-0.0,-0.0,0.014612253290030068,0.0,-0.0,-0.0,0.01304643295960072,-0.0,-0.0,-0.0,-0.0,-0.0,-0.0,-0.0,-0.0,0.0,0.0,0.0,0.0,-0.0,0.0,-0.0,0.0,-0.0,-0.0,0.013480744208898858,0.0,-0.0,-0.0,-0.0,-0.0,0.0,-0.0,0.0,-0.0,0.0,0.01742347192173761,-0.0,0.0,-0.0,0.0,0.0,0.0,0.0,0.0,0.0,-0.0,-0.0,-0.0,0.0,0.0,-0.0,-0.0,-0.0,-0.0,-0.0,-0.0,-0.0,0.0,0.0,0.0,0.0,-0.0,-0.0,-0.0,-0.0,0.0,0.0,-0.0,0.01803507874693301,0.0,-0.0,-0.0,-0.0,0.0,-0.0,-0.0,0.025026230351574384,0.04092607009521583,0.0,0.0,0.0,0.0,0.0,0.0,0.0,0.0,0.0,-0.0,-0.0,0.0069354171674015225,0.0,-0.0,-0.0,0.23912461395601792,2024-10-29,3,22
-0.0,-0.001810471153247591,-0.0,-0.0,0.0,0.0032465295741015057,-0.0,-0.0,0.0,0.0,0.0,0.0,-0.0,0.0,-0.013262933217244319,0.0464652897413045,-0.0,-0.0,-0.0,0.0,-0.0,-0.0,-0.0,0.0,-0.0,-0.0,-0.02993479142637514,-0.08418904596946446,-0.039266507910391,-0.0,-0.0,-0.0,-0.0,0.0,0.0,0.0,-0.0,-0.0,-0.0,0.06845938311353902,0.0018272406176678354,-0.042361698511566695,-0.0,0.1505038723832985,-0.0,-0.0,-0.0,-0.0,0.0,0.0,0.0,0.0,0.0,0.0,-0.006066410973923274,-0.0,-0.0,-0.0,-0.0,0.07451063378469408,0.0,0.0,0.0,0.0,-0.0,-0.0,-0.0,-0.0,-0.0,-0.0,0.0,-0.0,0.0,0.0,-0.0,0.0,-0.0,0.0,0.0,0.0,-0.0,-0.0,-0.0,0.014612253290030068,0.0,-0.0,-0.0,0.01304643295960072,-0.0,-0.0,-0.0,-0.0,-0.0,-0.0,-0.0,-0.0,0.0,0.0,0.0,0.0,-0.0,0.0,-0.0,0.0,-0.0,-0.0,0.013480744208898858,0.0,-0.0,-0.0,-0.0,-0.0,0.0,-0.0,0.0,-0.0,0.0,0.01742347192173761,-0.0,0.0,-0.0,0.0,0.0,0.0,0.0,0.0,0.0,-0.0,-0.0,-0.0,0.0,0.0,-0.0,-0.0,-0.0,-0.0,-0.0,-0.0,-0.0,0.0,0.0,0.0,0.0,-0.0,-0.0,-0.0,-0.0,0.0,0.0,-0.0,0.01803507874693301,0.0,-0.0,-0.0,-0.0,0.0,-0.0,-0.0,0.025026230351574384,0.04092607009521583,0.0,0.0,0.0,0.0,0.0,0.0,0.0,0.0,0.0,-0.0,-0.0,0.0069354171674015225,0.0,-0.0,-0.0,0.23912461395601792,2024-10-30,3,22
-0.0,-0.001810471153247591,-0.0,-0.0,0.0,0.0032465295741015057,-0.0,-0.0,0.0,0.0,0.0,0.0,-0.0,0.0,-0.013262933217244319,0.0464652897413045,-0.0,-0.0,-0.0,0.0,-0.0,-0.0,-0.0,0.0,-0.0,-0.0,-0.02993479142637514,-0.08418904596946446,-0.039266507910391,-0.0,-0.0,-0.0,-0.0,0.0,0.0,0.0,-0.0,-0.0,-0.0,0.06845938311353902,0.0018272406176678354,-0.042361698511566695,-0.0,0.1505038723832985,-0.0,-0.0,-0.0,-0.0,0.0,0.0,0.0,0.0,0.0,0.0,-0.006066410973923274,-0.0,-0.0,-0.0,-0.0,0.07451063378469408,0.0,0.0,0.0,0.0,-0.0,-0.0,-0.0,-0.0,-0.0,-0.0,0.0,-0.0,0.0,0.0,-0.0,0.0,-0.0,0.0,0.0,0.0,-0.0,-0.0,-0.0,0.014612253290030068,0.0,-0.0,-0.0,0.01304643295960072,-0.0,-0.0,-0.0,-0.0,-0.0,-0.0,-0.0,-0.0,0.0,0.0,0.0,0.0,-0.0,0.0,-0.0,0.0,-0.0,-0.0,0.013480744208898858,0.0,-0.0,-0.0,-0.0,-0.0,0.0,-0.0,0.0,-0.0,0.0,0.01742347192173761,-0.0,0.0,-0.0,0.0,0.0,0.0,0.0,0.0,0.0,-0.0,-0.0,-0.0,0.0,0.0,-0.0,-0.0,-0.0,-0.0,-0.0,-0.0,-0.0,0.0,0.0,0.0,0.0,-0.0,-0.0,-0.0,-0.0,0.0,0.0,-0.0,0.01803507874693301,0.0,-0.0,-0.0,-0.0,0.0,-0.0,-0.0,0.025026230351574384,0.04092607009521583,0.0,0.0,0.0,0.0,0.0,0.0,0.0,0.0,0.0,-0.0,-0.0,0.0069354171674015225,0.0,-0.0,-0.0,0.23912461395601792,2024-10-31,3,22
-0.0,-0.001810471153247591,-0.0,-0.0,0.0,0.0032465295741015057,-0.0,-0.0,0.0,0.0,0.0,0.0,-0.0,0.0,-0.013262933217244319,0.0464652897413045,-0.0,-0.0,-0.0,0.0,-0.0,-0.0,-0.0,0.0,-0.0,-0.0,-0.02993479142637514,-0.08418904596946446,-0.039266507910391,-0.0,-0.0,-0.0,-0.0,0.0,0.0,0.0,-0.0,-0.0,-0.0,0.06845938311353902,0.0018272406176678354,-0.042361698511566695,-0.0,0.1505038723832985,-0.0,-0.0,-0.0,-0.0,0.0,0.0,0.0,0.0,0.0,0.0,-0.006066410973923274,-0.0,-0.0,-0.0,-0.0,0.07451063378469408,0.0,0.0,0.0,0.0,-0.0,-0.0,-0.0,-0.0,-0.0,-0.0,0.0,-0.0,0.0,0.0,-0.0,0.0,-0.0,0.0,0.0,0.0,-0.0,-0.0,-0.0,0.014612253290030068,0.0,-0.0,-0.0,0.01304643295960072,-0.0,-0.0,-0.0,-0.0,-0.0,-0.0,-0.0,-0.0,0.0,0.0,0.0,0.0,-0.0,0.0,-0.0,0.0,-0.0,-0.0,0.013480744208898858,0.0,-0.0,-0.0,-0.0,-0.0,0.0,-0.0,0.0,-0.0,0.0,0.01742347192173761,-0.0,0.0,-0.0,0.0,0.0,0.0,0.0,0.0,0.0,-0.0,-0.0,-0.0,0.0,0.0,-0.0,-0.0,-0.0,-0.0,-0.0,-0.0,-0.0,0.0,0.0,0.0,0.0,-0.0,-0.0,-0.0,-0.0,0.0,0.0,-0.0,0.01803507874693301,0.0,-0.0,-0.0,-0.0,0.0,-0.0,-0.0,0.025026230351574384,0.04092607009521583,0.0,0.0,0.0,0.0,0.0,0.0,0.0,0.0,0.0,-0.0,-0.0,0.0069354171674015225,0.0,-0.0,-0.0,0.23912461395601792,2024-11-01,3,22
-0.0,-0.0018655518445791933,-0.0,-0.0,0.0,0.0011944954478541995,-0.0,-0.0,0.0,0.0,0.0,0.0,-0.0,0.0,-0.013710727486151287,0.062102409480018564,-0.0,-0.0,-0.0,0.0,-0.0,-0.0,-0.0,0.0,-0.0,-0.0,-0.0282495699083831,-0.08310840281446702,-0.04098969346981561,-0.0,-0.0,-0.0,-0.0,0.0,0.0,0.0,-0.0,-0.0,-0.0,0.06591019265803634,0.0011680027062499748,-0.040510771553261805,-0.0,0.1504497697438921,-0.0,-0.0,-0.0,-0.0,0.0,0.0,0.0,0.0,-0.0,0.0,-0.004859929394340827,-0.0,-0.0,-0.0,-0.0,0.06559497863393442,0.0,0.0,0.0,0.0,-0.0,-0.0,-0.0,-0.0,-0.0,-0.0,0.0,-0.0,0.0,0.0,-0.0,0.0,-0.0,0.0,0.0,0.0,-0.0,-0.0,-0.0,0.013077810327189502,0.0,-0.0,-0.0,0.01236528951632917,-0.0,-0.0,-0.0,-0.0,-0.0,-0.0,-0.0,-0.0,0.0,0.0,0.0,0.0,-0.0,0.0,-0.0,0.0,-0.0,-0.0,0.0136435824186855,0.0,-0.0,-0.0,-0.0,-0.0,0.0,-0.0,0.0,-0.0,0.0,0.018392629886174516,-0.0,0.0,-0.0,0.0,0.0,0.0,0.0,0.0,0.0,-0.0,-0.0,-0.0,0.0,0.0,-0.0,-0.0,-0.0,-0.0,-0.0,-0.0,-0.0,0.0,0.0,0.0,0.0,-0.0,-0.0,-0.0,-0.0,0.0,0.0,-0.0,0.01838232148002172,0.0,-0.0,-0.0,-0.0,0.0,-0.0,-0.0,0.02625655004513442,0.04049963619275585,0.0,0.0,0.0,0.0,0.0,0.0,0.0,0.0,0.0,-0.0,-0.0,0.011843154857729419,0.0,-0.0,-0.0,0.23773871825571471,2024-11-02,3,22
-0.0,-0.0018655518445791933,-0.0,-0.0,0.0,0.0011944954478541995,-0.0,-0.0,0.0,0.0,0.0,0.0,-0.0,0.0,-0.013710727486151287,0.062102409480018564,-0.0,-0.0,-0.0,0.0,-0.0,-0.0,-0.0,0.0,-0.0,-0.0,-0.0282495699083831,-0.08310840281446702,-0.04098969346981561,-0.0,-0.0,-0.0,-0.0,0.0,0.0,0.0,-0.0,-0.0,-0.0,0.06591019265803634,0.0011680027062499748,-0.040510771553261805,-0.0,0.1504497697438921,-0.0,-0.0,-0.0,-0.0,0.0,0.0,0.0,0.0,-0.0,0.0,-0.004859929394340827,-0.0,-0.0,-0.0,-0.0,0.06559497863393442,0.0,0.0,0.0,0.0,-0.0,-0.0,-0.0,-0.0,-0.0,-0.0,0.0,-0.0,0.0,0.0,-0.0,0.0,-0.0,0.0,0.0,0.0,-0.0,-0.0,-0.0,0.013077810327189502,0.0,-0.0,-0.0,0.01236528951632917,-0.0,-0.0,-0.0,-0.0,-0.0,-0.0,-0.0,-0.0,0.0,0.0,0.0,0.0,-0.0,0.0,-0.0,0.0,-0.0,-0.0,0.0136435824186855,0.0,-0.0,-0.0,-0.0,-0.0,0.0,-0.0,0.0,-0.0,0.0,0.018392629886174516,-0.0,0.0,-0.0,0.0,0.0,0.0,0.0,0.0,0.0,-0.0,-0.0,-0.0,0.0,0.0,-0.0,-0.0,-0.0,-0.0,-0.0,-0.0,-0.0,0.0,0.0,0.0,0.0,-0.0,-0.0,-0.0,-0.0,0.0,0.0,-0.0,0.01838232148002172,0.0,-0.0,-0.0,-0.0,0.0,-0.0,-0.0,0.02625655004513442,0.04049963619275585,0.0,0.0,0.0,0.0,0.0,0.0,0.0,0.0,0.0,-0.0,-0.0,0.011843154857729419,0.0,-0.0,-0.0,0.23773871825571471,2024-11-03,3,22
-0.0,-0.0018655518445791933,-0.0,-0.0,0.0,0.0011944954478541995,-0.0,-0.0,0.0,0.0,0.0,0.0,-0.0,0.0,-0.013710727486151287,0.062102409480018564,-0.0,-0.0,-0.0,0.0,-0.0,-0.0,-0.0,0.0,-0.0,-0.0,-0.0282495699083831,-0.08310840281446702,-0.04098969346981561,-0.0,-0.0,-0.0,-0.0,0.0,0.0,0.0,-0.0,-0.0,-0.0,0.06591019265803634,0.0011680027062499748,-0.040510771553261805,-0.0,0.1504497697438921,-0.0,-0.0,-0.0,-0.0,0.0,0.0,0.0,0.0,-0.0,0.0,-0.004859929394340827,-0.0,-0.0,-0.0,-0.0,0.06559497863393442,0.0,0.0,0.0,0.0,-0.0,-0.0,-0.0,-0.0,-0.0,-0.0,0.0,-0.0,0.0,0.0,-0.0,0.0,-0.0,0.0,0.0,0.0,-0.0,-0.0,-0.0,0.013077810327189502,0.0,-0.0,-0.0,0.01236528951632917,-0.0,-0.0,-0.0,-0.0,-0.0,-0.0,-0.0,-0.0,0.0,0.0,0.0,0.0,-0.0,0.0,-0.0,0.0,-0.0,-0.0,0.0136435824186855,0.0,-0.0,-0.0,-0.0,-0.0,0.0,-0.0,0.0,-0.0,0.0,0.018392629886174516,-0.0,0.0,-0.0,0.0,0.0,0.0,0.0,0.0,0.0,-0.0,-0.0,-0.0,0.0,0.0,-0.0,-0.0,-0.0,-0.0,-0.0,-0.0,-0.0,0.0,0.0,0.0,0.0,-0.0,-0.0,-0.0,-0.0,0.0,0.0,-0.0,0.01838232148002172,0.0,-0.0,-0.0,-0.0,0.0,-0.0,-0.0,0.02625655004513442,0.04049963619275585,0.0,0.0,0.0,0.0,0.0,0.0,0.0,0.0,0.0,-0.0,-0.0,0.011843154857729419,0.0,-0.0,-0.0,0.23773871825571471,2024-11-04,3,22
-0.0,-0.0018655518445791933,-0.0,-0.0,0.0,0.0011944954478541995,-0.0,-0.0,0.0,0.0,0.0,0.0,-0.0,0.0,-0.013710727486151287,0.062102409480018564,-0.0,-0.0,-0.0,0.0,-0.0,-0.0,-0.0,0.0,-0.0,-0.0,-0.0282495699083831,-0.08310840281446702,-0.04098969346981561,-0.0,-0.0,-0.0,-0.0,0.0,0.0,0.0,-0.0,-0.0,-0.0,0.06591019265803634,0.0011680027062499748,-0.040510771553261805,-0.0,0.1504497697438921,-0.0,-0.0,-0.0,-0.0,0.0,0.0,0.0,0.0,-0.0,0.0,-0.004859929394340827,-0.0,-0.0,-0.0,-0.0,0.06559497863393442,0.0,0.0,0.0,0.0,-0.0,-0.0,-0.0,-0.0,-0.0,-0.0,0.0,-0.0,0.0,0.0,-0.0,0.0,-0.0,0.0,0.0,0.0,-0.0,-0.0,-0.0,0.013077810327189502,0.0,-0.0,-0.0,0.01236528951632917,-0.0,-0.0,-0.0,-0.0,-0.0,-0.0,-0.0,-0.0,0.0,0.0,0.0,0.0,-0.0,0.0,-0.0,0.0,-0.0,-0.0,0.0136435824186855,0.0,-0.0,-0.0,-0.0,-0.0,0.0,-0.0,0.0,-0.0,0.0,0.018392629886174516,-0.0,0.0,-0.0,0.0,0.0,0.0,0.0,0.0,0.0,-0.0,-0.0,-0.0,0.0,0.0,-0.0,-0.0,-0.0,-0.0,-0.0,-0.0,-0.0,0.0,0.0,0.0,0.0,-0.0,-0.0,-0.0,-0.0,0.0,0.0,-0.0,0.01838232148002172,0.0,-0.0,-0.0,-0.0,0.0,-0.0,-0.0,0.02625655004513442,0.04049963619275585,0.0,0.0,0.0,0.0,0.0,0.0,0.0,0.0,0.0,-0.0,-0.0,0.011843154857729419,0.0,-0.0,-0.0,0.23773871825571471,2024-11-05,3,22
-0.0,-0.0018655518445791933,-0.0,-0.0,0.0,0.0011944954478541995,-0.0,-0.0,0.0,0.0,0.0,0.0,-0.0,0.0,-0.013710727486151287,0.062102409480018564,-0.0,-0.0,-0.0,0.0,-0.0,-0.0,-0.0,0.0,-0.0,-0.0,-0.0282495699083831,-0.08310840281446702,-0.04098969346981561,-0.0,-0.0,-0.0,-0.0,0.0,0.0,0.0,-0.0,-0.0,-0.0,0.06591019265803634,0.0011680027062499748,-0.040510771553261805,-0.0,0.1504497697438921,-0.0,-0.0,-0.0,-0.0,0.0,0.0,0.0,0.0,-0.0,0.0,-0.004859929394340827,-0.0,-0.0,-0.0,-0.0,0.06559497863393442,0.0,0.0,0.0,0.0,-0.0,-0.0,-0.0,-0.0,-0.0,-0.0,0.0,-0.0,0.0,0.0,-0.0,0.0,-0.0,0.0,0.0,0.0,-0.0,-0.0,-0.0,0.013077810327189502,0.0,-0.0,-0.0,0.01236528951632917,-0.0,-0.0,-0.0,-0.0,-0.0,-0.0,-0.0,-0.0,0.0,0.0,0.0,0.0,-0.0,0.0,-0.0,0.0,-0.0,-0.0,0.0136435824186855,0.0,-0.0,-0.0,-0.0,-0.0,0.0,-0.0,0.0,-0.0,0.0,0.018392629886174516,-0.0,0.0,-0.0,0.0,0.0,0.0,0.0,0.0,0.0,-0.0,-0.0,-0.0,0.0,0.0,-0.0,-0.0,-0.0,-0.0,-0.0,-0.0,-0.0,0.0,0.0,0.0,0.0,-0.0,-0.0,-0.0,-0.0,0.0,0.0,-0.0,0.01838232148002172,0.0,-0.0,-0.0,-0.0,0.0,-0.0,-0.0,0.02625655004513442,0.04049963619275585,0.0,0.0,0.0,0.0,0.0,0.0,0.0,0.0,0.0,-0.0,-0.0,0.011843154857729419,0.0,-0.0,-0.0,0.23773871825571471,2024-11-06,3,22
-0.0,-0.0018655518445791933,-0.0,-0.0,0.0,0.0011944954478541995,-0.0,-0.0,0.0,0.0,0.0,0.0,-0.0,0.0,-0.013710727486151287,0.062102409480018564,-0.0,-0.0,-0.0,0.0,-0.0,-0.0,-0.0,0.0,-0.0,-0.0,-0.0282495699083831,-0.08310840281446702,-0.04098969346981561,-0.0,-0.0,-0.0,-0.0,0.0,0.0,0.0,-0.0,-0.0,-0.0,0.06591019265803634,0.0011680027062499748,-0.040510771553261805,-0.0,0.1504497697438921,-0.0,-0.0,-0.0,-0.0,0.0,0.0,0.0,0.0,-0.0,0.0,-0.004859929394340827,-0.0,-0.0,-0.0,-0.0,0.06559497863393442,0.0,0.0,0.0,0.0,-0.0,-0.0,-0.0,-0.0,-0.0,-0.0,0.0,-0.0,0.0,0.0,-0.0,0.0,-0.0,0.0,0.0,0.0,-0.0,-0.0,-0.0,0.013077810327189502,0.0,-0.0,-0.0,0.01236528951632917,-0.0,-0.0,-0.0,-0.0,-0.0,-0.0,-0.0,-0.0,0.0,0.0,0.0,0.0,-0.0,0.0,-0.0,0.0,-0.0,-0.0,0.0136435824186855,0.0,-0.0,-0.0,-0.0,-0.0,0.0,-0.0,0.0,-0.0,0.0,0.018392629886174516,-0.0,0.0,-0.0,0.0,0.0,0.0,0.0,0.0,0.0,-0.0,-0.0,-0.0,0.0,0.0,-0.0,-0.0,-0.0,-0.0,-0.0,-0.0,-0.0,0.0,0.0,0.0,0.0,-0.0,-0.0,-0.0,-0.0,0.0,0.0,-0.0,0.01838232148002172,0.0,-0.0,-0.0,-0.0,0.0,-0.0,-0.0,0.02625655004513442,0.04049963619275585,0.0,0.0,0.0,0.0,0.0,0.0,0.0,0.0,0.0,-0.0,-0.0,0.011843154857729419,0.0,-0.0,-0.0,0.23773871825571471,2024-11-07,3,22
-0.0,-0.0018655518445791933,-0.0,-0.0,0.0,0.0011944954478541995,-0.0,-0.0,0.0,0.0,0.0,0.0,-0.0,0.0,-0.013710727486151287,0.062102409480018564,-0.0,-0.0,-0.0,0.0,-0.0,-0.0,-0.0,0.0,-0.0,-0.0,-0.0282495699083831,-0.08310840281446702,-0.04098969346981561,-0.0,-0.0,-0.0,-0.0,0.0,0.0,0.0,-0.0,-0.0,-0.0,0.06591019265803634,0.0011680027062499748,-0.040510771553261805,-0.0,0.1504497697438921,-0.0,-0.0,-0.0,-0.0,0.0,0.0,0.0,0.0,-0.0,0.0,-0.004859929394340827,-0.0,-0.0,-0.0,-0.0,0.06559497863393442,0.0,0.0,0.0,0.0,-0.0,-0.0,-0.0,-0.0,-0.0,-0.0,0.0,-0.0,0.0,0.0,-0.0,0.0,-0.0,0.0,0.0,0.0,-0.0,-0.0,-0.0,0.013077810327189502,0.0,-0.0,-0.0,0.01236528951632917,-0.0,-0.0,-0.0,-0.0,-0.0,-0.0,-0.0,-0.0,0.0,0.0,0.0,0.0,-0.0,0.0,-0.0,0.0,-0.0,-0.0,0.0136435824186855,0.0,-0.0,-0.0,-0.0,-0.0,0.0,-0.0,0.0,-0.0,0.0,0.018392629886174516,-0.0,0.0,-0.0,0.0,0.0,0.0,0.0,0.0,0.0,-0.0,-0.0,-0.0,0.0,0.0,-0.0,-0.0,-0.0,-0.0,-0.0,-0.0,-0.0,0.0,0.0,0.0,0.0,-0.0,-0.0,-0.0,-0.0,0.0,0.0,-0.0,0.01838232148002172,0.0,-0.0,-0.0,-0.0,0.0,-0.0,-0.0,0.02625655004513442,0.04049963619275585,0.0,0.0,0.0,0.0,0.0,0.0,0.0,0.0,0.0,-0.0,-0.0,0.011843154857729419,0.0,-0.0,-0.0,0.23773871825571471,2024-11-08,3,22
-0.0,-0.0031828441210565105,-0.0,-0.0,0.0,0.006685925470268987,-0.0,-0.0,0.0,0.0,0.0,0.0,-0.0,0.0,-0.00950297912417615,0.017008845552427154,-0.0,-0.0,-0.0,0.0,-0.0,-0.0,-0.0,0.0,-0.0,-0.0,-0.028266499395003045,-0.08726153880162509,-0.042034884048893335,-0.0,-0.0,-0.0,-0.0,0.0,0.0,0.0,-0.0,-0.0,-0.0,0.0652790560715529,0.0018219097549843348,-0.03803635391046945,-0.0,0.14838960701604567,-0.0,-0.0,-0.0,-0.0,0.0,0.0,0.0,0.0,-0.0,0.0,-0.0055524811484823165,-0.0,-0.0,-0.0,-0.0,0.11171903112028617,0.0,0.0,0.0,0.0,-0.0,-0.0,-0.0,-0.0,-0.0,-0.0,0.0,-0.0,0.0,0.0,-0.0,0.0,-0.0,0.0,0.0,0.0,-0.0,-0.0,-0.0,0.010903490281830684,0.0,-0.0,-0.0,0.013167838558642802,-0.0,-0.0,-0.0,-0.0,-0.0,-0.0,-0.0,0.0,-0.0,0.0,0.0,0.0,-0.0,0.0,-0.0,0.0,0.0,-0.0,0.01400855915734248,0.0,-0.0,-0.0,-0.0,-0.0,0.0,-0.0,0.0,0.0,0.0,0.01984728726146802,-0.0,0.0,0.0,0.0,0.0,0.0,0.0,0.0,0.0,-0.0,-0.0,-0.0,0.0,0.0,-0.0,-0.0,-0.0,-0.0,-0.0,-0.0,-0.0,0.0,0.0,0.0,0.0,-0.0,-0.0,-0.0,-0.0,0.0,0.0,-0.0,0.018414992706193498,0.0,-0.0,-0.0,-0.0,-0.0,-0.0,-0.0,0.025481638412161414,0.03723564606513124,0.0,0.0,0.0,0.0,0.0,0.0,0.0,0.0,0.0,-0.0,-0.0,0.013044723049594401,0.0,-0.0,-0.0,0.23854866520799178,2024-11-09,3,22
-0.0,-0.0031828441210565105,-0.0,-0.0,0.0,0.006685925470268987,-0.0,-0.0,0.0,0.0,0.0,0.0,-0.0,0.0,-0.00950297912417615,0.017008845552427154,-0.0,-0.0,-0.0,0.0,-0.0,-0.0,-0.0,0.0,-0.0,-0.0,-0.028266499395003045,-0.08726153880162509,-0.042034884048893335,-0.0,-0.0,-0.0,-0.0,0.0,0.0,0.0,-0.0,-0.0,-0.0,0.0652790560715529,0.0018219097549843348,-0.03803635391046945,-0.0,0.14838960701604567,-0.0,-0.0,-0.0,-0.0,0.0,0.0,0.0,0.0,-0.0,0.0,-0.0055524811484823165,-0.0,-0.0,-0.0,-0.0,0.11171903112028617,0.0,0.0,0.0,0.0,-0.0,-0.0,-0.0,-0.0,-0.0,-0.0,0.0,-0.0,0.0,0.0,-0.0,0.0,-0.0,0.0,0.0,0.0,-0.0,-0.0,-0.0,0.010903490281830684,0.0,-0.0,-0.0,0.013167838558642802,-0.0,-0.0,-0.0,-0.0,-0.0,-0.0,-0.0,0.0,-0.0,0.0,0.0,0.0,-0.0,0.0,-0.0,0.0,0.0,-0.0,0.01400855915734248,0.0,-0.0,-0.0,-0.0,-0.0,0.0,-0.0,0.0,0.0,0.0,0.01984728726146802,-0.0,0.0,0.0,0.0,0.0,0.0,0.0,0.0,0.0,-0.0,-0.0,-0.0,0.0,0.0,-0.0,-0.0,-0.0,-0.0,-0.0,-0.0,-0.0,0.0,0.0,0.0,0.0,-0.0,-0.0,-0.0,-0.0,0.0,0.0,-0.0,0.018414992706193498,0.0,-0.0,-0.0,-0.0,-0.0,-0.0,-0.0,0.025481638412161414,0.03723564606513124,0.0,0.0,0.0,0.0,0.0,0.0,0.0,0.0,0.0,-0.0,-0.0,0.013044723049594401,0.0,-0.0,-0.0,0.23854866520799178,2024-11-10,3,22
-0.0,-0.0031828441210565105,-0.0,-0.0,0.0,0.006685925470268987,-0.0,-0.0,0.0,0.0,0.0,0.0,-0.0,0.0,-0.00950297912417615,0.017008845552427154,-0.0,-0.0,-0.0,0.0,-0.0,-0.0,-0.0,0.0,-0.0,-0.0,-0.028266499395003045,-0.08726153880162509,-0.042034884048893335,-0.0,-0.0,-0.0,-0.0,0.0,0.0,0.0,-0.0,-0.0,-0.0,0.0652790560715529,0.0018219097549843348,-0.03803635391046945,-0.0,0.14838960701604567,-0.0,-0.0,-0.0,-0.0,0.0,0.0,0.0,0.0,-0.0,0.0,-0.0055524811484823165,-0.0,-0.0,-0.0,-0.0,0.11171903112028617,0.0,0.0,0.0,0.0,-0.0,-0.0,-0.0,-0.0,-0.0,-0.0,0.0,-0.0,0.0,0.0,-0.0,0.0,-0.0,0.0,0.0,0.0,-0.0,-0.0,-0.0,0.010903490281830684,0.0,-0.0,-0.0,0.013167838558642802,-0.0,-0.0,-0.0,-0.0,-0.0,-0.0,-0.0,0.0,-0.0,0.0,0.0,0.0,-0.0,0.0,-0.0,0.0,0.0,-0.0,0.01400855915734248,0.0,-0.0,-0.0,-0.0,-0.0,0.0,-0.0,0.0,0.0,0.0,0.01984728726146802,-0.0,0.0,0.0,0.0,0.0,0.0,0.0,0.0,0.0,-0.0,-0.0,-0.0,0.0,0.0,-0.0,-0.0,-0.0,-0.0,-0.0,-0.0,-0.0,0.0,0.0,0.0,0.0,-0.0,-0.0,-0.0,-0.0,0.0,0.0,-0.0,0.018414992706193498,0.0,-0.0,-0.0,-0.0,-0.0,-0.0,-0.0,0.025481638412161414,0.03723564606513124,0.0,0.0,0.0,0.0,0.0,0.0,0.0,0.0,0.0,-0.0,-0.0,0.013044723049594401,0.0,-0.0,-0.0,0.23854866520799178,2024-11-11,3,22
-0.0,-0.0031828441210565105,-0.0,-0.0,0.0,0.006685925470268987,-0.0,-0.0,0.0,0.0,0.0,0.0,-0.0,0.0,-0.00950297912417615,0.017008845552427154,-0.0,-0.0,-0.0,0.0,-0.0,-0.0,-0.0,0.0,-0.0,-0.0,-0.028266499395003045,-0.08726153880162509,-0.042034884048893335,-0.0,-0.0,-0.0,-0.0,0.0,0.0,0.0,-0.0,-0.0,-0.0,0.0652790560715529,0.0018219097549843348,-0.03803635391046945,-0.0,0.14838960701604567,-0.0,-0.0,-0.0,-0.0,0.0,0.0,0.0,0.0,-0.0,0.0,-0.0055524811484823165,-0.0,-0.0,-0.0,-0.0,0.11171903112028617,0.0,0.0,0.0,0.0,-0.0,-0.0,-0.0,-0.0,-0.0,-0.0,0.0,-0.0,0.0,0.0,-0.0,0.0,-0.0,0.0,0.0,0.0,-0.0,-0.0,-0.0,0.010903490281830684,0.0,-0.0,-0.0,0.013167838558642802,-0.0,-0.0,-0.0,-0.0,-0.0,-0.0,-0.0,0.0,-0.0,0.0,0.0,0.0,-0.0,0.0,-0.0,0.0,0.0,-0.0,0.01400855915734248,0.0,-0.0,-0.0,-0.0,-0.0,0.0,-0.0,0.0,0.0,0.0,0.01984728726146802,-0.0,0.0,0.0,0.0,0.0,0.0,0.0,0.0,0.0,-0.0,-0.0,-0.0,0.0,0.0,-0.0,-0.0,-0.0,-0.0,-0.0,-0.0,-0.0,0.0,0.0,0.0,0.0,-0.0,-0.0,-0.0,-0.0,0.0,0.0,-0.0,0.018414992706193498,0.0,-0.0,-0.0,-0.0,-0.0,-0.0,-0.0,0.025481638412161414,0.03723564606513124,0.0,0.0,0.0,0.0,0.0,0.0,0.0,0.0,0.0,-0.0,-0.0,0.013044723049594401,0.0,-0.0,-0.0,0.23854866520799178,2024-11-12,3,22
-0.0,-0.0031828441210565105,-0.0,-0.0,0.0,0.006685925470268987,-0.0,-0.0,0.0,0.0,0.0,0.0,-0.0,0.0,-0.00950297912417615,0.017008845552427154,-0.0,-0.0,-0.0,0.0,-0.0,-0.0,-0.0,0.0,-0.0,-0.0,-0.028266499395003045,-0.08726153880162509,-0.042034884048893335,-0.0,-0.0,-0.0,-0.0,0.0,0.0,0.0,-0.0,-0.0,-0.0,0.0652790560715529,0.0018219097549843348,-0.03803635391046945,-0.0,0.14838960701604567,-0.0,-0.0,-0.0,-0.0,0.0,0.0,0.0,0.0,-0.0,0.0,-0.0055524811484823165,-0.0,-0.0,-0.0,-0.0,0.11171903112028617,0.0,0.0,0.0,0.0,-0.0,-0.0,-0.0,-0.0,-0.0,-0.0,0.0,-0.0,0.0,0.0,-0.0,0.0,-0.0,0.0,0.0,0.0,-0.0,-0.0,-0.0,0.010903490281830684,0.0,-0.0,-0.0,0.013167838558642802,-0.0,-0.0,-0.0,-0.0,-0.0,-0.0,-0.0,0.0,-0.0,0.0,0.0,0.0,-0.0,0.0,-0.0,0.0,0.0,-0.0,0.01400855915734248,0.0,-0.0,-0.0,-0.0,-0.0,0.0,-0.0,0.0,0.0,0.0,0.01984728726146802,-0.0,0.0,0.0,0.0,0.0,0.0,0.0,0.0,0.0,-0.0,-0.0,-0.0,0.0,0.0,-0.0,-0.0,-0.0,-0.0,-0.0,-0.0,-0.0,0.0,0.0,0.0,0.0,-0.0,-0.0,-0.0,-0.0,0.0,0.0,-0.0,0.018414992706193498,0.0,-0.0,-0.0,-0.0,-0.0,-0.0,-0.0,0.025481638412161414,0.03723564606513124,0.0,0.0,0.0,0.0,0.0,0.0,0.0,0.0,0.0,-0.0,-0.0,0.013044723049594401,0.0,-0.0,-0.0,0.23854866520799178,2024-11-13,3,22
-0.0,-0.0031828441210565105,-0.0,-0.0,0.0,0.006685925470268987,-0.0,-0.0,0.0,0.0,0.0,0.0,-0.0,0.0,-0.00950297912417615,0.017008845552427154,-0.0,-0.0,-0.0,0.0,-0.0,-0.0,-0.0,0.0,-0.0,-0.0,-0.028266499395003045,-0.08726153880162509,-0.042034884048893335,-0.0,-0.0,-0.0,-0.0,0.0,0.0,0.0,-0.0,-0.0,-0.0,0.0652790560715529,0.0018219097549843348,-0.03803635391046945,-0.0,0.14838960701604567,-0.0,-0.0,-0.0,-0.0,0.0,0.0,0.0,0.0,-0.0,0.0,-0.0055524811484823165,-0.0,-0.0,-0.0,-0.0,0.11171903112028617,0.0,0.0,0.0,0.0,-0.0,-0.0,-0.0,-0.0,-0.0,-0.0,0.0,-0.0,0.0,0.0,-0.0,0.0,-0.0,0.0,0.0,0.0,-0.0,-0.0,-0.0,0.010903490281830684,0.0,-0.0,-0.0,0.013167838558642802,-0.0,-0.0,-0.0,-0.0,-0.0,-0.0,-0.0,0.0,-0.0,0.0,0.0,0.0,-0.0,0.0,-0.0,0.0,0.0,-0.0,0.01400855915734248,0.0,-0.0,-0.0,-0.0,-0.0,0.0,-0.0,0.0,0.0,0.0,0.01984728726146802,-0.0,0.0,0.0,0.0,0.0,0.0,0.0,0.0,0.0,-0.0,-0.0,-0.0,0.0,0.0,-0.0,-0.0,-0.0,-0.0,-0.0,-0.0,-0.0,0.0,0.0,0.0,0.0,-0.0,-0.0,-0.0,-0.0,0.0,0.0,-0.0,0.018414992706193498,0.0,-0.0,-0.0,-0.0,-0.0,-0.0,-0.0,0.025481638412161414,0.03723564606513124,0.0,0.0,0.0,0.0,0.0,0.0,0.0,0.0,0.0,-0.0,-0.0,0.013044723049594401,0.0,-0.0,-0.0,0.23854866520799178,2024-11-14,3,22
-0.0,-0.0031828441210565105,-0.0,-0.0,0.0,0.006685925470268987,-0.0,-0.0,0.0,0.0,0.0,0.0,-0.0,0.0,-0.00950297912417615,0.017008845552427154,-0.0,-0.0,-0.0,0.0,-0.0,-0.0,-0.0,0.0,-0.0,-0.0,-0.028266499395003045,-0.08726153880162509,-0.042034884048893335,-0.0,-0.0,-0.0,-0.0,0.0,0.0,0.0,-0.0,-0.0,-0.0,0.0652790560715529,0.0018219097549843348,-0.03803635391046945,-0.0,0.14838960701604567,-0.0,-0.0,-0.0,-0.0,0.0,0.0,0.0,0.0,-0.0,0.0,-0.0055524811484823165,-0.0,-0.0,-0.0,-0.0,0.11171903112028617,0.0,0.0,0.0,0.0,-0.0,-0.0,-0.0,-0.0,-0.0,-0.0,0.0,-0.0,0.0,0.0,-0.0,0.0,-0.0,0.0,0.0,0.0,-0.0,-0.0,-0.0,0.010903490281830684,0.0,-0.0,-0.0,0.013167838558642802,-0.0,-0.0,-0.0,-0.0,-0.0,-0.0,-0.0,0.0,-0.0,0.0,0.0,0.0,-0.0,0.0,-0.0,0.0,0.0,-0.0,0.01400855915734248,0.0,-0.0,-0.0,-0.0,-0.0,0.0,-0.0,0.0,0.0,0.0,0.01984728726146802,-0.0,0.0,0.0,0.0,0.0,0.0,0.0,0.0,0.0,-0.0,-0.0,-0.0,0.0,0.0,-0.0,-0.0,-0.0,-0.0,-0.0,-0.0,-0.0,0.0,0.0,0.0,0.0,-0.0,-0.0,-0.0,-0.0,0.0,0.0,-0.0,0.018414992706193498,0.0,-0.0,-0.0,-0.0,-0.0,-0.0,-0.0,0.025481638412161414,0.03723564606513124,0.0,0.0,0.0,0.0,0.0,0.0,0.0,0.0,0.0,-0.0,-0.0,0.013044723049594401,0.0,-0.0,-0.0,0.23854866520799178,2024-11-15,3,22
-0.0,-0.002885296173853475,-0.0,-0.0,0.0,0.004646595239093256,-0.0,-0.0,0.0,0.0,0.0,0.0,-0.0,0.0,-0.008636638501574841,0.015733478481628465,-0.0,-0.0,-0.0,0.0,-0.0,-0.0,-0.0,0.0,-0.0,-0.0,-0.03165385840467961,-0.09314366245108661,-0.038526217290728526,-0.0,-0.0,-0.0,-0.0,0.0,0.0,0.0,-0.0,-0.0,-0.0,0.0611334668762552,0.005329170773577646,-0.02990005272055999,-0.0,0.15474723063538068,-0.0,-0.0,-0.0,-0.0,0.0,0.0,0.0,0.0,-0.0,0.0,-0.0022085398369207122,-0.0,-0.0,-0.0,-0.0,0.12377173393964933,0.0,0.0,0.0,0.0,-0.0,-0.0,-0.0,0.0,-0.0,-0.0,0.0,-0.0,0.0,0.0,-0.0,0.0,-0.0,0.0,0.0,0.0,-0.0,-0.0,-0.0,0.0032775430686167724,0.0,-0.0,-0.0,0.015578491173502169,-0.0,-0.0,-0.0,-0.0,-0.0,-0.0,-0.0,0.0,0.0,0.0,0.0,0.0,-0.0,0.0,-0.0,0.0,0.0,-0.0,0.007486497472036306,0.0,-0.0,-0.0,-0.0,-0.0,0.0,-0.0,0.0,0.0,0.003353779577893129,0.018664401745953157,-0.0,0.0,0.0,0.0,0.0,0.0,0.0,0.0,0.0,-0.0,-0.0,-0.0,0.0,0.0,-0.0,-0.0,-0.0,-0.0,-0.0,-0.0,-0.0,0.0,0.0,0.0,0.0,-0.0,-0.0,-0.0,-0.0,0.0,0.0,-0.0,0.013626771082964858,0.0,-0.0,-0.0,-0.0,-0.0,-0.0,-0.0,0.026555811684153705,0.04825951032884114,0.0,0.0,0.0,0.0,0.0,0.0,0.0,0.0,0.0,-0.0,0.0,0.007673799866375739,0.0,-0.0,-0.0,0.23504064325969226,2024-11-16,3,23
-0.0,-0.002885296173853475,-0.0,-0.0,0.0,0.004646595239093256,-0.0,-0.0,0.0,0.0,0.0,0.0,-0.0,0.0,-0.008636638501574841,0.015733478481628465,-0.0,-0.0,-0.0,0.0,-0.0,-0.0,-0.0,0.0,-0.0,-0.0,-0.03165385840467961,-0.09314366245108661,-0.038526217290728526,-0.0,-0.0,-0.0,-0.0,0.0,0.0,0.0,-0.0,-0.0,-0.0,0.0611334668762552,0.005329170773577646,-0.02990005272055999,-0.0,0.15474723063538068,-0.0,-0.0,-0.0,-0.0,0.0,0.0,0.0,0.0,-0.0,0.0,-0.0022085398369207122,-0.0,-0.0,-0.0,-0.0,0.12377173393964933,0.0,0.0,0.0,0.0,-0.0,-0.0,-0.0,0.0,-0.0,-0.0,0.0,-0.0,0.0,0.0,-0.0,0.0,-0.0,0.0,0.0,0.0,-0.0,-0.0,-0.0,0.0032775430686167724,0.0,-0.0,-0.0,0.015578491173502169,-0.0,-0.0,-0.0,-0.0,-0.0,-0.0,-0.0,0.0,0.0,0.0,0.0,0.0,-0.0,0.0,-0.0,0.0,0.0,-0.0,0.007486497472036306,0.0,-0.0,-0.0,-0.0,-0.0,0.0,-0.0,0.0,0.0,0.003353779577893129,0.018664401745953157,-0.0,0.0,0.0,0.0,0.0,0.0,0.0,0.0,0.0,-0.0,-0.0,-0.0,0.0,0.0,-0.0,-0.0,-0.0,-0.0,-0.0,-0.0,-0.0,0.0,0.0,0.0,0.0,-0.0,-0.0,-0.0,-0.0,0.0,0.0,-0.0,0.013626771082964858,0.0,-0.0,-0.0,-0.0,-0.0,-0.0,-0.0,0.026555811684153705,0.04825951032884114,0.0,0.0,0.0,0.0,0.0,0.0,0.0,0.0,0.0,-0.0,0.0,0.007673799866375739,0.0,-0.0,-0.0,0.23504064325969226,2024-11-17,3,23
-0.0,-0.002885296173853475,-0.0,-0.0,0.0,0.004646595239093256,-0.0,-0.0,0.0,0.0,0.0,0.0,-0.0,0.0,-0.008636638501574841,0.015733478481628465,-0.0,-0.0,-0.0,0.0,-0.0,-0.0,-0.0,0.0,-0.0,-0.0,-0.03165385840467961,-0.09314366245108661,-0.038526217290728526,-0.0,-0.0,-0.0,-0.0,0.0,0.0,0.0,-0.0,-0.0,-0.0,0.0611334668762552,0.005329170773577646,-0.02990005272055999,-0.0,0.15474723063538068,-0.0,-0.0,-0.0,-0.0,0.0,0.0,0.0,0.0,-0.0,0.0,-0.0022085398369207122,-0.0,-0.0,-0.0,-0.0,0.12377173393964933,0.0,0.0,0.0,0.0,-0.0,-0.0,-0.0,0.0,-0.0,-0.0,0.0,-0.0,0.0,0.0,-0.0,0.0,-0.0,0.0,0.0,0.0,-0.0,-0.0,-0.0,0.0032775430686167724,0.0,-0.0,-0.0,0.015578491173502169,-0.0,-0.0,-0.0,-0.0,-0.0,-0.0,-0.0,0.0,0.0,0.0,0.0,0.0,-0.0,0.0,-0.0,0.0,0.0,-0.0,0.007486497472036306,0.0,-0.0,-0.0,-0.0,-0.0,0.0,-0.0,0.0,0.0,0.003353779577893129,0.018664401745953157,-0.0,0.0,0.0,0.0,0.0,0.0,0.0,0.0,0.0,-0.0,-0.0,-0.0,0.0,0.0,-0.0,-0.0,-0.0,-0.0,-0.0,-0.0,-0.0,0.0,0.0,0.0,0.0,-0.0,-0.0,-0.0,-0.0,0.0,0.0,-0.0,0.013626771082964858,0.0,-0.0,-0.0,-0.0,-0.0,-0.0,-0.0,0.026555811684153705,0.04825951032884114,0.0,0.0,0.0,0.0,0.0,0.0,0.0,0.0,0.0,-0.0,0.0,0.007673799866375739,0.0,-0.0,-0.0,0.23504064325969226,2024-11-18,3,23
-0.0,-0.002885296173853475,-0.0,-0.0,0.0,0.004646595239093256,-0.0,-0.0,0.0,0.0,0.0,0.0,-0.0,0.0,-0.008636638501574841,0.015733478481628465,-0.0,-0.0,-0.0,0.0,-0.0,-0.0,-0.0,0.0,-0.0,-0.0,-0.03165385840467961,-0.09314366245108661,-0.038526217290728526,-0.0,-0.0,-0.0,-0.0,0.0,0.0,0.0,-0.0,-0.0,-0.0,0.0611334668762552,0.005329170773577646,-0.02990005272055999,-0.0,0.15474723063538068,-0.0,-0.0,-0.0,-0.0,0.0,0.0,0.0,0.0,-0.0,0.0,-0.0022085398369207122,-0.0,-0.0,-0.0,-0.0,0.12377173393964933,0.0,0.0,0.0,0.0,-0.0,-0.0,-0.0,0.0,-0.0,-0.0,0.0,-0.0,0.0,0.0,-0.0,0.0,-0.0,0.0,0.0,0.0,-0.0,-0.0,-0.0,0.0032775430686167724,0.0,-0.0,-0.0,0.015578491173502169,-0.0,-0.0,-0.0,-0.0,-0.0,-0.0,-0.0,0.0,0.0,0.0,0.0,0.0,-0.0,0.0,-0.0,0.0,0.0,-0.0,0.007486497472036306,0.0,-0.0,-0.0,-0.0,-0.0,0.0,-0.0,0.0,0.0,0.003353779577893129,0.018664401745953157,-0.0,0.0,0.0,0.0,0.0,0.0,0.0,0.0,0.0,-0.0,-0.0,-0.0,0.0,0.0,-0.0,-0.0,-0.0,-0.0,-0.0,-0.0,-0.0,0.0,0.0,0.0,0.0,-0.0,-0.0,-0.0,-0.0,0.0,0.0,-0.0,0.013626771082964858,0.0,-0.0,-0.0,-0.0,-0.0,-0.0,-0.0,0.026555811684153705,0.04825951032884114,0.0,0.0,0.0,0.0,0.0,0.0,0.0,0.0,0.0,-0.0,0.0,0.007673799866375739,0.0,-0.0,-0.0,0.23504064325969226,2024-11-19,3,23
-0.0,-0.002885296173853475,-0.0,-0.0,0.0,0.004646595239093256,-0.0,-0.0,0.0,0.0,0.0,0.0,-0.0,0.0,-0.008636638501574841,0.015733478481628465,-0.0,-0.0,-0.0,0.0,-0.0,-0.0,-0.0,0.0,-0.0,-0.0,-0.03165385840467961,-0.09314366245108661,-0.038526217290728526,-0.0,-0.0,-0.0,-0.0,0.0,0.0,0.0,-0.0,-0.0,-0.0,0.0611334668762552,0.005329170773577646,-0.02990005272055999,-0.0,0.15474723063538068,-0.0,-0.0,-0.0,-0.0,0.0,0.0,0.0,0.0,-0.0,0.0,-0.0022085398369207122,-0.0,-0.0,-0.0,-0.0,0.12377173393964933,0.0,0.0,0.0,0.0,-0.0,-0.0,-0.0,0.0,-0.0,-0.0,0.0,-0.0,0.0,0.0,-0.0,0.0,-0.0,0.0,0.0,0.0,-0.0,-0.0,-0.0,0.0032775430686167724,0.0,-0.0,-0.0,0.015578491173502169,-0.0,-0.0,-0.0,-0.0,-0.0,-0.0,-0.0,0.0,0.0,0.0,0.0,0.0,-0.0,0.0,-0.0,0.0,0.0,-0.0,0.007486497472036306,0.0,-0.0,-0.0,-0.0,-0.0,0.0,-0.0,0.0,0.0,0.003353779577893129,0.018664401745953157,-0.0,0.0,0.0,0.0,0.0,0.0,0.0,0.0,0.0,-0.0,-0.0,-0.0,0.0,0.0,-0.0,-0.0,-0.0,-0.0,-0.0,-0.0,-0.0,0.0,0.0,0.0,0.0,-0.0,-0.0,-0.0,-0.0,0.0,0.0,-0.0,0.013626771082964858,0.0,-0.0,-0.0,-0.0,-0.0,-0.0,-0.0,0.026555811684153705,0.04825951032884114,0.0,0.0,0.0,0.0,0.0,0.0,0.0,0.0,0.0,-0.0,0.0,0.007673799866375739,0.0,-0.0,-0.0,0.23504064325969226,2024-11-20,3,23
-0.0,-0.002885296173853475,-0.0,-0.0,0.0,0.004646595239093256,-0.0,-0.0,0.0,0.0,0.0,0.0,-0.0,0.0,-0.008636638501574841,0.015733478481628465,-0.0,-0.0,-0.0,0.0,-0.0,-0.0,-0.0,0.0,-0.0,-0.0,-0.03165385840467961,-0.09314366245108661,-0.038526217290728526,-0.0,-0.0,-0.0,-0.0,0.0,0.0,0.0,-0.0,-0.0,-0.0,0.0611334668762552,0.005329170773577646,-0.02990005272055999,-0.0,0.15474723063538068,-0.0,-0.0,-0.0,-0.0,0.0,0.0,0.0,0.0,-0.0,0.0,-0.0022085398369207122,-0.0,-0.0,-0.0,-0.0,0.12377173393964933,0.0,0.0,0.0,0.0,-0.0,-0.0,-0.0,0.0,-0.0,-0.0,0.0,-0.0,0.0,0.0,-0.0,0.0,-0.0,0.0,0.0,0.0,-0.0,-0.0,-0.0,0.0032775430686167724,0.0,-0.0,-0.0,0.015578491173502169,-0.0,-0.0,-0.0,-0.0,-0.0,-0.0,-0.0,0.0,0.0,0.0,0.0,0.0,-0.0,0.0,-0.0,0.0,0.0,-0.0,0.007486497472036306,0.0,-0.0,-0.0,-0.0,-0.0,0.0,-0.0,0.0,0.0,0.003353779577893129,0.018664401745953157,-0.0,0.0,0.0,0.0,0.0,0.0,0.0,0.0,0.0,-0.0,-0.0,-0.0,0.0,0.0,-0.0,-0.0,-0.0,-0.0,-0.0,-0.0,-0.0,0.0,0.0,0.0,0.0,-0.0,-0.0,-0.0,-0.0,0.0,0.0,-0.0,0.013626771082964858,0.0,-0.0,-0.0,-0.0,-0.0,-0.0,-0.0,0.026555811684153705,0.04825951032884114,0.0,0.0,0.0,0.0,0.0,0.0,0.0,0.0,0.0,-0.0,0.0,0.007673799866375739,0.0,-0.0,-0.0,0.23504064325969226,2024-11-21,3,23
-0.0,-0.002885296173853475,-0.0,-0.0,0.0,0.004646595239093256,-0.0,-0.0,0.0,0.0,0.0,0.0,-0.0,0.0,-0.008636638501574841,0.015733478481628465,-0.0,-0.0,-0.0,0.0,-0.0,-0.0,-0.0,0.0,-0.0,-0.0,-0.03165385840467961,-0.09314366245108661,-0.038526217290728526,-0.0,-0.0,-0.0,-0.0,0.0,0.0,0.0,-0.0,-0.0,-0.0,0.0611334668762552,0.005329170773577646,-0.02990005272055999,-0.0,0.15474723063538068,-0.0,-0.0,-0.0,-0.0,0.0,0.0,0.0,0.0,-0.0,0.0,-0.0022085398369207122,-0.0,-0.0,-0.0,-0.0,0.12377173393964933,0.0,0.0,0.0,0.0,-0.0,-0.0,-0.0,0.0,-0.0,-0.0,0.0,-0.0,0.0,0.0,-0.0,0.0,-0.0,0.0,0.0,0.0,-0.0,-0.0,-0.0,0.0032775430686167724,0.0,-0.0,-0.0,0.015578491173502169,-0.0,-0.0,-0.0,-0.0,-0.0,-0.0,-0.0,0.0,0.0,0.0,0.0,0.0,-0.0,0.0,-0.0,0.0,0.0,-0.0,0.007486497472036306,0.0,-0.0,-0.0,-0.0,-0.0,0.0,-0.0,0.0,0.0,0.003353779577893129,0.018664401745953157,-0.0,0.0,0.0,0.0,0.0,0.0,0.0,0.0,0.0,-0.0,-0.0,-0.0,0.0,0.0,-0.0,-0.0,-0.0,-0.0,-0.0,-0.0,-0.0,0.0,0.0,0.0,0.0,-0.0,-0.0,-0.0,-0.0,0.0,0.0,-0.0,0.013626771082964858,0.0,-0.0,-0.0,-0.0,-0.0,-0.0,-0.0,0.026555811684153705,0.04825951032884114,0.0,0.0,0.0,0.0,0.0,0.0,0.0,0.0,0.0,-0.0,0.0,0.007673799866375739,0.0,-0.0,-0.0,0.23504064325969226,2024-11-22,3,23
-0.0,-0.0018394711500991164,-0.0,-0.0,0.0,0.003031195193568435,-0.0,-0.0,0.0,0.0,0.0,0.0,-0.0,0.0,-0.010734587478099087,0.013433445454091145,-0.0,-0.0,-0.0,0.0,-0.0,-0.0,-0.0,0.0,-0.0,-0.0,-0.03324744251848658,-0.09287166375704074,-0.037987324344886324,-0.0,-0.0,-0.0,-0.0,0.0,0.0,0.0,-0.0,-0.0,-0.0,0.055288766747395475,0.008051388487585368,-0.028064735407910418,-0.0,0.15611614443839106,-0.0,-0.0,-0.0,-0.0,0.0,0.0,0.0,0.0,-0.0,0.0,-0.0013399109313583532,-0.0,-0.0,-0.0,-0.0,0.13027840380992278,0.0,0.0,0.0,0.0,-0.0,-0.0,-0.0,0.0,-0.0,-0.0,0.0,-0.0,0.0,0.0,-0.0,0.0,-0.0,0.0,0.0,0.0,-0.0,-0.0,-0.0,0.0,0.0,-0.0,-0.0,0.01655516373999254,-0.0,-0.0,-0.0,-0.0,0.0,-0.0,-0.0,0.0,0.0,0.0,0.0,0.0,-0.0,0.0,-0.0,0.0,0.0,-0.0,0.007591920808418398,0.0,-0.0,-0.0,-0.0,-0.0,0.0,-0.0,0.0,-0.0,0.0,0.022753025903207262,-0.0,0.0,-0.0,0.0,0.0,0.0,0.0,0.0,0.0,-0.0,-0.0,-0.0,0.0,0.0,-0.0,-0.0,-0.0,-0.0,-0.0,-0.0,-0.0,0.0,0.0,0.0,0.0,-0.0,-0.0,-0.0,-0.0,0.0,0.0,-0.0,0.013532130805141178,0.0,-0.0,-0.0,-0.0,-0.0,-0.0,-0.0,0.028333737864559394,0.04855139361302854,0.0,0.0,0.0,0.0,0.0,0.0,0.0,0.0,0.0,-0.0,0.0,0.006283283390472117,0.0,-0.0,-0.0,0.2339029921259706,2024-11-23,3,21
-0.0,-0.0018394711500991164,-0.0,-0.0,0.0,0.003031195193568435,-0.0,-0.0,0.0,0.0,0.0,0.0,-0.0,0.0,-0.010734587478099087,0.013433445454091145,-0.0,-0.0,-0.0,0.0,-0.0,-0.0,-0.0,0.0,-0.0,-0.0,-0.03324744251848658,-0.09287166375704074,-0.037987324344886324,-0.0,-0.0,-0.0,-0.0,0.0,0.0,0.0,-0.0,-0.0,-0.0,0.055288766747395475,0.008051388487585368,-0.028064735407910418,-0.0,0.15611614443839106,-0.0,-0.0,-0.0,-0.0,0.0,0.0,0.0,0.0,-0.0,0.0,-0.0013399109313583532,-0.0,-0.0,-0.0,-0.0,0.13027840380992278,0.0,0.0,0.0,0.0,-0.0,-0.0,-0.0,0.0,-0.0,-0.0,0.0,-0.0,0.0,0.0,-0.0,0.0,-0.0,0.0,0.0,0.0,-0.0,-0.0,-0.0,0.0,0.0,-0.0,-0.0,0.01655516373999254,-0.0,-0.0,-0.0,-0.0,0.0,-0.0,-0.0,0.0,0.0,0.0,0.0,0.0,-0.0,0.0,-0.0,0.0,0.0,-0.0,0.007591920808418398,0.0,-0.0,-0.0,-0.0,-0.0,0.0,-0.0,0.0,-0.0,0.0,0.022753025903207262,-0.0,0.0,-0.0,0.0,0.0,0.0,0.0,0.0,0.0,-0.0,-0.0,-0.0,0.0,0.0,-0.0,-0.0,-0.0,-0.0,-0.0,-0.0,-0.0,0.0,0.0,0.0,0.0,-0.0,-0.0,-0.0,-0.0,0.0,0.0,-0.0,0.013532130805141178,0.0,-0.0,-0.0,-0.0,-0.0,-0.0,-0.0,0.028333737864559394,0.04855139361302854,0.0,0.0,0.0,0.0,0.0,0.0,0.0,0.0,0.0,-0.0,0.0,0.006283283390472117,0.0,-0.0,-0.0,0.2339029921259706,2024-11-24,3,21
-0.0,-0.0018394711500991164,-0.0,-0.0,0.0,0.003031195193568435,-0.0,-0.0,0.0,0.0,0.0,0.0,-0.0,0.0,-0.010734587478099087,0.013433445454091145,-0.0,-0.0,-0.0,0.0,-0.0,-0.0,-0.0,0.0,-0.0,-0.0,-0.03324744251848658,-0.09287166375704074,-0.037987324344886324,-0.0,-0.0,-0.0,-0.0,0.0,0.0,0.0,-0.0,-0.0,-0.0,0.055288766747395475,0.008051388487585368,-0.028064735407910418,-0.0,0.15611614443839106,-0.0,-0.0,-0.0,-0.0,0.0,0.0,0.0,0.0,-0.0,0.0,-0.0013399109313583532,-0.0,-0.0,-0.0,-0.0,0.13027840380992278,0.0,0.0,0.0,0.0,-0.0,-0.0,-0.0,0.0,-0.0,-0.0,0.0,-0.0,0.0,0.0,-0.0,0.0,-0.0,0.0,0.0,0.0,-0.0,-0.0,-0.0,0.0,0.0,-0.0,-0.0,0.01655516373999254,-0.0,-0.0,-0.0,-0.0,0.0,-0.0,-0.0,0.0,0.0,0.0,0.0,0.0,-0.0,0.0,-0.0,0.0,0.0,-0.0,0.007591920808418398,0.0,-0.0,-0.0,-0.0,-0.0,0.0,-0.0,0.0,-0.0,0.0,0.022753025903207262,-0.0,0.0,-0.0,0.0,0.0,0.0,0.0,0.0,0.0,-0.0,-0.0,-0.0,0.0,0.0,-0.0,-0.0,-0.0,-0.0,-0.0,-0.0,-0.0,0.0,0.0,0.0,0.0,-0.0,-0.0,-0.0,-0.0,0.0,0.0,-0.0,0.013532130805141178,0.0,-0.0,-0.0,-0.0,-0.0,-0.0,-0.0,0.028333737864559394,0.04855139361302854,0.0,0.0,0.0,0.0,0.0,0.0,0.0,0.0,0.0,-0.0,0.0,0.006283283390472117,0.0,-0.0,-0.0,0.2339029921259706,2024-11-25,3,21
-0.0,-0.0018394711500991164,-0.0,-0.0,0.0,0.003031195193568435,-0.0,-0.0,0.0,0.0,0.0,0.0,-0.0,0.0,-0.010734587478099087,0.013433445454091145,-0.0,-0.0,-0.0,0.0,-0.0,-0.0,-0.0,0.0,-0.0,-0.0,-0.03324744251848658,-0.09287166375704074,-0.037987324344886324,-0.0,-0.0,-0.0,-0.0,0.0,0.0,0.0,-0.0,-0.0,-0.0,0.055288766747395475,0.008051388487585368,-0.028064735407910418,-0.0,0.15611614443839106,-0.0,-0.0,-0.0,-0.0,0.0,0.0,0.0,0.0,-0.0,0.0,-0.0013399109313583532,-0.0,-0.0,-0.0,-0.0,0.13027840380992278,0.0,0.0,0.0,0.0,-0.0,-0.0,-0.0,0.0,-0.0,-0.0,0.0,-0.0,0.0,0.0,-0.0,0.0,-0.0,0.0,0.0,0.0,-0.0,-0.0,-0.0,0.0,0.0,-0.0,-0.0,0.01655516373999254,-0.0,-0.0,-0.0,-0.0,0.0,-0.0,-0.0,0.0,0.0,0.0,0.0,0.0,-0.0,0.0,-0.0,0.0,0.0,-0.0,0.007591920808418398,0.0,-0.0,-0.0,-0.0,-0.0,0.0,-0.0,0.0,-0.0,0.0,0.022753025903207262,-0.0,0.0,-0.0,0.0,0.0,0.0,0.0,0.0,0.0,-0.0,-0.0,-0.0,0.0,0.0,-0.0,-0.0,-0.0,-0.0,-0.0,-0.0,-0.0,0.0,0.0,0.0,0.0,-0.0,-0.0,-0.0,-0.0,0.0,0.0,-0.0,0.013532130805141178,0.0,-0.0,-0.0,-0.0,-0.0,-0.0,-0.0,0.028333737864559394,0.04855139361302854,0.0,0.0,0.0,0.0,0.0,0.0,0.0,0.0,0.0,-0.0,0.0,0.006283283390472117,0.0,-0.0,-0.0,0.2339029921259706,2024-11-26,3,21
-0.0,-0.0018394711500991164,-0.0,-0.0,0.0,0.003031195193568435,-0.0,-0.0,0.0,0.0,0.0,0.0,-0.0,0.0,-0.010734587478099087,0.013433445454091145,-0.0,-0.0,-0.0,0.0,-0.0,-0.0,-0.0,0.0,-0.0,-0.0,-0.03324744251848658,-0.09287166375704074,-0.037987324344886324,-0.0,-0.0,-0.0,-0.0,0.0,0.0,0.0,-0.0,-0.0,-0.0,0.055288766747395475,0.008051388487585368,-0.028064735407910418,-0.0,0.15611614443839106,-0.0,-0.0,-0.0,-0.0,0.0,0.0,0.0,0.0,-0.0,0.0,-0.0013399109313583532,-0.0,-0.0,-0.0,-0.0,0.13027840380992278,0.0,0.0,0.0,0.0,-0.0,-0.0,-0.0,0.0,-0.0,-0.0,0.0,-0.0,0.0,0.0,-0.0,0.0,-0.0,0.0,0.0,0.0,-0.0,-0.0,-0.0,0.0,0.0,-0.0,-0.0,0.01655516373999254,-0.0,-0.0,-0.0,-0.0,0.0,-0.0,-0.0,0.0,0.0,0.0,0.0,0.0,-0.0,0.0,-0.0,0.0,0.0,-0.0,0.007591920808418398,0.0,-0.0,-0.0,-0.0,-0.0,0.0,-0.0,0.0,-0.0,0.0,0.022753025903207262,-0.0,0.0,-0.0,0.0,0.0,0.0,0.0,0.0,0.0,-0.0,-0.0,-0.0,0.0,0.0,-0.0,-0.0,-0.0,-0.0,-0.0,-0.0,-0.0,0.0,0.0,0.0,0.0,-0.0,-0.0,-0.0,-0.0,0.0,0.0,-0.0,0.013532130805141178,0.0,-0.0,-0.0,-0.0,-0.0,-0.0,-0.0,0.028333737864559394,0.04855139361302854,0.0,0.0,0.0,0.0,0.0,0.0,0.0,0.0,0.0,-0.0,0.0,0.006283283390472117,0.0,-0.0,-0.0,0.2339029921259706,2024-11-27,3,21
-0.0,-0.0018394711500991164,-0.0,-0.0,0.0,0.003031195193568435,-0.0,-0.0,0.0,0.0,0.0,0.0,-0.0,0.0,-0.010734587478099087,0.013433445454091145,-0.0,-0.0,-0.0,0.0,-0.0,-0.0,-0.0,0.0,-0.0,-0.0,-0.03324744251848658,-0.09287166375704074,-0.037987324344886324,-0.0,-0.0,-0.0,-0.0,0.0,0.0,0.0,-0.0,-0.0,-0.0,0.055288766747395475,0.008051388487585368,-0.028064735407910418,-0.0,0.15611614443839106,-0.0,-0.0,-0.0,-0.0,0.0,0.0,0.0,0.0,-0.0,0.0,-0.0013399109313583532,-0.0,-0.0,-0.0,-0.0,0.13027840380992278,0.0,0.0,0.0,0.0,-0.0,-0.0,-0.0,0.0,-0.0,-0.0,0.0,-0.0,0.0,0.0,-0.0,0.0,-0.0,0.0,0.0,0.0,-0.0,-0.0,-0.0,0.0,0.0,-0.0,-0.0,0.01655516373999254,-0.0,-0.0,-0.0,-0.0,0.0,-0.0,-0.0,0.0,0.0,0.0,0.0,0.0,-0.0,0.0,-0.0,0.0,0.0,-0.0,0.007591920808418398,0.0,-0.0,-0.0,-0.0,-0.0,0.0,-0.0,0.0,-0.0,0.0,0.022753025903207262,-0.0,0.0,-0.0,0.0,0.0,0.0,0.0,0.0,0.0,-0.0,-0.0,-0.0,0.0,0.0,-0.0,-0.0,-0.0,-0.0,-0.0,-0.0,-0.0,0.0,0.0,0.0,0.0,-0.0,-0.0,-0.0,-0.0,0.0,0.0,-0.0,0.013532130805141178,0.0,-0.0,-0.0,-0.0,-0.0,-0.0,-0.0,0.028333737864559394,0.04855139361302854,0.0,0.0,0.0,0.0,0.0,0.0,0.0,0.0,0.0,-0.0,0.0,0.006283283390472117,0.0,-0.0,-0.0,0.2339029921259706,2024-11-28,3,21
-0.0,-0.0018394711500991164,-0.0,-0.0,0.0,0.003031195193568435,-0.0,-0.0,0.0,0.0,0.0,0.0,-0.0,0.0,-0.010734587478099087,0.013433445454091145,-0.0,-0.0,-0.0,0.0,-0.0,-0.0,-0.0,0.0,-0.0,-0.0,-0.03324744251848658,-0.09287166375704074,-0.037987324344886324,-0.0,-0.0,-0.0,-0.0,0.0,0.0,0.0,-0.0,-0.0,-0.0,0.055288766747395475,0.008051388487585368,-0.028064735407910418,-0.0,0.15611614443839106,-0.0,-0.0,-0.0,-0.0,0.0,0.0,0.0,0.0,-0.0,0.0,-0.0013399109313583532,-0.0,-0.0,-0.0,-0.0,0.13027840380992278,0.0,0.0,0.0,0.0,-0.0,-0.0,-0.0,0.0,-0.0,-0.0,0.0,-0.0,0.0,0.0,-0.0,0.0,-0.0,0.0,0.0,0.0,-0.0,-0.0,-0.0,0.0,0.0,-0.0,-0.0,0.01655516373999254,-0.0,-0.0,-0.0,-0.0,0.0,-0.0,-0.0,0.0,0.0,0.0,0.0,0.0,-0.0,0.0,-0.0,0.0,0.0,-0.0,0.007591920808418398,0.0,-0.0,-0.0,-0.0,-0.0,0.0,-0.0,0.0,-0.0,0.0,0.022753025903207262,-0.0,0.0,-0.0,0.0,0.0,0.0,0.0,0.0,0.0,-0.0,-0.0,-0.0,0.0,0.0,-0.0,-0.0,-0.0,-0.0,-0.0,-0.0,-0.0,0.0,0.0,0.0,0.0,-0.0,-0.0,-0.0,-0.0,0.0,0.0,-0.0,0.013532130805141178,0.0,-0.0,-0.0,-0.0,-0.0,-0.0,-0.0,0.028333737864559394,0.04855139361302854,0.0,0.0,0.0,0.0,0.0,0.0,0.0,0.0,0.0,-0.0,0.0,0.006283283390472117,0.0,-0.0,-0.0,0.2339029921259706,2024-11-29,3,21
-0.0,-0.004703591684738739,-0.0,-0.0,0.0,0.00862163312925844,-0.0,-0.0,0.0,0.0,0.0,0.0,-0.0,0.0,-0.0085724997465964,0.015855310264752932,-0.0,-0.0,-0.0,0.0,-0.0,-0.0,-0.0,0.0,-0.0,-0.0,-0.033287094107926095,-0.09356339812170138,-0.03749476784363074,-0.0,-0.0,-0.0,-0.0,0.0,0.0,0.0,-0.0,-0.0,-0.0,0.036581395845473964,0.0194154788566946,-0.022754488383860905,-0.0,0.15683087719409983,-0.0,-0.0,-0.0,-0.0,0.0,0.0,0.0,0.0,-0.0,0.0,-0.0033146472138905017,-0.0,-0.0,-0.0,-0.0,0.1300262448014802,0.0,0.0,0.0,0.0,-0.0,-0.0,-0.0,0.0,-0.0,-0.0,0.0,-0.0,0.0,0.0,-0.0,0.0,-0.0,0.0,0.0,0.0,-0.0,0.0,0.0,0.0,0.0,-0.0,-0.0,0.01833710127107632,-0.0,-0.0,-0.0,-0.0,0.0,-0.0,-0.0,0.0,0.0,0.0,0.0,0.0,-0.0,0.0,-0.0,0.0,0.0,-0.0,0.006697494331986772,0.0,-0.0,-0.0016914585421494183,-0.0,-0.0,0.0,-0.0,0.0,0.0,0.0033096438901642072,0.01990279222482128,-0.0,0.0,0.0,0.0,0.0,0.0,0.0,0.0,0.0,-0.0,-0.0,-0.0,0.0,0.0,-0.0,-0.0,-0.0,-0.0,0.0,-0.0,-0.0,0.0,0.0,0.0,0.0,-0.0,-0.0,-0.0,-0.0,0.0,0.0,-0.0,0.01308479349199107,0.0,-0.0,-0.0,-0.0,-0.0,-0.0,-0.0,0.02968548212525774,0.04817112458469008,0.0,0.0,0.0,0.0,0.0,0.0,0.0,0.0,0.0,-0.0,0.0,0.004102042917842074,0.0,-0.0,-0.0,0.23572159908921084,2024-11-30,3,23
-0.0,-0.004703591684738739,-0.0,-0.0,0.0,0.00862163312925844,-0.0,-0.0,0.0,0.0,0.0,0.0,-0.0,0.0,-0.0085724997465964,0.015855310264752932,-0.0,-0.0,-0.0,0.0,-0.0,-0.0,-0.0,0.0,-0.0,-0.0,-0.033287094107926095,-0.09356339812170138,-0.03749476784363074,-0.0,-0.0,-0.0,-0.0,0.0,0.0,0.0,-0.0,-0.0,-0.0,0.036581395845473964,0.0194154788566946,-0.022754488383860905,-0.0,0.15683087719409983,-0.0,-0.0,-0.0,-0.0,0.0,0.0,0.0,0.0,-0.0,0.0,-0.0033146472138905017,-0.0,-0.0,-0.0,-0.0,0.1300262448014802,0.0,0.0,0.0,0.0,-0.0,-0.0,-0.0,0.0,-0.0,-0.0,0.0,-0.0,0.0,0.0,-0.0,0.0,-0.0,0.0,0.0,0.0,-0.0,0.0,0.0,0.0,0.0,-0.0,-0.0,0.01833710127107632,-0.0,-0.0,-0.0,-0.0,0.0,-0.0,-0.0,0.0,0.0,0.0,0.0,0.0,-0.0,0.0,-0.0,0.0,0.0,-0.0,0.006697494331986772,0.0,-0.0,-0.0016914585421494183,-0.0,-0.0,0.0,-0.0,0.0,0.0,0.0033096438901642072,0.01990279222482128,-0.0,0.0,0.0,0.0,0.0,0.0,0.0,0.0,0.0,-0.0,-0.0,-0.0,0.0,0.0,-0.0,-0.0,-0.0,-0.0,0.0,-0.0,-0.0,0.0,0.0,0.0,0.0,-0.0,-0.0,-0.0,-0.0,0.0,0.0,-0.0,0.01308479349199107,0.0,-0.0,-0.0,-0.0,-0.0,-0.0,-0.0,0.02968548212525774,0.04817112458469008,0.0,0.0,0.0,0.0,0.0,0.0,0.0,0.0,0.0,-0.0,0.0,0.004102042917842074,0.0,-0.0,-0.0,0.23572159908921084,2024-12-01,3,23
-0.0,-0.004703591684738739,-0.0,-0.0,0.0,0.00862163312925844,-0.0,-0.0,0.0,0.0,0.0,0.0,-0.0,0.0,-0.0085724997465964,0.015855310264752932,-0.0,-0.0,-0.0,0.0,-0.0,-0.0,-0.0,0.0,-0.0,-0.0,-0.033287094107926095,-0.09356339812170138,-0.03749476784363074,-0.0,-0.0,-0.0,-0.0,0.0,0.0,0.0,-0.0,-0.0,-0.0,0.036581395845473964,0.0194154788566946,-0.022754488383860905,-0.0,0.15683087719409983,-0.0,-0.0,-0.0,-0.0,0.0,0.0,0.0,0.0,-0.0,0.0,-0.0033146472138905017,-0.0,-0.0,-0.0,-0.0,0.1300262448014802,0.0,0.0,0.0,0.0,-0.0,-0.0,-0.0,0.0,-0.0,-0.0,0.0,-0.0,0.0,0.0,-0.0,0.0,-0.0,0.0,0.0,0.0,-0.0,0.0,0.0,0.0,0.0,-0.0,-0.0,0.01833710127107632,-0.0,-0.0,-0.0,-0.0,0.0,-0.0,-0.0,0.0,0.0,0.0,0.0,0.0,-0.0,0.0,-0.0,0.0,0.0,-0.0,0.006697494331986772,0.0,-0.0,-0.0016914585421494183,-0.0,-0.0,0.0,-0.0,0.0,0.0,0.0033096438901642072,0.01990279222482128,-0.0,0.0,0.0,0.0,0.0,0.0,0.0,0.0,0.0,-0.0,-0.0,-0.0,0.0,0.0,-0.0,-0.0,-0.0,-0.0,0.0,-0.0,-0.0,0.0,0.0,0.0,0.0,-0.0,-0.0,-0.0,-0.0,0.0,0.0,-0.0,0.01308479349199107,0.0,-0.0,-0.0,-0.0,-0.0,-0.0,-0.0,0.02968548212525774,0.04817112458469008,0.0,0.0,0.0,0.0,0.0,0.0,0.0,0.0,0.0,-0.0,0.0,0.004102042917842074,0.0,-0.0,-0.0,0.23572159908921084,2024-12-02,3,23
-0.0,-0.004703591684738739,-0.0,-0.0,0.0,0.00862163312925844,-0.0,-0.0,0.0,0.0,0.0,0.0,-0.0,0.0,-0.0085724997465964,0.015855310264752932,-0.0,-0.0,-0.0,0.0,-0.0,-0.0,-0.0,0.0,-0.0,-0.0,-0.033287094107926095,-0.09356339812170138,-0.03749476784363074,-0.0,-0.0,-0.0,-0.0,0.0,0.0,0.0,-0.0,-0.0,-0.0,0.036581395845473964,0.0194154788566946,-0.022754488383860905,-0.0,0.15683087719409983,-0.0,-0.0,-0.0,-0.0,0.0,0.0,0.0,0.0,-0.0,0.0,-0.0033146472138905017,-0.0,-0.0,-0.0,-0.0,0.1300262448014802,0.0,0.0,0.0,0.0,-0.0,-0.0,-0.0,0.0,-0.0,-0.0,0.0,-0.0,0.0,0.0,-0.0,0.0,-0.0,0.0,0.0,0.0,-0.0,0.0,0.0,0.0,0.0,-0.0,-0.0,0.01833710127107632,-0.0,-0.0,-0.0,-0.0,0.0,-0.0,-0.0,0.0,0.0,0.0,0.0,0.0,-0.0,0.0,-0.0,0.0,0.0,-0.0,0.006697494331986772,0.0,-0.0,-0.0016914585421494183,-0.0,-0.0,0.0,-0.0,0.0,0.0,0.0033096438901642072,0.01990279222482128,-0.0,0.0,0.0,0.0,0.0,0.0,0.0,0.0,0.0,-0.0,-0.0,-0.0,0.0,0.0,-0.0,-0.0,-0.0,-0.0,0.0,-0.0,-0.0,0.0,0.0,0.0,0.0,-0.0,-0.0,-0.0,-0.0,0.0,0.0,-0.0,0.01308479349199107,0.0,-0.0,-0.0,-0.0,-0.0,-0.0,-0.0,0.02968548212525774,0.04817112458469008,0.0,0.0,0.0,0.0,0.0,0.0,0.0,0.0,0.0,-0.0,0.0,0.004102042917842074,0.0,-0.0,-0.0,0.23572159908921084,2024-12-03,3,23
-0.0,-0.004703591684738739,-0.0,-0.0,0.0,0.00862163312925844,-0.0,-0.0,0.0,0.0,0.0,0.0,-0.0,0.0,-0.0085724997465964,0.015855310264752932,-0.0,-0.0,-0.0,0.0,-0.0,-0.0,-0.0,0.0,-0.0,-0.0,-0.033287094107926095,-0.09356339812170138,-0.03749476784363074,-0.0,-0.0,-0.0,-0.0,0.0,0.0,0.0,-0.0,-0.0,-0.0,0.036581395845473964,0.0194154788566946,-0.022754488383860905,-0.0,0.15683087719409983,-0.0,-0.0,-0.0,-0.0,0.0,0.0,0.0,0.0,-0.0,0.0,-0.0033146472138905017,-0.0,-0.0,-0.0,-0.0,0.1300262448014802,0.0,0.0,0.0,0.0,-0.0,-0.0,-0.0,0.0,-0.0,-0.0,0.0,-0.0,0.0,0.0,-0.0,0.0,-0.0,0.0,0.0,0.0,-0.0,0.0,0.0,0.0,0.0,-0.0,-0.0,0.01833710127107632,-0.0,-0.0,-0.0,-0.0,0.0,-0.0,-0.0,0.0,0.0,0.0,0.0,0.0,-0.0,0.0,-0.0,0.0,0.0,-0.0,0.006697494331986772,0.0,-0.0,-0.0016914585421494183,-0.0,-0.0,0.0,-0.0,0.0,0.0,0.0033096438901642072,0.01990279222482128,-0.0,0.0,0.0,0.0,0.0,0.0,0.0,0.0,0.0,-0.0,-0.0,-0.0,0.0,0.0,-0.0,-0.0,-0.0,-0.0,0.0,-0.0,-0.0,0.0,0.0,0.0,0.0,-0.0,-0.0,-0.0,-0.0,0.0,0.0,-0.0,0.01308479349199107,0.0,-0.0,-0.0,-0.0,-0.0,-0.0,-0.0,0.02968548212525774,0.04817112458469008,0.0,0.0,0.0,0.0,0.0,0.0,0.0,0.0,0.0,-0.0,0.0,0.004102042917842074,0.0,-0.0,-0.0,0.23572159908921084,2024-12-04,3,23
-0.0,-0.004703591684738739,-0.0,-0.0,0.0,0.00862163312925844,-0.0,-0.0,0.0,0.0,0.0,0.0,-0.0,0.0,-0.0085724997465964,0.015855310264752932,-0.0,-0.0,-0.0,0.0,-0.0,-0.0,-0.0,0.0,-0.0,-0.0,-0.033287094107926095,-0.09356339812170138,-0.03749476784363074,-0.0,-0.0,-0.0,-0.0,0.0,0.0,0.0,-0.0,-0.0,-0.0,0.036581395845473964,0.0194154788566946,-0.022754488383860905,-0.0,0.15683087719409983,-0.0,-0.0,-0.0,-0.0,0.0,0.0,0.0,0.0,-0.0,0.0,-0.0033146472138905017,-0.0,-0.0,-0.0,-0.0,0.1300262448014802,0.0,0.0,0.0,0.0,-0.0,-0.0,-0.0,0.0,-0.0,-0.0,0.0,-0.0,0.0,0.0,-0.0,0.0,-0.0,0.0,0.0,0.0,-0.0,0.0,0.0,0.0,0.0,-0.0,-0.0,0.01833710127107632,-0.0,-0.0,-0.0,-0.0,0.0,-0.0,-0.0,0.0,0.0,0.0,0.0,0.0,-0.0,0.0,-0.0,0.0,0.0,-0.0,0.006697494331986772,0.0,-0.0,-0.0016914585421494183,-0.0,-0.0,0.0,-0.0,0.0,0.0,0.0033096438901642072,0.01990279222482128,-0.0,0.0,0.0,0.0,0.0,0.0,0.0,0.0,0.0,-0.0,-0.0,-0.0,0.0,0.0,-0.0,-0.0,-0.0,-0.0,0.0,-0.0,-0.0,0.0,0.0,0.0,0.0,-0.0,-0.0,-0.0,-0.0,0.0,0.0,-0.0,0.01308479349199107,0.0,-0.0,-0.0,-0.0,-0.0,-0.0,-0.0,0.02968548212525774,0.04817112458469008,0.0,0.0,0.0,0.0,0.0,0.0,0.0,0.0,0.0,-0.0,0.0,0.004102042917842074,0.0,-0.0,-0.0,0.23572159908921084,2024-12-05,3,23
-0.0,-0.004703591684738739,-0.0,-0.0,0.0,0.00862163312925844,-0.0,-0.0,0.0,0.0,0.0,0.0,-0.0,0.0,-0.0085724997465964,0.015855310264752932,-0.0,-0.0,-0.0,0.0,-0.0,-0.0,-0.0,0.0,-0.0,-0.0,-0.033287094107926095,-0.09356339812170138,-0.03749476784363074,-0.0,-0.0,-0.0,-0.0,0.0,0.0,0.0,-0.0,-0.0,-0.0,0.036581395845473964,0.0194154788566946,-0.022754488383860905,-0.0,0.15683087719409983,-0.0,-0.0,-0.0,-0.0,0.0,0.0,0.0,0.0,-0.0,0.0,-0.0033146472138905017,-0.0,-0.0,-0.0,-0.0,0.1300262448014802,0.0,0.0,0.0,0.0,-0.0,-0.0,-0.0,0.0,-0.0,-0.0,0.0,-0.0,0.0,0.0,-0.0,0.0,-0.0,0.0,0.0,0.0,-0.0,0.0,0.0,0.0,0.0,-0.0,-0.0,0.01833710127107632,-0.0,-0.0,-0.0,-0.0,0.0,-0.0,-0.0,0.0,0.0,0.0,0.0,0.0,-0.0,0.0,-0.0,0.0,0.0,-0.0,0.006697494331986772,0.0,-0.0,-0.0016914585421494183,-0.0,-0.0,0.0,-0.0,0.0,0.0,0.0033096438901642072,0.01990279222482128,-0.0,0.0,0.0,0.0,0.0,0.0,0.0,0.0,0.0,-0.0,-0.0,-0.0,0.0,0.0,-0.0,-0.0,-0.0,-0.0,0.0,-0.0,-0.0,0.0,0.0,0.0,0.0,-0.0,-0.0,-0.0,-0.0,0.0,0.0,-0.0,0.01308479349199107,0.0,-0.0,-0.0,-0.0,-0.0,-0.0,-0.0,0.02968548212525774,0.04817112458469008,0.0,0.0,0.0,0.0,0.0,0.0,0.0,0.0,0.0,-0.0,0.0,0.004102042917842074,0.0,-0.0,-0.0,0.23572159908921084,2024-12-06,3,23
-0.0,-0.007390311140893681,-0.0,-0.0,0.0,0.0008096687281699407,-0.0,-0.0,0.0,0.0,0.0,0.0,-0.0,0.0,-0.011877349718504711,0.05359658088928321,-0.0,-0.0,-0.0,0.0,-0.0,-0.0,-0.0,0.0,-0.0,-0.0,-0.030975634941205397,-0.1018750927883984,-0.035829775687884674,-0.0,-0.0,-0.0,-0.0,0.0,0.0,0.0,-0.0,-0.0,-0.0,0.041517662613422476,0.020509588817601374,-0.02316914239751078,-0.0,0.15911494518965297,-0.0,-0.0,-0.0,-0.0,0.0,0.0,0.0,0.0,0.0,0.0,-0.006285006014587168,-0.0,-0.0,-0.0,-0.0,0.08353524979941788,0.0,0.0,0.0,0.0,-0.0,-0.0,-0.0,0.0,-0.0,-0.0,0.0,-0.0013614691979080668,0.0,0.0,-0.0,-0.0,-0.0,0.0,0.0,0.0,-0.0,0.0,0.0,0.0,0.0,-0.0,-0.0,0.015533006131926406,-0.0,-0.0,-0.0,-0.0,0.0,-0.0,-0.0,0.0,0.0,0.0,0.0,0.0,-0.0,0.0,-0.0,0.0,0.0,-0.0,0.0064001859496781695,0.0,-0.0,-0.0,-0.0,-0.0,0.0,-0.0,0.0,0.0,0.014091851459189607,0.005658003152883549,-0.0,0.0,0.0,0.0,0.0,0.0,0.0,0.0,0.0,-0.0,-0.0,-0.0,0.0,0.0,-0.0,-0.0,-0.0,-0.0,0.0,-0.0,-0.0,0.0,0.0,0.0,0.0,-0.0,-0.0,-0.0,-0.0,0.0,0.0,-0.0,0.013543073472051241,0.0,-0.0,-0.0,-0.0,0.0,-0.0,0.0,0.028456986984752474,0.056744008814963595,0.0,0.0,0.0,0.0,0.0,0.0,0.0,0.0,0.0,0.0,0.0,0.002558959931416707,0.0,-0.0,-0.0,0.23040344838343316,2024-12-07,3,23
-0.0,-0.007390311140893681,-0.0,-0.0,0.0,0.0008096687281699407,-0.0,-0.0,0.0,0.0,0.0,0.0,-0.0,0.0,-0.011877349718504711,0.05359658088928321,-0.0,-0.0,-0.0,0.0,-0.0,-0.0,-0.0,0.0,-0.0,-0.0,-0.030975634941205397,-0.1018750927883984,-0.035829775687884674,-0.0,-0.0,-0.0,-0.0,0.0,0.0,0.0,-0.0,-0.0,-0.0,0.041517662613422476,0.020509588817601374,-0.02316914239751078,-0.0,0.15911494518965297,-0.0,-0.0,-0.0,-0.0,0.0,0.0,0.0,0.0,0.0,0.0,-0.006285006014587168,-0.0,-0.0,-0.0,-0.0,0.08353524979941788,0.0,0.0,0.0,0.0,-0.0,-0.0,-0.0,0.0,-0.0,-0.0,0.0,-0.0013614691979080668,0.0,0.0,-0.0,-0.0,-0.0,0.0,0.0,0.0,-0.0,0.0,0.0,0.0,0.0,-0.0,-0.0,0.015533006131926406,-0.0,-0.0,-0.0,-0.0,0.0,-0.0,-0.0,0.0,0.0,0.0,0.0,0.0,-0.0,0.0,-0.0,0.0,0.0,-0.0,0.0064001859496781695,0.0,-0.0,-0.0,-0.0,-0.0,0.0,-0.0,0.0,0.0,0.014091851459189607,0.005658003152883549,-0.0,0.0,0.0,0.0,0.0,0.0,0.0,0.0,0.0,-0.0,-0.0,-0.0,0.0,0.0,-0.0,-0.0,-0.0,-0.0,0.0,-0.0,-0.0,0.0,0.0,0.0,0.0,-0.0,-0.0,-0.0,-0.0,0.0,0.0,-0.0,0.013543073472051241,0.0,-0.0,-0.0,-0.0,0.0,-0.0,0.0,0.028456986984752474,0.056744008814963595,0.0,0.0,0.0,0.0,0.0,0.0,0.0,0.0,0.0,0.0,0.0,0.002558959931416707,0.0,-0.0,-0.0,0.23040344838343316,2024-12-08,3,23
-0.0,-0.007390311140893681,-0.0,-0.0,0.0,0.0008096687281699407,-0.0,-0.0,0.0,0.0,0.0,0.0,-0.0,0.0,-0.011877349718504711,0.05359658088928321,-0.0,-0.0,-0.0,0.0,-0.0,-0.0,-0.0,0.0,-0.0,-0.0,-0.030975634941205397,-0.1018750927883984,-0.035829775687884674,-0.0,-0.0,-0.0,-0.0,0.0,0.0,0.0,-0.0,-0.0,-0.0,0.041517662613422476,0.020509588817601374,-0.02316914239751078,-0.0,0.15911494518965297,-0.0,-0.0,-0.0,-0.0,0.0,0.0,0.0,0.0,0.0,0.0,-0.006285006014587168,-0.0,-0.0,-0.0,-0.0,0.08353524979941788,0.0,0.0,0.0,0.0,-0.0,-0.0,-0.0,0.0,-0.0,-0.0,0.0,-0.0013614691979080668,0.0,0.0,-0.0,-0.0,-0.0,0.0,0.0,0.0,-0.0,0.0,0.0,0.0,0.0,-0.0,-0.0,0.015533006131926406,-0.0,-0.0,-0.0,-0.0,0.0,-0.0,-0.0,0.0,0.0,0.0,0.0,0.0,-0.0,0.0,-0.0,0.0,0.0,-0.0,0.0064001859496781695,0.0,-0.0,-0.0,-0.0,-0.0,0.0,-0.0,0.0,0.0,0.014091851459189607,0.005658003152883549,-0.0,0.0,0.0,0.0,0.0,0.0,0.0,0.0,0.0,-0.0,-0.0,-0.0,0.0,0.0,-0.0,-0.0,-0.0,-0.0,0.0,-0.0,-0.0,0.0,0.0,0.0,0.0,-0.0,-0.0,-0.0,-0.0,0.0,0.0,-0.0,0.013543073472051241,0.0,-0.0,-0.0,-0.0,0.0,-0.0,0.0,0.028456986984752474,0.056744008814963595,0.0,0.0,0.0,0.0,0.0,0.0,0.0,0.0,0.0,0.0,0.0,0.002558959931416707,0.0,-0.0,-0.0,0.23040344838343316,2024-12-09,3,23
-0.0,-0.007390311140893681,-0.0,-0.0,0.0,0.0008096687281699407,-0.0,-0.0,0.0,0.0,0.0,0.0,-0.0,0.0,-0.011877349718504711,0.05359658088928321,-0.0,-0.0,-0.0,0.0,-0.0,-0.0,-0.0,0.0,-0.0,-0.0,-0.030975634941205397,-0.1018750927883984,-0.035829775687884674,-0.0,-0.0,-0.0,-0.0,0.0,0.0,0.0,-0.0,-0.0,-0.0,0.041517662613422476,0.020509588817601374,-0.02316914239751078,-0.0,0.15911494518965297,-0.0,-0.0,-0.0,-0.0,0.0,0.0,0.0,0.0,0.0,0.0,-0.006285006014587168,-0.0,-0.0,-0.0,-0.0,0.08353524979941788,0.0,0.0,0.0,0.0,-0.0,-0.0,-0.0,0.0,-0.0,-0.0,0.0,-0.0013614691979080668,0.0,0.0,-0.0,-0.0,-0.0,0.0,0.0,0.0,-0.0,0.0,0.0,0.0,0.0,-0.0,-0.0,0.015533006131926406,-0.0,-0.0,-0.0,-0.0,0.0,-0.0,-0.0,0.0,0.0,0.0,0.0,0.0,-0.0,0.0,-0.0,0.0,0.0,-0.0,0.0064001859496781695,0.0,-0.0,-0.0,-0.0,-0.0,0.0,-0.0,0.0,0.0,0.014091851459189607,0.005658003152883549,-0.0,0.0,0.0,0.0,0.0,0.0,0.0,0.0,0.0,-0.0,-0.0,-0.0,0.0,0.0,-0.0,-0.0,-0.0,-0.0,0.0,-0.0,-0.0,0.0,0.0,0.0,0.0,-0.0,-0.0,-0.0,-0.0,0.0,0.0,-0.0,0.013543073472051241,0.0,-0.0,-0.0,-0.0,0.0,-0.0,0.0,0.028456986984752474,0.056744008814963595,0.0,0.0,0.0,0.0,0.0,0.0,0.0,0.0,0.0,0.0,0.0,0.002558959931416707,0.0,-0.0,-0.0,0.23040344838343316,2024-12-10,3,23
-0.0,-0.007390311140893681,-0.0,-0.0,0.0,0.0008096687281699407,-0.0,-0.0,0.0,0.0,0.0,0.0,-0.0,0.0,-0.011877349718504711,0.05359658088928321,-0.0,-0.0,-0.0,0.0,-0.0,-0.0,-0.0,0.0,-0.0,-0.0,-0.030975634941205397,-0.1018750927883984,-0.035829775687884674,-0.0,-0.0,-0.0,-0.0,0.0,0.0,0.0,-0.0,-0.0,-0.0,0.041517662613422476,0.020509588817601374,-0.02316914239751078,-0.0,0.15911494518965297,-0.0,-0.0,-0.0,-0.0,0.0,0.0,0.0,0.0,0.0,0.0,-0.006285006014587168,-0.0,-0.0,-0.0,-0.0,0.08353524979941788,0.0,0.0,0.0,0.0,-0.0,-0.0,-0.0,0.0,-0.0,-0.0,0.0,-0.0013614691979080668,0.0,0.0,-0.0,-0.0,-0.0,0.0,0.0,0.0,-0.0,0.0,0.0,0.0,0.0,-0.0,-0.0,0.015533006131926406,-0.0,-0.0,-0.0,-0.0,0.0,-0.0,-0.0,0.0,0.0,0.0,0.0,0.0,-0.0,0.0,-0.0,0.0,0.0,-0.0,0.0064001859496781695,0.0,-0.0,-0.0,-0.0,-0.0,0.0,-0.0,0.0,0.0,0.014091851459189607,0.005658003152883549,-0.0,0.0,0.0,0.0,0.0,0.0,0.0,0.0,0.0,-0.0,-0.0,-0.0,0.0,0.0,-0.0,-0.0,-0.0,-0.0,0.0,-0.0,-0.0,0.0,0.0,0.0,0.0,-0.0,-0.0,-0.0,-0.0,0.0,0.0,-0.0,0.013543073472051241,0.0,-0.0,-0.0,-0.0,0.0,-0.0,0.0,0.028456986984752474,0.056744008814963595,0.0,0.0,0.0,0.0,0.0,0.0,0.0,0.0,0.0,0.0,0.0,0.002558959931416707,0.0,-0.0,-0.0,0.23040344838343316,2024-12-11,3,23
-0.0,-0.007390311140893681,-0.0,-0.0,0.0,0.0008096687281699407,-0.0,-0.0,0.0,0.0,0.0,0.0,-0.0,0.0,-0.011877349718504711,0.05359658088928321,-0.0,-0.0,-0.0,0.0,-0.0,-0.0,-0.0,0.0,-0.0,-0.0,-0.030975634941205397,-0.1018750927883984,-0.035829775687884674,-0.0,-0.0,-0.0,-0.0,0.0,0.0,0.0,-0.0,-0.0,-0.0,0.041517662613422476,0.020509588817601374,-0.02316914239751078,-0.0,0.15911494518965297,-0.0,-0.0,-0.0,-0.0,0.0,0.0,0.0,0.0,0.0,0.0,-0.006285006014587168,-0.0,-0.0,-0.0,-0.0,0.08353524979941788,0.0,0.0,0.0,0.0,-0.0,-0.0,-0.0,0.0,-0.0,-0.0,0.0,-0.0013614691979080668,0.0,0.0,-0.0,-0.0,-0.0,0.0,0.0,0.0,-0.0,0.0,0.0,0.0,0.0,-0.0,-0.0,0.015533006131926406,-0.0,-0.0,-0.0,-0.0,0.0,-0.0,-0.0,0.0,0.0,0.0,0.0,0.0,-0.0,0.0,-0.0,0.0,0.0,-0.0,0.0064001859496781695,0.0,-0.0,-0.0,-0.0,-0.0,0.0,-0.0,0.0,0.0,0.014091851459189607,0.005658003152883549,-0.0,0.0,0.0,0.0,0.0,0.0,0.0,0.0,0.0,-0.0,-0.0,-0.0,0.0,0.0,-0.0,-0.0,-0.0,-0.0,0.0,-0.0,-0.0,0.0,0.0,0.0,0.0,-0.0,-0.0,-0.0,-0.0,0.0,0.0,-0.0,0.013543073472051241,0.0,-0.0,-0.0,-0.0,0.0,-0.0,0.0,0.028456986984752474,0.056744008814963595,0.0,0.0,0.0,0.0,0.0,0.0,0.0,0.0,0.0,0.0,0.0,0.002558959931416707,0.0,-0.0,-0.0,0.23040344838343316,2024-12-12,3,23
-0.0,-0.007390311140893681,-0.0,-0.0,0.0,0.0008096687281699407,-0.0,-0.0,0.0,0.0,0.0,0.0,-0.0,0.0,-0.011877349718504711,0.05359658088928321,-0.0,-0.0,-0.0,0.0,-0.0,-0.0,-0.0,0.0,-0.0,-0.0,-0.030975634941205397,-0.1018750927883984,-0.035829775687884674,-0.0,-0.0,-0.0,-0.0,0.0,0.0,0.0,-0.0,-0.0,-0.0,0.041517662613422476,0.020509588817601374,-0.02316914239751078,-0.0,0.15911494518965297,-0.0,-0.0,-0.0,-0.0,0.0,0.0,0.0,0.0,0.0,0.0,-0.006285006014587168,-0.0,-0.0,-0.0,-0.0,0.08353524979941788,0.0,0.0,0.0,0.0,-0.0,-0.0,-0.0,0.0,-0.0,-0.0,0.0,-0.0013614691979080668,0.0,0.0,-0.0,-0.0,-0.0,0.0,0.0,0.0,-0.0,0.0,0.0,0.0,0.0,-0.0,-0.0,0.015533006131926406,-0.0,-0.0,-0.0,-0.0,0.0,-0.0,-0.0,0.0,0.0,0.0,0.0,0.0,-0.0,0.0,-0.0,0.0,0.0,-0.0,0.0064001859496781695,0.0,-0.0,-0.0,-0.0,-0.0,0.0,-0.0,0.0,0.0,0.014091851459189607,0.005658003152883549,-0.0,0.0,0.0,0.0,0.0,0.0,0.0,0.0,0.0,-0.0,-0.0,-0.0,0.0,0.0,-0.0,-0.0,-0.0,-0.0,0.0,-0.0,-0.0,0.0,0.0,0.0,0.0,-0.0,-0.0,-0.0,-0.0,0.0,0.0,-0.0,0.013543073472051241,0.0,-0.0,-0.0,-0.0,0.0,-0.0,0.0,0.028456986984752474,0.056744008814963595,0.0,0.0,0.0,0.0,0.0,0.0,0.0,0.0,0.0,0.0,0.0,0.002558959931416707,0.0,-0.0,-0.0,0.23040344838343316,2024-12-13,3,23
-0.0,-0.007853895753204018,-0.0,-0.0,0.0,0.0039359066250687184,-0.0,-0.0,0.0,0.0,0.0,0.0,-0.0,0.0,-0.011133922531718634,0.016398980400144435,-0.0,-0.0,-0.0,0.0,-0.0,-0.0,-0.0,0.0,-0.0,-0.0,-0.03410202352934561,-0.10042627748340507,-0.0366302000834529,-0.0,-0.0,-0.0,-0.0,0.0,0.0,0.0,-0.0,-0.0,-0.0,0.03480133763111237,0.025477868720511575,-0.021807099199624518,-0.0,0.15776911090105028,-0.0,-0.0,-0.0,-0.0,0.0,0.0,0.0,0.0,0.0,0.0,-0.0074538313538042075,-0.0,-0.0,-0.0,-0.0,0.12071185523999706,0.0,0.0,0.0,0.0,-0.0,-0.0,-0.0,0.0,-0.0,-0.0,0.0,-0.000255660093720911,0.0,0.0,-0.0,-0.0,-0.0,0.0,0.0,0.0,-0.0,0.0,0.0,0.0,0.0,-0.0,-0.0,0.016004066976993074,-0.0,-0.0,-0.0,-0.0,-0.0,-0.0,-0.0,0.0,0.0,0.0,0.0,0.0,-0.0,0.0,-0.0,0.0,0.0,-0.0,0.00601170062806462,0.0,-0.0,-0.0,-0.0,-0.0,0.0,-0.0,0.0,0.0,0.016343401874504823,0.0036397834789710626,-0.0,0.0,0.0,0.0,0.0,0.0,0.0,0.0,0.0,-0.0,-0.0,-0.0,0.0,0.0,-0.0,-0.0,-0.0,-0.0,0.0,-0.0,-0.0,0.0,0.0,0.0,0.0,-0.0,-0.0,-0.0,-0.0,0.0,0.0,-0.0,0.013099129700769502,0.0,-0.0,-0.0,-0.0,0.0,-0.0,-0.0,0.03024888914659542,0.054085528923074104,0.0,0.0,0.0,0.0,0.0,0.0,0.0,0.0,0.0,-0.0,0.0,0.0,0.0,-0.0,-0.0,0.23234970808761912,2024-12-14,3,22
-0.0,-0.007853895753204018,-0.0,-0.0,0.0,0.0039359066250687184,-0.0,-0.0,0.0,0.0,0.0,0.0,-0.0,0.0,-0.011133922531718634,0.016398980400144435,-0.0,-0.0,-0.0,0.0,-0.0,-0.0,-0.0,0.0,-0.0,-0.0,-0.03410202352934561,-0.10042627748340507,-0.0366302000834529,-0.0,-0.0,-0.0,-0.0,0.0,0.0,0.0,-0.0,-0.0,-0.0,0.03480133763111237,0.025477868720511575,-0.021807099199624518,-0.0,0.15776911090105028,-0.0,-0.0,-0.0,-0.0,0.0,0.0,0.0,0.0,0.0,0.0,-0.0074538313538042075,-0.0,-0.0,-0.0,-0.0,0.12071185523999706,0.0,0.0,0.0,0.0,-0.0,-0.0,-0.0,0.0,-0.0,-0.0,0.0,-0.000255660093720911,0.0,0.0,-0.0,-0.0,-0.0,0.0,0.0,0.0,-0.0,0.0,0.0,0.0,0.0,-0.0,-0.0,0.016004066976993074,-0.0,-0.0,-0.0,-0.0,-0.0,-0.0,-0.0,0.0,0.0,0.0,0.0,0.0,-0.0,0.0,-0.0,0.0,0.0,-0.0,0.00601170062806462,0.0,-0.0,-0.0,-0.0,-0.0,0.0,-0.0,0.0,0.0,0.016343401874504823,0.0036397834789710626,-0.0,0.0,0.0,0.0,0.0,0.0,0.0,0.0,0.0,-0.0,-0.0,-0.0,0.0,0.0,-0.0,-0.0,-0.0,-0.0,0.0,-0.0,-0.0,0.0,0.0,0.0,0.0,-0.0,-0.0,-0.0,-0.0,0.0,0.0,-0.0,0.013099129700769502,0.0,-0.0,-0.0,-0.0,0.0,-0.0,-0.0,0.03024888914659542,0.054085528923074104,0.0,0.0,0.0,0.0,0.0,0.0,0.0,0.0,0.0,-0.0,0.0,0.0,0.0,-0.0,-0.0,0.23234970808761912,2024-12-15,3,22
-0.0,-0.007853895753204018,-0.0,-0.0,0.0,0.0039359066250687184,-0.0,-0.0,0.0,0.0,0.0,0.0,-0.0,0.0,-0.011133922531718634,0.016398980400144435,-0.0,-0.0,-0.0,0.0,-0.0,-0.0,-0.0,0.0,-0.0,-0.0,-0.03410202352934561,-0.10042627748340507,-0.0366302000834529,-0.0,-0.0,-0.0,-0.0,0.0,0.0,0.0,-0.0,-0.0,-0.0,0.03480133763111237,0.025477868720511575,-0.021807099199624518,-0.0,0.15776911090105028,-0.0,-0.0,-0.0,-0.0,0.0,0.0,0.0,0.0,0.0,0.0,-0.0074538313538042075,-0.0,-0.0,-0.0,-0.0,0.12071185523999706,0.0,0.0,0.0,0.0,-0.0,-0.0,-0.0,0.0,-0.0,-0.0,0.0,-0.000255660093720911,0.0,0.0,-0.0,-0.0,-0.0,0.0,0.0,0.0,-0.0,0.0,0.0,0.0,0.0,-0.0,-0.0,0.016004066976993074,-0.0,-0.0,-0.0,-0.0,-0.0,-0.0,-0.0,0.0,0.0,0.0,0.0,0.0,-0.0,0.0,-0.0,0.0,0.0,-0.0,0.00601170062806462,0.0,-0.0,-0.0,-0.0,-0.0,0.0,-0.0,0.0,0.0,0.016343401874504823,0.0036397834789710626,-0.0,0.0,0.0,0.0,0.0,0.0,0.0,0.0,0.0,-0.0,-0.0,-0.0,0.0,0.0,-0.0,-0.0,-0.0,-0.0,0.0,-0.0,-0.0,0.0,0.0,0.0,0.0,-0.0,-0.0,-0.0,-0.0,0.0,0.0,-0.0,0.013099129700769502,0.0,-0.0,-0.0,-0.0,0.0,-0.0,-0.0,0.03024888914659542,0.054085528923074104,0.0,0.0,0.0,0.0,0.0,0.0,0.0,0.0,0.0,-0.0,0.0,0.0,0.0,-0.0,-0.0,0.23234970808761912,2024-12-16,3,22
-0.0,-0.007853895753204018,-0.0,-0.0,0.0,0.0039359066250687184,-0.0,-0.0,0.0,0.0,0.0,0.0,-0.0,0.0,-0.011133922531718634,0.016398980400144435,-0.0,-0.0,-0.0,0.0,-0.0,-0.0,-0.0,0.0,-0.0,-0.0,-0.03410202352934561,-0.10042627748340507,-0.0366302000834529,-0.0,-0.0,-0.0,-0.0,0.0,0.0,0.0,-0.0,-0.0,-0.0,0.03480133763111237,0.025477868720511575,-0.021807099199624518,-0.0,0.15776911090105028,-0.0,-0.0,-0.0,-0.0,0.0,0.0,0.0,0.0,0.0,0.0,-0.0074538313538042075,-0.0,-0.0,-0.0,-0.0,0.12071185523999706,0.0,0.0,0.0,0.0,-0.0,-0.0,-0.0,0.0,-0.0,-0.0,0.0,-0.000255660093720911,0.0,0.0,-0.0,-0.0,-0.0,0.0,0.0,0.0,-0.0,0.0,0.0,0.0,0.0,-0.0,-0.0,0.016004066976993074,-0.0,-0.0,-0.0,-0.0,-0.0,-0.0,-0.0,0.0,0.0,0.0,0.0,0.0,-0.0,0.0,-0.0,0.0,0.0,-0.0,0.00601170062806462,0.0,-0.0,-0.0,-0.0,-0.0,0.0,-0.0,0.0,0.0,0.016343401874504823,0.0036397834789710626,-0.0,0.0,0.0,0.0,0.0,0.0,0.0,0.0,0.0,-0.0,-0.0,-0.0,0.0,0.0,-0.0,-0.0,-0.0,-0.0,0.0,-0.0,-0.0,0.0,0.0,0.0,0.0,-0.0,-0.0,-0.0,-0.0,0.0,0.0,-0.0,0.013099129700769502,0.0,-0.0,-0.0,-0.0,0.0,-0.0,-0.0,0.03024888914659542,0.054085528923074104,0.0,0.0,0.0,0.0,0.0,0.0,0.0,0.0,0.0,-0.0,0.0,0.0,0.0,-0.0,-0.0,0.23234970808761912,2024-12-17,3,22
-0.0,-0.007853895753204018,-0.0,-0.0,0.0,0.0039359066250687184,-0.0,-0.0,0.0,0.0,0.0,0.0,-0.0,0.0,-0.011133922531718634,0.016398980400144435,-0.0,-0.0,-0.0,0.0,-0.0,-0.0,-0.0,0.0,-0.0,-0.0,-0.03410202352934561,-0.10042627748340507,-0.0366302000834529,-0.0,-0.0,-0.0,-0.0,0.0,0.0,0.0,-0.0,-0.0,-0.0,0.03480133763111237,0.025477868720511575,-0.021807099199624518,-0.0,0.15776911090105028,-0.0,-0.0,-0.0,-0.0,0.0,0.0,0.0,0.0,0.0,0.0,-0.0074538313538042075,-0.0,-0.0,-0.0,-0.0,0.12071185523999706,0.0,0.0,0.0,0.0,-0.0,-0.0,-0.0,0.0,-0.0,-0.0,0.0,-0.000255660093720911,0.0,0.0,-0.0,-0.0,-0.0,0.0,0.0,0.0,-0.0,0.0,0.0,0.0,0.0,-0.0,-0.0,0.016004066976993074,-0.0,-0.0,-0.0,-0.0,-0.0,-0.0,-0.0,0.0,0.0,0.0,0.0,0.0,-0.0,0.0,-0.0,0.0,0.0,-0.0,0.00601170062806462,0.0,-0.0,-0.0,-0.0,-0.0,0.0,-0.0,0.0,0.0,0.016343401874504823,0.0036397834789710626,-0.0,0.0,0.0,0.0,0.0,0.0,0.0,0.0,0.0,-0.0,-0.0,-0.0,0.0,0.0,-0.0,-0.0,-0.0,-0.0,0.0,-0.0,-0.0,0.0,0.0,0.0,0.0,-0.0,-0.0,-0.0,-0.0,0.0,0.0,-0.0,0.013099129700769502,0.0,-0.0,-0.0,-0.0,0.0,-0.0,-0.0,0.03024888914659542,0.054085528923074104,0.0,0.0,0.0,0.0,0.0,0.0,0.0,0.0,0.0,-0.0,0.0,0.0,0.0,-0.0,-0.0,0.23234970808761912,2024-12-18,3,22
-0.0,-0.007853895753204018,-0.0,-0.0,0.0,0.0039359066250687184,-0.0,-0.0,0.0,0.0,0.0,0.0,-0.0,0.0,-0.011133922531718634,0.016398980400144435,-0.0,-0.0,-0.0,0.0,-0.0,-0.0,-0.0,0.0,-0.0,-0.0,-0.03410202352934561,-0.10042627748340507,-0.0366302000834529,-0.0,-0.0,-0.0,-0.0,0.0,0.0,0.0,-0.0,-0.0,-0.0,0.03480133763111237,0.025477868720511575,-0.021807099199624518,-0.0,0.15776911090105028,-0.0,-0.0,-0.0,-0.0,0.0,0.0,0.0,0.0,0.0,0.0,-0.0074538313538042075,-0.0,-0.0,-0.0,-0.0,0.12071185523999706,0.0,0.0,0.0,0.0,-0.0,-0.0,-0.0,0.0,-0.0,-0.0,0.0,-0.000255660093720911,0.0,0.0,-0.0,-0.0,-0.0,0.0,0.0,0.0,-0.0,0.0,0.0,0.0,0.0,-0.0,-0.0,0.016004066976993074,-0.0,-0.0,-0.0,-0.0,-0.0,-0.0,-0.0,0.0,0.0,0.0,0.0,0.0,-0.0,0.0,-0.0,0.0,0.0,-0.0,0.00601170062806462,0.0,-0.0,-0.0,-0.0,-0.0,0.0,-0.0,0.0,0.0,0.016343401874504823,0.0036397834789710626,-0.0,0.0,0.0,0.0,0.0,0.0,0.0,0.0,0.0,-0.0,-0.0,-0.0,0.0,0.0,-0.0,-0.0,-0.0,-0.0,0.0,-0.0,-0.0,0.0,0.0,0.0,0.0,-0.0,-0.0,-0.0,-0.0,0.0,0.0,-0.0,0.013099129700769502,0.0,-0.0,-0.0,-0.0,0.0,-0.0,-0.0,0.03024888914659542,0.054085528923074104,0.0,0.0,0.0,0.0,0.0,0.0,0.0,0.0,0.0,-0.0,0.0,0.0,0.0,-0.0,-0.0,0.23234970808761912,2024-12-19,3,22
-0.0,-0.007853895753204018,-0.0,-0.0,0.0,0.0039359066250687184,-0.0,-0.0,0.0,0.0,0.0,0.0,-0.0,0.0,-0.011133922531718634,0.016398980400144435,-0.0,-0.0,-0.0,0.0,-0.0,-0.0,-0.0,0.0,-0.0,-0.0,-0.03410202352934561,-0.10042627748340507,-0.0366302000834529,-0.0,-0.0,-0.0,-0.0,0.0,0.0,0.0,-0.0,-0.0,-0.0,0.03480133763111237,0.025477868720511575,-0.021807099199624518,-0.0,0.15776911090105028,-0.0,-0.0,-0.0,-0.0,0.0,0.0,0.0,0.0,0.0,0.0,-0.0074538313538042075,-0.0,-0.0,-0.0,-0.0,0.12071185523999706,0.0,0.0,0.0,0.0,-0.0,-0.0,-0.0,0.0,-0.0,-0.0,0.0,-0.000255660093720911,0.0,0.0,-0.0,-0.0,-0.0,0.0,0.0,0.0,-0.0,0.0,0.0,0.0,0.0,-0.0,-0.0,0.016004066976993074,-0.0,-0.0,-0.0,-0.0,-0.0,-0.0,-0.0,0.0,0.0,0.0,0.0,0.0,-0.0,0.0,-0.0,0.0,0.0,-0.0,0.00601170062806462,0.0,-0.0,-0.0,-0.0,-0.0,0.0,-0.0,0.0,0.0,0.016343401874504823,0.0036397834789710626,-0.0,0.0,0.0,0.0,0.0,0.0,0.0,0.0,0.0,-0.0,-0.0,-0.0,0.0,0.0,-0.0,-0.0,-0.0,-0.0,0.0,-0.0,-0.0,0.0,0.0,0.0,0.0,-0.0,-0.0,-0.0,-0.0,0.0,0.0,-0.0,0.013099129700769502,0.0,-0.0,-0.0,-0.0,0.0,-0.0,-0.0,0.03024888914659542,0.054085528923074104,0.0,0.0,0.0,0.0,0.0,0.0,0.0,0.0,0.0,-0.0,0.0,0.0,0.0,-0.0,-0.0,0.23234970808761912,2024-12-20,3,22
-0.0,-0.010961606149156101,-0.0,-0.0,0.0,0.0,-0.0,-0.0,0.0,0.0,0.0,0.0,-0.0,0.0,-0.012459466064652156,0.015842364859573705,-0.0,-0.0,-0.0,0.0,-0.0,-0.0,-0.0,0.0,-0.0,-0.0,-0.039195871762196646,-0.10369982994943873,-0.03729385705449189,-0.0,-0.0,-0.0,-0.0,0.0,0.0,0.0,-0.0,-0.0,-0.0,0.03989497407824196,0.022358209021651178,-0.018537416455384533,-0.0,0.15841772067773363,-0.0,-0.0,-0.0,-0.0,0.0,0.0,0.0,0.0,-0.0,0.0,-0.005384722497224233,-0.0,-0.0,-0.0,-0.0,0.13078800005551583,0.0,0.0,0.0,0.0,-0.0,-0.0,-0.0,0.0,-0.0,-0.0,0.0,-0.0022366436497773087,0.0,0.0,-0.0,0.0,-0.0,0.0,0.0,0.0,-0.0,0.0,0.0,0.0,0.0,-0.0,-0.0,0.015455977052096451,-0.0,-0.0,-0.0,-0.0,-0.0,-0.0,-0.0,0.0,0.0,0.0,0.0,0.0,-0.0,0.0,-0.0,0.0,0.0,-0.0,0.006546644539904139,0.0,-0.0,-0.0,-0.0,-0.0,0.0,-0.0,0.0,0.0,0.01920607325903563,0.0015768120166891801,0.0,0.0,0.0,0.0,0.0,0.0,0.0,0.0,0.0,-0.0,-0.0,-0.0,0.0,0.0,-0.0,-0.0,-0.0,-0.0,0.0,-0.0,-0.0,0.0,0.0,0.0,0.0,-0.0,-0.0,-0.0,-0.0,0.0,0.0,-0.0,0.012867639521004389,0.0,-0.0,-0.0,-0.0,0.0,-0.0,0.0,0.0315159697849566,0.05404726934966385,0.0,0.0,0.0,0.0,0.0,0.0,0.0,0.0,0.0,-0.0,0.0,0.0,0.0,-0.0,-0.0,0.22821211473239236,2024-12-21,3,21
-0.0,-0.010961606149156101,-0.0,-0.0,0.0,0.0,-0.0,-0.0,0.0,0.0,0.0,0.0,-0.0,0.0,-0.012459466064652156,0.015842364859573705,-0.0,-0.0,-0.0,0.0,-0.0,-0.0,-0.0,0.0,-0.0,-0.0,-0.039195871762196646,-0.10369982994943873,-0.03729385705449189,-0.0,-0.0,-0.0,-0.0,0.0,0.0,0.0,-0.0,-0.0,-0.0,0.03989497407824196,0.022358209021651178,-0.018537416455384533,-0.0,0.15841772067773363,-0.0,-0.0,-0.0,-0.0,0.0,0.0,0.0,0.0,-0.0,0.0,-0.005384722497224233,-0.0,-0.0,-0.0,-0.0,0.13078800005551583,0.0,0.0,0.0,0.0,-0.0,-0.0,-0.0,0.0,-0.0,-0.0,0.0,-0.0022366436497773087,0.0,0.0,-0.0,0.0,-0.0,0.0,0.0,0.0,-0.0,0.0,0.0,0.0,0.0,-0.0,-0.0,0.015455977052096451,-0.0,-0.0,-0.0,-0.0,-0.0,-0.0,-0.0,0.0,0.0,0.0,0.0,0.0,-0.0,0.0,-0.0,0.0,0.0,-0.0,0.006546644539904139,0.0,-0.0,-0.0,-0.0,-0.0,0.0,-0.0,0.0,0.0,0.01920607325903563,0.0015768120166891801,0.0,0.0,0.0,0.0,0.0,0.0,0.0,0.0,0.0,-0.0,-0.0,-0.0,0.0,0.0,-0.0,-0.0,-0.0,-0.0,0.0,-0.0,-0.0,0.0,0.0,0.0,0.0,-0.0,-0.0,-0.0,-0.0,0.0,0.0,-0.0,0.012867639521004389,0.0,-0.0,-0.0,-0.0,0.0,-0.0,0.0,0.0315159697849566,0.05404726934966385,0.0,0.0,0.0,0.0,0.0,0.0,0.0,0.0,0.0,-0.0,0.0,0.0,0.0,-0.0,-0.0,0.22821211473239236,2024-12-22,3,21
-0.0,-0.010961606149156101,-0.0,-0.0,0.0,0.0,-0.0,-0.0,0.0,0.0,0.0,0.0,-0.0,0.0,-0.012459466064652156,0.015842364859573705,-0.0,-0.0,-0.0,0.0,-0.0,-0.0,-0.0,0.0,-0.0,-0.0,-0.039195871762196646,-0.10369982994943873,-0.03729385705449189,-0.0,-0.0,-0.0,-0.0,0.0,0.0,0.0,-0.0,-0.0,-0.0,0.03989497407824196,0.022358209021651178,-0.018537416455384533,-0.0,0.15841772067773363,-0.0,-0.0,-0.0,-0.0,0.0,0.0,0.0,0.0,-0.0,0.0,-0.005384722497224233,-0.0,-0.0,-0.0,-0.0,0.13078800005551583,0.0,0.0,0.0,0.0,-0.0,-0.0,-0.0,0.0,-0.0,-0.0,0.0,-0.0022366436497773087,0.0,0.0,-0.0,0.0,-0.0,0.0,0.0,0.0,-0.0,0.0,0.0,0.0,0.0,-0.0,-0.0,0.015455977052096451,-0.0,-0.0,-0.0,-0.0,-0.0,-0.0,-0.0,0.0,0.0,0.0,0.0,0.0,-0.0,0.0,-0.0,0.0,0.0,-0.0,0.006546644539904139,0.0,-0.0,-0.0,-0.0,-0.0,0.0,-0.0,0.0,0.0,0.01920607325903563,0.0015768120166891801,0.0,0.0,0.0,0.0,0.0,0.0,0.0,0.0,0.0,-0.0,-0.0,-0.0,0.0,0.0,-0.0,-0.0,-0.0,-0.0,0.0,-0.0,-0.0,0.0,0.0,0.0,0.0,-0.0,-0.0,-0.0,-0.0,0.0,0.0,-0.0,0.012867639521004389,0.0,-0.0,-0.0,-0.0,0.0,-0.0,0.0,0.0315159697849566,0.05404726934966385,0.0,0.0,0.0,0.0,0.0,0.0,0.0,0.0,0.0,-0.0,0.0,0.0,0.0,-0.0,-0.0,0.22821211473239236,2024-12-23,3,21
-0.0,-0.010961606149156101,-0.0,-0.0,0.0,0.0,-0.0,-0.0,0.0,0.0,0.0,0.0,-0.0,0.0,-0.012459466064652156,0.015842364859573705,-0.0,-0.0,-0.0,0.0,-0.0,-0.0,-0.0,0.0,-0.0,-0.0,-0.039195871762196646,-0.10369982994943873,-0.03729385705449189,-0.0,-0.0,-0.0,-0.0,0.0,0.0,0.0,-0.0,-0.0,-0.0,0.03989497407824196,0.022358209021651178,-0.018537416455384533,-0.0,0.15841772067773363,-0.0,-0.0,-0.0,-0.0,0.0,0.0,0.0,0.0,-0.0,0.0,-0.005384722497224233,-0.0,-0.0,-0.0,-0.0,0.13078800005551583,0.0,0.0,0.0,0.0,-0.0,-0.0,-0.0,0.0,-0.0,-0.0,0.0,-0.0022366436497773087,0.0,0.0,-0.0,0.0,-0.0,0.0,0.0,0.0,-0.0,0.0,0.0,0.0,0.0,-0.0,-0.0,0.015455977052096451,-0.0,-0.0,-0.0,-0.0,-0.0,-0.0,-0.0,0.0,0.0,0.0,0.0,0.0,-0.0,0.0,-0.0,0.0,0.0,-0.0,0.006546644539904139,0.0,-0.0,-0.0,-0.0,-0.0,0.0,-0.0,0.0,0.0,0.01920607325903563,0.0015768120166891801,0.0,0.0,0.0,0.0,0.0,0.0,0.0,0.0,0.0,-0.0,-0.0,-0.0,0.0,0.0,-0.0,-0.0,-0.0,-0.0,0.0,-0.0,-0.0,0.0,0.0,0.0,0.0,-0.0,-0.0,-0.0,-0.0,0.0,0.0,-0.0,0.012867639521004389,0.0,-0.0,-0.0,-0.0,0.0,-0.0,0.0,0.0315159697849566,0.05404726934966385,0.0,0.0,0.0,0.0,0.0,0.0,0.0,0.0,0.0,-0.0,0.0,0.0,0.0,-0.0,-0.0,0.22821211473239236,2024-12-24,3,21
-0.0,-0.010961606149156101,-0.0,-0.0,0.0,0.0,-0.0,-0.0,0.0,0.0,0.0,0.0,-0.0,0.0,-0.012459466064652156,0.015842364859573705,-0.0,-0.0,-0.0,0.0,-0.0,-0.0,-0.0,0.0,-0.0,-0.0,-0.039195871762196646,-0.10369982994943873,-0.03729385705449189,-0.0,-0.0,-0.0,-0.0,0.0,0.0,0.0,-0.0,-0.0,-0.0,0.03989497407824196,0.022358209021651178,-0.018537416455384533,-0.0,0.15841772067773363,-0.0,-0.0,-0.0,-0.0,0.0,0.0,0.0,0.0,-0.0,0.0,-0.005384722497224233,-0.0,-0.0,-0.0,-0.0,0.13078800005551583,0.0,0.0,0.0,0.0,-0.0,-0.0,-0.0,0.0,-0.0,-0.0,0.0,-0.0022366436497773087,0.0,0.0,-0.0,0.0,-0.0,0.0,0.0,0.0,-0.0,0.0,0.0,0.0,0.0,-0.0,-0.0,0.015455977052096451,-0.0,-0.0,-0.0,-0.0,-0.0,-0.0,-0.0,0.0,0.0,0.0,0.0,0.0,-0.0,0.0,-0.0,0.0,0.0,-0.0,0.006546644539904139,0.0,-0.0,-0.0,-0.0,-0.0,0.0,-0.0,0.0,0.0,0.01920607325903563,0.0015768120166891801,0.0,0.0,0.0,0.0,0.0,0.0,0.0,0.0,0.0,-0.0,-0.0,-0.0,0.0,0.0,-0.0,-0.0,-0.0,-0.0,0.0,-0.0,-0.0,0.0,0.0,0.0,0.0,-0.0,-0.0,-0.0,-0.0,0.0,0.0,-0.0,0.012867639521004389,0.0,-0.0,-0.0,-0.0,0.0,-0.0,0.0,0.0315159697849566,0.05404726934966385,0.0,0.0,0.0,0.0,0.0,0.0,0.0,0.0,0.0,-0.0,0.0,0.0,0.0,-0.0,-0.0,0.22821211473239236,2024-12-25,3,21
-0.0,-0.010961606149156101,-0.0,-0.0,0.0,0.0,-0.0,-0.0,0.0,0.0,0.0,0.0,-0.0,0.0,-0.012459466064652156,0.015842364859573705,-0.0,-0.0,-0.0,0.0,-0.0,-0.0,-0.0,0.0,-0.0,-0.0,-0.039195871762196646,-0.10369982994943873,-0.03729385705449189,-0.0,-0.0,-0.0,-0.0,0.0,0.0,0.0,-0.0,-0.0,-0.0,0.03989497407824196,0.022358209021651178,-0.018537416455384533,-0.0,0.15841772067773363,-0.0,-0.0,-0.0,-0.0,0.0,0.0,0.0,0.0,-0.0,0.0,-0.005384722497224233,-0.0,-0.0,-0.0,-0.0,0.13078800005551583,0.0,0.0,0.0,0.0,-0.0,-0.0,-0.0,0.0,-0.0,-0.0,0.0,-0.0022366436497773087,0.0,0.0,-0.0,0.0,-0.0,0.0,0.0,0.0,-0.0,0.0,0.0,0.0,0.0,-0.0,-0.0,0.015455977052096451,-0.0,-0.0,-0.0,-0.0,-0.0,-0.0,-0.0,0.0,0.0,0.0,0.0,0.0,-0.0,0.0,-0.0,0.0,0.0,-0.0,0.006546644539904139,0.0,-0.0,-0.0,-0.0,-0.0,0.0,-0.0,0.0,0.0,0.01920607325903563,0.0015768120166891801,0.0,0.0,0.0,0.0,0.0,0.0,0.0,0.0,0.0,-0.0,-0.0,-0.0,0.0,0.0,-0.0,-0.0,-0.0,-0.0,0.0,-0.0,-0.0,0.0,0.0,0.0,0.0,-0.0,-0.0,-0.0,-0.0,0.0,0.0,-0.0,0.012867639521004389,0.0,-0.0,-0.0,-0.0,0.0,-0.0,0.0,0.0315159697849566,0.05404726934966385,0.0,0.0,0.0,0.0,0.0,0.0,0.0,0.0,0.0,-0.0,0.0,0.0,0.0,-0.0,-0.0,0.22821211473239236,2024-12-26,3,21
-0.0,-0.010961606149156101,-0.0,-0.0,0.0,0.0,-0.0,-0.0,0.0,0.0,0.0,0.0,-0.0,0.0,-0.012459466064652156,0.015842364859573705,-0.0,-0.0,-0.0,0.0,-0.0,-0.0,-0.0,0.0,-0.0,-0.0,-0.039195871762196646,-0.10369982994943873,-0.03729385705449189,-0.0,-0.0,-0.0,-0.0,0.0,0.0,0.0,-0.0,-0.0,-0.0,0.03989497407824196,0.022358209021651178,-0.018537416455384533,-0.0,0.15841772067773363,-0.0,-0.0,-0.0,-0.0,0.0,0.0,0.0,0.0,-0.0,0.0,-0.005384722497224233,-0.0,-0.0,-0.0,-0.0,0.13078800005551583,0.0,0.0,0.0,0.0,-0.0,-0.0,-0.0,0.0,-0.0,-0.0,0.0,-0.0022366436497773087,0.0,0.0,-0.0,0.0,-0.0,0.0,0.0,0.0,-0.0,0.0,0.0,0.0,0.0,-0.0,-0.0,0.015455977052096451,-0.0,-0.0,-0.0,-0.0,-0.0,-0.0,-0.0,0.0,0.0,0.0,0.0,0.0,-0.0,0.0,-0.0,0.0,0.0,-0.0,0.006546644539904139,0.0,-0.0,-0.0,-0.0,-0.0,0.0,-0.0,0.0,0.0,0.01920607325903563,0.0015768120166891801,0.0,0.0,0.0,0.0,0.0,0.0,0.0,0.0,0.0,-0.0,-0.0,-0.0,0.0,0.0,-0.0,-0.0,-0.0,-0.0,0.0,-0.0,-0.0,0.0,0.0,0.0,0.0,-0.0,-0.0,-0.0,-0.0,0.0,0.0,-0.0,0.012867639521004389,0.0,-0.0,-0.0,-0.0,0.0,-0.0,0.0,0.0315159697849566,0.05404726934966385,0.0,0.0,0.0,0.0,0.0,0.0,0.0,0.0,0.0,-0.0,0.0,0.0,0.0,-0.0,-0.0,0.22821211473239236,2024-12-27,3,21
-0.0,-0.010400072055759676,-0.0,-0.0,0.0,0.0,-0.0,-0.0,0.0,0.0,0.0,0.0,-0.0,0.0,-0.012444627929737136,0.012590414683224232,-0.0,-0.0,-0.0,0.0,-0.0,-0.0,-0.0,0.0,-0.0,-0.0,-0.03672295157137014,-0.10544891039632037,-0.0374669389900704,-0.0,-0.0,-0.0,-0.0,0.0,0.0,0.0,-0.0,-0.0,-0.0,0.026582351519729045,0.03206057208985525,-0.018175889387460013,-0.0,0.1598650057639215,-0.0,-0.0,-0.0,-0.0,0.0,0.0,0.0,0.0,-0.0,0.0,-0.007210823271559479,-0.0,-0.0,-0.0,-0.0,0.13243642905237998,0.0,0.0,0.0,0.0,-0.0,-0.0,-0.0,0.0,-0.0,-0.0,0.0,-0.00117118984227391,0.0,0.0,-0.0,0.0,-0.0,0.0,0.0,0.0,-0.0,0.0,0.0,0.0,0.0,-0.0,-0.0,0.016464655750404004,-0.0,-0.0,-0.0,-0.0,-0.0,0.0,-0.0,0.0,0.0,0.0,0.0,0.0,-0.0,0.0,-0.0,0.0,0.0,-0.0,0.00748029488214561,0.0,-0.0,-0.0,-0.0,-0.0,0.0,-0.0,0.0,0.0,0.02213285841076794,0.0,0.0,0.0,0.0,0.0,0.0,0.0,0.0,0.0,0.0,-0.0,-0.0,-0.0,0.0,0.0,-0.0,-0.0,-0.0,-0.0,0.0,-0.0,-0.0,0.0,0.0,0.0,0.0,-0.0,-0.0,-0.0,-0.0,0.0,0.0,-0.0,0.015072600199570721,0.0,-0.0,-0.0,-0.0,0.0,-0.0,0.0,0.030222564339400928,0.05239976142859474,0.0,0.0,0.0,0.0,0.0,0.0,0.0,0.0,0.0,-0.0,0.0,0.0,0.0,-0.0,-0.0,0.22654361181985871,2024-12-28,3,20
-0.0,-0.010400072055759676,-0.0,-0.0,0.0,0.0,-0.0,-0.0,0.0,0.0,0.0,0.0,-0.0,0.0,-0.012444627929737136,0.012590414683224232,-0.0,-0.0,-0.0,0.0,-0.0,-0.0,-0.0,0.0,-0.0,-0.0,-0.03672295157137014,-0.10544891039632037,-0.0374669389900704,-0.0,-0.0,-0.0,-0.0,0.0,0.0,0.0,-0.0,-0.0,-0.0,0.026582351519729045,0.03206057208985525,-0.018175889387460013,-0.0,0.1598650057639215,-0.0,-0.0,-0.0,-0.0,0.0,0.0,0.0,0.0,-0.0,0.0,-0.007210823271559479,-0.0,-0.0,-0.0,-0.0,0.13243642905237998,0.0,0.0,0.0,0.0,-0.0,-0.0,-0.0,0.0,-0.0,-0.0,0.0,-0.00117118984227391,0.0,0.0,-0.0,0.0,-0.0,0.0,0.0,0.0,-0.0,0.0,0.0,0.0,0.0,-0.0,-0.0,0.016464655750404004,-0.0,-0.0,-0.0,-0.0,-0.0,0.0,-0.0,0.0,0.0,0.0,0.0,0.0,-0.0,0.0,-0.0,0.0,0.0,-0.0,0.00748029488214561,0.0,-0.0,-0.0,-0.0,-0.0,0.0,-0.0,0.0,0.0,0.02213285841076794,0.0,0.0,0.0,0.0,0.0,0.0,0.0,0.0,0.0,0.0,-0.0,-0.0,-0.0,0.0,0.0,-0.0,-0.0,-0.0,-0.0,0.0,-0.0,-0.0,0.0,0.0,0.0,0.0,-0.0,-0.0,-0.0,-0.0,0.0,0.0,-0.0,0.015072600199570721,0.0,-0.0,-0.0,-0.0,0.0,-0.0,0.0,0.030222564339400928,0.05239976142859474,0.0,0.0,0.0,0.0,0.0,0.0,0.0,0.0,0.0,-0.0,0.0,0.0,0.0,-0.0,-0.0,0.22654361181985871,2024-12-29,3,20
-0.0,-0.010400072055759676,-0.0,-0.0,0.0,0.0,-0.0,-0.0,0.0,0.0,0.0,0.0,-0.0,0.0,-0.012444627929737136,0.012590414683224232,-0.0,-0.0,-0.0,0.0,-0.0,-0.0,-0.0,0.0,-0.0,-0.0,-0.03672295157137014,-0.10544891039632037,-0.0374669389900704,-0.0,-0.0,-0.0,-0.0,0.0,0.0,0.0,-0.0,-0.0,-0.0,0.026582351519729045,0.03206057208985525,-0.018175889387460013,-0.0,0.1598650057639215,-0.0,-0.0,-0.0,-0.0,0.0,0.0,0.0,0.0,-0.0,0.0,-0.007210823271559479,-0.0,-0.0,-0.0,-0.0,0.13243642905237998,0.0,0.0,0.0,0.0,-0.0,-0.0,-0.0,0.0,-0.0,-0.0,0.0,-0.00117118984227391,0.0,0.0,-0.0,0.0,-0.0,0.0,0.0,0.0,-0.0,0.0,0.0,0.0,0.0,-0.0,-0.0,0.016464655750404004,-0.0,-0.0,-0.0,-0.0,-0.0,0.0,-0.0,0.0,0.0,0.0,0.0,0.0,-0.0,0.0,-0.0,0.0,0.0,-0.0,0.00748029488214561,0.0,-0.0,-0.0,-0.0,-0.0,0.0,-0.0,0.0,0.0,0.02213285841076794,0.0,0.0,0.0,0.0,0.0,0.0,0.0,0.0,0.0,0.0,-0.0,-0.0,-0.0,0.0,0.0,-0.0,-0.0,-0.0,-0.0,0.0,-0.0,-0.0,0.0,0.0,0.0,0.0,-0.0,-0.0,-0.0,-0.0,0.0,0.0,-0.0,0.015072600199570721,0.0,-0.0,-0.0,-0.0,0.0,-0.0,0.0,0.030222564339400928,0.05239976142859474,0.0,0.0,0.0,0.0,0.0,0.0,0.0,0.0,0.0,-0.0,0.0,0.0,0.0,-0.0,-0.0,0.22654361181985871,2024-12-30,3,20
-0.0,-0.010400072055759676,-0.0,-0.0,0.0,0.0,-0.0,-0.0,0.0,0.0,0.0,0.0,-0.0,0.0,-0.012444627929737136,0.012590414683224232,-0.0,-0.0,-0.0,0.0,-0.0,-0.0,-0.0,0.0,-0.0,-0.0,-0.03672295157137014,-0.10544891039632037,-0.0374669389900704,-0.0,-0.0,-0.0,-0.0,0.0,0.0,0.0,-0.0,-0.0,-0.0,0.026582351519729045,0.03206057208985525,-0.018175889387460013,-0.0,0.1598650057639215,-0.0,-0.0,-0.0,-0.0,0.0,0.0,0.0,0.0,-0.0,0.0,-0.007210823271559479,-0.0,-0.0,-0.0,-0.0,0.13243642905237998,0.0,0.0,0.0,0.0,-0.0,-0.0,-0.0,0.0,-0.0,-0.0,0.0,-0.00117118984227391,0.0,0.0,-0.0,0.0,-0.0,0.0,0.0,0.0,-0.0,0.0,0.0,0.0,0.0,-0.0,-0.0,0.016464655750404004,-0.0,-0.0,-0.0,-0.0,-0.0,0.0,-0.0,0.0,0.0,0.0,0.0,0.0,-0.0,0.0,-0.0,0.0,0.0,-0.0,0.00748029488214561,0.0,-0.0,-0.0,-0.0,-0.0,0.0,-0.0,0.0,0.0,0.02213285841076794,0.0,0.0,0.0,0.0,0.0,0.0,0.0,0.0,0.0,0.0,-0.0,-0.0,-0.0,0.0,0.0,-0.0,-0.0,-0.0,-0.0,0.0,-0.0,-0.0,0.0,0.0,0.0,0.0,-0.0,-0.0,-0.0,-0.0,0.0,0.0,-0.0,0.015072600199570721,0.0,-0.0,-0.0,-0.0,0.0,-0.0,0.0,0.030222564339400928,0.05239976142859474,0.0,0.0,0.0,0.0,0.0,0.0,0.0,0.0,0.0,-0.0,0.0,0.0,0.0,-0.0,-0.0,0.22654361181985871,2024-12-31,3,20
-0.0,-0.010400072055759676,-0.0,-0.0,0.0,0.0,-0.0,-0.0,0.0,0.0,0.0,0.0,-0.0,0.0,-0.012444627929737136,0.012590414683224232,-0.0,-0.0,-0.0,0.0,-0.0,-0.0,-0.0,0.0,-0.0,-0.0,-0.03672295157137014,-0.10544891039632037,-0.0374669389900704,-0.0,-0.0,-0.0,-0.0,0.0,0.0,0.0,-0.0,-0.0,-0.0,0.026582351519729045,0.03206057208985525,-0.018175889387460013,-0.0,0.1598650057639215,-0.0,-0.0,-0.0,-0.0,0.0,0.0,0.0,0.0,-0.0,0.0,-0.007210823271559479,-0.0,-0.0,-0.0,-0.0,0.13243642905237998,0.0,0.0,0.0,0.0,-0.0,-0.0,-0.0,0.0,-0.0,-0.0,0.0,-0.00117118984227391,0.0,0.0,-0.0,0.0,-0.0,0.0,0.0,0.0,-0.0,0.0,0.0,0.0,0.0,-0.0,-0.0,0.016464655750404004,-0.0,-0.0,-0.0,-0.0,-0.0,0.0,-0.0,0.0,0.0,0.0,0.0,0.0,-0.0,0.0,-0.0,0.0,0.0,-0.0,0.00748029488214561,0.0,-0.0,-0.0,-0.0,-0.0,0.0,-0.0,0.0,0.0,0.02213285841076794,0.0,0.0,0.0,0.0,0.0,0.0,0.0,0.0,0.0,0.0,-0.0,-0.0,-0.0,0.0,0.0,-0.0,-0.0,-0.0,-0.0,0.0,-0.0,-0.0,0.0,0.0,0.0,0.0,-0.0,-0.0,-0.0,-0.0,0.0,0.0,-0.0,0.015072600199570721,0.0,-0.0,-0.0,-0.0,0.0,-0.0,0.0,0.030222564339400928,0.05239976142859474,0.0,0.0,0.0,0.0,0.0,0.0,0.0,0.0,0.0,-0.0,0.0,0.0,0.0,-0.0,-0.0,0.22654361181985871,2025-01-01,3,20
-0.0,-0.010400072055759676,-0.0,-0.0,0.0,0.0,-0.0,-0.0,0.0,0.0,0.0,0.0,-0.0,0.0,-0.012444627929737136,0.012590414683224232,-0.0,-0.0,-0.0,0.0,-0.0,-0.0,-0.0,0.0,-0.0,-0.0,-0.03672295157137014,-0.10544891039632037,-0.0374669389900704,-0.0,-0.0,-0.0,-0.0,0.0,0.0,0.0,-0.0,-0.0,-0.0,0.026582351519729045,0.03206057208985525,-0.018175889387460013,-0.0,0.1598650057639215,-0.0,-0.0,-0.0,-0.0,0.0,0.0,0.0,0.0,-0.0,0.0,-0.007210823271559479,-0.0,-0.0,-0.0,-0.0,0.13243642905237998,0.0,0.0,0.0,0.0,-0.0,-0.0,-0.0,0.0,-0.0,-0.0,0.0,-0.00117118984227391,0.0,0.0,-0.0,0.0,-0.0,0.0,0.0,0.0,-0.0,0.0,0.0,0.0,0.0,-0.0,-0.0,0.016464655750404004,-0.0,-0.0,-0.0,-0.0,-0.0,0.0,-0.0,0.0,0.0,0.0,0.0,0.0,-0.0,0.0,-0.0,0.0,0.0,-0.0,0.00748029488214561,0.0,-0.0,-0.0,-0.0,-0.0,0.0,-0.0,0.0,0.0,0.02213285841076794,0.0,0.0,0.0,0.0,0.0,0.0,0.0,0.0,0.0,0.0,-0.0,-0.0,-0.0,0.0,0.0,-0.0,-0.0,-0.0,-0.0,0.0,-0.0,-0.0,0.0,0.0,0.0,0.0,-0.0,-0.0,-0.0,-0.0,0.0,0.0,-0.0,0.015072600199570721,0.0,-0.0,-0.0,-0.0,0.0,-0.0,0.0,0.030222564339400928,0.05239976142859474,0.0,0.0,0.0,0.0,0.0,0.0,0.0,0.0,0.0,-0.0,0.0,0.0,0.0,-0.0,-0.0,0.22654361181985871,2025-01-02,3,20
-0.0,-0.010400072055759676,-0.0,-0.0,0.0,0.0,-0.0,-0.0,0.0,0.0,0.0,0.0,-0.0,0.0,-0.012444627929737136,0.012590414683224232,-0.0,-0.0,-0.0,0.0,-0.0,-0.0,-0.0,0.0,-0.0,-0.0,-0.03672295157137014,-0.10544891039632037,-0.0374669389900704,-0.0,-0.0,-0.0,-0.0,0.0,0.0,0.0,-0.0,-0.0,-0.0,0.026582351519729045,0.03206057208985525,-0.018175889387460013,-0.0,0.1598650057639215,-0.0,-0.0,-0.0,-0.0,0.0,0.0,0.0,0.0,-0.0,0.0,-0.007210823271559479,-0.0,-0.0,-0.0,-0.0,0.13243642905237998,0.0,0.0,0.0,0.0,-0.0,-0.0,-0.0,0.0,-0.0,-0.0,0.0,-0.00117118984227391,0.0,0.0,-0.0,0.0,-0.0,0.0,0.0,0.0,-0.0,0.0,0.0,0.0,0.0,-0.0,-0.0,0.016464655750404004,-0.0,-0.0,-0.0,-0.0,-0.0,0.0,-0.0,0.0,0.0,0.0,0.0,0.0,-0.0,0.0,-0.0,0.0,0.0,-0.0,0.00748029488214561,0.0,-0.0,-0.0,-0.0,-0.0,0.0,-0.0,0.0,0.0,0.02213285841076794,0.0,0.0,0.0,0.0,0.0,0.0,0.0,0.0,0.0,0.0,-0.0,-0.0,-0.0,0.0,0.0,-0.0,-0.0,-0.0,-0.0,0.0,-0.0,-0.0,0.0,0.0,0.0,0.0,-0.0,-0.0,-0.0,-0.0,0.0,0.0,-0.0,0.015072600199570721,0.0,-0.0,-0.0,-0.0,0.0,-0.0,0.0,0.030222564339400928,0.05239976142859474,0.0,0.0,0.0,0.0,0.0,0.0,0.0,0.0,0.0,-0.0,0.0,0.0,0.0,-0.0,-0.0,0.22654361181985871,2025-01-03,3,20
-0.0,-0.01713833181255177,-0.0,-0.0,0.0,0.0,-0.0,-0.0,0.0,0.0,0.0,0.0,-0.0,0.0,-0.008461135773639335,0.001776987731750375,-0.0,-0.0,-0.0,0.0,-0.0,-0.0,-0.0,0.0,-0.0,-0.0,-0.035888062769471776,-0.10436078712131368,-0.03765035333131467,-0.0,-0.0,-0.0,-0.0,0.0,0.0,0.0,-0.0,-0.0,-0.0,0.02327502084676482,0.037048922555714084,-0.014876330808356937,-0.0,0.15916979120747266,-0.0,-0.0,-0.0,-0.0,0.0,0.0,0.0,0.0,-0.0,0.0,-0.00550152912308479,-0.0,-0.0,-0.0,-0.0,0.13567770681244662,0.0,0.0,0.0,0.0,-0.0,-0.0,-0.0,0.0,-0.0,-0.0,0.0,-0.0023830416497831594,0.0,0.0,-0.0,0.0,-0.0,0.0,0.0,0.0,-0.0,0.0,0.0,0.0,0.004426390491777559,-0.0,-0.0,0.016852053384238418,-0.0,-0.0,-0.0,-0.0,-0.0,-0.0,-0.0,0.0,0.0,0.0,0.0,0.0,-0.0,0.0,-0.0,0.0,0.0,-0.0,0.006802646962932459,0.0,-0.0,-0.007445239987369364,-0.0,-0.0,0.0,-0.0,0.0,0.0,0.023131671145393332,0.0,0.0,0.0,0.0,0.0,0.0,0.0,0.0,0.0,0.0,-0.0,-0.0,-0.0,0.0,0.0,-0.0,-0.0,-0.0,-0.0,0.0,-0.0,-0.0,0.0,0.0,0.0,0.0,-0.0,-0.0,-0.0,-0.0,0.0,0.0,-0.0,0.014396472951411008,0.0,-0.0,-0.0,-0.0,0.0,-0.0,0.0,0.028923893805457145,0.052589242310567275,0.0,0.0,0.0,0.0,0.0,0.0,0.0,0.0,0.0,-0.0,0.0,0.0,0.0,-0.0,-0.0,0.22768323182282105,2025-01-04,3,22
-0.0,-0.01713833181255177,-0.0,-0.0,0.0,0.0,-0.0,-0.0,0.0,0.0,0.0,0.0,-0.0,0.0,-0.008461135773639335,0.001776987731750375,-0.0,-0.0,-0.0,0.0,-0.0,-0.0,-0.0,0.0,-0.0,-0.0,-0.035888062769471776,-0.10436078712131368,-0.03765035333131467,-0.0,-0.0,-0.0,-0.0,0.0,0.0,0.0,-0.0,-0.0,-0.0,0.02327502084676482,0.037048922555714084,-0.014876330808356937,-0.0,0.15916979120747266,-0.0,-0.0,-0.0,-0.0,0.0,0.0,0.0,0.0,-0.0,0.0,-0.00550152912308479,-0.0,-0.0,-0.0,-0.0,0.13567770681244662,0.0,0.0,0.0,0.0,-0.0,-0.0,-0.0,0.0,-0.0,-0.0,0.0,-0.0023830416497831594,0.0,0.0,-0.0,0.0,-0.0,0.0,0.0,0.0,-0.0,0.0,0.0,0.0,0.004426390491777559,-0.0,-0.0,0.016852053384238418,-0.0,-0.0,-0.0,-0.0,-0.0,-0.0,-0.0,0.0,0.0,0.0,0.0,0.0,-0.0,0.0,-0.0,0.0,0.0,-0.0,0.006802646962932459,0.0,-0.0,-0.007445239987369364,-0.0,-0.0,0.0,-0.0,0.0,0.0,0.023131671145393332,0.0,0.0,0.0,0.0,0.0,0.0,0.0,0.0,0.0,0.0,-0.0,-0.0,-0.0,0.0,0.0,-0.0,-0.0,-0.0,-0.0,0.0,-0.0,-0.0,0.0,0.0,0.0,0.0,-0.0,-0.0,-0.0,-0.0,0.0,0.0,-0.0,0.014396472951411008,0.0,-0.0,-0.0,-0.0,0.0,-0.0,0.0,0.028923893805457145,0.052589242310567275,0.0,0.0,0.0,0.0,0.0,0.0,0.0,0.0,0.0,-0.0,0.0,0.0,0.0,-0.0,-0.0,0.22768323182282105,2025-01-05,3,22
-0.0,-0.01713833181255177,-0.0,-0.0,0.0,0.0,-0.0,-0.0,0.0,0.0,0.0,0.0,-0.0,0.0,-0.008461135773639335,0.001776987731750375,-0.0,-0.0,-0.0,0.0,-0.0,-0.0,-0.0,0.0,-0.0,-0.0,-0.035888062769471776,-0.10436078712131368,-0.03765035333131467,-0.0,-0.0,-0.0,-0.0,0.0,0.0,0.0,-0.0,-0.0,-0.0,0.02327502084676482,0.037048922555714084,-0.014876330808356937,-0.0,0.15916979120747266,-0.0,-0.0,-0.0,-0.0,0.0,0.0,0.0,0.0,-0.0,0.0,-0.00550152912308479,-0.0,-0.0,-0.0,-0.0,0.13567770681244662,0.0,0.0,0.0,0.0,-0.0,-0.0,-0.0,0.0,-0.0,-0.0,0.0,-0.0023830416497831594,0.0,0.0,-0.0,0.0,-0.0,0.0,0.0,0.0,-0.0,0.0,0.0,0.0,0.004426390491777559,-0.0,-0.0,0.016852053384238418,-0.0,-0.0,-0.0,-0.0,-0.0,-0.0,-0.0,0.0,0.0,0.0,0.0,0.0,-0.0,0.0,-0.0,0.0,0.0,-0.0,0.006802646962932459,0.0,-0.0,-0.007445239987369364,-0.0,-0.0,0.0,-0.0,0.0,0.0,0.023131671145393332,0.0,0.0,0.0,0.0,0.0,0.0,0.0,0.0,0.0,0.0,-0.0,-0.0,-0.0,0.0,0.0,-0.0,-0.0,-0.0,-0.0,0.0,-0.0,-0.0,0.0,0.0,0.0,0.0,-0.0,-0.0,-0.0,-0.0,0.0,0.0,-0.0,0.014396472951411008,0.0,-0.0,-0.0,-0.0,0.0,-0.0,0.0,0.028923893805457145,0.052589242310567275,0.0,0.0,0.0,0.0,0.0,0.0,0.0,0.0,0.0,-0.0,0.0,0.0,0.0,-0.0,-0.0,0.22768323182282105,2025-01-06,3,22
-0.0,-0.01713833181255177,-0.0,-0.0,0.0,0.0,-0.0,-0.0,0.0,0.0,0.0,0.0,-0.0,0.0,-0.008461135773639335,0.001776987731750375,-0.0,-0.0,-0.0,0.0,-0.0,-0.0,-0.0,0.0,-0.0,-0.0,-0.035888062769471776,-0.10436078712131368,-0.03765035333131467,-0.0,-0.0,-0.0,-0.0,0.0,0.0,0.0,-0.0,-0.0,-0.0,0.02327502084676482,0.037048922555714084,-0.014876330808356937,-0.0,0.15916979120747266,-0.0,-0.0,-0.0,-0.0,0.0,0.0,0.0,0.0,-0.0,0.0,-0.00550152912308479,-0.0,-0.0,-0.0,-0.0,0.13567770681244662,0.0,0.0,0.0,0.0,-0.0,-0.0,-0.0,0.0,-0.0,-0.0,0.0,-0.0023830416497831594,0.0,0.0,-0.0,0.0,-0.0,0.0,0.0,0.0,-0.0,0.0,0.0,0.0,0.004426390491777559,-0.0,-0.0,0.016852053384238418,-0.0,-0.0,-0.0,-0.0,-0.0,-0.0,-0.0,0.0,0.0,0.0,0.0,0.0,-0.0,0.0,-0.0,0.0,0.0,-0.0,0.006802646962932459,0.0,-0.0,-0.007445239987369364,-0.0,-0.0,0.0,-0.0,0.0,0.0,0.023131671145393332,0.0,0.0,0.0,0.0,0.0,0.0,0.0,0.0,0.0,0.0,-0.0,-0.0,-0.0,0.0,0.0,-0.0,-0.0,-0.0,-0.0,0.0,-0.0,-0.0,0.0,0.0,0.0,0.0,-0.0,-0.0,-0.0,-0.0,0.0,0.0,-0.0,0.014396472951411008,0.0,-0.0,-0.0,-0.0,0.0,-0.0,0.0,0.028923893805457145,0.052589242310567275,0.0,0.0,0.0,0.0,0.0,0.0,0.0,0.0,0.0,-0.0,0.0,0.0,0.0,-0.0,-0.0,0.22768323182282105,2025-01-07,3,22
-0.0,-0.01713833181255177,-0.0,-0.0,0.0,0.0,-0.0,-0.0,0.0,0.0,0.0,0.0,-0.0,0.0,-0.008461135773639335,0.001776987731750375,-0.0,-0.0,-0.0,0.0,-0.0,-0.0,-0.0,0.0,-0.0,-0.0,-0.035888062769471776,-0.10436078712131368,-0.03765035333131467,-0.0,-0.0,-0.0,-0.0,0.0,0.0,0.0,-0.0,-0.0,-0.0,0.02327502084676482,0.037048922555714084,-0.014876330808356937,-0.0,0.15916979120747266,-0.0,-0.0,-0.0,-0.0,0.0,0.0,0.0,0.0,-0.0,0.0,-0.00550152912308479,-0.0,-0.0,-0.0,-0.0,0.13567770681244662,0.0,0.0,0.0,0.0,-0.0,-0.0,-0.0,0.0,-0.0,-0.0,0.0,-0.0023830416497831594,0.0,0.0,-0.0,0.0,-0.0,0.0,0.0,0.0,-0.0,0.0,0.0,0.0,0.004426390491777559,-0.0,-0.0,0.016852053384238418,-0.0,-0.0,-0.0,-0.0,-0.0,-0.0,-0.0,0.0,0.0,0.0,0.0,0.0,-0.0,0.0,-0.0,0.0,0.0,-0.0,0.006802646962932459,0.0,-0.0,-0.007445239987369364,-0.0,-0.0,0.0,-0.0,0.0,0.0,0.023131671145393332,0.0,0.0,0.0,0.0,0.0,0.0,0.0,0.0,0.0,0.0,-0.0,-0.0,-0.0,0.0,0.0,-0.0,-0.0,-0.0,-0.0,0.0,-0.0,-0.0,0.0,0.0,0.0,0.0,-0.0,-0.0,-0.0,-0.0,0.0,0.0,-0.0,0.014396472951411008,0.0,-0.0,-0.0,-0.0,0.0,-0.0,0.0,0.028923893805457145,0.052589242310567275,0.0,0.0,0.0,0.0,0.0,0.0,0.0,0.0,0.0,-0.0,0.0,0.0,0.0,-0.0,-0.0,0.22768323182282105,2025-01-08,3,22
-0.0,-0.01713833181255177,-0.0,-0.0,0.0,0.0,-0.0,-0.0,0.0,0.0,0.0,0.0,-0.0,0.0,-0.008461135773639335,0.001776987731750375,-0.0,-0.0,-0.0,0.0,-0.0,-0.0,-0.0,0.0,-0.0,-0.0,-0.035888062769471776,-0.10436078712131368,-0.03765035333131467,-0.0,-0.0,-0.0,-0.0,0.0,0.0,0.0,-0.0,-0.0,-0.0,0.02327502084676482,0.037048922555714084,-0.014876330808356937,-0.0,0.15916979120747266,-0.0,-0.0,-0.0,-0.0,0.0,0.0,0.0,0.0,-0.0,0.0,-0.00550152912308479,-0.0,-0.0,-0.0,-0.0,0.13567770681244662,0.0,0.0,0.0,0.0,-0.0,-0.0,-0.0,0.0,-0.0,-0.0,0.0,-0.0023830416497831594,0.0,0.0,-0.0,0.0,-0.0,0.0,0.0,0.0,-0.0,0.0,0.0,0.0,0.004426390491777559,-0.0,-0.0,0.016852053384238418,-0.0,-0.0,-0.0,-0.0,-0.0,-0.0,-0.0,0.0,0.0,0.0,0.0,0.0,-0.0,0.0,-0.0,0.0,0.0,-0.0,0.006802646962932459,0.0,-0.0,-0.007445239987369364,-0.0,-0.0,0.0,-0.0,0.0,0.0,0.023131671145393332,0.0,0.0,0.0,0.0,0.0,0.0,0.0,0.0,0.0,0.0,-0.0,-0.0,-0.0,0.0,0.0,-0.0,-0.0,-0.0,-0.0,0.0,-0.0,-0.0,0.0,0.0,0.0,0.0,-0.0,-0.0,-0.0,-0.0,0.0,0.0,-0.0,0.014396472951411008,0.0,-0.0,-0.0,-0.0,0.0,-0.0,0.0,0.028923893805457145,0.052589242310567275,0.0,0.0,0.0,0.0,0.0,0.0,0.0,0.0,0.0,-0.0,0.0,0.0,0.0,-0.0,-0.0,0.22768323182282105,2025-01-09,3,22
-0.0,-0.01713833181255177,-0.0,-0.0,0.0,0.0,-0.0,-0.0,0.0,0.0,0.0,0.0,-0.0,0.0,-0.008461135773639335,0.001776987731750375,-0.0,-0.0,-0.0,0.0,-0.0,-0.0,-0.0,0.0,-0.0,-0.0,-0.035888062769471776,-0.10436078712131368,-0.03765035333131467,-0.0,-0.0,-0.0,-0.0,0.0,0.0,0.0,-0.0,-0.0,-0.0,0.02327502084676482,0.037048922555714084,-0.014876330808356937,-0.0,0.15916979120747266,-0.0,-0.0,-0.0,-0.0,0.0,0.0,0.0,0.0,-0.0,0.0,-0.00550152912308479,-0.0,-0.0,-0.0,-0.0,0.13567770681244662,0.0,0.0,0.0,0.0,-0.0,-0.0,-0.0,0.0,-0.0,-0.0,0.0,-0.0023830416497831594,0.0,0.0,-0.0,0.0,-0.0,0.0,0.0,0.0,-0.0,0.0,0.0,0.0,0.004426390491777559,-0.0,-0.0,0.016852053384238418,-0.0,-0.0,-0.0,-0.0,-0.0,-0.0,-0.0,0.0,0.0,0.0,0.0,0.0,-0.0,0.0,-0.0,0.0,0.0,-0.0,0.006802646962932459,0.0,-0.0,-0.007445239987369364,-0.0,-0.0,0.0,-0.0,0.0,0.0,0.023131671145393332,0.0,0.0,0.0,0.0,0.0,0.0,0.0,0.0,0.0,0.0,-0.0,-0.0,-0.0,0.0,0.0,-0.0,-0.0,-0.0,-0.0,0.0,-0.0,-0.0,0.0,0.0,0.0,0.0,-0.0,-0.0,-0.0,-0.0,0.0,0.0,-0.0,0.014396472951411008,0.0,-0.0,-0.0,-0.0,0.0,-0.0,0.0,0.028923893805457145,0.052589242310567275,0.0,0.0,0.0,0.0,0.0,0.0,0.0,0.0,0.0,-0.0,0.0,0.0,0.0,-0.0,-0.0,0.22768323182282105,2025-01-10,3,22
-0.0,-0.021089662129899326,-0.0,-0.0,0.0,0.0,-0.0,-0.0,0.0,0.0,0.0,0.0,-0.0,0.0,-0.007747743233916217,0.0,-0.0,-0.0,-0.0,0.0,-0.0,-0.0,-0.0,0.0,-0.0,-0.0,-0.037271640065503,-0.10275455134049616,-0.03963281101895115,-0.0,-0.0,-0.0,-0.0,0.0,0.0,0.0,-0.0,-0.0,-0.0,0.016665585437897108,0.0444008824110579,-0.005715352329628943,-0.0,0.15509129453068146,-0.0,-0.0,-0.0,-0.0,0.0,0.0,0.0,0.0,-0.0,0.0,-0.004295689949377776,-0.0,-0.0,-0.0,-0.0,0.14293767889077688,0.0,0.0,0.0,0.0,-0.0,-0.0,-0.0,0.0,-0.0,-0.0,0.0,-0.0033348045694021667,0.0,0.0,-0.0,0.0,-0.0,0.0,0.0,0.0,-0.0,0.0,0.0,0.0,0.004785696865387937,-0.0031775813680030122,-0.0,0.014847738762273372,-0.0,-0.0,-0.0,-0.0,-0.0,-0.0,-0.0,0.0,0.0,0.0,0.0,0.0,-0.0,0.0,-0.0,0.0,0.0,-0.0,0.006824551930830458,0.0,-0.0,-0.010335417105087397,-0.0,-0.0,0.0,0.0,0.0,0.0,0.022510652453378088,0.0,-0.0,0.0,0.0,0.0,0.0,0.0,0.0,0.0,0.0,-0.0,-0.0,-0.0,0.0,0.0,-0.0,-0.0,-0.0,-0.0,-0.0,-0.0,-0.0,0.0,0.0,0.0,0.0,-0.0,-0.0,-0.0,-0.0,0.0,0.0,-0.0,0.014355297821751148,0.0,-0.0,-0.0,-0.0,0.0,-0.0,0.0,0.02709617452660683,0.052808942104971245,0.0,0.0,0.0,0.0,0.0,0.0,0.0,0.0,0.0,-0.0,0.0,0.0,0.0,-0.0,-0.0,0.22828987021451388,2025-01-11,3,22
-0.0,-0.021089662129899326,-0.0,-0.0,0.0,0.0,-0.0,-0.0,0.0,0.0,0.0,0.0,-0.0,0.0,-0.007747743233916217,0.0,-0.0,-0.0,-0.0,0.0,-0.0,-0.0,-0.0,0.0,-0.0,-0.0,-0.037271640065503,-0.10275455134049616,-0.03963281101895115,-0.0,-0.0,-0.0,-0.0,0.0,0.0,0.0,-0.0,-0.0,-0.0,0.016665585437897108,0.0444008824110579,-0.005715352329628943,-0.0,0.15509129453068146,-0.0,-0.0,-0.0,-0.0,0.0,0.0,0.0,0.0,-0.0,0.0,-0.004295689949377776,-0.0,-0.0,-0.0,-0.0,0.14293767889077688,0.0,0.0,0.0,0.0,-0.0,-0.0,-0.0,0.0,-0.0,-0.0,0.0,-0.0033348045694021667,0.0,0.0,-0.0,0.0,-0.0,0.0,0.0,0.0,-0.0,0.0,0.0,0.0,0.004785696865387937,-0.0031775813680030122,-0.0,0.014847738762273372,-0.0,-0.0,-0.0,-0.0,-0.0,-0.0,-0.0,0.0,0.0,0.0,0.0,0.0,-0.0,0.0,-0.0,0.0,0.0,-0.0,0.006824551930830458,0.0,-0.0,-0.010335417105087397,-0.0,-0.0,0.0,0.0,0.0,0.0,0.022510652453378088,0.0,-0.0,0.0,0.0,0.0,0.0,0.0,0.0,0.0,0.0,-0.0,-0.0,-0.0,0.0,0.0,-0.0,-0.0,-0.0,-0.0,-0.0,-0.0,-0.0,0.0,0.0,0.0,0.0,-0.0,-0.0,-0.0,-0.0,0.0,0.0,-0.0,0.014355297821751148,0.0,-0.0,-0.0,-0.0,0.0,-0.0,0.0,0.02709617452660683,0.052808942104971245,0.0,0.0,0.0,0.0,0.0,0.0,0.0,0.0,0.0,-0.0,0.0,0.0,0.0,-0.0,-0.0,0.22828987021451388,2025-01-12,3,22
-0.0,-0.021089662129899326,-0.0,-0.0,0.0,0.0,-0.0,-0.0,0.0,0.0,0.0,0.0,-0.0,0.0,-0.007747743233916217,0.0,-0.0,-0.0,-0.0,0.0,-0.0,-0.0,-0.0,0.0,-0.0,-0.0,-0.037271640065503,-0.10275455134049616,-0.03963281101895115,-0.0,-0.0,-0.0,-0.0,0.0,0.0,0.0,-0.0,-0.0,-0.0,0.016665585437897108,0.0444008824110579,-0.005715352329628943,-0.0,0.15509129453068146,-0.0,-0.0,-0.0,-0.0,0.0,0.0,0.0,0.0,-0.0,0.0,-0.004295689949377776,-0.0,-0.0,-0.0,-0.0,0.14293767889077688,0.0,0.0,0.0,0.0,-0.0,-0.0,-0.0,0.0,-0.0,-0.0,0.0,-0.0033348045694021667,0.0,0.0,-0.0,0.0,-0.0,0.0,0.0,0.0,-0.0,0.0,0.0,0.0,0.004785696865387937,-0.0031775813680030122,-0.0,0.014847738762273372,-0.0,-0.0,-0.0,-0.0,-0.0,-0.0,-0.0,0.0,0.0,0.0,0.0,0.0,-0.0,0.0,-0.0,0.0,0.0,-0.0,0.006824551930830458,0.0,-0.0,-0.010335417105087397,-0.0,-0.0,0.0,0.0,0.0,0.0,0.022510652453378088,0.0,-0.0,0.0,0.0,0.0,0.0,0.0,0.0,0.0,0.0,-0.0,-0.0,-0.0,0.0,0.0,-0.0,-0.0,-0.0,-0.0,-0.0,-0.0,-0.0,0.0,0.0,0.0,0.0,-0.0,-0.0,-0.0,-0.0,0.0,0.0,-0.0,0.014355297821751148,0.0,-0.0,-0.0,-0.0,0.0,-0.0,0.0,0.02709617452660683,0.052808942104971245,0.0,0.0,0.0,0.0,0.0,0.0,0.0,0.0,0.0,-0.0,0.0,0.0,0.0,-0.0,-0.0,0.22828987021451388,2025-01-13,3,22
-0.0,-0.021089662129899326,-0.0,-0.0,0.0,0.0,-0.0,-0.0,0.0,0.0,0.0,0.0,-0.0,0.0,-0.007747743233916217,0.0,-0.0,-0.0,-0.0,0.0,-0.0,-0.0,-0.0,0.0,-0.0,-0.0,-0.037271640065503,-0.10275455134049616,-0.03963281101895115,-0.0,-0.0,-0.0,-0.0,0.0,0.0,0.0,-0.0,-0.0,-0.0,0.016665585437897108,0.0444008824110579,-0.005715352329628943,-0.0,0.15509129453068146,-0.0,-0.0,-0.0,-0.0,0.0,0.0,0.0,0.0,-0.0,0.0,-0.004295689949377776,-0.0,-0.0,-0.0,-0.0,0.14293767889077688,0.0,0.0,0.0,0.0,-0.0,-0.0,-0.0,0.0,-0.0,-0.0,0.0,-0.0033348045694021667,0.0,0.0,-0.0,0.0,-0.0,0.0,0.0,0.0,-0.0,0.0,0.0,0.0,0.004785696865387937,-0.0031775813680030122,-0.0,0.014847738762273372,-0.0,-0.0,-0.0,-0.0,-0.0,-0.0,-0.0,0.0,0.0,0.0,0.0,0.0,-0.0,0.0,-0.0,0.0,0.0,-0.0,0.006824551930830458,0.0,-0.0,-0.010335417105087397,-0.0,-0.0,0.0,0.0,0.0,0.0,0.022510652453378088,0.0,-0.0,0.0,0.0,0.0,0.0,0.0,0.0,0.0,0.0,-0.0,-0.0,-0.0,0.0,0.0,-0.0,-0.0,-0.0,-0.0,-0.0,-0.0,-0.0,0.0,0.0,0.0,0.0,-0.0,-0.0,-0.0,-0.0,0.0,0.0,-0.0,0.014355297821751148,0.0,-0.0,-0.0,-0.0,0.0,-0.0,0.0,0.02709617452660683,0.052808942104971245,0.0,0.0,0.0,0.0,0.0,0.0,0.0,0.0,0.0,-0.0,0.0,0.0,0.0,-0.0,-0.0,0.22828987021451388,2025-01-14,3,22
-0.0,-0.021089662129899326,-0.0,-0.0,0.0,0.0,-0.0,-0.0,0.0,0.0,0.0,0.0,-0.0,0.0,-0.007747743233916217,0.0,-0.0,-0.0,-0.0,0.0,-0.0,-0.0,-0.0,0.0,-0.0,-0.0,-0.037271640065503,-0.10275455134049616,-0.03963281101895115,-0.0,-0.0,-0.0,-0.0,0.0,0.0,0.0,-0.0,-0.0,-0.0,0.016665585437897108,0.0444008824110579,-0.005715352329628943,-0.0,0.15509129453068146,-0.0,-0.0,-0.0,-0.0,0.0,0.0,0.0,0.0,-0.0,0.0,-0.004295689949377776,-0.0,-0.0,-0.0,-0.0,0.14293767889077688,0.0,0.0,0.0,0.0,-0.0,-0.0,-0.0,0.0,-0.0,-0.0,0.0,-0.0033348045694021667,0.0,0.0,-0.0,0.0,-0.0,0.0,0.0,0.0,-0.0,0.0,0.0,0.0,0.004785696865387937,-0.0031775813680030122,-0.0,0.014847738762273372,-0.0,-0.0,-0.0,-0.0,-0.0,-0.0,-0.0,0.0,0.0,0.0,0.0,0.0,-0.0,0.0,-0.0,0.0,0.0,-0.0,0.006824551930830458,0.0,-0.0,-0.010335417105087397,-0.0,-0.0,0.0,0.0,0.0,0.0,0.022510652453378088,0.0,-0.0,0.0,0.0,0.0,0.0,0.0,0.0,0.0,0.0,-0.0,-0.0,-0.0,0.0,0.0,-0.0,-0.0,-0.0,-0.0,-0.0,-0.0,-0.0,0.0,0.0,0.0,0.0,-0.0,-0.0,-0.0,-0.0,0.0,0.0,-0.0,0.014355297821751148,0.0,-0.0,-0.0,-0.0,0.0,-0.0,0.0,0.02709617452660683,0.052808942104971245,0.0,0.0,0.0,0.0,0.0,0.0,0.0,0.0,0.0,-0.0,0.0,0.0,0.0,-0.0,-0.0,0.22828987021451388,2025-01-15,3,22
-0.0,-0.021089662129899326,-0.0,-0.0,0.0,0.0,-0.0,-0.0,0.0,0.0,0.0,0.0,-0.0,0.0,-0.007747743233916217,0.0,-0.0,-0.0,-0.0,0.0,-0.0,-0.0,-0.0,0.0,-0.0,-0.0,-0.037271640065503,-0.10275455134049616,-0.03963281101895115,-0.0,-0.0,-0.0,-0.0,0.0,0.0,0.0,-0.0,-0.0,-0.0,0.016665585437897108,0.0444008824110579,-0.005715352329628943,-0.0,0.15509129453068146,-0.0,-0.0,-0.0,-0.0,0.0,0.0,0.0,0.0,-0.0,0.0,-0.004295689949377776,-0.0,-0.0,-0.0,-0.0,0.14293767889077688,0.0,0.0,0.0,0.0,-0.0,-0.0,-0.0,0.0,-0.0,-0.0,0.0,-0.0033348045694021667,0.0,0.0,-0.0,0.0,-0.0,0.0,0.0,0.0,-0.0,0.0,0.0,0.0,0.004785696865387937,-0.0031775813680030122,-0.0,0.014847738762273372,-0.0,-0.0,-0.0,-0.0,-0.0,-0.0,-0.0,0.0,0.0,0.0,0.0,0.0,-0.0,0.0,-0.0,0.0,0.0,-0.0,0.006824551930830458,0.0,-0.0,-0.010335417105087397,-0.0,-0.0,0.0,0.0,0.0,0.0,0.022510652453378088,0.0,-0.0,0.0,0.0,0.0,0.0,0.0,0.0,0.0,0.0,-0.0,-0.0,-0.0,0.0,0.0,-0.0,-0.0,-0.0,-0.0,-0.0,-0.0,-0.0,0.0,0.0,0.0,0.0,-0.0,-0.0,-0.0,-0.0,0.0,0.0,-0.0,0.014355297821751148,0.0,-0.0,-0.0,-0.0,0.0,-0.0,0.0,0.02709617452660683,0.052808942104971245,0.0,0.0,0.0,0.0,0.0,0.0,0.0,0.0,0.0,-0.0,0.0,0.0,0.0,-0.0,-0.0,0.22828987021451388,2025-01-16,3,22
-0.0,-0.021089662129899326,-0.0,-0.0,0.0,0.0,-0.0,-0.0,0.0,0.0,0.0,0.0,-0.0,0.0,-0.007747743233916217,0.0,-0.0,-0.0,-0.0,0.0,-0.0,-0.0,-0.0,0.0,-0.0,-0.0,-0.037271640065503,-0.10275455134049616,-0.03963281101895115,-0.0,-0.0,-0.0,-0.0,0.0,0.0,0.0,-0.0,-0.0,-0.0,0.016665585437897108,0.0444008824110579,-0.005715352329628943,-0.0,0.15509129453068146,-0.0,-0.0,-0.0,-0.0,0.0,0.0,0.0,0.0,-0.0,0.0,-0.004295689949377776,-0.0,-0.0,-0.0,-0.0,0.14293767889077688,0.0,0.0,0.0,0.0,-0.0,-0.0,-0.0,0.0,-0.0,-0.0,0.0,-0.0033348045694021667,0.0,0.0,-0.0,0.0,-0.0,0.0,0.0,0.0,-0.0,0.0,0.0,0.0,0.004785696865387937,-0.0031775813680030122,-0.0,0.014847738762273372,-0.0,-0.0,-0.0,-0.0,-0.0,-0.0,-0.0,0.0,0.0,0.0,0.0,0.0,-0.0,0.0,-0.0,0.0,0.0,-0.0,0.006824551930830458,0.0,-0.0,-0.010335417105087397,-0.0,-0.0,0.0,0.0,0.0,0.0,0.022510652453378088,0.0,-0.0,0.0,0.0,0.0,0.0,0.0,0.0,0.0,0.0,-0.0,-0.0,-0.0,0.0,0.0,-0.0,-0.0,-0.0,-0.0,-0.0,-0.0,-0.0,0.0,0.0,0.0,0.0,-0.0,-0.0,-0.0,-0.0,0.0,0.0,-0.0,0.014355297821751148,0.0,-0.0,-0.0,-0.0,0.0,-0.0,0.0,0.02709617452660683,0.052808942104971245,0.0,0.0,0.0,0.0,0.0,0.0,0.0,0.0,0.0,-0.0,0.0,0.0,0.0,-0.0,-0.0,0.22828987021451388,2025-01-17,3,22
-0.0,-0.014045603133339834,-0.0,-0.0,0.0,0.0,-0.0,-0.0,0.0,0.0,0.0,0.0,-0.0,0.0,-0.005908958822723431,0.0,-0.0,-0.0,-0.0,0.0,-0.0,-0.0,-0.0,0.0,-0.0,-0.0,-0.03402113065364769,-0.10181205385744184,-0.03713815760295054,-0.0,-0.0,-0.0,-0.0,0.0,0.0,0.0,-0.0,-0.0,-0.0,0.015989809326481565,0.0417482290516089,-0.0,-0.0,0.1522975374451172,-0.0,-0.0,-0.0,-0.0,0.0,0.0,0.0,-0.0,0.0,0.0,-0.0015139062875155018,-0.0,-0.0,-0.0,-0.0,0.15195329264532945,0.0,0.0,0.0,0.0,-0.0,-0.0,-0.0,0.0,-0.0,-0.0,0.0,-0.002976228926152117,0.0,0.0,-0.0,0.0,-0.0,0.0,0.0,0.0,-0.0,0.0,0.0,0.0,0.003268039735420294,-0.0038704255523825826,-0.0,0.0161632643238339,-0.0,-0.0,-0.0,-0.0,-0.0,-0.0,0.0,-0.0,0.0,0.0,0.0,0.0,-0.0,0.0,-0.0,0.0,0.0,-0.0,0.007314810864052137,0.0,-0.0,-0.010551296180358861,-0.0,-0.0,0.0,0.0,0.0,0.0,0.022410275234392058,0.0,-0.0,0.0,0.0,0.0,0.0,0.0,0.0,0.0,0.0,-0.0,-0.0,-0.0,0.0,0.0,-0.0,-0.0,-0.0,-0.0,0.0,-0.0,-0.0,0.0,0.0,0.0,0.0,-0.0,-0.0,-0.0,-0.0,0.0,0.0,-0.0,0.015091010338375625,0.0,-0.0,-0.0,-0.0,0.0,-0.0,-0.0,0.02692952267162286,0.05204220511668677,0.0,0.0,0.0,0.0,0.0,0.0,0.0,0.0,0.0,-0.0,0.0,0.0,0.0,-0.0,-0.0,0.23085521922964725,2025-01-18,3,21
-0.0,-0.014045603133339834,-0.0,-0.0,0.0,0.0,-0.0,-0.0,0.0,0.0,0.0,0.0,-0.0,0.0,-0.005908958822723431,0.0,-0.0,-0.0,-0.0,0.0,-0.0,-0.0,-0.0,0.0,-0.0,-0.0,-0.03402113065364769,-0.10181205385744184,-0.03713815760295054,-0.0,-0.0,-0.0,-0.0,0.0,0.0,0.0,-0.0,-0.0,-0.0,0.015989809326481565,0.0417482290516089,-0.0,-0.0,0.1522975374451172,-0.0,-0.0,-0.0,-0.0,0.0,0.0,0.0,-0.0,0.0,0.0,-0.0015139062875155018,-0.0,-0.0,-0.0,-0.0,0.15195329264532945,0.0,0.0,0.0,0.0,-0.0,-0.0,-0.0,0.0,-0.0,-0.0,0.0,-0.002976228926152117,0.0,0.0,-0.0,0.0,-0.0,0.0,0.0,0.0,-0.0,0.0,0.0,0.0,0.003268039735420294,-0.0038704255523825826,-0.0,0.0161632643238339,-0.0,-0.0,-0.0,-0.0,-0.0,-0.0,0.0,-0.0,0.0,0.0,0.0,0.0,-0.0,0.0,-0.0,0.0,0.0,-0.0,0.007314810864052137,0.0,-0.0,-0.010551296180358861,-0.0,-0.0,0.0,0.0,0.0,0.0,0.022410275234392058,0.0,-0.0,0.0,0.0,0.0,0.0,0.0,0.0,0.0,0.0,-0.0,-0.0,-0.0,0.0,0.0,-0.0,-0.0,-0.0,-0.0,0.0,-0.0,-0.0,0.0,0.0,0.0,0.0,-0.0,-0.0,-0.0,-0.0,0.0,0.0,-0.0,0.015091010338375625,0.0,-0.0,-0.0,-0.0,0.0,-0.0,-0.0,0.02692952267162286,0.05204220511668677,0.0,0.0,0.0,0.0,0.0,0.0,0.0,0.0,0.0,-0.0,0.0,0.0,0.0,-0.0,-0.0,0.23085521922964725,2025-01-19,3,21
-0.0,-0.014045603133339834,-0.0,-0.0,0.0,0.0,-0.0,-0.0,0.0,0.0,0.0,0.0,-0.0,0.0,-0.005908958822723431,0.0,-0.0,-0.0,-0.0,0.0,-0.0,-0.0,-0.0,0.0,-0.0,-0.0,-0.03402113065364769,-0.10181205385744184,-0.03713815760295054,-0.0,-0.0,-0.0,-0.0,0.0,0.0,0.0,-0.0,-0.0,-0.0,0.015989809326481565,0.0417482290516089,-0.0,-0.0,0.1522975374451172,-0.0,-0.0,-0.0,-0.0,0.0,0.0,0.0,-0.0,0.0,0.0,-0.0015139062875155018,-0.0,-0.0,-0.0,-0.0,0.15195329264532945,0.0,0.0,0.0,0.0,-0.0,-0.0,-0.0,0.0,-0.0,-0.0,0.0,-0.002976228926152117,0.0,0.0,-0.0,0.0,-0.0,0.0,0.0,0.0,-0.0,0.0,0.0,0.0,0.003268039735420294,-0.0038704255523825826,-0.0,0.0161632643238339,-0.0,-0.0,-0.0,-0.0,-0.0,-0.0,0.0,-0.0,0.0,0.0,0.0,0.0,-0.0,0.0,-0.0,0.0,0.0,-0.0,0.007314810864052137,0.0,-0.0,-0.010551296180358861,-0.0,-0.0,0.0,0.0,0.0,0.0,0.022410275234392058,0.0,-0.0,0.0,0.0,0.0,0.0,0.0,0.0,0.0,0.0,-0.0,-0.0,-0.0,0.0,0.0,-0.0,-0.0,-0.0,-0.0,0.0,-0.0,-0.0,0.0,0.0,0.0,0.0,-0.0,-0.0,-0.0,-0.0,0.0,0.0,-0.0,0.015091010338375625,0.0,-0.0,-0.0,-0.0,0.0,-0.0,-0.0,0.02692952267162286,0.05204220511668677,0.0,0.0,0.0,0.0,0.0,0.0,0.0,0.0,0.0,-0.0,0.0,0.0,0.0,-0.0,-0.0,0.23085521922964725,2025-01-20,3,21
-0.0,-0.014045603133339834,-0.0,-0.0,0.0,0.0,-0.0,-0.0,0.0,0.0,0.0,0.0,-0.0,0.0,-0.005908958822723431,0.0,-0.0,-0.0,-0.0,0.0,-0.0,-0.0,-0.0,0.0,-0.0,-0.0,-0.03402113065364769,-0.10181205385744184,-0.03713815760295054,-0.0,-0.0,-0.0,-0.0,0.0,0.0,0.0,-0.0,-0.0,-0.0,0.015989809326481565,0.0417482290516089,-0.0,-0.0,0.1522975374451172,-0.0,-0.0,-0.0,-0.0,0.0,0.0,0.0,-0.0,0.0,0.0,-0.0015139062875155018,-0.0,-0.0,-0.0,-0.0,0.15195329264532945,0.0,0.0,0.0,0.0,-0.0,-0.0,-0.0,0.0,-0.0,-0.0,0.0,-0.002976228926152117,0.0,0.0,-0.0,0.0,-0.0,0.0,0.0,0.0,-0.0,0.0,0.0,0.0,0.003268039735420294,-0.0038704255523825826,-0.0,0.0161632643238339,-0.0,-0.0,-0.0,-0.0,-0.0,-0.0,0.0,-0.0,0.0,0.0,0.0,0.0,-0.0,0.0,-0.0,0.0,0.0,-0.0,0.007314810864052137,0.0,-0.0,-0.010551296180358861,-0.0,-0.0,0.0,0.0,0.0,0.0,0.022410275234392058,0.0,-0.0,0.0,0.0,0.0,0.0,0.0,0.0,0.0,0.0,-0.0,-0.0,-0.0,0.0,0.0,-0.0,-0.0,-0.0,-0.0,0.0,-0.0,-0.0,0.0,0.0,0.0,0.0,-0.0,-0.0,-0.0,-0.0,0.0,0.0,-0.0,0.015091010338375625,0.0,-0.0,-0.0,-0.0,0.0,-0.0,-0.0,0.02692952267162286,0.05204220511668677,0.0,0.0,0.0,0.0,0.0,0.0,0.0,0.0,0.0,-0.0,0.0,0.0,0.0,-0.0,-0.0,0.23085521922964725,2025-01-21,3,21
-0.0,-0.014045603133339834,-0.0,-0.0,0.0,0.0,-0.0,-0.0,0.0,0.0,0.0,0.0,-0.0,0.0,-0.005908958822723431,0.0,-0.0,-0.0,-0.0,0.0,-0.0,-0.0,-0.0,0.0,-0.0,-0.0,-0.03402113065364769,-0.10181205385744184,-0.03713815760295054,-0.0,-0.0,-0.0,-0.0,0.0,0.0,0.0,-0.0,-0.0,-0.0,0.015989809326481565,0.0417482290516089,-0.0,-0.0,0.1522975374451172,-0.0,-0.0,-0.0,-0.0,0.0,0.0,0.0,-0.0,0.0,0.0,-0.0015139062875155018,-0.0,-0.0,-0.0,-0.0,0.15195329264532945,0.0,0.0,0.0,0.0,-0.0,-0.0,-0.0,0.0,-0.0,-0.0,0.0,-0.002976228926152117,0.0,0.0,-0.0,0.0,-0.0,0.0,0.0,0.0,-0.0,0.0,0.0,0.0,0.003268039735420294,-0.0038704255523825826,-0.0,0.0161632643238339,-0.0,-0.0,-0.0,-0.0,-0.0,-0.0,0.0,-0.0,0.0,0.0,0.0,0.0,-0.0,0.0,-0.0,0.0,0.0,-0.0,0.007314810864052137,0.0,-0.0,-0.010551296180358861,-0.0,-0.0,0.0,0.0,0.0,0.0,0.022410275234392058,0.0,-0.0,0.0,0.0,0.0,0.0,0.0,0.0,0.0,0.0,-0.0,-0.0,-0.0,0.0,0.0,-0.0,-0.0,-0.0,-0.0,0.0,-0.0,-0.0,0.0,0.0,0.0,0.0,-0.0,-0.0,-0.0,-0.0,0.0,0.0,-0.0,0.015091010338375625,0.0,-0.0,-0.0,-0.0,0.0,-0.0,-0.0,0.02692952267162286,0.05204220511668677,0.0,0.0,0.0,0.0,0.0,0.0,0.0,0.0,0.0,-0.0,0.0,0.0,0.0,-0.0,-0.0,0.23085521922964725,2025-01-22,3,21
-0.0,-0.014045603133339834,-0.0,-0.0,0.0,0.0,-0.0,-0.0,0.0,0.0,0.0,0.0,-0.0,0.0,-0.005908958822723431,0.0,-0.0,-0.0,-0.0,0.0,-0.0,-0.0,-0.0,0.0,-0.0,-0.0,-0.03402113065364769,-0.10181205385744184,-0.03713815760295054,-0.0,-0.0,-0.0,-0.0,0.0,0.0,0.0,-0.0,-0.0,-0.0,0.015989809326481565,0.0417482290516089,-0.0,-0.0,0.1522975374451172,-0.0,-0.0,-0.0,-0.0,0.0,0.0,0.0,-0.0,0.0,0.0,-0.0015139062875155018,-0.0,-0.0,-0.0,-0.0,0.15195329264532945,0.0,0.0,0.0,0.0,-0.0,-0.0,-0.0,0.0,-0.0,-0.0,0.0,-0.002976228926152117,0.0,0.0,-0.0,0.0,-0.0,0.0,0.0,0.0,-0.0,0.0,0.0,0.0,0.003268039735420294,-0.0038704255523825826,-0.0,0.0161632643238339,-0.0,-0.0,-0.0,-0.0,-0.0,-0.0,0.0,-0.0,0.0,0.0,0.0,0.0,-0.0,0.0,-0.0,0.0,0.0,-0.0,0.007314810864052137,0.0,-0.0,-0.010551296180358861,-0.0,-0.0,0.0,0.0,0.0,0.0,0.022410275234392058,0.0,-0.0,0.0,0.0,0.0,0.0,0.0,0.0,0.0,0.0,-0.0,-0.0,-0.0,0.0,0.0,-0.0,-0.0,-0.0,-0.0,0.0,-0.0,-0.0,0.0,0.0,0.0,0.0,-0.0,-0.0,-0.0,-0.0,0.0,0.0,-0.0,0.015091010338375625,0.0,-0.0,-0.0,-0.0,0.0,-0.0,-0.0,0.02692952267162286,0.05204220511668677,0.0,0.0,0.0,0.0,0.0,0.0,0.0,0.0,0.0,-0.0,0.0,0.0,0.0,-0.0,-0.0,0.23085521922964725,2025-01-23,3,21
-0.0,-0.014045603133339834,-0.0,-0.0,0.0,0.0,-0.0,-0.0,0.0,0.0,0.0,0.0,-0.0,0.0,-0.005908958822723431,0.0,-0.0,-0.0,-0.0,0.0,-0.0,-0.0,-0.0,0.0,-0.0,-0.0,-0.03402113065364769,-0.10181205385744184,-0.03713815760295054,-0.0,-0.0,-0.0,-0.0,0.0,0.0,0.0,-0.0,-0.0,-0.0,0.015989809326481565,0.0417482290516089,-0.0,-0.0,0.1522975374451172,-0.0,-0.0,-0.0,-0.0,0.0,0.0,0.0,-0.0,0.0,0.0,-0.0015139062875155018,-0.0,-0.0,-0.0,-0.0,0.15195329264532945,0.0,0.0,0.0,0.0,-0.0,-0.0,-0.0,0.0,-0.0,-0.0,0.0,-0.002976228926152117,0.0,0.0,-0.0,0.0,-0.0,0.0,0.0,0.0,-0.0,0.0,0.0,0.0,0.003268039735420294,-0.0038704255523825826,-0.0,0.0161632643238339,-0.0,-0.0,-0.0,-0.0,-0.0,-0.0,0.0,-0.0,0.0,0.0,0.0,0.0,-0.0,0.0,-0.0,0.0,0.0,-0.0,0.007314810864052137,0.0,-0.0,-0.010551296180358861,-0.0,-0.0,0.0,0.0,0.0,0.0,0.022410275234392058,0.0,-0.0,0.0,0.0,0.0,0.0,0.0,0.0,0.0,0.0,-0.0,-0.0,-0.0,0.0,0.0,-0.0,-0.0,-0.0,-0.0,0.0,-0.0,-0.0,0.0,0.0,0.0,0.0,-0.0,-0.0,-0.0,-0.0,0.0,0.0,-0.0,0.015091010338375625,0.0,-0.0,-0.0,-0.0,0.0,-0.0,-0.0,0.02692952267162286,0.05204220511668677,0.0,0.0,0.0,0.0,0.0,0.0,0.0,0.0,0.0,-0.0,0.0,0.0,0.0,-0.0,-0.0,0.23085521922964725,2025-01-24,3,21
-0.0,-0.013846097678283943,-0.0,-0.0,0.0,0.0,-0.0,-0.0,0.0,0.0,0.0,0.0,-0.0,0.0,-0.007667425897376903,0.0,-0.0,-0.0,-0.0,0.0,-0.0,-0.0,-0.0,0.0,-0.0,-0.0,-0.0345892336802474,-0.10636827450913758,-0.037972327361917725,-0.0,-0.0,-0.0,-0.0,0.0,0.0,0.0,-0.0,-0.0,-0.0,0.0013001959276436545,0.055858342204513696,-0.0,-0.0,0.1487258017904521,-0.0,-0.0,0.0,-0.0,0.0,0.0,0.0,0.0,0.0,0.0,-0.0027239217366373768,-0.0,-0.0,-0.0,-0.0,0.13700716178343234,0.0,0.0,0.0,0.0,-0.0,-0.0,-0.0,0.0,-0.0,-0.0,0.0,-0.007571756997135094,0.0,0.0,-0.0,0.0,-0.0,0.0,0.0,0.0,-0.0,0.0,0.0,0.0,0.0,-0.008329965429869662,-0.0,0.02312731535459869,-0.0,-0.0,-0.0,-0.0,-0.0,-0.0,0.0,0.0,0.0,0.0,0.0,0.0,-0.0,0.0,-0.0,0.0,0.0,-0.0,0.006957812247083382,0.0,-0.0,-0.0,-0.0,-0.0,0.0,0.0,0.0,0.0,0.0220376504363338,0.0,-0.0,0.0,0.0,0.0,0.0,0.0,0.0,0.0,0.0,-0.0,-0.002717846658490888,-0.0008246334704075278,0.0,0.0,-0.0,-0.0,-0.0,-0.0,0.0,-0.0,-0.0,0.0,0.0,0.0,0.0,-0.0,-0.0,-0.0,-0.0,0.0,0.0,-0.0,0.014868793283557542,0.0,-0.0,-0.0,-0.0,0.0,-0.0,-0.0,0.024488597540806505,0.05319298630406973,0.0,0.0,0.0,0.0,0.0,0.0,0.0,0.0,0.0,0.0,0.0,0.0,0.0,-0.0,0.0,0.23073090626914083,2025-01-25,3,21
-0.0,-0.013846097678283943,-0.0,-0.0,0.0,0.0,-0.0,-0.0,0.0,0.0,0.0,0.0,-0.0,0.0,-0.007667425897376903,0.0,-0.0,-0.0,-0.0,0.0,-0.0,-0.0,-0.0,0.0,-0.0,-0.0,-0.0345892336802474,-0.10636827450913758,-0.037972327361917725,-0.0,-0.0,-0.0,-0.0,0.0,0.0,0.0,-0.0,-0.0,-0.0,0.0013001959276436545,0.055858342204513696,-0.0,-0.0,0.1487258017904521,-0.0,-0.0,0.0,-0.0,0.0,0.0,0.0,0.0,0.0,0.0,-0.0027239217366373768,-0.0,-0.0,-0.0,-0.0,0.13700716178343234,0.0,0.0,0.0,0.0,-0.0,-0.0,-0.0,0.0,-0.0,-0.0,0.0,-0.007571756997135094,0.0,0.0,-0.0,0.0,-0.0,0.0,0.0,0.0,-0.0,0.0,0.0,0.0,0.0,-0.008329965429869662,-0.0,0.02312731535459869,-0.0,-0.0,-0.0,-0.0,-0.0,-0.0,0.0,0.0,0.0,0.0,0.0,0.0,-0.0,0.0,-0.0,0.0,0.0,-0.0,0.006957812247083382,0.0,-0.0,-0.0,-0.0,-0.0,0.0,0.0,0.0,0.0,0.0220376504363338,0.0,-0.0,0.0,0.0,0.0,0.0,0.0,0.0,0.0,0.0,-0.0,-0.002717846658490888,-0.0008246334704075278,0.0,0.0,-0.0,-0.0,-0.0,-0.0,0.0,-0.0,-0.0,0.0,0.0,0.0,0.0,-0.0,-0.0,-0.0,-0.0,0.0,0.0,-0.0,0.014868793283557542,0.0,-0.0,-0.0,-0.0,0.0,-0.0,-0.0,0.024488597540806505,0.05319298630406973,0.0,0.0,0.0,0.0,0.0,0.0,0.0,0.0,0.0,0.0,0.0,0.0,0.0,-0.0,0.0,0.23073090626914083,2025-01-26,3,21
-0.0,-0.013846097678283943,-0.0,-0.0,0.0,0.0,-0.0,-0.0,0.0,0.0,0.0,0.0,-0.0,0.0,-0.007667425897376903,0.0,-0.0,-0.0,-0.0,0.0,-0.0,-0.0,-0.0,0.0,-0.0,-0.0,-0.0345892336802474,-0.10636827450913758,-0.037972327361917725,-0.0,-0.0,-0.0,-0.0,0.0,0.0,0.0,-0.0,-0.0,-0.0,0.0013001959276436545,0.055858342204513696,-0.0,-0.0,0.1487258017904521,-0.0,-0.0,0.0,-0.0,0.0,0.0,0.0,0.0,0.0,0.0,-0.0027239217366373768,-0.0,-0.0,-0.0,-0.0,0.13700716178343234,0.0,0.0,0.0,0.0,-0.0,-0.0,-0.0,0.0,-0.0,-0.0,0.0,-0.007571756997135094,0.0,0.0,-0.0,0.0,-0.0,0.0,0.0,0.0,-0.0,0.0,0.0,0.0,0.0,-0.008329965429869662,-0.0,0.02312731535459869,-0.0,-0.0,-0.0,-0.0,-0.0,-0.0,0.0,0.0,0.0,0.0,0.0,0.0,-0.0,0.0,-0.0,0.0,0.0,-0.0,0.006957812247083382,0.0,-0.0,-0.0,-0.0,-0.0,0.0,0.0,0.0,0.0,0.0220376504363338,0.0,-0.0,0.0,0.0,0.0,0.0,0.0,0.0,0.0,0.0,-0.0,-0.002717846658490888,-0.0008246334704075278,0.0,0.0,-0.0,-0.0,-0.0,-0.0,0.0,-0.0,-0.0,0.0,0.0,0.0,0.0,-0.0,-0.0,-0.0,-0.0,0.0,0.0,-0.0,0.014868793283557542,0.0,-0.0,-0.0,-0.0,0.0,-0.0,-0.0,0.024488597540806505,0.05319298630406973,0.0,0.0,0.0,0.0,0.0,0.0,0.0,0.0,0.0,0.0,0.0,0.0,0.0,-0.0,0.0,0.23073090626914083,2025-01-27,3,21
-0.0,-0.013846097678283943,-0.0,-0.0,0.0,0.0,-0.0,-0.0,0.0,0.0,0.0,0.0,-0.0,0.0,-0.007667425897376903,0.0,-0.0,-0.0,-0.0,0.0,-0.0,-0.0,-0.0,0.0,-0.0,-0.0,-0.0345892336802474,-0.10636827450913758,-0.037972327361917725,-0.0,-0.0,-0.0,-0.0,0.0,0.0,0.0,-0.0,-0.0,-0.0,0.0013001959276436545,0.055858342204513696,-0.0,-0.0,0.1487258017904521,-0.0,-0.0,0.0,-0.0,0.0,0.0,0.0,0.0,0.0,0.0,-0.0027239217366373768,-0.0,-0.0,-0.0,-0.0,0.13700716178343234,0.0,0.0,0.0,0.0,-0.0,-0.0,-0.0,0.0,-0.0,-0.0,0.0,-0.007571756997135094,0.0,0.0,-0.0,0.0,-0.0,0.0,0.0,0.0,-0.0,0.0,0.0,0.0,0.0,-0.008329965429869662,-0.0,0.02312731535459869,-0.0,-0.0,-0.0,-0.0,-0.0,-0.0,0.0,0.0,0.0,0.0,0.0,0.0,-0.0,0.0,-0.0,0.0,0.0,-0.0,0.006957812247083382,0.0,-0.0,-0.0,-0.0,-0.0,0.0,0.0,0.0,0.0,0.0220376504363338,0.0,-0.0,0.0,0.0,0.0,0.0,0.0,0.0,0.0,0.0,-0.0,-0.002717846658490888,-0.0008246334704075278,0.0,0.0,-0.0,-0.0,-0.0,-0.0,0.0,-0.0,-0.0,0.0,0.0,0.0,0.0,-0.0,-0.0,-0.0,-0.0,0.0,0.0,-0.0,0.014868793283557542,0.0,-0.0,-0.0,-0.0,0.0,-0.0,-0.0,0.024488597540806505,0.05319298630406973,0.0,0.0,0.0,0.0,0.0,0.0,0.0,0.0,0.0,0.0,0.0,0.0,0.0,-0.0,0.0,0.23073090626914083,2025-01-28,3,21
-0.0,-0.013846097678283943,-0.0,-0.0,0.0,0.0,-0.0,-0.0,0.0,0.0,0.0,0.0,-0.0,0.0,-0.007667425897376903,0.0,-0.0,-0.0,-0.0,0.0,-0.0,-0.0,-0.0,0.0,-0.0,-0.0,-0.0345892336802474,-0.10636827450913758,-0.037972327361917725,-0.0,-0.0,-0.0,-0.0,0.0,0.0,0.0,-0.0,-0.0,-0.0,0.0013001959276436545,0.055858342204513696,-0.0,-0.0,0.1487258017904521,-0.0,-0.0,0.0,-0.0,0.0,0.0,0.0,0.0,0.0,0.0,-0.0027239217366373768,-0.0,-0.0,-0.0,-0.0,0.13700716178343234,0.0,0.0,0.0,0.0,-0.0,-0.0,-0.0,0.0,-0.0,-0.0,0.0,-0.007571756997135094,0.0,0.0,-0.0,0.0,-0.0,0.0,0.0,0.0,-0.0,0.0,0.0,0.0,0.0,-0.008329965429869662,-0.0,0.02312731535459869,-0.0,-0.0,-0.0,-0.0,-0.0,-0.0,0.0,0.0,0.0,0.0,0.0,0.0,-0.0,0.0,-0.0,0.0,0.0,-0.0,0.006957812247083382,0.0,-0.0,-0.0,-0.0,-0.0,0.0,0.0,0.0,0.0,0.0220376504363338,0.0,-0.0,0.0,0.0,0.0,0.0,0.0,0.0,0.0,0.0,-0.0,-0.002717846658490888,-0.0008246334704075278,0.0,0.0,-0.0,-0.0,-0.0,-0.0,0.0,-0.0,-0.0,0.0,0.0,0.0,0.0,-0.0,-0.0,-0.0,-0.0,0.0,0.0,-0.0,0.014868793283557542,0.0,-0.0,-0.0,-0.0,0.0,-0.0,-0.0,0.024488597540806505,0.05319298630406973,0.0,0.0,0.0,0.0,0.0,0.0,0.0,0.0,0.0,0.0,0.0,0.0,0.0,-0.0,0.0,0.23073090626914083,2025-01-29,3,21
-0.0,-0.013846097678283943,-0.0,-0.0,0.0,0.0,-0.0,-0.0,0.0,0.0,0.0,0.0,-0.0,0.0,-0.007667425897376903,0.0,-0.0,-0.0,-0.0,0.0,-0.0,-0.0,-0.0,0.0,-0.0,-0.0,-0.0345892336802474,-0.10636827450913758,-0.037972327361917725,-0.0,-0.0,-0.0,-0.0,0.0,0.0,0.0,-0.0,-0.0,-0.0,0.0013001959276436545,0.055858342204513696,-0.0,-0.0,0.1487258017904521,-0.0,-0.0,0.0,-0.0,0.0,0.0,0.0,0.0,0.0,0.0,-0.0027239217366373768,-0.0,-0.0,-0.0,-0.0,0.13700716178343234,0.0,0.0,0.0,0.0,-0.0,-0.0,-0.0,0.0,-0.0,-0.0,0.0,-0.007571756997135094,0.0,0.0,-0.0,0.0,-0.0,0.0,0.0,0.0,-0.0,0.0,0.0,0.0,0.0,-0.008329965429869662,-0.0,0.02312731535459869,-0.0,-0.0,-0.0,-0.0,-0.0,-0.0,0.0,0.0,0.0,0.0,0.0,0.0,-0.0,0.0,-0.0,0.0,0.0,-0.0,0.006957812247083382,0.0,-0.0,-0.0,-0.0,-0.0,0.0,0.0,0.0,0.0,0.0220376504363338,0.0,-0.0,0.0,0.0,0.0,0.0,0.0,0.0,0.0,0.0,-0.0,-0.002717846658490888,-0.0008246334704075278,0.0,0.0,-0.0,-0.0,-0.0,-0.0,0.0,-0.0,-0.0,0.0,0.0,0.0,0.0,-0.0,-0.0,-0.0,-0.0,0.0,0.0,-0.0,0.014868793283557542,0.0,-0.0,-0.0,-0.0,0.0,-0.0,-0.0,0.024488597540806505,0.05319298630406973,0.0,0.0,0.0,0.0,0.0,0.0,0.0,0.0,0.0,0.0,0.0,0.0,0.0,-0.0,0.0,0.23073090626914083,2025-01-30,3,21
-0.0,-0.013846097678283943,-0.0,-0.0,0.0,0.0,-0.0,-0.0,0.0,0.0,0.0,0.0,-0.0,0.0,-0.007667425897376903,0.0,-0.0,-0.0,-0.0,0.0,-0.0,-0.0,-0.0,0.0,-0.0,-0.0,-0.0345892336802474,-0.10636827450913758,-0.037972327361917725,-0.0,-0.0,-0.0,-0.0,0.0,0.0,0.0,-0.0,-0.0,-0.0,0.0013001959276436545,0.055858342204513696,-0.0,-0.0,0.1487258017904521,-0.0,-0.0,0.0,-0.0,0.0,0.0,0.0,0.0,0.0,0.0,-0.0027239217366373768,-0.0,-0.0,-0.0,-0.0,0.13700716178343234,0.0,0.0,0.0,0.0,-0.0,-0.0,-0.0,0.0,-0.0,-0.0,0.0,-0.007571756997135094,0.0,0.0,-0.0,0.0,-0.0,0.0,0.0,0.0,-0.0,0.0,0.0,0.0,0.0,-0.008329965429869662,-0.0,0.02312731535459869,-0.0,-0.0,-0.0,-0.0,-0.0,-0.0,0.0,0.0,0.0,0.0,0.0,0.0,-0.0,0.0,-0.0,0.0,0.0,-0.0,0.006957812247083382,0.0,-0.0,-0.0,-0.0,-0.0,0.0,0.0,0.0,0.0,0.0220376504363338,0.0,-0.0,0.0,0.0,0.0,0.0,0.0,0.0,0.0,0.0,-0.0,-0.002717846658490888,-0.0008246334704075278,0.0,0.0,-0.0,-0.0,-0.0,-0.0,0.0,-0.0,-0.0,0.0,0.0,0.0,0.0,-0.0,-0.0,-0.0,-0.0,0.0,0.0,-0.0,0.014868793283557542,0.0,-0.0,-0.0,-0.0,0.0,-0.0,-0.0,0.024488597540806505,0.05319298630406973,0.0,0.0,0.0,0.0,0.0,0.0,0.0,0.0,0.0,0.0,0.0,0.0,0.0,-0.0,0.0,0.23073090626914083,2025-01-31,3,21
-0.0,-0.009950330521752137,-0.0,-0.0,0.0,0.0,-0.0,-0.0,0.0,0.0,0.0,0.0,-0.0,0.0,-0.011268591162597532,0.0,-0.0,-0.0,-0.0,0.0,-0.0,-0.0,-0.0,0.0,-0.0,-0.0,-0.03483165066517565,-0.1031168752380603,-0.03838778257712595,-0.0,-0.0,-0.0,-0.0,0.0,0.0,0.0,-0.0,-0.0,-0.0,0.0,0.05601837717445383,-0.0,-0.0,0.14655929732367853,-0.0,-0.0,-0.0,-0.0,0.0,0.0,0.0,0.0,0.0,0.0,-0.002910625547948222,-0.0,-0.0,-0.0,-0.0,0.139030756611594,0.0,0.0,0.0,0.0,-0.0,-0.0,-0.0,0.0,-0.0,-0.0,0.0,-0.0006757851202668443,0.0,0.0,-0.0,0.0,-0.0,0.0,0.0,0.0,-0.0,0.0,0.0,0.0,0.0,-0.007901913231089127,-0.0,0.024351533639445377,-0.0,-0.0,-0.0,-0.0,-0.0,-0.0,0.0,0.0,0.0,0.0,0.0,0.0,-0.0,0.0,-0.0,0.0,0.0,-0.0,0.006351459446997787,0.0,-0.0,-0.0,-0.0,-0.0,0.0,0.0,0.0,0.0,0.02125543287505337,0.0,-0.0,0.0,0.0,0.0,0.0,0.0,0.0,0.0,0.0,-0.0,-0.0040201464099216145,-0.001410969693137019,0.0,0.0,-0.0,-0.0,-0.0,-0.0,-0.0,-0.0,-0.0,0.0,0.0,0.0,0.0,-0.0,-0.0,-0.0,-0.0,0.0,0.0,-0.0,0.014956484889852366,0.0,-0.0,-0.0,-0.0,0.0,-0.0,-0.0,0.02478412566584635,0.05451881142249196,0.0,0.0,0.0,0.0,0.0,0.0,0.0,0.0,0.0,0.0,0.0,0.0,0.0,-0.0,0.0,0.2337485192922155,2025-02-01,3,20
-0.0,-0.009950330521752137,-0.0,-0.0,0.0,0.0,-0.0,-0.0,0.0,0.0,0.0,0.0,-0.0,0.0,-0.011268591162597532,0.0,-0.0,-0.0,-0.0,0.0,-0.0,-0.0,-0.0,0.0,-0.0,-0.0,-0.03483165066517565,-0.1031168752380603,-0.03838778257712595,-0.0,-0.0,-0.0,-0.0,0.0,0.0,0.0,-0.0,-0.0,-0.0,0.0,0.05601837717445383,-0.0,-0.0,0.14655929732367853,-0.0,-0.0,-0.0,-0.0,0.0,0.0,0.0,0.0,0.0,0.0,-0.002910625547948222,-0.0,-0.0,-0.0,-0.0,0.139030756611594,0.0,0.0,0.0,0.0,-0.0,-0.0,-0.0,0.0,-0.0,-0.0,0.0,-0.0006757851202668443,0.0,0.0,-0.0,0.0,-0.0,0.0,0.0,0.0,-0.0,0.0,0.0,0.0,0.0,-0.007901913231089127,-0.0,0.024351533639445377,-0.0,-0.0,-0.0,-0.0,-0.0,-0.0,0.0,0.0,0.0,0.0,0.0,0.0,-0.0,0.0,-0.0,0.0,0.0,-0.0,0.006351459446997787,0.0,-0.0,-0.0,-0.0,-0.0,0.0,0.0,0.0,0.0,0.02125543287505337,0.0,-0.0,0.0,0.0,0.0,0.0,0.0,0.0,0.0,0.0,-0.0,-0.0040201464099216145,-0.001410969693137019,0.0,0.0,-0.0,-0.0,-0.0,-0.0,-0.0,-0.0,-0.0,0.0,0.0,0.0,0.0,-0.0,-0.0,-0.0,-0.0,0.0,0.0,-0.0,0.014956484889852366,0.0,-0.0,-0.0,-0.0,0.0,-0.0,-0.0,0.02478412566584635,0.05451881142249196,0.0,0.0,0.0,0.0,0.0,0.0,0.0,0.0,0.0,0.0,0.0,0.0,0.0,-0.0,0.0,0.2337485192922155,2025-02-02,3,20
-0.0,-0.009950330521752137,-0.0,-0.0,0.0,0.0,-0.0,-0.0,0.0,0.0,0.0,0.0,-0.0,0.0,-0.011268591162597532,0.0,-0.0,-0.0,-0.0,0.0,-0.0,-0.0,-0.0,0.0,-0.0,-0.0,-0.03483165066517565,-0.1031168752380603,-0.03838778257712595,-0.0,-0.0,-0.0,-0.0,0.0,0.0,0.0,-0.0,-0.0,-0.0,0.0,0.05601837717445383,-0.0,-0.0,0.14655929732367853,-0.0,-0.0,-0.0,-0.0,0.0,0.0,0.0,0.0,0.0,0.0,-0.002910625547948222,-0.0,-0.0,-0.0,-0.0,0.139030756611594,0.0,0.0,0.0,0.0,-0.0,-0.0,-0.0,0.0,-0.0,-0.0,0.0,-0.0006757851202668443,0.0,0.0,-0.0,0.0,-0.0,0.0,0.0,0.0,-0.0,0.0,0.0,0.0,0.0,-0.007901913231089127,-0.0,0.024351533639445377,-0.0,-0.0,-0.0,-0.0,-0.0,-0.0,0.0,0.0,0.0,0.0,0.0,0.0,-0.0,0.0,-0.0,0.0,0.0,-0.0,0.006351459446997787,0.0,-0.0,-0.0,-0.0,-0.0,0.0,0.0,0.0,0.0,0.02125543287505337,0.0,-0.0,0.0,0.0,0.0,0.0,0.0,0.0,0.0,0.0,-0.0,-0.0040201464099216145,-0.001410969693137019,0.0,0.0,-0.0,-0.0,-0.0,-0.0,-0.0,-0.0,-0.0,0.0,0.0,0.0,0.0,-0.0,-0.0,-0.0,-0.0,0.0,0.0,-0.0,0.014956484889852366,0.0,-0.0,-0.0,-0.0,0.0,-0.0,-0.0,0.02478412566584635,0.05451881142249196,0.0,0.0,0.0,0.0,0.0,0.0,0.0,0.0,0.0,0.0,0.0,0.0,0.0,-0.0,0.0,0.2337485192922155,2025-02-03,3,20
-0.0,-0.009950330521752137,-0.0,-0.0,0.0,0.0,-0.0,-0.0,0.0,0.0,0.0,0.0,-0.0,0.0,-0.011268591162597532,0.0,-0.0,-0.0,-0.0,0.0,-0.0,-0.0,-0.0,0.0,-0.0,-0.0,-0.03483165066517565,-0.1031168752380603,-0.03838778257712595,-0.0,-0.0,-0.0,-0.0,0.0,0.0,0.0,-0.0,-0.0,-0.0,0.0,0.05601837717445383,-0.0,-0.0,0.14655929732367853,-0.0,-0.0,-0.0,-0.0,0.0,0.0,0.0,0.0,0.0,0.0,-0.002910625547948222,-0.0,-0.0,-0.0,-0.0,0.139030756611594,0.0,0.0,0.0,0.0,-0.0,-0.0,-0.0,0.0,-0.0,-0.0,0.0,-0.0006757851202668443,0.0,0.0,-0.0,0.0,-0.0,0.0,0.0,0.0,-0.0,0.0,0.0,0.0,0.0,-0.007901913231089127,-0.0,0.024351533639445377,-0.0,-0.0,-0.0,-0.0,-0.0,-0.0,0.0,0.0,0.0,0.0,0.0,0.0,-0.0,0.0,-0.0,0.0,0.0,-0.0,0.006351459446997787,0.0,-0.0,-0.0,-0.0,-0.0,0.0,0.0,0.0,0.0,0.02125543287505337,0.0,-0.0,0.0,0.0,0.0,0.0,0.0,0.0,0.0,0.0,-0.0,-0.0040201464099216145,-0.001410969693137019,0.0,0.0,-0.0,-0.0,-0.0,-0.0,-0.0,-0.0,-0.0,0.0,0.0,0.0,0.0,-0.0,-0.0,-0.0,-0.0,0.0,0.0,-0.0,0.014956484889852366,0.0,-0.0,-0.0,-0.0,0.0,-0.0,-0.0,0.02478412566584635,0.05451881142249196,0.0,0.0,0.0,0.0,0.0,0.0,0.0,0.0,0.0,0.0,0.0,0.0,0.0,-0.0,0.0,0.2337485192922155,2025-02-04,3,20
-0.0,-0.009950330521752137,-0.0,-0.0,0.0,0.0,-0.0,-0.0,0.0,0.0,0.0,0.0,-0.0,0.0,-0.011268591162597532,0.0,-0.0,-0.0,-0.0,0.0,-0.0,-0.0,-0.0,0.0,-0.0,-0.0,-0.03483165066517565,-0.1031168752380603,-0.03838778257712595,-0.0,-0.0,-0.0,-0.0,0.0,0.0,0.0,-0.0,-0.0,-0.0,0.0,0.05601837717445383,-0.0,-0.0,0.14655929732367853,-0.0,-0.0,-0.0,-0.0,0.0,0.0,0.0,0.0,0.0,0.0,-0.002910625547948222,-0.0,-0.0,-0.0,-0.0,0.139030756611594,0.0,0.0,0.0,0.0,-0.0,-0.0,-0.0,0.0,-0.0,-0.0,0.0,-0.0006757851202668443,0.0,0.0,-0.0,0.0,-0.0,0.0,0.0,0.0,-0.0,0.0,0.0,0.0,0.0,-0.007901913231089127,-0.0,0.024351533639445377,-0.0,-0.0,-0.0,-0.0,-0.0,-0.0,0.0,0.0,0.0,0.0,0.0,0.0,-0.0,0.0,-0.0,0.0,0.0,-0.0,0.006351459446997787,0.0,-0.0,-0.0,-0.0,-0.0,0.0,0.0,0.0,0.0,0.02125543287505337,0.0,-0.0,0.0,0.0,0.0,0.0,0.0,0.0,0.0,0.0,-0.0,-0.0040201464099216145,-0.001410969693137019,0.0,0.0,-0.0,-0.0,-0.0,-0.0,-0.0,-0.0,-0.0,0.0,0.0,0.0,0.0,-0.0,-0.0,-0.0,-0.0,0.0,0.0,-0.0,0.014956484889852366,0.0,-0.0,-0.0,-0.0,0.0,-0.0,-0.0,0.02478412566584635,0.05451881142249196,0.0,0.0,0.0,0.0,0.0,0.0,0.0,0.0,0.0,0.0,0.0,0.0,0.0,-0.0,0.0,0.2337485192922155,2025-02-05,3,20
-0.0,-0.009950330521752137,-0.0,-0.0,0.0,0.0,-0.0,-0.0,0.0,0.0,0.0,0.0,-0.0,0.0,-0.011268591162597532,0.0,-0.0,-0.0,-0.0,0.0,-0.0,-0.0,-0.0,0.0,-0.0,-0.0,-0.03483165066517565,-0.1031168752380603,-0.03838778257712595,-0.0,-0.0,-0.0,-0.0,0.0,0.0,0.0,-0.0,-0.0,-0.0,0.0,0.05601837717445383,-0.0,-0.0,0.14655929732367853,-0.0,-0.0,-0.0,-0.0,0.0,0.0,0.0,0.0,0.0,0.0,-0.002910625547948222,-0.0,-0.0,-0.0,-0.0,0.139030756611594,0.0,0.0,0.0,0.0,-0.0,-0.0,-0.0,0.0,-0.0,-0.0,0.0,-0.0006757851202668443,0.0,0.0,-0.0,0.0,-0.0,0.0,0.0,0.0,-0.0,0.0,0.0,0.0,0.0,-0.007901913231089127,-0.0,0.024351533639445377,-0.0,-0.0,-0.0,-0.0,-0.0,-0.0,0.0,0.0,0.0,0.0,0.0,0.0,-0.0,0.0,-0.0,0.0,0.0,-0.0,0.006351459446997787,0.0,-0.0,-0.0,-0.0,-0.0,0.0,0.0,0.0,0.0,0.02125543287505337,0.0,-0.0,0.0,0.0,0.0,0.0,0.0,0.0,0.0,0.0,-0.0,-0.0040201464099216145,-0.001410969693137019,0.0,0.0,-0.0,-0.0,-0.0,-0.0,-0.0,-0.0,-0.0,0.0,0.0,0.0,0.0,-0.0,-0.0,-0.0,-0.0,0.0,0.0,-0.0,0.014956484889852366,0.0,-0.0,-0.0,-0.0,0.0,-0.0,-0.0,0.02478412566584635,0.05451881142249196,0.0,0.0,0.0,0.0,0.0,0.0,0.0,0.0,0.0,0.0,0.0,0.0,0.0,-0.0,0.0,0.2337485192922155,2025-02-06,3,20
-0.0,-0.009950330521752137,-0.0,-0.0,0.0,0.0,-0.0,-0.0,0.0,0.0,0.0,0.0,-0.0,0.0,-0.011268591162597532,0.0,-0.0,-0.0,-0.0,0.0,-0.0,-0.0,-0.0,0.0,-0.0,-0.0,-0.03483165066517565,-0.1031168752380603,-0.03838778257712595,-0.0,-0.0,-0.0,-0.0,0.0,0.0,0.0,-0.0,-0.0,-0.0,0.0,0.05601837717445383,-0.0,-0.0,0.14655929732367853,-0.0,-0.0,-0.0,-0.0,0.0,0.0,0.0,0.0,0.0,0.0,-0.002910625547948222,-0.0,-0.0,-0.0,-0.0,0.139030756611594,0.0,0.0,0.0,0.0,-0.0,-0.0,-0.0,0.0,-0.0,-0.0,0.0,-0.0006757851202668443,0.0,0.0,-0.0,0.0,-0.0,0.0,0.0,0.0,-0.0,0.0,0.0,0.0,0.0,-0.007901913231089127,-0.0,0.024351533639445377,-0.0,-0.0,-0.0,-0.0,-0.0,-0.0,0.0,0.0,0.0,0.0,0.0,0.0,-0.0,0.0,-0.0,0.0,0.0,-0.0,0.006351459446997787,0.0,-0.0,-0.0,-0.0,-0.0,0.0,0.0,0.0,0.0,0.02125543287505337,0.0,-0.0,0.0,0.0,0.0,0.0,0.0,0.0,0.0,0.0,-0.0,-0.0040201464099216145,-0.001410969693137019,0.0,0.0,-0.0,-0.0,-0.0,-0.0,-0.0,-0.0,-0.0,0.0,0.0,0.0,0.0,-0.0,-0.0,-0.0,-0.0,0.0,0.0,-0.0,0.014956484889852366,0.0,-0.0,-0.0,-0.0,0.0,-0.0,-0.0,0.02478412566584635,0.05451881142249196,0.0,0.0,0.0,0.0,0.0,0.0,0.0,0.0,0.0,0.0,0.0,0.0,0.0,-0.0,0.0,0.2337485192922155,2025-02-07,3,20
-0.0,-0.014362754269204624,-0.0,-0.0,0.0,0.0,-0.0,-0.0,0.0,0.0,0.0,0.0,-0.0,-0.0,-0.00963511131243236,0.0,-0.0,-0.0,-0.0,0.0,-0.0,-0.0,-0.0,0.0,-0.0,-0.0,-0.03443117872655224,-0.10296102211665276,-0.03859503447240097,-0.0,-0.0,-0.0,-0.0,0.0,0.0,0.0,-0.0,-0.0,-0.0,0.0,0.051607044631992414,-0.0,-0.0,0.1466753256282914,-0.0,-0.0,-0.0,-0.0,0.0,0.0,0.0,0.0,0.0,0.0,-0.004803122060157864,-0.0,-0.0,-0.0,-0.0,0.136062749867682,0.0,0.0,0.0,0.0,-0.0,-0.0,-0.0,0.0,-0.0,-0.0,0.0,-0.0009723515314989272,0.0,0.0,-0.0,0.0,-0.0,0.0,0.0,0.0,-0.0,0.0,0.0,0.0,0.0,-0.009380052346551704,-0.0,0.026274503126039045,-0.0,-0.0,-0.0,-0.0,-0.0,-0.0,0.0,0.0,0.0,0.0,0.0,0.0,-0.0,0.0,-0.0,0.0,0.0,-0.0,0.006197583785075343,0.0,-0.0,-0.0,-0.0,-0.0,0.0,0.0,0.0,0.0,0.021610057639450675,0.0,-0.0,0.0,0.0,0.0,0.0,0.0,0.0,0.0,0.0,-0.008465149127042729,-0.0020564117062429987,-0.0,0.0,0.0,-0.0,-0.0,-0.0,-0.0,-0.0,-0.0,-0.0,0.0,0.0,0.0,0.0,-0.0,-0.0,-0.0,-0.0,0.0,0.0,-0.0,0.0148876785803162,0.0,-0.0,-0.0,-0.0,0.0,-0.0,-0.0,0.02544127075109381,0.05264187344337787,0.0,0.0,0.0,0.0,0.0,0.0,0.0,0.0,0.0,0.0,0.0,0.0,0.0,-0.0,0.0,0.23360755235610048,2025-02-08,3,20
-0.0,-0.014362754269204624,-0.0,-0.0,0.0,0.0,-0.0,-0.0,0.0,0.0,0.0,0.0,-0.0,-0.0,-0.00963511131243236,0.0,-0.0,-0.0,-0.0,0.0,-0.0,-0.0,-0.0,0.0,-0.0,-0.0,-0.03443117872655224,-0.10296102211665276,-0.03859503447240097,-0.0,-0.0,-0.0,-0.0,0.0,0.0,0.0,-0.0,-0.0,-0.0,0.0,0.051607044631992414,-0.0,-0.0,0.1466753256282914,-0.0,-0.0,-0.0,-0.0,0.0,0.0,0.0,0.0,0.0,0.0,-0.004803122060157864,-0.0,-0.0,-0.0,-0.0,0.136062749867682,0.0,0.0,0.0,0.0,-0.0,-0.0,-0.0,0.0,-0.0,-0.0,0.0,-0.0009723515314989272,0.0,0.0,-0.0,0.0,-0.0,0.0,0.0,0.0,-0.0,0.0,0.0,0.0,0.0,-0.009380052346551704,-0.0,0.026274503126039045,-0.0,-0.0,-0.0,-0.0,-0.0,-0.0,0.0,0.0,0.0,0.0,0.0,0.0,-0.0,0.0,-0.0,0.0,0.0,-0.0,0.006197583785075343,0.0,-0.0,-0.0,-0.0,-0.0,0.0,0.0,0.0,0.0,0.021610057639450675,0.0,-0.0,0.0,0.0,0.0,0.0,0.0,0.0,0.0,0.0,-0.008465149127042729,-0.0020564117062429987,-0.0,0.0,0.0,-0.0,-0.0,-0.0,-0.0,-0.0,-0.0,-0.0,0.0,0.0,0.0,0.0,-0.0,-0.0,-0.0,-0.0,0.0,0.0,-0.0,0.0148876785803162,0.0,-0.0,-0.0,-0.0,0.0,-0.0,-0.0,0.02544127075109381,0.05264187344337787,0.0,0.0,0.0,0.0,0.0,0.0,0.0,0.0,0.0,0.0,0.0,0.0,0.0,-0.0,0.0,0.23360755235610048,2025-02-09,3,20
-0.0,-0.014362754269204624,-0.0,-0.0,0.0,0.0,-0.0,-0.0,0.0,0.0,0.0,0.0,-0.0,-0.0,-0.00963511131243236,0.0,-0.0,-0.0,-0.0,0.0,-0.0,-0.0,-0.0,0.0,-0.0,-0.0,-0.03443117872655224,-0.10296102211665276,-0.03859503447240097,-0.0,-0.0,-0.0,-0.0,0.0,0.0,0.0,-0.0,-0.0,-0.0,0.0,0.051607044631992414,-0.0,-0.0,0.1466753256282914,-0.0,-0.0,-0.0,-0.0,0.0,0.0,0.0,0.0,0.0,0.0,-0.004803122060157864,-0.0,-0.0,-0.0,-0.0,0.136062749867682,0.0,0.0,0.0,0.0,-0.0,-0.0,-0.0,0.0,-0.0,-0.0,0.0,-0.0009723515314989272,0.0,0.0,-0.0,0.0,-0.0,0.0,0.0,0.0,-0.0,0.0,0.0,0.0,0.0,-0.009380052346551704,-0.0,0.026274503126039045,-0.0,-0.0,-0.0,-0.0,-0.0,-0.0,0.0,0.0,0.0,0.0,0.0,0.0,-0.0,0.0,-0.0,0.0,0.0,-0.0,0.006197583785075343,0.0,-0.0,-0.0,-0.0,-0.0,0.0,0.0,0.0,0.0,0.021610057639450675,0.0,-0.0,0.0,0.0,0.0,0.0,0.0,0.0,0.0,0.0,-0.008465149127042729,-0.0020564117062429987,-0.0,0.0,0.0,-0.0,-0.0,-0.0,-0.0,-0.0,-0.0,-0.0,0.0,0.0,0.0,0.0,-0.0,-0.0,-0.0,-0.0,0.0,0.0,-0.0,0.0148876785803162,0.0,-0.0,-0.0,-0.0,0.0,-0.0,-0.0,0.02544127075109381,0.05264187344337787,0.0,0.0,0.0,0.0,0.0,0.0,0.0,0.0,0.0,0.0,0.0,0.0,0.0,-0.0,0.0,0.23360755235610048,2025-02-10,3,20
-0.0,-0.014362754269204624,-0.0,-0.0,0.0,0.0,-0.0,-0.0,0.0,0.0,0.0,0.0,-0.0,-0.0,-0.00963511131243236,0.0,-0.0,-0.0,-0.0,0.0,-0.0,-0.0,-0.0,0.0,-0.0,-0.0,-0.03443117872655224,-0.10296102211665276,-0.03859503447240097,-0.0,-0.0,-0.0,-0.0,0.0,0.0,0.0,-0.0,-0.0,-0.0,0.0,0.051607044631992414,-0.0,-0.0,0.1466753256282914,-0.0,-0.0,-0.0,-0.0,0.0,0.0,0.0,0.0,0.0,0.0,-0.004803122060157864,-0.0,-0.0,-0.0,-0.0,0.136062749867682,0.0,0.0,0.0,0.0,-0.0,-0.0,-0.0,0.0,-0.0,-0.0,0.0,-0.0009723515314989272,0.0,0.0,-0.0,0.0,-0.0,0.0,0.0,0.0,-0.0,0.0,0.0,0.0,0.0,-0.009380052346551704,-0.0,0.026274503126039045,-0.0,-0.0,-0.0,-0.0,-0.0,-0.0,0.0,0.0,0.0,0.0,0.0,0.0,-0.0,0.0,-0.0,0.0,0.0,-0.0,0.006197583785075343,0.0,-0.0,-0.0,-0.0,-0.0,0.0,0.0,0.0,0.0,0.021610057639450675,0.0,-0.0,0.0,0.0,0.0,0.0,0.0,0.0,0.0,0.0,-0.008465149127042729,-0.0020564117062429987,-0.0,0.0,0.0,-0.0,-0.0,-0.0,-0.0,-0.0,-0.0,-0.0,0.0,0.0,0.0,0.0,-0.0,-0.0,-0.0,-0.0,0.0,0.0,-0.0,0.0148876785803162,0.0,-0.0,-0.0,-0.0,0.0,-0.0,-0.0,0.02544127075109381,0.05264187344337787,0.0,0.0,0.0,0.0,0.0,0.0,0.0,0.0,0.0,0.0,0.0,0.0,0.0,-0.0,0.0,0.23360755235610048,2025-02-11,3,20
-0.0,-0.014362754269204624,-0.0,-0.0,0.0,0.0,-0.0,-0.0,0.0,0.0,0.0,0.0,-0.0,-0.0,-0.00963511131243236,0.0,-0.0,-0.0,-0.0,0.0,-0.0,-0.0,-0.0,0.0,-0.0,-0.0,-0.03443117872655224,-0.10296102211665276,-0.03859503447240097,-0.0,-0.0,-0.0,-0.0,0.0,0.0,0.0,-0.0,-0.0,-0.0,0.0,0.051607044631992414,-0.0,-0.0,0.1466753256282914,-0.0,-0.0,-0.0,-0.0,0.0,0.0,0.0,0.0,0.0,0.0,-0.004803122060157864,-0.0,-0.0,-0.0,-0.0,0.136062749867682,0.0,0.0,0.0,0.0,-0.0,-0.0,-0.0,0.0,-0.0,-0.0,0.0,-0.0009723515314989272,0.0,0.0,-0.0,0.0,-0.0,0.0,0.0,0.0,-0.0,0.0,0.0,0.0,0.0,-0.009380052346551704,-0.0,0.026274503126039045,-0.0,-0.0,-0.0,-0.0,-0.0,-0.0,0.0,0.0,0.0,0.0,0.0,0.0,-0.0,0.0,-0.0,0.0,0.0,-0.0,0.006197583785075343,0.0,-0.0,-0.0,-0.0,-0.0,0.0,0.0,0.0,0.0,0.021610057639450675,0.0,-0.0,0.0,0.0,0.0,0.0,0.0,0.0,0.0,0.0,-0.008465149127042729,-0.0020564117062429987,-0.0,0.0,0.0,-0.0,-0.0,-0.0,-0.0,-0.0,-0.0,-0.0,0.0,0.0,0.0,0.0,-0.0,-0.0,-0.0,-0.0,0.0,0.0,-0.0,0.0148876785803162,0.0,-0.0,-0.0,-0.0,0.0,-0.0,-0.0,0.02544127075109381,0.05264187344337787,0.0,0.0,0.0,0.0,0.0,0.0,0.0,0.0,0.0,0.0,0.0,0.0,0.0,-0.0,0.0,0.23360755235610048,2025-02-12,3,20
-0.0,-0.014362754269204624,-0.0,-0.0,0.0,0.0,-0.0,-0.0,0.0,0.0,0.0,0.0,-0.0,-0.0,-0.00963511131243236,0.0,-0.0,-0.0,-0.0,0.0,-0.0,-0.0,-0.0,0.0,-0.0,-0.0,-0.03443117872655224,-0.10296102211665276,-0.03859503447240097,-0.0,-0.0,-0.0,-0.0,0.0,0.0,0.0,-0.0,-0.0,-0.0,0.0,0.051607044631992414,-0.0,-0.0,0.1466753256282914,-0.0,-0.0,-0.0,-0.0,0.0,0.0,0.0,0.0,0.0,0.0,-0.004803122060157864,-0.0,-0.0,-0.0,-0.0,0.136062749867682,0.0,0.0,0.0,0.0,-0.0,-0.0,-0.0,0.0,-0.0,-0.0,0.0,-0.0009723515314989272,0.0,0.0,-0.0,0.0,-0.0,0.0,0.0,0.0,-0.0,0.0,0.0,0.0,0.0,-0.009380052346551704,-0.0,0.026274503126039045,-0.0,-0.0,-0.0,-0.0,-0.0,-0.0,0.0,0.0,0.0,0.0,0.0,0.0,-0.0,0.0,-0.0,0.0,0.0,-0.0,0.006197583785075343,0.0,-0.0,-0.0,-0.0,-0.0,0.0,0.0,0.0,0.0,0.021610057639450675,0.0,-0.0,0.0,0.0,0.0,0.0,0.0,0.0,0.0,0.0,-0.008465149127042729,-0.0020564117062429987,-0.0,0.0,0.0,-0.0,-0.0,-0.0,-0.0,-0.0,-0.0,-0.0,0.0,0.0,0.0,0.0,-0.0,-0.0,-0.0,-0.0,0.0,0.0,-0.0,0.0148876785803162,0.0,-0.0,-0.0,-0.0,0.0,-0.0,-0.0,0.02544127075109381,0.05264187344337787,0.0,0.0,0.0,0.0,0.0,0.0,0.0,0.0,0.0,0.0,0.0,0.0,0.0,-0.0,0.0,0.23360755235610048,2025-02-13,3,20
-0.0,-0.014362754269204624,-0.0,-0.0,0.0,0.0,-0.0,-0.0,0.0,0.0,0.0,0.0,-0.0,-0.0,-0.00963511131243236,0.0,-0.0,-0.0,-0.0,0.0,-0.0,-0.0,-0.0,0.0,-0.0,-0.0,-0.03443117872655224,-0.10296102211665276,-0.03859503447240097,-0.0,-0.0,-0.0,-0.0,0.0,0.0,0.0,-0.0,-0.0,-0.0,0.0,0.051607044631992414,-0.0,-0.0,0.1466753256282914,-0.0,-0.0,-0.0,-0.0,0.0,0.0,0.0,0.0,0.0,0.0,-0.004803122060157864,-0.0,-0.0,-0.0,-0.0,0.136062749867682,0.0,0.0,0.0,0.0,-0.0,-0.0,-0.0,0.0,-0.0,-0.0,0.0,-0.0009723515314989272,0.0,0.0,-0.0,0.0,-0.0,0.0,0.0,0.0,-0.0,0.0,0.0,0.0,0.0,-0.009380052346551704,-0.0,0.026274503126039045,-0.0,-0.0,-0.0,-0.0,-0.0,-0.0,0.0,0.0,0.0,0.0,0.0,0.0,-0.0,0.0,-0.0,0.0,0.0,-0.0,0.006197583785075343,0.0,-0.0,-0.0,-0.0,-0.0,0.0,0.0,0.0,0.0,0.021610057639450675,0.0,-0.0,0.0,0.0,0.0,0.0,0.0,0.0,0.0,0.0,-0.008465149127042729,-0.0020564117062429987,-0.0,0.0,0.0,-0.0,-0.0,-0.0,-0.0,-0.0,-0.0,-0.0,0.0,0.0,0.0,0.0,-0.0,-0.0,-0.0,-0.0,0.0,0.0,-0.0,0.0148876785803162,0.0,-0.0,-0.0,-0.0,0.0,-0.0,-0.0,0.02544127075109381,0.05264187344337787,0.0,0.0,0.0,0.0,0.0,0.0,0.0,0.0,0.0,0.0,0.0,0.0,0.0,-0.0,0.0,0.23360755235610048,2025-02-14,3,20
-0.0,-0.011104052257037048,-0.0,-0.0,0.0,0.0,0.0,-0.0,0.0,0.0,0.0,0.0,-0.0,0.0,-0.016745908035239367,0.0,-0.0,-0.0,-0.0,0.0,-0.0,-0.0,-0.0,0.0,-0.0,-0.0,-0.04201070828325254,-0.10197561078529423,-0.03754832013760344,-0.0,-0.0,-0.0,-0.0,0.0,0.0,0.0,-0.0,-0.0,-0.0,0.0,0.05093481571387546,-0.0,-0.0,0.14818587558526636,-0.0,-0.0,-0.0,-0.0,0.0,0.0,0.0,0.0,-0.0,0.0,-0.002271094454021062,-0.0,-0.0,-0.0,-0.0,0.13213257157917385,0.0,0.0,0.0,0.0,-0.0,-0.0,-0.0,-0.0,-0.0,-0.0,0.0,-0.0,0.0,0.0,-0.0,-0.0,-0.0,0.0,0.0,0.0,-0.0,0.0,0.0,0.0,0.0,-0.013759862686777785,-0.0,0.02734289848321447,-0.0,-0.0,-0.0,-0.0,-0.0,-0.0,0.0,0.0,0.0,0.0,0.0,0.0,-0.0,0.0,-0.0,0.0,0.0,-0.0,0.005254087267122927,0.0,-0.0,-0.0,-0.0,-0.0,0.0,0.0,0.0,0.0,0.022645546936104217,0.0,-0.0,0.0,0.0,0.0,0.0,0.0,0.0,0.0,0.0,-0.012309951568687971,-0.0,-0.0,0.0,0.0,-0.0,-0.0,-0.0,-0.0,0.0,-0.0,-0.0,0.0,0.0,0.0,0.0,-0.0,-0.0,-0.0,-0.0,0.0,0.0,-0.0,0.013814282084578076,0.0,-0.0,-0.0,-0.0,0.0,-0.0,-0.0,0.02937453331237388,0.05280366751487107,0.0,0.0,0.0,0.0,0.0,0.0,0.0,0.0,0.0,-0.0,0.0,0.0,0.0,-0.0,0.0,0.23588575303150836,2025-02-15,3,18
-0.0,-0.011104052257037048,-0.0,-0.0,0.0,0.0,0.0,-0.0,0.0,0.0,0.0,0.0,-0.0,0.0,-0.016745908035239367,0.0,-0.0,-0.0,-0.0,0.0,-0.0,-0.0,-0.0,0.0,-0.0,-0.0,-0.04201070828325254,-0.10197561078529423,-0.03754832013760344,-0.0,-0.0,-0.0,-0.0,0.0,0.0,0.0,-0.0,-0.0,-0.0,0.0,0.05093481571387546,-0.0,-0.0,0.14818587558526636,-0.0,-0.0,-0.0,-0.0,0.0,0.0,0.0,0.0,-0.0,0.0,-0.002271094454021062,-0.0,-0.0,-0.0,-0.0,0.13213257157917385,0.0,0.0,0.0,0.0,-0.0,-0.0,-0.0,-0.0,-0.0,-0.0,0.0,-0.0,0.0,0.0,-0.0,-0.0,-0.0,0.0,0.0,0.0,-0.0,0.0,0.0,0.0,0.0,-0.013759862686777785,-0.0,0.02734289848321447,-0.0,-0.0,-0.0,-0.0,-0.0,-0.0,0.0,0.0,0.0,0.0,0.0,0.0,-0.0,0.0,-0.0,0.0,0.0,-0.0,0.005254087267122927,0.0,-0.0,-0.0,-0.0,-0.0,0.0,0.0,0.0,0.0,0.022645546936104217,0.0,-0.0,0.0,0.0,0.0,0.0,0.0,0.0,0.0,0.0,-0.012309951568687971,-0.0,-0.0,0.0,0.0,-0.0,-0.0,-0.0,-0.0,0.0,-0.0,-0.0,0.0,0.0,0.0,0.0,-0.0,-0.0,-0.0,-0.0,0.0,0.0,-0.0,0.013814282084578076,0.0,-0.0,-0.0,-0.0,0.0,-0.0,-0.0,0.02937453331237388,0.05280366751487107,0.0,0.0,0.0,0.0,0.0,0.0,0.0,0.0,0.0,-0.0,0.0,0.0,0.0,-0.0,0.0,0.23588575303150836,2025-02-16,3,18
-0.0,-0.011104052257037048,-0.0,-0.0,0.0,0.0,0.0,-0.0,0.0,0.0,0.0,0.0,-0.0,0.0,-0.016745908035239367,0.0,-0.0,-0.0,-0.0,0.0,-0.0,-0.0,-0.0,0.0,-0.0,-0.0,-0.04201070828325254,-0.10197561078529423,-0.03754832013760344,-0.0,-0.0,-0.0,-0.0,0.0,0.0,0.0,-0.0,-0.0,-0.0,0.0,0.05093481571387546,-0.0,-0.0,0.14818587558526636,-0.0,-0.0,-0.0,-0.0,0.0,0.0,0.0,0.0,-0.0,0.0,-0.002271094454021062,-0.0,-0.0,-0.0,-0.0,0.13213257157917385,0.0,0.0,0.0,0.0,-0.0,-0.0,-0.0,-0.0,-0.0,-0.0,0.0,-0.0,0.0,0.0,-0.0,-0.0,-0.0,0.0,0.0,0.0,-0.0,0.0,0.0,0.0,0.0,-0.013759862686777785,-0.0,0.02734289848321447,-0.0,-0.0,-0.0,-0.0,-0.0,-0.0,0.0,0.0,0.0,0.0,0.0,0.0,-0.0,0.0,-0.0,0.0,0.0,-0.0,0.005254087267122927,0.0,-0.0,-0.0,-0.0,-0.0,0.0,0.0,0.0,0.0,0.022645546936104217,0.0,-0.0,0.0,0.0,0.0,0.0,0.0,0.0,0.0,0.0,-0.012309951568687971,-0.0,-0.0,0.0,0.0,-0.0,-0.0,-0.0,-0.0,0.0,-0.0,-0.0,0.0,0.0,0.0,0.0,-0.0,-0.0,-0.0,-0.0,0.0,0.0,-0.0,0.013814282084578076,0.0,-0.0,-0.0,-0.0,0.0,-0.0,-0.0,0.02937453331237388,0.05280366751487107,0.0,0.0,0.0,0.0,0.0,0.0,0.0,0.0,0.0,-0.0,0.0,0.0,0.0,-0.0,0.0,0.23588575303150836,2025-02-17,3,18
-0.0,-0.011104052257037048,-0.0,-0.0,0.0,0.0,0.0,-0.0,0.0,0.0,0.0,0.0,-0.0,0.0,-0.016745908035239367,0.0,-0.0,-0.0,-0.0,0.0,-0.0,-0.0,-0.0,0.0,-0.0,-0.0,-0.04201070828325254,-0.10197561078529423,-0.03754832013760344,-0.0,-0.0,-0.0,-0.0,0.0,0.0,0.0,-0.0,-0.0,-0.0,0.0,0.05093481571387546,-0.0,-0.0,0.14818587558526636,-0.0,-0.0,-0.0,-0.0,0.0,0.0,0.0,0.0,-0.0,0.0,-0.002271094454021062,-0.0,-0.0,-0.0,-0.0,0.13213257157917385,0.0,0.0,0.0,0.0,-0.0,-0.0,-0.0,-0.0,-0.0,-0.0,0.0,-0.0,0.0,0.0,-0.0,-0.0,-0.0,0.0,0.0,0.0,-0.0,0.0,0.0,0.0,0.0,-0.013759862686777785,-0.0,0.02734289848321447,-0.0,-0.0,-0.0,-0.0,-0.0,-0.0,0.0,0.0,0.0,0.0,0.0,0.0,-0.0,0.0,-0.0,0.0,0.0,-0.0,0.005254087267122927,0.0,-0.0,-0.0,-0.0,-0.0,0.0,0.0,0.0,0.0,0.022645546936104217,0.0,-0.0,0.0,0.0,0.0,0.0,0.0,0.0,0.0,0.0,-0.012309951568687971,-0.0,-0.0,0.0,0.0,-0.0,-0.0,-0.0,-0.0,0.0,-0.0,-0.0,0.0,0.0,0.0,0.0,-0.0,-0.0,-0.0,-0.0,0.0,0.0,-0.0,0.013814282084578076,0.0,-0.0,-0.0,-0.0,0.0,-0.0,-0.0,0.02937453331237388,0.05280366751487107,0.0,0.0,0.0,0.0,0.0,0.0,0.0,0.0,0.0,-0.0,0.0,0.0,0.0,-0.0,0.0,0.23588575303150836,2025-02-18,3,18
-0.0,-0.011104052257037048,-0.0,-0.0,0.0,0.0,0.0,-0.0,0.0,0.0,0.0,0.0,-0.0,0.0,-0.016745908035239367,0.0,-0.0,-0.0,-0.0,0.0,-0.0,-0.0,-0.0,0.0,-0.0,-0.0,-0.04201070828325254,-0.10197561078529423,-0.03754832013760344,-0.0,-0.0,-0.0,-0.0,0.0,0.0,0.0,-0.0,-0.0,-0.0,0.0,0.05093481571387546,-0.0,-0.0,0.14818587558526636,-0.0,-0.0,-0.0,-0.0,0.0,0.0,0.0,0.0,-0.0,0.0,-0.002271094454021062,-0.0,-0.0,-0.0,-0.0,0.13213257157917385,0.0,0.0,0.0,0.0,-0.0,-0.0,-0.0,-0.0,-0.0,-0.0,0.0,-0.0,0.0,0.0,-0.0,-0.0,-0.0,0.0,0.0,0.0,-0.0,0.0,0.0,0.0,0.0,-0.013759862686777785,-0.0,0.02734289848321447,-0.0,-0.0,-0.0,-0.0,-0.0,-0.0,0.0,0.0,0.0,0.0,0.0,0.0,-0.0,0.0,-0.0,0.0,0.0,-0.0,0.005254087267122927,0.0,-0.0,-0.0,-0.0,-0.0,0.0,0.0,0.0,0.0,0.022645546936104217,0.0,-0.0,0.0,0.0,0.0,0.0,0.0,0.0,0.0,0.0,-0.012309951568687971,-0.0,-0.0,0.0,0.0,-0.0,-0.0,-0.0,-0.0,0.0,-0.0,-0.0,0.0,0.0,0.0,0.0,-0.0,-0.0,-0.0,-0.0,0.0,0.0,-0.0,0.013814282084578076,0.0,-0.0,-0.0,-0.0,0.0,-0.0,-0.0,0.02937453331237388,0.05280366751487107,0.0,0.0,0.0,0.0,0.0,0.0,0.0,0.0,0.0,-0.0,0.0,0.0,0.0,-0.0,0.0,0.23588575303150836,2025-02-19,3,18
-0.0,-0.011104052257037048,-0.0,-0.0,0.0,0.0,0.0,-0.0,0.0,0.0,0.0,0.0,-0.0,0.0,-0.016745908035239367,0.0,-0.0,-0.0,-0.0,0.0,-0.0,-0.0,-0.0,0.0,-0.0,-0.0,-0.04201070828325254,-0.10197561078529423,-0.03754832013760344,-0.0,-0.0,-0.0,-0.0,0.0,0.0,0.0,-0.0,-0.0,-0.0,0.0,0.05093481571387546,-0.0,-0.0,0.14818587558526636,-0.0,-0.0,-0.0,-0.0,0.0,0.0,0.0,0.0,-0.0,0.0,-0.002271094454021062,-0.0,-0.0,-0.0,-0.0,0.13213257157917385,0.0,0.0,0.0,0.0,-0.0,-0.0,-0.0,-0.0,-0.0,-0.0,0.0,-0.0,0.0,0.0,-0.0,-0.0,-0.0,0.0,0.0,0.0,-0.0,0.0,0.0,0.0,0.0,-0.013759862686777785,-0.0,0.02734289848321447,-0.0,-0.0,-0.0,-0.0,-0.0,-0.0,0.0,0.0,0.0,0.0,0.0,0.0,-0.0,0.0,-0.0,0.0,0.0,-0.0,0.005254087267122927,0.0,-0.0,-0.0,-0.0,-0.0,0.0,0.0,0.0,0.0,0.022645546936104217,0.0,-0.0,0.0,0.0,0.0,0.0,0.0,0.0,0.0,0.0,-0.012309951568687971,-0.0,-0.0,0.0,0.0,-0.0,-0.0,-0.0,-0.0,0.0,-0.0,-0.0,0.0,0.0,0.0,0.0,-0.0,-0.0,-0.0,-0.0,0.0,0.0,-0.0,0.013814282084578076,0.0,-0.0,-0.0,-0.0,0.0,-0.0,-0.0,0.02937453331237388,0.05280366751487107,0.0,0.0,0.0,0.0,0.0,0.0,0.0,0.0,0.0,-0.0,0.0,0.0,0.0,-0.0,0.0,0.23588575303150836,2025-02-20,3,18
-0.0,-0.011104052257037048,-0.0,-0.0,0.0,0.0,0.0,-0.0,0.0,0.0,0.0,0.0,-0.0,0.0,-0.016745908035239367,0.0,-0.0,-0.0,-0.0,0.0,-0.0,-0.0,-0.0,0.0,-0.0,-0.0,-0.04201070828325254,-0.10197561078529423,-0.03754832013760344,-0.0,-0.0,-0.0,-0.0,0.0,0.0,0.0,-0.0,-0.0,-0.0,0.0,0.05093481571387546,-0.0,-0.0,0.14818587558526636,-0.0,-0.0,-0.0,-0.0,0.0,0.0,0.0,0.0,-0.0,0.0,-0.002271094454021062,-0.0,-0.0,-0.0,-0.0,0.13213257157917385,0.0,0.0,0.0,0.0,-0.0,-0.0,-0.0,-0.0,-0.0,-0.0,0.0,-0.0,0.0,0.0,-0.0,-0.0,-0.0,0.0,0.0,0.0,-0.0,0.0,0.0,0.0,0.0,-0.013759862686777785,-0.0,0.02734289848321447,-0.0,-0.0,-0.0,-0.0,-0.0,-0.0,0.0,0.0,0.0,0.0,0.0,0.0,-0.0,0.0,-0.0,0.0,0.0,-0.0,0.005254087267122927,0.0,-0.0,-0.0,-0.0,-0.0,0.0,0.0,0.0,0.0,0.022645546936104217,0.0,-0.0,0.0,0.0,0.0,0.0,0.0,0.0,0.0,0.0,-0.012309951568687971,-0.0,-0.0,0.0,0.0,-0.0,-0.0,-0.0,-0.0,0.0,-0.0,-0.0,0.0,0.0,0.0,0.0,-0.0,-0.0,-0.0,-0.0,0.0,0.0,-0.0,0.013814282084578076,0.0,-0.0,-0.0,-0.0,0.0,-0.0,-0.0,0.02937453331237388,0.05280366751487107,0.0,0.0,0.0,0.0,0.0,0.0,0.0,0.0,0.0,-0.0,0.0,0.0,0.0,-0.0,0.0,0.23588575303150836,2025-02-21,3,18
-0.0,-0.008321487557293146,-0.0,-0.0,0.0,0.0,0.0,-0.0,0.0,0.0,0.0,0.0,-0.0,-0.0,-0.01604193934500796,0.0,-0.0,-0.0,-0.0,0.0,-0.0,-0.0,-0.0,0.0,-0.0,-0.0,-0.03820154299277263,-0.10196225522022692,-0.036786261293210276,-0.0,-0.0,-0.0,-0.0,0.0,0.0,0.0,-0.0,-0.0,-0.0,0.0,0.05001572657690999,-0.0,-0.0,0.14976483496903756,-0.0,-0.0,-0.0,-0.0,0.0,0.0,0.0,0.0,-0.0,0.0,-0.004847782706454934,-0.0,-0.0,-0.0,-0.0,0.11494646229607289,0.0,0.0,0.0,0.0,-0.0,-0.0,-0.0,-0.0,-0.0,-0.0,0.0,-0.001564494307490596,0.0,0.0,-0.0,0.0,-0.0,0.0,0.0,0.0,-0.0,0.0,0.0,0.0,0.004397526838418209,-0.01000082900200899,-0.0,0.02696385896052781,-0.0,-0.0,-0.0,-0.0,-0.0,-0.0,0.0,0.0,0.0,0.0,0.0,0.0,-0.0,0.0,-0.0,0.0,0.0,-0.0,0.005068274951166229,0.0,-0.0,-0.0,-0.0,-0.0,0.0,0.0,0.0,0.0,0.021921796317144773,0.0,-0.0,0.0,0.0,0.0,0.0,0.0,0.0,0.0,0.0,-0.007236219885003377,-0.0026954665039815875,-0.005051491494336339,0.0,0.0,-0.0,-0.0,-0.0,-0.0,-0.0,-0.0,-0.0,0.0,0.0,0.0,0.0,-0.0,-0.0,-0.0,-0.0,0.0,0.0,-0.0,0.014162235191149689,0.0,-0.0,-0.0,-0.0,0.0,-0.0,-0.0,0.030038374345855528,0.0538851212372639,0.0,0.0,0.0,0.0,0.0,0.0,0.0,0.0,0.0,0.0,0.0,0.0,0.0,-0.0,0.0,0.23920636547149776,2025-02-22,3,22
-0.0,-0.008321487557293146,-0.0,-0.0,0.0,0.0,0.0,-0.0,0.0,0.0,0.0,0.0,-0.0,-0.0,-0.01604193934500796,0.0,-0.0,-0.0,-0.0,0.0,-0.0,-0.0,-0.0,0.0,-0.0,-0.0,-0.03820154299277263,-0.10196225522022692,-0.036786261293210276,-0.0,-0.0,-0.0,-0.0,0.0,0.0,0.0,-0.0,-0.0,-0.0,0.0,0.05001572657690999,-0.0,-0.0,0.14976483496903756,-0.0,-0.0,-0.0,-0.0,0.0,0.0,0.0,0.0,-0.0,0.0,-0.004847782706454934,-0.0,-0.0,-0.0,-0.0,0.11494646229607289,0.0,0.0,0.0,0.0,-0.0,-0.0,-0.0,-0.0,-0.0,-0.0,0.0,-0.001564494307490596,0.0,0.0,-0.0,0.0,-0.0,0.0,0.0,0.0,-0.0,0.0,0.0,0.0,0.004397526838418209,-0.01000082900200899,-0.0,0.02696385896052781,-0.0,-0.0,-0.0,-0.0,-0.0,-0.0,0.0,0.0,0.0,0.0,0.0,0.0,-0.0,0.0,-0.0,0.0,0.0,-0.0,0.005068274951166229,0.0,-0.0,-0.0,-0.0,-0.0,0.0,0.0,0.0,0.0,0.021921796317144773,0.0,-0.0,0.0,0.0,0.0,0.0,0.0,0.0,0.0,0.0,-0.007236219885003377,-0.0026954665039815875,-0.005051491494336339,0.0,0.0,-0.0,-0.0,-0.0,-0.0,-0.0,-0.0,-0.0,0.0,0.0,0.0,0.0,-0.0,-0.0,-0.0,-0.0,0.0,0.0,-0.0,0.014162235191149689,0.0,-0.0,-0.0,-0.0,0.0,-0.0,-0.0,0.030038374345855528,0.0538851212372639,0.0,0.0,0.0,0.0,0.0,0.0,0.0,0.0,0.0,0.0,0.0,0.0,0.0,-0.0,0.0,0.23920636547149776,2025-02-23,3,22
-0.0,-0.008321487557293146,-0.0,-0.0,0.0,0.0,0.0,-0.0,0.0,0.0,0.0,0.0,-0.0,-0.0,-0.01604193934500796,0.0,-0.0,-0.0,-0.0,0.0,-0.0,-0.0,-0.0,0.0,-0.0,-0.0,-0.03820154299277263,-0.10196225522022692,-0.036786261293210276,-0.0,-0.0,-0.0,-0.0,0.0,0.0,0.0,-0.0,-0.0,-0.0,0.0,0.05001572657690999,-0.0,-0.0,0.14976483496903756,-0.0,-0.0,-0.0,-0.0,0.0,0.0,0.0,0.0,-0.0,0.0,-0.004847782706454934,-0.0,-0.0,-0.0,-0.0,0.11494646229607289,0.0,0.0,0.0,0.0,-0.0,-0.0,-0.0,-0.0,-0.0,-0.0,0.0,-0.001564494307490596,0.0,0.0,-0.0,0.0,-0.0,0.0,0.0,0.0,-0.0,0.0,0.0,0.0,0.004397526838418209,-0.01000082900200899,-0.0,0.02696385896052781,-0.0,-0.0,-0.0,-0.0,-0.0,-0.0,0.0,0.0,0.0,0.0,0.0,0.0,-0.0,0.0,-0.0,0.0,0.0,-0.0,0.005068274951166229,0.0,-0.0,-0.0,-0.0,-0.0,0.0,0.0,0.0,0.0,0.021921796317144773,0.0,-0.0,0.0,0.0,0.0,0.0,0.0,0.0,0.0,0.0,-0.007236219885003377,-0.0026954665039815875,-0.005051491494336339,0.0,0.0,-0.0,-0.0,-0.0,-0.0,-0.0,-0.0,-0.0,0.0,0.0,0.0,0.0,-0.0,-0.0,-0.0,-0.0,0.0,0.0,-0.0,0.014162235191149689,0.0,-0.0,-0.0,-0.0,0.0,-0.0,-0.0,0.030038374345855528,0.0538851212372639,0.0,0.0,0.0,0.0,0.0,0.0,0.0,0.0,0.0,0.0,0.0,0.0,0.0,-0.0,0.0,0.23920636547149776,2025-02-24,3,22
-0.0,-0.008321487557293146,-0.0,-0.0,0.0,0.0,0.0,-0.0,0.0,0.0,0.0,0.0,-0.0,-0.0,-0.01604193934500796,0.0,-0.0,-0.0,-0.0,0.0,-0.0,-0.0,-0.0,0.0,-0.0,-0.0,-0.03820154299277263,-0.10196225522022692,-0.036786261293210276,-0.0,-0.0,-0.0,-0.0,0.0,0.0,0.0,-0.0,-0.0,-0.0,0.0,0.05001572657690999,-0.0,-0.0,0.14976483496903756,-0.0,-0.0,-0.0,-0.0,0.0,0.0,0.0,0.0,-0.0,0.0,-0.004847782706454934,-0.0,-0.0,-0.0,-0.0,0.11494646229607289,0.0,0.0,0.0,0.0,-0.0,-0.0,-0.0,-0.0,-0.0,-0.0,0.0,-0.001564494307490596,0.0,0.0,-0.0,0.0,-0.0,0.0,0.0,0.0,-0.0,0.0,0.0,0.0,0.004397526838418209,-0.01000082900200899,-0.0,0.02696385896052781,-0.0,-0.0,-0.0,-0.0,-0.0,-0.0,0.0,0.0,0.0,0.0,0.0,0.0,-0.0,0.0,-0.0,0.0,0.0,-0.0,0.005068274951166229,0.0,-0.0,-0.0,-0.0,-0.0,0.0,0.0,0.0,0.0,0.021921796317144773,0.0,-0.0,0.0,0.0,0.0,0.0,0.0,0.0,0.0,0.0,-0.007236219885003377,-0.0026954665039815875,-0.005051491494336339,0.0,0.0,-0.0,-0.0,-0.0,-0.0,-0.0,-0.0,-0.0,0.0,0.0,0.0,0.0,-0.0,-0.0,-0.0,-0.0,0.0,0.0,-0.0,0.014162235191149689,0.0,-0.0,-0.0,-0.0,0.0,-0.0,-0.0,0.030038374345855528,0.0538851212372639,0.0,0.0,0.0,0.0,0.0,0.0,0.0,0.0,0.0,0.0,0.0,0.0,0.0,-0.0,0.0,0.23920636547149776,2025-02-25,3,22
-0.0,-0.008321487557293146,-0.0,-0.0,0.0,0.0,0.0,-0.0,0.0,0.0,0.0,0.0,-0.0,-0.0,-0.01604193934500796,0.0,-0.0,-0.0,-0.0,0.0,-0.0,-0.0,-0.0,0.0,-0.0,-0.0,-0.03820154299277263,-0.10196225522022692,-0.036786261293210276,-0.0,-0.0,-0.0,-0.0,0.0,0.0,0.0,-0.0,-0.0,-0.0,0.0,0.05001572657690999,-0.0,-0.0,0.14976483496903756,-0.0,-0.0,-0.0,-0.0,0.0,0.0,0.0,0.0,-0.0,0.0,-0.004847782706454934,-0.0,-0.0,-0.0,-0.0,0.11494646229607289,0.0,0.0,0.0,0.0,-0.0,-0.0,-0.0,-0.0,-0.0,-0.0,0.0,-0.001564494307490596,0.0,0.0,-0.0,0.0,-0.0,0.0,0.0,0.0,-0.0,0.0,0.0,0.0,0.004397526838418209,-0.01000082900200899,-0.0,0.02696385896052781,-0.0,-0.0,-0.0,-0.0,-0.0,-0.0,0.0,0.0,0.0,0.0,0.0,0.0,-0.0,0.0,-0.0,0.0,0.0,-0.0,0.005068274951166229,0.0,-0.0,-0.0,-0.0,-0.0,0.0,0.0,0.0,0.0,0.021921796317144773,0.0,-0.0,0.0,0.0,0.0,0.0,0.0,0.0,0.0,0.0,-0.007236219885003377,-0.0026954665039815875,-0.005051491494336339,0.0,0.0,-0.0,-0.0,-0.0,-0.0,-0.0,-0.0,-0.0,0.0,0.0,0.0,0.0,-0.0,-0.0,-0.0,-0.0,0.0,0.0,-0.0,0.014162235191149689,0.0,-0.0,-0.0,-0.0,0.0,-0.0,-0.0,0.030038374345855528,0.0538851212372639,0.0,0.0,0.0,0.0,0.0,0.0,0.0,0.0,0.0,0.0,0.0,0.0,0.0,-0.0,0.0,0.23920636547149776,2025-02-26,3,22
-0.0,-0.008321487557293146,-0.0,-0.0,0.0,0.0,0.0,-0.0,0.0,0.0,0.0,0.0,-0.0,-0.0,-0.01604193934500796,0.0,-0.0,-0.0,-0.0,0.0,-0.0,-0.0,-0.0,0.0,-0.0,-0.0,-0.03820154299277263,-0.10196225522022692,-0.036786261293210276,-0.0,-0.0,-0.0,-0.0,0.0,0.0,0.0,-0.0,-0.0,-0.0,0.0,0.05001572657690999,-0.0,-0.0,0.14976483496903756,-0.0,-0.0,-0.0,-0.0,0.0,0.0,0.0,0.0,-0.0,0.0,-0.004847782706454934,-0.0,-0.0,-0.0,-0.0,0.11494646229607289,0.0,0.0,0.0,0.0,-0.0,-0.0,-0.0,-0.0,-0.0,-0.0,0.0,-0.001564494307490596,0.0,0.0,-0.0,0.0,-0.0,0.0,0.0,0.0,-0.0,0.0,0.0,0.0,0.004397526838418209,-0.01000082900200899,-0.0,0.02696385896052781,-0.0,-0.0,-0.0,-0.0,-0.0,-0.0,0.0,0.0,0.0,0.0,0.0,0.0,-0.0,0.0,-0.0,0.0,0.0,-0.0,0.005068274951166229,0.0,-0.0,-0.0,-0.0,-0.0,0.0,0.0,0.0,0.0,0.021921796317144773,0.0,-0.0,0.0,0.0,0.0,0.0,0.0,0.0,0.0,0.0,-0.007236219885003377,-0.0026954665039815875,-0.005051491494336339,0.0,0.0,-0.0,-0.0,-0.0,-0.0,-0.0,-0.0,-0.0,0.0,0.0,0.0,0.0,-0.0,-0.0,-0.0,-0.0,0.0,0.0,-0.0,0.014162235191149689,0.0,-0.0,-0.0,-0.0,0.0,-0.0,-0.0,0.030038374345855528,0.0538851212372639,0.0,0.0,0.0,0.0,0.0,0.0,0.0,0.0,0.0,0.0,0.0,0.0,0.0,-0.0,0.0,0.23920636547149776,2025-02-27,3,22
-0.0,-0.008321487557293146,-0.0,-0.0,0.0,0.0,0.0,-0.0,0.0,0.0,0.0,0.0,-0.0,-0.0,-0.01604193934500796,0.0,-0.0,-0.0,-0.0,0.0,-0.0,-0.0,-0.0,0.0,-0.0,-0.0,-0.03820154299277263,-0.10196225522022692,-0.036786261293210276,-0.0,-0.0,-0.0,-0.0,0.0,0.0,0.0,-0.0,-0.0,-0.0,0.0,0.05001572657690999,-0.0,-0.0,0.14976483496903756,-0.0,-0.0,-0.0,-0.0,0.0,0.0,0.0,0.0,-0.0,0.0,-0.004847782706454934,-0.0,-0.0,-0.0,-0.0,0.11494646229607289,0.0,0.0,0.0,0.0,-0.0,-0.0,-0.0,-0.0,-0.0,-0.0,0.0,-0.001564494307490596,0.0,0.0,-0.0,0.0,-0.0,0.0,0.0,0.0,-0.0,0.0,0.0,0.0,0.004397526838418209,-0.01000082900200899,-0.0,0.02696385896052781,-0.0,-0.0,-0.0,-0.0,-0.0,-0.0,0.0,0.0,0.0,0.0,0.0,0.0,-0.0,0.0,-0.0,0.0,0.0,-0.0,0.005068274951166229,0.0,-0.0,-0.0,-0.0,-0.0,0.0,0.0,0.0,0.0,0.021921796317144773,0.0,-0.0,0.0,0.0,0.0,0.0,0.0,0.0,0.0,0.0,-0.007236219885003377,-0.0026954665039815875,-0.005051491494336339,0.0,0.0,-0.0,-0.0,-0.0,-0.0,-0.0,-0.0,-0.0,0.0,0.0,0.0,0.0,-0.0,-0.0,-0.0,-0.0,0.0,0.0,-0.0,0.014162235191149689,0.0,-0.0,-0.0,-0.0,0.0,-0.0,-0.0,0.030038374345855528,0.0538851212372639,0.0,0.0,0.0,0.0,0.0,0.0,0.0,0.0,0.0,0.0,0.0,0.0,0.0,-0.0,0.0,0.23920636547149776,2025-02-28,3,22
-0.0,-0.012358241689827942,-0.0,-0.0,0.0,0.0,0.0,-0.0,0.0,0.0,0.0,0.0,-0.0,0.0,-0.01937801701263341,0.0,-0.0,-0.0,-0.0,0.0,-0.0,-0.0,-0.0,0.0,-0.0,-0.0,-0.037575179004428826,-0.10163913493088948,-0.03368066682515092,-0.0,-0.0,-0.0,-0.0,0.0,0.0,0.0,-0.0,-0.0,-0.0,0.0,0.05322533904717573,-0.0,-0.0,0.14922468056567542,-0.0,-0.0,-0.0,-0.0,0.0,0.0,0.0,0.0,-0.0,0.0,-0.0015866114633091607,-0.0,-0.0,-0.0,-0.0,0.11723785373846476,0.0,0.0,0.0,0.0,-0.0,-0.0,-0.0,-0.0,-0.0,-0.0,0.0,-3.8539842914037876e-05,0.0,0.0,-0.0,0.0,-0.0,0.0,0.0,0.0,-0.0,0.0,0.0,0.0,0.00338409408694317,-0.008146513697124387,-0.0,0.021871269653542615,-0.0,-0.0,-0.0,-0.0,-0.0,-0.0,-0.0,0.0,0.0,0.0,0.0,0.0,-0.0,0.0,-0.0,0.0,0.0,-0.0,0.006722631658082271,0.0,-0.0,-0.0,-0.0,-0.0,0.0,0.0,0.0,0.0,0.02353698787516565,0.0,-0.0,0.0,0.0,0.0,0.0,0.0,0.0,0.0,0.0,-0.0006744426391296167,-0.0037005082109206337,-0.0,0.0,0.0,-0.0,-0.0,-0.0,-0.0,0.0,-0.0,-0.0,0.0,0.0,0.0,0.0,-0.0,-0.0,-0.0,-0.0,0.006945388269620945,0.0,-0.0,0.015515524102679363,0.0,-0.0,-0.0,-0.0,0.0,-0.0,0.0,0.032183293121401516,0.057860699490419665,0.0,0.0,0.0,0.0,0.0,0.0,0.0,0.0,0.0,0.0,0.0,0.0,0.0,-0.0,0.0,0.22772440269332406,2025-03-01,3,22
-0.0,-0.012358241689827942,-0.0,-0.0,0.0,0.0,0.0,-0.0,0.0,0.0,0.0,0.0,-0.0,0.0,-0.01937801701263341,0.0,-0.0,-0.0,-0.0,0.0,-0.0,-0.0,-0.0,0.0,-0.0,-0.0,-0.037575179004428826,-0.10163913493088948,-0.03368066682515092,-0.0,-0.0,-0.0,-0.0,0.0,0.0,0.0,-0.0,-0.0,-0.0,0.0,0.05322533904717573,-0.0,-0.0,0.14922468056567542,-0.0,-0.0,-0.0,-0.0,0.0,0.0,0.0,0.0,-0.0,0.0,-0.0015866114633091607,-0.0,-0.0,-0.0,-0.0,0.11723785373846476,0.0,0.0,0.0,0.0,-0.0,-0.0,-0.0,-0.0,-0.0,-0.0,0.0,-3.8539842914037876e-05,0.0,0.0,-0.0,0.0,-0.0,0.0,0.0,0.0,-0.0,0.0,0.0,0.0,0.00338409408694317,-0.008146513697124387,-0.0,0.021871269653542615,-0.0,-0.0,-0.0,-0.0,-0.0,-0.0,-0.0,0.0,0.0,0.0,0.0,0.0,-0.0,0.0,-0.0,0.0,0.0,-0.0,0.006722631658082271,0.0,-0.0,-0.0,-0.0,-0.0,0.0,0.0,0.0,0.0,0.02353698787516565,0.0,-0.0,0.0,0.0,0.0,0.0,0.0,0.0,0.0,0.0,-0.0006744426391296167,-0.0037005082109206337,-0.0,0.0,0.0,-0.0,-0.0,-0.0,-0.0,0.0,-0.0,-0.0,0.0,0.0,0.0,0.0,-0.0,-0.0,-0.0,-0.0,0.006945388269620945,0.0,-0.0,0.015515524102679363,0.0,-0.0,-0.0,-0.0,0.0,-0.0,0.0,0.032183293121401516,0.057860699490419665,0.0,0.0,0.0,0.0,0.0,0.0,0.0,0.0,0.0,0.0,0.0,0.0,0.0,-0.0,0.0,0.22772440269332406,2025-03-02,3,22
-0.0,-0.012358241689827942,-0.0,-0.0,0.0,0.0,0.0,-0.0,0.0,0.0,0.0,0.0,-0.0,0.0,-0.01937801701263341,0.0,-0.0,-0.0,-0.0,0.0,-0.0,-0.0,-0.0,0.0,-0.0,-0.0,-0.037575179004428826,-0.10163913493088948,-0.03368066682515092,-0.0,-0.0,-0.0,-0.0,0.0,0.0,0.0,-0.0,-0.0,-0.0,0.0,0.05322533904717573,-0.0,-0.0,0.14922468056567542,-0.0,-0.0,-0.0,-0.0,0.0,0.0,0.0,0.0,-0.0,0.0,-0.0015866114633091607,-0.0,-0.0,-0.0,-0.0,0.11723785373846476,0.0,0.0,0.0,0.0,-0.0,-0.0,-0.0,-0.0,-0.0,-0.0,0.0,-3.8539842914037876e-05,0.0,0.0,-0.0,0.0,-0.0,0.0,0.0,0.0,-0.0,0.0,0.0,0.0,0.00338409408694317,-0.008146513697124387,-0.0,0.021871269653542615,-0.0,-0.0,-0.0,-0.0,-0.0,-0.0,-0.0,0.0,0.0,0.0,0.0,0.0,-0.0,0.0,-0.0,0.0,0.0,-0.0,0.006722631658082271,0.0,-0.0,-0.0,-0.0,-0.0,0.0,0.0,0.0,0.0,0.02353698787516565,0.0,-0.0,0.0,0.0,0.0,0.0,0.0,0.0,0.0,0.0,-0.0006744426391296167,-0.0037005082109206337,-0.0,0.0,0.0,-0.0,-0.0,-0.0,-0.0,0.0,-0.0,-0.0,0.0,0.0,0.0,0.0,-0.0,-0.0,-0.0,-0.0,0.006945388269620945,0.0,-0.0,0.015515524102679363,0.0,-0.0,-0.0,-0.0,0.0,-0.0,0.0,0.032183293121401516,0.057860699490419665,0.0,0.0,0.0,0.0,0.0,0.0,0.0,0.0,0.0,0.0,0.0,0.0,0.0,-0.0,0.0,0.22772440269332406,2025-03-03,3,22
-0.0,-0.012358241689827942,-0.0,-0.0,0.0,0.0,0.0,-0.0,0.0,0.0,0.0,0.0,-0.0,0.0,-0.01937801701263341,0.0,-0.0,-0.0,-0.0,0.0,-0.0,-0.0,-0.0,0.0,-0.0,-0.0,-0.037575179004428826,-0.10163913493088948,-0.03368066682515092,-0.0,-0.0,-0.0,-0.0,0.0,0.0,0.0,-0.0,-0.0,-0.0,0.0,0.05322533904717573,-0.0,-0.0,0.14922468056567542,-0.0,-0.0,-0.0,-0.0,0.0,0.0,0.0,0.0,-0.0,0.0,-0.0015866114633091607,-0.0,-0.0,-0.0,-0.0,0.11723785373846476,0.0,0.0,0.0,0.0,-0.0,-0.0,-0.0,-0.0,-0.0,-0.0,0.0,-3.8539842914037876e-05,0.0,0.0,-0.0,0.0,-0.0,0.0,0.0,0.0,-0.0,0.0,0.0,0.0,0.00338409408694317,-0.008146513697124387,-0.0,0.021871269653542615,-0.0,-0.0,-0.0,-0.0,-0.0,-0.0,-0.0,0.0,0.0,0.0,0.0,0.0,-0.0,0.0,-0.0,0.0,0.0,-0.0,0.006722631658082271,0.0,-0.0,-0.0,-0.0,-0.0,0.0,0.0,0.0,0.0,0.02353698787516565,0.0,-0.0,0.0,0.0,0.0,0.0,0.0,0.0,0.0,0.0,-0.0006744426391296167,-0.0037005082109206337,-0.0,0.0,0.0,-0.0,-0.0,-0.0,-0.0,0.0,-0.0,-0.0,0.0,0.0,0.0,0.0,-0.0,-0.0,-0.0,-0.0,0.006945388269620945,0.0,-0.0,0.015515524102679363,0.0,-0.0,-0.0,-0.0,0.0,-0.0,0.0,0.032183293121401516,0.057860699490419665,0.0,0.0,0.0,0.0,0.0,0.0,0.0,0.0,0.0,0.0,0.0,0.0,0.0,-0.0,0.0,0.22772440269332406,2025-03-04,3,22
-0.0,-0.012358241689827942,-0.0,-0.0,0.0,0.0,0.0,-0.0,0.0,0.0,0.0,0.0,-0.0,0.0,-0.01937801701263341,0.0,-0.0,-0.0,-0.0,0.0,-0.0,-0.0,-0.0,0.0,-0.0,-0.0,-0.037575179004428826,-0.10163913493088948,-0.03368066682515092,-0.0,-0.0,-0.0,-0.0,0.0,0.0,0.0,-0.0,-0.0,-0.0,0.0,0.05322533904717573,-0.0,-0.0,0.14922468056567542,-0.0,-0.0,-0.0,-0.0,0.0,0.0,0.0,0.0,-0.0,0.0,-0.0015866114633091607,-0.0,-0.0,-0.0,-0.0,0.11723785373846476,0.0,0.0,0.0,0.0,-0.0,-0.0,-0.0,-0.0,-0.0,-0.0,0.0,-3.8539842914037876e-05,0.0,0.0,-0.0,0.0,-0.0,0.0,0.0,0.0,-0.0,0.0,0.0,0.0,0.00338409408694317,-0.008146513697124387,-0.0,0.021871269653542615,-0.0,-0.0,-0.0,-0.0,-0.0,-0.0,-0.0,0.0,0.0,0.0,0.0,0.0,-0.0,0.0,-0.0,0.0,0.0,-0.0,0.006722631658082271,0.0,-0.0,-0.0,-0.0,-0.0,0.0,0.0,0.0,0.0,0.02353698787516565,0.0,-0.0,0.0,0.0,0.0,0.0,0.0,0.0,0.0,0.0,-0.0006744426391296167,-0.0037005082109206337,-0.0,0.0,0.0,-0.0,-0.0,-0.0,-0.0,0.0,-0.0,-0.0,0.0,0.0,0.0,0.0,-0.0,-0.0,-0.0,-0.0,0.006945388269620945,0.0,-0.0,0.015515524102679363,0.0,-0.0,-0.0,-0.0,0.0,-0.0,0.0,0.032183293121401516,0.057860699490419665,0.0,0.0,0.0,0.0,0.0,0.0,0.0,0.0,0.0,0.0,0.0,0.0,0.0,-0.0,0.0,0.22772440269332406,2025-03-05,3,22
-0.0,-0.012358241689827942,-0.0,-0.0,0.0,0.0,0.0,-0.0,0.0,0.0,0.0,0.0,-0.0,0.0,-0.01937801701263341,0.0,-0.0,-0.0,-0.0,0.0,-0.0,-0.0,-0.0,0.0,-0.0,-0.0,-0.037575179004428826,-0.10163913493088948,-0.03368066682515092,-0.0,-0.0,-0.0,-0.0,0.0,0.0,0.0,-0.0,-0.0,-0.0,0.0,0.05322533904717573,-0.0,-0.0,0.14922468056567542,-0.0,-0.0,-0.0,-0.0,0.0,0.0,0.0,0.0,-0.0,0.0,-0.0015866114633091607,-0.0,-0.0,-0.0,-0.0,0.11723785373846476,0.0,0.0,0.0,0.0,-0.0,-0.0,-0.0,-0.0,-0.0,-0.0,0.0,-3.8539842914037876e-05,0.0,0.0,-0.0,0.0,-0.0,0.0,0.0,0.0,-0.0,0.0,0.0,0.0,0.00338409408694317,-0.008146513697124387,-0.0,0.021871269653542615,-0.0,-0.0,-0.0,-0.0,-0.0,-0.0,-0.0,0.0,0.0,0.0,0.0,0.0,-0.0,0.0,-0.0,0.0,0.0,-0.0,0.006722631658082271,0.0,-0.0,-0.0,-0.0,-0.0,0.0,0.0,0.0,0.0,0.02353698787516565,0.0,-0.0,0.0,0.0,0.0,0.0,0.0,0.0,0.0,0.0,-0.0006744426391296167,-0.0037005082109206337,-0.0,0.0,0.0,-0.0,-0.0,-0.0,-0.0,0.0,-0.0,-0.0,0.0,0.0,0.0,0.0,-0.0,-0.0,-0.0,-0.0,0.006945388269620945,0.0,-0.0,0.015515524102679363,0.0,-0.0,-0.0,-0.0,0.0,-0.0,0.0,0.032183293121401516,0.057860699490419665,0.0,0.0,0.0,0.0,0.0,0.0,0.0,0.0,0.0,0.0,0.0,0.0,0.0,-0.0,0.0,0.22772440269332406,2025-03-06,3,22
-0.0,-0.012358241689827942,-0.0,-0.0,0.0,0.0,0.0,-0.0,0.0,0.0,0.0,0.0,-0.0,0.0,-0.01937801701263341,0.0,-0.0,-0.0,-0.0,0.0,-0.0,-0.0,-0.0,0.0,-0.0,-0.0,-0.037575179004428826,-0.10163913493088948,-0.03368066682515092,-0.0,-0.0,-0.0,-0.0,0.0,0.0,0.0,-0.0,-0.0,-0.0,0.0,0.05322533904717573,-0.0,-0.0,0.14922468056567542,-0.0,-0.0,-0.0,-0.0,0.0,0.0,0.0,0.0,-0.0,0.0,-0.0015866114633091607,-0.0,-0.0,-0.0,-0.0,0.11723785373846476,0.0,0.0,0.0,0.0,-0.0,-0.0,-0.0,-0.0,-0.0,-0.0,0.0,-3.8539842914037876e-05,0.0,0.0,-0.0,0.0,-0.0,0.0,0.0,0.0,-0.0,0.0,0.0,0.0,0.00338409408694317,-0.008146513697124387,-0.0,0.021871269653542615,-0.0,-0.0,-0.0,-0.0,-0.0,-0.0,-0.0,0.0,0.0,0.0,0.0,0.0,-0.0,0.0,-0.0,0.0,0.0,-0.0,0.006722631658082271,0.0,-0.0,-0.0,-0.0,-0.0,0.0,0.0,0.0,0.0,0.02353698787516565,0.0,-0.0,0.0,0.0,0.0,0.0,0.0,0.0,0.0,0.0,-0.0006744426391296167,-0.0037005082109206337,-0.0,0.0,0.0,-0.0,-0.0,-0.0,-0.0,0.0,-0.0,-0.0,0.0,0.0,0.0,0.0,-0.0,-0.0,-0.0,-0.0,0.006945388269620945,0.0,-0.0,0.015515524102679363,0.0,-0.0,-0.0,-0.0,0.0,-0.0,0.0,0.032183293121401516,0.057860699490419665,0.0,0.0,0.0,0.0,0.0,0.0,0.0,0.0,0.0,0.0,0.0,0.0,0.0,-0.0,0.0,0.22772440269332406,2025-03-07,3,22
-0.0,-0.012596220165479228,-0.0,-0.0,0.0,0.0,-0.0,-0.0,0.0,0.0,0.0,0.0,-0.0,0.0,-0.016827028215907622,0.0,-0.0,-0.0,-0.0,0.0,-0.0,-0.0,-0.0,0.0,-0.0,-0.0,-0.03851515251959061,-0.10297616986234244,-0.030831051072075805,-0.0,-0.0,-0.0,-0.0,0.0,0.0,0.0,-0.0,-0.0,-0.0,0.0,0.04926788759124809,-0.0,-0.0,0.15186080483176984,-0.0,-0.0,-0.0,-0.0,0.0,0.0,0.0,0.0,-0.0,0.0,-0.0,-0.0,-0.0,-0.0,-0.0,0.12412921322921304,0.0,0.0,0.0,0.0,-0.0,-0.0,-0.0,-0.0,-0.0,-0.0,0.0,-0.0018918027945435116,0.0,0.0,-0.0,-0.0,-0.0,0.0,0.0,0.0,-0.0,0.0,0.0,0.0,0.004113262772149668,-0.0,-0.0,0.025037935147708627,-0.0,-0.0,-0.0,-0.0,-0.0,-0.0,-0.0,0.0,-0.0,0.0,0.0,0.0,-0.0,0.0,-0.0,0.0,0.0,-0.0,0.0071997128613009225,0.0,-0.0,-0.0,-0.0,-0.0,0.0,0.0,0.0,0.0,0.022865410505208787,0.0,-0.0,0.0,0.0,0.0,0.0,0.0,0.0,0.0,0.0,-0.0,-0.004736540673341257,-0.003982063636390799,0.0,0.0,-0.0,-0.0,-0.0,-0.0,0.0,-0.0,-0.0,0.0,0.0,0.0,0.0,-0.0,-0.0,-0.0,-0.0,0.0,0.0,-0.0,0.015834380399021613,0.0,-0.0,-0.0,-0.0,0.0,-0.0,0.0,0.03266643250225396,0.05808995506204211,0.0,0.0,0.0,0.0,0.0,0.0,0.0,0.0,0.0,0.0,0.0,0.0,0.0,-0.0,0.0,0.2275171414385489,2025-03-08,3,19
-0.0,-0.012596220165479228,-0.0,-0.0,0.0,0.0,-0.0,-0.0,0.0,0.0,0.0,0.0,-0.0,0.0,-0.016827028215907622,0.0,-0.0,-0.0,-0.0,0.0,-0.0,-0.0,-0.0,0.0,-0.0,-0.0,-0.03851515251959061,-0.10297616986234244,-0.030831051072075805,-0.0,-0.0,-0.0,-0.0,0.0,0.0,0.0,-0.0,-0.0,-0.0,0.0,0.04926788759124809,-0.0,-0.0,0.15186080483176984,-0.0,-0.0,-0.0,-0.0,0.0,0.0,0.0,0.0,-0.0,0.0,-0.0,-0.0,-0.0,-0.0,-0.0,0.12412921322921304,0.0,0.0,0.0,0.0,-0.0,-0.0,-0.0,-0.0,-0.0,-0.0,0.0,-0.0018918027945435116,0.0,0.0,-0.0,-0.0,-0.0,0.0,0.0,0.0,-0.0,0.0,0.0,0.0,0.004113262772149668,-0.0,-0.0,0.025037935147708627,-0.0,-0.0,-0.0,-0.0,-0.0,-0.0,-0.0,0.0,-0.0,0.0,0.0,0.0,-0.0,0.0,-0.0,0.0,0.0,-0.0,0.0071997128613009225,0.0,-0.0,-0.0,-0.0,-0.0,0.0,0.0,0.0,0.0,0.022865410505208787,0.0,-0.0,0.0,0.0,0.0,0.0,0.0,0.0,0.0,0.0,-0.0,-0.004736540673341257,-0.003982063636390799,0.0,0.0,-0.0,-0.0,-0.0,-0.0,0.0,-0.0,-0.0,0.0,0.0,0.0,0.0,-0.0,-0.0,-0.0,-0.0,0.0,0.0,-0.0,0.015834380399021613,0.0,-0.0,-0.0,-0.0,0.0,-0.0,0.0,0.03266643250225396,0.05808995506204211,0.0,0.0,0.0,0.0,0.0,0.0,0.0,0.0,0.0,0.0,0.0,0.0,0.0,-0.0,0.0,0.2275171414385489,2025-03-09,3,19
-0.0,-0.012596220165479228,-0.0,-0.0,0.0,0.0,-0.0,-0.0,0.0,0.0,0.0,0.0,-0.0,0.0,-0.016827028215907622,0.0,-0.0,-0.0,-0.0,0.0,-0.0,-0.0,-0.0,0.0,-0.0,-0.0,-0.03851515251959061,-0.10297616986234244,-0.030831051072075805,-0.0,-0.0,-0.0,-0.0,0.0,0.0,0.0,-0.0,-0.0,-0.0,0.0,0.04926788759124809,-0.0,-0.0,0.15186080483176984,-0.0,-0.0,-0.0,-0.0,0.0,0.0,0.0,0.0,-0.0,0.0,-0.0,-0.0,-0.0,-0.0,-0.0,0.12412921322921304,0.0,0.0,0.0,0.0,-0.0,-0.0,-0.0,-0.0,-0.0,-0.0,0.0,-0.0018918027945435116,0.0,0.0,-0.0,-0.0,-0.0,0.0,0.0,0.0,-0.0,0.0,0.0,0.0,0.004113262772149668,-0.0,-0.0,0.025037935147708627,-0.0,-0.0,-0.0,-0.0,-0.0,-0.0,-0.0,0.0,-0.0,0.0,0.0,0.0,-0.0,0.0,-0.0,0.0,0.0,-0.0,0.0071997128613009225,0.0,-0.0,-0.0,-0.0,-0.0,0.0,0.0,0.0,0.0,0.022865410505208787,0.0,-0.0,0.0,0.0,0.0,0.0,0.0,0.0,0.0,0.0,-0.0,-0.004736540673341257,-0.003982063636390799,0.0,0.0,-0.0,-0.0,-0.0,-0.0,0.0,-0.0,-0.0,0.0,0.0,0.0,0.0,-0.0,-0.0,-0.0,-0.0,0.0,0.0,-0.0,0.015834380399021613,0.0,-0.0,-0.0,-0.0,0.0,-0.0,0.0,0.03266643250225396,0.05808995506204211,0.0,0.0,0.0,0.0,0.0,0.0,0.0,0.0,0.0,0.0,0.0,0.0,0.0,-0.0,0.0,0.2275171414385489,2025-03-10,3,19
-0.0,-0.012596220165479228,-0.0,-0.0,0.0,0.0,-0.0,-0.0,0.0,0.0,0.0,0.0,-0.0,0.0,-0.016827028215907622,0.0,-0.0,-0.0,-0.0,0.0,-0.0,-0.0,-0.0,0.0,-0.0,-0.0,-0.03851515251959061,-0.10297616986234244,-0.030831051072075805,-0.0,-0.0,-0.0,-0.0,0.0,0.0,0.0,-0.0,-0.0,-0.0,0.0,0.04926788759124809,-0.0,-0.0,0.15186080483176984,-0.0,-0.0,-0.0,-0.0,0.0,0.0,0.0,0.0,-0.0,0.0,-0.0,-0.0,-0.0,-0.0,-0.0,0.12412921322921304,0.0,0.0,0.0,0.0,-0.0,-0.0,-0.0,-0.0,-0.0,-0.0,0.0,-0.0018918027945435116,0.0,0.0,-0.0,-0.0,-0.0,0.0,0.0,0.0,-0.0,0.0,0.0,0.0,0.004113262772149668,-0.0,-0.0,0.025037935147708627,-0.0,-0.0,-0.0,-0.0,-0.0,-0.0,-0.0,0.0,-0.0,0.0,0.0,0.0,-0.0,0.0,-0.0,0.0,0.0,-0.0,0.0071997128613009225,0.0,-0.0,-0.0,-0.0,-0.0,0.0,0.0,0.0,0.0,0.022865410505208787,0.0,-0.0,0.0,0.0,0.0,0.0,0.0,0.0,0.0,0.0,-0.0,-0.004736540673341257,-0.003982063636390799,0.0,0.0,-0.0,-0.0,-0.0,-0.0,0.0,-0.0,-0.0,0.0,0.0,0.0,0.0,-0.0,-0.0,-0.0,-0.0,0.0,0.0,-0.0,0.015834380399021613,0.0,-0.0,-0.0,-0.0,0.0,-0.0,0.0,0.03266643250225396,0.05808995506204211,0.0,0.0,0.0,0.0,0.0,0.0,0.0,0.0,0.0,0.0,0.0,0.0,0.0,-0.0,0.0,0.2275171414385489,2025-03-11,3,19
-0.0,-0.012596220165479228,-0.0,-0.0,0.0,0.0,-0.0,-0.0,0.0,0.0,0.0,0.0,-0.0,0.0,-0.016827028215907622,0.0,-0.0,-0.0,-0.0,0.0,-0.0,-0.0,-0.0,0.0,-0.0,-0.0,-0.03851515251959061,-0.10297616986234244,-0.030831051072075805,-0.0,-0.0,-0.0,-0.0,0.0,0.0,0.0,-0.0,-0.0,-0.0,0.0,0.04926788759124809,-0.0,-0.0,0.15186080483176984,-0.0,-0.0,-0.0,-0.0,0.0,0.0,0.0,0.0,-0.0,0.0,-0.0,-0.0,-0.0,-0.0,-0.0,0.12412921322921304,0.0,0.0,0.0,0.0,-0.0,-0.0,-0.0,-0.0,-0.0,-0.0,0.0,-0.0018918027945435116,0.0,0.0,-0.0,-0.0,-0.0,0.0,0.0,0.0,-0.0,0.0,0.0,0.0,0.004113262772149668,-0.0,-0.0,0.025037935147708627,-0.0,-0.0,-0.0,-0.0,-0.0,-0.0,-0.0,0.0,-0.0,0.0,0.0,0.0,-0.0,0.0,-0.0,0.0,0.0,-0.0,0.0071997128613009225,0.0,-0.0,-0.0,-0.0,-0.0,0.0,0.0,0.0,0.0,0.022865410505208787,0.0,-0.0,0.0,0.0,0.0,0.0,0.0,0.0,0.0,0.0,-0.0,-0.004736540673341257,-0.003982063636390799,0.0,0.0,-0.0,-0.0,-0.0,-0.0,0.0,-0.0,-0.0,0.0,0.0,0.0,0.0,-0.0,-0.0,-0.0,-0.0,0.0,0.0,-0.0,0.015834380399021613,0.0,-0.0,-0.0,-0.0,0.0,-0.0,0.0,0.03266643250225396,0.05808995506204211,0.0,0.0,0.0,0.0,0.0,0.0,0.0,0.0,0.0,0.0,0.0,0.0,0.0,-0.0,0.0,0.2275171414385489,2025-03-12,3,19
-0.0,-0.012596220165479228,-0.0,-0.0,0.0,0.0,-0.0,-0.0,0.0,0.0,0.0,0.0,-0.0,0.0,-0.016827028215907622,0.0,-0.0,-0.0,-0.0,0.0,-0.0,-0.0,-0.0,0.0,-0.0,-0.0,-0.03851515251959061,-0.10297616986234244,-0.030831051072075805,-0.0,-0.0,-0.0,-0.0,0.0,0.0,0.0,-0.0,-0.0,-0.0,0.0,0.04926788759124809,-0.0,-0.0,0.15186080483176984,-0.0,-0.0,-0.0,-0.0,0.0,0.0,0.0,0.0,-0.0,0.0,-0.0,-0.0,-0.0,-0.0,-0.0,0.12412921322921304,0.0,0.0,0.0,0.0,-0.0,-0.0,-0.0,-0.0,-0.0,-0.0,0.0,-0.0018918027945435116,0.0,0.0,-0.0,-0.0,-0.0,0.0,0.0,0.0,-0.0,0.0,0.0,0.0,0.004113262772149668,-0.0,-0.0,0.025037935147708627,-0.0,-0.0,-0.0,-0.0,-0.0,-0.0,-0.0,0.0,-0.0,0.0,0.0,0.0,-0.0,0.0,-0.0,0.0,0.0,-0.0,0.0071997128613009225,0.0,-0.0,-0.0,-0.0,-0.0,0.0,0.0,0.0,0.0,0.022865410505208787,0.0,-0.0,0.0,0.0,0.0,0.0,0.0,0.0,0.0,0.0,-0.0,-0.004736540673341257,-0.003982063636390799,0.0,0.0,-0.0,-0.0,-0.0,-0.0,0.0,-0.0,-0.0,0.0,0.0,0.0,0.0,-0.0,-0.0,-0.0,-0.0,0.0,0.0,-0.0,0.015834380399021613,0.0,-0.0,-0.0,-0.0,0.0,-0.0,0.0,0.03266643250225396,0.05808995506204211,0.0,0.0,0.0,0.0,0.0,0.0,0.0,0.0,0.0,0.0,0.0,0.0,0.0,-0.0,0.0,0.2275171414385489,2025-03-13,3,19
-0.0,-0.012596220165479228,-0.0,-0.0,0.0,0.0,-0.0,-0.0,0.0,0.0,0.0,0.0,-0.0,0.0,-0.016827028215907622,0.0,-0.0,-0.0,-0.0,0.0,-0.0,-0.0,-0.0,0.0,-0.0,-0.0,-0.03851515251959061,-0.10297616986234244,-0.030831051072075805,-0.0,-0.0,-0.0,-0.0,0.0,0.0,0.0,-0.0,-0.0,-0.0,0.0,0.04926788759124809,-0.0,-0.0,0.15186080483176984,-0.0,-0.0,-0.0,-0.0,0.0,0.0,0.0,0.0,-0.0,0.0,-0.0,-0.0,-0.0,-0.0,-0.0,0.12412921322921304,0.0,0.0,0.0,0.0,-0.0,-0.0,-0.0,-0.0,-0.0,-0.0,0.0,-0.0018918027945435116,0.0,0.0,-0.0,-0.0,-0.0,0.0,0.0,0.0,-0.0,0.0,0.0,0.0,0.004113262772149668,-0.0,-0.0,0.025037935147708627,-0.0,-0.0,-0.0,-0.0,-0.0,-0.0,-0.0,0.0,-0.0,0.0,0.0,0.0,-0.0,0.0,-0.0,0.0,0.0,-0.0,0.0071997128613009225,0.0,-0.0,-0.0,-0.0,-0.0,0.0,0.0,0.0,0.0,0.022865410505208787,0.0,-0.0,0.0,0.0,0.0,0.0,0.0,0.0,0.0,0.0,-0.0,-0.004736540673341257,-0.003982063636390799,0.0,0.0,-0.0,-0.0,-0.0,-0.0,0.0,-0.0,-0.0,0.0,0.0,0.0,0.0,-0.0,-0.0,-0.0,-0.0,0.0,0.0,-0.0,0.015834380399021613,0.0,-0.0,-0.0,-0.0,0.0,-0.0,0.0,0.03266643250225396,0.05808995506204211,0.0,0.0,0.0,0.0,0.0,0.0,0.0,0.0,0.0,0.0,0.0,0.0,0.0,-0.0,0.0,0.2275171414385489,2025-03-14,3,19
-0.0,-0.009667359222025877,-0.0,-0.0,0.0,0.0005452070611828754,-0.0,-0.0,0.0,-0.0,0.0,0.0,-0.0,0.0,-0.018388261866809825,0.0,-0.0,-0.0,-0.0,0.0,-0.0,-0.0,-0.0,0.0,-0.0,-0.0,-0.03267526889993966,-0.10406636174536829,-0.030795380544910426,-0.0,-0.0,-0.0,-0.0,0.0,0.0,0.0,-0.0,-0.0,-0.0,0.0,0.054200495076173125,-0.0,-0.0,0.1487681985543916,-0.0,-0.0,-0.0,-0.0,0.0,0.0,0.0,0.0,-0.0,0.0,-0.0,-0.0,-0.0,-0.0,-0.0,0.12404351804023377,0.0,0.0,0.0,0.0,-0.0,-0.0,-0.0,-0.0,-0.0,-0.0,0.0,-0.0018477896828121574,0.0,0.0,-0.0,-0.0,-0.0,0.0,0.0,0.0,-0.0,0.0,0.0,0.0,0.006192892862015956,-0.0,-0.0,0.025936198333502136,-0.0,-0.0,-0.0,-0.0,-0.0,-0.0,-0.0,0.0,0.0,0.0,0.0,0.0,-0.0,0.0,-0.0,0.0,0.0,-0.0,0.0069554769534379045,0.0,-0.0,-0.0,-0.0,-0.0,0.0,0.0,0.0,0.0,0.022587374142869435,0.0,-0.0,0.0,0.0,0.0,0.0,0.0,0.0,0.0,0.0,-0.007781679162920548,-0.0,-0.0027495623009002523,0.0,0.0,-0.0,-0.0,-0.0,-0.0,0.0,-0.0,-0.0,0.0,0.0,0.0,0.0,-0.0,-0.0,-0.0,-0.0,0.0,0.0,-0.0,0.01599833570901296,0.0,-0.0,-0.0,-0.0,0.0,-0.0,-0.0,0.0370439201119099,0.059450712197899346,0.0,0.0,0.0,0.0,0.0,0.0,0.0,0.0,0.0,0.0,0.0,0.0,0.0,-0.0,0.0,0.22483910146941527,2025-03-15,3,20
-0.0,-0.009667359222025877,-0.0,-0.0,0.0,0.0005452070611828754,-0.0,-0.0,0.0,-0.0,0.0,0.0,-0.0,0.0,-0.018388261866809825,0.0,-0.0,-0.0,-0.0,0.0,-0.0,-0.0,-0.0,0.0,-0.0,-0.0,-0.03267526889993966,-0.10406636174536829,-0.030795380544910426,-0.0,-0.0,-0.0,-0.0,0.0,0.0,0.0,-0.0,-0.0,-0.0,0.0,0.054200495076173125,-0.0,-0.0,0.1487681985543916,-0.0,-0.0,-0.0,-0.0,0.0,0.0,0.0,0.0,-0.0,0.0,-0.0,-0.0,-0.0,-0.0,-0.0,0.12404351804023377,0.0,0.0,0.0,0.0,-0.0,-0.0,-0.0,-0.0,-0.0,-0.0,0.0,-0.0018477896828121574,0.0,0.0,-0.0,-0.0,-0.0,0.0,0.0,0.0,-0.0,0.0,0.0,0.0,0.006192892862015956,-0.0,-0.0,0.025936198333502136,-0.0,-0.0,-0.0,-0.0,-0.0,-0.0,-0.0,0.0,0.0,0.0,0.0,0.0,-0.0,0.0,-0.0,0.0,0.0,-0.0,0.0069554769534379045,0.0,-0.0,-0.0,-0.0,-0.0,0.0,0.0,0.0,0.0,0.022587374142869435,0.0,-0.0,0.0,0.0,0.0,0.0,0.0,0.0,0.0,0.0,-0.007781679162920548,-0.0,-0.0027495623009002523,0.0,0.0,-0.0,-0.0,-0.0,-0.0,0.0,-0.0,-0.0,0.0,0.0,0.0,0.0,-0.0,-0.0,-0.0,-0.0,0.0,0.0,-0.0,0.01599833570901296,0.0,-0.0,-0.0,-0.0,0.0,-0.0,-0.0,0.0370439201119099,0.059450712197899346,0.0,0.0,0.0,0.0,0.0,0.0,0.0,0.0,0.0,0.0,0.0,0.0,0.0,-0.0,0.0,0.22483910146941527,2025-03-16,3,20
-0.0,-0.009667359222025877,-0.0,-0.0,0.0,0.0005452070611828754,-0.0,-0.0,0.0,-0.0,0.0,0.0,-0.0,0.0,-0.018388261866809825,0.0,-0.0,-0.0,-0.0,0.0,-0.0,-0.0,-0.0,0.0,-0.0,-0.0,-0.03267526889993966,-0.10406636174536829,-0.030795380544910426,-0.0,-0.0,-0.0,-0.0,0.0,0.0,0.0,-0.0,-0.0,-0.0,0.0,0.054200495076173125,-0.0,-0.0,0.1487681985543916,-0.0,-0.0,-0.0,-0.0,0.0,0.0,0.0,0.0,-0.0,0.0,-0.0,-0.0,-0.0,-0.0,-0.0,0.12404351804023377,0.0,0.0,0.0,0.0,-0.0,-0.0,-0.0,-0.0,-0.0,-0.0,0.0,-0.0018477896828121574,0.0,0.0,-0.0,-0.0,-0.0,0.0,0.0,0.0,-0.0,0.0,0.0,0.0,0.006192892862015956,-0.0,-0.0,0.025936198333502136,-0.0,-0.0,-0.0,-0.0,-0.0,-0.0,-0.0,0.0,0.0,0.0,0.0,0.0,-0.0,0.0,-0.0,0.0,0.0,-0.0,0.0069554769534379045,0.0,-0.0,-0.0,-0.0,-0.0,0.0,0.0,0.0,0.0,0.022587374142869435,0.0,-0.0,0.0,0.0,0.0,0.0,0.0,0.0,0.0,0.0,-0.007781679162920548,-0.0,-0.0027495623009002523,0.0,0.0,-0.0,-0.0,-0.0,-0.0,0.0,-0.0,-0.0,0.0,0.0,0.0,0.0,-0.0,-0.0,-0.0,-0.0,0.0,0.0,-0.0,0.01599833570901296,0.0,-0.0,-0.0,-0.0,0.0,-0.0,-0.0,0.0370439201119099,0.059450712197899346,0.0,0.0,0.0,0.0,0.0,0.0,0.0,0.0,0.0,0.0,0.0,0.0,0.0,-0.0,0.0,0.22483910146941527,2025-03-17,3,20
-0.0,-0.009667359222025877,-0.0,-0.0,0.0,0.0005452070611828754,-0.0,-0.0,0.0,-0.0,0.0,0.0,-0.0,0.0,-0.018388261866809825,0.0,-0.0,-0.0,-0.0,0.0,-0.0,-0.0,-0.0,0.0,-0.0,-0.0,-0.03267526889993966,-0.10406636174536829,-0.030795380544910426,-0.0,-0.0,-0.0,-0.0,0.0,0.0,0.0,-0.0,-0.0,-0.0,0.0,0.054200495076173125,-0.0,-0.0,0.1487681985543916,-0.0,-0.0,-0.0,-0.0,0.0,0.0,0.0,0.0,-0.0,0.0,-0.0,-0.0,-0.0,-0.0,-0.0,0.12404351804023377,0.0,0.0,0.0,0.0,-0.0,-0.0,-0.0,-0.0,-0.0,-0.0,0.0,-0.0018477896828121574,0.0,0.0,-0.0,-0.0,-0.0,0.0,0.0,0.0,-0.0,0.0,0.0,0.0,0.006192892862015956,-0.0,-0.0,0.025936198333502136,-0.0,-0.0,-0.0,-0.0,-0.0,-0.0,-0.0,0.0,0.0,0.0,0.0,0.0,-0.0,0.0,-0.0,0.0,0.0,-0.0,0.0069554769534379045,0.0,-0.0,-0.0,-0.0,-0.0,0.0,0.0,0.0,0.0,0.022587374142869435,0.0,-0.0,0.0,0.0,0.0,0.0,0.0,0.0,0.0,0.0,-0.007781679162920548,-0.0,-0.0027495623009002523,0.0,0.0,-0.0,-0.0,-0.0,-0.0,0.0,-0.0,-0.0,0.0,0.0,0.0,0.0,-0.0,-0.0,-0.0,-0.0,0.0,0.0,-0.0,0.01599833570901296,0.0,-0.0,-0.0,-0.0,0.0,-0.0,-0.0,0.0370439201119099,0.059450712197899346,0.0,0.0,0.0,0.0,0.0,0.0,0.0,0.0,0.0,0.0,0.0,0.0,0.0,-0.0,0.0,0.22483910146941527,2025-03-18,3,20
-0.0,-0.009667359222025877,-0.0,-0.0,0.0,0.0005452070611828754,-0.0,-0.0,0.0,-0.0,0.0,0.0,-0.0,0.0,-0.018388261866809825,0.0,-0.0,-0.0,-0.0,0.0,-0.0,-0.0,-0.0,0.0,-0.0,-0.0,-0.03267526889993966,-0.10406636174536829,-0.030795380544910426,-0.0,-0.0,-0.0,-0.0,0.0,0.0,0.0,-0.0,-0.0,-0.0,0.0,0.054200495076173125,-0.0,-0.0,0.1487681985543916,-0.0,-0.0,-0.0,-0.0,0.0,0.0,0.0,0.0,-0.0,0.0,-0.0,-0.0,-0.0,-0.0,-0.0,0.12404351804023377,0.0,0.0,0.0,0.0,-0.0,-0.0,-0.0,-0.0,-0.0,-0.0,0.0,-0.0018477896828121574,0.0,0.0,-0.0,-0.0,-0.0,0.0,0.0,0.0,-0.0,0.0,0.0,0.0,0.006192892862015956,-0.0,-0.0,0.025936198333502136,-0.0,-0.0,-0.0,-0.0,-0.0,-0.0,-0.0,0.0,0.0,0.0,0.0,0.0,-0.0,0.0,-0.0,0.0,0.0,-0.0,0.0069554769534379045,0.0,-0.0,-0.0,-0.0,-0.0,0.0,0.0,0.0,0.0,0.022587374142869435,0.0,-0.0,0.0,0.0,0.0,0.0,0.0,0.0,0.0,0.0,-0.007781679162920548,-0.0,-0.0027495623009002523,0.0,0.0,-0.0,-0.0,-0.0,-0.0,0.0,-0.0,-0.0,0.0,0.0,0.0,0.0,-0.0,-0.0,-0.0,-0.0,0.0,0.0,-0.0,0.01599833570901296,0.0,-0.0,-0.0,-0.0,0.0,-0.0,-0.0,0.0370439201119099,0.059450712197899346,0.0,0.0,0.0,0.0,0.0,0.0,0.0,0.0,0.0,0.0,0.0,0.0,0.0,-0.0,0.0,0.22483910146941527,2025-03-19,3,20
-0.0,-0.009667359222025877,-0.0,-0.0,0.0,0.0005452070611828754,-0.0,-0.0,0.0,-0.0,0.0,0.0,-0.0,0.0,-0.018388261866809825,0.0,-0.0,-0.0,-0.0,0.0,-0.0,-0.0,-0.0,0.0,-0.0,-0.0,-0.03267526889993966,-0.10406636174536829,-0.030795380544910426,-0.0,-0.0,-0.0,-0.0,0.0,0.0,0.0,-0.0,-0.0,-0.0,0.0,0.054200495076173125,-0.0,-0.0,0.1487681985543916,-0.0,-0.0,-0.0,-0.0,0.0,0.0,0.0,0.0,-0.0,0.0,-0.0,-0.0,-0.0,-0.0,-0.0,0.12404351804023377,0.0,0.0,0.0,0.0,-0.0,-0.0,-0.0,-0.0,-0.0,-0.0,0.0,-0.0018477896828121574,0.0,0.0,-0.0,-0.0,-0.0,0.0,0.0,0.0,-0.0,0.0,0.0,0.0,0.006192892862015956,-0.0,-0.0,0.025936198333502136,-0.0,-0.0,-0.0,-0.0,-0.0,-0.0,-0.0,0.0,0.0,0.0,0.0,0.0,-0.0,0.0,-0.0,0.0,0.0,-0.0,0.0069554769534379045,0.0,-0.0,-0.0,-0.0,-0.0,0.0,0.0,0.0,0.0,0.022587374142869435,0.0,-0.0,0.0,0.0,0.0,0.0,0.0,0.0,0.0,0.0,-0.007781679162920548,-0.0,-0.0027495623009002523,0.0,0.0,-0.0,-0.0,-0.0,-0.0,0.0,-0.0,-0.0,0.0,0.0,0.0,0.0,-0.0,-0.0,-0.0,-0.0,0.0,0.0,-0.0,0.01599833570901296,0.0,-0.0,-0.0,-0.0,0.0,-0.0,-0.0,0.0370439201119099,0.059450712197899346,0.0,0.0,0.0,0.0,0.0,0.0,0.0,0.0,0.0,0.0,0.0,0.0,0.0,-0.0,0.0,0.22483910146941527,2025-03-20,3,20
-0.0,-0.009667359222025877,-0.0,-0.0,0.0,0.0005452070611828754,-0.0,-0.0,0.0,-0.0,0.0,0.0,-0.0,0.0,-0.018388261866809825,0.0,-0.0,-0.0,-0.0,0.0,-0.0,-0.0,-0.0,0.0,-0.0,-0.0,-0.03267526889993966,-0.10406636174536829,-0.030795380544910426,-0.0,-0.0,-0.0,-0.0,0.0,0.0,0.0,-0.0,-0.0,-0.0,0.0,0.054200495076173125,-0.0,-0.0,0.1487681985543916,-0.0,-0.0,-0.0,-0.0,0.0,0.0,0.0,0.0,-0.0,0.0,-0.0,-0.0,-0.0,-0.0,-0.0,0.12404351804023377,0.0,0.0,0.0,0.0,-0.0,-0.0,-0.0,-0.0,-0.0,-0.0,0.0,-0.0018477896828121574,0.0,0.0,-0.0,-0.0,-0.0,0.0,0.0,0.0,-0.0,0.0,0.0,0.0,0.006192892862015956,-0.0,-0.0,0.025936198333502136,-0.0,-0.0,-0.0,-0.0,-0.0,-0.0,-0.0,0.0,0.0,0.0,0.0,0.0,-0.0,0.0,-0.0,0.0,0.0,-0.0,0.0069554769534379045,0.0,-0.0,-0.0,-0.0,-0.0,0.0,0.0,0.0,0.0,0.022587374142869435,0.0,-0.0,0.0,0.0,0.0,0.0,0.0,0.0,0.0,0.0,-0.007781679162920548,-0.0,-0.0027495623009002523,0.0,0.0,-0.0,-0.0,-0.0,-0.0,0.0,-0.0,-0.0,0.0,0.0,0.0,0.0,-0.0,-0.0,-0.0,-0.0,0.0,0.0,-0.0,0.01599833570901296,0.0,-0.0,-0.0,-0.0,0.0,-0.0,-0.0,0.0370439201119099,0.059450712197899346,0.0,0.0,0.0,0.0,0.0,0.0,0.0,0.0,0.0,0.0,0.0,0.0,0.0,-0.0,0.0,0.22483910146941527,2025-03-21,3,20
-0.0,-0.007597677377479789,-0.0,-0.0,0.0,0.006227837932598069,-0.0,-0.0,-0.0,-0.0,0.0,0.0,-0.0,-0.0,-0.009630789963184661,0.0,-0.0,-0.0,-0.0,0.0,-0.0,-0.0,-0.0,0.0,-0.0,-0.0,-0.031136680234833077,-0.11023404880676793,-0.030553462345927353,-0.0,-0.0,-0.0,-0.0,0.0,0.0,0.0,-0.0,-0.0,-0.0,0.0,0.05038163877892627,-0.0,-0.0,0.15339647280866475,-0.0,-0.0,-0.0,-0.0,0.0,0.0,0.0,0.0,-0.0,0.0,-0.0010935648638199498,-0.0,-0.0,-0.0,-0.0,0.11754115547175184,0.0,0.0,0.0,0.0,-0.0,-0.0,-0.0,-0.0,-0.0,-0.0,0.0,-0.006981248411499524,0.0,0.0,-0.0,-0.0,-0.0,0.0,0.0,0.0,-0.0,0.0,0.0,0.0,0.009285135317667158,-0.0,-0.0,0.028799502778168198,-0.0,-0.0,-0.0,-0.0,-0.0,-0.0,-0.0,0.0,-0.0,0.0,0.0,0.0,-0.0,0.0,-0.0,0.0,0.0,-0.0,0.006278238422778178,0.0,-0.0,-0.0,-0.0,-0.0,0.0,0.0,0.0,0.0,0.02408954310251616,0.0,-0.0,0.0,0.0,0.0,0.0,0.0,0.0,0.0,0.0,-0.005143103873246252,-0.0,-0.008483962993610178,0.0,0.0,-0.0,-0.0,-0.0,-0.0,-0.0,-0.0,-0.0,0.0,0.0,0.0,0.0,-0.0,-0.0,-0.0,-0.0,0.0,0.0,-0.0,0.016953338369467382,0.0,-0.0,-0.0,-0.0,0.0,-0.0,-0.0,0.03635518227105512,0.06147182463025936,0.0,0.0,0.0,0.0,0.0,0.0,0.0,0.0,0.0,0.0,0.0,0.0,0.0,-0.0,0.0,0.22062126445208807,2025-03-22,3,21
-0.0,-0.007597677377479789,-0.0,-0.0,0.0,0.006227837932598069,-0.0,-0.0,-0.0,-0.0,0.0,0.0,-0.0,-0.0,-0.009630789963184661,0.0,-0.0,-0.0,-0.0,0.0,-0.0,-0.0,-0.0,0.0,-0.0,-0.0,-0.031136680234833077,-0.11023404880676793,-0.030553462345927353,-0.0,-0.0,-0.0,-0.0,0.0,0.0,0.0,-0.0,-0.0,-0.0,0.0,0.05038163877892627,-0.0,-0.0,0.15339647280866475,-0.0,-0.0,-0.0,-0.0,0.0,0.0,0.0,0.0,-0.0,0.0,-0.0010935648638199498,-0.0,-0.0,-0.0,-0.0,0.11754115547175184,0.0,0.0,0.0,0.0,-0.0,-0.0,-0.0,-0.0,-0.0,-0.0,0.0,-0.006981248411499524,0.0,0.0,-0.0,-0.0,-0.0,0.0,0.0,0.0,-0.0,0.0,0.0,0.0,0.009285135317667158,-0.0,-0.0,0.028799502778168198,-0.0,-0.0,-0.0,-0.0,-0.0,-0.0,-0.0,0.0,-0.0,0.0,0.0,0.0,-0.0,0.0,-0.0,0.0,0.0,-0.0,0.006278238422778178,0.0,-0.0,-0.0,-0.0,-0.0,0.0,0.0,0.0,0.0,0.02408954310251616,0.0,-0.0,0.0,0.0,0.0,0.0,0.0,0.0,0.0,0.0,-0.005143103873246252,-0.0,-0.008483962993610178,0.0,0.0,-0.0,-0.0,-0.0,-0.0,-0.0,-0.0,-0.0,0.0,0.0,0.0,0.0,-0.0,-0.0,-0.0,-0.0,0.0,0.0,-0.0,0.016953338369467382,0.0,-0.0,-0.0,-0.0,0.0,-0.0,-0.0,0.03635518227105512,0.06147182463025936,0.0,0.0,0.0,0.0,0.0,0.0,0.0,0.0,0.0,0.0,0.0,0.0,0.0,-0.0,0.0,0.22062126445208807,2025-03-23,3,21
-0.0,-0.007597677377479789,-0.0,-0.0,0.0,0.006227837932598069,-0.0,-0.0,-0.0,-0.0,0.0,0.0,-0.0,-0.0,-0.009630789963184661,0.0,-0.0,-0.0,-0.0,0.0,-0.0,-0.0,-0.0,0.0,-0.0,-0.0,-0.031136680234833077,-0.11023404880676793,-0.030553462345927353,-0.0,-0.0,-0.0,-0.0,0.0,0.0,0.0,-0.0,-0.0,-0.0,0.0,0.05038163877892627,-0.0,-0.0,0.15339647280866475,-0.0,-0.0,-0.0,-0.0,0.0,0.0,0.0,0.0,-0.0,0.0,-0.0010935648638199498,-0.0,-0.0,-0.0,-0.0,0.11754115547175184,0.0,0.0,0.0,0.0,-0.0,-0.0,-0.0,-0.0,-0.0,-0.0,0.0,-0.006981248411499524,0.0,0.0,-0.0,-0.0,-0.0,0.0,0.0,0.0,-0.0,0.0,0.0,0.0,0.009285135317667158,-0.0,-0.0,0.028799502778168198,-0.0,-0.0,-0.0,-0.0,-0.0,-0.0,-0.0,0.0,-0.0,0.0,0.0,0.0,-0.0,0.0,-0.0,0.0,0.0,-0.0,0.006278238422778178,0.0,-0.0,-0.0,-0.0,-0.0,0.0,0.0,0.0,0.0,0.02408954310251616,0.0,-0.0,0.0,0.0,0.0,0.0,0.0,0.0,0.0,0.0,-0.005143103873246252,-0.0,-0.008483962993610178,0.0,0.0,-0.0,-0.0,-0.0,-0.0,-0.0,-0.0,-0.0,0.0,0.0,0.0,0.0,-0.0,-0.0,-0.0,-0.0,0.0,0.0,-0.0,0.016953338369467382,0.0,-0.0,-0.0,-0.0,0.0,-0.0,-0.0,0.03635518227105512,0.06147182463025936,0.0,0.0,0.0,0.0,0.0,0.0,0.0,0.0,0.0,0.0,0.0,0.0,0.0,-0.0,0.0,0.22062126445208807,2025-03-24,3,21
-0.0,-0.007597677377479789,-0.0,-0.0,0.0,0.006227837932598069,-0.0,-0.0,-0.0,-0.0,0.0,0.0,-0.0,-0.0,-0.009630789963184661,0.0,-0.0,-0.0,-0.0,0.0,-0.0,-0.0,-0.0,0.0,-0.0,-0.0,-0.031136680234833077,-0.11023404880676793,-0.030553462345927353,-0.0,-0.0,-0.0,-0.0,0.0,0.0,0.0,-0.0,-0.0,-0.0,0.0,0.05038163877892627,-0.0,-0.0,0.15339647280866475,-0.0,-0.0,-0.0,-0.0,0.0,0.0,0.0,0.0,-0.0,0.0,-0.0010935648638199498,-0.0,-0.0,-0.0,-0.0,0.11754115547175184,0.0,0.0,0.0,0.0,-0.0,-0.0,-0.0,-0.0,-0.0,-0.0,0.0,-0.006981248411499524,0.0,0.0,-0.0,-0.0,-0.0,0.0,0.0,0.0,-0.0,0.0,0.0,0.0,0.009285135317667158,-0.0,-0.0,0.028799502778168198,-0.0,-0.0,-0.0,-0.0,-0.0,-0.0,-0.0,0.0,-0.0,0.0,0.0,0.0,-0.0,0.0,-0.0,0.0,0.0,-0.0,0.006278238422778178,0.0,-0.0,-0.0,-0.0,-0.0,0.0,0.0,0.0,0.0,0.02408954310251616,0.0,-0.0,0.0,0.0,0.0,0.0,0.0,0.0,0.0,0.0,-0.005143103873246252,-0.0,-0.008483962993610178,0.0,0.0,-0.0,-0.0,-0.0,-0.0,-0.0,-0.0,-0.0,0.0,0.0,0.0,0.0,-0.0,-0.0,-0.0,-0.0,0.0,0.0,-0.0,0.016953338369467382,0.0,-0.0,-0.0,-0.0,0.0,-0.0,-0.0,0.03635518227105512,0.06147182463025936,0.0,0.0,0.0,0.0,0.0,0.0,0.0,0.0,0.0,0.0,0.0,0.0,0.0,-0.0,0.0,0.22062126445208807,2025-03-25,3,21
-0.0,-0.007597677377479789,-0.0,-0.0,0.0,0.006227837932598069,-0.0,-0.0,-0.0,-0.0,0.0,0.0,-0.0,-0.0,-0.009630789963184661,0.0,-0.0,-0.0,-0.0,0.0,-0.0,-0.0,-0.0,0.0,-0.0,-0.0,-0.031136680234833077,-0.11023404880676793,-0.030553462345927353,-0.0,-0.0,-0.0,-0.0,0.0,0.0,0.0,-0.0,-0.0,-0.0,0.0,0.05038163877892627,-0.0,-0.0,0.15339647280866475,-0.0,-0.0,-0.0,-0.0,0.0,0.0,0.0,0.0,-0.0,0.0,-0.0010935648638199498,-0.0,-0.0,-0.0,-0.0,0.11754115547175184,0.0,0.0,0.0,0.0,-0.0,-0.0,-0.0,-0.0,-0.0,-0.0,0.0,-0.006981248411499524,0.0,0.0,-0.0,-0.0,-0.0,0.0,0.0,0.0,-0.0,0.0,0.0,0.0,0.009285135317667158,-0.0,-0.0,0.028799502778168198,-0.0,-0.0,-0.0,-0.0,-0.0,-0.0,-0.0,0.0,-0.0,0.0,0.0,0.0,-0.0,0.0,-0.0,0.0,0.0,-0.0,0.006278238422778178,0.0,-0.0,-0.0,-0.0,-0.0,0.0,0.0,0.0,0.0,0.02408954310251616,0.0,-0.0,0.0,0.0,0.0,0.0,0.0,0.0,0.0,0.0,-0.005143103873246252,-0.0,-0.008483962993610178,0.0,0.0,-0.0,-0.0,-0.0,-0.0,-0.0,-0.0,-0.0,0.0,0.0,0.0,0.0,-0.0,-0.0,-0.0,-0.0,0.0,0.0,-0.0,0.016953338369467382,0.0,-0.0,-0.0,-0.0,0.0,-0.0,-0.0,0.03635518227105512,0.06147182463025936,0.0,0.0,0.0,0.0,0.0,0.0,0.0,0.0,0.0,0.0,0.0,0.0,0.0,-0.0,0.0,0.22062126445208807,2025-03-26,3,21
-0.0,-0.007597677377479789,-0.0,-0.0,0.0,0.006227837932598069,-0.0,-0.0,-0.0,-0.0,0.0,0.0,-0.0,-0.0,-0.009630789963184661,0.0,-0.0,-0.0,-0.0,0.0,-0.0,-0.0,-0.0,0.0,-0.0,-0.0,-0.031136680234833077,-0.11023404880676793,-0.030553462345927353,-0.0,-0.0,-0.0,-0.0,0.0,0.0,0.0,-0.0,-0.0,-0.0,0.0,0.05038163877892627,-0.0,-0.0,0.15339647280866475,-0.0,-0.0,-0.0,-0.0,0.0,0.0,0.0,0.0,-0.0,0.0,-0.0010935648638199498,-0.0,-0.0,-0.0,-0.0,0.11754115547175184,0.0,0.0,0.0,0.0,-0.0,-0.0,-0.0,-0.0,-0.0,-0.0,0.0,-0.006981248411499524,0.0,0.0,-0.0,-0.0,-0.0,0.0,0.0,0.0,-0.0,0.0,0.0,0.0,0.009285135317667158,-0.0,-0.0,0.028799502778168198,-0.0,-0.0,-0.0,-0.0,-0.0,-0.0,-0.0,0.0,-0.0,0.0,0.0,0.0,-0.0,0.0,-0.0,0.0,0.0,-0.0,0.006278238422778178,0.0,-0.0,-0.0,-0.0,-0.0,0.0,0.0,0.0,0.0,0.02408954310251616,0.0,-0.0,0.0,0.0,0.0,0.0,0.0,0.0,0.0,0.0,-0.005143103873246252,-0.0,-0.008483962993610178,0.0,0.0,-0.0,-0.0,-0.0,-0.0,-0.0,-0.0,-0.0,0.0,0.0,0.0,0.0,-0.0,-0.0,-0.0,-0.0,0.0,0.0,-0.0,0.016953338369467382,0.0,-0.0,-0.0,-0.0,0.0,-0.0,-0.0,0.03635518227105512,0.06147182463025936,0.0,0.0,0.0,0.0,0.0,0.0,0.0,0.0,0.0,0.0,0.0,0.0,0.0,-0.0,0.0,0.22062126445208807,2025-03-27,3,21
-0.0,-0.007597677377479789,-0.0,-0.0,0.0,0.006227837932598069,-0.0,-0.0,-0.0,-0.0,0.0,0.0,-0.0,-0.0,-0.009630789963184661,0.0,-0.0,-0.0,-0.0,0.0,-0.0,-0.0,-0.0,0.0,-0.0,-0.0,-0.031136680234833077,-0.11023404880676793,-0.030553462345927353,-0.0,-0.0,-0.0,-0.0,0.0,0.0,0.0,-0.0,-0.0,-0.0,0.0,0.05038163877892627,-0.0,-0.0,0.15339647280866475,-0.0,-0.0,-0.0,-0.0,0.0,0.0,0.0,0.0,-0.0,0.0,-0.0010935648638199498,-0.0,-0.0,-0.0,-0.0,0.11754115547175184,0.0,0.0,0.0,0.0,-0.0,-0.0,-0.0,-0.0,-0.0,-0.0,0.0,-0.006981248411499524,0.0,0.0,-0.0,-0.0,-0.0,0.0,0.0,0.0,-0.0,0.0,0.0,0.0,0.009285135317667158,-0.0,-0.0,0.028799502778168198,-0.0,-0.0,-0.0,-0.0,-0.0,-0.0,-0.0,0.0,-0.0,0.0,0.0,0.0,-0.0,0.0,-0.0,0.0,0.0,-0.0,0.006278238422778178,0.0,-0.0,-0.0,-0.0,-0.0,0.0,0.0,0.0,0.0,0.02408954310251616,0.0,-0.0,0.0,0.0,0.0,0.0,0.0,0.0,0.0,0.0,-0.005143103873246252,-0.0,-0.008483962993610178,0.0,0.0,-0.0,-0.0,-0.0,-0.0,-0.0,-0.0,-0.0,0.0,0.0,0.0,0.0,-0.0,-0.0,-0.0,-0.0,0.0,0.0,-0.0,0.016953338369467382,0.0,-0.0,-0.0,-0.0,0.0,-0.0,-0.0,0.03635518227105512,0.06147182463025936,0.0,0.0,0.0,0.0,0.0,0.0,0.0,0.0,0.0,0.0,0.0,0.0,0.0,-0.0,0.0,0.22062126445208807,2025-03-28,3,21
-0.0,-0.0061831623789986604,-0.0,-0.0,0.0,0.009404794969218597,-0.0,-0.0,0.0,-0.0,0.0,0.0,-0.0,0.0,-0.011197319466094369,0.0,-0.0,-0.0,-0.0,0.0,-0.0,-0.0,-0.0,0.0,-0.0,-0.0,-0.03170042003189161,-0.10833321313057573,-0.03175517775661669,-0.0,-0.0,-0.0,-0.0,0.0,0.0,0.0,-0.0,-0.0,-0.0,0.0,0.048287758951708414,-0.0,-0.0,0.1540602073978351,-0.0,-0.0,-0.0,-0.0,0.0,0.0,0.0,0.0,-0.0,0.0,-0.004849270948331063,-0.0,-0.0,-0.0,-0.0,0.11443134189671508,0.0,0.0,0.0,0.0,-0.0,-0.0,-0.0,-0.0,-0.0,-0.0,0.0,-0.004283184672848577,0.0,0.0,-0.0,-0.0,-0.0,0.0,0.0,0.0,-0.0,0.0,0.0,0.0,0.00855498234776424,-0.0,-0.0,0.03211642512728086,-0.0,-0.0,-0.0,-0.0,-0.0,-0.0,-0.0,0.0,-0.0,0.0,0.0,0.0,-0.0,0.0,-0.0,0.0,0.0,-0.0,0.005974389276368141,0.0,-0.0,-0.0,-0.0,-0.0,0.0,0.0,0.0,0.0,0.02213314239036708,0.0,-0.0,0.0,0.0,0.0,0.0,0.0,0.0,0.0,0.0,-0.0037266348414615215,-0.0,-0.010005572241011519,0.0,0.0,-0.0,-0.0,-0.0,-0.0,0.0,-0.0,-0.0,0.0,0.0,0.0,0.0,-0.0,-0.0,-0.0,-0.0,0.0,0.0,-0.0,0.01698106359247784,0.0,-0.0,-0.0,-0.0,0.0,-0.0,-0.0,0.038061133679555915,0.0611126870300465,0.0,0.0,0.0,0.0,0.0,0.0,0.0,0.0,0.0,0.0,0.0,0.0,0.0,-0.0,0.0,0.2210138651504087,2025-03-29,3,21
-0.0,-0.0061831623789986604,-0.0,-0.0,0.0,0.009404794969218597,-0.0,-0.0,0.0,-0.0,0.0,0.0,-0.0,0.0,-0.011197319466094369,0.0,-0.0,-0.0,-0.0,0.0,-0.0,-0.0,-0.0,0.0,-0.0,-0.0,-0.03170042003189161,-0.10833321313057573,-0.03175517775661669,-0.0,-0.0,-0.0,-0.0,0.0,0.0,0.0,-0.0,-0.0,-0.0,0.0,0.048287758951708414,-0.0,-0.0,0.1540602073978351,-0.0,-0.0,-0.0,-0.0,0.0,0.0,0.0,0.0,-0.0,0.0,-0.004849270948331063,-0.0,-0.0,-0.0,-0.0,0.11443134189671508,0.0,0.0,0.0,0.0,-0.0,-0.0,-0.0,-0.0,-0.0,-0.0,0.0,-0.004283184672848577,0.0,0.0,-0.0,-0.0,-0.0,0.0,0.0,0.0,-0.0,0.0,0.0,0.0,0.00855498234776424,-0.0,-0.0,0.03211642512728086,-0.0,-0.0,-0.0,-0.0,-0.0,-0.0,-0.0,0.0,-0.0,0.0,0.0,0.0,-0.0,0.0,-0.0,0.0,0.0,-0.0,0.005974389276368141,0.0,-0.0,-0.0,-0.0,-0.0,0.0,0.0,0.0,0.0,0.02213314239036708,0.0,-0.0,0.0,0.0,0.0,0.0,0.0,0.0,0.0,0.0,-0.0037266348414615215,-0.0,-0.010005572241011519,0.0,0.0,-0.0,-0.0,-0.0,-0.0,0.0,-0.0,-0.0,0.0,0.0,0.0,0.0,-0.0,-0.0,-0.0,-0.0,0.0,0.0,-0.0,0.01698106359247784,0.0,-0.0,-0.0,-0.0,0.0,-0.0,-0.0,0.038061133679555915,0.0611126870300465,0.0,0.0,0.0,0.0,0.0,0.0,0.0,0.0,0.0,0.0,0.0,0.0,0.0,-0.0,0.0,0.2210138651504087,2025-03-30,3,21
-0.0,-0.0061831623789986604,-0.0,-0.0,0.0,0.009404794969218597,-0.0,-0.0,0.0,-0.0,0.0,0.0,-0.0,0.0,-0.011197319466094369,0.0,-0.0,-0.0,-0.0,0.0,-0.0,-0.0,-0.0,0.0,-0.0,-0.0,-0.03170042003189161,-0.10833321313057573,-0.03175517775661669,-0.0,-0.0,-0.0,-0.0,0.0,0.0,0.0,-0.0,-0.0,-0.0,0.0,0.048287758951708414,-0.0,-0.0,0.1540602073978351,-0.0,-0.0,-0.0,-0.0,0.0,0.0,0.0,0.0,-0.0,0.0,-0.004849270948331063,-0.0,-0.0,-0.0,-0.0,0.11443134189671508,0.0,0.0,0.0,0.0,-0.0,-0.0,-0.0,-0.0,-0.0,-0.0,0.0,-0.004283184672848577,0.0,0.0,-0.0,-0.0,-0.0,0.0,0.0,0.0,-0.0,0.0,0.0,0.0,0.00855498234776424,-0.0,-0.0,0.03211642512728086,-0.0,-0.0,-0.0,-0.0,-0.0,-0.0,-0.0,0.0,-0.0,0.0,0.0,0.0,-0.0,0.0,-0.0,0.0,0.0,-0.0,0.005974389276368141,0.0,-0.0,-0.0,-0.0,-0.0,0.0,0.0,0.0,0.0,0.02213314239036708,0.0,-0.0,0.0,0.0,0.0,0.0,0.0,0.0,0.0,0.0,-0.0037266348414615215,-0.0,-0.010005572241011519,0.0,0.0,-0.0,-0.0,-0.0,-0.0,0.0,-0.0,-0.0,0.0,0.0,0.0,0.0,-0.0,-0.0,-0.0,-0.0,0.0,0.0,-0.0,0.01698106359247784,0.0,-0.0,-0.0,-0.0,0.0,-0.0,-0.0,0.038061133679555915,0.0611126870300465,0.0,0.0,0.0,0.0,0.0,0.0,0.0,0.0,0.0,0.0,0.0,0.0,0.0,-0.0,0.0,0.2210138651504087,2025-03-31,3,21
-0.0,-0.0061831623789986604,-0.0,-0.0,0.0,0.009404794969218597,-0.0,-0.0,0.0,-0.0,0.0,0.0,-0.0,0.0,-0.011197319466094369,0.0,-0.0,-0.0,-0.0,0.0,-0.0,-0.0,-0.0,0.0,-0.0,-0.0,-0.03170042003189161,-0.10833321313057573,-0.03175517775661669,-0.0,-0.0,-0.0,-0.0,0.0,0.0,0.0,-0.0,-0.0,-0.0,0.0,0.048287758951708414,-0.0,-0.0,0.1540602073978351,-0.0,-0.0,-0.0,-0.0,0.0,0.0,0.0,0.0,-0.0,0.0,-0.004849270948331063,-0.0,-0.0,-0.0,-0.0,0.11443134189671508,0.0,0.0,0.0,0.0,-0.0,-0.0,-0.0,-0.0,-0.0,-0.0,0.0,-0.004283184672848577,0.0,0.0,-0.0,-0.0,-0.0,0.0,0.0,0.0,-0.0,0.0,0.0,0.0,0.00855498234776424,-0.0,-0.0,0.03211642512728086,-0.0,-0.0,-0.0,-0.0,-0.0,-0.0,-0.0,0.0,-0.0,0.0,0.0,0.0,-0.0,0.0,-0.0,0.0,0.0,-0.0,0.005974389276368141,0.0,-0.0,-0.0,-0.0,-0.0,0.0,0.0,0.0,0.0,0.02213314239036708,0.0,-0.0,0.0,0.0,0.0,0.0,0.0,0.0,0.0,0.0,-0.0037266348414615215,-0.0,-0.010005572241011519,0.0,0.0,-0.0,-0.0,-0.0,-0.0,0.0,-0.0,-0.0,0.0,0.0,0.0,0.0,-0.0,-0.0,-0.0,-0.0,0.0,0.0,-0.0,0.01698106359247784,0.0,-0.0,-0.0,-0.0,0.0,-0.0,-0.0,0.038061133679555915,0.0611126870300465,0.0,0.0,0.0,0.0,0.0,0.0,0.0,0.0,0.0,0.0,0.0,0.0,0.0,-0.0,0.0,0.2210138651504087,2025-04-01,3,21
-0.0,-0.0061831623789986604,-0.0,-0.0,0.0,0.009404794969218597,-0.0,-0.0,0.0,-0.0,0.0,0.0,-0.0,0.0,-0.011197319466094369,0.0,-0.0,-0.0,-0.0,0.0,-0.0,-0.0,-0.0,0.0,-0.0,-0.0,-0.03170042003189161,-0.10833321313057573,-0.03175517775661669,-0.0,-0.0,-0.0,-0.0,0.0,0.0,0.0,-0.0,-0.0,-0.0,0.0,0.048287758951708414,-0.0,-0.0,0.1540602073978351,-0.0,-0.0,-0.0,-0.0,0.0,0.0,0.0,0.0,-0.0,0.0,-0.004849270948331063,-0.0,-0.0,-0.0,-0.0,0.11443134189671508,0.0,0.0,0.0,0.0,-0.0,-0.0,-0.0,-0.0,-0.0,-0.0,0.0,-0.004283184672848577,0.0,0.0,-0.0,-0.0,-0.0,0.0,0.0,0.0,-0.0,0.0,0.0,0.0,0.00855498234776424,-0.0,-0.0,0.03211642512728086,-0.0,-0.0,-0.0,-0.0,-0.0,-0.0,-0.0,0.0,-0.0,0.0,0.0,0.0,-0.0,0.0,-0.0,0.0,0.0,-0.0,0.005974389276368141,0.0,-0.0,-0.0,-0.0,-0.0,0.0,0.0,0.0,0.0,0.02213314239036708,0.0,-0.0,0.0,0.0,0.0,0.0,0.0,0.0,0.0,0.0,-0.0037266348414615215,-0.0,-0.010005572241011519,0.0,0.0,-0.0,-0.0,-0.0,-0.0,0.0,-0.0,-0.0,0.0,0.0,0.0,0.0,-0.0,-0.0,-0.0,-0.0,0.0,0.0,-0.0,0.01698106359247784,0.0,-0.0,-0.0,-0.0,0.0,-0.0,-0.0,0.038061133679555915,0.0611126870300465,0.0,0.0,0.0,0.0,0.0,0.0,0.0,0.0,0.0,0.0,0.0,0.0,0.0,-0.0,0.0,0.2210138651504087,2025-04-02,3,21
-0.0,-0.0061831623789986604,-0.0,-0.0,0.0,0.009404794969218597,-0.0,-0.0,0.0,-0.0,0.0,0.0,-0.0,0.0,-0.011197319466094369,0.0,-0.0,-0.0,-0.0,0.0,-0.0,-0.0,-0.0,0.0,-0.0,-0.0,-0.03170042003189161,-0.10833321313057573,-0.03175517775661669,-0.0,-0.0,-0.0,-0.0,0.0,0.0,0.0,-0.0,-0.0,-0.0,0.0,0.048287758951708414,-0.0,-0.0,0.1540602073978351,-0.0,-0.0,-0.0,-0.0,0.0,0.0,0.0,0.0,-0.0,0.0,-0.004849270948331063,-0.0,-0.0,-0.0,-0.0,0.11443134189671508,0.0,0.0,0.0,0.0,-0.0,-0.0,-0.0,-0.0,-0.0,-0.0,0.0,-0.004283184672848577,0.0,0.0,-0.0,-0.0,-0.0,0.0,0.0,0.0,-0.0,0.0,0.0,0.0,0.00855498234776424,-0.0,-0.0,0.03211642512728086,-0.0,-0.0,-0.0,-0.0,-0.0,-0.0,-0.0,0.0,-0.0,0.0,0.0,0.0,-0.0,0.0,-0.0,0.0,0.0,-0.0,0.005974389276368141,0.0,-0.0,-0.0,-0.0,-0.0,0.0,0.0,0.0,0.0,0.02213314239036708,0.0,-0.0,0.0,0.0,0.0,0.0,0.0,0.0,0.0,0.0,-0.0037266348414615215,-0.0,-0.010005572241011519,0.0,0.0,-0.0,-0.0,-0.0,-0.0,0.0,-0.0,-0.0,0.0,0.0,0.0,0.0,-0.0,-0.0,-0.0,-0.0,0.0,0.0,-0.0,0.01698106359247784,0.0,-0.0,-0.0,-0.0,0.0,-0.0,-0.0,0.038061133679555915,0.0611126870300465,0.0,0.0,0.0,0.0,0.0,0.0,0.0,0.0,0.0,0.0,0.0,0.0,0.0,-0.0,0.0,0.2210138651504087,2025-04-03,3,21
-0.0,-0.0061831623789986604,-0.0,-0.0,0.0,0.009404794969218597,-0.0,-0.0,0.0,-0.0,0.0,0.0,-0.0,0.0,-0.011197319466094369,0.0,-0.0,-0.0,-0.0,0.0,-0.0,-0.0,-0.0,0.0,-0.0,-0.0,-0.03170042003189161,-0.10833321313057573,-0.03175517775661669,-0.0,-0.0,-0.0,-0.0,0.0,0.0,0.0,-0.0,-0.0,-0.0,0.0,0.048287758951708414,-0.0,-0.0,0.1540602073978351,-0.0,-0.0,-0.0,-0.0,0.0,0.0,0.0,0.0,-0.0,0.0,-0.004849270948331063,-0.0,-0.0,-0.0,-0.0,0.11443134189671508,0.0,0.0,0.0,0.0,-0.0,-0.0,-0.0,-0.0,-0.0,-0.0,0.0,-0.004283184672848577,0.0,0.0,-0.0,-0.0,-0.0,0.0,0.0,0.0,-0.0,0.0,0.0,0.0,0.00855498234776424,-0.0,-0.0,0.03211642512728086,-0.0,-0.0,-0.0,-0.0,-0.0,-0.0,-0.0,0.0,-0.0,0.0,0.0,0.0,-0.0,0.0,-0.0,0.0,0.0,-0.0,0.005974389276368141,0.0,-0.0,-0.0,-0.0,-0.0,0.0,0.0,0.0,0.0,0.02213314239036708,0.0,-0.0,0.0,0.0,0.0,0.0,0.0,0.0,0.0,0.0,-0.0037266348414615215,-0.0,-0.010005572241011519,0.0,0.0,-0.0,-0.0,-0.0,-0.0,0.0,-0.0,-0.0,0.0,0.0,0.0,0.0,-0.0,-0.0,-0.0,-0.0,0.0,0.0,-0.0,0.01698106359247784,0.0,-0.0,-0.0,-0.0,0.0,-0.0,-0.0,0.038061133679555915,0.0611126870300465,0.0,0.0,0.0,0.0,0.0,0.0,0.0,0.0,0.0,0.0,0.0,0.0,0.0,-0.0,0.0,0.2210138651504087,2025-04-04,3,21
-0.0,-0.011974592908075158,-0.0,-0.0,0.0,0.013093135516617848,-0.0,-0.0,-0.0,-0.0,0.0,0.0,-0.0,0.0,-0.012893364976473568,0.0,-0.0,-0.0,-0.0,0.0,-0.0,-0.0,-0.0,0.0,-0.0,-0.0,-0.03373559683461086,-0.10795323883135274,-0.03426661750631893,-0.0,-0.0,-0.0,-0.0,0.0,0.0,0.0,-0.0,-0.0,-0.0,0.0,0.04933728313480455,-0.0,-0.0,0.15172700270993095,-0.0,-0.0,-0.0,-0.0,0.0,0.0,0.0,-0.0,-0.0,-0.0,-0.004024408064171924,-0.0,-0.0,-0.0,-0.0,0.11980848328708153,0.0,0.0,0.0,0.0,-0.0,-0.0,-0.0,-0.0,-0.0,-0.0,0.0,-0.003213063930702183,0.0,0.0,-0.0,-0.0,-0.0,0.0,0.0,0.0,-0.0,0.0,0.0,0.0,0.009984012537837574,-0.0,-0.0,0.033247120717612835,-0.0,-0.0,-0.0,-0.0,-0.0,-0.0,-0.0,0.0,0.0,0.0,0.0,0.0,-0.0,0.0,-0.0,0.0,0.0,-0.0,0.006252200663830775,0.0,-0.0,-0.0,-0.0,-0.0,0.0,0.0,0.0,0.0,0.018442979306311825,0.0,-0.0,0.0,0.0,0.0,0.0,0.0,0.0,0.0,0.0,-0.008056895032723787,-0.0,-0.006508145546610887,0.0,0.0,-0.0,-0.0,-0.0,-0.0,0.0,-0.0,-0.0,0.0,0.0,0.0,0.0,0.0,-0.0,-0.0,-0.0,0.0,0.0,-0.0,0.016967707537440126,0.0,-0.0,-0.0,-0.0,0.0,-0.0,0.0,0.03710838147004522,0.06231214076160246,0.0,0.0,0.0,0.0,0.0,0.0,0.0,0.0,0.0,0.0,0.0,0.0,0.0,-0.0,0.0,0.22148188418390777,2025-04-05,3,21
-0.0,-0.011974592908075158,-0.0,-0.0,0.0,0.013093135516617848,-0.0,-0.0,-0.0,-0.0,0.0,0.0,-0.0,0.0,-0.012893364976473568,0.0,-0.0,-0.0,-0.0,0.0,-0.0,-0.0,-0.0,0.0,-0.0,-0.0,-0.03373559683461086,-0.10795323883135274,-0.03426661750631893,-0.0,-0.0,-0.0,-0.0,0.0,0.0,0.0,-0.0,-0.0,-0.0,0.0,0.04933728313480455,-0.0,-0.0,0.15172700270993095,-0.0,-0.0,-0.0,-0.0,0.0,0.0,0.0,-0.0,-0.0,-0.0,-0.004024408064171924,-0.0,-0.0,-0.0,-0.0,0.11980848328708153,0.0,0.0,0.0,0.0,-0.0,-0.0,-0.0,-0.0,-0.0,-0.0,0.0,-0.003213063930702183,0.0,0.0,-0.0,-0.0,-0.0,0.0,0.0,0.0,-0.0,0.0,0.0,0.0,0.009984012537837574,-0.0,-0.0,0.033247120717612835,-0.0,-0.0,-0.0,-0.0,-0.0,-0.0,-0.0,0.0,0.0,0.0,0.0,0.0,-0.0,0.0,-0.0,0.0,0.0,-0.0,0.006252200663830775,0.0,-0.0,-0.0,-0.0,-0.0,0.0,0.0,0.0,0.0,0.018442979306311825,0.0,-0.0,0.0,0.0,0.0,0.0,0.0,0.0,0.0,0.0,-0.008056895032723787,-0.0,-0.006508145546610887,0.0,0.0,-0.0,-0.0,-0.0,-0.0,0.0,-0.0,-0.0,0.0,0.0,0.0,0.0,0.0,-0.0,-0.0,-0.0,0.0,0.0,-0.0,0.016967707537440126,0.0,-0.0,-0.0,-0.0,0.0,-0.0,0.0,0.03710838147004522,0.06231214076160246,0.0,0.0,0.0,0.0,0.0,0.0,0.0,0.0,0.0,0.0,0.0,0.0,0.0,-0.0,0.0,0.22148188418390777,2025-04-06,3,21
-0.0,-0.011974592908075158,-0.0,-0.0,0.0,0.013093135516617848,-0.0,-0.0,-0.0,-0.0,0.0,0.0,-0.0,0.0,-0.012893364976473568,0.0,-0.0,-0.0,-0.0,0.0,-0.0,-0.0,-0.0,0.0,-0.0,-0.0,-0.03373559683461086,-0.10795323883135274,-0.03426661750631893,-0.0,-0.0,-0.0,-0.0,0.0,0.0,0.0,-0.0,-0.0,-0.0,0.0,0.04933728313480455,-0.0,-0.0,0.15172700270993095,-0.0,-0.0,-0.0,-0.0,0.0,0.0,0.0,-0.0,-0.0,-0.0,-0.004024408064171924,-0.0,-0.0,-0.0,-0.0,0.11980848328708153,0.0,0.0,0.0,0.0,-0.0,-0.0,-0.0,-0.0,-0.0,-0.0,0.0,-0.003213063930702183,0.0,0.0,-0.0,-0.0,-0.0,0.0,0.0,0.0,-0.0,0.0,0.0,0.0,0.009984012537837574,-0.0,-0.0,0.033247120717612835,-0.0,-0.0,-0.0,-0.0,-0.0,-0.0,-0.0,0.0,0.0,0.0,0.0,0.0,-0.0,0.0,-0.0,0.0,0.0,-0.0,0.006252200663830775,0.0,-0.0,-0.0,-0.0,-0.0,0.0,0.0,0.0,0.0,0.018442979306311825,0.0,-0.0,0.0,0.0,0.0,0.0,0.0,0.0,0.0,0.0,-0.008056895032723787,-0.0,-0.006508145546610887,0.0,0.0,-0.0,-0.0,-0.0,-0.0,0.0,-0.0,-0.0,0.0,0.0,0.0,0.0,0.0,-0.0,-0.0,-0.0,0.0,0.0,-0.0,0.016967707537440126,0.0,-0.0,-0.0,-0.0,0.0,-0.0,0.0,0.03710838147004522,0.06231214076160246,0.0,0.0,0.0,0.0,0.0,0.0,0.0,0.0,0.0,0.0,0.0,0.0,0.0,-0.0,0.0,0.22148188418390777,2025-04-07,3,21
-0.0,-0.011974592908075158,-0.0,-0.0,0.0,0.013093135516617848,-0.0,-0.0,-0.0,-0.0,0.0,0.0,-0.0,0.0,-0.012893364976473568,0.0,-0.0,-0.0,-0.0,0.0,-0.0,-0.0,-0.0,0.0,-0.0,-0.0,-0.03373559683461086,-0.10795323883135274,-0.03426661750631893,-0.0,-0.0,-0.0,-0.0,0.0,0.0,0.0,-0.0,-0.0,-0.0,0.0,0.04933728313480455,-0.0,-0.0,0.15172700270993095,-0.0,-0.0,-0.0,-0.0,0.0,0.0,0.0,-0.0,-0.0,-0.0,-0.004024408064171924,-0.0,-0.0,-0.0,-0.0,0.11980848328708153,0.0,0.0,0.0,0.0,-0.0,-0.0,-0.0,-0.0,-0.0,-0.0,0.0,-0.003213063930702183,0.0,0.0,-0.0,-0.0,-0.0,0.0,0.0,0.0,-0.0,0.0,0.0,0.0,0.009984012537837574,-0.0,-0.0,0.033247120717612835,-0.0,-0.0,-0.0,-0.0,-0.0,-0.0,-0.0,0.0,0.0,0.0,0.0,0.0,-0.0,0.0,-0.0,0.0,0.0,-0.0,0.006252200663830775,0.0,-0.0,-0.0,-0.0,-0.0,0.0,0.0,0.0,0.0,0.018442979306311825,0.0,-0.0,0.0,0.0,0.0,0.0,0.0,0.0,0.0,0.0,-0.008056895032723787,-0.0,-0.006508145546610887,0.0,0.0,-0.0,-0.0,-0.0,-0.0,0.0,-0.0,-0.0,0.0,0.0,0.0,0.0,0.0,-0.0,-0.0,-0.0,0.0,0.0,-0.0,0.016967707537440126,0.0,-0.0,-0.0,-0.0,0.0,-0.0,0.0,0.03710838147004522,0.06231214076160246,0.0,0.0,0.0,0.0,0.0,0.0,0.0,0.0,0.0,0.0,0.0,0.0,0.0,-0.0,0.0,0.22148188418390777,2025-04-08,3,21
-0.0,-0.011974592908075158,-0.0,-0.0,0.0,0.013093135516617848,-0.0,-0.0,-0.0,-0.0,0.0,0.0,-0.0,0.0,-0.012893364976473568,0.0,-0.0,-0.0,-0.0,0.0,-0.0,-0.0,-0.0,0.0,-0.0,-0.0,-0.03373559683461086,-0.10795323883135274,-0.03426661750631893,-0.0,-0.0,-0.0,-0.0,0.0,0.0,0.0,-0.0,-0.0,-0.0,0.0,0.04933728313480455,-0.0,-0.0,0.15172700270993095,-0.0,-0.0,-0.0,-0.0,0.0,0.0,0.0,-0.0,-0.0,-0.0,-0.004024408064171924,-0.0,-0.0,-0.0,-0.0,0.11980848328708153,0.0,0.0,0.0,0.0,-0.0,-0.0,-0.0,-0.0,-0.0,-0.0,0.0,-0.003213063930702183,0.0,0.0,-0.0,-0.0,-0.0,0.0,0.0,0.0,-0.0,0.0,0.0,0.0,0.009984012537837574,-0.0,-0.0,0.033247120717612835,-0.0,-0.0,-0.0,-0.0,-0.0,-0.0,-0.0,0.0,0.0,0.0,0.0,0.0,-0.0,0.0,-0.0,0.0,0.0,-0.0,0.006252200663830775,0.0,-0.0,-0.0,-0.0,-0.0,0.0,0.0,0.0,0.0,0.018442979306311825,0.0,-0.0,0.0,0.0,0.0,0.0,0.0,0.0,0.0,0.0,-0.008056895032723787,-0.0,-0.006508145546610887,0.0,0.0,-0.0,-0.0,-0.0,-0.0,0.0,-0.0,-0.0,0.0,0.0,0.0,0.0,0.0,-0.0,-0.0,-0.0,0.0,0.0,-0.0,0.016967707537440126,0.0,-0.0,-0.0,-0.0,0.0,-0.0,0.0,0.03710838147004522,0.06231214076160246,0.0,0.0,0.0,0.0,0.0,0.0,0.0,0.0,0.0,0.0,0.0,0.0,0.0,-0.0,0.0,0.22148188418390777,2025-04-09,3,21
-0.0,-0.011974592908075158,-0.0,-0.0,0.0,0.013093135516617848,-0.0,-0.0,-0.0,-0.0,0.0,0.0,-0.0,0.0,-0.012893364976473568,0.0,-0.0,-0.0,-0.0,0.0,-0.0,-0.0,-0.0,0.0,-0.0,-0.0,-0.03373559683461086,-0.10795323883135274,-0.03426661750631893,-0.0,-0.0,-0.0,-0.0,0.0,0.0,0.0,-0.0,-0.0,-0.0,0.0,0.04933728313480455,-0.0,-0.0,0.15172700270993095,-0.0,-0.0,-0.0,-0.0,0.0,0.0,0.0,-0.0,-0.0,-0.0,-0.004024408064171924,-0.0,-0.0,-0.0,-0.0,0.11980848328708153,0.0,0.0,0.0,0.0,-0.0,-0.0,-0.0,-0.0,-0.0,-0.0,0.0,-0.003213063930702183,0.0,0.0,-0.0,-0.0,-0.0,0.0,0.0,0.0,-0.0,0.0,0.0,0.0,0.009984012537837574,-0.0,-0.0,0.033247120717612835,-0.0,-0.0,-0.0,-0.0,-0.0,-0.0,-0.0,0.0,0.0,0.0,0.0,0.0,-0.0,0.0,-0.0,0.0,0.0,-0.0,0.006252200663830775,0.0,-0.0,-0.0,-0.0,-0.0,0.0,0.0,0.0,0.0,0.018442979306311825,0.0,-0.0,0.0,0.0,0.0,0.0,0.0,0.0,0.0,0.0,-0.008056895032723787,-0.0,-0.006508145546610887,0.0,0.0,-0.0,-0.0,-0.0,-0.0,0.0,-0.0,-0.0,0.0,0.0,0.0,0.0,0.0,-0.0,-0.0,-0.0,0.0,0.0,-0.0,0.016967707537440126,0.0,-0.0,-0.0,-0.0,0.0,-0.0,0.0,0.03710838147004522,0.06231214076160246,0.0,0.0,0.0,0.0,0.0,0.0,0.0,0.0,0.0,0.0,0.0,0.0,0.0,-0.0,0.0,0.22148188418390777,2025-04-10,3,21
-0.0,-0.011974592908075158,-0.0,-0.0,0.0,0.013093135516617848,-0.0,-0.0,-0.0,-0.0,0.0,0.0,-0.0,0.0,-0.012893364976473568,0.0,-0.0,-0.0,-0.0,0.0,-0.0,-0.0,-0.0,0.0,-0.0,-0.0,-0.03373559683461086,-0.10795323883135274,-0.03426661750631893,-0.0,-0.0,-0.0,-0.0,0.0,0.0,0.0,-0.0,-0.0,-0.0,0.0,0.04933728313480455,-0.0,-0.0,0.15172700270993095,-0.0,-0.0,-0.0,-0.0,0.0,0.0,0.0,-0.0,-0.0,-0.0,-0.004024408064171924,-0.0,-0.0,-0.0,-0.0,0.11980848328708153,0.0,0.0,0.0,0.0,-0.0,-0.0,-0.0,-0.0,-0.0,-0.0,0.0,-0.003213063930702183,0.0,0.0,-0.0,-0.0,-0.0,0.0,0.0,0.0,-0.0,0.0,0.0,0.0,0.009984012537837574,-0.0,-0.0,0.033247120717612835,-0.0,-0.0,-0.0,-0.0,-0.0,-0.0,-0.0,0.0,0.0,0.0,0.0,0.0,-0.0,0.0,-0.0,0.0,0.0,-0.0,0.006252200663830775,0.0,-0.0,-0.0,-0.0,-0.0,0.0,0.0,0.0,0.0,0.018442979306311825,0.0,-0.0,0.0,0.0,0.0,0.0,0.0,0.0,0.0,0.0,-0.008056895032723787,-0.0,-0.006508145546610887,0.0,0.0,-0.0,-0.0,-0.0,-0.0,0.0,-0.0,-0.0,0.0,0.0,0.0,0.0,0.0,-0.0,-0.0,-0.0,0.0,0.0,-0.0,0.016967707537440126,0.0,-0.0,-0.0,-0.0,0.0,-0.0,0.0,0.03710838147004522,0.06231214076160246,0.0,0.0,0.0,0.0,0.0,0.0,0.0,0.0,0.0,0.0,0.0,0.0,0.0,-0.0,0.0,0.22148188418390777,2025-04-11,3,21
-0.0,-0.006296154542662459,-0.0,-0.0,0.0,0.016362600610567372,-0.0,-0.0,-0.0,-0.0,0.0,0.0,-0.0,0.0,-0.016737516424616926,0.0,-0.0,-0.0,-0.0,0.0,-0.0,-0.0,-0.0,0.0,-0.0,-0.0,-0.03708036301257715,-0.1070998546850142,-0.03483679309624897,-0.0,-0.0,-0.0,-0.0,0.0,0.0,0.0,-0.0,-0.0,-0.0,0.0,0.05113122700171926,-0.0,-0.0,0.1527991205812073,-0.0,-0.0,-0.0,-0.0,0.0,0.0,0.0,-0.0,-0.0,-0.0,-0.006582502549574687,-0.0,-0.0,-0.0,-0.0,0.12150200178315462,0.0,0.0,0.0,0.0,-0.0,-0.0,-0.0,-0.0,-0.0,-0.0,0.0,-0.0018732206283852547,0.0,0.0,-0.0,-0.0,-0.0,0.0,0.0,0.0,-0.0,0.0,0.0,0.0,0.010668541866512398,-0.0,-0.0,0.030738520235405544,-0.0,-0.0,-0.0,-0.0,-0.0,-0.0,-0.0,0.0,-0.0,0.0,0.0,0.0,-0.0,0.0,-0.0,0.0,0.0,-0.0,0.006081238518795101,0.0,-0.0,-0.0,-0.0,-0.0,0.0,0.0,0.0,0.0,0.018782225541197524,0.0,-0.0,0.0,0.0,0.0,0.0,0.0,0.0,0.0,0.0,-0.006631809425705247,-0.0,-0.007909372837440008,0.0,0.0,-0.0,-0.0,-0.0,-0.0,0.0,-0.0,-0.0,0.0,0.0,0.0,0.0,0.0,-0.0,0.0,-0.0,0.0,-0.0,-0.0,0.01665520941135869,0.0,-0.0,-0.0,-0.0,0.0,-0.0,0.0,0.039056225533294145,0.06111355601662351,0.0,0.0,0.0,0.0,0.0,0.0,0.0,0.0,0.0,-0.0,0.0,0.0,0.0,-0.0,0.0,0.22084009559678403,2025-04-12,3,21
-0.0,-0.006296154542662459,-0.0,-0.0,0.0,0.016362600610567372,-0.0,-0.0,-0.0,-0.0,0.0,0.0,-0.0,0.0,-0.016737516424616926,0.0,-0.0,-0.0,-0.0,0.0,-0.0,-0.0,-0.0,0.0,-0.0,-0.0,-0.03708036301257715,-0.1070998546850142,-0.03483679309624897,-0.0,-0.0,-0.0,-0.0,0.0,0.0,0.0,-0.0,-0.0,-0.0,0.0,0.05113122700171926,-0.0,-0.0,0.1527991205812073,-0.0,-0.0,-0.0,-0.0,0.0,0.0,0.0,-0.0,-0.0,-0.0,-0.006582502549574687,-0.0,-0.0,-0.0,-0.0,0.12150200178315462,0.0,0.0,0.0,0.0,-0.0,-0.0,-0.0,-0.0,-0.0,-0.0,0.0,-0.0018732206283852547,0.0,0.0,-0.0,-0.0,-0.0,0.0,0.0,0.0,-0.0,0.0,0.0,0.0,0.010668541866512398,-0.0,-0.0,0.030738520235405544,-0.0,-0.0,-0.0,-0.0,-0.0,-0.0,-0.0,0.0,-0.0,0.0,0.0,0.0,-0.0,0.0,-0.0,0.0,0.0,-0.0,0.006081238518795101,0.0,-0.0,-0.0,-0.0,-0.0,0.0,0.0,0.0,0.0,0.018782225541197524,0.0,-0.0,0.0,0.0,0.0,0.0,0.0,0.0,0.0,0.0,-0.006631809425705247,-0.0,-0.007909372837440008,0.0,0.0,-0.0,-0.0,-0.0,-0.0,0.0,-0.0,-0.0,0.0,0.0,0.0,0.0,0.0,-0.0,0.0,-0.0,0.0,-0.0,-0.0,0.01665520941135869,0.0,-0.0,-0.0,-0.0,0.0,-0.0,0.0,0.039056225533294145,0.06111355601662351,0.0,0.0,0.0,0.0,0.0,0.0,0.0,0.0,0.0,-0.0,0.0,0.0,0.0,-0.0,0.0,0.22084009559678403,2025-04-13,3,21
-0.0,-0.006296154542662459,-0.0,-0.0,0.0,0.016362600610567372,-0.0,-0.0,-0.0,-0.0,0.0,0.0,-0.0,0.0,-0.016737516424616926,0.0,-0.0,-0.0,-0.0,0.0,-0.0,-0.0,-0.0,0.0,-0.0,-0.0,-0.03708036301257715,-0.1070998546850142,-0.03483679309624897,-0.0,-0.0,-0.0,-0.0,0.0,0.0,0.0,-0.0,-0.0,-0.0,0.0,0.05113122700171926,-0.0,-0.0,0.1527991205812073,-0.0,-0.0,-0.0,-0.0,0.0,0.0,0.0,-0.0,-0.0,-0.0,-0.006582502549574687,-0.0,-0.0,-0.0,-0.0,0.12150200178315462,0.0,0.0,0.0,0.0,-0.0,-0.0,-0.0,-0.0,-0.0,-0.0,0.0,-0.0018732206283852547,0.0,0.0,-0.0,-0.0,-0.0,0.0,0.0,0.0,-0.0,0.0,0.0,0.0,0.010668541866512398,-0.0,-0.0,0.030738520235405544,-0.0,-0.0,-0.0,-0.0,-0.0,-0.0,-0.0,0.0,-0.0,0.0,0.0,0.0,-0.0,0.0,-0.0,0.0,0.0,-0.0,0.006081238518795101,0.0,-0.0,-0.0,-0.0,-0.0,0.0,0.0,0.0,0.0,0.018782225541197524,0.0,-0.0,0.0,0.0,0.0,0.0,0.0,0.0,0.0,0.0,-0.006631809425705247,-0.0,-0.007909372837440008,0.0,0.0,-0.0,-0.0,-0.0,-0.0,0.0,-0.0,-0.0,0.0,0.0,0.0,0.0,0.0,-0.0,0.0,-0.0,0.0,-0.0,-0.0,0.01665520941135869,0.0,-0.0,-0.0,-0.0,0.0,-0.0,0.0,0.039056225533294145,0.06111355601662351,0.0,0.0,0.0,0.0,0.0,0.0,0.0,0.0,0.0,-0.0,0.0,0.0,0.0,-0.0,0.0,0.22084009559678403,2025-04-14,3,21
-0.0,-0.006296154542662459,-0.0,-0.0,0.0,0.016362600610567372,-0.0,-0.0,-0.0,-0.0,0.0,0.0,-0.0,0.0,-0.016737516424616926,0.0,-0.0,-0.0,-0.0,0.0,-0.0,-0.0,-0.0,0.0,-0.0,-0.0,-0.03708036301257715,-0.1070998546850142,-0.03483679309624897,-0.0,-0.0,-0.0,-0.0,0.0,0.0,0.0,-0.0,-0.0,-0.0,0.0,0.05113122700171926,-0.0,-0.0,0.1527991205812073,-0.0,-0.0,-0.0,-0.0,0.0,0.0,0.0,-0.0,-0.0,-0.0,-0.006582502549574687,-0.0,-0.0,-0.0,-0.0,0.12150200178315462,0.0,0.0,0.0,0.0,-0.0,-0.0,-0.0,-0.0,-0.0,-0.0,0.0,-0.0018732206283852547,0.0,0.0,-0.0,-0.0,-0.0,0.0,0.0,0.0,-0.0,0.0,0.0,0.0,0.010668541866512398,-0.0,-0.0,0.030738520235405544,-0.0,-0.0,-0.0,-0.0,-0.0,-0.0,-0.0,0.0,-0.0,0.0,0.0,0.0,-0.0,0.0,-0.0,0.0,0.0,-0.0,0.006081238518795101,0.0,-0.0,-0.0,-0.0,-0.0,0.0,0.0,0.0,0.0,0.018782225541197524,0.0,-0.0,0.0,0.0,0.0,0.0,0.0,0.0,0.0,0.0,-0.006631809425705247,-0.0,-0.007909372837440008,0.0,0.0,-0.0,-0.0,-0.0,-0.0,0.0,-0.0,-0.0,0.0,0.0,0.0,0.0,0.0,-0.0,0.0,-0.0,0.0,-0.0,-0.0,0.01665520941135869,0.0,-0.0,-0.0,-0.0,0.0,-0.0,0.0,0.039056225533294145,0.06111355601662351,0.0,0.0,0.0,0.0,0.0,0.0,0.0,0.0,0.0,-0.0,0.0,0.0,0.0,-0.0,0.0,0.22084009559678403,2025-04-15,3,21
-0.0,-0.006296154542662459,-0.0,-0.0,0.0,0.016362600610567372,-0.0,-0.0,-0.0,-0.0,0.0,0.0,-0.0,0.0,-0.016737516424616926,0.0,-0.0,-0.0,-0.0,0.0,-0.0,-0.0,-0.0,0.0,-0.0,-0.0,-0.03708036301257715,-0.1070998546850142,-0.03483679309624897,-0.0,-0.0,-0.0,-0.0,0.0,0.0,0.0,-0.0,-0.0,-0.0,0.0,0.05113122700171926,-0.0,-0.0,0.1527991205812073,-0.0,-0.0,-0.0,-0.0,0.0,0.0,0.0,-0.0,-0.0,-0.0,-0.006582502549574687,-0.0,-0.0,-0.0,-0.0,0.12150200178315462,0.0,0.0,0.0,0.0,-0.0,-0.0,-0.0,-0.0,-0.0,-0.0,0.0,-0.0018732206283852547,0.0,0.0,-0.0,-0.0,-0.0,0.0,0.0,0.0,-0.0,0.0,0.0,0.0,0.010668541866512398,-0.0,-0.0,0.030738520235405544,-0.0,-0.0,-0.0,-0.0,-0.0,-0.0,-0.0,0.0,-0.0,0.0,0.0,0.0,-0.0,0.0,-0.0,0.0,0.0,-0.0,0.006081238518795101,0.0,-0.0,-0.0,-0.0,-0.0,0.0,0.0,0.0,0.0,0.018782225541197524,0.0,-0.0,0.0,0.0,0.0,0.0,0.0,0.0,0.0,0.0,-0.006631809425705247,-0.0,-0.007909372837440008,0.0,0.0,-0.0,-0.0,-0.0,-0.0,0.0,-0.0,-0.0,0.0,0.0,0.0,0.0,0.0,-0.0,0.0,-0.0,0.0,-0.0,-0.0,0.01665520941135869,0.0,-0.0,-0.0,-0.0,0.0,-0.0,0.0,0.039056225533294145,0.06111355601662351,0.0,0.0,0.0,0.0,0.0,0.0,0.0,0.0,0.0,-0.0,0.0,0.0,0.0,-0.0,0.0,0.22084009559678403,2025-04-16,3,21
-0.0,-0.006296154542662459,-0.0,-0.0,0.0,0.016362600610567372,-0.0,-0.0,-0.0,-0.0,0.0,0.0,-0.0,0.0,-0.016737516424616926,0.0,-0.0,-0.0,-0.0,0.0,-0.0,-0.0,-0.0,0.0,-0.0,-0.0,-0.03708036301257715,-0.1070998546850142,-0.03483679309624897,-0.0,-0.0,-0.0,-0.0,0.0,0.0,0.0,-0.0,-0.0,-0.0,0.0,0.05113122700171926,-0.0,-0.0,0.1527991205812073,-0.0,-0.0,-0.0,-0.0,0.0,0.0,0.0,-0.0,-0.0,-0.0,-0.006582502549574687,-0.0,-0.0,-0.0,-0.0,0.12150200178315462,0.0,0.0,0.0,0.0,-0.0,-0.0,-0.0,-0.0,-0.0,-0.0,0.0,-0.0018732206283852547,0.0,0.0,-0.0,-0.0,-0.0,0.0,0.0,0.0,-0.0,0.0,0.0,0.0,0.010668541866512398,-0.0,-0.0,0.030738520235405544,-0.0,-0.0,-0.0,-0.0,-0.0,-0.0,-0.0,0.0,-0.0,0.0,0.0,0.0,-0.0,0.0,-0.0,0.0,0.0,-0.0,0.006081238518795101,0.0,-0.0,-0.0,-0.0,-0.0,0.0,0.0,0.0,0.0,0.018782225541197524,0.0,-0.0,0.0,0.0,0.0,0.0,0.0,0.0,0.0,0.0,-0.006631809425705247,-0.0,-0.007909372837440008,0.0,0.0,-0.0,-0.0,-0.0,-0.0,0.0,-0.0,-0.0,0.0,0.0,0.0,0.0,0.0,-0.0,0.0,-0.0,0.0,-0.0,-0.0,0.01665520941135869,0.0,-0.0,-0.0,-0.0,0.0,-0.0,0.0,0.039056225533294145,0.06111355601662351,0.0,0.0,0.0,0.0,0.0,0.0,0.0,0.0,0.0,-0.0,0.0,0.0,0.0,-0.0,0.0,0.22084009559678403,2025-04-17,3,21
-0.0,-0.006296154542662459,-0.0,-0.0,0.0,0.016362600610567372,-0.0,-0.0,-0.0,-0.0,0.0,0.0,-0.0,0.0,-0.016737516424616926,0.0,-0.0,-0.0,-0.0,0.0,-0.0,-0.0,-0.0,0.0,-0.0,-0.0,-0.03708036301257715,-0.1070998546850142,-0.03483679309624897,-0.0,-0.0,-0.0,-0.0,0.0,0.0,0.0,-0.0,-0.0,-0.0,0.0,0.05113122700171926,-0.0,-0.0,0.1527991205812073,-0.0,-0.0,-0.0,-0.0,0.0,0.0,0.0,-0.0,-0.0,-0.0,-0.006582502549574687,-0.0,-0.0,-0.0,-0.0,0.12150200178315462,0.0,0.0,0.0,0.0,-0.0,-0.0,-0.0,-0.0,-0.0,-0.0,0.0,-0.0018732206283852547,0.0,0.0,-0.0,-0.0,-0.0,0.0,0.0,0.0,-0.0,0.0,0.0,0.0,0.010668541866512398,-0.0,-0.0,0.030738520235405544,-0.0,-0.0,-0.0,-0.0,-0.0,-0.0,-0.0,0.0,-0.0,0.0,0.0,0.0,-0.0,0.0,-0.0,0.0,0.0,-0.0,0.006081238518795101,0.0,-0.0,-0.0,-0.0,-0.0,0.0,0.0,0.0,0.0,0.018782225541197524,0.0,-0.0,0.0,0.0,0.0,0.0,0.0,0.0,0.0,0.0,-0.006631809425705247,-0.0,-0.007909372837440008,0.0,0.0,-0.0,-0.0,-0.0,-0.0,0.0,-0.0,-0.0,0.0,0.0,0.0,0.0,0.0,-0.0,0.0,-0.0,0.0,-0.0,-0.0,0.01665520941135869,0.0,-0.0,-0.0,-0.0,0.0,-0.0,0.0,0.039056225533294145,0.06111355601662351,0.0,0.0,0.0,0.0,0.0,0.0,0.0,0.0,0.0,-0.0,0.0,0.0,0.0,-0.0,0.0,0.22084009559678403,2025-04-18,3,21
-0.0,-0.01368471798120289,-0.0,-0.0,0.0,0.0209577310179925,-0.0,-0.0,-0.0,-0.0,0.0,0.0,-0.0,-0.0,-0.010129658255368204,0.0,-0.0,-0.0,-0.0,0.0,-0.0,-0.0,-0.0,0.0,-0.0,-0.0,-0.03395189950488324,-0.11198022911620191,-0.03213499856344151,-0.0,-0.0,-0.0,-0.0,0.0,0.0,0.0,-0.0,-0.0,-0.0,0.0,0.0555198734347689,-0.0,-0.0,0.1557463502837761,-0.0,-0.0,-0.0,-0.0,0.0,0.0,0.0,0.0,-0.0,-0.0,-0.009536449997878468,-0.0,-0.0,-0.0,-0.0,0.10583656344560528,0.0,0.0,0.0,0.0,-0.0,-0.0,-0.0,-0.0,-0.0,-0.0,0.0,-0.006037668891890882,0.0,0.0,-0.0,-0.0,-0.0,0.0,0.0,0.0,-0.0,0.0,0.0,0.0,0.01581229508211881,-0.0,-0.0,0.028614556036097225,-0.0,-0.0,-0.0,-0.0,-0.0,0.0,-0.0,0.0,-0.0,0.0,0.0,0.0,-0.0,0.0,-0.0,0.0,0.0,-0.0,0.0053252677285571485,0.0,-0.0,-0.0,-0.0,-0.0,0.0,-0.0,0.0,0.0,0.020473281951467522,0.0,-0.0,0.0,0.0,0.0,0.0,0.0,0.0,0.0,0.0,-0.0,-0.0,-0.014760275440610404,0.0,0.0,-0.0,-0.0,-0.0,-0.0,-0.0,0.0,-0.0,0.0,0.0,0.0,0.0,0.0,-0.0,-0.0,-0.0,0.0,-0.0,-0.0,0.016116197063792664,0.0,-0.0,-0.0,-0.0,-0.0,-0.0,0.0,0.036753241464626475,0.0682826590438866,0.0,0.0,0.0,0.0,0.0,0.0,0.0,0.0,0.0,-0.0,0.0,0.0,0.0,-0.0,0.0,0.21574470324142472,2025-04-19,3,20
-0.0,-0.01368471798120289,-0.0,-0.0,0.0,0.0209577310179925,-0.0,-0.0,-0.0,-0.0,0.0,0.0,-0.0,-0.0,-0.010129658255368204,0.0,-0.0,-0.0,-0.0,0.0,-0.0,-0.0,-0.0,0.0,-0.0,-0.0,-0.03395189950488324,-0.11198022911620191,-0.03213499856344151,-0.0,-0.0,-0.0,-0.0,0.0,0.0,0.0,-0.0,-0.0,-0.0,0.0,0.0555198734347689,-0.0,-0.0,0.1557463502837761,-0.0,-0.0,-0.0,-0.0,0.0,0.0,0.0,0.0,-0.0,-0.0,-0.009536449997878468,-0.0,-0.0,-0.0,-0.0,0.10583656344560528,0.0,0.0,0.0,0.0,-0.0,-0.0,-0.0,-0.0,-0.0,-0.0,0.0,-0.006037668891890882,0.0,0.0,-0.0,-0.0,-0.0,0.0,0.0,0.0,-0.0,0.0,0.0,0.0,0.01581229508211881,-0.0,-0.0,0.028614556036097225,-0.0,-0.0,-0.0,-0.0,-0.0,0.0,-0.0,0.0,-0.0,0.0,0.0,0.0,-0.0,0.0,-0.0,0.0,0.0,-0.0,0.0053252677285571485,0.0,-0.0,-0.0,-0.0,-0.0,0.0,-0.0,0.0,0.0,0.020473281951467522,0.0,-0.0,0.0,0.0,0.0,0.0,0.0,0.0,0.0,0.0,-0.0,-0.0,-0.014760275440610404,0.0,0.0,-0.0,-0.0,-0.0,-0.0,-0.0,0.0,-0.0,0.0,0.0,0.0,0.0,0.0,-0.0,-0.0,-0.0,0.0,-0.0,-0.0,0.016116197063792664,0.0,-0.0,-0.0,-0.0,-0.0,-0.0,0.0,0.036753241464626475,0.0682826590438866,0.0,0.0,0.0,0.0,0.0,0.0,0.0,0.0,0.0,-0.0,0.0,0.0,0.0,-0.0,0.0,0.21574470324142472,2025-04-20,3,20
-0.0,-0.01368471798120289,-0.0,-0.0,0.0,0.0209577310179925,-0.0,-0.0,-0.0,-0.0,0.0,0.0,-0.0,-0.0,-0.010129658255368204,0.0,-0.0,-0.0,-0.0,0.0,-0.0,-0.0,-0.0,0.0,-0.0,-0.0,-0.03395189950488324,-0.11198022911620191,-0.03213499856344151,-0.0,-0.0,-0.0,-0.0,0.0,0.0,0.0,-0.0,-0.0,-0.0,0.0,0.0555198734347689,-0.0,-0.0,0.1557463502837761,-0.0,-0.0,-0.0,-0.0,0.0,0.0,0.0,0.0,-0.0,-0.0,-0.009536449997878468,-0.0,-0.0,-0.0,-0.0,0.10583656344560528,0.0,0.0,0.0,0.0,-0.0,-0.0,-0.0,-0.0,-0.0,-0.0,0.0,-0.006037668891890882,0.0,0.0,-0.0,-0.0,-0.0,0.0,0.0,0.0,-0.0,0.0,0.0,0.0,0.01581229508211881,-0.0,-0.0,0.028614556036097225,-0.0,-0.0,-0.0,-0.0,-0.0,0.0,-0.0,0.0,-0.0,0.0,0.0,0.0,-0.0,0.0,-0.0,0.0,0.0,-0.0,0.0053252677285571485,0.0,-0.0,-0.0,-0.0,-0.0,0.0,-0.0,0.0,0.0,0.020473281951467522,0.0,-0.0,0.0,0.0,0.0,0.0,0.0,0.0,0.0,0.0,-0.0,-0.0,-0.014760275440610404,0.0,0.0,-0.0,-0.0,-0.0,-0.0,-0.0,0.0,-0.0,0.0,0.0,0.0,0.0,0.0,-0.0,-0.0,-0.0,0.0,-0.0,-0.0,0.016116197063792664,0.0,-0.0,-0.0,-0.0,-0.0,-0.0,0.0,0.036753241464626475,0.0682826590438866,0.0,0.0,0.0,0.0,0.0,0.0,0.0,0.0,0.0,-0.0,0.0,0.0,0.0,-0.0,0.0,0.21574470324142472,2025-04-21,3,20
-0.0,-0.01368471798120289,-0.0,-0.0,0.0,0.0209577310179925,-0.0,-0.0,-0.0,-0.0,0.0,0.0,-0.0,-0.0,-0.010129658255368204,0.0,-0.0,-0.0,-0.0,0.0,-0.0,-0.0,-0.0,0.0,-0.0,-0.0,-0.03395189950488324,-0.11198022911620191,-0.03213499856344151,-0.0,-0.0,-0.0,-0.0,0.0,0.0,0.0,-0.0,-0.0,-0.0,0.0,0.0555198734347689,-0.0,-0.0,0.1557463502837761,-0.0,-0.0,-0.0,-0.0,0.0,0.0,0.0,0.0,-0.0,-0.0,-0.009536449997878468,-0.0,-0.0,-0.0,-0.0,0.10583656344560528,0.0,0.0,0.0,0.0,-0.0,-0.0,-0.0,-0.0,-0.0,-0.0,0.0,-0.006037668891890882,0.0,0.0,-0.0,-0.0,-0.0,0.0,0.0,0.0,-0.0,0.0,0.0,0.0,0.01581229508211881,-0.0,-0.0,0.028614556036097225,-0.0,-0.0,-0.0,-0.0,-0.0,0.0,-0.0,0.0,-0.0,0.0,0.0,0.0,-0.0,0.0,-0.0,0.0,0.0,-0.0,0.0053252677285571485,0.0,-0.0,-0.0,-0.0,-0.0,0.0,-0.0,0.0,0.0,0.020473281951467522,0.0,-0.0,0.0,0.0,0.0,0.0,0.0,0.0,0.0,0.0,-0.0,-0.0,-0.014760275440610404,0.0,0.0,-0.0,-0.0,-0.0,-0.0,-0.0,0.0,-0.0,0.0,0.0,0.0,0.0,0.0,-0.0,-0.0,-0.0,0.0,-0.0,-0.0,0.016116197063792664,0.0,-0.0,-0.0,-0.0,-0.0,-0.0,0.0,0.036753241464626475,0.0682826590438866,0.0,0.0,0.0,0.0,0.0,0.0,0.0,0.0,0.0,-0.0,0.0,0.0,0.0,-0.0,0.0,0.21574470324142472,2025-04-22,3,20
-0.0,-0.01368471798120289,-0.0,-0.0,0.0,0.0209577310179925,-0.0,-0.0,-0.0,-0.0,0.0,0.0,-0.0,-0.0,-0.010129658255368204,0.0,-0.0,-0.0,-0.0,0.0,-0.0,-0.0,-0.0,0.0,-0.0,-0.0,-0.03395189950488324,-0.11198022911620191,-0.03213499856344151,-0.0,-0.0,-0.0,-0.0,0.0,0.0,0.0,-0.0,-0.0,-0.0,0.0,0.0555198734347689,-0.0,-0.0,0.1557463502837761,-0.0,-0.0,-0.0,-0.0,0.0,0.0,0.0,0.0,-0.0,-0.0,-0.009536449997878468,-0.0,-0.0,-0.0,-0.0,0.10583656344560528,0.0,0.0,0.0,0.0,-0.0,-0.0,-0.0,-0.0,-0.0,-0.0,0.0,-0.006037668891890882,0.0,0.0,-0.0,-0.0,-0.0,0.0,0.0,0.0,-0.0,0.0,0.0,0.0,0.01581229508211881,-0.0,-0.0,0.028614556036097225,-0.0,-0.0,-0.0,-0.0,-0.0,0.0,-0.0,0.0,-0.0,0.0,0.0,0.0,-0.0,0.0,-0.0,0.0,0.0,-0.0,0.0053252677285571485,0.0,-0.0,-0.0,-0.0,-0.0,0.0,-0.0,0.0,0.0,0.020473281951467522,0.0,-0.0,0.0,0.0,0.0,0.0,0.0,0.0,0.0,0.0,-0.0,-0.0,-0.014760275440610404,0.0,0.0,-0.0,-0.0,-0.0,-0.0,-0.0,0.0,-0.0,0.0,0.0,0.0,0.0,0.0,-0.0,-0.0,-0.0,0.0,-0.0,-0.0,0.016116197063792664,0.0,-0.0,-0.0,-0.0,-0.0,-0.0,0.0,0.036753241464626475,0.0682826590438866,0.0,0.0,0.0,0.0,0.0,0.0,0.0,0.0,0.0,-0.0,0.0,0.0,0.0,-0.0,0.0,0.21574470324142472,2025-04-23,3,20
-0.0,-0.01368471798120289,-0.0,-0.0,0.0,0.0209577310179925,-0.0,-0.0,-0.0,-0.0,0.0,0.0,-0.0,-0.0,-0.010129658255368204,0.0,-0.0,-0.0,-0.0,0.0,-0.0,-0.0,-0.0,0.0,-0.0,-0.0,-0.03395189950488324,-0.11198022911620191,-0.03213499856344151,-0.0,-0.0,-0.0,-0.0,0.0,0.0,0.0,-0.0,-0.0,-0.0,0.0,0.0555198734347689,-0.0,-0.0,0.1557463502837761,-0.0,-0.0,-0.0,-0.0,0.0,0.0,0.0,0.0,-0.0,-0.0,-0.009536449997878468,-0.0,-0.0,-0.0,-0.0,0.10583656344560528,0.0,0.0,0.0,0.0,-0.0,-0.0,-0.0,-0.0,-0.0,-0.0,0.0,-0.006037668891890882,0.0,0.0,-0.0,-0.0,-0.0,0.0,0.0,0.0,-0.0,0.0,0.0,0.0,0.01581229508211881,-0.0,-0.0,0.028614556036097225,-0.0,-0.0,-0.0,-0.0,-0.0,0.0,-0.0,0.0,-0.0,0.0,0.0,0.0,-0.0,0.0,-0.0,0.0,0.0,-0.0,0.0053252677285571485,0.0,-0.0,-0.0,-0.0,-0.0,0.0,-0.0,0.0,0.0,0.020473281951467522,0.0,-0.0,0.0,0.0,0.0,0.0,0.0,0.0,0.0,0.0,-0.0,-0.0,-0.014760275440610404,0.0,0.0,-0.0,-0.0,-0.0,-0.0,-0.0,0.0,-0.0,0.0,0.0,0.0,0.0,0.0,-0.0,-0.0,-0.0,0.0,-0.0,-0.0,0.016116197063792664,0.0,-0.0,-0.0,-0.0,-0.0,-0.0,0.0,0.036753241464626475,0.0682826590438866,0.0,0.0,0.0,0.0,0.0,0.0,0.0,0.0,0.0,-0.0,0.0,0.0,0.0,-0.0,0.0,0.21574470324142472,2025-04-24,3,20
-0.0,-0.01368471798120289,-0.0,-0.0,0.0,0.0209577310179925,-0.0,-0.0,-0.0,-0.0,0.0,0.0,-0.0,-0.0,-0.010129658255368204,0.0,-0.0,-0.0,-0.0,0.0,-0.0,-0.0,-0.0,0.0,-0.0,-0.0,-0.03395189950488324,-0.11198022911620191,-0.03213499856344151,-0.0,-0.0,-0.0,-0.0,0.0,0.0,0.0,-0.0,-0.0,-0.0,0.0,0.0555198734347689,-0.0,-0.0,0.1557463502837761,-0.0,-0.0,-0.0,-0.0,0.0,0.0,0.0,0.0,-0.0,-0.0,-0.009536449997878468,-0.0,-0.0,-0.0,-0.0,0.10583656344560528,0.0,0.0,0.0,0.0,-0.0,-0.0,-0.0,-0.0,-0.0,-0.0,0.0,-0.006037668891890882,0.0,0.0,-0.0,-0.0,-0.0,0.0,0.0,0.0,-0.0,0.0,0.0,0.0,0.01581229508211881,-0.0,-0.0,0.028614556036097225,-0.0,-0.0,-0.0,-0.0,-0.0,0.0,-0.0,0.0,-0.0,0.0,0.0,0.0,-0.0,0.0,-0.0,0.0,0.0,-0.0,0.0053252677285571485,0.0,-0.0,-0.0,-0.0,-0.0,0.0,-0.0,0.0,0.0,0.020473281951467522,0.0,-0.0,0.0,0.0,0.0,0.0,0.0,0.0,0.0,0.0,-0.0,-0.0,-0.014760275440610404,0.0,0.0,-0.0,-0.0,-0.0,-0.0,-0.0,0.0,-0.0,0.0,0.0,0.0,0.0,0.0,-0.0,-0.0,-0.0,0.0,-0.0,-0.0,0.016116197063792664,0.0,-0.0,-0.0,-0.0,-0.0,-0.0,0.0,0.036753241464626475,0.0682826590438866,0.0,0.0,0.0,0.0,0.0,0.0,0.0,0.0,0.0,-0.0,0.0,0.0,0.0,-0.0,0.0,0.21574470324142472,2025-04-25,3,20
-0.0,-0.010851190844520645,-0.0,-0.0,0.0,0.01914866900291669,-0.0,-0.0,-0.0,-0.0,0.0,0.0,-0.0,-0.0,-0.014150611840775538,0.0,-0.0,-0.0,-0.0,0.0,-0.0,-0.0,-0.0,0.0,-0.0,-0.0,-0.03458842999580009,-0.11330707159361357,-0.03354042138615011,-0.0,-0.0,-0.0,-0.0,0.0,0.0,0.0,-0.0,-0.0,-0.0,0.0,0.05488740652584306,-0.0,-0.0,0.15807752780591977,-0.0,-0.0,-0.0,-0.0,0.0,0.0,0.0,-0.0,-0.0,-0.0,-0.009746389096761935,-0.0,-0.0,-0.0,-0.0,0.100875725606231,0.0,0.0,0.0,0.0,-0.0,-0.0,-0.0,-0.0,-0.0,-0.0,0.0,-0.004765114104738299,0.0,0.0,-0.0,-0.0,-0.0,0.0,0.0,0.0,-0.0,0.0,0.0,0.0,0.015187993836315257,-0.0,-0.0,0.02518304626632919,-0.0,-0.0,-0.0,-0.0,-0.0,0.0,-0.0,0.0,-0.0,0.0,0.0,0.0,-0.0,0.0,-0.0,0.0,0.0,-0.0,0.005189236832528772,0.0,-0.0,-0.0,-0.0,-0.0,0.0,0.0,0.0,0.0,0.019075501706134222,0.0,-0.0,0.0,0.0,0.0,0.0,0.0,0.0,0.0,0.0,-0.0,-0.0,-0.014719224096000258,-0.0,0.0,-0.0,-0.0,-0.0,-0.0,0.0,0.0,-0.0,0.0,0.0,0.0,0.0,0.0,-0.0,-0.0,-0.0,0.0,-0.0,-0.0,0.01593772588887683,0.0,-0.0,-0.0,-0.0,-0.0,-0.0,0.0,0.034462239066095815,0.0700347078874375,0.0,0.0,0.0,0.0,0.0,0.0,0.0,0.0,0.0,-0.0,0.0,0.0,0.0,-0.0,0.0,0.220932217659685,2025-04-26,3,20
-0.0,-0.010851190844520645,-0.0,-0.0,0.0,0.01914866900291669,-0.0,-0.0,-0.0,-0.0,0.0,0.0,-0.0,-0.0,-0.014150611840775538,0.0,-0.0,-0.0,-0.0,0.0,-0.0,-0.0,-0.0,0.0,-0.0,-0.0,-0.03458842999580009,-0.11330707159361357,-0.03354042138615011,-0.0,-0.0,-0.0,-0.0,0.0,0.0,0.0,-0.0,-0.0,-0.0,0.0,0.05488740652584306,-0.0,-0.0,0.15807752780591977,-0.0,-0.0,-0.0,-0.0,0.0,0.0,0.0,-0.0,-0.0,-0.0,-0.009746389096761935,-0.0,-0.0,-0.0,-0.0,0.100875725606231,0.0,0.0,0.0,0.0,-0.0,-0.0,-0.0,-0.0,-0.0,-0.0,0.0,-0.004765114104738299,0.0,0.0,-0.0,-0.0,-0.0,0.0,0.0,0.0,-0.0,0.0,0.0,0.0,0.015187993836315257,-0.0,-0.0,0.02518304626632919,-0.0,-0.0,-0.0,-0.0,-0.0,0.0,-0.0,0.0,-0.0,0.0,0.0,0.0,-0.0,0.0,-0.0,0.0,0.0,-0.0,0.005189236832528772,0.0,-0.0,-0.0,-0.0,-0.0,0.0,0.0,0.0,0.0,0.019075501706134222,0.0,-0.0,0.0,0.0,0.0,0.0,0.0,0.0,0.0,0.0,-0.0,-0.0,-0.014719224096000258,-0.0,0.0,-0.0,-0.0,-0.0,-0.0,0.0,0.0,-0.0,0.0,0.0,0.0,0.0,0.0,-0.0,-0.0,-0.0,0.0,-0.0,-0.0,0.01593772588887683,0.0,-0.0,-0.0,-0.0,-0.0,-0.0,0.0,0.034462239066095815,0.0700347078874375,0.0,0.0,0.0,0.0,0.0,0.0,0.0,0.0,0.0,-0.0,0.0,0.0,0.0,-0.0,0.0,0.220932217659685,2025-04-27,3,20
-0.0,-0.010851190844520645,-0.0,-0.0,0.0,0.01914866900291669,-0.0,-0.0,-0.0,-0.0,0.0,0.0,-0.0,-0.0,-0.014150611840775538,0.0,-0.0,-0.0,-0.0,0.0,-0.0,-0.0,-0.0,0.0,-0.0,-0.0,-0.03458842999580009,-0.11330707159361357,-0.03354042138615011,-0.0,-0.0,-0.0,-0.0,0.0,0.0,0.0,-0.0,-0.0,-0.0,0.0,0.05488740652584306,-0.0,-0.0,0.15807752780591977,-0.0,-0.0,-0.0,-0.0,0.0,0.0,0.0,-0.0,-0.0,-0.0,-0.009746389096761935,-0.0,-0.0,-0.0,-0.0,0.100875725606231,0.0,0.0,0.0,0.0,-0.0,-0.0,-0.0,-0.0,-0.0,-0.0,0.0,-0.004765114104738299,0.0,0.0,-0.0,-0.0,-0.0,0.0,0.0,0.0,-0.0,0.0,0.0,0.0,0.015187993836315257,-0.0,-0.0,0.02518304626632919,-0.0,-0.0,-0.0,-0.0,-0.0,0.0,-0.0,0.0,-0.0,0.0,0.0,0.0,-0.0,0.0,-0.0,0.0,0.0,-0.0,0.005189236832528772,0.0,-0.0,-0.0,-0.0,-0.0,0.0,0.0,0.0,0.0,0.019075501706134222,0.0,-0.0,0.0,0.0,0.0,0.0,0.0,0.0,0.0,0.0,-0.0,-0.0,-0.014719224096000258,-0.0,0.0,-0.0,-0.0,-0.0,-0.0,0.0,0.0,-0.0,0.0,0.0,0.0,0.0,0.0,-0.0,-0.0,-0.0,0.0,-0.0,-0.0,0.01593772588887683,0.0,-0.0,-0.0,-0.0,-0.0,-0.0,0.0,0.034462239066095815,0.0700347078874375,0.0,0.0,0.0,0.0,0.0,0.0,0.0,0.0,0.0,-0.0,0.0,0.0,0.0,-0.0,0.0,0.220932217659685,2025-04-28,3,20
-0.0,-0.010851190844520645,-0.0,-0.0,0.0,0.01914866900291669,-0.0,-0.0,-0.0,-0.0,0.0,0.0,-0.0,-0.0,-0.014150611840775538,0.0,-0.0,-0.0,-0.0,0.0,-0.0,-0.0,-0.0,0.0,-0.0,-0.0,-0.03458842999580009,-0.11330707159361357,-0.03354042138615011,-0.0,-0.0,-0.0,-0.0,0.0,0.0,0.0,-0.0,-0.0,-0.0,0.0,0.05488740652584306,-0.0,-0.0,0.15807752780591977,-0.0,-0.0,-0.0,-0.0,0.0,0.0,0.0,-0.0,-0.0,-0.0,-0.009746389096761935,-0.0,-0.0,-0.0,-0.0,0.100875725606231,0.0,0.0,0.0,0.0,-0.0,-0.0,-0.0,-0.0,-0.0,-0.0,0.0,-0.004765114104738299,0.0,0.0,-0.0,-0.0,-0.0,0.0,0.0,0.0,-0.0,0.0,0.0,0.0,0.015187993836315257,-0.0,-0.0,0.02518304626632919,-0.0,-0.0,-0.0,-0.0,-0.0,0.0,-0.0,0.0,-0.0,0.0,0.0,0.0,-0.0,0.0,-0.0,0.0,0.0,-0.0,0.005189236832528772,0.0,-0.0,-0.0,-0.0,-0.0,0.0,0.0,0.0,0.0,0.019075501706134222,0.0,-0.0,0.0,0.0,0.0,0.0,0.0,0.0,0.0,0.0,-0.0,-0.0,-0.014719224096000258,-0.0,0.0,-0.0,-0.0,-0.0,-0.0,0.0,0.0,-0.0,0.0,0.0,0.0,0.0,0.0,-0.0,-0.0,-0.0,0.0,-0.0,-0.0,0.01593772588887683,0.0,-0.0,-0.0,-0.0,-0.0,-0.0,0.0,0.034462239066095815,0.0700347078874375,0.0,0.0,0.0,0.0,0.0,0.0,0.0,0.0,0.0,-0.0,0.0,0.0,0.0,-0.0,0.0,0.220932217659685,2025-04-29,3,20
-0.0,-0.010851190844520645,-0.0,-0.0,0.0,0.01914866900291669,-0.0,-0.0,-0.0,-0.0,0.0,0.0,-0.0,-0.0,-0.014150611840775538,0.0,-0.0,-0.0,-0.0,0.0,-0.0,-0.0,-0.0,0.0,-0.0,-0.0,-0.03458842999580009,-0.11330707159361357,-0.03354042138615011,-0.0,-0.0,-0.0,-0.0,0.0,0.0,0.0,-0.0,-0.0,-0.0,0.0,0.05488740652584306,-0.0,-0.0,0.15807752780591977,-0.0,-0.0,-0.0,-0.0,0.0,0.0,0.0,-0.0,-0.0,-0.0,-0.009746389096761935,-0.0,-0.0,-0.0,-0.0,0.100875725606231,0.0,0.0,0.0,0.0,-0.0,-0.0,-0.0,-0.0,-0.0,-0.0,0.0,-0.004765114104738299,0.0,0.0,-0.0,-0.0,-0.0,0.0,0.0,0.0,-0.0,0.0,0.0,0.0,0.015187993836315257,-0.0,-0.0,0.02518304626632919,-0.0,-0.0,-0.0,-0.0,-0.0,0.0,-0.0,0.0,-0.0,0.0,0.0,0.0,-0.0,0.0,-0.0,0.0,0.0,-0.0,0.005189236832528772,0.0,-0.0,-0.0,-0.0,-0.0,0.0,0.0,0.0,0.0,0.019075501706134222,0.0,-0.0,0.0,0.0,0.0,0.0,0.0,0.0,0.0,0.0,-0.0,-0.0,-0.014719224096000258,-0.0,0.0,-0.0,-0.0,-0.0,-0.0,0.0,0.0,-0.0,0.0,0.0,0.0,0.0,0.0,-0.0,-0.0,-0.0,0.0,-0.0,-0.0,0.01593772588887683,0.0,-0.0,-0.0,-0.0,-0.0,-0.0,0.0,0.034462239066095815,0.0700347078874375,0.0,0.0,0.0,0.0,0.0,0.0,0.0,0.0,0.0,-0.0,0.0,0.0,0.0,-0.0,0.0,0.220932217659685,2025-04-30,3,20
-0.0,-0.010851190844520645,-0.0,-0.0,0.0,0.01914866900291669,-0.0,-0.0,-0.0,-0.0,0.0,0.0,-0.0,-0.0,-0.014150611840775538,0.0,-0.0,-0.0,-0.0,0.0,-0.0,-0.0,-0.0,0.0,-0.0,-0.0,-0.03458842999580009,-0.11330707159361357,-0.03354042138615011,-0.0,-0.0,-0.0,-0.0,0.0,0.0,0.0,-0.0,-0.0,-0.0,0.0,0.05488740652584306,-0.0,-0.0,0.15807752780591977,-0.0,-0.0,-0.0,-0.0,0.0,0.0,0.0,-0.0,-0.0,-0.0,-0.009746389096761935,-0.0,-0.0,-0.0,-0.0,0.100875725606231,0.0,0.0,0.0,0.0,-0.0,-0.0,-0.0,-0.0,-0.0,-0.0,0.0,-0.004765114104738299,0.0,0.0,-0.0,-0.0,-0.0,0.0,0.0,0.0,-0.0,0.0,0.0,0.0,0.015187993836315257,-0.0,-0.0,0.02518304626632919,-0.0,-0.0,-0.0,-0.0,-0.0,0.0,-0.0,0.0,-0.0,0.0,0.0,0.0,-0.0,0.0,-0.0,0.0,0.0,-0.0,0.005189236832528772,0.0,-0.0,-0.0,-0.0,-0.0,0.0,0.0,0.0,0.0,0.019075501706134222,0.0,-0.0,0.0,0.0,0.0,0.0,0.0,0.0,0.0,0.0,-0.0,-0.0,-0.014719224096000258,-0.0,0.0,-0.0,-0.0,-0.0,-0.0,0.0,0.0,-0.0,0.0,0.0,0.0,0.0,0.0,-0.0,-0.0,-0.0,0.0,-0.0,-0.0,0.01593772588887683,0.0,-0.0,-0.0,-0.0,-0.0,-0.0,0.0,0.034462239066095815,0.0700347078874375,0.0,0.0,0.0,0.0,0.0,0.0,0.0,0.0,0.0,-0.0,0.0,0.0,0.0,-0.0,0.0,0.220932217659685,2025-05-01,3,20
-0.0,-0.010851190844520645,-0.0,-0.0,0.0,0.01914866900291669,-0.0,-0.0,-0.0,-0.0,0.0,0.0,-0.0,-0.0,-0.014150611840775538,0.0,-0.0,-0.0,-0.0,0.0,-0.0,-0.0,-0.0,0.0,-0.0,-0.0,-0.03458842999580009,-0.11330707159361357,-0.03354042138615011,-0.0,-0.0,-0.0,-0.0,0.0,0.0,0.0,-0.0,-0.0,-0.0,0.0,0.05488740652584306,-0.0,-0.0,0.15807752780591977,-0.0,-0.0,-0.0,-0.0,0.0,0.0,0.0,-0.0,-0.0,-0.0,-0.009746389096761935,-0.0,-0.0,-0.0,-0.0,0.100875725606231,0.0,0.0,0.0,0.0,-0.0,-0.0,-0.0,-0.0,-0.0,-0.0,0.0,-0.004765114104738299,0.0,0.0,-0.0,-0.0,-0.0,0.0,0.0,0.0,-0.0,0.0,0.0,0.0,0.015187993836315257,-0.0,-0.0,0.02518304626632919,-0.0,-0.0,-0.0,-0.0,-0.0,0.0,-0.0,0.0,-0.0,0.0,0.0,0.0,-0.0,0.0,-0.0,0.0,0.0,-0.0,0.005189236832528772,0.0,-0.0,-0.0,-0.0,-0.0,0.0,0.0,0.0,0.0,0.019075501706134222,0.0,-0.0,0.0,0.0,0.0,0.0,0.0,0.0,0.0,0.0,-0.0,-0.0,-0.014719224096000258,-0.0,0.0,-0.0,-0.0,-0.0,-0.0,0.0,0.0,-0.0,0.0,0.0,0.0,0.0,0.0,-0.0,-0.0,-0.0,0.0,-0.0,-0.0,0.01593772588887683,0.0,-0.0,-0.0,-0.0,-0.0,-0.0,0.0,0.034462239066095815,0.0700347078874375,0.0,0.0,0.0,0.0,0.0,0.0,0.0,0.0,0.0,-0.0,0.0,0.0,0.0,-0.0,0.0,0.220932217659685,2025-05-02,3,20
-0.0,-0.01142215477624133,-0.0,-0.0,0.0,0.020777127027417658,-0.0,-0.0,0.0,-0.0,0.0,0.0,-0.0,-0.0,-0.014669179544748287,0.0,-0.0,-0.0,-0.0,0.0,-0.0,-0.0,-0.0,0.0,-0.0,-0.0,-0.0372916347422603,-0.11258211753304107,-0.03353586707650757,-0.0,-0.0,-0.0,-0.0,0.0,0.0,0.0,-0.0,-0.0,-0.0,0.0,0.05663877186239743,-0.0,-0.0,0.16119080906336247,-0.0,-0.0,-0.0,-0.0,0.0,0.0,0.0,-0.0,-0.0,-0.0,-0.010850831846266819,-0.0,-0.0,-0.0,-0.0,0.08718157177632278,0.0,0.0,0.0,0.0,-0.0,-0.0,-0.0,-0.0,-0.0,-0.0,0.0,-0.00518185713836604,0.0,0.0,-0.0,-0.0,-0.0,0.0,0.0,0.0,-0.0,0.0,0.0,0.0,0.010371527066613203,-0.0,-0.0,0.029052232207077974,-0.0,-0.0,-0.0,-0.0,-0.0,0.0,-0.0,0.0,-0.0,0.0,-0.0,0.0,-0.0,-0.0,-0.0,0.0,0.0,-0.0,0.004361925285269878,0.0,-0.0,-0.0,-0.0,-0.0,0.0,0.0,0.0,0.0,0.02080660264204521,0.0,-0.0,0.0,0.0,0.0,0.0,0.0,0.0,0.0,0.0,-0.0,-0.0,-0.015563870587106086,0.0,0.0,-0.0,-0.0,-0.0,-0.0,-0.0,0.0,-0.0,0.0,0.0,0.0,0.0,0.0,-0.0,-0.0,-0.0,0.0,-0.0,-0.0,0.015334560013049931,0.0,-0.0,-0.0,-0.0,-0.0,-0.0,0.0,0.03516954402096684,0.06761377280749202,0.0,0.0,0.0,0.0,0.0,0.0,0.0,0.0,0.0,-0.0,0.0,0.0,0.0,-0.0,0.0,0.22644599737123086,2025-05-03,3,20
-0.0,-0.01142215477624133,-0.0,-0.0,0.0,0.020777127027417658,-0.0,-0.0,0.0,-0.0,0.0,0.0,-0.0,-0.0,-0.014669179544748287,0.0,-0.0,-0.0,-0.0,0.0,-0.0,-0.0,-0.0,0.0,-0.0,-0.0,-0.0372916347422603,-0.11258211753304107,-0.03353586707650757,-0.0,-0.0,-0.0,-0.0,0.0,0.0,0.0,-0.0,-0.0,-0.0,0.0,0.05663877186239743,-0.0,-0.0,0.16119080906336247,-0.0,-0.0,-0.0,-0.0,0.0,0.0,0.0,-0.0,-0.0,-0.0,-0.010850831846266819,-0.0,-0.0,-0.0,-0.0,0.08718157177632278,0.0,0.0,0.0,0.0,-0.0,-0.0,-0.0,-0.0,-0.0,-0.0,0.0,-0.00518185713836604,0.0,0.0,-0.0,-0.0,-0.0,0.0,0.0,0.0,-0.0,0.0,0.0,0.0,0.010371527066613203,-0.0,-0.0,0.029052232207077974,-0.0,-0.0,-0.0,-0.0,-0.0,0.0,-0.0,0.0,-0.0,0.0,-0.0,0.0,-0.0,-0.0,-0.0,0.0,0.0,-0.0,0.004361925285269878,0.0,-0.0,-0.0,-0.0,-0.0,0.0,0.0,0.0,0.0,0.02080660264204521,0.0,-0.0,0.0,0.0,0.0,0.0,0.0,0.0,0.0,0.0,-0.0,-0.0,-0.015563870587106086,0.0,0.0,-0.0,-0.0,-0.0,-0.0,-0.0,0.0,-0.0,0.0,0.0,0.0,0.0,0.0,-0.0,-0.0,-0.0,0.0,-0.0,-0.0,0.015334560013049931,0.0,-0.0,-0.0,-0.0,-0.0,-0.0,0.0,0.03516954402096684,0.06761377280749202,0.0,0.0,0.0,0.0,0.0,0.0,0.0,0.0,0.0,-0.0,0.0,0.0,0.0,-0.0,0.0,0.22644599737123086,2025-05-04,3,20
-0.0,-0.01142215477624133,-0.0,-0.0,0.0,0.020777127027417658,-0.0,-0.0,0.0,-0.0,0.0,0.0,-0.0,-0.0,-0.014669179544748287,0.0,-0.0,-0.0,-0.0,0.0,-0.0,-0.0,-0.0,0.0,-0.0,-0.0,-0.0372916347422603,-0.11258211753304107,-0.03353586707650757,-0.0,-0.0,-0.0,-0.0,0.0,0.0,0.0,-0.0,-0.0,-0.0,0.0,0.05663877186239743,-0.0,-0.0,0.16119080906336247,-0.0,-0.0,-0.0,-0.0,0.0,0.0,0.0,-0.0,-0.0,-0.0,-0.010850831846266819,-0.0,-0.0,-0.0,-0.0,0.08718157177632278,0.0,0.0,0.0,0.0,-0.0,-0.0,-0.0,-0.0,-0.0,-0.0,0.0,-0.00518185713836604,0.0,0.0,-0.0,-0.0,-0.0,0.0,0.0,0.0,-0.0,0.0,0.0,0.0,0.010371527066613203,-0.0,-0.0,0.029052232207077974,-0.0,-0.0,-0.0,-0.0,-0.0,0.0,-0.0,0.0,-0.0,0.0,-0.0,0.0,-0.0,-0.0,-0.0,0.0,0.0,-0.0,0.004361925285269878,0.0,-0.0,-0.0,-0.0,-0.0,0.0,0.0,0.0,0.0,0.02080660264204521,0.0,-0.0,0.0,0.0,0.0,0.0,0.0,0.0,0.0,0.0,-0.0,-0.0,-0.015563870587106086,0.0,0.0,-0.0,-0.0,-0.0,-0.0,-0.0,0.0,-0.0,0.0,0.0,0.0,0.0,0.0,-0.0,-0.0,-0.0,0.0,-0.0,-0.0,0.015334560013049931,0.0,-0.0,-0.0,-0.0,-0.0,-0.0,0.0,0.03516954402096684,0.06761377280749202,0.0,0.0,0.0,0.0,0.0,0.0,0.0,0.0,0.0,-0.0,0.0,0.0,0.0,-0.0,0.0,0.22644599737123086,2025-05-05,3,20
-0.0,-0.01142215477624133,-0.0,-0.0,0.0,0.020777127027417658,-0.0,-0.0,0.0,-0.0,0.0,0.0,-0.0,-0.0,-0.014669179544748287,0.0,-0.0,-0.0,-0.0,0.0,-0.0,-0.0,-0.0,0.0,-0.0,-0.0,-0.0372916347422603,-0.11258211753304107,-0.03353586707650757,-0.0,-0.0,-0.0,-0.0,0.0,0.0,0.0,-0.0,-0.0,-0.0,0.0,0.05663877186239743,-0.0,-0.0,0.16119080906336247,-0.0,-0.0,-0.0,-0.0,0.0,0.0,0.0,-0.0,-0.0,-0.0,-0.010850831846266819,-0.0,-0.0,-0.0,-0.0,0.08718157177632278,0.0,0.0,0.0,0.0,-0.0,-0.0,-0.0,-0.0,-0.0,-0.0,0.0,-0.00518185713836604,0.0,0.0,-0.0,-0.0,-0.0,0.0,0.0,0.0,-0.0,0.0,0.0,0.0,0.010371527066613203,-0.0,-0.0,0.029052232207077974,-0.0,-0.0,-0.0,-0.0,-0.0,0.0,-0.0,0.0,-0.0,0.0,-0.0,0.0,-0.0,-0.0,-0.0,0.0,0.0,-0.0,0.004361925285269878,0.0,-0.0,-0.0,-0.0,-0.0,0.0,0.0,0.0,0.0,0.02080660264204521,0.0,-0.0,0.0,0.0,0.0,0.0,0.0,0.0,0.0,0.0,-0.0,-0.0,-0.015563870587106086,0.0,0.0,-0.0,-0.0,-0.0,-0.0,-0.0,0.0,-0.0,0.0,0.0,0.0,0.0,0.0,-0.0,-0.0,-0.0,0.0,-0.0,-0.0,0.015334560013049931,0.0,-0.0,-0.0,-0.0,-0.0,-0.0,0.0,0.03516954402096684,0.06761377280749202,0.0,0.0,0.0,0.0,0.0,0.0,0.0,0.0,0.0,-0.0,0.0,0.0,0.0,-0.0,0.0,0.22644599737123086,2025-05-06,3,20
-0.0,-0.01142215477624133,-0.0,-0.0,0.0,0.020777127027417658,-0.0,-0.0,0.0,-0.0,0.0,0.0,-0.0,-0.0,-0.014669179544748287,0.0,-0.0,-0.0,-0.0,0.0,-0.0,-0.0,-0.0,0.0,-0.0,-0.0,-0.0372916347422603,-0.11258211753304107,-0.03353586707650757,-0.0,-0.0,-0.0,-0.0,0.0,0.0,0.0,-0.0,-0.0,-0.0,0.0,0.05663877186239743,-0.0,-0.0,0.16119080906336247,-0.0,-0.0,-0.0,-0.0,0.0,0.0,0.0,-0.0,-0.0,-0.0,-0.010850831846266819,-0.0,-0.0,-0.0,-0.0,0.08718157177632278,0.0,0.0,0.0,0.0,-0.0,-0.0,-0.0,-0.0,-0.0,-0.0,0.0,-0.00518185713836604,0.0,0.0,-0.0,-0.0,-0.0,0.0,0.0,0.0,-0.0,0.0,0.0,0.0,0.010371527066613203,-0.0,-0.0,0.029052232207077974,-0.0,-0.0,-0.0,-0.0,-0.0,0.0,-0.0,0.0,-0.0,0.0,-0.0,0.0,-0.0,-0.0,-0.0,0.0,0.0,-0.0,0.004361925285269878,0.0,-0.0,-0.0,-0.0,-0.0,0.0,0.0,0.0,0.0,0.02080660264204521,0.0,-0.0,0.0,0.0,0.0,0.0,0.0,0.0,0.0,0.0,-0.0,-0.0,-0.015563870587106086,0.0,0.0,-0.0,-0.0,-0.0,-0.0,-0.0,0.0,-0.0,0.0,0.0,0.0,0.0,0.0,-0.0,-0.0,-0.0,0.0,-0.0,-0.0,0.015334560013049931,0.0,-0.0,-0.0,-0.0,-0.0,-0.0,0.0,0.03516954402096684,0.06761377280749202,0.0,0.0,0.0,0.0,0.0,0.0,0.0,0.0,0.0,-0.0,0.0,0.0,0.0,-0.0,0.0,0.22644599737123086,2025-05-07,3,20
-0.0,-0.01142215477624133,-0.0,-0.0,0.0,0.020777127027417658,-0.0,-0.0,0.0,-0.0,0.0,0.0,-0.0,-0.0,-0.014669179544748287,0.0,-0.0,-0.0,-0.0,0.0,-0.0,-0.0,-0.0,0.0,-0.0,-0.0,-0.0372916347422603,-0.11258211753304107,-0.03353586707650757,-0.0,-0.0,-0.0,-0.0,0.0,0.0,0.0,-0.0,-0.0,-0.0,0.0,0.05663877186239743,-0.0,-0.0,0.16119080906336247,-0.0,-0.0,-0.0,-0.0,0.0,0.0,0.0,-0.0,-0.0,-0.0,-0.010850831846266819,-0.0,-0.0,-0.0,-0.0,0.08718157177632278,0.0,0.0,0.0,0.0,-0.0,-0.0,-0.0,-0.0,-0.0,-0.0,0.0,-0.00518185713836604,0.0,0.0,-0.0,-0.0,-0.0,0.0,0.0,0.0,-0.0,0.0,0.0,0.0,0.010371527066613203,-0.0,-0.0,0.029052232207077974,-0.0,-0.0,-0.0,-0.0,-0.0,0.0,-0.0,0.0,-0.0,0.0,-0.0,0.0,-0.0,-0.0,-0.0,0.0,0.0,-0.0,0.004361925285269878,0.0,-0.0,-0.0,-0.0,-0.0,0.0,0.0,0.0,0.0,0.02080660264204521,0.0,-0.0,0.0,0.0,0.0,0.0,0.0,0.0,0.0,0.0,-0.0,-0.0,-0.015563870587106086,0.0,0.0,-0.0,-0.0,-0.0,-0.0,-0.0,0.0,-0.0,0.0,0.0,0.0,0.0,0.0,-0.0,-0.0,-0.0,0.0,-0.0,-0.0,0.015334560013049931,0.0,-0.0,-0.0,-0.0,-0.0,-0.0,0.0,0.03516954402096684,0.06761377280749202,0.0,0.0,0.0,0.0,0.0,0.0,0.0,0.0,0.0,-0.0,0.0,0.0,0.0,-0.0,0.0,0.22644599737123086,2025-05-08,3,20
-0.0,-0.01142215477624133,-0.0,-0.0,0.0,0.020777127027417658,-0.0,-0.0,0.0,-0.0,0.0,0.0,-0.0,-0.0,-0.014669179544748287,0.0,-0.0,-0.0,-0.0,0.0,-0.0,-0.0,-0.0,0.0,-0.0,-0.0,-0.0372916347422603,-0.11258211753304107,-0.03353586707650757,-0.0,-0.0,-0.0,-0.0,0.0,0.0,0.0,-0.0,-0.0,-0.0,0.0,0.05663877186239743,-0.0,-0.0,0.16119080906336247,-0.0,-0.0,-0.0,-0.0,0.0,0.0,0.0,-0.0,-0.0,-0.0,-0.010850831846266819,-0.0,-0.0,-0.0,-0.0,0.08718157177632278,0.0,0.0,0.0,0.0,-0.0,-0.0,-0.0,-0.0,-0.0,-0.0,0.0,-0.00518185713836604,0.0,0.0,-0.0,-0.0,-0.0,0.0,0.0,0.0,-0.0,0.0,0.0,0.0,0.010371527066613203,-0.0,-0.0,0.029052232207077974,-0.0,-0.0,-0.0,-0.0,-0.0,0.0,-0.0,0.0,-0.0,0.0,-0.0,0.0,-0.0,-0.0,-0.0,0.0,0.0,-0.0,0.004361925285269878,0.0,-0.0,-0.0,-0.0,-0.0,0.0,0.0,0.0,0.0,0.02080660264204521,0.0,-0.0,0.0,0.0,0.0,0.0,0.0,0.0,0.0,0.0,-0.0,-0.0,-0.015563870587106086,0.0,0.0,-0.0,-0.0,-0.0,-0.0,-0.0,0.0,-0.0,0.0,0.0,0.0,0.0,0.0,-0.0,-0.0,-0.0,0.0,-0.0,-0.0,0.015334560013049931,0.0,-0.0,-0.0,-0.0,-0.0,-0.0,0.0,0.03516954402096684,0.06761377280749202,0.0,0.0,0.0,0.0,0.0,0.0,0.0,0.0,0.0,-0.0,0.0,0.0,0.0,-0.0,0.0,0.22644599737123086,2025-05-09,3,20
-0.0,-0.003945083689189607,-0.0,-0.0,0.0,0.023795935897826904,-0.0,-0.0,0.0,-0.0,0.0,0.0,-0.0,-0.0,-0.0043885853726787286,0.0,-0.0,-0.0,-0.0,0.0,-0.0,-0.0,-0.0,0.0,-0.0,-0.0,-0.03636567809758709,-0.11642612772013185,-0.032659300481551606,-0.0,-0.0,-0.0,-0.0,0.0,0.0,0.0,-0.0,-0.0,-0.0,0.0,0.04802279212437203,-0.0,-0.0,0.15711924988805784,-0.0,-0.0,-0.0,-0.0,0.0,0.0,0.0,-0.0,-0.0,-0.0,-0.006035128507259627,-0.0,-0.0,-0.0,-0.0,0.05029777167675023,0.0,0.0,0.0,0.0,-0.0,-0.0,-0.0,-0.0,0.0,-0.0,0.0,-0.0053246554878480365,0.0,0.0,-0.0,-0.0,-0.0,0.0,0.0,0.0,-0.0,0.0,0.0,0.0,0.013721820337544073,-0.0,-0.0,0.03202443221823928,-0.0,-0.0,-0.0,-0.0,-0.0,0.0,-0.0,0.0,-0.0,0.0,0.0,0.0,-0.0,0.0,-0.0,0.0,0.0,-0.0,0.0,0.0,-0.0,-0.0,-0.0,-0.0,0.0,-0.0,0.0,0.0,0.013621961970283064,0.0,-0.0,0.0,0.0,0.0,0.0,0.0,0.0,0.0,0.0,-0.0,-0.0,-0.003963439826201439,0.0,0.0,-0.0,-0.0,-0.0,-0.0,0.0,0.0,-0.0,0.0,0.0,0.0,0.0,0.0,-0.0,0.0,-0.0,0.019424682159203118,-0.0,-0.0,0.0,0.0,-0.0,-0.0,-0.0,-0.0,-0.0,0.0,0.04036643094245384,0.06524380641035771,0.0,0.0,-0.0,0.0,0.0,0.0,0.0,0.0,0.0,-0.0,0.0,0.0,0.0,-0.0,0.0,0.22973437827399246,2025-05-10,3,19
-0.0,-0.003945083689189607,-0.0,-0.0,0.0,0.023795935897826904,-0.0,-0.0,0.0,-0.0,0.0,0.0,-0.0,-0.0,-0.0043885853726787286,0.0,-0.0,-0.0,-0.0,0.0,-0.0,-0.0,-0.0,0.0,-0.0,-0.0,-0.03636567809758709,-0.11642612772013185,-0.032659300481551606,-0.0,-0.0,-0.0,-0.0,0.0,0.0,0.0,-0.0,-0.0,-0.0,0.0,0.04802279212437203,-0.0,-0.0,0.15711924988805784,-0.0,-0.0,-0.0,-0.0,0.0,0.0,0.0,-0.0,-0.0,-0.0,-0.006035128507259627,-0.0,-0.0,-0.0,-0.0,0.05029777167675023,0.0,0.0,0.0,0.0,-0.0,-0.0,-0.0,-0.0,0.0,-0.0,0.0,-0.0053246554878480365,0.0,0.0,-0.0,-0.0,-0.0,0.0,0.0,0.0,-0.0,0.0,0.0,0.0,0.013721820337544073,-0.0,-0.0,0.03202443221823928,-0.0,-0.0,-0.0,-0.0,-0.0,0.0,-0.0,0.0,-0.0,0.0,0.0,0.0,-0.0,0.0,-0.0,0.0,0.0,-0.0,0.0,0.0,-0.0,-0.0,-0.0,-0.0,0.0,-0.0,0.0,0.0,0.013621961970283064,0.0,-0.0,0.0,0.0,0.0,0.0,0.0,0.0,0.0,0.0,-0.0,-0.0,-0.003963439826201439,0.0,0.0,-0.0,-0.0,-0.0,-0.0,0.0,0.0,-0.0,0.0,0.0,0.0,0.0,0.0,-0.0,0.0,-0.0,0.019424682159203118,-0.0,-0.0,0.0,0.0,-0.0,-0.0,-0.0,-0.0,-0.0,0.0,0.04036643094245384,0.06524380641035771,0.0,0.0,-0.0,0.0,0.0,0.0,0.0,0.0,0.0,-0.0,0.0,0.0,0.0,-0.0,0.0,0.22973437827399246,2025-05-11,3,19
-0.0,-0.003945083689189607,-0.0,-0.0,0.0,0.023795935897826904,-0.0,-0.0,0.0,-0.0,0.0,0.0,-0.0,-0.0,-0.0043885853726787286,0.0,-0.0,-0.0,-0.0,0.0,-0.0,-0.0,-0.0,0.0,-0.0,-0.0,-0.03636567809758709,-0.11642612772013185,-0.032659300481551606,-0.0,-0.0,-0.0,-0.0,0.0,0.0,0.0,-0.0,-0.0,-0.0,0.0,0.04802279212437203,-0.0,-0.0,0.15711924988805784,-0.0,-0.0,-0.0,-0.0,0.0,0.0,0.0,-0.0,-0.0,-0.0,-0.006035128507259627,-0.0,-0.0,-0.0,-0.0,0.05029777167675023,0.0,0.0,0.0,0.0,-0.0,-0.0,-0.0,-0.0,0.0,-0.0,0.0,-0.0053246554878480365,0.0,0.0,-0.0,-0.0,-0.0,0.0,0.0,0.0,-0.0,0.0,0.0,0.0,0.013721820337544073,-0.0,-0.0,0.03202443221823928,-0.0,-0.0,-0.0,-0.0,-0.0,0.0,-0.0,0.0,-0.0,0.0,0.0,0.0,-0.0,0.0,-0.0,0.0,0.0,-0.0,0.0,0.0,-0.0,-0.0,-0.0,-0.0,0.0,-0.0,0.0,0.0,0.013621961970283064,0.0,-0.0,0.0,0.0,0.0,0.0,0.0,0.0,0.0,0.0,-0.0,-0.0,-0.003963439826201439,0.0,0.0,-0.0,-0.0,-0.0,-0.0,0.0,0.0,-0.0,0.0,0.0,0.0,0.0,0.0,-0.0,0.0,-0.0,0.019424682159203118,-0.0,-0.0,0.0,0.0,-0.0,-0.0,-0.0,-0.0,-0.0,0.0,0.04036643094245384,0.06524380641035771,0.0,0.0,-0.0,0.0,0.0,0.0,0.0,0.0,0.0,-0.0,0.0,0.0,0.0,-0.0,0.0,0.22973437827399246,2025-05-12,3,19
-0.0,-0.003945083689189607,-0.0,-0.0,0.0,0.023795935897826904,-0.0,-0.0,0.0,-0.0,0.0,0.0,-0.0,-0.0,-0.0043885853726787286,0.0,-0.0,-0.0,-0.0,0.0,-0.0,-0.0,-0.0,0.0,-0.0,-0.0,-0.03636567809758709,-0.11642612772013185,-0.032659300481551606,-0.0,-0.0,-0.0,-0.0,0.0,0.0,0.0,-0.0,-0.0,-0.0,0.0,0.04802279212437203,-0.0,-0.0,0.15711924988805784,-0.0,-0.0,-0.0,-0.0,0.0,0.0,0.0,-0.0,-0.0,-0.0,-0.006035128507259627,-0.0,-0.0,-0.0,-0.0,0.05029777167675023,0.0,0.0,0.0,0.0,-0.0,-0.0,-0.0,-0.0,0.0,-0.0,0.0,-0.0053246554878480365,0.0,0.0,-0.0,-0.0,-0.0,0.0,0.0,0.0,-0.0,0.0,0.0,0.0,0.013721820337544073,-0.0,-0.0,0.03202443221823928,-0.0,-0.0,-0.0,-0.0,-0.0,0.0,-0.0,0.0,-0.0,0.0,0.0,0.0,-0.0,0.0,-0.0,0.0,0.0,-0.0,0.0,0.0,-0.0,-0.0,-0.0,-0.0,0.0,-0.0,0.0,0.0,0.013621961970283064,0.0,-0.0,0.0,0.0,0.0,0.0,0.0,0.0,0.0,0.0,-0.0,-0.0,-0.003963439826201439,0.0,0.0,-0.0,-0.0,-0.0,-0.0,0.0,0.0,-0.0,0.0,0.0,0.0,0.0,0.0,-0.0,0.0,-0.0,0.019424682159203118,-0.0,-0.0,0.0,0.0,-0.0,-0.0,-0.0,-0.0,-0.0,0.0,0.04036643094245384,0.06524380641035771,0.0,0.0,-0.0,0.0,0.0,0.0,0.0,0.0,0.0,-0.0,0.0,0.0,0.0,-0.0,0.0,0.22973437827399246,2025-05-13,3,19
-0.0,-0.003945083689189607,-0.0,-0.0,0.0,0.023795935897826904,-0.0,-0.0,0.0,-0.0,0.0,0.0,-0.0,-0.0,-0.0043885853726787286,0.0,-0.0,-0.0,-0.0,0.0,-0.0,-0.0,-0.0,0.0,-0.0,-0.0,-0.03636567809758709,-0.11642612772013185,-0.032659300481551606,-0.0,-0.0,-0.0,-0.0,0.0,0.0,0.0,-0.0,-0.0,-0.0,0.0,0.04802279212437203,-0.0,-0.0,0.15711924988805784,-0.0,-0.0,-0.0,-0.0,0.0,0.0,0.0,-0.0,-0.0,-0.0,-0.006035128507259627,-0.0,-0.0,-0.0,-0.0,0.05029777167675023,0.0,0.0,0.0,0.0,-0.0,-0.0,-0.0,-0.0,0.0,-0.0,0.0,-0.0053246554878480365,0.0,0.0,-0.0,-0.0,-0.0,0.0,0.0,0.0,-0.0,0.0,0.0,0.0,0.013721820337544073,-0.0,-0.0,0.03202443221823928,-0.0,-0.0,-0.0,-0.0,-0.0,0.0,-0.0,0.0,-0.0,0.0,0.0,0.0,-0.0,0.0,-0.0,0.0,0.0,-0.0,0.0,0.0,-0.0,-0.0,-0.0,-0.0,0.0,-0.0,0.0,0.0,0.013621961970283064,0.0,-0.0,0.0,0.0,0.0,0.0,0.0,0.0,0.0,0.0,-0.0,-0.0,-0.003963439826201439,0.0,0.0,-0.0,-0.0,-0.0,-0.0,0.0,0.0,-0.0,0.0,0.0,0.0,0.0,0.0,-0.0,0.0,-0.0,0.019424682159203118,-0.0,-0.0,0.0,0.0,-0.0,-0.0,-0.0,-0.0,-0.0,0.0,0.04036643094245384,0.06524380641035771,0.0,0.0,-0.0,0.0,0.0,0.0,0.0,0.0,0.0,-0.0,0.0,0.0,0.0,-0.0,0.0,0.22973437827399246,2025-05-14,3,19
-0.0,-0.003945083689189607,-0.0,-0.0,0.0,0.023795935897826904,-0.0,-0.0,0.0,-0.0,0.0,0.0,-0.0,-0.0,-0.0043885853726787286,0.0,-0.0,-0.0,-0.0,0.0,-0.0,-0.0,-0.0,0.0,-0.0,-0.0,-0.03636567809758709,-0.11642612772013185,-0.032659300481551606,-0.0,-0.0,-0.0,-0.0,0.0,0.0,0.0,-0.0,-0.0,-0.0,0.0,0.04802279212437203,-0.0,-0.0,0.15711924988805784,-0.0,-0.0,-0.0,-0.0,0.0,0.0,0.0,-0.0,-0.0,-0.0,-0.006035128507259627,-0.0,-0.0,-0.0,-0.0,0.05029777167675023,0.0,0.0,0.0,0.0,-0.0,-0.0,-0.0,-0.0,0.0,-0.0,0.0,-0.0053246554878480365,0.0,0.0,-0.0,-0.0,-0.0,0.0,0.0,0.0,-0.0,0.0,0.0,0.0,0.013721820337544073,-0.0,-0.0,0.03202443221823928,-0.0,-0.0,-0.0,-0.0,-0.0,0.0,-0.0,0.0,-0.0,0.0,0.0,0.0,-0.0,0.0,-0.0,0.0,0.0,-0.0,0.0,0.0,-0.0,-0.0,-0.0,-0.0,0.0,-0.0,0.0,0.0,0.013621961970283064,0.0,-0.0,0.0,0.0,0.0,0.0,0.0,0.0,0.0,0.0,-0.0,-0.0,-0.003963439826201439,0.0,0.0,-0.0,-0.0,-0.0,-0.0,0.0,0.0,-0.0,0.0,0.0,0.0,0.0,0.0,-0.0,0.0,-0.0,0.019424682159203118,-0.0,-0.0,0.0,0.0,-0.0,-0.0,-0.0,-0.0,-0.0,0.0,0.04036643094245384,0.06524380641035771,0.0,0.0,-0.0,0.0,0.0,0.0,0.0,0.0,0.0,-0.0,0.0,0.0,0.0,-0.0,0.0,0.22973437827399246,2025-05-15,3,19
-0.0,-0.003945083689189607,-0.0,-0.0,0.0,0.023795935897826904,-0.0,-0.0,0.0,-0.0,0.0,0.0,-0.0,-0.0,-0.0043885853726787286,0.0,-0.0,-0.0,-0.0,0.0,-0.0,-0.0,-0.0,0.0,-0.0,-0.0,-0.03636567809758709,-0.11642612772013185,-0.032659300481551606,-0.0,-0.0,-0.0,-0.0,0.0,0.0,0.0,-0.0,-0.0,-0.0,0.0,0.04802279212437203,-0.0,-0.0,0.15711924988805784,-0.0,-0.0,-0.0,-0.0,0.0,0.0,0.0,-0.0,-0.0,-0.0,-0.006035128507259627,-0.0,-0.0,-0.0,-0.0,0.05029777167675023,0.0,0.0,0.0,0.0,-0.0,-0.0,-0.0,-0.0,0.0,-0.0,0.0,-0.0053246554878480365,0.0,0.0,-0.0,-0.0,-0.0,0.0,0.0,0.0,-0.0,0.0,0.0,0.0,0.013721820337544073,-0.0,-0.0,0.03202443221823928,-0.0,-0.0,-0.0,-0.0,-0.0,0.0,-0.0,0.0,-0.0,0.0,0.0,0.0,-0.0,0.0,-0.0,0.0,0.0,-0.0,0.0,0.0,-0.0,-0.0,-0.0,-0.0,0.0,-0.0,0.0,0.0,0.013621961970283064,0.0,-0.0,0.0,0.0,0.0,0.0,0.0,0.0,0.0,0.0,-0.0,-0.0,-0.003963439826201439,0.0,0.0,-0.0,-0.0,-0.0,-0.0,0.0,0.0,-0.0,0.0,0.0,0.0,0.0,0.0,-0.0,0.0,-0.0,0.019424682159203118,-0.0,-0.0,0.0,0.0,-0.0,-0.0,-0.0,-0.0,-0.0,0.0,0.04036643094245384,0.06524380641035771,0.0,0.0,-0.0,0.0,0.0,0.0,0.0,0.0,0.0,-0.0,0.0,0.0,0.0,-0.0,0.0,0.22973437827399246,2025-05-16,3,19
-0.0,-0.0041008846929952185,-0.0,-0.0,0.0,0.02281254856344841,-0.0,-0.0,0.0,-0.0,0.0,0.0,-0.0,0.0,-0.007428260075493355,0.0,-0.0,-0.0,-0.0,0.0,-0.0,-0.0,-0.0,0.0,-0.0,-0.0,-0.03526058086557172,-0.11905008360157067,-0.032160362877205896,-0.0,-0.0,-0.0,-0.0,0.0,0.0,0.0,-0.0,-0.0,-0.0,0.0,0.049902350103466706,-0.0,-0.0,0.15592164826257268,-0.0,-0.0,-0.0,-0.0,0.0,0.0,0.0,-0.0,-0.0,-0.0,-0.006001555929322934,-0.0,-0.0,-0.0,-0.0,0.050669940880331145,0.0,0.0,0.0,0.0,-0.0,-0.0,-0.0,-0.0,0.0,-0.0,0.0,-0.005086550394952147,0.0,0.0,-0.0,-0.0,-0.0,0.0,0.0,0.0,-0.0,0.0,0.0,0.0,0.020051191656004778,-0.0,-0.0,0.029198417341800887,-0.0,-0.0,-0.0,-0.0,-0.0,0.0,-0.0,0.0,-0.0,0.0,0.0,0.0,-0.0,0.0,-0.0,0.0,0.0,-0.0,0.0,0.0,-0.0,-0.0,-0.0,-0.0,0.0,0.0,0.0,0.0,0.012610434264521053,0.0,-0.0,0.0,0.0,0.0,0.0,0.0,0.0,0.0,0.0,-0.0,-0.0,-0.004602244775915764,-0.0,0.0,-0.0,-0.0,-0.0004626817309302138,-0.0,0.0,0.0,-0.0,0.0,0.0,0.0,0.0,0.0,-0.0,0.0,-0.0,0.012668106215678591,-0.0,-0.0,0.0,0.0012990564564698904,-0.0,-0.0,-0.0,-0.0,-0.0,0.0,0.03725440144878893,0.06688946747595391,0.0,0.0,-0.0,0.0,0.0,0.0,0.0,0.0,0.0,-0.0,0.0,0.0,0.0,-0.0,0.0,0.22906097001253928,2025-05-17,3,21
-0.0,-0.0041008846929952185,-0.0,-0.0,0.0,0.02281254856344841,-0.0,-0.0,0.0,-0.0,0.0,0.0,-0.0,0.0,-0.007428260075493355,0.0,-0.0,-0.0,-0.0,0.0,-0.0,-0.0,-0.0,0.0,-0.0,-0.0,-0.03526058086557172,-0.11905008360157067,-0.032160362877205896,-0.0,-0.0,-0.0,-0.0,0.0,0.0,0.0,-0.0,-0.0,-0.0,0.0,0.049902350103466706,-0.0,-0.0,0.15592164826257268,-0.0,-0.0,-0.0,-0.0,0.0,0.0,0.0,-0.0,-0.0,-0.0,-0.006001555929322934,-0.0,-0.0,-0.0,-0.0,0.050669940880331145,0.0,0.0,0.0,0.0,-0.0,-0.0,-0.0,-0.0,0.0,-0.0,0.0,-0.005086550394952147,0.0,0.0,-0.0,-0.0,-0.0,0.0,0.0,0.0,-0.0,0.0,0.0,0.0,0.020051191656004778,-0.0,-0.0,0.029198417341800887,-0.0,-0.0,-0.0,-0.0,-0.0,0.0,-0.0,0.0,-0.0,0.0,0.0,0.0,-0.0,0.0,-0.0,0.0,0.0,-0.0,0.0,0.0,-0.0,-0.0,-0.0,-0.0,0.0,0.0,0.0,0.0,0.012610434264521053,0.0,-0.0,0.0,0.0,0.0,0.0,0.0,0.0,0.0,0.0,-0.0,-0.0,-0.004602244775915764,-0.0,0.0,-0.0,-0.0,-0.0004626817309302138,-0.0,0.0,0.0,-0.0,0.0,0.0,0.0,0.0,0.0,-0.0,0.0,-0.0,0.012668106215678591,-0.0,-0.0,0.0,0.0012990564564698904,-0.0,-0.0,-0.0,-0.0,-0.0,0.0,0.03725440144878893,0.06688946747595391,0.0,0.0,-0.0,0.0,0.0,0.0,0.0,0.0,0.0,-0.0,0.0,0.0,0.0,-0.0,0.0,0.22906097001253928,2025-05-18,3,21
-0.0,-0.0041008846929952185,-0.0,-0.0,0.0,0.02281254856344841,-0.0,-0.0,0.0,-0.0,0.0,0.0,-0.0,0.0,-0.007428260075493355,0.0,-0.0,-0.0,-0.0,0.0,-0.0,-0.0,-0.0,0.0,-0.0,-0.0,-0.03526058086557172,-0.11905008360157067,-0.032160362877205896,-0.0,-0.0,-0.0,-0.0,0.0,0.0,0.0,-0.0,-0.0,-0.0,0.0,0.049902350103466706,-0.0,-0.0,0.15592164826257268,-0.0,-0.0,-0.0,-0.0,0.0,0.0,0.0,-0.0,-0.0,-0.0,-0.006001555929322934,-0.0,-0.0,-0.0,-0.0,0.050669940880331145,0.0,0.0,0.0,0.0,-0.0,-0.0,-0.0,-0.0,0.0,-0.0,0.0,-0.005086550394952147,0.0,0.0,-0.0,-0.0,-0.0,0.0,0.0,0.0,-0.0,0.0,0.0,0.0,0.020051191656004778,-0.0,-0.0,0.029198417341800887,-0.0,-0.0,-0.0,-0.0,-0.0,0.0,-0.0,0.0,-0.0,0.0,0.0,0.0,-0.0,0.0,-0.0,0.0,0.0,-0.0,0.0,0.0,-0.0,-0.0,-0.0,-0.0,0.0,0.0,0.0,0.0,0.012610434264521053,0.0,-0.0,0.0,0.0,0.0,0.0,0.0,0.0,0.0,0.0,-0.0,-0.0,-0.004602244775915764,-0.0,0.0,-0.0,-0.0,-0.0004626817309302138,-0.0,0.0,0.0,-0.0,0.0,0.0,0.0,0.0,0.0,-0.0,0.0,-0.0,0.012668106215678591,-0.0,-0.0,0.0,0.0012990564564698904,-0.0,-0.0,-0.0,-0.0,-0.0,0.0,0.03725440144878893,0.06688946747595391,0.0,0.0,-0.0,0.0,0.0,0.0,0.0,0.0,0.0,-0.0,0.0,0.0,0.0,-0.0,0.0,0.22906097001253928,2025-05-19,3,21
-0.0,-0.0041008846929952185,-0.0,-0.0,0.0,0.02281254856344841,-0.0,-0.0,0.0,-0.0,0.0,0.0,-0.0,0.0,-0.007428260075493355,0.0,-0.0,-0.0,-0.0,0.0,-0.0,-0.0,-0.0,0.0,-0.0,-0.0,-0.03526058086557172,-0.11905008360157067,-0.032160362877205896,-0.0,-0.0,-0.0,-0.0,0.0,0.0,0.0,-0.0,-0.0,-0.0,0.0,0.049902350103466706,-0.0,-0.0,0.15592164826257268,-0.0,-0.0,-0.0,-0.0,0.0,0.0,0.0,-0.0,-0.0,-0.0,-0.006001555929322934,-0.0,-0.0,-0.0,-0.0,0.050669940880331145,0.0,0.0,0.0,0.0,-0.0,-0.0,-0.0,-0.0,0.0,-0.0,0.0,-0.005086550394952147,0.0,0.0,-0.0,-0.0,-0.0,0.0,0.0,0.0,-0.0,0.0,0.0,0.0,0.020051191656004778,-0.0,-0.0,0.029198417341800887,-0.0,-0.0,-0.0,-0.0,-0.0,0.0,-0.0,0.0,-0.0,0.0,0.0,0.0,-0.0,0.0,-0.0,0.0,0.0,-0.0,0.0,0.0,-0.0,-0.0,-0.0,-0.0,0.0,0.0,0.0,0.0,0.012610434264521053,0.0,-0.0,0.0,0.0,0.0,0.0,0.0,0.0,0.0,0.0,-0.0,-0.0,-0.004602244775915764,-0.0,0.0,-0.0,-0.0,-0.0004626817309302138,-0.0,0.0,0.0,-0.0,0.0,0.0,0.0,0.0,0.0,-0.0,0.0,-0.0,0.012668106215678591,-0.0,-0.0,0.0,0.0012990564564698904,-0.0,-0.0,-0.0,-0.0,-0.0,0.0,0.03725440144878893,0.06688946747595391,0.0,0.0,-0.0,0.0,0.0,0.0,0.0,0.0,0.0,-0.0,0.0,0.0,0.0,-0.0,0.0,0.22906097001253928,2025-05-20,3,21
-0.0,-0.0041008846929952185,-0.0,-0.0,0.0,0.02281254856344841,-0.0,-0.0,0.0,-0.0,0.0,0.0,-0.0,0.0,-0.007428260075493355,0.0,-0.0,-0.0,-0.0,0.0,-0.0,-0.0,-0.0,0.0,-0.0,-0.0,-0.03526058086557172,-0.11905008360157067,-0.032160362877205896,-0.0,-0.0,-0.0,-0.0,0.0,0.0,0.0,-0.0,-0.0,-0.0,0.0,0.049902350103466706,-0.0,-0.0,0.15592164826257268,-0.0,-0.0,-0.0,-0.0,0.0,0.0,0.0,-0.0,-0.0,-0.0,-0.006001555929322934,-0.0,-0.0,-0.0,-0.0,0.050669940880331145,0.0,0.0,0.0,0.0,-0.0,-0.0,-0.0,-0.0,0.0,-0.0,0.0,-0.005086550394952147,0.0,0.0,-0.0,-0.0,-0.0,0.0,0.0,0.0,-0.0,0.0,0.0,0.0,0.020051191656004778,-0.0,-0.0,0.029198417341800887,-0.0,-0.0,-0.0,-0.0,-0.0,0.0,-0.0,0.0,-0.0,0.0,0.0,0.0,-0.0,0.0,-0.0,0.0,0.0,-0.0,0.0,0.0,-0.0,-0.0,-0.0,-0.0,0.0,0.0,0.0,0.0,0.012610434264521053,0.0,-0.0,0.0,0.0,0.0,0.0,0.0,0.0,0.0,0.0,-0.0,-0.0,-0.004602244775915764,-0.0,0.0,-0.0,-0.0,-0.0004626817309302138,-0.0,0.0,0.0,-0.0,0.0,0.0,0.0,0.0,0.0,-0.0,0.0,-0.0,0.012668106215678591,-0.0,-0.0,0.0,0.0012990564564698904,-0.0,-0.0,-0.0,-0.0,-0.0,0.0,0.03725440144878893,0.06688946747595391,0.0,0.0,-0.0,0.0,0.0,0.0,0.0,0.0,0.0,-0.0,0.0,0.0,0.0,-0.0,0.0,0.22906097001253928,2025-05-21,3,21
-0.0,-0.0041008846929952185,-0.0,-0.0,0.0,0.02281254856344841,-0.0,-0.0,0.0,-0.0,0.0,0.0,-0.0,0.0,-0.007428260075493355,0.0,-0.0,-0.0,-0.0,0.0,-0.0,-0.0,-0.0,0.0,-0.0,-0.0,-0.03526058086557172,-0.11905008360157067,-0.032160362877205896,-0.0,-0.0,-0.0,-0.0,0.0,0.0,0.0,-0.0,-0.0,-0.0,0.0,0.049902350103466706,-0.0,-0.0,0.15592164826257268,-0.0,-0.0,-0.0,-0.0,0.0,0.0,0.0,-0.0,-0.0,-0.0,-0.006001555929322934,-0.0,-0.0,-0.0,-0.0,0.050669940880331145,0.0,0.0,0.0,0.0,-0.0,-0.0,-0.0,-0.0,0.0,-0.0,0.0,-0.005086550394952147,0.0,0.0,-0.0,-0.0,-0.0,0.0,0.0,0.0,-0.0,0.0,0.0,0.0,0.020051191656004778,-0.0,-0.0,0.029198417341800887,-0.0,-0.0,-0.0,-0.0,-0.0,0.0,-0.0,0.0,-0.0,0.0,0.0,0.0,-0.0,0.0,-0.0,0.0,0.0,-0.0,0.0,0.0,-0.0,-0.0,-0.0,-0.0,0.0,0.0,0.0,0.0,0.012610434264521053,0.0,-0.0,0.0,0.0,0.0,0.0,0.0,0.0,0.0,0.0,-0.0,-0.0,-0.004602244775915764,-0.0,0.0,-0.0,-0.0,-0.0004626817309302138,-0.0,0.0,0.0,-0.0,0.0,0.0,0.0,0.0,0.0,-0.0,0.0,-0.0,0.012668106215678591,-0.0,-0.0,0.0,0.0012990564564698904,-0.0,-0.0,-0.0,-0.0,-0.0,0.0,0.03725440144878893,0.06688946747595391,0.0,0.0,-0.0,0.0,0.0,0.0,0.0,0.0,0.0,-0.0,0.0,0.0,0.0,-0.0,0.0,0.22906097001253928,2025-05-22,3,21
-0.0,-0.0041008846929952185,-0.0,-0.0,0.0,0.02281254856344841,-0.0,-0.0,0.0,-0.0,0.0,0.0,-0.0,0.0,-0.007428260075493355,0.0,-0.0,-0.0,-0.0,0.0,-0.0,-0.0,-0.0,0.0,-0.0,-0.0,-0.03526058086557172,-0.11905008360157067,-0.032160362877205896,-0.0,-0.0,-0.0,-0.0,0.0,0.0,0.0,-0.0,-0.0,-0.0,0.0,0.049902350103466706,-0.0,-0.0,0.15592164826257268,-0.0,-0.0,-0.0,-0.0,0.0,0.0,0.0,-0.0,-0.0,-0.0,-0.006001555929322934,-0.0,-0.0,-0.0,-0.0,0.050669940880331145,0.0,0.0,0.0,0.0,-0.0,-0.0,-0.0,-0.0,0.0,-0.0,0.0,-0.005086550394952147,0.0,0.0,-0.0,-0.0,-0.0,0.0,0.0,0.0,-0.0,0.0,0.0,0.0,0.020051191656004778,-0.0,-0.0,0.029198417341800887,-0.0,-0.0,-0.0,-0.0,-0.0,0.0,-0.0,0.0,-0.0,0.0,0.0,0.0,-0.0,0.0,-0.0,0.0,0.0,-0.0,0.0,0.0,-0.0,-0.0,-0.0,-0.0,0.0,0.0,0.0,0.0,0.012610434264521053,0.0,-0.0,0.0,0.0,0.0,0.0,0.0,0.0,0.0,0.0,-0.0,-0.0,-0.004602244775915764,-0.0,0.0,-0.0,-0.0,-0.0004626817309302138,-0.0,0.0,0.0,-0.0,0.0,0.0,0.0,0.0,0.0,-0.0,0.0,-0.0,0.012668106215678591,-0.0,-0.0,0.0,0.0012990564564698904,-0.0,-0.0,-0.0,-0.0,-0.0,0.0,0.03725440144878893,0.06688946747595391,0.0,0.0,-0.0,0.0,0.0,0.0,0.0,0.0,0.0,-0.0,0.0,0.0,0.0,-0.0,0.0,0.22906097001253928,2025-05-23,3,21
-0.0,-0.007750751952315945,-0.0,-0.0,0.0,0.0197264595280654,-0.0,-0.0,0.0,-0.0,0.0,0.0,-0.0,0.0,-0.008304127397303908,0.0,-0.0,-0.0,-0.0,0.0,-0.0,-0.0,-0.0,0.0,-0.0,-0.0,-0.03383283676139283,-0.1221427134503166,-0.03171525066243128,-0.0,-0.0,-0.0,-0.0,0.0,0.0,0.0,-0.0,-0.0,-0.0,0.0,0.04990793365688591,-0.0,-0.0,0.1561861419763646,-0.0,-0.0,-0.0,-0.0,0.0,0.0,0.0,-0.0,-0.0,-0.0,-0.00508614475239629,-0.0,-0.0,-0.0,-0.0,0.01905249609930132,0.0,0.0,0.0,0.0,-0.0,-0.0,-0.0,-0.0,0.0,-0.0,0.0,-0.00586474560150376,0.0,0.0,-0.0,0.0,-0.0,0.0,0.0,0.0,-0.0,0.0,0.0,0.0,0.02047695311444555,-0.0,-0.0,0.028528368739932322,-0.0,-0.0,-0.0,-0.0,-0.0,0.0,-0.0,0.0,-0.0,0.0,0.0,0.0,-0.0,0.0,-0.0,0.0,0.0,-0.0,0.0,0.0,-0.0,-0.0,-0.0,-0.0,0.0,-0.0,0.0,0.0,0.013270635744639542,0.0,-0.0,0.0,0.0,0.0,0.0,0.0,0.0,0.0,0.0,-0.0,-0.0,-0.0037064053891708083,0.0,0.0,-0.0,-0.0,-0.0,-0.0,0.0,0.0,-0.0,0.0,0.0,0.0,0.0,0.0,-0.0,0.0,-0.0,0.04254719311725793,-0.0,-0.0,0.0,0.002918856186871222,-0.0,-0.0,-0.0,-0.0,-0.0,0.0,0.03655848724122727,0.06929204243828986,0.0,0.0,-0.0,0.0,0.0,0.0,0.0,0.0,0.0,-0.0,0.0,0.0,0.0,-0.0,0.0,0.22777714452294548,2025-05-24,3,20
-0.0,-0.007750751952315945,-0.0,-0.0,0.0,0.0197264595280654,-0.0,-0.0,0.0,-0.0,0.0,0.0,-0.0,0.0,-0.008304127397303908,0.0,-0.0,-0.0,-0.0,0.0,-0.0,-0.0,-0.0,0.0,-0.0,-0.0,-0.03383283676139283,-0.1221427134503166,-0.03171525066243128,-0.0,-0.0,-0.0,-0.0,0.0,0.0,0.0,-0.0,-0.0,-0.0,0.0,0.04990793365688591,-0.0,-0.0,0.1561861419763646,-0.0,-0.0,-0.0,-0.0,0.0,0.0,0.0,-0.0,-0.0,-0.0,-0.00508614475239629,-0.0,-0.0,-0.0,-0.0,0.01905249609930132,0.0,0.0,0.0,0.0,-0.0,-0.0,-0.0,-0.0,0.0,-0.0,0.0,-0.00586474560150376,0.0,0.0,-0.0,0.0,-0.0,0.0,0.0,0.0,-0.0,0.0,0.0,0.0,0.02047695311444555,-0.0,-0.0,0.028528368739932322,-0.0,-0.0,-0.0,-0.0,-0.0,0.0,-0.0,0.0,-0.0,0.0,0.0,0.0,-0.0,0.0,-0.0,0.0,0.0,-0.0,0.0,0.0,-0.0,-0.0,-0.0,-0.0,0.0,-0.0,0.0,0.0,0.013270635744639542,0.0,-0.0,0.0,0.0,0.0,0.0,0.0,0.0,0.0,0.0,-0.0,-0.0,-0.0037064053891708083,0.0,0.0,-0.0,-0.0,-0.0,-0.0,0.0,0.0,-0.0,0.0,0.0,0.0,0.0,0.0,-0.0,0.0,-0.0,0.04254719311725793,-0.0,-0.0,0.0,0.002918856186871222,-0.0,-0.0,-0.0,-0.0,-0.0,0.0,0.03655848724122727,0.06929204243828986,0.0,0.0,-0.0,0.0,0.0,0.0,0.0,0.0,0.0,-0.0,0.0,0.0,0.0,-0.0,0.0,0.22777714452294548,2025-05-25,3,20
-0.0,-0.007750751952315945,-0.0,-0.0,0.0,0.0197264595280654,-0.0,-0.0,0.0,-0.0,0.0,0.0,-0.0,0.0,-0.008304127397303908,0.0,-0.0,-0.0,-0.0,0.0,-0.0,-0.0,-0.0,0.0,-0.0,-0.0,-0.03383283676139283,-0.1221427134503166,-0.03171525066243128,-0.0,-0.0,-0.0,-0.0,0.0,0.0,0.0,-0.0,-0.0,-0.0,0.0,0.04990793365688591,-0.0,-0.0,0.1561861419763646,-0.0,-0.0,-0.0,-0.0,0.0,0.0,0.0,-0.0,-0.0,-0.0,-0.00508614475239629,-0.0,-0.0,-0.0,-0.0,0.01905249609930132,0.0,0.0,0.0,0.0,-0.0,-0.0,-0.0,-0.0,0.0,-0.0,0.0,-0.00586474560150376,0.0,0.0,-0.0,0.0,-0.0,0.0,0.0,0.0,-0.0,0.0,0.0,0.0,0.02047695311444555,-0.0,-0.0,0.028528368739932322,-0.0,-0.0,-0.0,-0.0,-0.0,0.0,-0.0,0.0,-0.0,0.0,0.0,0.0,-0.0,0.0,-0.0,0.0,0.0,-0.0,0.0,0.0,-0.0,-0.0,-0.0,-0.0,0.0,-0.0,0.0,0.0,0.013270635744639542,0.0,-0.0,0.0,0.0,0.0,0.0,0.0,0.0,0.0,0.0,-0.0,-0.0,-0.0037064053891708083,0.0,0.0,-0.0,-0.0,-0.0,-0.0,0.0,0.0,-0.0,0.0,0.0,0.0,0.0,0.0,-0.0,0.0,-0.0,0.04254719311725793,-0.0,-0.0,0.0,0.002918856186871222,-0.0,-0.0,-0.0,-0.0,-0.0,0.0,0.03655848724122727,0.06929204243828986,0.0,0.0,-0.0,0.0,0.0,0.0,0.0,0.0,0.0,-0.0,0.0,0.0,0.0,-0.0,0.0,0.22777714452294548,2025-05-26,3,20
-0.0,-0.007750751952315945,-0.0,-0.0,0.0,0.0197264595280654,-0.0,-0.0,0.0,-0.0,0.0,0.0,-0.0,0.0,-0.008304127397303908,0.0,-0.0,-0.0,-0.0,0.0,-0.0,-0.0,-0.0,0.0,-0.0,-0.0,-0.03383283676139283,-0.1221427134503166,-0.03171525066243128,-0.0,-0.0,-0.0,-0.0,0.0,0.0,0.0,-0.0,-0.0,-0.0,0.0,0.04990793365688591,-0.0,-0.0,0.1561861419763646,-0.0,-0.0,-0.0,-0.0,0.0,0.0,0.0,-0.0,-0.0,-0.0,-0.00508614475239629,-0.0,-0.0,-0.0,-0.0,0.01905249609930132,0.0,0.0,0.0,0.0,-0.0,-0.0,-0.0,-0.0,0.0,-0.0,0.0,-0.00586474560150376,0.0,0.0,-0.0,0.0,-0.0,0.0,0.0,0.0,-0.0,0.0,0.0,0.0,0.02047695311444555,-0.0,-0.0,0.028528368739932322,-0.0,-0.0,-0.0,-0.0,-0.0,0.0,-0.0,0.0,-0.0,0.0,0.0,0.0,-0.0,0.0,-0.0,0.0,0.0,-0.0,0.0,0.0,-0.0,-0.0,-0.0,-0.0,0.0,-0.0,0.0,0.0,0.013270635744639542,0.0,-0.0,0.0,0.0,0.0,0.0,0.0,0.0,0.0,0.0,-0.0,-0.0,-0.0037064053891708083,0.0,0.0,-0.0,-0.0,-0.0,-0.0,0.0,0.0,-0.0,0.0,0.0,0.0,0.0,0.0,-0.0,0.0,-0.0,0.04254719311725793,-0.0,-0.0,0.0,0.002918856186871222,-0.0,-0.0,-0.0,-0.0,-0.0,0.0,0.03655848724122727,0.06929204243828986,0.0,0.0,-0.0,0.0,0.0,0.0,0.0,0.0,0.0,-0.0,0.0,0.0,0.0,-0.0,0.0,0.22777714452294548,2025-05-27,3,20
-0.0,-0.007750751952315945,-0.0,-0.0,0.0,0.0197264595280654,-0.0,-0.0,0.0,-0.0,0.0,0.0,-0.0,0.0,-0.008304127397303908,0.0,-0.0,-0.0,-0.0,0.0,-0.0,-0.0,-0.0,0.0,-0.0,-0.0,-0.03383283676139283,-0.1221427134503166,-0.03171525066243128,-0.0,-0.0,-0.0,-0.0,0.0,0.0,0.0,-0.0,-0.0,-0.0,0.0,0.04990793365688591,-0.0,-0.0,0.1561861419763646,-0.0,-0.0,-0.0,-0.0,0.0,0.0,0.0,-0.0,-0.0,-0.0,-0.00508614475239629,-0.0,-0.0,-0.0,-0.0,0.01905249609930132,0.0,0.0,0.0,0.0,-0.0,-0.0,-0.0,-0.0,0.0,-0.0,0.0,-0.00586474560150376,0.0,0.0,-0.0,0.0,-0.0,0.0,0.0,0.0,-0.0,0.0,0.0,0.0,0.02047695311444555,-0.0,-0.0,0.028528368739932322,-0.0,-0.0,-0.0,-0.0,-0.0,0.0,-0.0,0.0,-0.0,0.0,0.0,0.0,-0.0,0.0,-0.0,0.0,0.0,-0.0,0.0,0.0,-0.0,-0.0,-0.0,-0.0,0.0,-0.0,0.0,0.0,0.013270635744639542,0.0,-0.0,0.0,0.0,0.0,0.0,0.0,0.0,0.0,0.0,-0.0,-0.0,-0.0037064053891708083,0.0,0.0,-0.0,-0.0,-0.0,-0.0,0.0,0.0,-0.0,0.0,0.0,0.0,0.0,0.0,-0.0,0.0,-0.0,0.04254719311725793,-0.0,-0.0,0.0,0.002918856186871222,-0.0,-0.0,-0.0,-0.0,-0.0,0.0,0.03655848724122727,0.06929204243828986,0.0,0.0,-0.0,0.0,0.0,0.0,0.0,0.0,0.0,-0.0,0.0,0.0,0.0,-0.0,0.0,0.22777714452294548,2025-05-28,3,20
-0.0,-0.007750751952315945,-0.0,-0.0,0.0,0.0197264595280654,-0.0,-0.0,0.0,-0.0,0.0,0.0,-0.0,0.0,-0.008304127397303908,0.0,-0.0,-0.0,-0.0,0.0,-0.0,-0.0,-0.0,0.0,-0.0,-0.0,-0.03383283676139283,-0.1221427134503166,-0.03171525066243128,-0.0,-0.0,-0.0,-0.0,0.0,0.0,0.0,-0.0,-0.0,-0.0,0.0,0.04990793365688591,-0.0,-0.0,0.1561861419763646,-0.0,-0.0,-0.0,-0.0,0.0,0.0,0.0,-0.0,-0.0,-0.0,-0.00508614475239629,-0.0,-0.0,-0.0,-0.0,0.01905249609930132,0.0,0.0,0.0,0.0,-0.0,-0.0,-0.0,-0.0,0.0,-0.0,0.0,-0.00586474560150376,0.0,0.0,-0.0,0.0,-0.0,0.0,0.0,0.0,-0.0,0.0,0.0,0.0,0.02047695311444555,-0.0,-0.0,0.028528368739932322,-0.0,-0.0,-0.0,-0.0,-0.0,0.0,-0.0,0.0,-0.0,0.0,0.0,0.0,-0.0,0.0,-0.0,0.0,0.0,-0.0,0.0,0.0,-0.0,-0.0,-0.0,-0.0,0.0,-0.0,0.0,0.0,0.013270635744639542,0.0,-0.0,0.0,0.0,0.0,0.0,0.0,0.0,0.0,0.0,-0.0,-0.0,-0.0037064053891708083,0.0,0.0,-0.0,-0.0,-0.0,-0.0,0.0,0.0,-0.0,0.0,0.0,0.0,0.0,0.0,-0.0,0.0,-0.0,0.04254719311725793,-0.0,-0.0,0.0,0.002918856186871222,-0.0,-0.0,-0.0,-0.0,-0.0,0.0,0.03655848724122727,0.06929204243828986,0.0,0.0,-0.0,0.0,0.0,0.0,0.0,0.0,0.0,-0.0,0.0,0.0,0.0,-0.0,0.0,0.22777714452294548,2025-05-29,3,20
-0.0,-0.007750751952315945,-0.0,-0.0,0.0,0.0197264595280654,-0.0,-0.0,0.0,-0.0,0.0,0.0,-0.0,0.0,-0.008304127397303908,0.0,-0.0,-0.0,-0.0,0.0,-0.0,-0.0,-0.0,0.0,-0.0,-0.0,-0.03383283676139283,-0.1221427134503166,-0.03171525066243128,-0.0,-0.0,-0.0,-0.0,0.0,0.0,0.0,-0.0,-0.0,-0.0,0.0,0.04990793365688591,-0.0,-0.0,0.1561861419763646,-0.0,-0.0,-0.0,-0.0,0.0,0.0,0.0,-0.0,-0.0,-0.0,-0.00508614475239629,-0.0,-0.0,-0.0,-0.0,0.01905249609930132,0.0,0.0,0.0,0.0,-0.0,-0.0,-0.0,-0.0,0.0,-0.0,0.0,-0.00586474560150376,0.0,0.0,-0.0,0.0,-0.0,0.0,0.0,0.0,-0.0,0.0,0.0,0.0,0.02047695311444555,-0.0,-0.0,0.028528368739932322,-0.0,-0.0,-0.0,-0.0,-0.0,0.0,-0.0,0.0,-0.0,0.0,0.0,0.0,-0.0,0.0,-0.0,0.0,0.0,-0.0,0.0,0.0,-0.0,-0.0,-0.0,-0.0,0.0,-0.0,0.0,0.0,0.013270635744639542,0.0,-0.0,0.0,0.0,0.0,0.0,0.0,0.0,0.0,0.0,-0.0,-0.0,-0.0037064053891708083,0.0,0.0,-0.0,-0.0,-0.0,-0.0,0.0,0.0,-0.0,0.0,0.0,0.0,0.0,0.0,-0.0,0.0,-0.0,0.04254719311725793,-0.0,-0.0,0.0,0.002918856186871222,-0.0,-0.0,-0.0,-0.0,-0.0,0.0,0.03655848724122727,0.06929204243828986,0.0,0.0,-0.0,0.0,0.0,0.0,0.0,0.0,0.0,-0.0,0.0,0.0,0.0,-0.0,0.0,0.22777714452294548,2025-05-30,3,20
-0.0,-0.006584665717216167,-0.0,-0.0,0.0,0.020041964199654587,-0.0,-0.0,0.0,-0.0,0.0,0.0,-0.0,0.0,-0.007835902022321458,0.0,-0.0,-0.0,-0.0,0.0,-0.0,-0.0,-0.0,0.0,-0.0,-0.0,-0.03424388480746246,-0.12070628941053496,-0.029516951383237944,-0.0,-0.0,-0.0,-0.0,0.0,0.0,0.0,-0.0,-0.0,-0.0,0.0,0.047400655543278734,-0.0,-0.0,0.15881324291575116,-0.0,-0.0,-0.0,-0.0,0.0,0.0,0.0,-0.0,-0.0,-0.0,-0.004904839905068372,-0.0,-0.0,-0.0,-0.0,0.03115762493181877,0.0,0.0,0.0,0.0,-0.0,-0.0,-0.0,-0.0,0.0,-0.0,0.0,-0.007780624453257022,0.0,0.0,-0.0,0.0,-0.0,0.0,0.0,0.0,-0.0,0.0,0.0,0.0,0.01862280511919708,-0.0,-0.0,0.03012637249381552,-0.0,-0.0,-0.0,-0.0,-0.0,0.0,-0.0,0.0,-0.0,0.0,0.0,0.0,-0.0,0.0,-0.0,0.0,0.0,-0.0,0.0,0.0019522718079225377,-0.0,-0.0,-0.0,-0.0,0.0,-0.0,0.0,0.0,0.012217733296792132,0.0,-0.0,0.0,0.0,0.0,0.0,0.0,0.0,0.0,0.0,-0.0,-0.0,-0.003627981989240228,0.0,0.0,-0.0,-0.0,-0.0,-0.0,0.0,0.0,-0.0,0.0,0.0,0.0,0.0,0.0,-0.0,-0.0,-0.0,0.02123159362904115,-0.0,-0.0,0.0,0.0041951730042963375,-0.0,-0.0,-0.0,-0.0,-0.0,-0.0,0.037949812365213866,0.0661779576475109,0.0,0.0,-0.0,0.0,0.0,0.0,0.0,0.0,0.0,-0.0,0.0,0.0,0.0,-0.0,0.0,0.2294746737297386,2025-05-31,3,21
-0.0,-0.006584665717216167,-0.0,-0.0,0.0,0.020041964199654587,-0.0,-0.0,0.0,-0.0,0.0,0.0,-0.0,0.0,-0.007835902022321458,0.0,-0.0,-0.0,-0.0,0.0,-0.0,-0.0,-0.0,0.0,-0.0,-0.0,-0.03424388480746246,-0.12070628941053496,-0.029516951383237944,-0.0,-0.0,-0.0,-0.0,0.0,0.0,0.0,-0.0,-0.0,-0.0,0.0,0.047400655543278734,-0.0,-0.0,0.15881324291575116,-0.0,-0.0,-0.0,-0.0,0.0,0.0,0.0,-0.0,-0.0,-0.0,-0.004904839905068372,-0.0,-0.0,-0.0,-0.0,0.03115762493181877,0.0,0.0,0.0,0.0,-0.0,-0.0,-0.0,-0.0,0.0,-0.0,0.0,-0.007780624453257022,0.0,0.0,-0.0,0.0,-0.0,0.0,0.0,0.0,-0.0,0.0,0.0,0.0,0.01862280511919708,-0.0,-0.0,0.03012637249381552,-0.0,-0.0,-0.0,-0.0,-0.0,0.0,-0.0,0.0,-0.0,0.0,0.0,0.0,-0.0,0.0,-0.0,0.0,0.0,-0.0,0.0,0.0019522718079225377,-0.0,-0.0,-0.0,-0.0,0.0,-0.0,0.0,0.0,0.012217733296792132,0.0,-0.0,0.0,0.0,0.0,0.0,0.0,0.0,0.0,0.0,-0.0,-0.0,-0.003627981989240228,0.0,0.0,-0.0,-0.0,-0.0,-0.0,0.0,0.0,-0.0,0.0,0.0,0.0,0.0,0.0,-0.0,-0.0,-0.0,0.02123159362904115,-0.0,-0.0,0.0,0.0041951730042963375,-0.0,-0.0,-0.0,-0.0,-0.0,-0.0,0.037949812365213866,0.0661779576475109,0.0,0.0,-0.0,0.0,0.0,0.0,0.0,0.0,0.0,-0.0,0.0,0.0,0.0,-0.0,0.0,0.2294746737297386,2025-06-01,3,21
-0.0,-0.006584665717216167,-0.0,-0.0,0.0,0.020041964199654587,-0.0,-0.0,0.0,-0.0,0.0,0.0,-0.0,0.0,-0.007835902022321458,0.0,-0.0,-0.0,-0.0,0.0,-0.0,-0.0,-0.0,0.0,-0.0,-0.0,-0.03424388480746246,-0.12070628941053496,-0.029516951383237944,-0.0,-0.0,-0.0,-0.0,0.0,0.0,0.0,-0.0,-0.0,-0.0,0.0,0.047400655543278734,-0.0,-0.0,0.15881324291575116,-0.0,-0.0,-0.0,-0.0,0.0,0.0,0.0,-0.0,-0.0,-0.0,-0.004904839905068372,-0.0,-0.0,-0.0,-0.0,0.03115762493181877,0.0,0.0,0.0,0.0,-0.0,-0.0,-0.0,-0.0,0.0,-0.0,0.0,-0.007780624453257022,0.0,0.0,-0.0,0.0,-0.0,0.0,0.0,0.0,-0.0,0.0,0.0,0.0,0.01862280511919708,-0.0,-0.0,0.03012637249381552,-0.0,-0.0,-0.0,-0.0,-0.0,0.0,-0.0,0.0,-0.0,0.0,0.0,0.0,-0.0,0.0,-0.0,0.0,0.0,-0.0,0.0,0.0019522718079225377,-0.0,-0.0,-0.0,-0.0,0.0,-0.0,0.0,0.0,0.012217733296792132,0.0,-0.0,0.0,0.0,0.0,0.0,0.0,0.0,0.0,0.0,-0.0,-0.0,-0.003627981989240228,0.0,0.0,-0.0,-0.0,-0.0,-0.0,0.0,0.0,-0.0,0.0,0.0,0.0,0.0,0.0,-0.0,-0.0,-0.0,0.02123159362904115,-0.0,-0.0,0.0,0.0041951730042963375,-0.0,-0.0,-0.0,-0.0,-0.0,-0.0,0.037949812365213866,0.0661779576475109,0.0,0.0,-0.0,0.0,0.0,0.0,0.0,0.0,0.0,-0.0,0.0,0.0,0.0,-0.0,0.0,0.2294746737297386,2025-06-02,3,21
-0.0,-0.006584665717216167,-0.0,-0.0,0.0,0.020041964199654587,-0.0,-0.0,0.0,-0.0,0.0,0.0,-0.0,0.0,-0.007835902022321458,0.0,-0.0,-0.0,-0.0,0.0,-0.0,-0.0,-0.0,0.0,-0.0,-0.0,-0.03424388480746246,-0.12070628941053496,-0.029516951383237944,-0.0,-0.0,-0.0,-0.0,0.0,0.0,0.0,-0.0,-0.0,-0.0,0.0,0.047400655543278734,-0.0,-0.0,0.15881324291575116,-0.0,-0.0,-0.0,-0.0,0.0,0.0,0.0,-0.0,-0.0,-0.0,-0.004904839905068372,-0.0,-0.0,-0.0,-0.0,0.03115762493181877,0.0,0.0,0.0,0.0,-0.0,-0.0,-0.0,-0.0,0.0,-0.0,0.0,-0.007780624453257022,0.0,0.0,-0.0,0.0,-0.0,0.0,0.0,0.0,-0.0,0.0,0.0,0.0,0.01862280511919708,-0.0,-0.0,0.03012637249381552,-0.0,-0.0,-0.0,-0.0,-0.0,0.0,-0.0,0.0,-0.0,0.0,0.0,0.0,-0.0,0.0,-0.0,0.0,0.0,-0.0,0.0,0.0019522718079225377,-0.0,-0.0,-0.0,-0.0,0.0,-0.0,0.0,0.0,0.012217733296792132,0.0,-0.0,0.0,0.0,0.0,0.0,0.0,0.0,0.0,0.0,-0.0,-0.0,-0.003627981989240228,0.0,0.0,-0.0,-0.0,-0.0,-0.0,0.0,0.0,-0.0,0.0,0.0,0.0,0.0,0.0,-0.0,-0.0,-0.0,0.02123159362904115,-0.0,-0.0,0.0,0.0041951730042963375,-0.0,-0.0,-0.0,-0.0,-0.0,-0.0,0.037949812365213866,0.0661779576475109,0.0,0.0,-0.0,0.0,0.0,0.0,0.0,0.0,0.0,-0.0,0.0,0.0,0.0,-0.0,0.0,0.2294746737297386,2025-06-03,3,21
-0.0,-0.006584665717216167,-0.0,-0.0,0.0,0.020041964199654587,-0.0,-0.0,0.0,-0.0,0.0,0.0,-0.0,0.0,-0.007835902022321458,0.0,-0.0,-0.0,-0.0,0.0,-0.0,-0.0,-0.0,0.0,-0.0,-0.0,-0.03424388480746246,-0.12070628941053496,-0.029516951383237944,-0.0,-0.0,-0.0,-0.0,0.0,0.0,0.0,-0.0,-0.0,-0.0,0.0,0.047400655543278734,-0.0,-0.0,0.15881324291575116,-0.0,-0.0,-0.0,-0.0,0.0,0.0,0.0,-0.0,-0.0,-0.0,-0.004904839905068372,-0.0,-0.0,-0.0,-0.0,0.03115762493181877,0.0,0.0,0.0,0.0,-0.0,-0.0,-0.0,-0.0,0.0,-0.0,0.0,-0.007780624453257022,0.0,0.0,-0.0,0.0,-0.0,0.0,0.0,0.0,-0.0,0.0,0.0,0.0,0.01862280511919708,-0.0,-0.0,0.03012637249381552,-0.0,-0.0,-0.0,-0.0,-0.0,0.0,-0.0,0.0,-0.0,0.0,0.0,0.0,-0.0,0.0,-0.0,0.0,0.0,-0.0,0.0,0.0019522718079225377,-0.0,-0.0,-0.0,-0.0,0.0,-0.0,0.0,0.0,0.012217733296792132,0.0,-0.0,0.0,0.0,0.0,0.0,0.0,0.0,0.0,0.0,-0.0,-0.0,-0.003627981989240228,0.0,0.0,-0.0,-0.0,-0.0,-0.0,0.0,0.0,-0.0,0.0,0.0,0.0,0.0,0.0,-0.0,-0.0,-0.0,0.02123159362904115,-0.0,-0.0,0.0,0.0041951730042963375,-0.0,-0.0,-0.0,-0.0,-0.0,-0.0,0.037949812365213866,0.0661779576475109,0.0,0.0,-0.0,0.0,0.0,0.0,0.0,0.0,0.0,-0.0,0.0,0.0,0.0,-0.0,0.0,0.2294746737297386,2025-06-04,3,21
-0.0,-0.006584665717216167,-0.0,-0.0,0.0,0.020041964199654587,-0.0,-0.0,0.0,-0.0,0.0,0.0,-0.0,0.0,-0.007835902022321458,0.0,-0.0,-0.0,-0.0,0.0,-0.0,-0.0,-0.0,0.0,-0.0,-0.0,-0.03424388480746246,-0.12070628941053496,-0.029516951383237944,-0.0,-0.0,-0.0,-0.0,0.0,0.0,0.0,-0.0,-0.0,-0.0,0.0,0.047400655543278734,-0.0,-0.0,0.15881324291575116,-0.0,-0.0,-0.0,-0.0,0.0,0.0,0.0,-0.0,-0.0,-0.0,-0.004904839905068372,-0.0,-0.0,-0.0,-0.0,0.03115762493181877,0.0,0.0,0.0,0.0,-0.0,-0.0,-0.0,-0.0,0.0,-0.0,0.0,-0.007780624453257022,0.0,0.0,-0.0,0.0,-0.0,0.0,0.0,0.0,-0.0,0.0,0.0,0.0,0.01862280511919708,-0.0,-0.0,0.03012637249381552,-0.0,-0.0,-0.0,-0.0,-0.0,0.0,-0.0,0.0,-0.0,0.0,0.0,0.0,-0.0,0.0,-0.0,0.0,0.0,-0.0,0.0,0.0019522718079225377,-0.0,-0.0,-0.0,-0.0,0.0,-0.0,0.0,0.0,0.012217733296792132,0.0,-0.0,0.0,0.0,0.0,0.0,0.0,0.0,0.0,0.0,-0.0,-0.0,-0.003627981989240228,0.0,0.0,-0.0,-0.0,-0.0,-0.0,0.0,0.0,-0.0,0.0,0.0,0.0,0.0,0.0,-0.0,-0.0,-0.0,0.02123159362904115,-0.0,-0.0,0.0,0.0041951730042963375,-0.0,-0.0,-0.0,-0.0,-0.0,-0.0,0.037949812365213866,0.0661779576475109,0.0,0.0,-0.0,0.0,0.0,0.0,0.0,0.0,0.0,-0.0,0.0,0.0,0.0,-0.0,0.0,0.2294746737297386,2025-06-05,3,21
-0.0,-0.006584665717216167,-0.0,-0.0,0.0,0.020041964199654587,-0.0,-0.0,0.0,-0.0,0.0,0.0,-0.0,0.0,-0.007835902022321458,0.0,-0.0,-0.0,-0.0,0.0,-0.0,-0.0,-0.0,0.0,-0.0,-0.0,-0.03424388480746246,-0.12070628941053496,-0.029516951383237944,-0.0,-0.0,-0.0,-0.0,0.0,0.0,0.0,-0.0,-0.0,-0.0,0.0,0.047400655543278734,-0.0,-0.0,0.15881324291575116,-0.0,-0.0,-0.0,-0.0,0.0,0.0,0.0,-0.0,-0.0,-0.0,-0.004904839905068372,-0.0,-0.0,-0.0,-0.0,0.03115762493181877,0.0,0.0,0.0,0.0,-0.0,-0.0,-0.0,-0.0,0.0,-0.0,0.0,-0.007780624453257022,0.0,0.0,-0.0,0.0,-0.0,0.0,0.0,0.0,-0.0,0.0,0.0,0.0,0.01862280511919708,-0.0,-0.0,0.03012637249381552,-0.0,-0.0,-0.0,-0.0,-0.0,0.0,-0.0,0.0,-0.0,0.0,0.0,0.0,-0.0,0.0,-0.0,0.0,0.0,-0.0,0.0,0.0019522718079225377,-0.0,-0.0,-0.0,-0.0,0.0,-0.0,0.0,0.0,0.012217733296792132,0.0,-0.0,0.0,0.0,0.0,0.0,0.0,0.0,0.0,0.0,-0.0,-0.0,-0.003627981989240228,0.0,0.0,-0.0,-0.0,-0.0,-0.0,0.0,0.0,-0.0,0.0,0.0,0.0,0.0,0.0,-0.0,-0.0,-0.0,0.02123159362904115,-0.0,-0.0,0.0,0.0041951730042963375,-0.0,-0.0,-0.0,-0.0,-0.0,-0.0,0.037949812365213866,0.0661779576475109,0.0,0.0,-0.0,0.0,0.0,0.0,0.0,0.0,0.0,-0.0,0.0,0.0,0.0,-0.0,0.0,0.2294746737297386,2025-06-06,3,21
-0.0,-0.006737205305341635,-0.0,-0.0,0.0,0.017702999794722653,-0.0,-0.0,0.0,-0.0,0.0,0.0,-0.0,-0.0,-0.009398054098334139,0.0,-0.0,-0.0,-0.0,0.0,-0.0,-0.0,-0.0,0.0,-0.0,-0.0,-0.031617364229833446,-0.12201885534486702,-0.028238162234141304,-0.0,-0.0,-0.0,-0.0,0.0,0.0,0.0,-0.0,-0.0,-0.0,0.0,0.05021265444295262,-0.0,-0.0,0.16087509358331326,-0.0,-0.0,-0.0,-0.0,0.0,0.0,0.0,-0.0,-0.0,-0.0,-0.0072404833649084635,-0.0,-0.0,-0.0,-0.0,0.021068901899674964,0.0,0.0,0.0,0.0,-0.0,-0.0,-0.0,-0.0,0.0,-0.0,0.0,-0.0098192742991498,0.0,0.0,-0.0,-0.0,-0.0,0.0,0.0,0.0,-0.0,0.0,0.0,0.0,0.01814454713632875,-0.0,-0.0,0.03331184096412782,-0.0,-0.0,-0.0,-0.0,-0.0,0.0,-0.0,0.0,-0.0,0.0,0.0,0.0,-0.0,0.0,-0.0,0.0,0.0,-0.0,0.0,0.001671354038864127,-0.0,-0.0,-0.0,-0.0,0.0,-0.0,0.0,0.0,0.0077012667959540535,0.0005766661252369243,-0.0,0.0,0.0,0.0,0.0,0.0,0.0,0.0,0.0,-0.0,-0.0,-0.0,0.0,0.0,-0.0,-0.0,-0.0,-0.0,0.0,0.0,-0.0,0.0,0.0,0.0,0.0,0.0,-0.0,0.0,-0.0,0.017928134738764367,-0.0,-0.0,0.0,0.006838743506691952,-0.0,-0.0,-0.0,-0.0,-0.0,-0.0,0.03592777210486978,0.06731262825533302,0.0,0.0,-0.0,0.0,0.0,0.0,0.0,0.0,0.0,-0.0,0.0,0.0,0.0,-0.0,0.0,0.23159136428104157,2025-06-07,3,21
-0.0,-0.006737205305341635,-0.0,-0.0,0.0,0.017702999794722653,-0.0,-0.0,0.0,-0.0,0.0,0.0,-0.0,-0.0,-0.009398054098334139,0.0,-0.0,-0.0,-0.0,0.0,-0.0,-0.0,-0.0,0.0,-0.0,-0.0,-0.031617364229833446,-0.12201885534486702,-0.028238162234141304,-0.0,-0.0,-0.0,-0.0,0.0,0.0,0.0,-0.0,-0.0,-0.0,0.0,0.05021265444295262,-0.0,-0.0,0.16087509358331326,-0.0,-0.0,-0.0,-0.0,0.0,0.0,0.0,-0.0,-0.0,-0.0,-0.0072404833649084635,-0.0,-0.0,-0.0,-0.0,0.021068901899674964,0.0,0.0,0.0,0.0,-0.0,-0.0,-0.0,-0.0,0.0,-0.0,0.0,-0.0098192742991498,0.0,0.0,-0.0,-0.0,-0.0,0.0,0.0,0.0,-0.0,0.0,0.0,0.0,0.01814454713632875,-0.0,-0.0,0.03331184096412782,-0.0,-0.0,-0.0,-0.0,-0.0,0.0,-0.0,0.0,-0.0,0.0,0.0,0.0,-0.0,0.0,-0.0,0.0,0.0,-0.0,0.0,0.001671354038864127,-0.0,-0.0,-0.0,-0.0,0.0,-0.0,0.0,0.0,0.0077012667959540535,0.0005766661252369243,-0.0,0.0,0.0,0.0,0.0,0.0,0.0,0.0,0.0,-0.0,-0.0,-0.0,0.0,0.0,-0.0,-0.0,-0.0,-0.0,0.0,0.0,-0.0,0.0,0.0,0.0,0.0,0.0,-0.0,0.0,-0.0,0.017928134738764367,-0.0,-0.0,0.0,0.006838743506691952,-0.0,-0.0,-0.0,-0.0,-0.0,-0.0,0.03592777210486978,0.06731262825533302,0.0,0.0,-0.0,0.0,0.0,0.0,0.0,0.0,0.0,-0.0,0.0,0.0,0.0,-0.0,0.0,0.23159136428104157,2025-06-08,3,21
-0.0,-0.006737205305341635,-0.0,-0.0,0.0,0.017702999794722653,-0.0,-0.0,0.0,-0.0,0.0,0.0,-0.0,-0.0,-0.009398054098334139,0.0,-0.0,-0.0,-0.0,0.0,-0.0,-0.0,-0.0,0.0,-0.0,-0.0,-0.031617364229833446,-0.12201885534486702,-0.028238162234141304,-0.0,-0.0,-0.0,-0.0,0.0,0.0,0.0,-0.0,-0.0,-0.0,0.0,0.05021265444295262,-0.0,-0.0,0.16087509358331326,-0.0,-0.0,-0.0,-0.0,0.0,0.0,0.0,-0.0,-0.0,-0.0,-0.0072404833649084635,-0.0,-0.0,-0.0,-0.0,0.021068901899674964,0.0,0.0,0.0,0.0,-0.0,-0.0,-0.0,-0.0,0.0,-0.0,0.0,-0.0098192742991498,0.0,0.0,-0.0,-0.0,-0.0,0.0,0.0,0.0,-0.0,0.0,0.0,0.0,0.01814454713632875,-0.0,-0.0,0.03331184096412782,-0.0,-0.0,-0.0,-0.0,-0.0,0.0,-0.0,0.0,-0.0,0.0,0.0,0.0,-0.0,0.0,-0.0,0.0,0.0,-0.0,0.0,0.001671354038864127,-0.0,-0.0,-0.0,-0.0,0.0,-0.0,0.0,0.0,0.0077012667959540535,0.0005766661252369243,-0.0,0.0,0.0,0.0,0.0,0.0,0.0,0.0,0.0,-0.0,-0.0,-0.0,0.0,0.0,-0.0,-0.0,-0.0,-0.0,0.0,0.0,-0.0,0.0,0.0,0.0,0.0,0.0,-0.0,0.0,-0.0,0.017928134738764367,-0.0,-0.0,0.0,0.006838743506691952,-0.0,-0.0,-0.0,-0.0,-0.0,-0.0,0.03592777210486978,0.06731262825533302,0.0,0.0,-0.0,0.0,0.0,0.0,0.0,0.0,0.0,-0.0,0.0,0.0,0.0,-0.0,0.0,0.23159136428104157,2025-06-09,3,21
-0.0,-0.006737205305341635,-0.0,-0.0,0.0,0.017702999794722653,-0.0,-0.0,0.0,-0.0,0.0,0.0,-0.0,-0.0,-0.009398054098334139,0.0,-0.0,-0.0,-0.0,0.0,-0.0,-0.0,-0.0,0.0,-0.0,-0.0,-0.031617364229833446,-0.12201885534486702,-0.028238162234141304,-0.0,-0.0,-0.0,-0.0,0.0,0.0,0.0,-0.0,-0.0,-0.0,0.0,0.05021265444295262,-0.0,-0.0,0.16087509358331326,-0.0,-0.0,-0.0,-0.0,0.0,0.0,0.0,-0.0,-0.0,-0.0,-0.0072404833649084635,-0.0,-0.0,-0.0,-0.0,0.021068901899674964,0.0,0.0,0.0,0.0,-0.0,-0.0,-0.0,-0.0,0.0,-0.0,0.0,-0.0098192742991498,0.0,0.0,-0.0,-0.0,-0.0,0.0,0.0,0.0,-0.0,0.0,0.0,0.0,0.01814454713632875,-0.0,-0.0,0.03331184096412782,-0.0,-0.0,-0.0,-0.0,-0.0,0.0,-0.0,0.0,-0.0,0.0,0.0,0.0,-0.0,0.0,-0.0,0.0,0.0,-0.0,0.0,0.001671354038864127,-0.0,-0.0,-0.0,-0.0,0.0,-0.0,0.0,0.0,0.0077012667959540535,0.0005766661252369243,-0.0,0.0,0.0,0.0,0.0,0.0,0.0,0.0,0.0,-0.0,-0.0,-0.0,0.0,0.0,-0.0,-0.0,-0.0,-0.0,0.0,0.0,-0.0,0.0,0.0,0.0,0.0,0.0,-0.0,0.0,-0.0,0.017928134738764367,-0.0,-0.0,0.0,0.006838743506691952,-0.0,-0.0,-0.0,-0.0,-0.0,-0.0,0.03592777210486978,0.06731262825533302,0.0,0.0,-0.0,0.0,0.0,0.0,0.0,0.0,0.0,-0.0,0.0,0.0,0.0,-0.0,0.0,0.23159136428104157,2025-06-10,3,21
-0.0,-0.006737205305341635,-0.0,-0.0,0.0,0.017702999794722653,-0.0,-0.0,0.0,-0.0,0.0,0.0,-0.0,-0.0,-0.009398054098334139,0.0,-0.0,-0.0,-0.0,0.0,-0.0,-0.0,-0.0,0.0,-0.0,-0.0,-0.031617364229833446,-0.12201885534486702,-0.028238162234141304,-0.0,-0.0,-0.0,-0.0,0.0,0.0,0.0,-0.0,-0.0,-0.0,0.0,0.05021265444295262,-0.0,-0.0,0.16087509358331326,-0.0,-0.0,-0.0,-0.0,0.0,0.0,0.0,-0.0,-0.0,-0.0,-0.0072404833649084635,-0.0,-0.0,-0.0,-0.0,0.021068901899674964,0.0,0.0,0.0,0.0,-0.0,-0.0,-0.0,-0.0,0.0,-0.0,0.0,-0.0098192742991498,0.0,0.0,-0.0,-0.0,-0.0,0.0,0.0,0.0,-0.0,0.0,0.0,0.0,0.01814454713632875,-0.0,-0.0,0.03331184096412782,-0.0,-0.0,-0.0,-0.0,-0.0,0.0,-0.0,0.0,-0.0,0.0,0.0,0.0,-0.0,0.0,-0.0,0.0,0.0,-0.0,0.0,0.001671354038864127,-0.0,-0.0,-0.0,-0.0,0.0,-0.0,0.0,0.0,0.0077012667959540535,0.0005766661252369243,-0.0,0.0,0.0,0.0,0.0,0.0,0.0,0.0,0.0,-0.0,-0.0,-0.0,0.0,0.0,-0.0,-0.0,-0.0,-0.0,0.0,0.0,-0.0,0.0,0.0,0.0,0.0,0.0,-0.0,0.0,-0.0,0.017928134738764367,-0.0,-0.0,0.0,0.006838743506691952,-0.0,-0.0,-0.0,-0.0,-0.0,-0.0,0.03592777210486978,0.06731262825533302,0.0,0.0,-0.0,0.0,0.0,0.0,0.0,0.0,0.0,-0.0,0.0,0.0,0.0,-0.0,0.0,0.23159136428104157,2025-06-11,3,21
-0.0,-0.006737205305341635,-0.0,-0.0,0.0,0.017702999794722653,-0.0,-0.0,0.0,-0.0,0.0,0.0,-0.0,-0.0,-0.009398054098334139,0.0,-0.0,-0.0,-0.0,0.0,-0.0,-0.0,-0.0,0.0,-0.0,-0.0,-0.031617364229833446,-0.12201885534486702,-0.028238162234141304,-0.0,-0.0,-0.0,-0.0,0.0,0.0,0.0,-0.0,-0.0,-0.0,0.0,0.05021265444295262,-0.0,-0.0,0.16087509358331326,-0.0,-0.0,-0.0,-0.0,0.0,0.0,0.0,-0.0,-0.0,-0.0,-0.0072404833649084635,-0.0,-0.0,-0.0,-0.0,0.021068901899674964,0.0,0.0,0.0,0.0,-0.0,-0.0,-0.0,-0.0,0.0,-0.0,0.0,-0.0098192742991498,0.0,0.0,-0.0,-0.0,-0.0,0.0,0.0,0.0,-0.0,0.0,0.0,0.0,0.01814454713632875,-0.0,-0.0,0.03331184096412782,-0.0,-0.0,-0.0,-0.0,-0.0,0.0,-0.0,0.0,-0.0,0.0,0.0,0.0,-0.0,0.0,-0.0,0.0,0.0,-0.0,0.0,0.001671354038864127,-0.0,-0.0,-0.0,-0.0,0.0,-0.0,0.0,0.0,0.0077012667959540535,0.0005766661252369243,-0.0,0.0,0.0,0.0,0.0,0.0,0.0,0.0,0.0,-0.0,-0.0,-0.0,0.0,0.0,-0.0,-0.0,-0.0,-0.0,0.0,0.0,-0.0,0.0,0.0,0.0,0.0,0.0,-0.0,0.0,-0.0,0.017928134738764367,-0.0,-0.0,0.0,0.006838743506691952,-0.0,-0.0,-0.0,-0.0,-0.0,-0.0,0.03592777210486978,0.06731262825533302,0.0,0.0,-0.0,0.0,0.0,0.0,0.0,0.0,0.0,-0.0,0.0,0.0,0.0,-0.0,0.0,0.23159136428104157,2025-06-12,3,21
-0.0,-0.006737205305341635,-0.0,-0.0,0.0,0.017702999794722653,-0.0,-0.0,0.0,-0.0,0.0,0.0,-0.0,-0.0,-0.009398054098334139,0.0,-0.0,-0.0,-0.0,0.0,-0.0,-0.0,-0.0,0.0,-0.0,-0.0,-0.031617364229833446,-0.12201885534486702,-0.028238162234141304,-0.0,-0.0,-0.0,-0.0,0.0,0.0,0.0,-0.0,-0.0,-0.0,0.0,0.05021265444295262,-0.0,-0.0,0.16087509358331326,-0.0,-0.0,-0.0,-0.0,0.0,0.0,0.0,-0.0,-0.0,-0.0,-0.0072404833649084635,-0.0,-0.0,-0.0,-0.0,0.021068901899674964,0.0,0.0,0.0,0.0,-0.0,-0.0,-0.0,-0.0,0.0,-0.0,0.0,-0.0098192742991498,0.0,0.0,-0.0,-0.0,-0.0,0.0,0.0,0.0,-0.0,0.0,0.0,0.0,0.01814454713632875,-0.0,-0.0,0.03331184096412782,-0.0,-0.0,-0.0,-0.0,-0.0,0.0,-0.0,0.0,-0.0,0.0,0.0,0.0,-0.0,0.0,-0.0,0.0,0.0,-0.0,0.0,0.001671354038864127,-0.0,-0.0,-0.0,-0.0,0.0,-0.0,0.0,0.0,0.0077012667959540535,0.0005766661252369243,-0.0,0.0,0.0,0.0,0.0,0.0,0.0,0.0,0.0,-0.0,-0.0,-0.0,0.0,0.0,-0.0,-0.0,-0.0,-0.0,0.0,0.0,-0.0,0.0,0.0,0.0,0.0,0.0,-0.0,0.0,-0.0,0.017928134738764367,-0.0,-0.0,0.0,0.006838743506691952,-0.0,-0.0,-0.0,-0.0,-0.0,-0.0,0.03592777210486978,0.06731262825533302,0.0,0.0,-0.0,0.0,0.0,0.0,0.0,0.0,0.0,-0.0,0.0,0.0,0.0,-0.0,0.0,0.23159136428104157,2025-06-13,3,21
-0.0,-0.0,-0.0,-0.0,0.0,0.012533518746590772,-0.0,-0.0,0.0,-0.0,0.0,0.0,-0.0,0.0,-0.00662276769485272,0.009922081753457225,-0.0,-0.0,-0.0,0.0,-0.0,-0.0,0.0,0.0,-0.0,-0.0,-0.03617795603128669,-0.12014220516038628,-0.028153829515818567,-0.0,-0.0,-0.0,-0.0,0.0,0.0,0.0,-0.0,-0.0,-0.0,0.01624707190984644,0.040021426193262245,-0.0,-0.0,0.15210594013079984,0.0,-0.0,0.0,-0.0,0.0,0.0,0.0,-0.0,-0.0,-0.0,-0.004014566356874585,-0.0,-0.0,-0.0,-0.0,0.010400227772651484,-0.0,0.0,0.0,0.0,-0.0,-0.0,-0.0,-0.0,0.0,-0.0,0.0,-0.007932863825771614,0.0,0.0,-0.0,-0.0,-0.0,0.0,0.0,0.0,-0.0,0.0,0.0,0.0,0.020048227667776874,-0.0,-0.0,0.02983304273097229,-0.0,-0.0,-0.0,-0.0,-0.0,0.0,-0.0,0.0,-0.0,0.0,0.0,0.0,-0.0,0.0,-0.0,0.0,-0.0,-0.0,0.0,0.0,-0.0,-0.0,-0.0,-0.0,0.0,-0.0,0.0,0.0,0.004257216543096128,0.0037211379533917477,-0.0,0.0,0.0,0.0,0.0,0.0,0.0,0.0,0.0,-0.0,-0.0,-0.0,-0.0,0.0,-0.0,-0.0,-0.0,-0.0,-0.0,0.0,-0.0,0.0,0.0,0.0,0.0,0.0,-0.0,0.0,-0.0,0.0,-0.0,-0.0,0.0,0.0020879812963076,-0.0,-0.0,-0.0,-0.0,-0.0,-0.0,0.030638507795086572,0.06491561246016783,0.0,0.0,-0.0,0.0,0.0,0.0,0.0,0.0,0.0,-0.0,0.0,0.0,0.0,-0.0,0.0,0.2301386069080137,2025-06-14,3,20
-0.0,-0.0,-0.0,-0.0,0.0,0.012533518746590772,-0.0,-0.0,0.0,-0.0,0.0,0.0,-0.0,0.0,-0.00662276769485272,0.009922081753457225,-0.0,-0.0,-0.0,0.0,-0.0,-0.0,0.0,0.0,-0.0,-0.0,-0.03617795603128669,-0.12014220516038628,-0.028153829515818567,-0.0,-0.0,-0.0,-0.0,0.0,0.0,0.0,-0.0,-0.0,-0.0,0.01624707190984644,0.040021426193262245,-0.0,-0.0,0.15210594013079984,0.0,-0.0,0.0,-0.0,0.0,0.0,0.0,-0.0,-0.0,-0.0,-0.004014566356874585,-0.0,-0.0,-0.0,-0.0,0.010400227772651484,-0.0,0.0,0.0,0.0,-0.0,-0.0,-0.0,-0.0,0.0,-0.0,0.0,-0.007932863825771614,0.0,0.0,-0.0,-0.0,-0.0,0.0,0.0,0.0,-0.0,0.0,0.0,0.0,0.020048227667776874,-0.0,-0.0,0.02983304273097229,-0.0,-0.0,-0.0,-0.0,-0.0,0.0,-0.0,0.0,-0.0,0.0,0.0,0.0,-0.0,0.0,-0.0,0.0,-0.0,-0.0,0.0,0.0,-0.0,-0.0,-0.0,-0.0,0.0,-0.0,0.0,0.0,0.004257216543096128,0.0037211379533917477,-0.0,0.0,0.0,0.0,0.0,0.0,0.0,0.0,0.0,-0.0,-0.0,-0.0,-0.0,0.0,-0.0,-0.0,-0.0,-0.0,-0.0,0.0,-0.0,0.0,0.0,0.0,0.0,0.0,-0.0,0.0,-0.0,0.0,-0.0,-0.0,0.0,0.0020879812963076,-0.0,-0.0,-0.0,-0.0,-0.0,-0.0,0.030638507795086572,0.06491561246016783,0.0,0.0,-0.0,0.0,0.0,0.0,0.0,0.0,0.0,-0.0,0.0,0.0,0.0,-0.0,0.0,0.2301386069080137,2025-06-15,3,20
-0.0,-0.0,-0.0,-0.0,0.0,0.012533518746590772,-0.0,-0.0,0.0,-0.0,0.0,0.0,-0.0,0.0,-0.00662276769485272,0.009922081753457225,-0.0,-0.0,-0.0,0.0,-0.0,-0.0,0.0,0.0,-0.0,-0.0,-0.03617795603128669,-0.12014220516038628,-0.028153829515818567,-0.0,-0.0,-0.0,-0.0,0.0,0.0,0.0,-0.0,-0.0,-0.0,0.01624707190984644,0.040021426193262245,-0.0,-0.0,0.15210594013079984,0.0,-0.0,0.0,-0.0,0.0,0.0,0.0,-0.0,-0.0,-0.0,-0.004014566356874585,-0.0,-0.0,-0.0,-0.0,0.010400227772651484,-0.0,0.0,0.0,0.0,-0.0,-0.0,-0.0,-0.0,0.0,-0.0,0.0,-0.007932863825771614,0.0,0.0,-0.0,-0.0,-0.0,0.0,0.0,0.0,-0.0,0.0,0.0,0.0,0.020048227667776874,-0.0,-0.0,0.02983304273097229,-0.0,-0.0,-0.0,-0.0,-0.0,0.0,-0.0,0.0,-0.0,0.0,0.0,0.0,-0.0,0.0,-0.0,0.0,-0.0,-0.0,0.0,0.0,-0.0,-0.0,-0.0,-0.0,0.0,-0.0,0.0,0.0,0.004257216543096128,0.0037211379533917477,-0.0,0.0,0.0,0.0,0.0,0.0,0.0,0.0,0.0,-0.0,-0.0,-0.0,-0.0,0.0,-0.0,-0.0,-0.0,-0.0,-0.0,0.0,-0.0,0.0,0.0,0.0,0.0,0.0,-0.0,0.0,-0.0,0.0,-0.0,-0.0,0.0,0.0020879812963076,-0.0,-0.0,-0.0,-0.0,-0.0,-0.0,0.030638507795086572,0.06491561246016783,0.0,0.0,-0.0,0.0,0.0,0.0,0.0,0.0,0.0,-0.0,0.0,0.0,0.0,-0.0,0.0,0.2301386069080137,2025-06-16,3,20
-0.0,-0.0,-0.0,-0.0,0.0,0.012533518746590772,-0.0,-0.0,0.0,-0.0,0.0,0.0,-0.0,0.0,-0.00662276769485272,0.009922081753457225,-0.0,-0.0,-0.0,0.0,-0.0,-0.0,0.0,0.0,-0.0,-0.0,-0.03617795603128669,-0.12014220516038628,-0.028153829515818567,-0.0,-0.0,-0.0,-0.0,0.0,0.0,0.0,-0.0,-0.0,-0.0,0.01624707190984644,0.040021426193262245,-0.0,-0.0,0.15210594013079984,0.0,-0.0,0.0,-0.0,0.0,0.0,0.0,-0.0,-0.0,-0.0,-0.004014566356874585,-0.0,-0.0,-0.0,-0.0,0.010400227772651484,-0.0,0.0,0.0,0.0,-0.0,-0.0,-0.0,-0.0,0.0,-0.0,0.0,-0.007932863825771614,0.0,0.0,-0.0,-0.0,-0.0,0.0,0.0,0.0,-0.0,0.0,0.0,0.0,0.020048227667776874,-0.0,-0.0,0.02983304273097229,-0.0,-0.0,-0.0,-0.0,-0.0,0.0,-0.0,0.0,-0.0,0.0,0.0,0.0,-0.0,0.0,-0.0,0.0,-0.0,-0.0,0.0,0.0,-0.0,-0.0,-0.0,-0.0,0.0,-0.0,0.0,0.0,0.004257216543096128,0.0037211379533917477,-0.0,0.0,0.0,0.0,0.0,0.0,0.0,0.0,0.0,-0.0,-0.0,-0.0,-0.0,0.0,-0.0,-0.0,-0.0,-0.0,-0.0,0.0,-0.0,0.0,0.0,0.0,0.0,0.0,-0.0,0.0,-0.0,0.0,-0.0,-0.0,0.0,0.0020879812963076,-0.0,-0.0,-0.0,-0.0,-0.0,-0.0,0.030638507795086572,0.06491561246016783,0.0,0.0,-0.0,0.0,0.0,0.0,0.0,0.0,0.0,-0.0,0.0,0.0,0.0,-0.0,0.0,0.2301386069080137,2025-06-17,3,20
-0.0,-0.0,-0.0,-0.0,0.0,0.012533518746590772,-0.0,-0.0,0.0,-0.0,0.0,0.0,-0.0,0.0,-0.00662276769485272,0.009922081753457225,-0.0,-0.0,-0.0,0.0,-0.0,-0.0,0.0,0.0,-0.0,-0.0,-0.03617795603128669,-0.12014220516038628,-0.028153829515818567,-0.0,-0.0,-0.0,-0.0,0.0,0.0,0.0,-0.0,-0.0,-0.0,0.01624707190984644,0.040021426193262245,-0.0,-0.0,0.15210594013079984,0.0,-0.0,0.0,-0.0,0.0,0.0,0.0,-0.0,-0.0,-0.0,-0.004014566356874585,-0.0,-0.0,-0.0,-0.0,0.010400227772651484,-0.0,0.0,0.0,0.0,-0.0,-0.0,-0.0,-0.0,0.0,-0.0,0.0,-0.007932863825771614,0.0,0.0,-0.0,-0.0,-0.0,0.0,0.0,0.0,-0.0,0.0,0.0,0.0,0.020048227667776874,-0.0,-0.0,0.02983304273097229,-0.0,-0.0,-0.0,-0.0,-0.0,0.0,-0.0,0.0,-0.0,0.0,0.0,0.0,-0.0,0.0,-0.0,0.0,-0.0,-0.0,0.0,0.0,-0.0,-0.0,-0.0,-0.0,0.0,-0.0,0.0,0.0,0.004257216543096128,0.0037211379533917477,-0.0,0.0,0.0,0.0,0.0,0.0,0.0,0.0,0.0,-0.0,-0.0,-0.0,-0.0,0.0,-0.0,-0.0,-0.0,-0.0,-0.0,0.0,-0.0,0.0,0.0,0.0,0.0,0.0,-0.0,0.0,-0.0,0.0,-0.0,-0.0,0.0,0.0020879812963076,-0.0,-0.0,-0.0,-0.0,-0.0,-0.0,0.030638507795086572,0.06491561246016783,0.0,0.0,-0.0,0.0,0.0,0.0,0.0,0.0,0.0,-0.0,0.0,0.0,0.0,-0.0,0.0,0.2301386069080137,2025-06-18,3,20
-0.0,-0.0,-0.0,-0.0,0.0,0.012533518746590772,-0.0,-0.0,0.0,-0.0,0.0,0.0,-0.0,0.0,-0.00662276769485272,0.009922081753457225,-0.0,-0.0,-0.0,0.0,-0.0,-0.0,0.0,0.0,-0.0,-0.0,-0.03617795603128669,-0.12014220516038628,-0.028153829515818567,-0.0,-0.0,-0.0,-0.0,0.0,0.0,0.0,-0.0,-0.0,-0.0,0.01624707190984644,0.040021426193262245,-0.0,-0.0,0.15210594013079984,0.0,-0.0,0.0,-0.0,0.0,0.0,0.0,-0.0,-0.0,-0.0,-0.004014566356874585,-0.0,-0.0,-0.0,-0.0,0.010400227772651484,-0.0,0.0,0.0,0.0,-0.0,-0.0,-0.0,-0.0,0.0,-0.0,0.0,-0.007932863825771614,0.0,0.0,-0.0,-0.0,-0.0,0.0,0.0,0.0,-0.0,0.0,0.0,0.0,0.020048227667776874,-0.0,-0.0,0.02983304273097229,-0.0,-0.0,-0.0,-0.0,-0.0,0.0,-0.0,0.0,-0.0,0.0,0.0,0.0,-0.0,0.0,-0.0,0.0,-0.0,-0.0,0.0,0.0,-0.0,-0.0,-0.0,-0.0,0.0,-0.0,0.0,0.0,0.004257216543096128,0.0037211379533917477,-0.0,0.0,0.0,0.0,0.0,0.0,0.0,0.0,0.0,-0.0,-0.0,-0.0,-0.0,0.0,-0.0,-0.0,-0.0,-0.0,-0.0,0.0,-0.0,0.0,0.0,0.0,0.0,0.0,-0.0,0.0,-0.0,0.0,-0.0,-0.0,0.0,0.0020879812963076,-0.0,-0.0,-0.0,-0.0,-0.0,-0.0,0.030638507795086572,0.06491561246016783,0.0,0.0,-0.0,0.0,0.0,0.0,0.0,0.0,0.0,-0.0,0.0,0.0,0.0,-0.0,0.0,0.2301386069080137,2025-06-19,3,20
-0.0,-0.0,-0.0,-0.0,0.0,0.012533518746590772,-0.0,-0.0,0.0,-0.0,0.0,0.0,-0.0,0.0,-0.00662276769485272,0.009922081753457225,-0.0,-0.0,-0.0,0.0,-0.0,-0.0,0.0,0.0,-0.0,-0.0,-0.03617795603128669,-0.12014220516038628,-0.028153829515818567,-0.0,-0.0,-0.0,-0.0,0.0,0.0,0.0,-0.0,-0.0,-0.0,0.01624707190984644,0.040021426193262245,-0.0,-0.0,0.15210594013079984,0.0,-0.0,0.0,-0.0,0.0,0.0,0.0,-0.0,-0.0,-0.0,-0.004014566356874585,-0.0,-0.0,-0.0,-0.0,0.010400227772651484,-0.0,0.0,0.0,0.0,-0.0,-0.0,-0.0,-0.0,0.0,-0.0,0.0,-0.007932863825771614,0.0,0.0,-0.0,-0.0,-0.0,0.0,0.0,0.0,-0.0,0.0,0.0,0.0,0.020048227667776874,-0.0,-0.0,0.02983304273097229,-0.0,-0.0,-0.0,-0.0,-0.0,0.0,-0.0,0.0,-0.0,0.0,0.0,0.0,-0.0,0.0,-0.0,0.0,-0.0,-0.0,0.0,0.0,-0.0,-0.0,-0.0,-0.0,0.0,-0.0,0.0,0.0,0.004257216543096128,0.0037211379533917477,-0.0,0.0,0.0,0.0,0.0,0.0,0.0,0.0,0.0,-0.0,-0.0,-0.0,-0.0,0.0,-0.0,-0.0,-0.0,-0.0,-0.0,0.0,-0.0,0.0,0.0,0.0,0.0,0.0,-0.0,0.0,-0.0,0.0,-0.0,-0.0,0.0,0.0020879812963076,-0.0,-0.0,-0.0,-0.0,-0.0,-0.0,0.030638507795086572,0.06491561246016783,0.0,0.0,-0.0,0.0,0.0,0.0,0.0,0.0,0.0,-0.0,0.0,0.0,0.0,-0.0,0.0,0.2301386069080137,2025-06-20,3,20
-0.0,-0.0,-0.0,-0.0,0.0,0.014566145231493494,-0.0,-0.0,0.0,-0.0,0.0,0.0,-0.0,0.0,-0.004990145310055792,0.0,-0.0,-0.0,-0.0,0.0,-0.0,-0.0,0.0,0.0,-0.0,-0.0,-0.034776922467876226,-0.1220481213578609,-0.025904641804586275,-0.0,-0.0,-0.0,-0.0,0.0,0.0,0.0,-0.0,-0.0,-0.0,0.03536043374755971,0.01821245083809693,-0.0,-0.0,0.14599712603389262,0.0,-0.0,0.0,-0.0,0.0,0.0,0.0,-0.0,-0.0,-0.0,-0.002517171633116681,-0.0,-0.0,-0.0,-0.0,0.012434843110743552,0.0,0.0,-0.0,0.0,-0.0,-0.0,-0.0,-0.0,0.0,-0.0,0.0,-0.008148248604652323,0.0,0.0,-0.0,-0.0,-0.0,0.0,0.0,0.0,-0.0,0.0,0.0,0.0,0.0026414334138856735,-0.0,-0.0,0.032346923863999066,-0.0,-0.0,-0.0,-0.0,-0.0,-0.0,-0.0,0.0,-0.0,0.0,0.0,0.0,-0.0,0.0,-0.0,0.0,-0.0,-0.0,0.0,0.0,-0.0,-0.0,-0.0,-0.0,0.0,0.0,0.0,0.0,0.011037035532330635,0.0,-0.0,0.0,0.0,0.0,0.0,0.0,0.0,0.0,0.0,-0.0,-0.006875457384441743,-0.0,-0.0,0.0,-0.0,0.0,-0.0,-0.0,0.0,0.0,-0.0,0.0,0.0,0.0,0.0,0.0,-0.0,0.0,-0.0,0.0,-0.0,-0.0,0.000875440378162893,0.0,0.0,-0.0,-0.0,-0.0,-0.0,-0.0,0.02718563628115236,0.06298271374613058,0.0,0.0,-0.0,0.0,0.0,0.0,0.0,0.0,0.0,-0.0,0.0,0.0,0.0,-0.0,0.0,0.22369298076575755,2025-06-21,3,19
-0.0,-0.0,-0.0,-0.0,0.0,0.014566145231493494,-0.0,-0.0,0.0,-0.0,0.0,0.0,-0.0,0.0,-0.004990145310055792,0.0,-0.0,-0.0,-0.0,0.0,-0.0,-0.0,0.0,0.0,-0.0,-0.0,-0.034776922467876226,-0.1220481213578609,-0.025904641804586275,-0.0,-0.0,-0.0,-0.0,0.0,0.0,0.0,-0.0,-0.0,-0.0,0.03536043374755971,0.01821245083809693,-0.0,-0.0,0.14599712603389262,0.0,-0.0,0.0,-0.0,0.0,0.0,0.0,-0.0,-0.0,-0.0,-0.002517171633116681,-0.0,-0.0,-0.0,-0.0,0.012434843110743552,0.0,0.0,-0.0,0.0,-0.0,-0.0,-0.0,-0.0,0.0,-0.0,0.0,-0.008148248604652323,0.0,0.0,-0.0,-0.0,-0.0,0.0,0.0,0.0,-0.0,0.0,0.0,0.0,0.0026414334138856735,-0.0,-0.0,0.032346923863999066,-0.0,-0.0,-0.0,-0.0,-0.0,-0.0,-0.0,0.0,-0.0,0.0,0.0,0.0,-0.0,0.0,-0.0,0.0,-0.0,-0.0,0.0,0.0,-0.0,-0.0,-0.0,-0.0,0.0,0.0,0.0,0.0,0.011037035532330635,0.0,-0.0,0.0,0.0,0.0,0.0,0.0,0.0,0.0,0.0,-0.0,-0.006875457384441743,-0.0,-0.0,0.0,-0.0,0.0,-0.0,-0.0,0.0,0.0,-0.0,0.0,0.0,0.0,0.0,0.0,-0.0,0.0,-0.0,0.0,-0.0,-0.0,0.000875440378162893,0.0,0.0,-0.0,-0.0,-0.0,-0.0,-0.0,0.02718563628115236,0.06298271374613058,0.0,0.0,-0.0,0.0,0.0,0.0,0.0,0.0,0.0,-0.0,0.0,0.0,0.0,-0.0,0.0,0.22369298076575755,2025-06-22,3,19
-0.0,-0.0,-0.0,-0.0,0.0,0.014566145231493494,-0.0,-0.0,0.0,-0.0,0.0,0.0,-0.0,0.0,-0.004990145310055792,0.0,-0.0,-0.0,-0.0,0.0,-0.0,-0.0,0.0,0.0,-0.0,-0.0,-0.034776922467876226,-0.1220481213578609,-0.025904641804586275,-0.0,-0.0,-0.0,-0.0,0.0,0.0,0.0,-0.0,-0.0,-0.0,0.03536043374755971,0.01821245083809693,-0.0,-0.0,0.14599712603389262,0.0,-0.0,0.0,-0.0,0.0,0.0,0.0,-0.0,-0.0,-0.0,-0.002517171633116681,-0.0,-0.0,-0.0,-0.0,0.012434843110743552,0.0,0.0,-0.0,0.0,-0.0,-0.0,-0.0,-0.0,0.0,-0.0,0.0,-0.008148248604652323,0.0,0.0,-0.0,-0.0,-0.0,0.0,0.0,0.0,-0.0,0.0,0.0,0.0,0.0026414334138856735,-0.0,-0.0,0.032346923863999066,-0.0,-0.0,-0.0,-0.0,-0.0,-0.0,-0.0,0.0,-0.0,0.0,0.0,0.0,-0.0,0.0,-0.0,0.0,-0.0,-0.0,0.0,0.0,-0.0,-0.0,-0.0,-0.0,0.0,0.0,0.0,0.0,0.011037035532330635,0.0,-0.0,0.0,0.0,0.0,0.0,0.0,0.0,0.0,0.0,-0.0,-0.006875457384441743,-0.0,-0.0,0.0,-0.0,0.0,-0.0,-0.0,0.0,0.0,-0.0,0.0,0.0,0.0,0.0,0.0,-0.0,0.0,-0.0,0.0,-0.0,-0.0,0.000875440378162893,0.0,0.0,-0.0,-0.0,-0.0,-0.0,-0.0,0.02718563628115236,0.06298271374613058,0.0,0.0,-0.0,0.0,0.0,0.0,0.0,0.0,0.0,-0.0,0.0,0.0,0.0,-0.0,0.0,0.22369298076575755,2025-06-23,3,19
-0.0,-0.0,-0.0,-0.0,0.0,0.014566145231493494,-0.0,-0.0,0.0,-0.0,0.0,0.0,-0.0,0.0,-0.004990145310055792,0.0,-0.0,-0.0,-0.0,0.0,-0.0,-0.0,0.0,0.0,-0.0,-0.0,-0.034776922467876226,-0.1220481213578609,-0.025904641804586275,-0.0,-0.0,-0.0,-0.0,0.0,0.0,0.0,-0.0,-0.0,-0.0,0.03536043374755971,0.01821245083809693,-0.0,-0.0,0.14599712603389262,0.0,-0.0,0.0,-0.0,0.0,0.0,0.0,-0.0,-0.0,-0.0,-0.002517171633116681,-0.0,-0.0,-0.0,-0.0,0.012434843110743552,0.0,0.0,-0.0,0.0,-0.0,-0.0,-0.0,-0.0,0.0,-0.0,0.0,-0.008148248604652323,0.0,0.0,-0.0,-0.0,-0.0,0.0,0.0,0.0,-0.0,0.0,0.0,0.0,0.0026414334138856735,-0.0,-0.0,0.032346923863999066,-0.0,-0.0,-0.0,-0.0,-0.0,-0.0,-0.0,0.0,-0.0,0.0,0.0,0.0,-0.0,0.0,-0.0,0.0,-0.0,-0.0,0.0,0.0,-0.0,-0.0,-0.0,-0.0,0.0,0.0,0.0,0.0,0.011037035532330635,0.0,-0.0,0.0,0.0,0.0,0.0,0.0,0.0,0.0,0.0,-0.0,-0.006875457384441743,-0.0,-0.0,0.0,-0.0,0.0,-0.0,-0.0,0.0,0.0,-0.0,0.0,0.0,0.0,0.0,0.0,-0.0,0.0,-0.0,0.0,-0.0,-0.0,0.000875440378162893,0.0,0.0,-0.0,-0.0,-0.0,-0.0,-0.0,0.02718563628115236,0.06298271374613058,0.0,0.0,-0.0,0.0,0.0,0.0,0.0,0.0,0.0,-0.0,0.0,0.0,0.0,-0.0,0.0,0.22369298076575755,2025-06-24,3,19
-0.0,-0.0,-0.0,-0.0,0.0,0.014566145231493494,-0.0,-0.0,0.0,-0.0,0.0,0.0,-0.0,0.0,-0.004990145310055792,0.0,-0.0,-0.0,-0.0,0.0,-0.0,-0.0,0.0,0.0,-0.0,-0.0,-0.034776922467876226,-0.1220481213578609,-0.025904641804586275,-0.0,-0.0,-0.0,-0.0,0.0,0.0,0.0,-0.0,-0.0,-0.0,0.03536043374755971,0.01821245083809693,-0.0,-0.0,0.14599712603389262,0.0,-0.0,0.0,-0.0,0.0,0.0,0.0,-0.0,-0.0,-0.0,-0.002517171633116681,-0.0,-0.0,-0.0,-0.0,0.012434843110743552,0.0,0.0,-0.0,0.0,-0.0,-0.0,-0.0,-0.0,0.0,-0.0,0.0,-0.008148248604652323,0.0,0.0,-0.0,-0.0,-0.0,0.0,0.0,0.0,-0.0,0.0,0.0,0.0,0.0026414334138856735,-0.0,-0.0,0.032346923863999066,-0.0,-0.0,-0.0,-0.0,-0.0,-0.0,-0.0,0.0,-0.0,0.0,0.0,0.0,-0.0,0.0,-0.0,0.0,-0.0,-0.0,0.0,0.0,-0.0,-0.0,-0.0,-0.0,0.0,0.0,0.0,0.0,0.011037035532330635,0.0,-0.0,0.0,0.0,0.0,0.0,0.0,0.0,0.0,0.0,-0.0,-0.006875457384441743,-0.0,-0.0,0.0,-0.0,0.0,-0.0,-0.0,0.0,0.0,-0.0,0.0,0.0,0.0,0.0,0.0,-0.0,0.0,-0.0,0.0,-0.0,-0.0,0.000875440378162893,0.0,0.0,-0.0,-0.0,-0.0,-0.0,-0.0,0.02718563628115236,0.06298271374613058,0.0,0.0,-0.0,0.0,0.0,0.0,0.0,0.0,0.0,-0.0,0.0,0.0,0.0,-0.0,0.0,0.22369298076575755,2025-06-25,3,19
-0.0,-0.0,-0.0,-0.0,0.0,0.014566145231493494,-0.0,-0.0,0.0,-0.0,0.0,0.0,-0.0,0.0,-0.004990145310055792,0.0,-0.0,-0.0,-0.0,0.0,-0.0,-0.0,0.0,0.0,-0.0,-0.0,-0.034776922467876226,-0.1220481213578609,-0.025904641804586275,-0.0,-0.0,-0.0,-0.0,0.0,0.0,0.0,-0.0,-0.0,-0.0,0.03536043374755971,0.01821245083809693,-0.0,-0.0,0.14599712603389262,0.0,-0.0,0.0,-0.0,0.0,0.0,0.0,-0.0,-0.0,-0.0,-0.002517171633116681,-0.0,-0.0,-0.0,-0.0,0.012434843110743552,0.0,0.0,-0.0,0.0,-0.0,-0.0,-0.0,-0.0,0.0,-0.0,0.0,-0.008148248604652323,0.0,0.0,-0.0,-0.0,-0.0,0.0,0.0,0.0,-0.0,0.0,0.0,0.0,0.0026414334138856735,-0.0,-0.0,0.032346923863999066,-0.0,-0.0,-0.0,-0.0,-0.0,-0.0,-0.0,0.0,-0.0,0.0,0.0,0.0,-0.0,0.0,-0.0,0.0,-0.0,-0.0,0.0,0.0,-0.0,-0.0,-0.0,-0.0,0.0,0.0,0.0,0.0,0.011037035532330635,0.0,-0.0,0.0,0.0,0.0,0.0,0.0,0.0,0.0,0.0,-0.0,-0.006875457384441743,-0.0,-0.0,0.0,-0.0,0.0,-0.0,-0.0,0.0,0.0,-0.0,0.0,0.0,0.0,0.0,0.0,-0.0,0.0,-0.0,0.0,-0.0,-0.0,0.000875440378162893,0.0,0.0,-0.0,-0.0,-0.0,-0.0,-0.0,0.02718563628115236,0.06298271374613058,0.0,0.0,-0.0,0.0,0.0,0.0,0.0,0.0,0.0,-0.0,0.0,0.0,0.0,-0.0,0.0,0.22369298076575755,2025-06-26,3,19
-0.0,-0.0,-0.0,-0.0,0.0,0.014566145231493494,-0.0,-0.0,0.0,-0.0,0.0,0.0,-0.0,0.0,-0.004990145310055792,0.0,-0.0,-0.0,-0.0,0.0,-0.0,-0.0,0.0,0.0,-0.0,-0.0,-0.034776922467876226,-0.1220481213578609,-0.025904641804586275,-0.0,-0.0,-0.0,-0.0,0.0,0.0,0.0,-0.0,-0.0,-0.0,0.03536043374755971,0.01821245083809693,-0.0,-0.0,0.14599712603389262,0.0,-0.0,0.0,-0.0,0.0,0.0,0.0,-0.0,-0.0,-0.0,-0.002517171633116681,-0.0,-0.0,-0.0,-0.0,0.012434843110743552,0.0,0.0,-0.0,0.0,-0.0,-0.0,-0.0,-0.0,0.0,-0.0,0.0,-0.008148248604652323,0.0,0.0,-0.0,-0.0,-0.0,0.0,0.0,0.0,-0.0,0.0,0.0,0.0,0.0026414334138856735,-0.0,-0.0,0.032346923863999066,-0.0,-0.0,-0.0,-0.0,-0.0,-0.0,-0.0,0.0,-0.0,0.0,0.0,0.0,-0.0,0.0,-0.0,0.0,-0.0,-0.0,0.0,0.0,-0.0,-0.0,-0.0,-0.0,0.0,0.0,0.0,0.0,0.011037035532330635,0.0,-0.0,0.0,0.0,0.0,0.0,0.0,0.0,0.0,0.0,-0.0,-0.006875457384441743,-0.0,-0.0,0.0,-0.0,0.0,-0.0,-0.0,0.0,0.0,-0.0,0.0,0.0,0.0,0.0,0.0,-0.0,0.0,-0.0,0.0,-0.0,-0.0,0.000875440378162893,0.0,0.0,-0.0,-0.0,-0.0,-0.0,-0.0,0.02718563628115236,0.06298271374613058,0.0,0.0,-0.0,0.0,0.0,0.0,0.0,0.0,0.0,-0.0,0.0,0.0,0.0,-0.0,0.0,0.22369298076575755,2025-06-27,3,19
-0.0,-0.0008005628567096936,-0.0,-0.0,0.0,0.015564786284894449,-0.0,-0.0,0.0,-0.0,0.0,0.0,-0.0,0.0,-0.0064199625847806,0.0,-0.0,-0.0,-0.0,0.0,-0.0,-0.0,0.0,0.0,-0.0,-0.0,-0.039922818272737096,-0.12520935500888228,-0.029449558634595623,-0.0,-0.0,-0.0,-0.0,0.0,0.0,0.0,-0.0,-0.0,-0.0,0.03653819364249615,0.020304919222644473,-0.0,-0.0,0.14824704952571133,0.0,-0.0,0.0,-0.0,0.0,0.0,0.0,-0.0,-0.0,-0.0,-0.0048579373247243035,-0.0,-0.0,-0.0,-0.0,0.0,0.0,0.0,-0.0,0.0,-0.0,-0.0,-0.0,-0.0,0.0,-0.0,0.0,-0.010675300331220123,0.0,0.0,-0.0,-0.0,-0.0,0.0,0.0,0.0,-0.0,0.0,0.0,0.0,0.006004712842490922,-0.0,-0.0,0.03352579808527177,-0.0,-0.0,-0.0,-0.0,-0.0,0.0,0.0,0.0,-0.0,0.0,0.0,0.0,-0.0,0.0,-0.0,0.0,-0.0,-0.0,0.0,0.0,-0.0,-0.0,-0.0,-0.0,0.0,0.0,0.0,0.0,0.014109392927241957,0.0,-0.0,0.0,-0.0,0.0,0.0,0.0,0.0,0.0,0.0,-0.0,-0.0031616184815417762,-0.0,-0.0,0.0,-0.0,-0.0,-0.0,-0.0,-0.0,0.0,-0.0,0.0,0.0,0.0,0.0,0.0,-0.0,0.0,-0.0,0.0,-0.0,-0.0,0.00017696956877482302,0.000549216569650477,0.0,-0.0,-0.0,-0.0,-0.0,0.0,0.032868640989590636,0.05975922059610071,0.0,0.0,-0.0,0.0,0.0,0.0,0.0,0.0,0.0,-0.0,0.0,0.0,0.0,-0.0,0.0,0.21710277008338594,2025-06-28,3,20
-0.0,-0.0008005628567096936,-0.0,-0.0,0.0,0.015564786284894449,-0.0,-0.0,0.0,-0.0,0.0,0.0,-0.0,0.0,-0.0064199625847806,0.0,-0.0,-0.0,-0.0,0.0,-0.0,-0.0,0.0,0.0,-0.0,-0.0,-0.039922818272737096,-0.12520935500888228,-0.029449558634595623,-0.0,-0.0,-0.0,-0.0,0.0,0.0,0.0,-0.0,-0.0,-0.0,0.03653819364249615,0.020304919222644473,-0.0,-0.0,0.14824704952571133,0.0,-0.0,0.0,-0.0,0.0,0.0,0.0,-0.0,-0.0,-0.0,-0.0048579373247243035,-0.0,-0.0,-0.0,-0.0,0.0,0.0,0.0,-0.0,0.0,-0.0,-0.0,-0.0,-0.0,0.0,-0.0,0.0,-0.010675300331220123,0.0,0.0,-0.0,-0.0,-0.0,0.0,0.0,0.0,-0.0,0.0,0.0,0.0,0.006004712842490922,-0.0,-0.0,0.03352579808527177,-0.0,-0.0,-0.0,-0.0,-0.0,0.0,0.0,0.0,-0.0,0.0,0.0,0.0,-0.0,0.0,-0.0,0.0,-0.0,-0.0,0.0,0.0,-0.0,-0.0,-0.0,-0.0,0.0,0.0,0.0,0.0,0.014109392927241957,0.0,-0.0,0.0,-0.0,0.0,0.0,0.0,0.0,0.0,0.0,-0.0,-0.0031616184815417762,-0.0,-0.0,0.0,-0.0,-0.0,-0.0,-0.0,-0.0,0.0,-0.0,0.0,0.0,0.0,0.0,0.0,-0.0,0.0,-0.0,0.0,-0.0,-0.0,0.00017696956877482302,0.000549216569650477,0.0,-0.0,-0.0,-0.0,-0.0,0.0,0.032868640989590636,0.05975922059610071,0.0,0.0,-0.0,0.0,0.0,0.0,0.0,0.0,0.0,-0.0,0.0,0.0,0.0,-0.0,0.0,0.21710277008338594,2025-06-29,3,20
-0.0,-0.0008005628567096936,-0.0,-0.0,0.0,0.015564786284894449,-0.0,-0.0,0.0,-0.0,0.0,0.0,-0.0,0.0,-0.0064199625847806,0.0,-0.0,-0.0,-0.0,0.0,-0.0,-0.0,0.0,0.0,-0.0,-0.0,-0.039922818272737096,-0.12520935500888228,-0.029449558634595623,-0.0,-0.0,-0.0,-0.0,0.0,0.0,0.0,-0.0,-0.0,-0.0,0.03653819364249615,0.020304919222644473,-0.0,-0.0,0.14824704952571133,0.0,-0.0,0.0,-0.0,0.0,0.0,0.0,-0.0,-0.0,-0.0,-0.0048579373247243035,-0.0,-0.0,-0.0,-0.0,0.0,0.0,0.0,-0.0,0.0,-0.0,-0.0,-0.0,-0.0,0.0,-0.0,0.0,-0.010675300331220123,0.0,0.0,-0.0,-0.0,-0.0,0.0,0.0,0.0,-0.0,0.0,0.0,0.0,0.006004712842490922,-0.0,-0.0,0.03352579808527177,-0.0,-0.0,-0.0,-0.0,-0.0,0.0,0.0,0.0,-0.0,0.0,0.0,0.0,-0.0,0.0,-0.0,0.0,-0.0,-0.0,0.0,0.0,-0.0,-0.0,-0.0,-0.0,0.0,0.0,0.0,0.0,0.014109392927241957,0.0,-0.0,0.0,-0.0,0.0,0.0,0.0,0.0,0.0,0.0,-0.0,-0.0031616184815417762,-0.0,-0.0,0.0,-0.0,-0.0,-0.0,-0.0,-0.0,0.0,-0.0,0.0,0.0,0.0,0.0,0.0,-0.0,0.0,-0.0,0.0,-0.0,-0.0,0.00017696956877482302,0.000549216569650477,0.0,-0.0,-0.0,-0.0,-0.0,0.0,0.032868640989590636,0.05975922059610071,0.0,0.0,-0.0,0.0,0.0,0.0,0.0,0.0,0.0,-0.0,0.0,0.0,0.0,-0.0,0.0,0.21710277008338594,2025-06-30,3,20
-0.0,-0.0008005628567096936,-0.0,-0.0,0.0,0.015564786284894449,-0.0,-0.0,0.0,-0.0,0.0,0.0,-0.0,0.0,-0.0064199625847806,0.0,-0.0,-0.0,-0.0,0.0,-0.0,-0.0,0.0,0.0,-0.0,-0.0,-0.039922818272737096,-0.12520935500888228,-0.029449558634595623,-0.0,-0.0,-0.0,-0.0,0.0,0.0,0.0,-0.0,-0.0,-0.0,0.03653819364249615,0.020304919222644473,-0.0,-0.0,0.14824704952571133,0.0,-0.0,0.0,-0.0,0.0,0.0,0.0,-0.0,-0.0,-0.0,-0.0048579373247243035,-0.0,-0.0,-0.0,-0.0,0.0,0.0,0.0,-0.0,0.0,-0.0,-0.0,-0.0,-0.0,0.0,-0.0,0.0,-0.010675300331220123,0.0,0.0,-0.0,-0.0,-0.0,0.0,0.0,0.0,-0.0,0.0,0.0,0.0,0.006004712842490922,-0.0,-0.0,0.03352579808527177,-0.0,-0.0,-0.0,-0.0,-0.0,0.0,0.0,0.0,-0.0,0.0,0.0,0.0,-0.0,0.0,-0.0,0.0,-0.0,-0.0,0.0,0.0,-0.0,-0.0,-0.0,-0.0,0.0,0.0,0.0,0.0,0.014109392927241957,0.0,-0.0,0.0,-0.0,0.0,0.0,0.0,0.0,0.0,0.0,-0.0,-0.0031616184815417762,-0.0,-0.0,0.0,-0.0,-0.0,-0.0,-0.0,-0.0,0.0,-0.0,0.0,0.0,0.0,0.0,0.0,-0.0,0.0,-0.0,0.0,-0.0,-0.0,0.00017696956877482302,0.000549216569650477,0.0,-0.0,-0.0,-0.0,-0.0,0.0,0.032868640989590636,0.05975922059610071,0.0,0.0,-0.0,0.0,0.0,0.0,0.0,0.0,0.0,-0.0,0.0,0.0,0.0,-0.0,0.0,0.21710277008338594,2025-07-01,3,20
-0.0,-0.0008005628567096936,-0.0,-0.0,0.0,0.015564786284894449,-0.0,-0.0,0.0,-0.0,0.0,0.0,-0.0,0.0,-0.0064199625847806,0.0,-0.0,-0.0,-0.0,0.0,-0.0,-0.0,0.0,0.0,-0.0,-0.0,-0.039922818272737096,-0.12520935500888228,-0.029449558634595623,-0.0,-0.0,-0.0,-0.0,0.0,0.0,0.0,-0.0,-0.0,-0.0,0.03653819364249615,0.020304919222644473,-0.0,-0.0,0.14824704952571133,0.0,-0.0,0.0,-0.0,0.0,0.0,0.0,-0.0,-0.0,-0.0,-0.0048579373247243035,-0.0,-0.0,-0.0,-0.0,0.0,0.0,0.0,-0.0,0.0,-0.0,-0.0,-0.0,-0.0,0.0,-0.0,0.0,-0.010675300331220123,0.0,0.0,-0.0,-0.0,-0.0,0.0,0.0,0.0,-0.0,0.0,0.0,0.0,0.006004712842490922,-0.0,-0.0,0.03352579808527177,-0.0,-0.0,-0.0,-0.0,-0.0,0.0,0.0,0.0,-0.0,0.0,0.0,0.0,-0.0,0.0,-0.0,0.0,-0.0,-0.0,0.0,0.0,-0.0,-0.0,-0.0,-0.0,0.0,0.0,0.0,0.0,0.014109392927241957,0.0,-0.0,0.0,-0.0,0.0,0.0,0.0,0.0,0.0,0.0,-0.0,-0.0031616184815417762,-0.0,-0.0,0.0,-0.0,-0.0,-0.0,-0.0,-0.0,0.0,-0.0,0.0,0.0,0.0,0.0,0.0,-0.0,0.0,-0.0,0.0,-0.0,-0.0,0.00017696956877482302,0.000549216569650477,0.0,-0.0,-0.0,-0.0,-0.0,0.0,0.032868640989590636,0.05975922059610071,0.0,0.0,-0.0,0.0,0.0,0.0,0.0,0.0,0.0,-0.0,0.0,0.0,0.0,-0.0,0.0,0.21710277008338594,2025-07-02,3,20
-0.0,-0.0008005628567096936,-0.0,-0.0,0.0,0.015564786284894449,-0.0,-0.0,0.0,-0.0,0.0,0.0,-0.0,0.0,-0.0064199625847806,0.0,-0.0,-0.0,-0.0,0.0,-0.0,-0.0,0.0,0.0,-0.0,-0.0,-0.039922818272737096,-0.12520935500888228,-0.029449558634595623,-0.0,-0.0,-0.0,-0.0,0.0,0.0,0.0,-0.0,-0.0,-0.0,0.03653819364249615,0.020304919222644473,-0.0,-0.0,0.14824704952571133,0.0,-0.0,0.0,-0.0,0.0,0.0,0.0,-0.0,-0.0,-0.0,-0.0048579373247243035,-0.0,-0.0,-0.0,-0.0,0.0,0.0,0.0,-0.0,0.0,-0.0,-0.0,-0.0,-0.0,0.0,-0.0,0.0,-0.010675300331220123,0.0,0.0,-0.0,-0.0,-0.0,0.0,0.0,0.0,-0.0,0.0,0.0,0.0,0.006004712842490922,-0.0,-0.0,0.03352579808527177,-0.0,-0.0,-0.0,-0.0,-0.0,0.0,0.0,0.0,-0.0,0.0,0.0,0.0,-0.0,0.0,-0.0,0.0,-0.0,-0.0,0.0,0.0,-0.0,-0.0,-0.0,-0.0,0.0,0.0,0.0,0.0,0.014109392927241957,0.0,-0.0,0.0,-0.0,0.0,0.0,0.0,0.0,0.0,0.0,-0.0,-0.0031616184815417762,-0.0,-0.0,0.0,-0.0,-0.0,-0.0,-0.0,-0.0,0.0,-0.0,0.0,0.0,0.0,0.0,0.0,-0.0,0.0,-0.0,0.0,-0.0,-0.0,0.00017696956877482302,0.000549216569650477,0.0,-0.0,-0.0,-0.0,-0.0,0.0,0.032868640989590636,0.05975922059610071,0.0,0.0,-0.0,0.0,0.0,0.0,0.0,0.0,0.0,-0.0,0.0,0.0,0.0,-0.0,0.0,0.21710277008338594,2025-07-03,3,20
-0.0,-0.0008005628567096936,-0.0,-0.0,0.0,0.015564786284894449,-0.0,-0.0,0.0,-0.0,0.0,0.0,-0.0,0.0,-0.0064199625847806,0.0,-0.0,-0.0,-0.0,0.0,-0.0,-0.0,0.0,0.0,-0.0,-0.0,-0.039922818272737096,-0.12520935500888228,-0.029449558634595623,-0.0,-0.0,-0.0,-0.0,0.0,0.0,0.0,-0.0,-0.0,-0.0,0.03653819364249615,0.020304919222644473,-0.0,-0.0,0.14824704952571133,0.0,-0.0,0.0,-0.0,0.0,0.0,0.0,-0.0,-0.0,-0.0,-0.0048579373247243035,-0.0,-0.0,-0.0,-0.0,0.0,0.0,0.0,-0.0,0.0,-0.0,-0.0,-0.0,-0.0,0.0,-0.0,0.0,-0.010675300331220123,0.0,0.0,-0.0,-0.0,-0.0,0.0,0.0,0.0,-0.0,0.0,0.0,0.0,0.006004712842490922,-0.0,-0.0,0.03352579808527177,-0.0,-0.0,-0.0,-0.0,-0.0,0.0,0.0,0.0,-0.0,0.0,0.0,0.0,-0.0,0.0,-0.0,0.0,-0.0,-0.0,0.0,0.0,-0.0,-0.0,-0.0,-0.0,0.0,0.0,0.0,0.0,0.014109392927241957,0.0,-0.0,0.0,-0.0,0.0,0.0,0.0,0.0,0.0,0.0,-0.0,-0.0031616184815417762,-0.0,-0.0,0.0,-0.0,-0.0,-0.0,-0.0,-0.0,0.0,-0.0,0.0,0.0,0.0,0.0,0.0,-0.0,0.0,-0.0,0.0,-0.0,-0.0,0.00017696956877482302,0.000549216569650477,0.0,-0.0,-0.0,-0.0,-0.0,0.0,0.032868640989590636,0.05975922059610071,0.0,0.0,-0.0,0.0,0.0,0.0,0.0,0.0,0.0,-0.0,0.0,0.0,0.0,-0.0,0.0,0.21710277008338594,2025-07-04,3,20
-0.0,-0.0,-0.0,-0.0,0.0,0.015525993471246932,0.0,-0.0,0.0,-0.0,0.0,0.0,-0.0,0.0,-0.006516839192421567,0.0,-0.0,-0.0,-0.0,0.0,-0.0,-0.0,0.0,0.0,-0.0,-0.0,-0.041790946297746594,-0.12397584718943011,-0.028855966207754293,-0.0,-0.0,-0.0,-0.0,0.0,0.0,0.0,-0.0,-0.0,-0.0,0.03959055989877805,0.016299376626729218,-0.0,-0.0,0.15011162401365333,-0.0,-0.0,0.0,-0.0,0.0,0.0,0.0,-0.0,-0.0,-0.0,-0.006011553805675326,-0.0,-0.0,-0.0,-0.0,0.0,0.0,0.0,-0.0,0.0,-0.0,-0.0,0.0,0.0,0.0,-0.0,0.0,-0.012497504848225155,0.0,0.0,-0.0,-0.0,-0.0,0.0,0.0,0.0,-0.0,0.0,0.0,0.0,0.0027153793926524864,-0.0,-0.0,0.03430701638053392,-0.0,-0.0,-0.0,-0.0,-0.0,0.0,0.0,0.0,-0.0,0.0,0.0,0.0,-0.0,0.0,-0.0,0.0,-0.0,-0.0,0.0,0.0,-0.0,-0.0,-0.0,-0.0,0.0,0.0,0.0,-0.0,0.013651056396748587,0.0,-0.0,0.0,-0.0,0.0,0.0,0.0,0.0,0.0,0.0,-0.0,-0.010477774312010114,-0.0,-0.0,0.0,-0.0,-0.0,-0.0,-0.0,-0.0,0.0,-0.0,0.0,0.0,0.0,0.0,0.0,-0.0,0.0,-0.0,0.0,-0.0,-0.0,0.0006517514565586877,0.0,0.0,-0.0,-0.0,-0.0,-0.0,0.0,0.03186217448220834,0.05853259598228858,0.0,0.0,-0.0,0.0,0.0,0.0,0.0,0.0,0.0,-0.0,0.0,0.0,0.0,-0.0,0.0,0.22366886173155626,2025-07-05,3,18
-0.0,-0.0,-0.0,-0.0,0.0,0.015525993471246932,0.0,-0.0,0.0,-0.0,0.0,0.0,-0.0,0.0,-0.006516839192421567,0.0,-0.0,-0.0,-0.0,0.0,-0.0,-0.0,0.0,0.0,-0.0,-0.0,-0.041790946297746594,-0.12397584718943011,-0.028855966207754293,-0.0,-0.0,-0.0,-0.0,0.0,0.0,0.0,-0.0,-0.0,-0.0,0.03959055989877805,0.016299376626729218,-0.0,-0.0,0.15011162401365333,-0.0,-0.0,0.0,-0.0,0.0,0.0,0.0,-0.0,-0.0,-0.0,-0.006011553805675326,-0.0,-0.0,-0.0,-0.0,0.0,0.0,0.0,-0.0,0.0,-0.0,-0.0,0.0,0.0,0.0,-0.0,0.0,-0.012497504848225155,0.0,0.0,-0.0,-0.0,-0.0,0.0,0.0,0.0,-0.0,0.0,0.0,0.0,0.0027153793926524864,-0.0,-0.0,0.03430701638053392,-0.0,-0.0,-0.0,-0.0,-0.0,0.0,0.0,0.0,-0.0,0.0,0.0,0.0,-0.0,0.0,-0.0,0.0,-0.0,-0.0,0.0,0.0,-0.0,-0.0,-0.0,-0.0,0.0,0.0,0.0,-0.0,0.013651056396748587,0.0,-0.0,0.0,-0.0,0.0,0.0,0.0,0.0,0.0,0.0,-0.0,-0.010477774312010114,-0.0,-0.0,0.0,-0.0,-0.0,-0.0,-0.0,-0.0,0.0,-0.0,0.0,0.0,0.0,0.0,0.0,-0.0,0.0,-0.0,0.0,-0.0,-0.0,0.0006517514565586877,0.0,0.0,-0.0,-0.0,-0.0,-0.0,0.0,0.03186217448220834,0.05853259598228858,0.0,0.0,-0.0,0.0,0.0,0.0,0.0,0.0,0.0,-0.0,0.0,0.0,0.0,-0.0,0.0,0.22366886173155626,2025-07-06,3,18
-0.0,-0.0,-0.0,-0.0,0.0,0.015525993471246932,0.0,-0.0,0.0,-0.0,0.0,0.0,-0.0,0.0,-0.006516839192421567,0.0,-0.0,-0.0,-0.0,0.0,-0.0,-0.0,0.0,0.0,-0.0,-0.0,-0.041790946297746594,-0.12397584718943011,-0.028855966207754293,-0.0,-0.0,-0.0,-0.0,0.0,0.0,0.0,-0.0,-0.0,-0.0,0.03959055989877805,0.016299376626729218,-0.0,-0.0,0.15011162401365333,-0.0,-0.0,0.0,-0.0,0.0,0.0,0.0,-0.0,-0.0,-0.0,-0.006011553805675326,-0.0,-0.0,-0.0,-0.0,0.0,0.0,0.0,-0.0,0.0,-0.0,-0.0,0.0,0.0,0.0,-0.0,0.0,-0.012497504848225155,0.0,0.0,-0.0,-0.0,-0.0,0.0,0.0,0.0,-0.0,0.0,0.0,0.0,0.0027153793926524864,-0.0,-0.0,0.03430701638053392,-0.0,-0.0,-0.0,-0.0,-0.0,0.0,0.0,0.0,-0.0,0.0,0.0,0.0,-0.0,0.0,-0.0,0.0,-0.0,-0.0,0.0,0.0,-0.0,-0.0,-0.0,-0.0,0.0,0.0,0.0,-0.0,0.013651056396748587,0.0,-0.0,0.0,-0.0,0.0,0.0,0.0,0.0,0.0,0.0,-0.0,-0.010477774312010114,-0.0,-0.0,0.0,-0.0,-0.0,-0.0,-0.0,-0.0,0.0,-0.0,0.0,0.0,0.0,0.0,0.0,-0.0,0.0,-0.0,0.0,-0.0,-0.0,0.0006517514565586877,0.0,0.0,-0.0,-0.0,-0.0,-0.0,0.0,0.03186217448220834,0.05853259598228858,0.0,0.0,-0.0,0.0,0.0,0.0,0.0,0.0,0.0,-0.0,0.0,0.0,0.0,-0.0,0.0,0.22366886173155626,2025-07-07,3,18
-0.0,-0.0,-0.0,-0.0,0.0,0.015525993471246932,0.0,-0.0,0.0,-0.0,0.0,0.0,-0.0,0.0,-0.006516839192421567,0.0,-0.0,-0.0,-0.0,0.0,-0.0,-0.0,0.0,0.0,-0.0,-0.0,-0.041790946297746594,-0.12397584718943011,-0.028855966207754293,-0.0,-0.0,-0.0,-0.0,0.0,0.0,0.0,-0.0,-0.0,-0.0,0.03959055989877805,0.016299376626729218,-0.0,-0.0,0.15011162401365333,-0.0,-0.0,0.0,-0.0,0.0,0.0,0.0,-0.0,-0.0,-0.0,-0.006011553805675326,-0.0,-0.0,-0.0,-0.0,0.0,0.0,0.0,-0.0,0.0,-0.0,-0.0,0.0,0.0,0.0,-0.0,0.0,-0.012497504848225155,0.0,0.0,-0.0,-0.0,-0.0,0.0,0.0,0.0,-0.0,0.0,0.0,0.0,0.0027153793926524864,-0.0,-0.0,0.03430701638053392,-0.0,-0.0,-0.0,-0.0,-0.0,0.0,0.0,0.0,-0.0,0.0,0.0,0.0,-0.0,0.0,-0.0,0.0,-0.0,-0.0,0.0,0.0,-0.0,-0.0,-0.0,-0.0,0.0,0.0,0.0,-0.0,0.013651056396748587,0.0,-0.0,0.0,-0.0,0.0,0.0,0.0,0.0,0.0,0.0,-0.0,-0.010477774312010114,-0.0,-0.0,0.0,-0.0,-0.0,-0.0,-0.0,-0.0,0.0,-0.0,0.0,0.0,0.0,0.0,0.0,-0.0,0.0,-0.0,0.0,-0.0,-0.0,0.0006517514565586877,0.0,0.0,-0.0,-0.0,-0.0,-0.0,0.0,0.03186217448220834,0.05853259598228858,0.0,0.0,-0.0,0.0,0.0,0.0,0.0,0.0,0.0,-0.0,0.0,0.0,0.0,-0.0,0.0,0.22366886173155626,2025-07-08,3,18
-0.0,-0.0,-0.0,-0.0,0.0,0.015525993471246932,0.0,-0.0,0.0,-0.0,0.0,0.0,-0.0,0.0,-0.006516839192421567,0.0,-0.0,-0.0,-0.0,0.0,-0.0,-0.0,0.0,0.0,-0.0,-0.0,-0.041790946297746594,-0.12397584718943011,-0.028855966207754293,-0.0,-0.0,-0.0,-0.0,0.0,0.0,0.0,-0.0,-0.0,-0.0,0.03959055989877805,0.016299376626729218,-0.0,-0.0,0.15011162401365333,-0.0,-0.0,0.0,-0.0,0.0,0.0,0.0,-0.0,-0.0,-0.0,-0.006011553805675326,-0.0,-0.0,-0.0,-0.0,0.0,0.0,0.0,-0.0,0.0,-0.0,-0.0,0.0,0.0,0.0,-0.0,0.0,-0.012497504848225155,0.0,0.0,-0.0,-0.0,-0.0,0.0,0.0,0.0,-0.0,0.0,0.0,0.0,0.0027153793926524864,-0.0,-0.0,0.03430701638053392,-0.0,-0.0,-0.0,-0.0,-0.0,0.0,0.0,0.0,-0.0,0.0,0.0,0.0,-0.0,0.0,-0.0,0.0,-0.0,-0.0,0.0,0.0,-0.0,-0.0,-0.0,-0.0,0.0,0.0,0.0,-0.0,0.013651056396748587,0.0,-0.0,0.0,-0.0,0.0,0.0,0.0,0.0,0.0,0.0,-0.0,-0.010477774312010114,-0.0,-0.0,0.0,-0.0,-0.0,-0.0,-0.0,-0.0,0.0,-0.0,0.0,0.0,0.0,0.0,0.0,-0.0,0.0,-0.0,0.0,-0.0,-0.0,0.0006517514565586877,0.0,0.0,-0.0,-0.0,-0.0,-0.0,0.0,0.03186217448220834,0.05853259598228858,0.0,0.0,-0.0,0.0,0.0,0.0,0.0,0.0,0.0,-0.0,0.0,0.0,0.0,-0.0,0.0,0.22366886173155626,2025-07-09,3,18
-0.0,-0.0,-0.0,-0.0,0.0,0.015525993471246932,0.0,-0.0,0.0,-0.0,0.0,0.0,-0.0,0.0,-0.006516839192421567,0.0,-0.0,-0.0,-0.0,0.0,-0.0,-0.0,0.0,0.0,-0.0,-0.0,-0.041790946297746594,-0.12397584718943011,-0.028855966207754293,-0.0,-0.0,-0.0,-0.0,0.0,0.0,0.0,-0.0,-0.0,-0.0,0.03959055989877805,0.016299376626729218,-0.0,-0.0,0.15011162401365333,-0.0,-0.0,0.0,-0.0,0.0,0.0,0.0,-0.0,-0.0,-0.0,-0.006011553805675326,-0.0,-0.0,-0.0,-0.0,0.0,0.0,0.0,-0.0,0.0,-0.0,-0.0,0.0,0.0,0.0,-0.0,0.0,-0.012497504848225155,0.0,0.0,-0.0,-0.0,-0.0,0.0,0.0,0.0,-0.0,0.0,0.0,0.0,0.0027153793926524864,-0.0,-0.0,0.03430701638053392,-0.0,-0.0,-0.0,-0.0,-0.0,0.0,0.0,0.0,-0.0,0.0,0.0,0.0,-0.0,0.0,-0.0,0.0,-0.0,-0.0,0.0,0.0,-0.0,-0.0,-0.0,-0.0,0.0,0.0,0.0,-0.0,0.013651056396748587,0.0,-0.0,0.0,-0.0,0.0,0.0,0.0,0.0,0.0,0.0,-0.0,-0.010477774312010114,-0.0,-0.0,0.0,-0.0,-0.0,-0.0,-0.0,-0.0,0.0,-0.0,0.0,0.0,0.0,0.0,0.0,-0.0,0.0,-0.0,0.0,-0.0,-0.0,0.0006517514565586877,0.0,0.0,-0.0,-0.0,-0.0,-0.0,0.0,0.03186217448220834,0.05853259598228858,0.0,0.0,-0.0,0.0,0.0,0.0,0.0,0.0,0.0,-0.0,0.0,0.0,0.0,-0.0,0.0,0.22366886173155626,2025-07-10,3,18
-0.0,-0.0,-0.0,-0.0,0.0,0.015525993471246932,0.0,-0.0,0.0,-0.0,0.0,0.0,-0.0,0.0,-0.006516839192421567,0.0,-0.0,-0.0,-0.0,0.0,-0.0,-0.0,0.0,0.0,-0.0,-0.0,-0.041790946297746594,-0.12397584718943011,-0.028855966207754293,-0.0,-0.0,-0.0,-0.0,0.0,0.0,0.0,-0.0,-0.0,-0.0,0.03959055989877805,0.016299376626729218,-0.0,-0.0,0.15011162401365333,-0.0,-0.0,0.0,-0.0,0.0,0.0,0.0,-0.0,-0.0,-0.0,-0.006011553805675326,-0.0,-0.0,-0.0,-0.0,0.0,0.0,0.0,-0.0,0.0,-0.0,-0.0,0.0,0.0,0.0,-0.0,0.0,-0.012497504848225155,0.0,0.0,-0.0,-0.0,-0.0,0.0,0.0,0.0,-0.0,0.0,0.0,0.0,0.0027153793926524864,-0.0,-0.0,0.03430701638053392,-0.0,-0.0,-0.0,-0.0,-0.0,0.0,0.0,0.0,-0.0,0.0,0.0,0.0,-0.0,0.0,-0.0,0.0,-0.0,-0.0,0.0,0.0,-0.0,-0.0,-0.0,-0.0,0.0,0.0,0.0,-0.0,0.013651056396748587,0.0,-0.0,0.0,-0.0,0.0,0.0,0.0,0.0,0.0,0.0,-0.0,-0.010477774312010114,-0.0,-0.0,0.0,-0.0,-0.0,-0.0,-0.0,-0.0,0.0,-0.0,0.0,0.0,0.0,0.0,0.0,-0.0,0.0,-0.0,0.0,-0.0,-0.0,0.0006517514565586877,0.0,0.0,-0.0,-0.0,-0.0,-0.0,0.0,0.03186217448220834,0.05853259598228858,0.0,0.0,-0.0,0.0,0.0,0.0,0.0,0.0,0.0,-0.0,0.0,0.0,0.0,-0.0,0.0,0.22366886173155626,2025-07-11,3,18
-0.0,-0.0,-0.0,-0.0,0.0,0.016737257423803574,0.0,-0.0,0.0,-0.0,0.0,0.0,-0.0,0.0,-0.005905124640532926,0.0,-0.0,-0.0,-0.0,0.0,0.0,-0.0,-0.0,0.0,-0.0,-0.0,-0.0414253345243227,-0.12442224730388436,-0.027174710604554172,-0.0,-0.0,-0.0,-0.0,0.0,0.0,0.0,-0.0,-0.0,-0.0,0.04469853546133966,0.015050171543706551,-0.0,-0.0,0.14815753414520655,-0.0,-0.0,0.0,-0.0,0.0,0.0,0.0,-0.0,-0.0,-0.0,-0.0067723052058433365,-0.0,-0.0,-0.0,-0.0,0.0,0.0,0.0,-0.0,0.0,0.0,-0.0,0.0,0.0,0.0,-0.0,0.0,-0.012304081957669206,0.0,0.0,-0.0,-0.0,-0.0,0.0,0.0,0.0,-0.0,0.0,0.0,0.0,0.0011679498264782426,-0.0,-0.0,0.03334763773099857,-0.0,-0.0,-0.0,-0.0,-0.0,0.0,0.0,0.0,-0.0,0.0,0.0,0.0,-0.0,0.0,-0.0,0.0,-0.0,-0.0,0.0,0.0,0.0,-0.0,-0.0,-0.0,0.0,0.0,0.0,-0.0,0.011389156132724758,0.0,-0.0,0.0,-0.0,0.0,0.0,0.0,0.0,0.0,0.0,-0.0,-0.011312103866142426,-0.0,-0.0,0.0,-0.0,-0.0,-0.0,-0.0,-0.0,0.0,-0.0,0.0,0.0,0.0,0.0,0.0,-0.0,0.0,-0.0,0.0,-0.0,-0.0,0.0009306587900362247,0.005984364353253591,0.0,-0.0,-0.0,0.0,-0.0,0.0,0.026519793416920727,0.06076519240784735,0.0,0.0,-0.0,0.0,0.0,0.0,0.0,0.0,0.0,-0.0,0.0,0.0,0.0,-0.0,0.0,0.22105074172899955,2025-07-12,3,19
-0.0,-0.0,-0.0,-0.0,0.0,0.016737257423803574,0.0,-0.0,0.0,-0.0,0.0,0.0,-0.0,0.0,-0.005905124640532926,0.0,-0.0,-0.0,-0.0,0.0,0.0,-0.0,-0.0,0.0,-0.0,-0.0,-0.0414253345243227,-0.12442224730388436,-0.027174710604554172,-0.0,-0.0,-0.0,-0.0,0.0,0.0,0.0,-0.0,-0.0,-0.0,0.04469853546133966,0.015050171543706551,-0.0,-0.0,0.14815753414520655,-0.0,-0.0,0.0,-0.0,0.0,0.0,0.0,-0.0,-0.0,-0.0,-0.0067723052058433365,-0.0,-0.0,-0.0,-0.0,0.0,0.0,0.0,-0.0,0.0,0.0,-0.0,0.0,0.0,0.0,-0.0,0.0,-0.012304081957669206,0.0,0.0,-0.0,-0.0,-0.0,0.0,0.0,0.0,-0.0,0.0,0.0,0.0,0.0011679498264782426,-0.0,-0.0,0.03334763773099857,-0.0,-0.0,-0.0,-0.0,-0.0,0.0,0.0,0.0,-0.0,0.0,0.0,0.0,-0.0,0.0,-0.0,0.0,-0.0,-0.0,0.0,0.0,0.0,-0.0,-0.0,-0.0,0.0,0.0,0.0,-0.0,0.011389156132724758,0.0,-0.0,0.0,-0.0,0.0,0.0,0.0,0.0,0.0,0.0,-0.0,-0.011312103866142426,-0.0,-0.0,0.0,-0.0,-0.0,-0.0,-0.0,-0.0,0.0,-0.0,0.0,0.0,0.0,0.0,0.0,-0.0,0.0,-0.0,0.0,-0.0,-0.0,0.0009306587900362247,0.005984364353253591,0.0,-0.0,-0.0,0.0,-0.0,0.0,0.026519793416920727,0.06076519240784735,0.0,0.0,-0.0,0.0,0.0,0.0,0.0,0.0,0.0,-0.0,0.0,0.0,0.0,-0.0,0.0,0.22105074172899955,2025-07-13,3,19
-0.0,-0.0,-0.0,-0.0,0.0,0.016737257423803574,0.0,-0.0,0.0,-0.0,0.0,0.0,-0.0,0.0,-0.005905124640532926,0.0,-0.0,-0.0,-0.0,0.0,0.0,-0.0,-0.0,0.0,-0.0,-0.0,-0.0414253345243227,-0.12442224730388436,-0.027174710604554172,-0.0,-0.0,-0.0,-0.0,0.0,0.0,0.0,-0.0,-0.0,-0.0,0.04469853546133966,0.015050171543706551,-0.0,-0.0,0.14815753414520655,-0.0,-0.0,0.0,-0.0,0.0,0.0,0.0,-0.0,-0.0,-0.0,-0.0067723052058433365,-0.0,-0.0,-0.0,-0.0,0.0,0.0,0.0,-0.0,0.0,0.0,-0.0,0.0,0.0,0.0,-0.0,0.0,-0.012304081957669206,0.0,0.0,-0.0,-0.0,-0.0,0.0,0.0,0.0,-0.0,0.0,0.0,0.0,0.0011679498264782426,-0.0,-0.0,0.03334763773099857,-0.0,-0.0,-0.0,-0.0,-0.0,0.0,0.0,0.0,-0.0,0.0,0.0,0.0,-0.0,0.0,-0.0,0.0,-0.0,-0.0,0.0,0.0,0.0,-0.0,-0.0,-0.0,0.0,0.0,0.0,-0.0,0.011389156132724758,0.0,-0.0,0.0,-0.0,0.0,0.0,0.0,0.0,0.0,0.0,-0.0,-0.011312103866142426,-0.0,-0.0,0.0,-0.0,-0.0,-0.0,-0.0,-0.0,0.0,-0.0,0.0,0.0,0.0,0.0,0.0,-0.0,0.0,-0.0,0.0,-0.0,-0.0,0.0009306587900362247,0.005984364353253591,0.0,-0.0,-0.0,0.0,-0.0,0.0,0.026519793416920727,0.06076519240784735,0.0,0.0,-0.0,0.0,0.0,0.0,0.0,0.0,0.0,-0.0,0.0,0.0,0.0,-0.0,0.0,0.22105074172899955,2025-07-14,3,19
-0.0,-0.0,-0.0,-0.0,0.0,0.016737257423803574,0.0,-0.0,0.0,-0.0,0.0,0.0,-0.0,0.0,-0.005905124640532926,0.0,-0.0,-0.0,-0.0,0.0,0.0,-0.0,-0.0,0.0,-0.0,-0.0,-0.0414253345243227,-0.12442224730388436,-0.027174710604554172,-0.0,-0.0,-0.0,-0.0,0.0,0.0,0.0,-0.0,-0.0,-0.0,0.04469853546133966,0.015050171543706551,-0.0,-0.0,0.14815753414520655,-0.0,-0.0,0.0,-0.0,0.0,0.0,0.0,-0.0,-0.0,-0.0,-0.0067723052058433365,-0.0,-0.0,-0.0,-0.0,0.0,0.0,0.0,-0.0,0.0,0.0,-0.0,0.0,0.0,0.0,-0.0,0.0,-0.012304081957669206,0.0,0.0,-0.0,-0.0,-0.0,0.0,0.0,0.0,-0.0,0.0,0.0,0.0,0.0011679498264782426,-0.0,-0.0,0.03334763773099857,-0.0,-0.0,-0.0,-0.0,-0.0,0.0,0.0,0.0,-0.0,0.0,0.0,0.0,-0.0,0.0,-0.0,0.0,-0.0,-0.0,0.0,0.0,0.0,-0.0,-0.0,-0.0,0.0,0.0,0.0,-0.0,0.011389156132724758,0.0,-0.0,0.0,-0.0,0.0,0.0,0.0,0.0,0.0,0.0,-0.0,-0.011312103866142426,-0.0,-0.0,0.0,-0.0,-0.0,-0.0,-0.0,-0.0,0.0,-0.0,0.0,0.0,0.0,0.0,0.0,-0.0,0.0,-0.0,0.0,-0.0,-0.0,0.0009306587900362247,0.005984364353253591,0.0,-0.0,-0.0,0.0,-0.0,0.0,0.026519793416920727,0.06076519240784735,0.0,0.0,-0.0,0.0,0.0,0.0,0.0,0.0,0.0,-0.0,0.0,0.0,0.0,-0.0,0.0,0.22105074172899955,2025-07-15,3,19
-0.0,-0.0,-0.0,-0.0,0.0,0.016737257423803574,0.0,-0.0,0.0,-0.0,0.0,0.0,-0.0,0.0,-0.005905124640532926,0.0,-0.0,-0.0,-0.0,0.0,0.0,-0.0,-0.0,0.0,-0.0,-0.0,-0.0414253345243227,-0.12442224730388436,-0.027174710604554172,-0.0,-0.0,-0.0,-0.0,0.0,0.0,0.0,-0.0,-0.0,-0.0,0.04469853546133966,0.015050171543706551,-0.0,-0.0,0.14815753414520655,-0.0,-0.0,0.0,-0.0,0.0,0.0,0.0,-0.0,-0.0,-0.0,-0.0067723052058433365,-0.0,-0.0,-0.0,-0.0,0.0,0.0,0.0,-0.0,0.0,0.0,-0.0,0.0,0.0,0.0,-0.0,0.0,-0.012304081957669206,0.0,0.0,-0.0,-0.0,-0.0,0.0,0.0,0.0,-0.0,0.0,0.0,0.0,0.0011679498264782426,-0.0,-0.0,0.03334763773099857,-0.0,-0.0,-0.0,-0.0,-0.0,0.0,0.0,0.0,-0.0,0.0,0.0,0.0,-0.0,0.0,-0.0,0.0,-0.0,-0.0,0.0,0.0,0.0,-0.0,-0.0,-0.0,0.0,0.0,0.0,-0.0,0.011389156132724758,0.0,-0.0,0.0,-0.0,0.0,0.0,0.0,0.0,0.0,0.0,-0.0,-0.011312103866142426,-0.0,-0.0,0.0,-0.0,-0.0,-0.0,-0.0,-0.0,0.0,-0.0,0.0,0.0,0.0,0.0,0.0,-0.0,0.0,-0.0,0.0,-0.0,-0.0,0.0009306587900362247,0.005984364353253591,0.0,-0.0,-0.0,0.0,-0.0,0.0,0.026519793416920727,0.06076519240784735,0.0,0.0,-0.0,0.0,0.0,0.0,0.0,0.0,0.0,-0.0,0.0,0.0,0.0,-0.0,0.0,0.22105074172899955,2025-07-16,3,19
-0.0,-0.0,-0.0,-0.0,0.0,0.016737257423803574,0.0,-0.0,0.0,-0.0,0.0,0.0,-0.0,0.0,-0.005905124640532926,0.0,-0.0,-0.0,-0.0,0.0,0.0,-0.0,-0.0,0.0,-0.0,-0.0,-0.0414253345243227,-0.12442224730388436,-0.027174710604554172,-0.0,-0.0,-0.0,-0.0,0.0,0.0,0.0,-0.0,-0.0,-0.0,0.04469853546133966,0.015050171543706551,-0.0,-0.0,0.14815753414520655,-0.0,-0.0,0.0,-0.0,0.0,0.0,0.0,-0.0,-0.0,-0.0,-0.0067723052058433365,-0.0,-0.0,-0.0,-0.0,0.0,0.0,0.0,-0.0,0.0,0.0,-0.0,0.0,0.0,0.0,-0.0,0.0,-0.012304081957669206,0.0,0.0,-0.0,-0.0,-0.0,0.0,0.0,0.0,-0.0,0.0,0.0,0.0,0.0011679498264782426,-0.0,-0.0,0.03334763773099857,-0.0,-0.0,-0.0,-0.0,-0.0,0.0,0.0,0.0,-0.0,0.0,0.0,0.0,-0.0,0.0,-0.0,0.0,-0.0,-0.0,0.0,0.0,0.0,-0.0,-0.0,-0.0,0.0,0.0,0.0,-0.0,0.011389156132724758,0.0,-0.0,0.0,-0.0,0.0,0.0,0.0,0.0,0.0,0.0,-0.0,-0.011312103866142426,-0.0,-0.0,0.0,-0.0,-0.0,-0.0,-0.0,-0.0,0.0,-0.0,0.0,0.0,0.0,0.0,0.0,-0.0,0.0,-0.0,0.0,-0.0,-0.0,0.0009306587900362247,0.005984364353253591,0.0,-0.0,-0.0,0.0,-0.0,0.0,0.026519793416920727,0.06076519240784735,0.0,0.0,-0.0,0.0,0.0,0.0,0.0,0.0,0.0,-0.0,0.0,0.0,0.0,-0.0,0.0,0.22105074172899955,2025-07-17,3,19
-0.0,-0.0,-0.0,-0.0,0.0,0.016737257423803574,0.0,-0.0,0.0,-0.0,0.0,0.0,-0.0,0.0,-0.005905124640532926,0.0,-0.0,-0.0,-0.0,0.0,0.0,-0.0,-0.0,0.0,-0.0,-0.0,-0.0414253345243227,-0.12442224730388436,-0.027174710604554172,-0.0,-0.0,-0.0,-0.0,0.0,0.0,0.0,-0.0,-0.0,-0.0,0.04469853546133966,0.015050171543706551,-0.0,-0.0,0.14815753414520655,-0.0,-0.0,0.0,-0.0,0.0,0.0,0.0,-0.0,-0.0,-0.0,-0.0067723052058433365,-0.0,-0.0,-0.0,-0.0,0.0,0.0,0.0,-0.0,0.0,0.0,-0.0,0.0,0.0,0.0,-0.0,0.0,-0.012304081957669206,0.0,0.0,-0.0,-0.0,-0.0,0.0,0.0,0.0,-0.0,0.0,0.0,0.0,0.0011679498264782426,-0.0,-0.0,0.03334763773099857,-0.0,-0.0,-0.0,-0.0,-0.0,0.0,0.0,0.0,-0.0,0.0,0.0,0.0,-0.0,0.0,-0.0,0.0,-0.0,-0.0,0.0,0.0,0.0,-0.0,-0.0,-0.0,0.0,0.0,0.0,-0.0,0.011389156132724758,0.0,-0.0,0.0,-0.0,0.0,0.0,0.0,0.0,0.0,0.0,-0.0,-0.011312103866142426,-0.0,-0.0,0.0,-0.0,-0.0,-0.0,-0.0,-0.0,0.0,-0.0,0.0,0.0,0.0,0.0,0.0,-0.0,0.0,-0.0,0.0,-0.0,-0.0,0.0009306587900362247,0.005984364353253591,0.0,-0.0,-0.0,0.0,-0.0,0.0,0.026519793416920727,0.06076519240784735,0.0,0.0,-0.0,0.0,0.0,0.0,0.0,0.0,0.0,-0.0,0.0,0.0,0.0,-0.0,0.0,0.22105074172899955,2025-07-18,3,19
-0.0,-0.001164510620626261,-0.0,-0.0,0.0,0.018729196153825026,0.0,-0.0,0.0,-0.0,0.0,0.0,-0.0,0.0,-0.00725593656886104,0.0,-0.0,-0.0,-0.0,0.0,0.0,0.0,-0.0,0.0,-0.0,-0.0,-0.04387624975810085,-0.12088880427255308,-0.028082981524398327,-0.0,-0.0,-0.0,-0.0,0.0,0.0,0.0,-0.0,-0.0,-0.0,0.05211867670795199,0.01021842782792921,0.0,-0.0,0.140378075972629,-0.0,-0.0,-0.0,-0.0,0.0,0.0,0.0,-0.0,-0.0,0.0,-0.006504987189444792,-0.0,-0.0,-0.0,-0.0,0.0,0.0,0.0,-0.0,0.0,0.0,-0.0,0.0,0.0,0.0,-0.0,0.0,-0.010041722343227807,0.0,0.0,-0.0,-0.0,-0.0,0.0,0.0,0.0,-0.0,0.0,0.0,0.0,0.0,0.0,-0.0,0.030253589099213312,-0.0,-0.0,-0.0,-0.0,-0.0,0.0,0.0,0.0,0.0,0.0,0.0,0.0,-0.0,0.0,-0.0,0.0,-0.0,-0.0,0.0,0.0,0.0,-0.0,-0.0,-0.0,0.0,0.0,0.0,-0.0,0.011533610623951694,0.0,-0.0,0.0,-0.0,0.0,0.0,0.0,0.0,-0.0,0.0,-0.0,-0.012777518162720623,0.0,-0.0,0.0,-0.0,0.0,-0.0,-0.0,0.0,0.0,-0.0,0.0,0.0,0.0,0.0,0.0,-0.0,0.0,-0.0,0.0,-0.0,-0.0,0.00123133418576746,0.0062085882642524464,0.0,0.0,-0.0,-0.0,-0.0,0.0,0.027758764115740908,0.05588588204862312,0.0,0.0,-0.0,0.0,0.0,0.0,0.0,0.0,0.0,-0.0,0.0,0.0,0.0,0.0,0.0,0.21870294840336532,2025-07-19,3,19
-0.0,-0.001164510620626261,-0.0,-0.0,0.0,0.018729196153825026,0.0,-0.0,0.0,-0.0,0.0,0.0,-0.0,0.0,-0.00725593656886104,0.0,-0.0,-0.0,-0.0,0.0,0.0,0.0,-0.0,0.0,-0.0,-0.0,-0.04387624975810085,-0.12088880427255308,-0.028082981524398327,-0.0,-0.0,-0.0,-0.0,0.0,0.0,0.0,-0.0,-0.0,-0.0,0.05211867670795199,0.01021842782792921,0.0,-0.0,0.140378075972629,-0.0,-0.0,-0.0,-0.0,0.0,0.0,0.0,-0.0,-0.0,0.0,-0.006504987189444792,-0.0,-0.0,-0.0,-0.0,0.0,0.0,0.0,-0.0,0.0,0.0,-0.0,0.0,0.0,0.0,-0.0,0.0,-0.010041722343227807,0.0,0.0,-0.0,-0.0,-0.0,0.0,0.0,0.0,-0.0,0.0,0.0,0.0,0.0,0.0,-0.0,0.030253589099213312,-0.0,-0.0,-0.0,-0.0,-0.0,0.0,0.0,0.0,0.0,0.0,0.0,0.0,-0.0,0.0,-0.0,0.0,-0.0,-0.0,0.0,0.0,0.0,-0.0,-0.0,-0.0,0.0,0.0,0.0,-0.0,0.011533610623951694,0.0,-0.0,0.0,-0.0,0.0,0.0,0.0,0.0,-0.0,0.0,-0.0,-0.012777518162720623,0.0,-0.0,0.0,-0.0,0.0,-0.0,-0.0,0.0,0.0,-0.0,0.0,0.0,0.0,0.0,0.0,-0.0,0.0,-0.0,0.0,-0.0,-0.0,0.00123133418576746,0.0062085882642524464,0.0,0.0,-0.0,-0.0,-0.0,0.0,0.027758764115740908,0.05588588204862312,0.0,0.0,-0.0,0.0,0.0,0.0,0.0,0.0,0.0,-0.0,0.0,0.0,0.0,0.0,0.0,0.21870294840336532,2025-07-20,3,19
-0.0,-0.001164510620626261,-0.0,-0.0,0.0,0.018729196153825026,0.0,-0.0,0.0,-0.0,0.0,0.0,-0.0,0.0,-0.00725593656886104,0.0,-0.0,-0.0,-0.0,0.0,0.0,0.0,-0.0,0.0,-0.0,-0.0,-0.04387624975810085,-0.12088880427255308,-0.028082981524398327,-0.0,-0.0,-0.0,-0.0,0.0,0.0,0.0,-0.0,-0.0,-0.0,0.05211867670795199,0.01021842782792921,0.0,-0.0,0.140378075972629,-0.0,-0.0,-0.0,-0.0,0.0,0.0,0.0,-0.0,-0.0,0.0,-0.006504987189444792,-0.0,-0.0,-0.0,-0.0,0.0,0.0,0.0,-0.0,0.0,0.0,-0.0,0.0,0.0,0.0,-0.0,0.0,-0.010041722343227807,0.0,0.0,-0.0,-0.0,-0.0,0.0,0.0,0.0,-0.0,0.0,0.0,0.0,0.0,0.0,-0.0,0.030253589099213312,-0.0,-0.0,-0.0,-0.0,-0.0,0.0,0.0,0.0,0.0,0.0,0.0,0.0,-0.0,0.0,-0.0,0.0,-0.0,-0.0,0.0,0.0,0.0,-0.0,-0.0,-0.0,0.0,0.0,0.0,-0.0,0.011533610623951694,0.0,-0.0,0.0,-0.0,0.0,0.0,0.0,0.0,-0.0,0.0,-0.0,-0.012777518162720623,0.0,-0.0,0.0,-0.0,0.0,-0.0,-0.0,0.0,0.0,-0.0,0.0,0.0,0.0,0.0,0.0,-0.0,0.0,-0.0,0.0,-0.0,-0.0,0.00123133418576746,0.0062085882642524464,0.0,0.0,-0.0,-0.0,-0.0,0.0,0.027758764115740908,0.05588588204862312,0.0,0.0,-0.0,0.0,0.0,0.0,0.0,0.0,0.0,-0.0,0.0,0.0,0.0,0.0,0.0,0.21870294840336532,2025-07-21,3,19
-0.0,-0.001164510620626261,-0.0,-0.0,0.0,0.018729196153825026,0.0,-0.0,0.0,-0.0,0.0,0.0,-0.0,0.0,-0.00725593656886104,0.0,-0.0,-0.0,-0.0,0.0,0.0,0.0,-0.0,0.0,-0.0,-0.0,-0.04387624975810085,-0.12088880427255308,-0.028082981524398327,-0.0,-0.0,-0.0,-0.0,0.0,0.0,0.0,-0.0,-0.0,-0.0,0.05211867670795199,0.01021842782792921,0.0,-0.0,0.140378075972629,-0.0,-0.0,-0.0,-0.0,0.0,0.0,0.0,-0.0,-0.0,0.0,-0.006504987189444792,-0.0,-0.0,-0.0,-0.0,0.0,0.0,0.0,-0.0,0.0,0.0,-0.0,0.0,0.0,0.0,-0.0,0.0,-0.010041722343227807,0.0,0.0,-0.0,-0.0,-0.0,0.0,0.0,0.0,-0.0,0.0,0.0,0.0,0.0,0.0,-0.0,0.030253589099213312,-0.0,-0.0,-0.0,-0.0,-0.0,0.0,0.0,0.0,0.0,0.0,0.0,0.0,-0.0,0.0,-0.0,0.0,-0.0,-0.0,0.0,0.0,0.0,-0.0,-0.0,-0.0,0.0,0.0,0.0,-0.0,0.011533610623951694,0.0,-0.0,0.0,-0.0,0.0,0.0,0.0,0.0,-0.0,0.0,-0.0,-0.012777518162720623,0.0,-0.0,0.0,-0.0,0.0,-0.0,-0.0,0.0,0.0,-0.0,0.0,0.0,0.0,0.0,0.0,-0.0,0.0,-0.0,0.0,-0.0,-0.0,0.00123133418576746,0.0062085882642524464,0.0,0.0,-0.0,-0.0,-0.0,0.0,0.027758764115740908,0.05588588204862312,0.0,0.0,-0.0,0.0,0.0,0.0,0.0,0.0,0.0,-0.0,0.0,0.0,0.0,0.0,0.0,0.21870294840336532,2025-07-22,3,19
-0.0,-0.001164510620626261,-0.0,-0.0,0.0,0.018729196153825026,0.0,-0.0,0.0,-0.0,0.0,0.0,-0.0,0.0,-0.00725593656886104,0.0,-0.0,-0.0,-0.0,0.0,0.0,0.0,-0.0,0.0,-0.0,-0.0,-0.04387624975810085,-0.12088880427255308,-0.028082981524398327,-0.0,-0.0,-0.0,-0.0,0.0,0.0,0.0,-0.0,-0.0,-0.0,0.05211867670795199,0.01021842782792921,0.0,-0.0,0.140378075972629,-0.0,-0.0,-0.0,-0.0,0.0,0.0,0.0,-0.0,-0.0,0.0,-0.006504987189444792,-0.0,-0.0,-0.0,-0.0,0.0,0.0,0.0,-0.0,0.0,0.0,-0.0,0.0,0.0,0.0,-0.0,0.0,-0.010041722343227807,0.0,0.0,-0.0,-0.0,-0.0,0.0,0.0,0.0,-0.0,0.0,0.0,0.0,0.0,0.0,-0.0,0.030253589099213312,-0.0,-0.0,-0.0,-0.0,-0.0,0.0,0.0,0.0,0.0,0.0,0.0,0.0,-0.0,0.0,-0.0,0.0,-0.0,-0.0,0.0,0.0,0.0,-0.0,-0.0,-0.0,0.0,0.0,0.0,-0.0,0.011533610623951694,0.0,-0.0,0.0,-0.0,0.0,0.0,0.0,0.0,-0.0,0.0,-0.0,-0.012777518162720623,0.0,-0.0,0.0,-0.0,0.0,-0.0,-0.0,0.0,0.0,-0.0,0.0,0.0,0.0,0.0,0.0,-0.0,0.0,-0.0,0.0,-0.0,-0.0,0.00123133418576746,0.0062085882642524464,0.0,0.0,-0.0,-0.0,-0.0,0.0,0.027758764115740908,0.05588588204862312,0.0,0.0,-0.0,0.0,0.0,0.0,0.0,0.0,0.0,-0.0,0.0,0.0,0.0,0.0,0.0,0.21870294840336532,2025-07-23,3,19
-0.0,-0.001164510620626261,-0.0,-0.0,0.0,0.018729196153825026,0.0,-0.0,0.0,-0.0,0.0,0.0,-0.0,0.0,-0.00725593656886104,0.0,-0.0,-0.0,-0.0,0.0,0.0,0.0,-0.0,0.0,-0.0,-0.0,-0.04387624975810085,-0.12088880427255308,-0.028082981524398327,-0.0,-0.0,-0.0,-0.0,0.0,0.0,0.0,-0.0,-0.0,-0.0,0.05211867670795199,0.01021842782792921,0.0,-0.0,0.140378075972629,-0.0,-0.0,-0.0,-0.0,0.0,0.0,0.0,-0.0,-0.0,0.0,-0.006504987189444792,-0.0,-0.0,-0.0,-0.0,0.0,0.0,0.0,-0.0,0.0,0.0,-0.0,0.0,0.0,0.0,-0.0,0.0,-0.010041722343227807,0.0,0.0,-0.0,-0.0,-0.0,0.0,0.0,0.0,-0.0,0.0,0.0,0.0,0.0,0.0,-0.0,0.030253589099213312,-0.0,-0.0,-0.0,-0.0,-0.0,0.0,0.0,0.0,0.0,0.0,0.0,0.0,-0.0,0.0,-0.0,0.0,-0.0,-0.0,0.0,0.0,0.0,-0.0,-0.0,-0.0,0.0,0.0,0.0,-0.0,0.011533610623951694,0.0,-0.0,0.0,-0.0,0.0,0.0,0.0,0.0,-0.0,0.0,-0.0,-0.012777518162720623,0.0,-0.0,0.0,-0.0,0.0,-0.0,-0.0,0.0,0.0,-0.0,0.0,0.0,0.0,0.0,0.0,-0.0,0.0,-0.0,0.0,-0.0,-0.0,0.00123133418576746,0.0062085882642524464,0.0,0.0,-0.0,-0.0,-0.0,0.0,0.027758764115740908,0.05588588204862312,0.0,0.0,-0.0,0.0,0.0,0.0,0.0,0.0,0.0,-0.0,0.0,0.0,0.0,0.0,0.0,0.21870294840336532,2025-07-24,3,19
-0.0,-0.001164510620626261,-0.0,-0.0,0.0,0.018729196153825026,0.0,-0.0,0.0,-0.0,0.0,0.0,-0.0,0.0,-0.00725593656886104,0.0,-0.0,-0.0,-0.0,0.0,0.0,0.0,-0.0,0.0,-0.0,-0.0,-0.04387624975810085,-0.12088880427255308,-0.028082981524398327,-0.0,-0.0,-0.0,-0.0,0.0,0.0,0.0,-0.0,-0.0,-0.0,0.05211867670795199,0.01021842782792921,0.0,-0.0,0.140378075972629,-0.0,-0.0,-0.0,-0.0,0.0,0.0,0.0,-0.0,-0.0,0.0,-0.006504987189444792,-0.0,-0.0,-0.0,-0.0,0.0,0.0,0.0,-0.0,0.0,0.0,-0.0,0.0,0.0,0.0,-0.0,0.0,-0.010041722343227807,0.0,0.0,-0.0,-0.0,-0.0,0.0,0.0,0.0,-0.0,0.0,0.0,0.0,0.0,0.0,-0.0,0.030253589099213312,-0.0,-0.0,-0.0,-0.0,-0.0,0.0,0.0,0.0,0.0,0.0,0.0,0.0,-0.0,0.0,-0.0,0.0,-0.0,-0.0,0.0,0.0,0.0,-0.0,-0.0,-0.0,0.0,0.0,0.0,-0.0,0.011533610623951694,0.0,-0.0,0.0,-0.0,0.0,0.0,0.0,0.0,-0.0,0.0,-0.0,-0.012777518162720623,0.0,-0.0,0.0,-0.0,0.0,-0.0,-0.0,0.0,0.0,-0.0,0.0,0.0,0.0,0.0,0.0,-0.0,0.0,-0.0,0.0,-0.0,-0.0,0.00123133418576746,0.0062085882642524464,0.0,0.0,-0.0,-0.0,-0.0,0.0,0.027758764115740908,0.05588588204862312,0.0,0.0,-0.0,0.0,0.0,0.0,0.0,0.0,0.0,-0.0,0.0,0.0,0.0,0.0,0.0,0.21870294840336532,2025-07-25,3,19
-0.0,-0.00373685352316092,-0.0,-0.0,0.0,0.019726025167990834,0.0,-0.0,0.0,-0.0,0.0,0.0,-0.0,0.0,-0.006286970496321171,0.0,-0.0,-0.0,-0.0,0.0,0.0,0.0,-0.0,0.0,-0.0,-0.0,-0.04655591226823869,-0.11978355956661846,-0.03002806112844545,-0.0,-0.0,-0.0,-0.0,0.0,0.0,0.0,-0.0,-0.0,-0.0,0.0535609224375381,0.007267530483902363,0.0,-0.0,0.1398578056747504,-0.0,-0.0,-0.0,-0.0,0.0,0.0,0.0,-0.0,0.0,0.0,-0.0057064470749606175,-0.0,-0.0,-0.0,-0.0,0.0,0.0,0.0,-0.0,0.0,0.0,0.0,0.0,0.0,0.0,-0.0,0.0,-0.008008308714050413,0.0,0.0,-0.0,-0.0,-0.0,0.0,0.0,0.0,-0.0,0.0,0.0,0.0,0.0,0.0,-0.0,0.02886097232623708,-0.0,-0.0,-0.0,-0.0,-0.0,0.0,0.0,0.0,-0.0,0.0,0.0,0.0,-0.0,0.0,-0.0,0.0,-0.0,-0.0,0.0,0.0005451854129690995,0.0,0.0,-0.0,-0.0,0.0,0.0,0.0,0.0,0.01361968845826988,0.0,-0.0,0.0,-0.0,0.0,0.0,0.0,0.0,-0.0,0.0,-0.0,-0.017045106999459447,0.0,-0.0,0.0,-0.0,-0.0,-0.0,-0.0,-0.0,0.0,-0.0,0.0,0.0,0.0,0.0,0.0,-0.0,0.0,-0.0,0.0,-0.0,-0.0,0.0011247457416207667,0.008451543138602628,0.0,0.0,-0.0,0.0,-0.0,0.0,0.028930756009393106,0.05455869978121178,0.0,0.0,-0.0,0.0,0.0,0.0,0.0,0.0,0.0,-0.0,0.0,0.0,0.0,0.0,0.0,0.21732190239899749,2025-07-26,3,20
-0.0,-0.00373685352316092,-0.0,-0.0,0.0,0.019726025167990834,0.0,-0.0,0.0,-0.0,0.0,0.0,-0.0,0.0,-0.006286970496321171,0.0,-0.0,-0.0,-0.0,0.0,0.0,0.0,-0.0,0.0,-0.0,-0.0,-0.04655591226823869,-0.11978355956661846,-0.03002806112844545,-0.0,-0.0,-0.0,-0.0,0.0,0.0,0.0,-0.0,-0.0,-0.0,0.0535609224375381,0.007267530483902363,0.0,-0.0,0.1398578056747504,-0.0,-0.0,-0.0,-0.0,0.0,0.0,0.0,-0.0,0.0,0.0,-0.0057064470749606175,-0.0,-0.0,-0.0,-0.0,0.0,0.0,0.0,-0.0,0.0,0.0,0.0,0.0,0.0,0.0,-0.0,0.0,-0.008008308714050413,0.0,0.0,-0.0,-0.0,-0.0,0.0,0.0,0.0,-0.0,0.0,0.0,0.0,0.0,0.0,-0.0,0.02886097232623708,-0.0,-0.0,-0.0,-0.0,-0.0,0.0,0.0,0.0,-0.0,0.0,0.0,0.0,-0.0,0.0,-0.0,0.0,-0.0,-0.0,0.0,0.0005451854129690995,0.0,0.0,-0.0,-0.0,0.0,0.0,0.0,0.0,0.01361968845826988,0.0,-0.0,0.0,-0.0,0.0,0.0,0.0,0.0,-0.0,0.0,-0.0,-0.017045106999459447,0.0,-0.0,0.0,-0.0,-0.0,-0.0,-0.0,-0.0,0.0,-0.0,0.0,0.0,0.0,0.0,0.0,-0.0,0.0,-0.0,0.0,-0.0,-0.0,0.0011247457416207667,0.008451543138602628,0.0,0.0,-0.0,0.0,-0.0,0.0,0.028930756009393106,0.05455869978121178,0.0,0.0,-0.0,0.0,0.0,0.0,0.0,0.0,0.0,-0.0,0.0,0.0,0.0,0.0,0.0,0.21732190239899749,2025-07-27,3,20
-0.0,-0.00373685352316092,-0.0,-0.0,0.0,0.019726025167990834,0.0,-0.0,0.0,-0.0,0.0,0.0,-0.0,0.0,-0.006286970496321171,0.0,-0.0,-0.0,-0.0,0.0,0.0,0.0,-0.0,0.0,-0.0,-0.0,-0.04655591226823869,-0.11978355956661846,-0.03002806112844545,-0.0,-0.0,-0.0,-0.0,0.0,0.0,0.0,-0.0,-0.0,-0.0,0.0535609224375381,0.007267530483902363,0.0,-0.0,0.1398578056747504,-0.0,-0.0,-0.0,-0.0,0.0,0.0,0.0,-0.0,0.0,0.0,-0.0057064470749606175,-0.0,-0.0,-0.0,-0.0,0.0,0.0,0.0,-0.0,0.0,0.0,0.0,0.0,0.0,0.0,-0.0,0.0,-0.008008308714050413,0.0,0.0,-0.0,-0.0,-0.0,0.0,0.0,0.0,-0.0,0.0,0.0,0.0,0.0,0.0,-0.0,0.02886097232623708,-0.0,-0.0,-0.0,-0.0,-0.0,0.0,0.0,0.0,-0.0,0.0,0.0,0.0,-0.0,0.0,-0.0,0.0,-0.0,-0.0,0.0,0.0005451854129690995,0.0,0.0,-0.0,-0.0,0.0,0.0,0.0,0.0,0.01361968845826988,0.0,-0.0,0.0,-0.0,0.0,0.0,0.0,0.0,-0.0,0.0,-0.0,-0.017045106999459447,0.0,-0.0,0.0,-0.0,-0.0,-0.0,-0.0,-0.0,0.0,-0.0,0.0,0.0,0.0,0.0,0.0,-0.0,0.0,-0.0,0.0,-0.0,-0.0,0.0011247457416207667,0.008451543138602628,0.0,0.0,-0.0,0.0,-0.0,0.0,0.028930756009393106,0.05455869978121178,0.0,0.0,-0.0,0.0,0.0,0.0,0.0,0.0,0.0,-0.0,0.0,0.0,0.0,0.0,0.0,0.21732190239899749,2025-07-28,3,20
-0.0,-0.00373685352316092,-0.0,-0.0,0.0,0.019726025167990834,0.0,-0.0,0.0,-0.0,0.0,0.0,-0.0,0.0,-0.006286970496321171,0.0,-0.0,-0.0,-0.0,0.0,0.0,0.0,-0.0,0.0,-0.0,-0.0,-0.04655591226823869,-0.11978355956661846,-0.03002806112844545,-0.0,-0.0,-0.0,-0.0,0.0,0.0,0.0,-0.0,-0.0,-0.0,0.0535609224375381,0.007267530483902363,0.0,-0.0,0.1398578056747504,-0.0,-0.0,-0.0,-0.0,0.0,0.0,0.0,-0.0,0.0,0.0,-0.0057064470749606175,-0.0,-0.0,-0.0,-0.0,0.0,0.0,0.0,-0.0,0.0,0.0,0.0,0.0,0.0,0.0,-0.0,0.0,-0.008008308714050413,0.0,0.0,-0.0,-0.0,-0.0,0.0,0.0,0.0,-0.0,0.0,0.0,0.0,0.0,0.0,-0.0,0.02886097232623708,-0.0,-0.0,-0.0,-0.0,-0.0,0.0,0.0,0.0,-0.0,0.0,0.0,0.0,-0.0,0.0,-0.0,0.0,-0.0,-0.0,0.0,0.0005451854129690995,0.0,0.0,-0.0,-0.0,0.0,0.0,0.0,0.0,0.01361968845826988,0.0,-0.0,0.0,-0.0,0.0,0.0,0.0,0.0,-0.0,0.0,-0.0,-0.017045106999459447,0.0,-0.0,0.0,-0.0,-0.0,-0.0,-0.0,-0.0,0.0,-0.0,0.0,0.0,0.0,0.0,0.0,-0.0,0.0,-0.0,0.0,-0.0,-0.0,0.0011247457416207667,0.008451543138602628,0.0,0.0,-0.0,0.0,-0.0,0.0,0.028930756009393106,0.05455869978121178,0.0,0.0,-0.0,0.0,0.0,0.0,0.0,0.0,0.0,-0.0,0.0,0.0,0.0,0.0,0.0,0.21732190239899749,2025-07-29,3,20
-0.0,-0.00373685352316092,-0.0,-0.0,0.0,0.019726025167990834,0.0,-0.0,0.0,-0.0,0.0,0.0,-0.0,0.0,-0.006286970496321171,0.0,-0.0,-0.0,-0.0,0.0,0.0,0.0,-0.0,0.0,-0.0,-0.0,-0.04655591226823869,-0.11978355956661846,-0.03002806112844545,-0.0,-0.0,-0.0,-0.0,0.0,0.0,0.0,-0.0,-0.0,-0.0,0.0535609224375381,0.007267530483902363,0.0,-0.0,0.1398578056747504,-0.0,-0.0,-0.0,-0.0,0.0,0.0,0.0,-0.0,0.0,0.0,-0.0057064470749606175,-0.0,-0.0,-0.0,-0.0,0.0,0.0,0.0,-0.0,0.0,0.0,0.0,0.0,0.0,0.0,-0.0,0.0,-0.008008308714050413,0.0,0.0,-0.0,-0.0,-0.0,0.0,0.0,0.0,-0.0,0.0,0.0,0.0,0.0,0.0,-0.0,0.02886097232623708,-0.0,-0.0,-0.0,-0.0,-0.0,0.0,0.0,0.0,-0.0,0.0,0.0,0.0,-0.0,0.0,-0.0,0.0,-0.0,-0.0,0.0,0.0005451854129690995,0.0,0.0,-0.0,-0.0,0.0,0.0,0.0,0.0,0.01361968845826988,0.0,-0.0,0.0,-0.0,0.0,0.0,0.0,0.0,-0.0,0.0,-0.0,-0.017045106999459447,0.0,-0.0,0.0,-0.0,-0.0,-0.0,-0.0,-0.0,0.0,-0.0,0.0,0.0,0.0,0.0,0.0,-0.0,0.0,-0.0,0.0,-0.0,-0.0,0.0011247457416207667,0.008451543138602628,0.0,0.0,-0.0,0.0,-0.0,0.0,0.028930756009393106,0.05455869978121178,0.0,0.0,-0.0,0.0,0.0,0.0,0.0,0.0,0.0,-0.0,0.0,0.0,0.0,0.0,0.0,0.21732190239899749,2025-07-30,3,20
-0.0,-0.00373685352316092,-0.0,-0.0,0.0,0.019726025167990834,0.0,-0.0,0.0,-0.0,0.0,0.0,-0.0,0.0,-0.006286970496321171,0.0,-0.0,-0.0,-0.0,0.0,0.0,0.0,-0.0,0.0,-0.0,-0.0,-0.04655591226823869,-0.11978355956661846,-0.03002806112844545,-0.0,-0.0,-0.0,-0.0,0.0,0.0,0.0,-0.0,-0.0,-0.0,0.0535609224375381,0.007267530483902363,0.0,-0.0,0.1398578056747504,-0.0,-0.0,-0.0,-0.0,0.0,0.0,0.0,-0.0,0.0,0.0,-0.0057064470749606175,-0.0,-0.0,-0.0,-0.0,0.0,0.0,0.0,-0.0,0.0,0.0,0.0,0.0,0.0,0.0,-0.0,0.0,-0.008008308714050413,0.0,0.0,-0.0,-0.0,-0.0,0.0,0.0,0.0,-0.0,0.0,0.0,0.0,0.0,0.0,-0.0,0.02886097232623708,-0.0,-0.0,-0.0,-0.0,-0.0,0.0,0.0,0.0,-0.0,0.0,0.0,0.0,-0.0,0.0,-0.0,0.0,-0.0,-0.0,0.0,0.0005451854129690995,0.0,0.0,-0.0,-0.0,0.0,0.0,0.0,0.0,0.01361968845826988,0.0,-0.0,0.0,-0.0,0.0,0.0,0.0,0.0,-0.0,0.0,-0.0,-0.017045106999459447,0.0,-0.0,0.0,-0.0,-0.0,-0.0,-0.0,-0.0,0.0,-0.0,0.0,0.0,0.0,0.0,0.0,-0.0,0.0,-0.0,0.0,-0.0,-0.0,0.0011247457416207667,0.008451543138602628,0.0,0.0,-0.0,0.0,-0.0,0.0,0.028930756009393106,0.05455869978121178,0.0,0.0,-0.0,0.0,0.0,0.0,0.0,0.0,0.0,-0.0,0.0,0.0,0.0,0.0,0.0,0.21732190239899749,2025-07-31,3,20
-0.0,-0.00373685352316092,-0.0,-0.0,0.0,0.019726025167990834,0.0,-0.0,0.0,-0.0,0.0,0.0,-0.0,0.0,-0.006286970496321171,0.0,-0.0,-0.0,-0.0,0.0,0.0,0.0,-0.0,0.0,-0.0,-0.0,-0.04655591226823869,-0.11978355956661846,-0.03002806112844545,-0.0,-0.0,-0.0,-0.0,0.0,0.0,0.0,-0.0,-0.0,-0.0,0.0535609224375381,0.007267530483902363,0.0,-0.0,0.1398578056747504,-0.0,-0.0,-0.0,-0.0,0.0,0.0,0.0,-0.0,0.0,0.0,-0.0057064470749606175,-0.0,-0.0,-0.0,-0.0,0.0,0.0,0.0,-0.0,0.0,0.0,0.0,0.0,0.0,0.0,-0.0,0.0,-0.008008308714050413,0.0,0.0,-0.0,-0.0,-0.0,0.0,0.0,0.0,-0.0,0.0,0.0,0.0,0.0,0.0,-0.0,0.02886097232623708,-0.0,-0.0,-0.0,-0.0,-0.0,0.0,0.0,0.0,-0.0,0.0,0.0,0.0,-0.0,0.0,-0.0,0.0,-0.0,-0.0,0.0,0.0005451854129690995,0.0,0.0,-0.0,-0.0,0.0,0.0,0.0,0.0,0.01361968845826988,0.0,-0.0,0.0,-0.0,0.0,0.0,0.0,0.0,-0.0,0.0,-0.0,-0.017045106999459447,0.0,-0.0,0.0,-0.0,-0.0,-0.0,-0.0,-0.0,0.0,-0.0,0.0,0.0,0.0,0.0,0.0,-0.0,0.0,-0.0,0.0,-0.0,-0.0,0.0011247457416207667,0.008451543138602628,0.0,0.0,-0.0,0.0,-0.0,0.0,0.028930756009393106,0.05455869978121178,0.0,0.0,-0.0,0.0,0.0,0.0,0.0,0.0,0.0,-0.0,0.0,0.0,0.0,0.0,0.0,0.21732190239899749,2025-08-01,3,20
-0.0,-0.0024934743648324627,-0.0,-0.0,0.0,0.017080893030647026,0.0,-0.0,0.0,-0.0,0.0,0.0,-0.0,-0.0,-0.007762370889458995,0.0,-0.0,-0.0,-0.0,0.0,0.0,0.0,-0.0,0.0,-0.0,-0.0,-0.04941949027442692,-0.11898465041119935,-0.02931683601174182,-0.0,-0.0,-0.0,-0.0,0.0,0.0,0.0,-0.0,-0.0,-0.0,0.05462882160995182,0.005924423962095443,0.0,-0.0,0.1392230274734766,-0.0,-0.0,-0.0,-0.0,0.0,0.0,0.0,-0.0,0.0,0.0,-0.006713818519999855,-0.0,-0.0,-0.0,-0.0,0.0,0.0,0.0,-0.0,0.0,0.0,0.0,0.0,0.0,0.0,-0.0,0.0,-0.009084571565522854,0.0,0.0,-0.0,-0.0,-0.0,0.0,0.0,0.0,-0.0,0.0,0.0,0.0,0.0,0.0,-0.0,0.030422067385491917,-0.0,-0.0,-0.0,-0.0,-0.0,0.0,-0.0,0.0,0.0,0.0,0.0,0.0,-0.0,0.0,-0.0,0.0,-0.0,-0.0,0.0,0.0,0.0,0.0,-0.0,-0.0,0.0,0.0,0.0,0.0,0.010766872510302538,0.0,-0.0,0.0,0.0,0.0,0.0,0.0,0.0,-0.0,0.0,-0.0,-0.018141294423398055,0.0,-0.0,0.0,-0.0,-0.0,-0.0,-0.0,-0.0,0.0,-0.0,0.0,0.0,0.0,0.0,0.0,-0.0,0.0,-0.0,0.0,-0.0,-0.0,0.010905364146964905,0.008320040066413662,0.0,0.0,-0.0,0.0,-0.0,0.0,0.027812059547626895,0.05514547047527453,0.0,0.0,-0.0,0.0,0.0,0.0,0.0,0.0,0.0,-0.0,0.0,0.0,0.0,0.0,0.0,0.2151302345070158,2025-08-02,3,19
-0.0,-0.0024934743648324627,-0.0,-0.0,0.0,0.017080893030647026,0.0,-0.0,0.0,-0.0,0.0,0.0,-0.0,-0.0,-0.007762370889458995,0.0,-0.0,-0.0,-0.0,0.0,0.0,0.0,-0.0,0.0,-0.0,-0.0,-0.04941949027442692,-0.11898465041119935,-0.02931683601174182,-0.0,-0.0,-0.0,-0.0,0.0,0.0,0.0,-0.0,-0.0,-0.0,0.05462882160995182,0.005924423962095443,0.0,-0.0,0.1392230274734766,-0.0,-0.0,-0.0,-0.0,0.0,0.0,0.0,-0.0,0.0,0.0,-0.006713818519999855,-0.0,-0.0,-0.0,-0.0,0.0,0.0,0.0,-0.0,0.0,0.0,0.0,0.0,0.0,0.0,-0.0,0.0,-0.009084571565522854,0.0,0.0,-0.0,-0.0,-0.0,0.0,0.0,0.0,-0.0,0.0,0.0,0.0,0.0,0.0,-0.0,0.030422067385491917,-0.0,-0.0,-0.0,-0.0,-0.0,0.0,-0.0,0.0,0.0,0.0,0.0,0.0,-0.0,0.0,-0.0,0.0,-0.0,-0.0,0.0,0.0,0.0,0.0,-0.0,-0.0,0.0,0.0,0.0,0.0,0.010766872510302538,0.0,-0.0,0.0,0.0,0.0,0.0,0.0,0.0,-0.0,0.0,-0.0,-0.018141294423398055,0.0,-0.0,0.0,-0.0,-0.0,-0.0,-0.0,-0.0,0.0,-0.0,0.0,0.0,0.0,0.0,0.0,-0.0,0.0,-0.0,0.0,-0.0,-0.0,0.010905364146964905,0.008320040066413662,0.0,0.0,-0.0,0.0,-0.0,0.0,0.027812059547626895,0.05514547047527453,0.0,0.0,-0.0,0.0,0.0,0.0,0.0,0.0,0.0,-0.0,0.0,0.0,0.0,0.0,0.0,0.2151302345070158,2025-08-03,3,19
-0.0,-0.0024934743648324627,-0.0,-0.0,0.0,0.017080893030647026,0.0,-0.0,0.0,-0.0,0.0,0.0,-0.0,-0.0,-0.007762370889458995,0.0,-0.0,-0.0,-0.0,0.0,0.0,0.0,-0.0,0.0,-0.0,-0.0,-0.04941949027442692,-0.11898465041119935,-0.02931683601174182,-0.0,-0.0,-0.0,-0.0,0.0,0.0,0.0,-0.0,-0.0,-0.0,0.05462882160995182,0.005924423962095443,0.0,-0.0,0.1392230274734766,-0.0,-0.0,-0.0,-0.0,0.0,0.0,0.0,-0.0,0.0,0.0,-0.006713818519999855,-0.0,-0.0,-0.0,-0.0,0.0,0.0,0.0,-0.0,0.0,0.0,0.0,0.0,0.0,0.0,-0.0,0.0,-0.009084571565522854,0.0,0.0,-0.0,-0.0,-0.0,0.0,0.0,0.0,-0.0,0.0,0.0,0.0,0.0,0.0,-0.0,0.030422067385491917,-0.0,-0.0,-0.0,-0.0,-0.0,0.0,-0.0,0.0,0.0,0.0,0.0,0.0,-0.0,0.0,-0.0,0.0,-0.0,-0.0,0.0,0.0,0.0,0.0,-0.0,-0.0,0.0,0.0,0.0,0.0,0.010766872510302538,0.0,-0.0,0.0,0.0,0.0,0.0,0.0,0.0,-0.0,0.0,-0.0,-0.018141294423398055,0.0,-0.0,0.0,-0.0,-0.0,-0.0,-0.0,-0.0,0.0,-0.0,0.0,0.0,0.0,0.0,0.0,-0.0,0.0,-0.0,0.0,-0.0,-0.0,0.010905364146964905,0.008320040066413662,0.0,0.0,-0.0,0.0,-0.0,0.0,0.027812059547626895,0.05514547047527453,0.0,0.0,-0.0,0.0,0.0,0.0,0.0,0.0,0.0,-0.0,0.0,0.0,0.0,0.0,0.0,0.2151302345070158,2025-08-04,3,19
-0.0,-0.0024934743648324627,-0.0,-0.0,0.0,0.017080893030647026,0.0,-0.0,0.0,-0.0,0.0,0.0,-0.0,-0.0,-0.007762370889458995,0.0,-0.0,-0.0,-0.0,0.0,0.0,0.0,-0.0,0.0,-0.0,-0.0,-0.04941949027442692,-0.11898465041119935,-0.02931683601174182,-0.0,-0.0,-0.0,-0.0,0.0,0.0,0.0,-0.0,-0.0,-0.0,0.05462882160995182,0.005924423962095443,0.0,-0.0,0.1392230274734766,-0.0,-0.0,-0.0,-0.0,0.0,0.0,0.0,-0.0,0.0,0.0,-0.006713818519999855,-0.0,-0.0,-0.0,-0.0,0.0,0.0,0.0,-0.0,0.0,0.0,0.0,0.0,0.0,0.0,-0.0,0.0,-0.009084571565522854,0.0,0.0,-0.0,-0.0,-0.0,0.0,0.0,0.0,-0.0,0.0,0.0,0.0,0.0,0.0,-0.0,0.030422067385491917,-0.0,-0.0,-0.0,-0.0,-0.0,0.0,-0.0,0.0,0.0,0.0,0.0,0.0,-0.0,0.0,-0.0,0.0,-0.0,-0.0,0.0,0.0,0.0,0.0,-0.0,-0.0,0.0,0.0,0.0,0.0,0.010766872510302538,0.0,-0.0,0.0,0.0,0.0,0.0,0.0,0.0,-0.0,0.0,-0.0,-0.018141294423398055,0.0,-0.0,0.0,-0.0,-0.0,-0.0,-0.0,-0.0,0.0,-0.0,0.0,0.0,0.0,0.0,0.0,-0.0,0.0,-0.0,0.0,-0.0,-0.0,0.010905364146964905,0.008320040066413662,0.0,0.0,-0.0,0.0,-0.0,0.0,0.027812059547626895,0.05514547047527453,0.0,0.0,-0.0,0.0,0.0,0.0,0.0,0.0,0.0,-0.0,0.0,0.0,0.0,0.0,0.0,0.2151302345070158,2025-08-05,3,19
-0.0,-0.0024934743648324627,-0.0,-0.0,0.0,0.017080893030647026,0.0,-0.0,0.0,-0.0,0.0,0.0,-0.0,-0.0,-0.007762370889458995,0.0,-0.0,-0.0,-0.0,0.0,0.0,0.0,-0.0,0.0,-0.0,-0.0,-0.04941949027442692,-0.11898465041119935,-0.02931683601174182,-0.0,-0.0,-0.0,-0.0,0.0,0.0,0.0,-0.0,-0.0,-0.0,0.05462882160995182,0.005924423962095443,0.0,-0.0,0.1392230274734766,-0.0,-0.0,-0.0,-0.0,0.0,0.0,0.0,-0.0,0.0,0.0,-0.006713818519999855,-0.0,-0.0,-0.0,-0.0,0.0,0.0,0.0,-0.0,0.0,0.0,0.0,0.0,0.0,0.0,-0.0,0.0,-0.009084571565522854,0.0,0.0,-0.0,-0.0,-0.0,0.0,0.0,0.0,-0.0,0.0,0.0,0.0,0.0,0.0,-0.0,0.030422067385491917,-0.0,-0.0,-0.0,-0.0,-0.0,0.0,-0.0,0.0,0.0,0.0,0.0,0.0,-0.0,0.0,-0.0,0.0,-0.0,-0.0,0.0,0.0,0.0,0.0,-0.0,-0.0,0.0,0.0,0.0,0.0,0.010766872510302538,0.0,-0.0,0.0,0.0,0.0,0.0,0.0,0.0,-0.0,0.0,-0.0,-0.018141294423398055,0.0,-0.0,0.0,-0.0,-0.0,-0.0,-0.0,-0.0,0.0,-0.0,0.0,0.0,0.0,0.0,0.0,-0.0,0.0,-0.0,0.0,-0.0,-0.0,0.010905364146964905,0.008320040066413662,0.0,0.0,-0.0,0.0,-0.0,0.0,0.027812059547626895,0.05514547047527453,0.0,0.0,-0.0,0.0,0.0,0.0,0.0,0.0,0.0,-0.0,0.0,0.0,0.0,0.0,0.0,0.2151302345070158,2025-08-06,3,19
-0.0,-0.0024934743648324627,-0.0,-0.0,0.0,0.017080893030647026,0.0,-0.0,0.0,-0.0,0.0,0.0,-0.0,-0.0,-0.007762370889458995,0.0,-0.0,-0.0,-0.0,0.0,0.0,0.0,-0.0,0.0,-0.0,-0.0,-0.04941949027442692,-0.11898465041119935,-0.02931683601174182,-0.0,-0.0,-0.0,-0.0,0.0,0.0,0.0,-0.0,-0.0,-0.0,0.05462882160995182,0.005924423962095443,0.0,-0.0,0.1392230274734766,-0.0,-0.0,-0.0,-0.0,0.0,0.0,0.0,-0.0,0.0,0.0,-0.006713818519999855,-0.0,-0.0,-0.0,-0.0,0.0,0.0,0.0,-0.0,0.0,0.0,0.0,0.0,0.0,0.0,-0.0,0.0,-0.009084571565522854,0.0,0.0,-0.0,-0.0,-0.0,0.0,0.0,0.0,-0.0,0.0,0.0,0.0,0.0,0.0,-0.0,0.030422067385491917,-0.0,-0.0,-0.0,-0.0,-0.0,0.0,-0.0,0.0,0.0,0.0,0.0,0.0,-0.0,0.0,-0.0,0.0,-0.0,-0.0,0.0,0.0,0.0,0.0,-0.0,-0.0,0.0,0.0,0.0,0.0,0.010766872510302538,0.0,-0.0,0.0,0.0,0.0,0.0,0.0,0.0,-0.0,0.0,-0.0,-0.018141294423398055,0.0,-0.0,0.0,-0.0,-0.0,-0.0,-0.0,-0.0,0.0,-0.0,0.0,0.0,0.0,0.0,0.0,-0.0,0.0,-0.0,0.0,-0.0,-0.0,0.010905364146964905,0.008320040066413662,0.0,0.0,-0.0,0.0,-0.0,0.0,0.027812059547626895,0.05514547047527453,0.0,0.0,-0.0,0.0,0.0,0.0,0.0,0.0,0.0,-0.0,0.0,0.0,0.0,0.0,0.0,0.2151302345070158,2025-08-07,3,19
-0.0,-0.0024934743648324627,-0.0,-0.0,0.0,0.017080893030647026,0.0,-0.0,0.0,-0.0,0.0,0.0,-0.0,-0.0,-0.007762370889458995,0.0,-0.0,-0.0,-0.0,0.0,0.0,0.0,-0.0,0.0,-0.0,-0.0,-0.04941949027442692,-0.11898465041119935,-0.02931683601174182,-0.0,-0.0,-0.0,-0.0,0.0,0.0,0.0,-0.0,-0.0,-0.0,0.05462882160995182,0.005924423962095443,0.0,-0.0,0.1392230274734766,-0.0,-0.0,-0.0,-0.0,0.0,0.0,0.0,-0.0,0.0,0.0,-0.006713818519999855,-0.0,-0.0,-0.0,-0.0,0.0,0.0,0.0,-0.0,0.0,0.0,0.0,0.0,0.0,0.0,-0.0,0.0,-0.009084571565522854,0.0,0.0,-0.0,-0.0,-0.0,0.0,0.0,0.0,-0.0,0.0,0.0,0.0,0.0,0.0,-0.0,0.030422067385491917,-0.0,-0.0,-0.0,-0.0,-0.0,0.0,-0.0,0.0,0.0,0.0,0.0,0.0,-0.0,0.0,-0.0,0.0,-0.0,-0.0,0.0,0.0,0.0,0.0,-0.0,-0.0,0.0,0.0,0.0,0.0,0.010766872510302538,0.0,-0.0,0.0,0.0,0.0,0.0,0.0,0.0,-0.0,0.0,-0.0,-0.018141294423398055,0.0,-0.0,0.0,-0.0,-0.0,-0.0,-0.0,-0.0,0.0,-0.0,0.0,0.0,0.0,0.0,0.0,-0.0,0.0,-0.0,0.0,-0.0,-0.0,0.010905364146964905,0.008320040066413662,0.0,0.0,-0.0,0.0,-0.0,0.0,0.027812059547626895,0.05514547047527453,0.0,0.0,-0.0,0.0,0.0,0.0,0.0,0.0,0.0,-0.0,0.0,0.0,0.0,0.0,0.0,0.2151302345070158,2025-08-08,3,19
-0.0,-0.0026977284504447704,-0.0,-0.0,0.0,0.01763493894039141,0.0,-0.0,0.0,-0.0,0.0,0.0,-0.0,-0.0,-0.007837886019958485,0.0,-0.0,-0.0,-0.0,0.0,0.0,0.0,-0.0,0.0,-0.0,-0.0,-0.044437402331770376,-0.11880142443190227,-0.028913616295424154,-0.0,-0.0,-0.0,-0.0,0.0,0.0,0.0,-0.0,-0.0,-0.0,0.05103177738343718,0.008038324236452836,0.0,-0.0,0.14094577289924967,-0.0,-0.0,-0.0,-0.0,0.0,0.0,0.0,-0.0,0.0,0.0,-0.010637654689933627,-0.0,-0.0,-0.0,-0.0,0.0,0.0,0.0,-0.0,0.0,0.0,0.0,0.0,0.0,0.0,-0.0,0.0,-0.0065889690392503955,0.0,0.0,-0.0,0.0,-0.0,0.0,0.0,0.0,-0.0,0.0,0.0,0.0,0.0,0.0,-0.0,0.03159640429275567,-0.0,-0.0,-0.0,-0.0,-0.0,0.0,-0.0,0.0,-0.0,0.0,0.0,0.0,-0.0,0.0,-0.0,0.0,-0.0,-0.0,0.0,0.0,0.0,0.0,-0.0,-0.0,0.0,0.0,0.0,0.0,0.009471750591673446,0.0,-0.0,0.0,0.0,0.0,0.0,0.0,0.0,-0.0,0.0,-0.0,-0.017818934342532185,0.0,-0.0,0.0,-0.0,-0.0,-0.0,-0.0,-0.0,-0.0,-0.0,0.0,0.0,0.0,0.0,0.0,-0.0,0.0,-0.0,0.0,-0.0,-0.0,0.01155359917569257,0.006637368083490428,0.0,0.0,-0.0,0.0,-0.0,0.0,0.021544694360838924,0.05825059649291001,0.0,0.0,-0.0,0.0,0.0,0.0,0.0,0.0,0.0,-0.0,0.0,0.0,0.0,0.0,0.0,0.21723239096508642,2025-08-09,3,19
-0.0,-0.0026977284504447704,-0.0,-0.0,0.0,0.01763493894039141,0.0,-0.0,0.0,-0.0,0.0,0.0,-0.0,-0.0,-0.007837886019958485,0.0,-0.0,-0.0,-0.0,0.0,0.0,0.0,-0.0,0.0,-0.0,-0.0,-0.044437402331770376,-0.11880142443190227,-0.028913616295424154,-0.0,-0.0,-0.0,-0.0,0.0,0.0,0.0,-0.0,-0.0,-0.0,0.05103177738343718,0.008038324236452836,0.0,-0.0,0.14094577289924967,-0.0,-0.0,-0.0,-0.0,0.0,0.0,0.0,-0.0,0.0,0.0,-0.010637654689933627,-0.0,-0.0,-0.0,-0.0,0.0,0.0,0.0,-0.0,0.0,0.0,0.0,0.0,0.0,0.0,-0.0,0.0,-0.0065889690392503955,0.0,0.0,-0.0,0.0,-0.0,0.0,0.0,0.0,-0.0,0.0,0.0,0.0,0.0,0.0,-0.0,0.03159640429275567,-0.0,-0.0,-0.0,-0.0,-0.0,0.0,-0.0,0.0,-0.0,0.0,0.0,0.0,-0.0,0.0,-0.0,0.0,-0.0,-0.0,0.0,0.0,0.0,0.0,-0.0,-0.0,0.0,0.0,0.0,0.0,0.009471750591673446,0.0,-0.0,0.0,0.0,0.0,0.0,0.0,0.0,-0.0,0.0,-0.0,-0.017818934342532185,0.0,-0.0,0.0,-0.0,-0.0,-0.0,-0.0,-0.0,-0.0,-0.0,0.0,0.0,0.0,0.0,0.0,-0.0,0.0,-0.0,0.0,-0.0,-0.0,0.01155359917569257,0.006637368083490428,0.0,0.0,-0.0,0.0,-0.0,0.0,0.021544694360838924,0.05825059649291001,0.0,0.0,-0.0,0.0,0.0,0.0,0.0,0.0,0.0,-0.0,0.0,0.0,0.0,0.0,0.0,0.21723239096508642,2025-08-10,3,19
-0.0,-0.0026977284504447704,-0.0,-0.0,0.0,0.01763493894039141,0.0,-0.0,0.0,-0.0,0.0,0.0,-0.0,-0.0,-0.007837886019958485,0.0,-0.0,-0.0,-0.0,0.0,0.0,0.0,-0.0,0.0,-0.0,-0.0,-0.044437402331770376,-0.11880142443190227,-0.028913616295424154,-0.0,-0.0,-0.0,-0.0,0.0,0.0,0.0,-0.0,-0.0,-0.0,0.05103177738343718,0.008038324236452836,0.0,-0.0,0.14094577289924967,-0.0,-0.0,-0.0,-0.0,0.0,0.0,0.0,-0.0,0.0,0.0,-0.010637654689933627,-0.0,-0.0,-0.0,-0.0,0.0,0.0,0.0,-0.0,0.0,0.0,0.0,0.0,0.0,0.0,-0.0,0.0,-0.0065889690392503955,0.0,0.0,-0.0,0.0,-0.0,0.0,0.0,0.0,-0.0,0.0,0.0,0.0,0.0,0.0,-0.0,0.03159640429275567,-0.0,-0.0,-0.0,-0.0,-0.0,0.0,-0.0,0.0,-0.0,0.0,0.0,0.0,-0.0,0.0,-0.0,0.0,-0.0,-0.0,0.0,0.0,0.0,0.0,-0.0,-0.0,0.0,0.0,0.0,0.0,0.009471750591673446,0.0,-0.0,0.0,0.0,0.0,0.0,0.0,0.0,-0.0,0.0,-0.0,-0.017818934342532185,0.0,-0.0,0.0,-0.0,-0.0,-0.0,-0.0,-0.0,-0.0,-0.0,0.0,0.0,0.0,0.0,0.0,-0.0,0.0,-0.0,0.0,-0.0,-0.0,0.01155359917569257,0.006637368083490428,0.0,0.0,-0.0,0.0,-0.0,0.0,0.021544694360838924,0.05825059649291001,0.0,0.0,-0.0,0.0,0.0,0.0,0.0,0.0,0.0,-0.0,0.0,0.0,0.0,0.0,0.0,0.21723239096508642,2025-08-11,3,19
-0.0,-0.0026977284504447704,-0.0,-0.0,0.0,0.01763493894039141,0.0,-0.0,0.0,-0.0,0.0,0.0,-0.0,-0.0,-0.007837886019958485,0.0,-0.0,-0.0,-0.0,0.0,0.0,0.0,-0.0,0.0,-0.0,-0.0,-0.044437402331770376,-0.11880142443190227,-0.028913616295424154,-0.0,-0.0,-0.0,-0.0,0.0,0.0,0.0,-0.0,-0.0,-0.0,0.05103177738343718,0.008038324236452836,0.0,-0.0,0.14094577289924967,-0.0,-0.0,-0.0,-0.0,0.0,0.0,0.0,-0.0,0.0,0.0,-0.010637654689933627,-0.0,-0.0,-0.0,-0.0,0.0,0.0,0.0,-0.0,0.0,0.0,0.0,0.0,0.0,0.0,-0.0,0.0,-0.0065889690392503955,0.0,0.0,-0.0,0.0,-0.0,0.0,0.0,0.0,-0.0,0.0,0.0,0.0,0.0,0.0,-0.0,0.03159640429275567,-0.0,-0.0,-0.0,-0.0,-0.0,0.0,-0.0,0.0,-0.0,0.0,0.0,0.0,-0.0,0.0,-0.0,0.0,-0.0,-0.0,0.0,0.0,0.0,0.0,-0.0,-0.0,0.0,0.0,0.0,0.0,0.009471750591673446,0.0,-0.0,0.0,0.0,0.0,0.0,0.0,0.0,-0.0,0.0,-0.0,-0.017818934342532185,0.0,-0.0,0.0,-0.0,-0.0,-0.0,-0.0,-0.0,-0.0,-0.0,0.0,0.0,0.0,0.0,0.0,-0.0,0.0,-0.0,0.0,-0.0,-0.0,0.01155359917569257,0.006637368083490428,0.0,0.0,-0.0,0.0,-0.0,0.0,0.021544694360838924,0.05825059649291001,0.0,0.0,-0.0,0.0,0.0,0.0,0.0,0.0,0.0,-0.0,0.0,0.0,0.0,0.0,0.0,0.21723239096508642,2025-08-12,3,19
-0.0,-0.0026977284504447704,-0.0,-0.0,0.0,0.01763493894039141,0.0,-0.0,0.0,-0.0,0.0,0.0,-0.0,-0.0,-0.007837886019958485,0.0,-0.0,-0.0,-0.0,0.0,0.0,0.0,-0.0,0.0,-0.0,-0.0,-0.044437402331770376,-0.11880142443190227,-0.028913616295424154,-0.0,-0.0,-0.0,-0.0,0.0,0.0,0.0,-0.0,-0.0,-0.0,0.05103177738343718,0.008038324236452836,0.0,-0.0,0.14094577289924967,-0.0,-0.0,-0.0,-0.0,0.0,0.0,0.0,-0.0,0.0,0.0,-0.010637654689933627,-0.0,-0.0,-0.0,-0.0,0.0,0.0,0.0,-0.0,0.0,0.0,0.0,0.0,0.0,0.0,-0.0,0.0,-0.0065889690392503955,0.0,0.0,-0.0,0.0,-0.0,0.0,0.0,0.0,-0.0,0.0,0.0,0.0,0.0,0.0,-0.0,0.03159640429275567,-0.0,-0.0,-0.0,-0.0,-0.0,0.0,-0.0,0.0,-0.0,0.0,0.0,0.0,-0.0,0.0,-0.0,0.0,-0.0,-0.0,0.0,0.0,0.0,0.0,-0.0,-0.0,0.0,0.0,0.0,0.0,0.009471750591673446,0.0,-0.0,0.0,0.0,0.0,0.0,0.0,0.0,-0.0,0.0,-0.0,-0.017818934342532185,0.0,-0.0,0.0,-0.0,-0.0,-0.0,-0.0,-0.0,-0.0,-0.0,0.0,0.0,0.0,0.0,0.0,-0.0,0.0,-0.0,0.0,-0.0,-0.0,0.01155359917569257,0.006637368083490428,0.0,0.0,-0.0,0.0,-0.0,0.0,0.021544694360838924,0.05825059649291001,0.0,0.0,-0.0,0.0,0.0,0.0,0.0,0.0,0.0,-0.0,0.0,0.0,0.0,0.0,0.0,0.21723239096508642,2025-08-13,3,19
-0.0,-0.0026977284504447704,-0.0,-0.0,0.0,0.01763493894039141,0.0,-0.0,0.0,-0.0,0.0,0.0,-0.0,-0.0,-0.007837886019958485,0.0,-0.0,-0.0,-0.0,0.0,0.0,0.0,-0.0,0.0,-0.0,-0.0,-0.044437402331770376,-0.11880142443190227,-0.028913616295424154,-0.0,-0.0,-0.0,-0.0,0.0,0.0,0.0,-0.0,-0.0,-0.0,0.05103177738343718,0.008038324236452836,0.0,-0.0,0.14094577289924967,-0.0,-0.0,-0.0,-0.0,0.0,0.0,0.0,-0.0,0.0,0.0,-0.010637654689933627,-0.0,-0.0,-0.0,-0.0,0.0,0.0,0.0,-0.0,0.0,0.0,0.0,0.0,0.0,0.0,-0.0,0.0,-0.0065889690392503955,0.0,0.0,-0.0,0.0,-0.0,0.0,0.0,0.0,-0.0,0.0,0.0,0.0,0.0,0.0,-0.0,0.03159640429275567,-0.0,-0.0,-0.0,-0.0,-0.0,0.0,-0.0,0.0,-0.0,0.0,0.0,0.0,-0.0,0.0,-0.0,0.0,-0.0,-0.0,0.0,0.0,0.0,0.0,-0.0,-0.0,0.0,0.0,0.0,0.0,0.009471750591673446,0.0,-0.0,0.0,0.0,0.0,0.0,0.0,0.0,-0.0,0.0,-0.0,-0.017818934342532185,0.0,-0.0,0.0,-0.0,-0.0,-0.0,-0.0,-0.0,-0.0,-0.0,0.0,0.0,0.0,0.0,0.0,-0.0,0.0,-0.0,0.0,-0.0,-0.0,0.01155359917569257,0.006637368083490428,0.0,0.0,-0.0,0.0,-0.0,0.0,0.021544694360838924,0.05825059649291001,0.0,0.0,-0.0,0.0,0.0,0.0,0.0,0.0,0.0,-0.0,0.0,0.0,0.0,0.0,0.0,0.21723239096508642,2025-08-14,3,19
-0.0,-0.0026977284504447704,-0.0,-0.0,0.0,0.01763493894039141,0.0,-0.0,0.0,-0.0,0.0,0.0,-0.0,-0.0,-0.007837886019958485,0.0,-0.0,-0.0,-0.0,0.0,0.0,0.0,-0.0,0.0,-0.0,-0.0,-0.044437402331770376,-0.11880142443190227,-0.028913616295424154,-0.0,-0.0,-0.0,-0.0,0.0,0.0,0.0,-0.0,-0.0,-0.0,0.05103177738343718,0.008038324236452836,0.0,-0.0,0.14094577289924967,-0.0,-0.0,-0.0,-0.0,0.0,0.0,0.0,-0.0,0.0,0.0,-0.010637654689933627,-0.0,-0.0,-0.0,-0.0,0.0,0.0,0.0,-0.0,0.0,0.0,0.0,0.0,0.0,0.0,-0.0,0.0,-0.0065889690392503955,0.0,0.0,-0.0,0.0,-0.0,0.0,0.0,0.0,-0.0,0.0,0.0,0.0,0.0,0.0,-0.0,0.03159640429275567,-0.0,-0.0,-0.0,-0.0,-0.0,0.0,-0.0,0.0,-0.0,0.0,0.0,0.0,-0.0,0.0,-0.0,0.0,-0.0,-0.0,0.0,0.0,0.0,0.0,-0.0,-0.0,0.0,0.0,0.0,0.0,0.009471750591673446,0.0,-0.0,0.0,0.0,0.0,0.0,0.0,0.0,-0.0,0.0,-0.0,-0.017818934342532185,0.0,-0.0,0.0,-0.0,-0.0,-0.0,-0.0,-0.0,-0.0,-0.0,0.0,0.0,0.0,0.0,0.0,-0.0,0.0,-0.0,0.0,-0.0,-0.0,0.01155359917569257,0.006637368083490428,0.0,0.0,-0.0,0.0,-0.0,0.0,0.021544694360838924,0.05825059649291001,0.0,0.0,-0.0,0.0,0.0,0.0,0.0,0.0,0.0,-0.0,0.0,0.0,0.0,0.0,0.0,0.21723239096508642,2025-08-15,3,19
-0.0,-0.004474651530137743,-0.0,-0.0,0.0,0.020052193420164455,0.0,-0.0,0.0,-0.0,0.0,0.0,-0.0,-0.0,-0.007837452347230236,0.0,-0.0,-0.0,-0.0,0.0,0.0,0.0,-0.0,0.0,-0.0,-0.0,-0.04281205698970686,-0.11864709657321006,-0.02937392180931947,-0.0,-0.0,-0.0,-0.0,0.0,0.0,0.0,-0.0,-0.0,-0.0,0.050049596060845906,0.0063506044287654165,0.0,-0.0,0.13921714449326206,-0.0,-0.0,-0.0,-0.0,-0.0,0.0,0.0,-0.0,0.0,0.0,-0.008702886681495669,-0.0,-0.0,-0.0,-0.0,0.0,0.0,0.0,-0.0,0.0,0.0,0.0,0.0,0.0,0.0,-0.0,0.0,-0.007260381114880553,0.0,0.0,-0.0,0.0,-0.0,0.0,0.0,0.0,-0.0,0.0,0.0,0.0,0.0003883090783473548,0.0,-0.0,0.03159852194789987,-0.0,-0.0,-0.0,-0.0,-0.0,0.0,-0.0,0.0,0.0,0.0,0.0,0.0,-0.0,0.0,-0.0,0.0,-0.0,-0.0,0.0,0.0,0.0,0.0,-0.0,-0.0,0.0,0.0,0.0,0.0,0.009348749086175969,0.0,-0.0,0.0,0.0,0.0,0.0,0.0,0.0,-0.0,0.0,-0.0,-0.015443787090409606,0.0,-0.0,0.0,-0.0,-0.0,-0.0,-0.0,-0.0,-0.0,-0.0,0.0,0.0,0.0,0.0,0.0,-0.0,0.0,-0.0,0.0,-0.0,-0.0,0.011755444839538139,0.005556735376915196,0.0,0.0,-0.0,0.0,-0.0,0.0,0.025039684401669742,0.05733132198866448,0.0,0.0,-0.0,0.0,0.0,0.0,0.0,0.0,0.0,-0.0,0.0,0.0,0.0,0.0,0.0,0.2181375006695389,2025-08-16,3,20
-0.0,-0.004474651530137743,-0.0,-0.0,0.0,0.020052193420164455,0.0,-0.0,0.0,-0.0,0.0,0.0,-0.0,-0.0,-0.007837452347230236,0.0,-0.0,-0.0,-0.0,0.0,0.0,0.0,-0.0,0.0,-0.0,-0.0,-0.04281205698970686,-0.11864709657321006,-0.02937392180931947,-0.0,-0.0,-0.0,-0.0,0.0,0.0,0.0,-0.0,-0.0,-0.0,0.050049596060845906,0.0063506044287654165,0.0,-0.0,0.13921714449326206,-0.0,-0.0,-0.0,-0.0,-0.0,0.0,0.0,-0.0,0.0,0.0,-0.008702886681495669,-0.0,-0.0,-0.0,-0.0,0.0,0.0,0.0,-0.0,0.0,0.0,0.0,0.0,0.0,0.0,-0.0,0.0,-0.007260381114880553,0.0,0.0,-0.0,0.0,-0.0,0.0,0.0,0.0,-0.0,0.0,0.0,0.0,0.0003883090783473548,0.0,-0.0,0.03159852194789987,-0.0,-0.0,-0.0,-0.0,-0.0,0.0,-0.0,0.0,0.0,0.0,0.0,0.0,-0.0,0.0,-0.0,0.0,-0.0,-0.0,0.0,0.0,0.0,0.0,-0.0,-0.0,0.0,0.0,0.0,0.0,0.009348749086175969,0.0,-0.0,0.0,0.0,0.0,0.0,0.0,0.0,-0.0,0.0,-0.0,-0.015443787090409606,0.0,-0.0,0.0,-0.0,-0.0,-0.0,-0.0,-0.0,-0.0,-0.0,0.0,0.0,0.0,0.0,0.0,-0.0,0.0,-0.0,0.0,-0.0,-0.0,0.011755444839538139,0.005556735376915196,0.0,0.0,-0.0,0.0,-0.0,0.0,0.025039684401669742,0.05733132198866448,0.0,0.0,-0.0,0.0,0.0,0.0,0.0,0.0,0.0,-0.0,0.0,0.0,0.0,0.0,0.0,0.2181375006695389,2025-08-17,3,20
-0.0,-0.004474651530137743,-0.0,-0.0,0.0,0.020052193420164455,0.0,-0.0,0.0,-0.0,0.0,0.0,-0.0,-0.0,-0.007837452347230236,0.0,-0.0,-0.0,-0.0,0.0,0.0,0.0,-0.0,0.0,-0.0,-0.0,-0.04281205698970686,-0.11864709657321006,-0.02937392180931947,-0.0,-0.0,-0.0,-0.0,0.0,0.0,0.0,-0.0,-0.0,-0.0,0.050049596060845906,0.0063506044287654165,0.0,-0.0,0.13921714449326206,-0.0,-0.0,-0.0,-0.0,-0.0,0.0,0.0,-0.0,0.0,0.0,-0.008702886681495669,-0.0,-0.0,-0.0,-0.0,0.0,0.0,0.0,-0.0,0.0,0.0,0.0,0.0,0.0,0.0,-0.0,0.0,-0.007260381114880553,0.0,0.0,-0.0,0.0,-0.0,0.0,0.0,0.0,-0.0,0.0,0.0,0.0,0.0003883090783473548,0.0,-0.0,0.03159852194789987,-0.0,-0.0,-0.0,-0.0,-0.0,0.0,-0.0,0.0,0.0,0.0,0.0,0.0,-0.0,0.0,-0.0,0.0,-0.0,-0.0,0.0,0.0,0.0,0.0,-0.0,-0.0,0.0,0.0,0.0,0.0,0.009348749086175969,0.0,-0.0,0.0,0.0,0.0,0.0,0.0,0.0,-0.0,0.0,-0.0,-0.015443787090409606,0.0,-0.0,0.0,-0.0,-0.0,-0.0,-0.0,-0.0,-0.0,-0.0,0.0,0.0,0.0,0.0,0.0,-0.0,0.0,-0.0,0.0,-0.0,-0.0,0.011755444839538139,0.005556735376915196,0.0,0.0,-0.0,0.0,-0.0,0.0,0.025039684401669742,0.05733132198866448,0.0,0.0,-0.0,0.0,0.0,0.0,0.0,0.0,0.0,-0.0,0.0,0.0,0.0,0.0,0.0,0.2181375006695389,2025-08-18,3,20
-0.0,-0.004474651530137743,-0.0,-0.0,0.0,0.020052193420164455,0.0,-0.0,0.0,-0.0,0.0,0.0,-0.0,-0.0,-0.007837452347230236,0.0,-0.0,-0.0,-0.0,0.0,0.0,0.0,-0.0,0.0,-0.0,-0.0,-0.04281205698970686,-0.11864709657321006,-0.02937392180931947,-0.0,-0.0,-0.0,-0.0,0.0,0.0,0.0,-0.0,-0.0,-0.0,0.050049596060845906,0.0063506044287654165,0.0,-0.0,0.13921714449326206,-0.0,-0.0,-0.0,-0.0,-0.0,0.0,0.0,-0.0,0.0,0.0,-0.008702886681495669,-0.0,-0.0,-0.0,-0.0,0.0,0.0,0.0,-0.0,0.0,0.0,0.0,0.0,0.0,0.0,-0.0,0.0,-0.007260381114880553,0.0,0.0,-0.0,0.0,-0.0,0.0,0.0,0.0,-0.0,0.0,0.0,0.0,0.0003883090783473548,0.0,-0.0,0.03159852194789987,-0.0,-0.0,-0.0,-0.0,-0.0,0.0,-0.0,0.0,0.0,0.0,0.0,0.0,-0.0,0.0,-0.0,0.0,-0.0,-0.0,0.0,0.0,0.0,0.0,-0.0,-0.0,0.0,0.0,0.0,0.0,0.009348749086175969,0.0,-0.0,0.0,0.0,0.0,0.0,0.0,0.0,-0.0,0.0,-0.0,-0.015443787090409606,0.0,-0.0,0.0,-0.0,-0.0,-0.0,-0.0,-0.0,-0.0,-0.0,0.0,0.0,0.0,0.0,0.0,-0.0,0.0,-0.0,0.0,-0.0,-0.0,0.011755444839538139,0.005556735376915196,0.0,0.0,-0.0,0.0,-0.0,0.0,0.025039684401669742,0.05733132198866448,0.0,0.0,-0.0,0.0,0.0,0.0,0.0,0.0,0.0,-0.0,0.0,0.0,0.0,0.0,0.0,0.2181375006695389,2025-08-19,3,20
-0.0,-0.004474651530137743,-0.0,-0.0,0.0,0.020052193420164455,0.0,-0.0,0.0,-0.0,0.0,0.0,-0.0,-0.0,-0.007837452347230236,0.0,-0.0,-0.0,-0.0,0.0,0.0,0.0,-0.0,0.0,-0.0,-0.0,-0.04281205698970686,-0.11864709657321006,-0.02937392180931947,-0.0,-0.0,-0.0,-0.0,0.0,0.0,0.0,-0.0,-0.0,-0.0,0.050049596060845906,0.0063506044287654165,0.0,-0.0,0.13921714449326206,-0.0,-0.0,-0.0,-0.0,-0.0,0.0,0.0,-0.0,0.0,0.0,-0.008702886681495669,-0.0,-0.0,-0.0,-0.0,0.0,0.0,0.0,-0.0,0.0,0.0,0.0,0.0,0.0,0.0,-0.0,0.0,-0.007260381114880553,0.0,0.0,-0.0,0.0,-0.0,0.0,0.0,0.0,-0.0,0.0,0.0,0.0,0.0003883090783473548,0.0,-0.0,0.03159852194789987,-0.0,-0.0,-0.0,-0.0,-0.0,0.0,-0.0,0.0,0.0,0.0,0.0,0.0,-0.0,0.0,-0.0,0.0,-0.0,-0.0,0.0,0.0,0.0,0.0,-0.0,-0.0,0.0,0.0,0.0,0.0,0.009348749086175969,0.0,-0.0,0.0,0.0,0.0,0.0,0.0,0.0,-0.0,0.0,-0.0,-0.015443787090409606,0.0,-0.0,0.0,-0.0,-0.0,-0.0,-0.0,-0.0,-0.0,-0.0,0.0,0.0,0.0,0.0,0.0,-0.0,0.0,-0.0,0.0,-0.0,-0.0,0.011755444839538139,0.005556735376915196,0.0,0.0,-0.0,0.0,-0.0,0.0,0.025039684401669742,0.05733132198866448,0.0,0.0,-0.0,0.0,0.0,0.0,0.0,0.0,0.0,-0.0,0.0,0.0,0.0,0.0,0.0,0.2181375006695389,2025-08-20,3,20
-0.0,-0.004474651530137743,-0.0,-0.0,0.0,0.020052193420164455,0.0,-0.0,0.0,-0.0,0.0,0.0,-0.0,-0.0,-0.007837452347230236,0.0,-0.0,-0.0,-0.0,0.0,0.0,0.0,-0.0,0.0,-0.0,-0.0,-0.04281205698970686,-0.11864709657321006,-0.02937392180931947,-0.0,-0.0,-0.0,-0.0,0.0,0.0,0.0,-0.0,-0.0,-0.0,0.050049596060845906,0.0063506044287654165,0.0,-0.0,0.13921714449326206,-0.0,-0.0,-0.0,-0.0,-0.0,0.0,0.0,-0.0,0.0,0.0,-0.008702886681495669,-0.0,-0.0,-0.0,-0.0,0.0,0.0,0.0,-0.0,0.0,0.0,0.0,0.0,0.0,0.0,-0.0,0.0,-0.007260381114880553,0.0,0.0,-0.0,0.0,-0.0,0.0,0.0,0.0,-0.0,0.0,0.0,0.0,0.0003883090783473548,0.0,-0.0,0.03159852194789987,-0.0,-0.0,-0.0,-0.0,-0.0,0.0,-0.0,0.0,0.0,0.0,0.0,0.0,-0.0,0.0,-0.0,0.0,-0.0,-0.0,0.0,0.0,0.0,0.0,-0.0,-0.0,0.0,0.0,0.0,0.0,0.009348749086175969,0.0,-0.0,0.0,0.0,0.0,0.0,0.0,0.0,-0.0,0.0,-0.0,-0.015443787090409606,0.0,-0.0,0.0,-0.0,-0.0,-0.0,-0.0,-0.0,-0.0,-0.0,0.0,0.0,0.0,0.0,0.0,-0.0,0.0,-0.0,0.0,-0.0,-0.0,0.011755444839538139,0.005556735376915196,0.0,0.0,-0.0,0.0,-0.0,0.0,0.025039684401669742,0.05733132198866448,0.0,0.0,-0.0,0.0,0.0,0.0,0.0,0.0,0.0,-0.0,0.0,0.0,0.0,0.0,0.0,0.2181375006695389,2025-08-21,3,20
-0.0,-0.004474651530137743,-0.0,-0.0,0.0,0.020052193420164455,0.0,-0.0,0.0,-0.0,0.0,0.0,-0.0,-0.0,-0.007837452347230236,0.0,-0.0,-0.0,-0.0,0.0,0.0,0.0,-0.0,0.0,-0.0,-0.0,-0.04281205698970686,-0.11864709657321006,-0.02937392180931947,-0.0,-0.0,-0.0,-0.0,0.0,0.0,0.0,-0.0,-0.0,-0.0,0.050049596060845906,0.0063506044287654165,0.0,-0.0,0.13921714449326206,-0.0,-0.0,-0.0,-0.0,-0.0,0.0,0.0,-0.0,0.0,0.0,-0.008702886681495669,-0.0,-0.0,-0.0,-0.0,0.0,0.0,0.0,-0.0,0.0,0.0,0.0,0.0,0.0,0.0,-0.0,0.0,-0.007260381114880553,0.0,0.0,-0.0,0.0,-0.0,0.0,0.0,0.0,-0.0,0.0,0.0,0.0,0.0003883090783473548,0.0,-0.0,0.03159852194789987,-0.0,-0.0,-0.0,-0.0,-0.0,0.0,-0.0,0.0,0.0,0.0,0.0,0.0,-0.0,0.0,-0.0,0.0,-0.0,-0.0,0.0,0.0,0.0,0.0,-0.0,-0.0,0.0,0.0,0.0,0.0,0.009348749086175969,0.0,-0.0,0.0,0.0,0.0,0.0,0.0,0.0,-0.0,0.0,-0.0,-0.015443787090409606,0.0,-0.0,0.0,-0.0,-0.0,-0.0,-0.0,-0.0,-0.0,-0.0,0.0,0.0,0.0,0.0,0.0,-0.0,0.0,-0.0,0.0,-0.0,-0.0,0.011755444839538139,0.005556735376915196,0.0,0.0,-0.0,0.0,-0.0,0.0,0.025039684401669742,0.05733132198866448,0.0,0.0,-0.0,0.0,0.0,0.0,0.0,0.0,0.0,-0.0,0.0,0.0,0.0,0.0,0.0,0.2181375006695389,2025-08-22,3,20
-0.0,-0.004225181135408442,-0.0,-0.0,0.0,0.020419505557345646,0.0,-0.0,0.0,-0.0,0.0,0.0,-0.0,-0.0,-0.007337426417487597,0.0,-0.0,-0.0,-0.0,0.0,0.0,0.0,-0.0,0.0,-0.0,-0.0,-0.04343986976812866,-0.1201803057937956,-0.02854401707685244,-0.0,-0.0,-0.0,-0.0,0.0,0.0,0.0,-0.0,-0.0,-0.0,0.05127339284008018,0.005694930438664244,0.0,-0.0,0.14055265292917246,-0.0,-0.0,0.0,-0.0,-0.0,0.0,0.0,-0.0,0.0,0.0,-0.008448184765727208,-0.0,-0.0,-0.0,-0.0,0.0,0.0,0.0,-0.0,0.0,0.0,0.0,0.0,0.0,0.0,-0.0,0.0,-0.007857857776814107,0.0,0.0,-0.0,0.0,-0.0,0.0,0.0,0.0,-0.0,0.0,0.0,0.0,0.0,0.0,-0.0,0.031578868182535816,-0.0,-0.0,-0.0,-0.0,-0.0,0.0,0.0,0.0,0.0,0.0,0.0,0.0,-0.0,0.0,-0.0,0.0,-0.0,-0.0,0.0,0.0,0.0,0.0,-0.0,-0.0,0.0,0.0,0.0,0.0,0.010691803929744904,0.0,-0.0,0.0,0.0,0.0,0.0,0.0,0.0,-0.0,0.0,-0.0,-0.014565635367847933,0.0,-0.0,0.0,-0.0,-0.0,-0.0,-0.0,-0.0,-0.0,-0.0,0.0,0.0,0.0,0.0,0.0,-0.0,0.0,-0.0,0.0,-0.0,-0.0,0.011910982677741773,0.006325640789566677,0.0,0.0,-0.0,0.0,-0.0,0.0,0.0254604259872124,0.059701372498906995,0.0,0.0,-0.0,0.0,0.0,0.0,0.0,0.0,0.0,-0.0,0.0,0.0,0.0,0.0,0.0,0.2156947675595857,2025-08-23,3,19
-0.0,-0.004225181135408442,-0.0,-0.0,0.0,0.020419505557345646,0.0,-0.0,0.0,-0.0,0.0,0.0,-0.0,-0.0,-0.007337426417487597,0.0,-0.0,-0.0,-0.0,0.0,0.0,0.0,-0.0,0.0,-0.0,-0.0,-0.04343986976812866,-0.1201803057937956,-0.02854401707685244,-0.0,-0.0,-0.0,-0.0,0.0,0.0,0.0,-0.0,-0.0,-0.0,0.05127339284008018,0.005694930438664244,0.0,-0.0,0.14055265292917246,-0.0,-0.0,0.0,-0.0,-0.0,0.0,0.0,-0.0,0.0,0.0,-0.008448184765727208,-0.0,-0.0,-0.0,-0.0,0.0,0.0,0.0,-0.0,0.0,0.0,0.0,0.0,0.0,0.0,-0.0,0.0,-0.007857857776814107,0.0,0.0,-0.0,0.0,-0.0,0.0,0.0,0.0,-0.0,0.0,0.0,0.0,0.0,0.0,-0.0,0.031578868182535816,-0.0,-0.0,-0.0,-0.0,-0.0,0.0,0.0,0.0,0.0,0.0,0.0,0.0,-0.0,0.0,-0.0,0.0,-0.0,-0.0,0.0,0.0,0.0,0.0,-0.0,-0.0,0.0,0.0,0.0,0.0,0.010691803929744904,0.0,-0.0,0.0,0.0,0.0,0.0,0.0,0.0,-0.0,0.0,-0.0,-0.014565635367847933,0.0,-0.0,0.0,-0.0,-0.0,-0.0,-0.0,-0.0,-0.0,-0.0,0.0,0.0,0.0,0.0,0.0,-0.0,0.0,-0.0,0.0,-0.0,-0.0,0.011910982677741773,0.006325640789566677,0.0,0.0,-0.0,0.0,-0.0,0.0,0.0254604259872124,0.059701372498906995,0.0,0.0,-0.0,0.0,0.0,0.0,0.0,0.0,0.0,-0.0,0.0,0.0,0.0,0.0,0.0,0.2156947675595857,2025-08-24,3,19
-0.0,-0.004225181135408442,-0.0,-0.0,0.0,0.020419505557345646,0.0,-0.0,0.0,-0.0,0.0,0.0,-0.0,-0.0,-0.007337426417487597,0.0,-0.0,-0.0,-0.0,0.0,0.0,0.0,-0.0,0.0,-0.0,-0.0,-0.04343986976812866,-0.1201803057937956,-0.02854401707685244,-0.0,-0.0,-0.0,-0.0,0.0,0.0,0.0,-0.0,-0.0,-0.0,0.05127339284008018,0.005694930438664244,0.0,-0.0,0.14055265292917246,-0.0,-0.0,0.0,-0.0,-0.0,0.0,0.0,-0.0,0.0,0.0,-0.008448184765727208,-0.0,-0.0,-0.0,-0.0,0.0,0.0,0.0,-0.0,0.0,0.0,0.0,0.0,0.0,0.0,-0.0,0.0,-0.007857857776814107,0.0,0.0,-0.0,0.0,-0.0,0.0,0.0,0.0,-0.0,0.0,0.0,0.0,0.0,0.0,-0.0,0.031578868182535816,-0.0,-0.0,-0.0,-0.0,-0.0,0.0,0.0,0.0,0.0,0.0,0.0,0.0,-0.0,0.0,-0.0,0.0,-0.0,-0.0,0.0,0.0,0.0,0.0,-0.0,-0.0,0.0,0.0,0.0,0.0,0.010691803929744904,0.0,-0.0,0.0,0.0,0.0,0.0,0.0,0.0,-0.0,0.0,-0.0,-0.014565635367847933,0.0,-0.0,0.0,-0.0,-0.0,-0.0,-0.0,-0.0,-0.0,-0.0,0.0,0.0,0.0,0.0,0.0,-0.0,0.0,-0.0,0.0,-0.0,-0.0,0.011910982677741773,0.006325640789566677,0.0,0.0,-0.0,0.0,-0.0,0.0,0.0254604259872124,0.059701372498906995,0.0,0.0,-0.0,0.0,0.0,0.0,0.0,0.0,0.0,-0.0,0.0,0.0,0.0,0.0,0.0,0.2156947675595857,2025-08-25,3,19
-0.0,-0.004225181135408442,-0.0,-0.0,0.0,0.020419505557345646,0.0,-0.0,0.0,-0.0,0.0,0.0,-0.0,-0.0,-0.007337426417487597,0.0,-0.0,-0.0,-0.0,0.0,0.0,0.0,-0.0,0.0,-0.0,-0.0,-0.04343986976812866,-0.1201803057937956,-0.02854401707685244,-0.0,-0.0,-0.0,-0.0,0.0,0.0,0.0,-0.0,-0.0,-0.0,0.05127339284008018,0.005694930438664244,0.0,-0.0,0.14055265292917246,-0.0,-0.0,0.0,-0.0,-0.0,0.0,0.0,-0.0,0.0,0.0,-0.008448184765727208,-0.0,-0.0,-0.0,-0.0,0.0,0.0,0.0,-0.0,0.0,0.0,0.0,0.0,0.0,0.0,-0.0,0.0,-0.007857857776814107,0.0,0.0,-0.0,0.0,-0.0,0.0,0.0,0.0,-0.0,0.0,0.0,0.0,0.0,0.0,-0.0,0.031578868182535816,-0.0,-0.0,-0.0,-0.0,-0.0,0.0,0.0,0.0,0.0,0.0,0.0,0.0,-0.0,0.0,-0.0,0.0,-0.0,-0.0,0.0,0.0,0.0,0.0,-0.0,-0.0,0.0,0.0,0.0,0.0,0.010691803929744904,0.0,-0.0,0.0,0.0,0.0,0.0,0.0,0.0,-0.0,0.0,-0.0,-0.014565635367847933,0.0,-0.0,0.0,-0.0,-0.0,-0.0,-0.0,-0.0,-0.0,-0.0,0.0,0.0,0.0,0.0,0.0,-0.0,0.0,-0.0,0.0,-0.0,-0.0,0.011910982677741773,0.006325640789566677,0.0,0.0,-0.0,0.0,-0.0,0.0,0.0254604259872124,0.059701372498906995,0.0,0.0,-0.0,0.0,0.0,0.0,0.0,0.0,0.0,-0.0,0.0,0.0,0.0,0.0,0.0,0.2156947675595857,2025-08-26,3,19
-0.0,-0.004225181135408442,-0.0,-0.0,0.0,0.020419505557345646,0.0,-0.0,0.0,-0.0,0.0,0.0,-0.0,-0.0,-0.007337426417487597,0.0,-0.0,-0.0,-0.0,0.0,0.0,0.0,-0.0,0.0,-0.0,-0.0,-0.04343986976812866,-0.1201803057937956,-0.02854401707685244,-0.0,-0.0,-0.0,-0.0,0.0,0.0,0.0,-0.0,-0.0,-0.0,0.05127339284008018,0.005694930438664244,0.0,-0.0,0.14055265292917246,-0.0,-0.0,0.0,-0.0,-0.0,0.0,0.0,-0.0,0.0,0.0,-0.008448184765727208,-0.0,-0.0,-0.0,-0.0,0.0,0.0,0.0,-0.0,0.0,0.0,0.0,0.0,0.0,0.0,-0.0,0.0,-0.007857857776814107,0.0,0.0,-0.0,0.0,-0.0,0.0,0.0,0.0,-0.0,0.0,0.0,0.0,0.0,0.0,-0.0,0.031578868182535816,-0.0,-0.0,-0.0,-0.0,-0.0,0.0,0.0,0.0,0.0,0.0,0.0,0.0,-0.0,0.0,-0.0,0.0,-0.0,-0.0,0.0,0.0,0.0,0.0,-0.0,-0.0,0.0,0.0,0.0,0.0,0.010691803929744904,0.0,-0.0,0.0,0.0,0.0,0.0,0.0,0.0,-0.0,0.0,-0.0,-0.014565635367847933,0.0,-0.0,0.0,-0.0,-0.0,-0.0,-0.0,-0.0,-0.0,-0.0,0.0,0.0,0.0,0.0,0.0,-0.0,0.0,-0.0,0.0,-0.0,-0.0,0.011910982677741773,0.006325640789566677,0.0,0.0,-0.0,0.0,-0.0,0.0,0.0254604259872124,0.059701372498906995,0.0,0.0,-0.0,0.0,0.0,0.0,0.0,0.0,0.0,-0.0,0.0,0.0,0.0,0.0,0.0,0.2156947675595857,2025-08-27,3,19
-0.0,-0.004225181135408442,-0.0,-0.0,0.0,0.020419505557345646,0.0,-0.0,0.0,-0.0,0.0,0.0,-0.0,-0.0,-0.007337426417487597,0.0,-0.0,-0.0,-0.0,0.0,0.0,0.0,-0.0,0.0,-0.0,-0.0,-0.04343986976812866,-0.1201803057937956,-0.02854401707685244,-0.0,-0.0,-0.0,-0.0,0.0,0.0,0.0,-0.0,-0.0,-0.0,0.05127339284008018,0.005694930438664244,0.0,-0.0,0.14055265292917246,-0.0,-0.0,0.0,-0.0,-0.0,0.0,0.0,-0.0,0.0,0.0,-0.008448184765727208,-0.0,-0.0,-0.0,-0.0,0.0,0.0,0.0,-0.0,0.0,0.0,0.0,0.0,0.0,0.0,-0.0,0.0,-0.007857857776814107,0.0,0.0,-0.0,0.0,-0.0,0.0,0.0,0.0,-0.0,0.0,0.0,0.0,0.0,0.0,-0.0,0.031578868182535816,-0.0,-0.0,-0.0,-0.0,-0.0,0.0,0.0,0.0,0.0,0.0,0.0,0.0,-0.0,0.0,-0.0,0.0,-0.0,-0.0,0.0,0.0,0.0,0.0,-0.0,-0.0,0.0,0.0,0.0,0.0,0.010691803929744904,0.0,-0.0,0.0,0.0,0.0,0.0,0.0,0.0,-0.0,0.0,-0.0,-0.014565635367847933,0.0,-0.0,0.0,-0.0,-0.0,-0.0,-0.0,-0.0,-0.0,-0.0,0.0,0.0,0.0,0.0,0.0,-0.0,0.0,-0.0,0.0,-0.0,-0.0,0.011910982677741773,0.006325640789566677,0.0,0.0,-0.0,0.0,-0.0,0.0,0.0254604259872124,0.059701372498906995,0.0,0.0,-0.0,0.0,0.0,0.0,0.0,0.0,0.0,-0.0,0.0,0.0,0.0,0.0,0.0,0.2156947675595857,2025-08-28,3,19
-0.0,-0.004225181135408442,-0.0,-0.0,0.0,0.020419505557345646,0.0,-0.0,0.0,-0.0,0.0,0.0,-0.0,-0.0,-0.007337426417487597,0.0,-0.0,-0.0,-0.0,0.0,0.0,0.0,-0.0,0.0,-0.0,-0.0,-0.04343986976812866,-0.1201803057937956,-0.02854401707685244,-0.0,-0.0,-0.0,-0.0,0.0,0.0,0.0,-0.0,-0.0,-0.0,0.05127339284008018,0.005694930438664244,0.0,-0.0,0.14055265292917246,-0.0,-0.0,0.0,-0.0,-0.0,0.0,0.0,-0.0,0.0,0.0,-0.008448184765727208,-0.0,-0.0,-0.0,-0.0,0.0,0.0,0.0,-0.0,0.0,0.0,0.0,0.0,0.0,0.0,-0.0,0.0,-0.007857857776814107,0.0,0.0,-0.0,0.0,-0.0,0.0,0.0,0.0,-0.0,0.0,0.0,0.0,0.0,0.0,-0.0,0.031578868182535816,-0.0,-0.0,-0.0,-0.0,-0.0,0.0,0.0,0.0,0.0,0.0,0.0,0.0,-0.0,0.0,-0.0,0.0,-0.0,-0.0,0.0,0.0,0.0,0.0,-0.0,-0.0,0.0,0.0,0.0,0.0,0.010691803929744904,0.0,-0.0,0.0,0.0,0.0,0.0,0.0,0.0,-0.0,0.0,-0.0,-0.014565635367847933,0.0,-0.0,0.0,-0.0,-0.0,-0.0,-0.0,-0.0,-0.0,-0.0,0.0,0.0,0.0,0.0,0.0,-0.0,0.0,-0.0,0.0,-0.0,-0.0,0.011910982677741773,0.006325640789566677,0.0,0.0,-0.0,0.0,-0.0,0.0,0.0254604259872124,0.059701372498906995,0.0,0.0,-0.0,0.0,0.0,0.0,0.0,0.0,0.0,-0.0,0.0,0.0,0.0,0.0,0.0,0.2156947675595857,2025-08-29,3,19
-0.0,-0.0030204104749091123,-0.0,-0.0,0.0,0.02119230001907985,-0.0,-0.0,0.0,-0.0,0.0,0.0,-0.0,-0.0,-0.00509540445944958,0.0,-0.0,-0.0,-0.0,0.0,0.0,0.0,-0.0,0.0,-0.0,-0.0,-0.04464315478043659,-0.12175446582669722,-0.027796118906937017,-0.0,-0.0,-0.0,-0.0,0.0,0.0,0.0,-0.0,-0.0,-0.0,0.051755869256164086,0.0026215747264712198,0.0,-0.0,0.1422295173784892,-0.0,-0.0,0.0,-0.0,0.0,0.0,0.0,-0.0,0.0,0.0,-0.008373774256645386,-0.0,-0.0,-0.0,-0.0,0.0,0.0,0.0,-0.0,0.0,0.0,0.0,0.0,0.0,0.0,-0.0,0.0,-0.00786792254458764,0.0,0.0,-0.0,0.0,-0.0,0.0,0.0,0.0,-0.0,0.0,0.0,0.0,0.0,0.0,-0.0,0.033057264740800923,-0.0,-0.0,-0.0,-0.0,-0.0,0.0,0.0,0.0,0.0,0.0,0.0,0.0,-0.0,0.0,-0.0,-0.0,-0.0,-0.0,0.0,0.0,0.0,0.0,-0.0,-0.0,0.0,0.0,0.0,0.0,0.01064905698825872,0.0,-0.0,0.0,0.0,0.0,0.0,0.0,0.0,-0.0,0.0,-0.0,-0.015376416832265023,0.0,-0.0,0.0,-0.0,-0.0,-0.0,-0.0,-0.0,-0.0,-0.0,0.0,0.0,0.0,0.0,0.0,-0.0,0.0,-0.0,0.0,-0.0,-0.0,0.011900787000950113,0.009316245915386944,0.0,0.0,-0.0,0.0,-0.0,0.0,0.02860288150457994,0.060501431788631724,0.0,0.0,-0.0,0.0,0.0,0.0,0.0,0.0,0.0,-0.0,0.0,0.0,0.0,0.0,0.0,0.21340179781419957,2025-08-30,3,19
-0.0,-0.0030204104749091123,-0.0,-0.0,0.0,0.02119230001907985,-0.0,-0.0,0.0,-0.0,0.0,0.0,-0.0,-0.0,-0.00509540445944958,0.0,-0.0,-0.0,-0.0,0.0,0.0,0.0,-0.0,0.0,-0.0,-0.0,-0.04464315478043659,-0.12175446582669722,-0.027796118906937017,-0.0,-0.0,-0.0,-0.0,0.0,0.0,0.0,-0.0,-0.0,-0.0,0.051755869256164086,0.0026215747264712198,0.0,-0.0,0.1422295173784892,-0.0,-0.0,0.0,-0.0,0.0,0.0,0.0,-0.0,0.0,0.0,-0.008373774256645386,-0.0,-0.0,-0.0,-0.0,0.0,0.0,0.0,-0.0,0.0,0.0,0.0,0.0,0.0,0.0,-0.0,0.0,-0.00786792254458764,0.0,0.0,-0.0,0.0,-0.0,0.0,0.0,0.0,-0.0,0.0,0.0,0.0,0.0,0.0,-0.0,0.033057264740800923,-0.0,-0.0,-0.0,-0.0,-0.0,0.0,0.0,0.0,0.0,0.0,0.0,0.0,-0.0,0.0,-0.0,-0.0,-0.0,-0.0,0.0,0.0,0.0,0.0,-0.0,-0.0,0.0,0.0,0.0,0.0,0.01064905698825872,0.0,-0.0,0.0,0.0,0.0,0.0,0.0,0.0,-0.0,0.0,-0.0,-0.015376416832265023,0.0,-0.0,0.0,-0.0,-0.0,-0.0,-0.0,-0.0,-0.0,-0.0,0.0,0.0,0.0,0.0,0.0,-0.0,0.0,-0.0,0.0,-0.0,-0.0,0.011900787000950113,0.009316245915386944,0.0,0.0,-0.0,0.0,-0.0,0.0,0.02860288150457994,0.060501431788631724,0.0,0.0,-0.0,0.0,0.0,0.0,0.0,0.0,0.0,-0.0,0.0,0.0,0.0,0.0,0.0,0.21340179781419957,2025-08-31,3,19
-0.0,-0.0030204104749091123,-0.0,-0.0,0.0,0.02119230001907985,-0.0,-0.0,0.0,-0.0,0.0,0.0,-0.0,-0.0,-0.00509540445944958,0.0,-0.0,-0.0,-0.0,0.0,0.0,0.0,-0.0,0.0,-0.0,-0.0,-0.04464315478043659,-0.12175446582669722,-0.027796118906937017,-0.0,-0.0,-0.0,-0.0,0.0,0.0,0.0,-0.0,-0.0,-0.0,0.051755869256164086,0.0026215747264712198,0.0,-0.0,0.1422295173784892,-0.0,-0.0,0.0,-0.0,0.0,0.0,0.0,-0.0,0.0,0.0,-0.008373774256645386,-0.0,-0.0,-0.0,-0.0,0.0,0.0,0.0,-0.0,0.0,0.0,0.0,0.0,0.0,0.0,-0.0,0.0,-0.00786792254458764,0.0,0.0,-0.0,0.0,-0.0,0.0,0.0,0.0,-0.0,0.0,0.0,0.0,0.0,0.0,-0.0,0.033057264740800923,-0.0,-0.0,-0.0,-0.0,-0.0,0.0,0.0,0.0,0.0,0.0,0.0,0.0,-0.0,0.0,-0.0,-0.0,-0.0,-0.0,0.0,0.0,0.0,0.0,-0.0,-0.0,0.0,0.0,0.0,0.0,0.01064905698825872,0.0,-0.0,0.0,0.0,0.0,0.0,0.0,0.0,-0.0,0.0,-0.0,-0.015376416832265023,0.0,-0.0,0.0,-0.0,-0.0,-0.0,-0.0,-0.0,-0.0,-0.0,0.0,0.0,0.0,0.0,0.0,-0.0,0.0,-0.0,0.0,-0.0,-0.0,0.011900787000950113,0.009316245915386944,0.0,0.0,-0.0,0.0,-0.0,0.0,0.02860288150457994,0.060501431788631724,0.0,0.0,-0.0,0.0,0.0,0.0,0.0,0.0,0.0,-0.0,0.0,0.0,0.0,0.0,0.0,0.21340179781419957,2025-09-01,3,19
-0.0,-0.0030204104749091123,-0.0,-0.0,0.0,0.02119230001907985,-0.0,-0.0,0.0,-0.0,0.0,0.0,-0.0,-0.0,-0.00509540445944958,0.0,-0.0,-0.0,-0.0,0.0,0.0,0.0,-0.0,0.0,-0.0,-0.0,-0.04464315478043659,-0.12175446582669722,-0.027796118906937017,-0.0,-0.0,-0.0,-0.0,0.0,0.0,0.0,-0.0,-0.0,-0.0,0.051755869256164086,0.0026215747264712198,0.0,-0.0,0.1422295173784892,-0.0,-0.0,0.0,-0.0,0.0,0.0,0.0,-0.0,0.0,0.0,-0.008373774256645386,-0.0,-0.0,-0.0,-0.0,0.0,0.0,0.0,-0.0,0.0,0.0,0.0,0.0,0.0,0.0,-0.0,0.0,-0.00786792254458764,0.0,0.0,-0.0,0.0,-0.0,0.0,0.0,0.0,-0.0,0.0,0.0,0.0,0.0,0.0,-0.0,0.033057264740800923,-0.0,-0.0,-0.0,-0.0,-0.0,0.0,0.0,0.0,0.0,0.0,0.0,0.0,-0.0,0.0,-0.0,-0.0,-0.0,-0.0,0.0,0.0,0.0,0.0,-0.0,-0.0,0.0,0.0,0.0,0.0,0.01064905698825872,0.0,-0.0,0.0,0.0,0.0,0.0,0.0,0.0,-0.0,0.0,-0.0,-0.015376416832265023,0.0,-0.0,0.0,-0.0,-0.0,-0.0,-0.0,-0.0,-0.0,-0.0,0.0,0.0,0.0,0.0,0.0,-0.0,0.0,-0.0,0.0,-0.0,-0.0,0.011900787000950113,0.009316245915386944,0.0,0.0,-0.0,0.0,-0.0,0.0,0.02860288150457994,0.060501431788631724,0.0,0.0,-0.0,0.0,0.0,0.0,0.0,0.0,0.0,-0.0,0.0,0.0,0.0,0.0,0.0,0.21340179781419957,2025-09-02,3,19
-0.0,-0.0030204104749091123,-0.0,-0.0,0.0,0.02119230001907985,-0.0,-0.0,0.0,-0.0,0.0,0.0,-0.0,-0.0,-0.00509540445944958,0.0,-0.0,-0.0,-0.0,0.0,0.0,0.0,-0.0,0.0,-0.0,-0.0,-0.04464315478043659,-0.12175446582669722,-0.027796118906937017,-0.0,-0.0,-0.0,-0.0,0.0,0.0,0.0,-0.0,-0.0,-0.0,0.051755869256164086,0.0026215747264712198,0.0,-0.0,0.1422295173784892,-0.0,-0.0,0.0,-0.0,0.0,0.0,0.0,-0.0,0.0,0.0,-0.008373774256645386,-0.0,-0.0,-0.0,-0.0,0.0,0.0,0.0,-0.0,0.0,0.0,0.0,0.0,0.0,0.0,-0.0,0.0,-0.00786792254458764,0.0,0.0,-0.0,0.0,-0.0,0.0,0.0,0.0,-0.0,0.0,0.0,0.0,0.0,0.0,-0.0,0.033057264740800923,-0.0,-0.0,-0.0,-0.0,-0.0,0.0,0.0,0.0,0.0,0.0,0.0,0.0,-0.0,0.0,-0.0,-0.0,-0.0,-0.0,0.0,0.0,0.0,0.0,-0.0,-0.0,0.0,0.0,0.0,0.0,0.01064905698825872,0.0,-0.0,0.0,0.0,0.0,0.0,0.0,0.0,-0.0,0.0,-0.0,-0.015376416832265023,0.0,-0.0,0.0,-0.0,-0.0,-0.0,-0.0,-0.0,-0.0,-0.0,0.0,0.0,0.0,0.0,0.0,-0.0,0.0,-0.0,0.0,-0.0,-0.0,0.011900787000950113,0.009316245915386944,0.0,0.0,-0.0,0.0,-0.0,0.0,0.02860288150457994,0.060501431788631724,0.0,0.0,-0.0,0.0,0.0,0.0,0.0,0.0,0.0,-0.0,0.0,0.0,0.0,0.0,0.0,0.21340179781419957,2025-09-03,3,19
-0.0,-0.0030204104749091123,-0.0,-0.0,0.0,0.02119230001907985,-0.0,-0.0,0.0,-0.0,0.0,0.0,-0.0,-0.0,-0.00509540445944958,0.0,-0.0,-0.0,-0.0,0.0,0.0,0.0,-0.0,0.0,-0.0,-0.0,-0.04464315478043659,-0.12175446582669722,-0.027796118906937017,-0.0,-0.0,-0.0,-0.0,0.0,0.0,0.0,-0.0,-0.0,-0.0,0.051755869256164086,0.0026215747264712198,0.0,-0.0,0.1422295173784892,-0.0,-0.0,0.0,-0.0,0.0,0.0,0.0,-0.0,0.0,0.0,-0.008373774256645386,-0.0,-0.0,-0.0,-0.0,0.0,0.0,0.0,-0.0,0.0,0.0,0.0,0.0,0.0,0.0,-0.0,0.0,-0.00786792254458764,0.0,0.0,-0.0,0.0,-0.0,0.0,0.0,0.0,-0.0,0.0,0.0,0.0,0.0,0.0,-0.0,0.033057264740800923,-0.0,-0.0,-0.0,-0.0,-0.0,0.0,0.0,0.0,0.0,0.0,0.0,0.0,-0.0,0.0,-0.0,-0.0,-0.0,-0.0,0.0,0.0,0.0,0.0,-0.0,-0.0,0.0,0.0,0.0,0.0,0.01064905698825872,0.0,-0.0,0.0,0.0,0.0,0.0,0.0,0.0,-0.0,0.0,-0.0,-0.015376416832265023,0.0,-0.0,0.0,-0.0,-0.0,-0.0,-0.0,-0.0,-0.0,-0.0,0.0,0.0,0.0,0.0,0.0,-0.0,0.0,-0.0,0.0,-0.0,-0.0,0.011900787000950113,0.009316245915386944,0.0,0.0,-0.0,0.0,-0.0,0.0,0.02860288150457994,0.060501431788631724,0.0,0.0,-0.0,0.0,0.0,0.0,0.0,0.0,0.0,-0.0,0.0,0.0,0.0,0.0,0.0,0.21340179781419957,2025-09-04,3,19
-0.0,-0.0030204104749091123,-0.0,-0.0,0.0,0.02119230001907985,-0.0,-0.0,0.0,-0.0,0.0,0.0,-0.0,-0.0,-0.00509540445944958,0.0,-0.0,-0.0,-0.0,0.0,0.0,0.0,-0.0,0.0,-0.0,-0.0,-0.04464315478043659,-0.12175446582669722,-0.027796118906937017,-0.0,-0.0,-0.0,-0.0,0.0,0.0,0.0,-0.0,-0.0,-0.0,0.051755869256164086,0.0026215747264712198,0.0,-0.0,0.1422295173784892,-0.0,-0.0,0.0,-0.0,0.0,0.0,0.0,-0.0,0.0,0.0,-0.008373774256645386,-0.0,-0.0,-0.0,-0.0,0.0,0.0,0.0,-0.0,0.0,0.0,0.0,0.0,0.0,0.0,-0.0,0.0,-0.00786792254458764,0.0,0.0,-0.0,0.0,-0.0,0.0,0.0,0.0,-0.0,0.0,0.0,0.0,0.0,0.0,-0.0,0.033057264740800923,-0.0,-0.0,-0.0,-0.0,-0.0,0.0,0.0,0.0,0.0,0.0,0.0,0.0,-0.0,0.0,-0.0,-0.0,-0.0,-0.0,0.0,0.0,0.0,0.0,-0.0,-0.0,0.0,0.0,0.0,0.0,0.01064905698825872,0.0,-0.0,0.0,0.0,0.0,0.0,0.0,0.0,-0.0,0.0,-0.0,-0.015376416832265023,0.0,-0.0,0.0,-0.0,-0.0,-0.0,-0.0,-0.0,-0.0,-0.0,0.0,0.0,0.0,0.0,0.0,-0.0,0.0,-0.0,0.0,-0.0,-0.0,0.011900787000950113,0.009316245915386944,0.0,0.0,-0.0,0.0,-0.0,0.0,0.02860288150457994,0.060501431788631724,0.0,0.0,-0.0,0.0,0.0,0.0,0.0,0.0,0.0,-0.0,0.0,0.0,0.0,0.0,0.0,0.21340179781419957,2025-09-05,3,19
-0.0,-0.006381064037622362,-0.0,-0.0,0.0,0.022378288611617034,0.0,-0.0,0.0,-0.0,0.0,0.0,-0.0,-0.0,-0.0030003665444596245,-0.0,-0.0,-0.0,-0.0,0.0,0.0,0.0,-0.0,0.0,-0.0,-0.0,-0.04331541487785412,-0.12333850571269556,-0.0255199598419876,-0.0,-0.0,-0.0,-0.0,0.0,0.0,0.0,-0.0,-0.0,-0.0,0.046987575906403276,0.004995589822540005,0.0,-0.0,0.14376478097132211,-0.0,-0.0,0.0,-0.0,0.0,0.0,0.0,-0.0,-0.0,0.0,-0.011615500371785395,-0.0,-0.0,-0.0,-0.0,-0.0,0.0,0.0,-0.0,0.0,0.0,0.0,0.0,0.0,0.0,-0.0,0.0,-0.008671873715142539,0.0,0.0,-0.0,-0.0,-0.0,0.0,0.0,0.0,-0.0,0.0,0.0,0.0,0.0,0.0,-0.0,0.03791238911196344,-0.0,-0.0,-0.0,-0.0,-0.0,0.0,0.0,0.0,0.0,0.0,0.0,0.0,-0.0,0.0,-0.0,-0.0,-0.0,-0.0,0.0,0.00043341858230046883,0.0,0.0,-0.0,-0.0,0.0,0.0,0.0,0.0,0.008309050469761856,0.0,-0.0,0.0,0.0,0.0,0.0,0.0,0.0,-0.0,0.0,-0.0,-0.015451821487063148,0.0,-0.0,0.0,-0.0,0.0,-0.0,-0.0,-0.0,-0.0,-0.0,-0.0,0.0,0.0,0.0,0.0,-0.0,0.0,-0.0,-0.0,-0.0,-0.0,0.012306828503983394,0.008934543180561257,0.0,0.0,-0.0,0.0,-0.0,0.0,0.02620101121058952,0.06853550683507995,0.0,0.0,-0.0,0.0,0.0,0.0,0.0,0.0,0.0,-0.0,0.0,0.0,0.0,0.0,0.0,0.21376728112776586,2025-09-06,3,20
-0.0,-0.006381064037622362,-0.0,-0.0,0.0,0.022378288611617034,0.0,-0.0,0.0,-0.0,0.0,0.0,-0.0,-0.0,-0.0030003665444596245,-0.0,-0.0,-0.0,-0.0,0.0,0.0,0.0,-0.0,0.0,-0.0,-0.0,-0.04331541487785412,-0.12333850571269556,-0.0255199598419876,-0.0,-0.0,-0.0,-0.0,0.0,0.0,0.0,-0.0,-0.0,-0.0,0.046987575906403276,0.004995589822540005,0.0,-0.0,0.14376478097132211,-0.0,-0.0,0.0,-0.0,0.0,0.0,0.0,-0.0,-0.0,0.0,-0.011615500371785395,-0.0,-0.0,-0.0,-0.0,-0.0,0.0,0.0,-0.0,0.0,0.0,0.0,0.0,0.0,0.0,-0.0,0.0,-0.008671873715142539,0.0,0.0,-0.0,-0.0,-0.0,0.0,0.0,0.0,-0.0,0.0,0.0,0.0,0.0,0.0,-0.0,0.03791238911196344,-0.0,-0.0,-0.0,-0.0,-0.0,0.0,0.0,0.0,0.0,0.0,0.0,0.0,-0.0,0.0,-0.0,-0.0,-0.0,-0.0,0.0,0.00043341858230046883,0.0,0.0,-0.0,-0.0,0.0,0.0,0.0,0.0,0.008309050469761856,0.0,-0.0,0.0,0.0,0.0,0.0,0.0,0.0,-0.0,0.0,-0.0,-0.015451821487063148,0.0,-0.0,0.0,-0.0,0.0,-0.0,-0.0,-0.0,-0.0,-0.0,-0.0,0.0,0.0,0.0,0.0,-0.0,0.0,-0.0,-0.0,-0.0,-0.0,0.012306828503983394,0.008934543180561257,0.0,0.0,-0.0,0.0,-0.0,0.0,0.02620101121058952,0.06853550683507995,0.0,0.0,-0.0,0.0,0.0,0.0,0.0,0.0,0.0,-0.0,0.0,0.0,0.0,0.0,0.0,0.21376728112776586,2025-09-07,3,20
-0.0,-0.006381064037622362,-0.0,-0.0,0.0,0.022378288611617034,0.0,-0.0,0.0,-0.0,0.0,0.0,-0.0,-0.0,-0.0030003665444596245,-0.0,-0.0,-0.0,-0.0,0.0,0.0,0.0,-0.0,0.0,-0.0,-0.0,-0.04331541487785412,-0.12333850571269556,-0.0255199598419876,-0.0,-0.0,-0.0,-0.0,0.0,0.0,0.0,-0.0,-0.0,-0.0,0.046987575906403276,0.004995589822540005,0.0,-0.0,0.14376478097132211,-0.0,-0.0,0.0,-0.0,0.0,0.0,0.0,-0.0,-0.0,0.0,-0.011615500371785395,-0.0,-0.0,-0.0,-0.0,-0.0,0.0,0.0,-0.0,0.0,0.0,0.0,0.0,0.0,0.0,-0.0,0.0,-0.008671873715142539,0.0,0.0,-0.0,-0.0,-0.0,0.0,0.0,0.0,-0.0,0.0,0.0,0.0,0.0,0.0,-0.0,0.03791238911196344,-0.0,-0.0,-0.0,-0.0,-0.0,0.0,0.0,0.0,0.0,0.0,0.0,0.0,-0.0,0.0,-0.0,-0.0,-0.0,-0.0,0.0,0.00043341858230046883,0.0,0.0,-0.0,-0.0,0.0,0.0,0.0,0.0,0.008309050469761856,0.0,-0.0,0.0,0.0,0.0,0.0,0.0,0.0,-0.0,0.0,-0.0,-0.015451821487063148,0.0,-0.0,0.0,-0.0,0.0,-0.0,-0.0,-0.0,-0.0,-0.0,-0.0,0.0,0.0,0.0,0.0,-0.0,0.0,-0.0,-0.0,-0.0,-0.0,0.012306828503983394,0.008934543180561257,0.0,0.0,-0.0,0.0,-0.0,0.0,0.02620101121058952,0.06853550683507995,0.0,0.0,-0.0,0.0,0.0,0.0,0.0,0.0,0.0,-0.0,0.0,0.0,0.0,0.0,0.0,0.21376728112776586,2025-09-08,3,20
-0.0,-0.006381064037622362,-0.0,-0.0,0.0,0.022378288611617034,0.0,-0.0,0.0,-0.0,0.0,0.0,-0.0,-0.0,-0.0030003665444596245,-0.0,-0.0,-0.0,-0.0,0.0,0.0,0.0,-0.0,0.0,-0.0,-0.0,-0.04331541487785412,-0.12333850571269556,-0.0255199598419876,-0.0,-0.0,-0.0,-0.0,0.0,0.0,0.0,-0.0,-0.0,-0.0,0.046987575906403276,0.004995589822540005,0.0,-0.0,0.14376478097132211,-0.0,-0.0,0.0,-0.0,0.0,0.0,0.0,-0.0,-0.0,0.0,-0.011615500371785395,-0.0,-0.0,-0.0,-0.0,-0.0,0.0,0.0,-0.0,0.0,0.0,0.0,0.0,0.0,0.0,-0.0,0.0,-0.008671873715142539,0.0,0.0,-0.0,-0.0,-0.0,0.0,0.0,0.0,-0.0,0.0,0.0,0.0,0.0,0.0,-0.0,0.03791238911196344,-0.0,-0.0,-0.0,-0.0,-0.0,0.0,0.0,0.0,0.0,0.0,0.0,0.0,-0.0,0.0,-0.0,-0.0,-0.0,-0.0,0.0,0.00043341858230046883,0.0,0.0,-0.0,-0.0,0.0,0.0,0.0,0.0,0.008309050469761856,0.0,-0.0,0.0,0.0,0.0,0.0,0.0,0.0,-0.0,0.0,-0.0,-0.015451821487063148,0.0,-0.0,0.0,-0.0,0.0,-0.0,-0.0,-0.0,-0.0,-0.0,-0.0,0.0,0.0,0.0,0.0,-0.0,0.0,-0.0,-0.0,-0.0,-0.0,0.012306828503983394,0.008934543180561257,0.0,0.0,-0.0,0.0,-0.0,0.0,0.02620101121058952,0.06853550683507995,0.0,0.0,-0.0,0.0,0.0,0.0,0.0,0.0,0.0,-0.0,0.0,0.0,0.0,0.0,0.0,0.21376728112776586,2025-09-09,3,20
-0.0,-0.006381064037622362,-0.0,-0.0,0.0,0.022378288611617034,0.0,-0.0,0.0,-0.0,0.0,0.0,-0.0,-0.0,-0.0030003665444596245,-0.0,-0.0,-0.0,-0.0,0.0,0.0,0.0,-0.0,0.0,-0.0,-0.0,-0.04331541487785412,-0.12333850571269556,-0.0255199598419876,-0.0,-0.0,-0.0,-0.0,0.0,0.0,0.0,-0.0,-0.0,-0.0,0.046987575906403276,0.004995589822540005,0.0,-0.0,0.14376478097132211,-0.0,-0.0,0.0,-0.0,0.0,0.0,0.0,-0.0,-0.0,0.0,-0.011615500371785395,-0.0,-0.0,-0.0,-0.0,-0.0,0.0,0.0,-0.0,0.0,0.0,0.0,0.0,0.0,0.0,-0.0,0.0,-0.008671873715142539,0.0,0.0,-0.0,-0.0,-0.0,0.0,0.0,0.0,-0.0,0.0,0.0,0.0,0.0,0.0,-0.0,0.03791238911196344,-0.0,-0.0,-0.0,-0.0,-0.0,0.0,0.0,0.0,0.0,0.0,0.0,0.0,-0.0,0.0,-0.0,-0.0,-0.0,-0.0,0.0,0.00043341858230046883,0.0,0.0,-0.0,-0.0,0.0,0.0,0.0,0.0,0.008309050469761856,0.0,-0.0,0.0,0.0,0.0,0.0,0.0,0.0,-0.0,0.0,-0.0,-0.015451821487063148,0.0,-0.0,0.0,-0.0,0.0,-0.0,-0.0,-0.0,-0.0,-0.0,-0.0,0.0,0.0,0.0,0.0,-0.0,0.0,-0.0,-0.0,-0.0,-0.0,0.012306828503983394,0.008934543180561257,0.0,0.0,-0.0,0.0,-0.0,0.0,0.02620101121058952,0.06853550683507995,0.0,0.0,-0.0,0.0,0.0,0.0,0.0,0.0,0.0,-0.0,0.0,0.0,0.0,0.0,0.0,0.21376728112776586,2025-09-10,3,20
-0.0,-0.006381064037622362,-0.0,-0.0,0.0,0.022378288611617034,0.0,-0.0,0.0,-0.0,0.0,0.0,-0.0,-0.0,-0.0030003665444596245,-0.0,-0.0,-0.0,-0.0,0.0,0.0,0.0,-0.0,0.0,-0.0,-0.0,-0.04331541487785412,-0.12333850571269556,-0.0255199598419876,-0.0,-0.0,-0.0,-0.0,0.0,0.0,0.0,-0.0,-0.0,-0.0,0.046987575906403276,0.004995589822540005,0.0,-0.0,0.14376478097132211,-0.0,-0.0,0.0,-0.0,0.0,0.0,0.0,-0.0,-0.0,0.0,-0.011615500371785395,-0.0,-0.0,-0.0,-0.0,-0.0,0.0,0.0,-0.0,0.0,0.0,0.0,0.0,0.0,0.0,-0.0,0.0,-0.008671873715142539,0.0,0.0,-0.0,-0.0,-0.0,0.0,0.0,0.0,-0.0,0.0,0.0,0.0,0.0,0.0,-0.0,0.03791238911196344,-0.0,-0.0,-0.0,-0.0,-0.0,0.0,0.0,0.0,0.0,0.0,0.0,0.0,-0.0,0.0,-0.0,-0.0,-0.0,-0.0,0.0,0.00043341858230046883,0.0,0.0,-0.0,-0.0,0.0,0.0,0.0,0.0,0.008309050469761856,0.0,-0.0,0.0,0.0,0.0,0.0,0.0,0.0,-0.0,0.0,-0.0,-0.015451821487063148,0.0,-0.0,0.0,-0.0,0.0,-0.0,-0.0,-0.0,-0.0,-0.0,-0.0,0.0,0.0,0.0,0.0,-0.0,0.0,-0.0,-0.0,-0.0,-0.0,0.012306828503983394,0.008934543180561257,0.0,0.0,-0.0,0.0,-0.0,0.0,0.02620101121058952,0.06853550683507995,0.0,0.0,-0.0,0.0,0.0,0.0,0.0,0.0,0.0,-0.0,0.0,0.0,0.0,0.0,0.0,0.21376728112776586,2025-09-11,3,20
-0.0,-0.006381064037622362,-0.0,-0.0,0.0,0.022378288611617034,0.0,-0.0,0.0,-0.0,0.0,0.0,-0.0,-0.0,-0.0030003665444596245,-0.0,-0.0,-0.0,-0.0,0.0,0.0,0.0,-0.0,0.0,-0.0,-0.0,-0.04331541487785412,-0.12333850571269556,-0.0255199598419876,-0.0,-0.0,-0.0,-0.0,0.0,0.0,0.0,-0.0,-0.0,-0.0,0.046987575906403276,0.004995589822540005,0.0,-0.0,0.14376478097132211,-0.0,-0.0,0.0,-0.0,0.0,0.0,0.0,-0.0,-0.0,0.0,-0.011615500371785395,-0.0,-0.0,-0.0,-0.0,-0.0,0.0,0.0,-0.0,0.0,0.0,0.0,0.0,0.0,0.0,-0.0,0.0,-0.008671873715142539,0.0,0.0,-0.0,-0.0,-0.0,0.0,0.0,0.0,-0.0,0.0,0.0,0.0,0.0,0.0,-0.0,0.03791238911196344,-0.0,-0.0,-0.0,-0.0,-0.0,0.0,0.0,0.0,0.0,0.0,0.0,0.0,-0.0,0.0,-0.0,-0.0,-0.0,-0.0,0.0,0.00043341858230046883,0.0,0.0,-0.0,-0.0,0.0,0.0,0.0,0.0,0.008309050469761856,0.0,-0.0,0.0,0.0,0.0,0.0,0.0,0.0,-0.0,0.0,-0.0,-0.015451821487063148,0.0,-0.0,0.0,-0.0,0.0,-0.0,-0.0,-0.0,-0.0,-0.0,-0.0,0.0,0.0,0.0,0.0,-0.0,0.0,-0.0,-0.0,-0.0,-0.0,0.012306828503983394,0.008934543180561257,0.0,0.0,-0.0,0.0,-0.0,0.0,0.02620101121058952,0.06853550683507995,0.0,0.0,-0.0,0.0,0.0,0.0,0.0,0.0,0.0,-0.0,0.0,0.0,0.0,0.0,0.0,0.21376728112776586,2025-09-12,3,20
-0.0,-0.00737049353909346,-0.0,-0.0,0.0,0.020417992801059593,0.0,-0.0,0.0,-0.0,0.0,0.0,-0.0,-0.0,-0.010968022657910647,-0.0,-0.0,-0.0,-0.0,0.0,0.0,0.0,-0.0,0.0,-0.0,-0.0,-0.045390032669847376,-0.12227817077572829,-0.025561608318197322,-0.0,-0.0,-0.0,-0.0,0.0,0.0,0.0,-0.0,-0.0,-0.0,0.04778320394287817,0.007883493442508535,0.0,-0.0,0.14164108175313977,-0.0,-0.0,-0.0,-0.0,0.0,0.0,0.0,-0.0,-0.0,0.0,-0.010370982528622282,-0.0,-0.0,-0.0,-0.0,-0.0,0.0,0.0,-0.0,0.0,0.0,0.0,0.0,0.0,0.0,-0.0,0.0,-0.008025262341764802,0.0,0.0,-0.0,-0.0,-0.0,0.0,0.0,0.0,-0.0,0.0,0.0,0.0,0.0,0.0,-0.0,0.03352319644962512,-0.0,-0.0,-0.0,-0.0,-0.0,0.0,0.0,0.0,0.0,0.0,0.0,0.0,-0.0,0.0,-0.0,-0.0,-0.0,-0.0,0.0,0.00575863579955727,0.0,0.0,-0.0,-0.0,0.0,0.0,0.0,0.0,0.009051457209360892,0.0,-0.0,0.0,0.0,0.0,0.0,0.0,0.0,-0.0,0.0,-0.0,-0.015814796874903628,0.0,-0.0,0.0,-0.0,0.0,-0.0,-0.0,-0.0,-0.0,-0.0,0.0,0.0,0.0,0.0,0.0,-0.0,0.0,-0.0,-0.0,-0.0,-0.0,0.011795317572735864,0.012154087770479128,0.0,0.0,-0.0,-0.0,-0.0,0.0,0.023709349050802856,0.06373207375551898,0.0,0.0,-0.0,0.0,0.0,0.0,0.0,-0.0,0.0,-0.0,0.0,0.0,0.0,0.0,0.0,0.21960018825270486,2025-09-13,3,20
-0.0,-0.00737049353909346,-0.0,-0.0,0.0,0.020417992801059593,0.0,-0.0,0.0,-0.0,0.0,0.0,-0.0,-0.0,-0.010968022657910647,-0.0,-0.0,-0.0,-0.0,0.0,0.0,0.0,-0.0,0.0,-0.0,-0.0,-0.045390032669847376,-0.12227817077572829,-0.025561608318197322,-0.0,-0.0,-0.0,-0.0,0.0,0.0,0.0,-0.0,-0.0,-0.0,0.04778320394287817,0.007883493442508535,0.0,-0.0,0.14164108175313977,-0.0,-0.0,-0.0,-0.0,0.0,0.0,0.0,-0.0,-0.0,0.0,-0.010370982528622282,-0.0,-0.0,-0.0,-0.0,-0.0,0.0,0.0,-0.0,0.0,0.0,0.0,0.0,0.0,0.0,-0.0,0.0,-0.008025262341764802,0.0,0.0,-0.0,-0.0,-0.0,0.0,0.0,0.0,-0.0,0.0,0.0,0.0,0.0,0.0,-0.0,0.03352319644962512,-0.0,-0.0,-0.0,-0.0,-0.0,0.0,0.0,0.0,0.0,0.0,0.0,0.0,-0.0,0.0,-0.0,-0.0,-0.0,-0.0,0.0,0.00575863579955727,0.0,0.0,-0.0,-0.0,0.0,0.0,0.0,0.0,0.009051457209360892,0.0,-0.0,0.0,0.0,0.0,0.0,0.0,0.0,-0.0,0.0,-0.0,-0.015814796874903628,0.0,-0.0,0.0,-0.0,0.0,-0.0,-0.0,-0.0,-0.0,-0.0,0.0,0.0,0.0,0.0,0.0,-0.0,0.0,-0.0,-0.0,-0.0,-0.0,0.011795317572735864,0.012154087770479128,0.0,0.0,-0.0,-0.0,-0.0,0.0,0.023709349050802856,0.06373207375551898,0.0,0.0,-0.0,0.0,0.0,0.0,0.0,-0.0,0.0,-0.0,0.0,0.0,0.0,0.0,0.0,0.21960018825270486,2025-09-14,3,20
-0.0,-0.00737049353909346,-0.0,-0.0,0.0,0.020417992801059593,0.0,-0.0,0.0,-0.0,0.0,0.0,-0.0,-0.0,-0.010968022657910647,-0.0,-0.0,-0.0,-0.0,0.0,0.0,0.0,-0.0,0.0,-0.0,-0.0,-0.045390032669847376,-0.12227817077572829,-0.025561608318197322,-0.0,-0.0,-0.0,-0.0,0.0,0.0,0.0,-0.0,-0.0,-0.0,0.04778320394287817,0.007883493442508535,0.0,-0.0,0.14164108175313977,-0.0,-0.0,-0.0,-0.0,0.0,0.0,0.0,-0.0,-0.0,0.0,-0.010370982528622282,-0.0,-0.0,-0.0,-0.0,-0.0,0.0,0.0,-0.0,0.0,0.0,0.0,0.0,0.0,0.0,-0.0,0.0,-0.008025262341764802,0.0,0.0,-0.0,-0.0,-0.0,0.0,0.0,0.0,-0.0,0.0,0.0,0.0,0.0,0.0,-0.0,0.03352319644962512,-0.0,-0.0,-0.0,-0.0,-0.0,0.0,0.0,0.0,0.0,0.0,0.0,0.0,-0.0,0.0,-0.0,-0.0,-0.0,-0.0,0.0,0.00575863579955727,0.0,0.0,-0.0,-0.0,0.0,0.0,0.0,0.0,0.009051457209360892,0.0,-0.0,0.0,0.0,0.0,0.0,0.0,0.0,-0.0,0.0,-0.0,-0.015814796874903628,0.0,-0.0,0.0,-0.0,0.0,-0.0,-0.0,-0.0,-0.0,-0.0,0.0,0.0,0.0,0.0,0.0,-0.0,0.0,-0.0,-0.0,-0.0,-0.0,0.011795317572735864,0.012154087770479128,0.0,0.0,-0.0,-0.0,-0.0,0.0,0.023709349050802856,0.06373207375551898,0.0,0.0,-0.0,0.0,0.0,0.0,0.0,-0.0,0.0,-0.0,0.0,0.0,0.0,0.0,0.0,0.21960018825270486,2025-09-15,3,20
-0.0,-0.00737049353909346,-0.0,-0.0,0.0,0.020417992801059593,0.0,-0.0,0.0,-0.0,0.0,0.0,-0.0,-0.0,-0.010968022657910647,-0.0,-0.0,-0.0,-0.0,0.0,0.0,0.0,-0.0,0.0,-0.0,-0.0,-0.045390032669847376,-0.12227817077572829,-0.025561608318197322,-0.0,-0.0,-0.0,-0.0,0.0,0.0,0.0,-0.0,-0.0,-0.0,0.04778320394287817,0.007883493442508535,0.0,-0.0,0.14164108175313977,-0.0,-0.0,-0.0,-0.0,0.0,0.0,0.0,-0.0,-0.0,0.0,-0.010370982528622282,-0.0,-0.0,-0.0,-0.0,-0.0,0.0,0.0,-0.0,0.0,0.0,0.0,0.0,0.0,0.0,-0.0,0.0,-0.008025262341764802,0.0,0.0,-0.0,-0.0,-0.0,0.0,0.0,0.0,-0.0,0.0,0.0,0.0,0.0,0.0,-0.0,0.03352319644962512,-0.0,-0.0,-0.0,-0.0,-0.0,0.0,0.0,0.0,0.0,0.0,0.0,0.0,-0.0,0.0,-0.0,-0.0,-0.0,-0.0,0.0,0.00575863579955727,0.0,0.0,-0.0,-0.0,0.0,0.0,0.0,0.0,0.009051457209360892,0.0,-0.0,0.0,0.0,0.0,0.0,0.0,0.0,-0.0,0.0,-0.0,-0.015814796874903628,0.0,-0.0,0.0,-0.0,0.0,-0.0,-0.0,-0.0,-0.0,-0.0,0.0,0.0,0.0,0.0,0.0,-0.0,0.0,-0.0,-0.0,-0.0,-0.0,0.011795317572735864,0.012154087770479128,0.0,0.0,-0.0,-0.0,-0.0,0.0,0.023709349050802856,0.06373207375551898,0.0,0.0,-0.0,0.0,0.0,0.0,0.0,-0.0,0.0,-0.0,0.0,0.0,0.0,0.0,0.0,0.21960018825270486,2025-09-16,3,20
-0.0,-0.00737049353909346,-0.0,-0.0,0.0,0.020417992801059593,0.0,-0.0,0.0,-0.0,0.0,0.0,-0.0,-0.0,-0.010968022657910647,-0.0,-0.0,-0.0,-0.0,0.0,0.0,0.0,-0.0,0.0,-0.0,-0.0,-0.045390032669847376,-0.12227817077572829,-0.025561608318197322,-0.0,-0.0,-0.0,-0.0,0.0,0.0,0.0,-0.0,-0.0,-0.0,0.04778320394287817,0.007883493442508535,0.0,-0.0,0.14164108175313977,-0.0,-0.0,-0.0,-0.0,0.0,0.0,0.0,-0.0,-0.0,0.0,-0.010370982528622282,-0.0,-0.0,-0.0,-0.0,-0.0,0.0,0.0,-0.0,0.0,0.0,0.0,0.0,0.0,0.0,-0.0,0.0,-0.008025262341764802,0.0,0.0,-0.0,-0.0,-0.0,0.0,0.0,0.0,-0.0,0.0,0.0,0.0,0.0,0.0,-0.0,0.03352319644962512,-0.0,-0.0,-0.0,-0.0,-0.0,0.0,0.0,0.0,0.0,0.0,0.0,0.0,-0.0,0.0,-0.0,-0.0,-0.0,-0.0,0.0,0.00575863579955727,0.0,0.0,-0.0,-0.0,0.0,0.0,0.0,0.0,0.009051457209360892,0.0,-0.0,0.0,0.0,0.0,0.0,0.0,0.0,-0.0,0.0,-0.0,-0.015814796874903628,0.0,-0.0,0.0,-0.0,0.0,-0.0,-0.0,-0.0,-0.0,-0.0,0.0,0.0,0.0,0.0,0.0,-0.0,0.0,-0.0,-0.0,-0.0,-0.0,0.011795317572735864,0.012154087770479128,0.0,0.0,-0.0,-0.0,-0.0,0.0,0.023709349050802856,0.06373207375551898,0.0,0.0,-0.0,0.0,0.0,0.0,0.0,-0.0,0.0,-0.0,0.0,0.0,0.0,0.0,0.0,0.21960018825270486,2025-09-17,3,20
-0.0,-0.00737049353909346,-0.0,-0.0,0.0,0.020417992801059593,0.0,-0.0,0.0,-0.0,0.0,0.0,-0.0,-0.0,-0.010968022657910647,-0.0,-0.0,-0.0,-0.0,0.0,0.0,0.0,-0.0,0.0,-0.0,-0.0,-0.045390032669847376,-0.12227817077572829,-0.025561608318197322,-0.0,-0.0,-0.0,-0.0,0.0,0.0,0.0,-0.0,-0.0,-0.0,0.04778320394287817,0.007883493442508535,0.0,-0.0,0.14164108175313977,-0.0,-0.0,-0.0,-0.0,0.0,0.0,0.0,-0.0,-0.0,0.0,-0.010370982528622282,-0.0,-0.0,-0.0,-0.0,-0.0,0.0,0.0,-0.0,0.0,0.0,0.0,0.0,0.0,0.0,-0.0,0.0,-0.008025262341764802,0.0,0.0,-0.0,-0.0,-0.0,0.0,0.0,0.0,-0.0,0.0,0.0,0.0,0.0,0.0,-0.0,0.03352319644962512,-0.0,-0.0,-0.0,-0.0,-0.0,0.0,0.0,0.0,0.0,0.0,0.0,0.0,-0.0,0.0,-0.0,-0.0,-0.0,-0.0,0.0,0.00575863579955727,0.0,0.0,-0.0,-0.0,0.0,0.0,0.0,0.0,0.009051457209360892,0.0,-0.0,0.0,0.0,0.0,0.0,0.0,0.0,-0.0,0.0,-0.0,-0.015814796874903628,0.0,-0.0,0.0,-0.0,0.0,-0.0,-0.0,-0.0,-0.0,-0.0,0.0,0.0,0.0,0.0,0.0,-0.0,0.0,-0.0,-0.0,-0.0,-0.0,0.011795317572735864,0.012154087770479128,0.0,0.0,-0.0,-0.0,-0.0,0.0,0.023709349050802856,0.06373207375551898,0.0,0.0,-0.0,0.0,0.0,0.0,0.0,-0.0,0.0,-0.0,0.0,0.0,0.0,0.0,0.0,0.21960018825270486,2025-09-18,3,20
-0.0,-0.00737049353909346,-0.0,-0.0,0.0,0.020417992801059593,0.0,-0.0,0.0,-0.0,0.0,0.0,-0.0,-0.0,-0.010968022657910647,-0.0,-0.0,-0.0,-0.0,0.0,0.0,0.0,-0.0,0.0,-0.0,-0.0,-0.045390032669847376,-0.12227817077572829,-0.025561608318197322,-0.0,-0.0,-0.0,-0.0,0.0,0.0,0.0,-0.0,-0.0,-0.0,0.04778320394287817,0.007883493442508535,0.0,-0.0,0.14164108175313977,-0.0,-0.0,-0.0,-0.0,0.0,0.0,0.0,-0.0,-0.0,0.0,-0.010370982528622282,-0.0,-0.0,-0.0,-0.0,-0.0,0.0,0.0,-0.0,0.0,0.0,0.0,0.0,0.0,0.0,-0.0,0.0,-0.008025262341764802,0.0,0.0,-0.0,-0.0,-0.0,0.0,0.0,0.0,-0.0,0.0,0.0,0.0,0.0,0.0,-0.0,0.03352319644962512,-0.0,-0.0,-0.0,-0.0,-0.0,0.0,0.0,0.0,0.0,0.0,0.0,0.0,-0.0,0.0,-0.0,-0.0,-0.0,-0.0,0.0,0.00575863579955727,0.0,0.0,-0.0,-0.0,0.0,0.0,0.0,0.0,0.009051457209360892,0.0,-0.0,0.0,0.0,0.0,0.0,0.0,0.0,-0.0,0.0,-0.0,-0.015814796874903628,0.0,-0.0,0.0,-0.0,0.0,-0.0,-0.0,-0.0,-0.0,-0.0,0.0,0.0,0.0,0.0,0.0,-0.0,0.0,-0.0,-0.0,-0.0,-0.0,0.011795317572735864,0.012154087770479128,0.0,0.0,-0.0,-0.0,-0.0,0.0,0.023709349050802856,0.06373207375551898,0.0,0.0,-0.0,0.0,0.0,0.0,0.0,-0.0,0.0,-0.0,0.0,0.0,0.0,0.0,0.0,0.21960018825270486,2025-09-19,3,20
-0.0,-0.006128298972618201,-0.0,-0.0,0.0,0.02015039143075464,0.0,-0.0,0.0,-0.0,0.0,0.0,-0.0,-0.0,-0.011271420012572753,-0.0,-0.0,-0.0,-0.0,0.0,0.0,0.0,-0.0,0.0,-0.0,-0.0,-0.043996912309870496,-0.12273002922345057,-0.025371224144188204,-0.0,0.0,-0.0,-0.0,-0.0,-0.0,-0.0,-0.0,-0.0,-0.0,0.04171047064969141,0.014995091783505903,0.009608999189618002,-0.0,0.13982058396854616,-0.0,-0.0,0.0,-0.0,0.0,0.0,0.0,-0.0,0.0,0.0,-0.010845790864857995,-0.0,-0.0,-0.0,-0.0,-0.0,0.0,0.0,-0.0,0.0,0.0,0.0,0.0,0.0,-0.0,-0.0,0.0,-0.009817275178478455,0.0,0.0,-0.0,-0.0,-0.0,-0.0,-0.0,-0.0,-0.0,0.0,0.0,0.0,0.0017697261203227564,0.0,-0.0,0.03357523955568987,-0.0,-0.0,-0.0,-0.0,-0.0,0.0,-0.0,0.0,0.0,0.0,0.0,0.0,-0.0,0.0,-0.0,-0.0,-0.0,-0.0,0.0,0.0,0.0,0.0,-0.0,-0.0,0.0,0.0,0.0,0.0,0.009186926098351988,0.0,-0.0,0.0,0.0,-0.0,-0.0,-0.0,0.0,-0.0,0.0,-0.0,-0.013645049108594294,0.0,-0.0,0.0,-0.0,0.0,-0.0,-0.0,-0.0,-0.0,-0.0,-0.0,0.0,0.0,0.0,0.0,-0.0,0.0,-0.0,-0.0,-0.0,-0.0,0.013474836749796711,0.0065406976336082195,0.0,0.0,-0.0,-0.0,-0.0,0.0,0.026529270261460212,0.05856864523100553,0.0,0.0,-0.0,0.0,0.0,-0.0,-0.0,-0.0,0.0,-0.0,0.0,0.0,0.0,0.0,0.0,0.2206499949464389,2025-09-20,3,21
-0.0,-0.006128298972618201,-0.0,-0.0,0.0,0.02015039143075464,0.0,-0.0,0.0,-0.0,0.0,0.0,-0.0,-0.0,-0.011271420012572753,-0.0,-0.0,-0.0,-0.0,0.0,0.0,0.0,-0.0,0.0,-0.0,-0.0,-0.043996912309870496,-0.12273002922345057,-0.025371224144188204,-0.0,0.0,-0.0,-0.0,-0.0,-0.0,-0.0,-0.0,-0.0,-0.0,0.04171047064969141,0.014995091783505903,0.009608999189618002,-0.0,0.13982058396854616,-0.0,-0.0,0.0,-0.0,0.0,0.0,0.0,-0.0,0.0,0.0,-0.010845790864857995,-0.0,-0.0,-0.0,-0.0,-0.0,0.0,0.0,-0.0,0.0,0.0,0.0,0.0,0.0,-0.0,-0.0,0.0,-0.009817275178478455,0.0,0.0,-0.0,-0.0,-0.0,-0.0,-0.0,-0.0,-0.0,0.0,0.0,0.0,0.0017697261203227564,0.0,-0.0,0.03357523955568987,-0.0,-0.0,-0.0,-0.0,-0.0,0.0,-0.0,0.0,0.0,0.0,0.0,0.0,-0.0,0.0,-0.0,-0.0,-0.0,-0.0,0.0,0.0,0.0,0.0,-0.0,-0.0,0.0,0.0,0.0,0.0,0.009186926098351988,0.0,-0.0,0.0,0.0,-0.0,-0.0,-0.0,0.0,-0.0,0.0,-0.0,-0.013645049108594294,0.0,-0.0,0.0,-0.0,0.0,-0.0,-0.0,-0.0,-0.0,-0.0,-0.0,0.0,0.0,0.0,0.0,-0.0,0.0,-0.0,-0.0,-0.0,-0.0,0.013474836749796711,0.0065406976336082195,0.0,0.0,-0.0,-0.0,-0.0,0.0,0.026529270261460212,0.05856864523100553,0.0,0.0,-0.0,0.0,0.0,-0.0,-0.0,-0.0,0.0,-0.0,0.0,0.0,0.0,0.0,0.0,0.2206499949464389,2025-09-21,3,21
-0.0,-0.006128298972618201,-0.0,-0.0,0.0,0.02015039143075464,0.0,-0.0,0.0,-0.0,0.0,0.0,-0.0,-0.0,-0.011271420012572753,-0.0,-0.0,-0.0,-0.0,0.0,0.0,0.0,-0.0,0.0,-0.0,-0.0,-0.043996912309870496,-0.12273002922345057,-0.025371224144188204,-0.0,0.0,-0.0,-0.0,-0.0,-0.0,-0.0,-0.0,-0.0,-0.0,0.04171047064969141,0.014995091783505903,0.009608999189618002,-0.0,0.13982058396854616,-0.0,-0.0,0.0,-0.0,0.0,0.0,0.0,-0.0,0.0,0.0,-0.010845790864857995,-0.0,-0.0,-0.0,-0.0,-0.0,0.0,0.0,-0.0,0.0,0.0,0.0,0.0,0.0,-0.0,-0.0,0.0,-0.009817275178478455,0.0,0.0,-0.0,-0.0,-0.0,-0.0,-0.0,-0.0,-0.0,0.0,0.0,0.0,0.0017697261203227564,0.0,-0.0,0.03357523955568987,-0.0,-0.0,-0.0,-0.0,-0.0,0.0,-0.0,0.0,0.0,0.0,0.0,0.0,-0.0,0.0,-0.0,-0.0,-0.0,-0.0,0.0,0.0,0.0,0.0,-0.0,-0.0,0.0,0.0,0.0,0.0,0.009186926098351988,0.0,-0.0,0.0,0.0,-0.0,-0.0,-0.0,0.0,-0.0,0.0,-0.0,-0.013645049108594294,0.0,-0.0,0.0,-0.0,0.0,-0.0,-0.0,-0.0,-0.0,-0.0,-0.0,0.0,0.0,0.0,0.0,-0.0,0.0,-0.0,-0.0,-0.0,-0.0,0.013474836749796711,0.0065406976336082195,0.0,0.0,-0.0,-0.0,-0.0,0.0,0.026529270261460212,0.05856864523100553,0.0,0.0,-0.0,0.0,0.0,-0.0,-0.0,-0.0,0.0,-0.0,0.0,0.0,0.0,0.0,0.0,0.2206499949464389,2025-09-22,3,21
-0.0,-0.006128298972618201,-0.0,-0.0,0.0,0.02015039143075464,0.0,-0.0,0.0,-0.0,0.0,0.0,-0.0,-0.0,-0.011271420012572753,-0.0,-0.0,-0.0,-0.0,0.0,0.0,0.0,-0.0,0.0,-0.0,-0.0,-0.043996912309870496,-0.12273002922345057,-0.025371224144188204,-0.0,0.0,-0.0,-0.0,-0.0,-0.0,-0.0,-0.0,-0.0,-0.0,0.04171047064969141,0.014995091783505903,0.009608999189618002,-0.0,0.13982058396854616,-0.0,-0.0,0.0,-0.0,0.0,0.0,0.0,-0.0,0.0,0.0,-0.010845790864857995,-0.0,-0.0,-0.0,-0.0,-0.0,0.0,0.0,-0.0,0.0,0.0,0.0,0.0,0.0,-0.0,-0.0,0.0,-0.009817275178478455,0.0,0.0,-0.0,-0.0,-0.0,-0.0,-0.0,-0.0,-0.0,0.0,0.0,0.0,0.0017697261203227564,0.0,-0.0,0.03357523955568987,-0.0,-0.0,-0.0,-0.0,-0.0,0.0,-0.0,0.0,0.0,0.0,0.0,0.0,-0.0,0.0,-0.0,-0.0,-0.0,-0.0,0.0,0.0,0.0,0.0,-0.0,-0.0,0.0,0.0,0.0,0.0,0.009186926098351988,0.0,-0.0,0.0,0.0,-0.0,-0.0,-0.0,0.0,-0.0,0.0,-0.0,-0.013645049108594294,0.0,-0.0,0.0,-0.0,0.0,-0.0,-0.0,-0.0,-0.0,-0.0,-0.0,0.0,0.0,0.0,0.0,-0.0,0.0,-0.0,-0.0,-0.0,-0.0,0.013474836749796711,0.0065406976336082195,0.0,0.0,-0.0,-0.0,-0.0,0.0,0.026529270261460212,0.05856864523100553,0.0,0.0,-0.0,0.0,0.0,-0.0,-0.0,-0.0,0.0,-0.0,0.0,0.0,0.0,0.0,0.0,0.2206499949464389,2025-09-23,3,21
-0.0,-0.006128298972618201,-0.0,-0.0,0.0,0.02015039143075464,0.0,-0.0,0.0,-0.0,0.0,0.0,-0.0,-0.0,-0.011271420012572753,-0.0,-0.0,-0.0,-0.0,0.0,0.0,0.0,-0.0,0.0,-0.0,-0.0,-0.043996912309870496,-0.12273002922345057,-0.025371224144188204,-0.0,0.0,-0.0,-0.0,-0.0,-0.0,-0.0,-0.0,-0.0,-0.0,0.04171047064969141,0.014995091783505903,0.009608999189618002,-0.0,0.13982058396854616,-0.0,-0.0,0.0,-0.0,0.0,0.0,0.0,-0.0,0.0,0.0,-0.010845790864857995,-0.0,-0.0,-0.0,-0.0,-0.0,0.0,0.0,-0.0,0.0,0.0,0.0,0.0,0.0,-0.0,-0.0,0.0,-0.009817275178478455,0.0,0.0,-0.0,-0.0,-0.0,-0.0,-0.0,-0.0,-0.0,0.0,0.0,0.0,0.0017697261203227564,0.0,-0.0,0.03357523955568987,-0.0,-0.0,-0.0,-0.0,-0.0,0.0,-0.0,0.0,0.0,0.0,0.0,0.0,-0.0,0.0,-0.0,-0.0,-0.0,-0.0,0.0,0.0,0.0,0.0,-0.0,-0.0,0.0,0.0,0.0,0.0,0.009186926098351988,0.0,-0.0,0.0,0.0,-0.0,-0.0,-0.0,0.0,-0.0,0.0,-0.0,-0.013645049108594294,0.0,-0.0,0.0,-0.0,0.0,-0.0,-0.0,-0.0,-0.0,-0.0,-0.0,0.0,0.0,0.0,0.0,-0.0,0.0,-0.0,-0.0,-0.0,-0.0,0.013474836749796711,0.0065406976336082195,0.0,0.0,-0.0,-0.0,-0.0,0.0,0.026529270261460212,0.05856864523100553,0.0,0.0,-0.0,0.0,0.0,-0.0,-0.0,-0.0,0.0,-0.0,0.0,0.0,0.0,0.0,0.0,0.2206499949464389,2025-09-24,3,21
-0.0,-0.006128298972618201,-0.0,-0.0,0.0,0.02015039143075464,0.0,-0.0,0.0,-0.0,0.0,0.0,-0.0,-0.0,-0.011271420012572753,-0.0,-0.0,-0.0,-0.0,0.0,0.0,0.0,-0.0,0.0,-0.0,-0.0,-0.043996912309870496,-0.12273002922345057,-0.025371224144188204,-0.0,0.0,-0.0,-0.0,-0.0,-0.0,-0.0,-0.0,-0.0,-0.0,0.04171047064969141,0.014995091783505903,0.009608999189618002,-0.0,0.13982058396854616,-0.0,-0.0,0.0,-0.0,0.0,0.0,0.0,-0.0,0.0,0.0,-0.010845790864857995,-0.0,-0.0,-0.0,-0.0,-0.0,0.0,0.0,-0.0,0.0,0.0,0.0,0.0,0.0,-0.0,-0.0,0.0,-0.009817275178478455,0.0,0.0,-0.0,-0.0,-0.0,-0.0,-0.0,-0.0,-0.0,0.0,0.0,0.0,0.0017697261203227564,0.0,-0.0,0.03357523955568987,-0.0,-0.0,-0.0,-0.0,-0.0,0.0,-0.0,0.0,0.0,0.0,0.0,0.0,-0.0,0.0,-0.0,-0.0,-0.0,-0.0,0.0,0.0,0.0,0.0,-0.0,-0.0,0.0,0.0,0.0,0.0,0.009186926098351988,0.0,-0.0,0.0,0.0,-0.0,-0.0,-0.0,0.0,-0.0,0.0,-0.0,-0.013645049108594294,0.0,-0.0,0.0,-0.0,0.0,-0.0,-0.0,-0.0,-0.0,-0.0,-0.0,0.0,0.0,0.0,0.0,-0.0,0.0,-0.0,-0.0,-0.0,-0.0,0.013474836749796711,0.0065406976336082195,0.0,0.0,-0.0,-0.0,-0.0,0.0,0.026529270261460212,0.05856864523100553,0.0,0.0,-0.0,0.0,0.0,-0.0,-0.0,-0.0,0.0,-0.0,0.0,0.0,0.0,0.0,0.0,0.2206499949464389,2025-09-25,3,21
-0.0,-0.006128298972618201,-0.0,-0.0,0.0,0.02015039143075464,0.0,-0.0,0.0,-0.0,0.0,0.0,-0.0,-0.0,-0.011271420012572753,-0.0,-0.0,-0.0,-0.0,0.0,0.0,0.0,-0.0,0.0,-0.0,-0.0,-0.043996912309870496,-0.12273002922345057,-0.025371224144188204,-0.0,0.0,-0.0,-0.0,-0.0,-0.0,-0.0,-0.0,-0.0,-0.0,0.04171047064969141,0.014995091783505903,0.009608999189618002,-0.0,0.13982058396854616,-0.0,-0.0,0.0,-0.0,0.0,0.0,0.0,-0.0,0.0,0.0,-0.010845790864857995,-0.0,-0.0,-0.0,-0.0,-0.0,0.0,0.0,-0.0,0.0,0.0,0.0,0.0,0.0,-0.0,-0.0,0.0,-0.009817275178478455,0.0,0.0,-0.0,-0.0,-0.0,-0.0,-0.0,-0.0,-0.0,0.0,0.0,0.0,0.0017697261203227564,0.0,-0.0,0.03357523955568987,-0.0,-0.0,-0.0,-0.0,-0.0,0.0,-0.0,0.0,0.0,0.0,0.0,0.0,-0.0,0.0,-0.0,-0.0,-0.0,-0.0,0.0,0.0,0.0,0.0,-0.0,-0.0,0.0,0.0,0.0,0.0,0.009186926098351988,0.0,-0.0,0.0,0.0,-0.0,-0.0,-0.0,0.0,-0.0,0.0,-0.0,-0.013645049108594294,0.0,-0.0,0.0,-0.0,0.0,-0.0,-0.0,-0.0,-0.0,-0.0,-0.0,0.0,0.0,0.0,0.0,-0.0,0.0,-0.0,-0.0,-0.0,-0.0,0.013474836749796711,0.0065406976336082195,0.0,0.0,-0.0,-0.0,-0.0,0.0,0.026529270261460212,0.05856864523100553,0.0,0.0,-0.0,0.0,0.0,-0.0,-0.0,-0.0,0.0,-0.0,0.0,0.0,0.0,0.0,0.0,0.2206499949464389,2025-09-26,3,21
-0.0,-0.007961869641956602,-0.0,-0.0,0.0,0.02143728335791247,0.0,-0.0,0.0,-0.0,0.0,0.0,-0.0,0.0,-0.006366536264336425,-0.0,-0.0,-0.0,-0.0,0.0,0.0,0.0,-0.0,0.0,-0.0,-0.0,-0.04518863031483187,-0.12563023100996884,-0.02617590879423,-0.0,0.0,-0.0,-0.0,-0.0,-0.0,-0.0,-0.0,-0.0,-0.0,0.03957769206538836,0.016070242179863827,0.0167180148677299,-0.0,0.14030602447140406,-0.0,-0.0,0.0,-0.0,0.0,0.0,0.0,-0.0,0.0,0.0,-0.00856453541944483,-0.0,-0.0,-0.0,-0.0,-0.0,0.0,0.0,-0.0,0.0,0.0,0.0,0.0,0.0,-0.0,-0.0,0.0,-0.0107571485911394,0.0,0.0,-0.0,0.0,-0.0,-0.0,-0.0,-0.0,-0.0,0.0,0.0,0.0,0.0018059562458742362,0.0,-0.0,0.037123128525823765,-0.0,-0.0,-0.0,-0.0,-0.0,-0.0,-0.0,0.0,0.0,0.0,0.0,0.0,-0.0,0.0,-0.0,-0.0,-0.0,-0.0,0.0,0.0,0.0,0.0,-0.0,-0.0,0.0,0.0,0.0,0.0,0.009730331177683535,0.0,-0.0,0.0,0.0,-0.0,-0.0,-0.0,0.0,0.0,0.0,-0.0,-0.013940330277416615,0.0,-0.0,0.0,-0.0,0.0,-0.0,-0.0,-0.0,-0.0,-0.0,-0.0,0.0,0.0,0.0,0.0,-0.0,0.0,-0.0,-0.0,-0.0,-0.0,0.00475505218428984,0.0038781999793072552,0.0,0.0,-0.0,-0.0,0.0,0.0,0.02930491176991371,0.05968033523652922,0.0,0.0,-0.0,0.0,0.0,-0.0,-0.0,-0.0,0.0,-0.0,0.0,0.0,0.0,0.0,0.0,0.2166433364294662,2025-09-27,3,21
-0.0,-0.007961869641956602,-0.0,-0.0,0.0,0.02143728335791247,0.0,-0.0,0.0,-0.0,0.0,0.0,-0.0,0.0,-0.006366536264336425,-0.0,-0.0,-0.0,-0.0,0.0,0.0,0.0,-0.0,0.0,-0.0,-0.0,-0.04518863031483187,-0.12563023100996884,-0.02617590879423,-0.0,0.0,-0.0,-0.0,-0.0,-0.0,-0.0,-0.0,-0.0,-0.0,0.03957769206538836,0.016070242179863827,0.0167180148677299,-0.0,0.14030602447140406,-0.0,-0.0,0.0,-0.0,0.0,0.0,0.0,-0.0,0.0,0.0,-0.00856453541944483,-0.0,-0.0,-0.0,-0.0,-0.0,0.0,0.0,-0.0,0.0,0.0,0.0,0.0,0.0,-0.0,-0.0,0.0,-0.0107571485911394,0.0,0.0,-0.0,0.0,-0.0,-0.0,-0.0,-0.0,-0.0,0.0,0.0,0.0,0.0018059562458742362,0.0,-0.0,0.037123128525823765,-0.0,-0.0,-0.0,-0.0,-0.0,-0.0,-0.0,0.0,0.0,0.0,0.0,0.0,-0.0,0.0,-0.0,-0.0,-0.0,-0.0,0.0,0.0,0.0,0.0,-0.0,-0.0,0.0,0.0,0.0,0.0,0.009730331177683535,0.0,-0.0,0.0,0.0,-0.0,-0.0,-0.0,0.0,0.0,0.0,-0.0,-0.013940330277416615,0.0,-0.0,0.0,-0.0,0.0,-0.0,-0.0,-0.0,-0.0,-0.0,-0.0,0.0,0.0,0.0,0.0,-0.0,0.0,-0.0,-0.0,-0.0,-0.0,0.00475505218428984,0.0038781999793072552,0.0,0.0,-0.0,-0.0,0.0,0.0,0.02930491176991371,0.05968033523652922,0.0,0.0,-0.0,0.0,0.0,-0.0,-0.0,-0.0,0.0,-0.0,0.0,0.0,0.0,0.0,0.0,0.2166433364294662,2025-09-28,3,21
-0.0,-0.007961869641956602,-0.0,-0.0,0.0,0.02143728335791247,0.0,-0.0,0.0,-0.0,0.0,0.0,-0.0,0.0,-0.006366536264336425,-0.0,-0.0,-0.0,-0.0,0.0,0.0,0.0,-0.0,0.0,-0.0,-0.0,-0.04518863031483187,-0.12563023100996884,-0.02617590879423,-0.0,0.0,-0.0,-0.0,-0.0,-0.0,-0.0,-0.0,-0.0,-0.0,0.03957769206538836,0.016070242179863827,0.0167180148677299,-0.0,0.14030602447140406,-0.0,-0.0,0.0,-0.0,0.0,0.0,0.0,-0.0,0.0,0.0,-0.00856453541944483,-0.0,-0.0,-0.0,-0.0,-0.0,0.0,0.0,-0.0,0.0,0.0,0.0,0.0,0.0,-0.0,-0.0,0.0,-0.0107571485911394,0.0,0.0,-0.0,0.0,-0.0,-0.0,-0.0,-0.0,-0.0,0.0,0.0,0.0,0.0018059562458742362,0.0,-0.0,0.037123128525823765,-0.0,-0.0,-0.0,-0.0,-0.0,-0.0,-0.0,0.0,0.0,0.0,0.0,0.0,-0.0,0.0,-0.0,-0.0,-0.0,-0.0,0.0,0.0,0.0,0.0,-0.0,-0.0,0.0,0.0,0.0,0.0,0.009730331177683535,0.0,-0.0,0.0,0.0,-0.0,-0.0,-0.0,0.0,0.0,0.0,-0.0,-0.013940330277416615,0.0,-0.0,0.0,-0.0,0.0,-0.0,-0.0,-0.0,-0.0,-0.0,-0.0,0.0,0.0,0.0,0.0,-0.0,0.0,-0.0,-0.0,-0.0,-0.0,0.00475505218428984,0.0038781999793072552,0.0,0.0,-0.0,-0.0,0.0,0.0,0.02930491176991371,0.05968033523652922,0.0,0.0,-0.0,0.0,0.0,-0.0,-0.0,-0.0,0.0,-0.0,0.0,0.0,0.0,0.0,0.0,0.2166433364294662,2025-09-29,3,21
-0.0,-0.007961869641956602,-0.0,-0.0,0.0,0.02143728335791247,0.0,-0.0,0.0,-0.0,0.0,0.0,-0.0,0.0,-0.006366536264336425,-0.0,-0.0,-0.0,-0.0,0.0,0.0,0.0,-0.0,0.0,-0.0,-0.0,-0.04518863031483187,-0.12563023100996884,-0.02617590879423,-0.0,0.0,-0.0,-0.0,-0.0,-0.0,-0.0,-0.0,-0.0,-0.0,0.03957769206538836,0.016070242179863827,0.0167180148677299,-0.0,0.14030602447140406,-0.0,-0.0,0.0,-0.0,0.0,0.0,0.0,-0.0,0.0,0.0,-0.00856453541944483,-0.0,-0.0,-0.0,-0.0,-0.0,0.0,0.0,-0.0,0.0,0.0,0.0,0.0,0.0,-0.0,-0.0,0.0,-0.0107571485911394,0.0,0.0,-0.0,0.0,-0.0,-0.0,-0.0,-0.0,-0.0,0.0,0.0,0.0,0.0018059562458742362,0.0,-0.0,0.037123128525823765,-0.0,-0.0,-0.0,-0.0,-0.0,-0.0,-0.0,0.0,0.0,0.0,0.0,0.0,-0.0,0.0,-0.0,-0.0,-0.0,-0.0,0.0,0.0,0.0,0.0,-0.0,-0.0,0.0,0.0,0.0,0.0,0.009730331177683535,0.0,-0.0,0.0,0.0,-0.0,-0.0,-0.0,0.0,0.0,0.0,-0.0,-0.013940330277416615,0.0,-0.0,0.0,-0.0,0.0,-0.0,-0.0,-0.0,-0.0,-0.0,-0.0,0.0,0.0,0.0,0.0,-0.0,0.0,-0.0,-0.0,-0.0,-0.0,0.00475505218428984,0.0038781999793072552,0.0,0.0,-0.0,-0.0,0.0,0.0,0.02930491176991371,0.05968033523652922,0.0,0.0,-0.0,0.0,0.0,-0.0,-0.0,-0.0,0.0,-0.0,0.0,0.0,0.0,0.0,0.0,0.2166433364294662,2025-09-30,3,21
-0.0,-0.007961869641956602,-0.0,-0.0,0.0,0.02143728335791247,0.0,-0.0,0.0,-0.0,0.0,0.0,-0.0,0.0,-0.006366536264336425,-0.0,-0.0,-0.0,-0.0,0.0,0.0,0.0,-0.0,0.0,-0.0,-0.0,-0.04518863031483187,-0.12563023100996884,-0.02617590879423,-0.0,0.0,-0.0,-0.0,-0.0,-0.0,-0.0,-0.0,-0.0,-0.0,0.03957769206538836,0.016070242179863827,0.0167180148677299,-0.0,0.14030602447140406,-0.0,-0.0,0.0,-0.0,0.0,0.0,0.0,-0.0,0.0,0.0,-0.00856453541944483,-0.0,-0.0,-0.0,-0.0,-0.0,0.0,0.0,-0.0,0.0,0.0,0.0,0.0,0.0,-0.0,-0.0,0.0,-0.0107571485911394,0.0,0.0,-0.0,0.0,-0.0,-0.0,-0.0,-0.0,-0.0,0.0,0.0,0.0,0.0018059562458742362,0.0,-0.0,0.037123128525823765,-0.0,-0.0,-0.0,-0.0,-0.0,-0.0,-0.0,0.0,0.0,0.0,0.0,0.0,-0.0,0.0,-0.0,-0.0,-0.0,-0.0,0.0,0.0,0.0,0.0,-0.0,-0.0,0.0,0.0,0.0,0.0,0.009730331177683535,0.0,-0.0,0.0,0.0,-0.0,-0.0,-0.0,0.0,0.0,0.0,-0.0,-0.013940330277416615,0.0,-0.0,0.0,-0.0,0.0,-0.0,-0.0,-0.0,-0.0,-0.0,-0.0,0.0,0.0,0.0,0.0,-0.0,0.0,-0.0,-0.0,-0.0,-0.0,0.00475505218428984,0.0038781999793072552,0.0,0.0,-0.0,-0.0,0.0,0.0,0.02930491176991371,0.05968033523652922,0.0,0.0,-0.0,0.0,0.0,-0.0,-0.0,-0.0,0.0,-0.0,0.0,0.0,0.0,0.0,0.0,0.2166433364294662,2025-10-01,3,21
-0.0,-0.007961869641956602,-0.0,-0.0,0.0,0.02143728335791247,0.0,-0.0,0.0,-0.0,0.0,0.0,-0.0,0.0,-0.006366536264336425,-0.0,-0.0,-0.0,-0.0,0.0,0.0,0.0,-0.0,0.0,-0.0,-0.0,-0.04518863031483187,-0.12563023100996884,-0.02617590879423,-0.0,0.0,-0.0,-0.0,-0.0,-0.0,-0.0,-0.0,-0.0,-0.0,0.03957769206538836,0.016070242179863827,0.0167180148677299,-0.0,0.14030602447140406,-0.0,-0.0,0.0,-0.0,0.0,0.0,0.0,-0.0,0.0,0.0,-0.00856453541944483,-0.0,-0.0,-0.0,-0.0,-0.0,0.0,0.0,-0.0,0.0,0.0,0.0,0.0,0.0,-0.0,-0.0,0.0,-0.0107571485911394,0.0,0.0,-0.0,0.0,-0.0,-0.0,-0.0,-0.0,-0.0,0.0,0.0,0.0,0.0018059562458742362,0.0,-0.0,0.037123128525823765,-0.0,-0.0,-0.0,-0.0,-0.0,-0.0,-0.0,0.0,0.0,0.0,0.0,0.0,-0.0,0.0,-0.0,-0.0,-0.0,-0.0,0.0,0.0,0.0,0.0,-0.0,-0.0,0.0,0.0,0.0,0.0,0.009730331177683535,0.0,-0.0,0.0,0.0,-0.0,-0.0,-0.0,0.0,0.0,0.0,-0.0,-0.013940330277416615,0.0,-0.0,0.0,-0.0,0.0,-0.0,-0.0,-0.0,-0.0,-0.0,-0.0,0.0,0.0,0.0,0.0,-0.0,0.0,-0.0,-0.0,-0.0,-0.0,0.00475505218428984,0.0038781999793072552,0.0,0.0,-0.0,-0.0,0.0,0.0,0.02930491176991371,0.05968033523652922,0.0,0.0,-0.0,0.0,0.0,-0.0,-0.0,-0.0,0.0,-0.0,0.0,0.0,0.0,0.0,0.0,0.2166433364294662,2025-10-02,3,21
-0.0,-0.007961869641956602,-0.0,-0.0,0.0,0.02143728335791247,0.0,-0.0,0.0,-0.0,0.0,0.0,-0.0,0.0,-0.006366536264336425,-0.0,-0.0,-0.0,-0.0,0.0,0.0,0.0,-0.0,0.0,-0.0,-0.0,-0.04518863031483187,-0.12563023100996884,-0.02617590879423,-0.0,0.0,-0.0,-0.0,-0.0,-0.0,-0.0,-0.0,-0.0,-0.0,0.03957769206538836,0.016070242179863827,0.0167180148677299,-0.0,0.14030602447140406,-0.0,-0.0,0.0,-0.0,0.0,0.0,0.0,-0.0,0.0,0.0,-0.00856453541944483,-0.0,-0.0,-0.0,-0.0,-0.0,0.0,0.0,-0.0,0.0,0.0,0.0,0.0,0.0,-0.0,-0.0,0.0,-0.0107571485911394,0.0,0.0,-0.0,0.0,-0.0,-0.0,-0.0,-0.0,-0.0,0.0,0.0,0.0,0.0018059562458742362,0.0,-0.0,0.037123128525823765,-0.0,-0.0,-0.0,-0.0,-0.0,-0.0,-0.0,0.0,0.0,0.0,0.0,0.0,-0.0,0.0,-0.0,-0.0,-0.0,-0.0,0.0,0.0,0.0,0.0,-0.0,-0.0,0.0,0.0,0.0,0.0,0.009730331177683535,0.0,-0.0,0.0,0.0,-0.0,-0.0,-0.0,0.0,0.0,0.0,-0.0,-0.013940330277416615,0.0,-0.0,0.0,-0.0,0.0,-0.0,-0.0,-0.0,-0.0,-0.0,-0.0,0.0,0.0,0.0,0.0,-0.0,0.0,-0.0,-0.0,-0.0,-0.0,0.00475505218428984,0.0038781999793072552,0.0,0.0,-0.0,-0.0,0.0,0.0,0.02930491176991371,0.05968033523652922,0.0,0.0,-0.0,0.0,0.0,-0.0,-0.0,-0.0,0.0,-0.0,0.0,0.0,0.0,0.0,0.0,0.2166433364294662,2025-10-03,3,21
-0.0,-0.011721704411096762,-0.0,-0.0,0.0,0.018712045829813808,0.0,-0.0,0.0,-0.0,0.0,0.0,-0.0,0.0,-0.009808972206272477,-0.0,-0.0,-0.0,-0.0,0.0,0.0,0.0,-0.0,0.0,-0.0,-0.0,-0.04469542169140745,-0.12384020953834575,-0.025834666528560972,-0.0,0.0,0.0,-0.0,-0.0,-0.0,-0.0,-0.0,-0.0,-0.0,0.037726451713479534,0.01575747095089482,0.015764807694954076,-0.0,0.14209002145980673,-0.0,-0.0,0.0,-0.0,0.0,0.0,0.0,-0.0,0.0,0.0,-0.009919741416700958,-0.0,-0.0,-0.0,-0.0,-0.0,0.0,0.0,-0.0,0.0,0.0,0.0,0.0,0.0,-0.0,-0.0,0.0,-0.009783147142029928,0.0,0.0,-0.0,0.0,-0.0,-0.0,-0.0,-0.0,-0.0,0.0,0.0,0.0,5.3464000076232235e-05,0.0,-0.0,0.041996784457552304,-0.0,-0.0,-0.0,-0.0,-0.0,-0.0,0.0,0.0,-0.0,0.0,0.0,0.0,-0.0,0.0,-0.0,-0.0,-0.0,-0.0,0.0,0.0,0.0,0.0,-0.0,-0.0,0.0,0.0,0.0,0.0,0.00970348697024848,0.0,-0.0,0.0,0.0,-0.0,-0.0,-0.0,0.0,0.0,0.0,-0.0,-0.015479112883959164,0.0,-0.0,0.0,-0.0,0.0,-0.0,-0.0,0.0,-0.0,-0.0,-0.0,0.0,0.0,0.0,0.0,-0.0,0.0,0.0,-0.0,-0.0,-0.0,0.00486970369654053,0.004861677472728242,0.0,0.0,-0.0,-0.0,0.0,0.0,0.027114486441330757,0.06368927297881787,0.0,0.0,-0.0,0.0,0.0,-0.0,-0.0,-0.0,0.0,-0.0,0.0,0.0,0.0,0.0,0.0,0.2161261050253025,2025-10-04,3,21
-0.0,-0.011721704411096762,-0.0,-0.0,0.0,0.018712045829813808,0.0,-0.0,0.0,-0.0,0.0,0.0,-0.0,0.0,-0.009808972206272477,-0.0,-0.0,-0.0,-0.0,0.0,0.0,0.0,-0.0,0.0,-0.0,-0.0,-0.04469542169140745,-0.12384020953834575,-0.025834666528560972,-0.0,0.0,0.0,-0.0,-0.0,-0.0,-0.0,-0.0,-0.0,-0.0,0.037726451713479534,0.01575747095089482,0.015764807694954076,-0.0,0.14209002145980673,-0.0,-0.0,0.0,-0.0,0.0,0.0,0.0,-0.0,0.0,0.0,-0.009919741416700958,-0.0,-0.0,-0.0,-0.0,-0.0,0.0,0.0,-0.0,0.0,0.0,0.0,0.0,0.0,-0.0,-0.0,0.0,-0.009783147142029928,0.0,0.0,-0.0,0.0,-0.0,-0.0,-0.0,-0.0,-0.0,0.0,0.0,0.0,5.3464000076232235e-05,0.0,-0.0,0.041996784457552304,-0.0,-0.0,-0.0,-0.0,-0.0,-0.0,0.0,0.0,-0.0,0.0,0.0,0.0,-0.0,0.0,-0.0,-0.0,-0.0,-0.0,0.0,0.0,0.0,0.0,-0.0,-0.0,0.0,0.0,0.0,0.0,0.00970348697024848,0.0,-0.0,0.0,0.0,-0.0,-0.0,-0.0,0.0,0.0,0.0,-0.0,-0.015479112883959164,0.0,-0.0,0.0,-0.0,0.0,-0.0,-0.0,0.0,-0.0,-0.0,-0.0,0.0,0.0,0.0,0.0,-0.0,0.0,0.0,-0.0,-0.0,-0.0,0.00486970369654053,0.004861677472728242,0.0,0.0,-0.0,-0.0,0.0,0.0,0.027114486441330757,0.06368927297881787,0.0,0.0,-0.0,0.0,0.0,-0.0,-0.0,-0.0,0.0,-0.0,0.0,0.0,0.0,0.0,0.0,0.2161261050253025,2025-10-05,3,21
-0.0,-0.011721704411096762,-0.0,-0.0,0.0,0.018712045829813808,0.0,-0.0,0.0,-0.0,0.0,0.0,-0.0,0.0,-0.009808972206272477,-0.0,-0.0,-0.0,-0.0,0.0,0.0,0.0,-0.0,0.0,-0.0,-0.0,-0.04469542169140745,-0.12384020953834575,-0.025834666528560972,-0.0,0.0,0.0,-0.0,-0.0,-0.0,-0.0,-0.0,-0.0,-0.0,0.037726451713479534,0.01575747095089482,0.015764807694954076,-0.0,0.14209002145980673,-0.0,-0.0,0.0,-0.0,0.0,0.0,0.0,-0.0,0.0,0.0,-0.009919741416700958,-0.0,-0.0,-0.0,-0.0,-0.0,0.0,0.0,-0.0,0.0,0.0,0.0,0.0,0.0,-0.0,-0.0,0.0,-0.009783147142029928,0.0,0.0,-0.0,0.0,-0.0,-0.0,-0.0,-0.0,-0.0,0.0,0.0,0.0,5.3464000076232235e-05,0.0,-0.0,0.041996784457552304,-0.0,-0.0,-0.0,-0.0,-0.0,-0.0,0.0,0.0,-0.0,0.0,0.0,0.0,-0.0,0.0,-0.0,-0.0,-0.0,-0.0,0.0,0.0,0.0,0.0,-0.0,-0.0,0.0,0.0,0.0,0.0,0.00970348697024848,0.0,-0.0,0.0,0.0,-0.0,-0.0,-0.0,0.0,0.0,0.0,-0.0,-0.015479112883959164,0.0,-0.0,0.0,-0.0,0.0,-0.0,-0.0,0.0,-0.0,-0.0,-0.0,0.0,0.0,0.0,0.0,-0.0,0.0,0.0,-0.0,-0.0,-0.0,0.00486970369654053,0.004861677472728242,0.0,0.0,-0.0,-0.0,0.0,0.0,0.027114486441330757,0.06368927297881787,0.0,0.0,-0.0,0.0,0.0,-0.0,-0.0,-0.0,0.0,-0.0,0.0,0.0,0.0,0.0,0.0,0.2161261050253025,2025-10-06,3,21
-0.0,-0.011721704411096762,-0.0,-0.0,0.0,0.018712045829813808,0.0,-0.0,0.0,-0.0,0.0,0.0,-0.0,0.0,-0.009808972206272477,-0.0,-0.0,-0.0,-0.0,0.0,0.0,0.0,-0.0,0.0,-0.0,-0.0,-0.04469542169140745,-0.12384020953834575,-0.025834666528560972,-0.0,0.0,0.0,-0.0,-0.0,-0.0,-0.0,-0.0,-0.0,-0.0,0.037726451713479534,0.01575747095089482,0.015764807694954076,-0.0,0.14209002145980673,-0.0,-0.0,0.0,-0.0,0.0,0.0,0.0,-0.0,0.0,0.0,-0.009919741416700958,-0.0,-0.0,-0.0,-0.0,-0.0,0.0,0.0,-0.0,0.0,0.0,0.0,0.0,0.0,-0.0,-0.0,0.0,-0.009783147142029928,0.0,0.0,-0.0,0.0,-0.0,-0.0,-0.0,-0.0,-0.0,0.0,0.0,0.0,5.3464000076232235e-05,0.0,-0.0,0.041996784457552304,-0.0,-0.0,-0.0,-0.0,-0.0,-0.0,0.0,0.0,-0.0,0.0,0.0,0.0,-0.0,0.0,-0.0,-0.0,-0.0,-0.0,0.0,0.0,0.0,0.0,-0.0,-0.0,0.0,0.0,0.0,0.0,0.00970348697024848,0.0,-0.0,0.0,0.0,-0.0,-0.0,-0.0,0.0,0.0,0.0,-0.0,-0.015479112883959164,0.0,-0.0,0.0,-0.0,0.0,-0.0,-0.0,0.0,-0.0,-0.0,-0.0,0.0,0.0,0.0,0.0,-0.0,0.0,0.0,-0.0,-0.0,-0.0,0.00486970369654053,0.004861677472728242,0.0,0.0,-0.0,-0.0,0.0,0.0,0.027114486441330757,0.06368927297881787,0.0,0.0,-0.0,0.0,0.0,-0.0,-0.0,-0.0,0.0,-0.0,0.0,0.0,0.0,0.0,0.0,0.2161261050253025,2025-10-07,3,21
-0.0,-0.011721704411096762,-0.0,-0.0,0.0,0.018712045829813808,0.0,-0.0,0.0,-0.0,0.0,0.0,-0.0,0.0,-0.009808972206272477,-0.0,-0.0,-0.0,-0.0,0.0,0.0,0.0,-0.0,0.0,-0.0,-0.0,-0.04469542169140745,-0.12384020953834575,-0.025834666528560972,-0.0,0.0,0.0,-0.0,-0.0,-0.0,-0.0,-0.0,-0.0,-0.0,0.037726451713479534,0.01575747095089482,0.015764807694954076,-0.0,0.14209002145980673,-0.0,-0.0,0.0,-0.0,0.0,0.0,0.0,-0.0,0.0,0.0,-0.009919741416700958,-0.0,-0.0,-0.0,-0.0,-0.0,0.0,0.0,-0.0,0.0,0.0,0.0,0.0,0.0,-0.0,-0.0,0.0,-0.009783147142029928,0.0,0.0,-0.0,0.0,-0.0,-0.0,-0.0,-0.0,-0.0,0.0,0.0,0.0,5.3464000076232235e-05,0.0,-0.0,0.041996784457552304,-0.0,-0.0,-0.0,-0.0,-0.0,-0.0,0.0,0.0,-0.0,0.0,0.0,0.0,-0.0,0.0,-0.0,-0.0,-0.0,-0.0,0.0,0.0,0.0,0.0,-0.0,-0.0,0.0,0.0,0.0,0.0,0.00970348697024848,0.0,-0.0,0.0,0.0,-0.0,-0.0,-0.0,0.0,0.0,0.0,-0.0,-0.015479112883959164,0.0,-0.0,0.0,-0.0,0.0,-0.0,-0.0,0.0,-0.0,-0.0,-0.0,0.0,0.0,0.0,0.0,-0.0,0.0,0.0,-0.0,-0.0,-0.0,0.00486970369654053,0.004861677472728242,0.0,0.0,-0.0,-0.0,0.0,0.0,0.027114486441330757,0.06368927297881787,0.0,0.0,-0.0,0.0,0.0,-0.0,-0.0,-0.0,0.0,-0.0,0.0,0.0,0.0,0.0,0.0,0.2161261050253025,2025-10-08,3,21
-0.0,-0.011721704411096762,-0.0,-0.0,0.0,0.018712045829813808,0.0,-0.0,0.0,-0.0,0.0,0.0,-0.0,0.0,-0.009808972206272477,-0.0,-0.0,-0.0,-0.0,0.0,0.0,0.0,-0.0,0.0,-0.0,-0.0,-0.04469542169140745,-0.12384020953834575,-0.025834666528560972,-0.0,0.0,0.0,-0.0,-0.0,-0.0,-0.0,-0.0,-0.0,-0.0,0.037726451713479534,0.01575747095089482,0.015764807694954076,-0.0,0.14209002145980673,-0.0,-0.0,0.0,-0.0,0.0,0.0,0.0,-0.0,0.0,0.0,-0.009919741416700958,-0.0,-0.0,-0.0,-0.0,-0.0,0.0,0.0,-0.0,0.0,0.0,0.0,0.0,0.0,-0.0,-0.0,0.0,-0.009783147142029928,0.0,0.0,-0.0,0.0,-0.0,-0.0,-0.0,-0.0,-0.0,0.0,0.0,0.0,5.3464000076232235e-05,0.0,-0.0,0.041996784457552304,-0.0,-0.0,-0.0,-0.0,-0.0,-0.0,0.0,0.0,-0.0,0.0,0.0,0.0,-0.0,0.0,-0.0,-0.0,-0.0,-0.0,0.0,0.0,0.0,0.0,-0.0,-0.0,0.0,0.0,0.0,0.0,0.00970348697024848,0.0,-0.0,0.0,0.0,-0.0,-0.0,-0.0,0.0,0.0,0.0,-0.0,-0.015479112883959164,0.0,-0.0,0.0,-0.0,0.0,-0.0,-0.0,0.0,-0.0,-0.0,-0.0,0.0,0.0,0.0,0.0,-0.0,0.0,0.0,-0.0,-0.0,-0.0,0.00486970369654053,0.004861677472728242,0.0,0.0,-0.0,-0.0,0.0,0.0,0.027114486441330757,0.06368927297881787,0.0,0.0,-0.0,0.0,0.0,-0.0,-0.0,-0.0,0.0,-0.0,0.0,0.0,0.0,0.0,0.0,0.2161261050253025,2025-10-09,3,21
-0.0,-0.011721704411096762,-0.0,-0.0,0.0,0.018712045829813808,0.0,-0.0,0.0,-0.0,0.0,0.0,-0.0,0.0,-0.009808972206272477,-0.0,-0.0,-0.0,-0.0,0.0,0.0,0.0,-0.0,0.0,-0.0,-0.0,-0.04469542169140745,-0.12384020953834575,-0.025834666528560972,-0.0,0.0,0.0,-0.0,-0.0,-0.0,-0.0,-0.0,-0.0,-0.0,0.037726451713479534,0.01575747095089482,0.015764807694954076,-0.0,0.14209002145980673,-0.0,-0.0,0.0,-0.0,0.0,0.0,0.0,-0.0,0.0,0.0,-0.009919741416700958,-0.0,-0.0,-0.0,-0.0,-0.0,0.0,0.0,-0.0,0.0,0.0,0.0,0.0,0.0,-0.0,-0.0,0.0,-0.009783147142029928,0.0,0.0,-0.0,0.0,-0.0,-0.0,-0.0,-0.0,-0.0,0.0,0.0,0.0,5.3464000076232235e-05,0.0,-0.0,0.041996784457552304,-0.0,-0.0,-0.0,-0.0,-0.0,-0.0,0.0,0.0,-0.0,0.0,0.0,0.0,-0.0,0.0,-0.0,-0.0,-0.0,-0.0,0.0,0.0,0.0,0.0,-0.0,-0.0,0.0,0.0,0.0,0.0,0.00970348697024848,0.0,-0.0,0.0,0.0,-0.0,-0.0,-0.0,0.0,0.0,0.0,-0.0,-0.015479112883959164,0.0,-0.0,0.0,-0.0,0.0,-0.0,-0.0,0.0,-0.0,-0.0,-0.0,0.0,0.0,0.0,0.0,-0.0,0.0,0.0,-0.0,-0.0,-0.0,0.00486970369654053,0.004861677472728242,0.0,0.0,-0.0,-0.0,0.0,0.0,0.027114486441330757,0.06368927297881787,0.0,0.0,-0.0,0.0,0.0,-0.0,-0.0,-0.0,0.0,-0.0,0.0,0.0,0.0,0.0,0.0,0.2161261050253025,2025-10-10,3,21
-0.0,-0.01003454148276055,-0.0,-0.0,0.0,0.01977958332392567,0.0,-0.0,0.0,-0.0,0.0,0.0,-0.0,0.0,-0.00906669164224213,-0.0,-0.0,-0.0,-0.0,0.0,0.0,0.0,-0.0,0.0,-0.0,-0.0,-0.04703867781429944,-0.12532301312029182,-0.026114952615369155,-0.0,0.0,0.0,-0.0,-0.0,-0.0,-0.0,-0.0,-0.0,-0.0,0.04042990262651256,0.01411212390007823,0.01708009958910088,-0.0,0.1406933517393686,-0.0,-0.0,0.0,-0.0,0.0,0.0,0.0,-0.0,0.0,0.0,-0.01205811805925279,-0.0,-0.0,-0.0,-0.0,-0.0,0.0,0.0,-0.0,0.0,0.0,0.0,-0.0,-0.0,-0.0,-0.0,0.0,-0.005113207968638627,0.0,0.0,-0.0,0.0,-0.0,-0.0,-0.0,-0.0,-0.0,0.0,0.0,0.0,0.0,0.0,-0.0,0.044668411221548784,-0.0,-0.0,-0.0,-0.0,-0.0,-0.0,0.0,0.0,0.0,0.0,0.0,0.0,-0.0,0.0,-0.0,-0.0,-0.0,-0.0,0.0,0.0,0.0,0.0,-0.0,-0.0,0.0,0.0,0.0,0.0,0.010328007936187522,0.0,-0.0,0.0,0.0,-0.0,-0.0,-0.0,0.0,0.0,0.0,-0.0,-0.01354368569977385,0.0,-0.0,0.0,-0.0,0.0,-0.0,-0.0,-0.0,-0.0,-0.0,-0.0,0.0,0.0,0.0,0.0,-0.0,0.0,0.0,-0.0,-0.0,-0.0,0.004900483861007495,0.0013592135975514948,0.0,0.0,-0.0,-0.0,-0.0,-0.0,0.027753735287318216,0.06419312258382927,0.0,0.0,-0.0,0.0,0.0,-0.0,-0.0,-0.0,0.0,-0.0,0.0,0.0,0.0,0.0,0.0,0.21033004508028036,2025-10-11,3,20
-0.0,-0.01003454148276055,-0.0,-0.0,0.0,0.01977958332392567,0.0,-0.0,0.0,-0.0,0.0,0.0,-0.0,0.0,-0.00906669164224213,-0.0,-0.0,-0.0,-0.0,0.0,0.0,0.0,-0.0,0.0,-0.0,-0.0,-0.04703867781429944,-0.12532301312029182,-0.026114952615369155,-0.0,0.0,0.0,-0.0,-0.0,-0.0,-0.0,-0.0,-0.0,-0.0,0.04042990262651256,0.01411212390007823,0.01708009958910088,-0.0,0.1406933517393686,-0.0,-0.0,0.0,-0.0,0.0,0.0,0.0,-0.0,0.0,0.0,-0.01205811805925279,-0.0,-0.0,-0.0,-0.0,-0.0,0.0,0.0,-0.0,0.0,0.0,0.0,-0.0,-0.0,-0.0,-0.0,0.0,-0.005113207968638627,0.0,0.0,-0.0,0.0,-0.0,-0.0,-0.0,-0.0,-0.0,0.0,0.0,0.0,0.0,0.0,-0.0,0.044668411221548784,-0.0,-0.0,-0.0,-0.0,-0.0,-0.0,0.0,0.0,0.0,0.0,0.0,0.0,-0.0,0.0,-0.0,-0.0,-0.0,-0.0,0.0,0.0,0.0,0.0,-0.0,-0.0,0.0,0.0,0.0,0.0,0.010328007936187522,0.0,-0.0,0.0,0.0,-0.0,-0.0,-0.0,0.0,0.0,0.0,-0.0,-0.01354368569977385,0.0,-0.0,0.0,-0.0,0.0,-0.0,-0.0,-0.0,-0.0,-0.0,-0.0,0.0,0.0,0.0,0.0,-0.0,0.0,0.0,-0.0,-0.0,-0.0,0.004900483861007495,0.0013592135975514948,0.0,0.0,-0.0,-0.0,-0.0,-0.0,0.027753735287318216,0.06419312258382927,0.0,0.0,-0.0,0.0,0.0,-0.0,-0.0,-0.0,0.0,-0.0,0.0,0.0,0.0,0.0,0.0,0.21033004508028036,2025-10-12,3,20
-0.0,-0.01003454148276055,-0.0,-0.0,0.0,0.01977958332392567,0.0,-0.0,0.0,-0.0,0.0,0.0,-0.0,0.0,-0.00906669164224213,-0.0,-0.0,-0.0,-0.0,0.0,0.0,0.0,-0.0,0.0,-0.0,-0.0,-0.04703867781429944,-0.12532301312029182,-0.026114952615369155,-0.0,0.0,0.0,-0.0,-0.0,-0.0,-0.0,-0.0,-0.0,-0.0,0.04042990262651256,0.01411212390007823,0.01708009958910088,-0.0,0.1406933517393686,-0.0,-0.0,0.0,-0.0,0.0,0.0,0.0,-0.0,0.0,0.0,-0.01205811805925279,-0.0,-0.0,-0.0,-0.0,-0.0,0.0,0.0,-0.0,0.0,0.0,0.0,-0.0,-0.0,-0.0,-0.0,0.0,-0.005113207968638627,0.0,0.0,-0.0,0.0,-0.0,-0.0,-0.0,-0.0,-0.0,0.0,0.0,0.0,0.0,0.0,-0.0,0.044668411221548784,-0.0,-0.0,-0.0,-0.0,-0.0,-0.0,0.0,0.0,0.0,0.0,0.0,0.0,-0.0,0.0,-0.0,-0.0,-0.0,-0.0,0.0,0.0,0.0,0.0,-0.0,-0.0,0.0,0.0,0.0,0.0,0.010328007936187522,0.0,-0.0,0.0,0.0,-0.0,-0.0,-0.0,0.0,0.0,0.0,-0.0,-0.01354368569977385,0.0,-0.0,0.0,-0.0,0.0,-0.0,-0.0,-0.0,-0.0,-0.0,-0.0,0.0,0.0,0.0,0.0,-0.0,0.0,0.0,-0.0,-0.0,-0.0,0.004900483861007495,0.0013592135975514948,0.0,0.0,-0.0,-0.0,-0.0,-0.0,0.027753735287318216,0.06419312258382927,0.0,0.0,-0.0,0.0,0.0,-0.0,-0.0,-0.0,0.0,-0.0,0.0,0.0,0.0,0.0,0.0,0.21033004508028036,2025-10-13,3,20
-0.0,-0.01003454148276055,-0.0,-0.0,0.0,0.01977958332392567,0.0,-0.0,0.0,-0.0,0.0,0.0,-0.0,0.0,-0.00906669164224213,-0.0,-0.0,-0.0,-0.0,0.0,0.0,0.0,-0.0,0.0,-0.0,-0.0,-0.04703867781429944,-0.12532301312029182,-0.026114952615369155,-0.0,0.0,0.0,-0.0,-0.0,-0.0,-0.0,-0.0,-0.0,-0.0,0.04042990262651256,0.01411212390007823,0.01708009958910088,-0.0,0.1406933517393686,-0.0,-0.0,0.0,-0.0,0.0,0.0,0.0,-0.0,0.0,0.0,-0.01205811805925279,-0.0,-0.0,-0.0,-0.0,-0.0,0.0,0.0,-0.0,0.0,0.0,0.0,-0.0,-0.0,-0.0,-0.0,0.0,-0.005113207968638627,0.0,0.0,-0.0,0.0,-0.0,-0.0,-0.0,-0.0,-0.0,0.0,0.0,0.0,0.0,0.0,-0.0,0.044668411221548784,-0.0,-0.0,-0.0,-0.0,-0.0,-0.0,0.0,0.0,0.0,0.0,0.0,0.0,-0.0,0.0,-0.0,-0.0,-0.0,-0.0,0.0,0.0,0.0,0.0,-0.0,-0.0,0.0,0.0,0.0,0.0,0.010328007936187522,0.0,-0.0,0.0,0.0,-0.0,-0.0,-0.0,0.0,0.0,0.0,-0.0,-0.01354368569977385,0.0,-0.0,0.0,-0.0,0.0,-0.0,-0.0,-0.0,-0.0,-0.0,-0.0,0.0,0.0,0.0,0.0,-0.0,0.0,0.0,-0.0,-0.0,-0.0,0.004900483861007495,0.0013592135975514948,0.0,0.0,-0.0,-0.0,-0.0,-0.0,0.027753735287318216,0.06419312258382927,0.0,0.0,-0.0,0.0,0.0,-0.0,-0.0,-0.0,0.0,-0.0,0.0,0.0,0.0,0.0,0.0,0.21033004508028036,2025-10-14,3,20
-0.0,-0.01003454148276055,-0.0,-0.0,0.0,0.01977958332392567,0.0,-0.0,0.0,-0.0,0.0,0.0,-0.0,0.0,-0.00906669164224213,-0.0,-0.0,-0.0,-0.0,0.0,0.0,0.0,-0.0,0.0,-0.0,-0.0,-0.04703867781429944,-0.12532301312029182,-0.026114952615369155,-0.0,0.0,0.0,-0.0,-0.0,-0.0,-0.0,-0.0,-0.0,-0.0,0.04042990262651256,0.01411212390007823,0.01708009958910088,-0.0,0.1406933517393686,-0.0,-0.0,0.0,-0.0,0.0,0.0,0.0,-0.0,0.0,0.0,-0.01205811805925279,-0.0,-0.0,-0.0,-0.0,-0.0,0.0,0.0,-0.0,0.0,0.0,0.0,-0.0,-0.0,-0.0,-0.0,0.0,-0.005113207968638627,0.0,0.0,-0.0,0.0,-0.0,-0.0,-0.0,-0.0,-0.0,0.0,0.0,0.0,0.0,0.0,-0.0,0.044668411221548784,-0.0,-0.0,-0.0,-0.0,-0.0,-0.0,0.0,0.0,0.0,0.0,0.0,0.0,-0.0,0.0,-0.0,-0.0,-0.0,-0.0,0.0,0.0,0.0,0.0,-0.0,-0.0,0.0,0.0,0.0,0.0,0.010328007936187522,0.0,-0.0,0.0,0.0,-0.0,-0.0,-0.0,0.0,0.0,0.0,-0.0,-0.01354368569977385,0.0,-0.0,0.0,-0.0,0.0,-0.0,-0.0,-0.0,-0.0,-0.0,-0.0,0.0,0.0,0.0,0.0,-0.0,0.0,0.0,-0.0,-0.0,-0.0,0.004900483861007495,0.0013592135975514948,0.0,0.0,-0.0,-0.0,-0.0,-0.0,0.027753735287318216,0.06419312258382927,0.0,0.0,-0.0,0.0,0.0,-0.0,-0.0,-0.0,0.0,-0.0,0.0,0.0,0.0,0.0,0.0,0.21033004508028036,2025-10-15,3,20
-0.0,-0.01003454148276055,-0.0,-0.0,0.0,0.01977958332392567,0.0,-0.0,0.0,-0.0,0.0,0.0,-0.0,0.0,-0.00906669164224213,-0.0,-0.0,-0.0,-0.0,0.0,0.0,0.0,-0.0,0.0,-0.0,-0.0,-0.04703867781429944,-0.12532301312029182,-0.026114952615369155,-0.0,0.0,0.0,-0.0,-0.0,-0.0,-0.0,-0.0,-0.0,-0.0,0.04042990262651256,0.01411212390007823,0.01708009958910088,-0.0,0.1406933517393686,-0.0,-0.0,0.0,-0.0,0.0,0.0,0.0,-0.0,0.0,0.0,-0.01205811805925279,-0.0,-0.0,-0.0,-0.0,-0.0,0.0,0.0,-0.0,0.0,0.0,0.0,-0.0,-0.0,-0.0,-0.0,0.0,-0.005113207968638627,0.0,0.0,-0.0,0.0,-0.0,-0.0,-0.0,-0.0,-0.0,0.0,0.0,0.0,0.0,0.0,-0.0,0.044668411221548784,-0.0,-0.0,-0.0,-0.0,-0.0,-0.0,0.0,0.0,0.0,0.0,0.0,0.0,-0.0,0.0,-0.0,-0.0,-0.0,-0.0,0.0,0.0,0.0,0.0,-0.0,-0.0,0.0,0.0,0.0,0.0,0.010328007936187522,0.0,-0.0,0.0,0.0,-0.0,-0.0,-0.0,0.0,0.0,0.0,-0.0,-0.01354368569977385,0.0,-0.0,0.0,-0.0,0.0,-0.0,-0.0,-0.0,-0.0,-0.0,-0.0,0.0,0.0,0.0,0.0,-0.0,0.0,0.0,-0.0,-0.0,-0.0,0.004900483861007495,0.0013592135975514948,0.0,0.0,-0.0,-0.0,-0.0,-0.0,0.027753735287318216,0.06419312258382927,0.0,0.0,-0.0,0.0,0.0,-0.0,-0.0,-0.0,0.0,-0.0,0.0,0.0,0.0,0.0,0.0,0.21033004508028036,2025-10-16,3,20
-0.0,-0.01003454148276055,-0.0,-0.0,0.0,0.01977958332392567,0.0,-0.0,0.0,-0.0,0.0,0.0,-0.0,0.0,-0.00906669164224213,-0.0,-0.0,-0.0,-0.0,0.0,0.0,0.0,-0.0,0.0,-0.0,-0.0,-0.04703867781429944,-0.12532301312029182,-0.026114952615369155,-0.0,0.0,0.0,-0.0,-0.0,-0.0,-0.0,-0.0,-0.0,-0.0,0.04042990262651256,0.01411212390007823,0.01708009958910088,-0.0,0.1406933517393686,-0.0,-0.0,0.0,-0.0,0.0,0.0,0.0,-0.0,0.0,0.0,-0.01205811805925279,-0.0,-0.0,-0.0,-0.0,-0.0,0.0,0.0,-0.0,0.0,0.0,0.0,-0.0,-0.0,-0.0,-0.0,0.0,-0.005113207968638627,0.0,0.0,-0.0,0.0,-0.0,-0.0,-0.0,-0.0,-0.0,0.0,0.0,0.0,0.0,0.0,-0.0,0.044668411221548784,-0.0,-0.0,-0.0,-0.0,-0.0,-0.0,0.0,0.0,0.0,0.0,0.0,0.0,-0.0,0.0,-0.0,-0.0,-0.0,-0.0,0.0,0.0,0.0,0.0,-0.0,-0.0,0.0,0.0,0.0,0.0,0.010328007936187522,0.0,-0.0,0.0,0.0,-0.0,-0.0,-0.0,0.0,0.0,0.0,-0.0,-0.01354368569977385,0.0,-0.0,0.0,-0.0,0.0,-0.0,-0.0,-0.0,-0.0,-0.0,-0.0,0.0,0.0,0.0,0.0,-0.0,0.0,0.0,-0.0,-0.0,-0.0,0.004900483861007495,0.0013592135975514948,0.0,0.0,-0.0,-0.0,-0.0,-0.0,0.027753735287318216,0.06419312258382927,0.0,0.0,-0.0,0.0,0.0,-0.0,-0.0,-0.0,0.0,-0.0,0.0,0.0,0.0,0.0,0.0,0.21033004508028036,2025-10-17,3,20
-0.0,-0.009330815617322456,-0.0,-0.0,0.0,0.017462824548640964,0.0,-0.0,0.0,-0.0,0.0,0.0,-0.0,0.0,-0.012553357807129283,-0.0,-0.0,-0.0,-0.0,0.0,0.0,0.0,-0.0,0.0,-0.0,-0.0,-0.04682820955524176,-0.12337338316496559,-0.026230835430359735,-0.0,0.0,0.0,-0.0,-0.0,-0.0,-0.0,-0.0,-0.0,-0.0,0.03984910800517434,0.01429172553149637,0.012889928325107077,-0.0,0.14146267961180592,-0.0,-0.0,0.0,-0.0,0.0,0.0,0.0,-0.0,0.0,0.0,-0.01228405856040261,-0.0,-0.0,-0.0,-0.0,-0.0,0.0,0.0,-0.0,0.0,0.0,0.0,-0.0,-0.0,-0.0,-0.0,0.0,-0.004451737395355529,0.0,0.0,-0.0,0.0,-0.0,-0.0,-0.0,-0.0,-0.0,0.0,0.0,0.0,0.0,0.0,-0.0,0.04230689703499936,-0.0,-0.0,-0.0,-0.0,-0.0,0.0,0.0,0.0,-0.0,-0.0,0.0,0.0,-0.0,0.0,-0.0,-0.0,-0.0,-0.0,0.0,0.0,0.0,0.0,-0.0,-0.0,0.0,0.0,0.0,0.0,0.009714205078881526,0.0,-0.0,0.0,0.0,-0.0,-0.0,-0.0,0.0,0.0,0.0,-0.0,-0.015129689176552542,0.0,-0.0,0.0,-0.0,0.0,-0.0,-0.0,-0.0,-0.0,-0.0,-0.0,0.0,0.0,0.0,0.0,-0.0,0.0,0.0,-0.0,-0.0,-0.0,0.004548229171259281,0.002114227028024666,0.0,0.0,-0.0,-0.0,0.0,-0.0,0.027064264484501114,0.06349883047197385,0.0,0.0,-0.0,0.0,0.0,-0.0,-0.0,-0.0,0.0,-0.0,0.0,0.0,0.0,0.0,0.0,0.2148402450981275,2025-10-18,3,20
-0.0,-0.009330815617322456,-0.0,-0.0,0.0,0.017462824548640964,0.0,-0.0,0.0,-0.0,0.0,0.0,-0.0,0.0,-0.012553357807129283,-0.0,-0.0,-0.0,-0.0,0.0,0.0,0.0,-0.0,0.0,-0.0,-0.0,-0.04682820955524176,-0.12337338316496559,-0.026230835430359735,-0.0,0.0,0.0,-0.0,-0.0,-0.0,-0.0,-0.0,-0.0,-0.0,0.03984910800517434,0.01429172553149637,0.012889928325107077,-0.0,0.14146267961180592,-0.0,-0.0,0.0,-0.0,0.0,0.0,0.0,-0.0,0.0,0.0,-0.01228405856040261,-0.0,-0.0,-0.0,-0.0,-0.0,0.0,0.0,-0.0,0.0,0.0,0.0,-0.0,-0.0,-0.0,-0.0,0.0,-0.004451737395355529,0.0,0.0,-0.0,0.0,-0.0,-0.0,-0.0,-0.0,-0.0,0.0,0.0,0.0,0.0,0.0,-0.0,0.04230689703499936,-0.0,-0.0,-0.0,-0.0,-0.0,0.0,0.0,0.0,-0.0,-0.0,0.0,0.0,-0.0,0.0,-0.0,-0.0,-0.0,-0.0,0.0,0.0,0.0,0.0,-0.0,-0.0,0.0,0.0,0.0,0.0,0.009714205078881526,0.0,-0.0,0.0,0.0,-0.0,-0.0,-0.0,0.0,0.0,0.0,-0.0,-0.015129689176552542,0.0,-0.0,0.0,-0.0,0.0,-0.0,-0.0,-0.0,-0.0,-0.0,-0.0,0.0,0.0,0.0,0.0,-0.0,0.0,0.0,-0.0,-0.0,-0.0,0.004548229171259281,0.002114227028024666,0.0,0.0,-0.0,-0.0,0.0,-0.0,0.027064264484501114,0.06349883047197385,0.0,0.0,-0.0,0.0,0.0,-0.0,-0.0,-0.0,0.0,-0.0,0.0,0.0,0.0,0.0,0.0,0.2148402450981275,2025-10-19,3,20
-0.0,-0.009330815617322456,-0.0,-0.0,0.0,0.017462824548640964,0.0,-0.0,0.0,-0.0,0.0,0.0,-0.0,0.0,-0.012553357807129283,-0.0,-0.0,-0.0,-0.0,0.0,0.0,0.0,-0.0,0.0,-0.0,-0.0,-0.04682820955524176,-0.12337338316496559,-0.026230835430359735,-0.0,0.0,0.0,-0.0,-0.0,-0.0,-0.0,-0.0,-0.0,-0.0,0.03984910800517434,0.01429172553149637,0.012889928325107077,-0.0,0.14146267961180592,-0.0,-0.0,0.0,-0.0,0.0,0.0,0.0,-0.0,0.0,0.0,-0.01228405856040261,-0.0,-0.0,-0.0,-0.0,-0.0,0.0,0.0,-0.0,0.0,0.0,0.0,-0.0,-0.0,-0.0,-0.0,0.0,-0.004451737395355529,0.0,0.0,-0.0,0.0,-0.0,-0.0,-0.0,-0.0,-0.0,0.0,0.0,0.0,0.0,0.0,-0.0,0.04230689703499936,-0.0,-0.0,-0.0,-0.0,-0.0,0.0,0.0,0.0,-0.0,-0.0,0.0,0.0,-0.0,0.0,-0.0,-0.0,-0.0,-0.0,0.0,0.0,0.0,0.0,-0.0,-0.0,0.0,0.0,0.0,0.0,0.009714205078881526,0.0,-0.0,0.0,0.0,-0.0,-0.0,-0.0,0.0,0.0,0.0,-0.0,-0.015129689176552542,0.0,-0.0,0.0,-0.0,0.0,-0.0,-0.0,-0.0,-0.0,-0.0,-0.0,0.0,0.0,0.0,0.0,-0.0,0.0,0.0,-0.0,-0.0,-0.0,0.004548229171259281,0.002114227028024666,0.0,0.0,-0.0,-0.0,0.0,-0.0,0.027064264484501114,0.06349883047197385,0.0,0.0,-0.0,0.0,0.0,-0.0,-0.0,-0.0,0.0,-0.0,0.0,0.0,0.0,0.0,0.0,0.2148402450981275,2025-10-20,3,20
-0.0,-0.009330815617322456,-0.0,-0.0,0.0,0.017462824548640964,0.0,-0.0,0.0,-0.0,0.0,0.0,-0.0,0.0,-0.012553357807129283,-0.0,-0.0,-0.0,-0.0,0.0,0.0,0.0,-0.0,0.0,-0.0,-0.0,-0.04682820955524176,-0.12337338316496559,-0.026230835430359735,-0.0,0.0,0.0,-0.0,-0.0,-0.0,-0.0,-0.0,-0.0,-0.0,0.03984910800517434,0.01429172553149637,0.012889928325107077,-0.0,0.14146267961180592,-0.0,-0.0,0.0,-0.0,0.0,0.0,0.0,-0.0,0.0,0.0,-0.01228405856040261,-0.0,-0.0,-0.0,-0.0,-0.0,0.0,0.0,-0.0,0.0,0.0,0.0,-0.0,-0.0,-0.0,-0.0,0.0,-0.004451737395355529,0.0,0.0,-0.0,0.0,-0.0,-0.0,-0.0,-0.0,-0.0,0.0,0.0,0.0,0.0,0.0,-0.0,0.04230689703499936,-0.0,-0.0,-0.0,-0.0,-0.0,0.0,0.0,0.0,-0.0,-0.0,0.0,0.0,-0.0,0.0,-0.0,-0.0,-0.0,-0.0,0.0,0.0,0.0,0.0,-0.0,-0.0,0.0,0.0,0.0,0.0,0.009714205078881526,0.0,-0.0,0.0,0.0,-0.0,-0.0,-0.0,0.0,0.0,0.0,-0.0,-0.015129689176552542,0.0,-0.0,0.0,-0.0,0.0,-0.0,-0.0,-0.0,-0.0,-0.0,-0.0,0.0,0.0,0.0,0.0,-0.0,0.0,0.0,-0.0,-0.0,-0.0,0.004548229171259281,0.002114227028024666,0.0,0.0,-0.0,-0.0,0.0,-0.0,0.027064264484501114,0.06349883047197385,0.0,0.0,-0.0,0.0,0.0,-0.0,-0.0,-0.0,0.0,-0.0,0.0,0.0,0.0,0.0,0.0,0.2148402450981275,2025-10-21,3,20
-0.0,-0.009330815617322456,-0.0,-0.0,0.0,0.017462824548640964,0.0,-0.0,0.0,-0.0,0.0,0.0,-0.0,0.0,-0.012553357807129283,-0.0,-0.0,-0.0,-0.0,0.0,0.0,0.0,-0.0,0.0,-0.0,-0.0,-0.04682820955524176,-0.12337338316496559,-0.026230835430359735,-0.0,0.0,0.0,-0.0,-0.0,-0.0,-0.0,-0.0,-0.0,-0.0,0.03984910800517434,0.01429172553149637,0.012889928325107077,-0.0,0.14146267961180592,-0.0,-0.0,0.0,-0.0,0.0,0.0,0.0,-0.0,0.0,0.0,-0.01228405856040261,-0.0,-0.0,-0.0,-0.0,-0.0,0.0,0.0,-0.0,0.0,0.0,0.0,-0.0,-0.0,-0.0,-0.0,0.0,-0.004451737395355529,0.0,0.0,-0.0,0.0,-0.0,-0.0,-0.0,-0.0,-0.0,0.0,0.0,0.0,0.0,0.0,-0.0,0.04230689703499936,-0.0,-0.0,-0.0,-0.0,-0.0,0.0,0.0,0.0,-0.0,-0.0,0.0,0.0,-0.0,0.0,-0.0,-0.0,-0.0,-0.0,0.0,0.0,0.0,0.0,-0.0,-0.0,0.0,0.0,0.0,0.0,0.009714205078881526,0.0,-0.0,0.0,0.0,-0.0,-0.0,-0.0,0.0,0.0,0.0,-0.0,-0.015129689176552542,0.0,-0.0,0.0,-0.0,0.0,-0.0,-0.0,-0.0,-0.0,-0.0,-0.0,0.0,0.0,0.0,0.0,-0.0,0.0,0.0,-0.0,-0.0,-0.0,0.004548229171259281,0.002114227028024666,0.0,0.0,-0.0,-0.0,0.0,-0.0,0.027064264484501114,0.06349883047197385,0.0,0.0,-0.0,0.0,0.0,-0.0,-0.0,-0.0,0.0,-0.0,0.0,0.0,0.0,0.0,0.0,0.2148402450981275,2025-10-22,3,20
-0.0,-0.009330815617322456,-0.0,-0.0,0.0,0.017462824548640964,0.0,-0.0,0.0,-0.0,0.0,0.0,-0.0,0.0,-0.012553357807129283,-0.0,-0.0,-0.0,-0.0,0.0,0.0,0.0,-0.0,0.0,-0.0,-0.0,-0.04682820955524176,-0.12337338316496559,-0.026230835430359735,-0.0,0.0,0.0,-0.0,-0.0,-0.0,-0.0,-0.0,-0.0,-0.0,0.03984910800517434,0.01429172553149637,0.012889928325107077,-0.0,0.14146267961180592,-0.0,-0.0,0.0,-0.0,0.0,0.0,0.0,-0.0,0.0,0.0,-0.01228405856040261,-0.0,-0.0,-0.0,-0.0,-0.0,0.0,0.0,-0.0,0.0,0.0,0.0,-0.0,-0.0,-0.0,-0.0,0.0,-0.004451737395355529,0.0,0.0,-0.0,0.0,-0.0,-0.0,-0.0,-0.0,-0.0,0.0,0.0,0.0,0.0,0.0,-0.0,0.04230689703499936,-0.0,-0.0,-0.0,-0.0,-0.0,0.0,0.0,0.0,-0.0,-0.0,0.0,0.0,-0.0,0.0,-0.0,-0.0,-0.0,-0.0,0.0,0.0,0.0,0.0,-0.0,-0.0,0.0,0.0,0.0,0.0,0.009714205078881526,0.0,-0.0,0.0,0.0,-0.0,-0.0,-0.0,0.0,0.0,0.0,-0.0,-0.015129689176552542,0.0,-0.0,0.0,-0.0,0.0,-0.0,-0.0,-0.0,-0.0,-0.0,-0.0,0.0,0.0,0.0,0.0,-0.0,0.0,0.0,-0.0,-0.0,-0.0,0.004548229171259281,0.002114227028024666,0.0,0.0,-0.0,-0.0,0.0,-0.0,0.027064264484501114,0.06349883047197385,0.0,0.0,-0.0,0.0,0.0,-0.0,-0.0,-0.0,0.0,-0.0,0.0,0.0,0.0,0.0,0.0,0.2148402450981275,2025-10-23,3,20
-0.0,-0.009330815617322456,-0.0,-0.0,0.0,0.017462824548640964,0.0,-0.0,0.0,-0.0,0.0,0.0,-0.0,0.0,-0.012553357807129283,-0.0,-0.0,-0.0,-0.0,0.0,0.0,0.0,-0.0,0.0,-0.0,-0.0,-0.04682820955524176,-0.12337338316496559,-0.026230835430359735,-0.0,0.0,0.0,-0.0,-0.0,-0.0,-0.0,-0.0,-0.0,-0.0,0.03984910800517434,0.01429172553149637,0.012889928325107077,-0.0,0.14146267961180592,-0.0,-0.0,0.0,-0.0,0.0,0.0,0.0,-0.0,0.0,0.0,-0.01228405856040261,-0.0,-0.0,-0.0,-0.0,-0.0,0.0,0.0,-0.0,0.0,0.0,0.0,-0.0,-0.0,-0.0,-0.0,0.0,-0.004451737395355529,0.0,0.0,-0.0,0.0,-0.0,-0.0,-0.0,-0.0,-0.0,0.0,0.0,0.0,0.0,0.0,-0.0,0.04230689703499936,-0.0,-0.0,-0.0,-0.0,-0.0,0.0,0.0,0.0,-0.0,-0.0,0.0,0.0,-0.0,0.0,-0.0,-0.0,-0.0,-0.0,0.0,0.0,0.0,0.0,-0.0,-0.0,0.0,0.0,0.0,0.0,0.009714205078881526,0.0,-0.0,0.0,0.0,-0.0,-0.0,-0.0,0.0,0.0,0.0,-0.0,-0.015129689176552542,0.0,-0.0,0.0,-0.0,0.0,-0.0,-0.0,-0.0,-0.0,-0.0,-0.0,0.0,0.0,0.0,0.0,-0.0,0.0,0.0,-0.0,-0.0,-0.0,0.004548229171259281,0.002114227028024666,0.0,0.0,-0.0,-0.0,0.0,-0.0,0.027064264484501114,0.06349883047197385,0.0,0.0,-0.0,0.0,0.0,-0.0,-0.0,-0.0,0.0,-0.0,0.0,0.0,0.0,0.0,0.0,0.2148402450981275,2025-10-24,3,20
-0.0,-0.012284307784677782,-0.0,-0.0,0.0,0.014765744552659794,0.0,-0.0,0.0,-0.0,0.0,0.0,-0.0,-0.0,-0.015026059156392633,-0.0,-0.0,-0.0,-0.0,0.0,0.0,0.0,-0.0,0.0,-0.0,-0.0,-0.04697852734345392,-0.13027301938938568,-0.025329475638863185,-0.0,0.0,0.0,-0.0,-0.0,-0.0,-0.0,-0.0,-0.0,-0.0,0.032444674779258276,0.01718934262040738,0.017927375360384353,-0.0,0.14323033854453848,-0.0,-0.0,0.0,-0.0,0.0,0.0,0.0,-0.0,0.0,0.0,-0.01045893298521961,-0.0,-0.0,-0.0,-0.0,-0.0,0.0,0.0,-0.0,0.0,0.0,0.0,-0.0,-0.0,-0.0,-0.0,0.0,-0.004838623439636084,0.0,0.0,-0.0,0.0,-0.0,-0.0,-0.0,-0.0,-0.0,0.0,0.0,0.0,0.0,0.0,-0.0,0.045523130995134345,-0.0,-0.0,-0.0,-0.0,-0.0,0.0,0.0,0.0,-0.0,-0.0,0.0,0.0,-0.0,0.0,-0.0,-0.0,-0.0,-0.0,0.0,0.0,0.0,0.0,-0.0,-0.0,0.0,0.0,0.0,0.0,0.007807361595367616,0.0,-0.0,0.0,0.0,-0.0,-0.0,-0.0,0.0,0.0,0.0,-0.0,-0.014678499693194234,0.0,-0.0,0.0,-0.0,0.0,-0.0,-0.0,0.0,-0.0,-0.0,-0.0,0.0,0.0,0.0,0.0,-0.0,0.0,0.0,-0.0,-0.0,-0.0,0.004821690921560541,0.00030895547087265166,0.0,0.0,-0.0,-0.0,0.0,-0.0,0.030816778490174886,0.0641021433795249,0.0,0.0,-0.0,0.0,0.0,-0.0,-0.0,-0.0,0.0,-0.0,0.0,0.0,0.0,0.0,0.0,0.21298379050250815,2025-10-25,3,20
-0.0,-0.012284307784677782,-0.0,-0.0,0.0,0.014765744552659794,0.0,-0.0,0.0,-0.0,0.0,0.0,-0.0,-0.0,-0.015026059156392633,-0.0,-0.0,-0.0,-0.0,0.0,0.0,0.0,-0.0,0.0,-0.0,-0.0,-0.04697852734345392,-0.13027301938938568,-0.025329475638863185,-0.0,0.0,0.0,-0.0,-0.0,-0.0,-0.0,-0.0,-0.0,-0.0,0.032444674779258276,0.01718934262040738,0.017927375360384353,-0.0,0.14323033854453848,-0.0,-0.0,0.0,-0.0,0.0,0.0,0.0,-0.0,0.0,0.0,-0.01045893298521961,-0.0,-0.0,-0.0,-0.0,-0.0,0.0,0.0,-0.0,0.0,0.0,0.0,-0.0,-0.0,-0.0,-0.0,0.0,-0.004838623439636084,0.0,0.0,-0.0,0.0,-0.0,-0.0,-0.0,-0.0,-0.0,0.0,0.0,0.0,0.0,0.0,-0.0,0.045523130995134345,-0.0,-0.0,-0.0,-0.0,-0.0,0.0,0.0,0.0,-0.0,-0.0,0.0,0.0,-0.0,0.0,-0.0,-0.0,-0.0,-0.0,0.0,0.0,0.0,0.0,-0.0,-0.0,0.0,0.0,0.0,0.0,0.007807361595367616,0.0,-0.0,0.0,0.0,-0.0,-0.0,-0.0,0.0,0.0,0.0,-0.0,-0.014678499693194234,0.0,-0.0,0.0,-0.0,0.0,-0.0,-0.0,0.0,-0.0,-0.0,-0.0,0.0,0.0,0.0,0.0,-0.0,0.0,0.0,-0.0,-0.0,-0.0,0.004821690921560541,0.00030895547087265166,0.0,0.0,-0.0,-0.0,0.0,-0.0,0.030816778490174886,0.0641021433795249,0.0,0.0,-0.0,0.0,0.0,-0.0,-0.0,-0.0,0.0,-0.0,0.0,0.0,0.0,0.0,0.0,0.21298379050250815,2025-10-26,3,20
-0.0,-0.012284307784677782,-0.0,-0.0,0.0,0.014765744552659794,0.0,-0.0,0.0,-0.0,0.0,0.0,-0.0,-0.0,-0.015026059156392633,-0.0,-0.0,-0.0,-0.0,0.0,0.0,0.0,-0.0,0.0,-0.0,-0.0,-0.04697852734345392,-0.13027301938938568,-0.025329475638863185,-0.0,0.0,0.0,-0.0,-0.0,-0.0,-0.0,-0.0,-0.0,-0.0,0.032444674779258276,0.01718934262040738,0.017927375360384353,-0.0,0.14323033854453848,-0.0,-0.0,0.0,-0.0,0.0,0.0,0.0,-0.0,0.0,0.0,-0.01045893298521961,-0.0,-0.0,-0.0,-0.0,-0.0,0.0,0.0,-0.0,0.0,0.0,0.0,-0.0,-0.0,-0.0,-0.0,0.0,-0.004838623439636084,0.0,0.0,-0.0,0.0,-0.0,-0.0,-0.0,-0.0,-0.0,0.0,0.0,0.0,0.0,0.0,-0.0,0.045523130995134345,-0.0,-0.0,-0.0,-0.0,-0.0,0.0,0.0,0.0,-0.0,-0.0,0.0,0.0,-0.0,0.0,-0.0,-0.0,-0.0,-0.0,0.0,0.0,0.0,0.0,-0.0,-0.0,0.0,0.0,0.0,0.0,0.007807361595367616,0.0,-0.0,0.0,0.0,-0.0,-0.0,-0.0,0.0,0.0,0.0,-0.0,-0.014678499693194234,0.0,-0.0,0.0,-0.0,0.0,-0.0,-0.0,0.0,-0.0,-0.0,-0.0,0.0,0.0,0.0,0.0,-0.0,0.0,0.0,-0.0,-0.0,-0.0,0.004821690921560541,0.00030895547087265166,0.0,0.0,-0.0,-0.0,0.0,-0.0,0.030816778490174886,0.0641021433795249,0.0,0.0,-0.0,0.0,0.0,-0.0,-0.0,-0.0,0.0,-0.0,0.0,0.0,0.0,0.0,0.0,0.21298379050250815,2025-10-27,3,20
-0.0,-0.012284307784677782,-0.0,-0.0,0.0,0.014765744552659794,0.0,-0.0,0.0,-0.0,0.0,0.0,-0.0,-0.0,-0.015026059156392633,-0.0,-0.0,-0.0,-0.0,0.0,0.0,0.0,-0.0,0.0,-0.0,-0.0,-0.04697852734345392,-0.13027301938938568,-0.025329475638863185,-0.0,0.0,0.0,-0.0,-0.0,-0.0,-0.0,-0.0,-0.0,-0.0,0.032444674779258276,0.01718934262040738,0.017927375360384353,-0.0,0.14323033854453848,-0.0,-0.0,0.0,-0.0,0.0,0.0,0.0,-0.0,0.0,0.0,-0.01045893298521961,-0.0,-0.0,-0.0,-0.0,-0.0,0.0,0.0,-0.0,0.0,0.0,0.0,-0.0,-0.0,-0.0,-0.0,0.0,-0.004838623439636084,0.0,0.0,-0.0,0.0,-0.0,-0.0,-0.0,-0.0,-0.0,0.0,0.0,0.0,0.0,0.0,-0.0,0.045523130995134345,-0.0,-0.0,-0.0,-0.0,-0.0,0.0,0.0,0.0,-0.0,-0.0,0.0,0.0,-0.0,0.0,-0.0,-0.0,-0.0,-0.0,0.0,0.0,0.0,0.0,-0.0,-0.0,0.0,0.0,0.0,0.0,0.007807361595367616,0.0,-0.0,0.0,0.0,-0.0,-0.0,-0.0,0.0,0.0,0.0,-0.0,-0.014678499693194234,0.0,-0.0,0.0,-0.0,0.0,-0.0,-0.0,0.0,-0.0,-0.0,-0.0,0.0,0.0,0.0,0.0,-0.0,0.0,0.0,-0.0,-0.0,-0.0,0.004821690921560541,0.00030895547087265166,0.0,0.0,-0.0,-0.0,0.0,-0.0,0.030816778490174886,0.0641021433795249,0.0,0.0,-0.0,0.0,0.0,-0.0,-0.0,-0.0,0.0,-0.0,0.0,0.0,0.0,0.0,0.0,0.21298379050250815,2025-10-28,3,20
-0.0,-0.012284307784677782,-0.0,-0.0,0.0,0.014765744552659794,0.0,-0.0,0.0,-0.0,0.0,0.0,-0.0,-0.0,-0.015026059156392633,-0.0,-0.0,-0.0,-0.0,0.0,0.0,0.0,-0.0,0.0,-0.0,-0.0,-0.04697852734345392,-0.13027301938938568,-0.025329475638863185,-0.0,0.0,0.0,-0.0,-0.0,-0.0,-0.0,-0.0,-0.0,-0.0,0.032444674779258276,0.01718934262040738,0.017927375360384353,-0.0,0.14323033854453848,-0.0,-0.0,0.0,-0.0,0.0,0.0,0.0,-0.0,0.0,0.0,-0.01045893298521961,-0.0,-0.0,-0.0,-0.0,-0.0,0.0,0.0,-0.0,0.0,0.0,0.0,-0.0,-0.0,-0.0,-0.0,0.0,-0.004838623439636084,0.0,0.0,-0.0,0.0,-0.0,-0.0,-0.0,-0.0,-0.0,0.0,0.0,0.0,0.0,0.0,-0.0,0.045523130995134345,-0.0,-0.0,-0.0,-0.0,-0.0,0.0,0.0,0.0,-0.0,-0.0,0.0,0.0,-0.0,0.0,-0.0,-0.0,-0.0,-0.0,0.0,0.0,0.0,0.0,-0.0,-0.0,0.0,0.0,0.0,0.0,0.007807361595367616,0.0,-0.0,0.0,0.0,-0.0,-0.0,-0.0,0.0,0.0,0.0,-0.0,-0.014678499693194234,0.0,-0.0,0.0,-0.0,0.0,-0.0,-0.0,0.0,-0.0,-0.0,-0.0,0.0,0.0,0.0,0.0,-0.0,0.0,0.0,-0.0,-0.0,-0.0,0.004821690921560541,0.00030895547087265166,0.0,0.0,-0.0,-0.0,0.0,-0.0,0.030816778490174886,0.0641021433795249,0.0,0.0,-0.0,0.0,0.0,-0.0,-0.0,-0.0,0.0,-0.0,0.0,0.0,0.0,0.0,0.0,0.21298379050250815,2025-10-29,3,20
-0.0,-0.012284307784677782,-0.0,-0.0,0.0,0.014765744552659794,0.0,-0.0,0.0,-0.0,0.0,0.0,-0.0,-0.0,-0.015026059156392633,-0.0,-0.0,-0.0,-0.0,0.0,0.0,0.0,-0.0,0.0,-0.0,-0.0,-0.04697852734345392,-0.13027301938938568,-0.025329475638863185,-0.0,0.0,0.0,-0.0,-0.0,-0.0,-0.0,-0.0,-0.0,-0.0,0.032444674779258276,0.01718934262040738,0.017927375360384353,-0.0,0.14323033854453848,-0.0,-0.0,0.0,-0.0,0.0,0.0,0.0,-0.0,0.0,0.0,-0.01045893298521961,-0.0,-0.0,-0.0,-0.0,-0.0,0.0,0.0,-0.0,0.0,0.0,0.0,-0.0,-0.0,-0.0,-0.0,0.0,-0.004838623439636084,0.0,0.0,-0.0,0.0,-0.0,-0.0,-0.0,-0.0,-0.0,0.0,0.0,0.0,0.0,0.0,-0.0,0.045523130995134345,-0.0,-0.0,-0.0,-0.0,-0.0,0.0,0.0,0.0,-0.0,-0.0,0.0,0.0,-0.0,0.0,-0.0,-0.0,-0.0,-0.0,0.0,0.0,0.0,0.0,-0.0,-0.0,0.0,0.0,0.0,0.0,0.007807361595367616,0.0,-0.0,0.0,0.0,-0.0,-0.0,-0.0,0.0,0.0,0.0,-0.0,-0.014678499693194234,0.0,-0.0,0.0,-0.0,0.0,-0.0,-0.0,0.0,-0.0,-0.0,-0.0,0.0,0.0,0.0,0.0,-0.0,0.0,0.0,-0.0,-0.0,-0.0,0.004821690921560541,0.00030895547087265166,0.0,0.0,-0.0,-0.0,0.0,-0.0,0.030816778490174886,0.0641021433795249,0.0,0.0,-0.0,0.0,0.0,-0.0,-0.0,-0.0,0.0,-0.0,0.0,0.0,0.0,0.0,0.0,0.21298379050250815,2025-10-30,3,20
-0.0,-0.012284307784677782,-0.0,-0.0,0.0,0.014765744552659794,0.0,-0.0,0.0,-0.0,0.0,0.0,-0.0,-0.0,-0.015026059156392633,-0.0,-0.0,-0.0,-0.0,0.0,0.0,0.0,-0.0,0.0,-0.0,-0.0,-0.04697852734345392,-0.13027301938938568,-0.025329475638863185,-0.0,0.0,0.0,-0.0,-0.0,-0.0,-0.0,-0.0,-0.0,-0.0,0.032444674779258276,0.01718934262040738,0.017927375360384353,-0.0,0.14323033854453848,-0.0,-0.0,0.0,-0.0,0.0,0.0,0.0,-0.0,0.0,0.0,-0.01045893298521961,-0.0,-0.0,-0.0,-0.0,-0.0,0.0,0.0,-0.0,0.0,0.0,0.0,-0.0,-0.0,-0.0,-0.0,0.0,-0.004838623439636084,0.0,0.0,-0.0,0.0,-0.0,-0.0,-0.0,-0.0,-0.0,0.0,0.0,0.0,0.0,0.0,-0.0,0.045523130995134345,-0.0,-0.0,-0.0,-0.0,-0.0,0.0,0.0,0.0,-0.0,-0.0,0.0,0.0,-0.0,0.0,-0.0,-0.0,-0.0,-0.0,0.0,0.0,0.0,0.0,-0.0,-0.0,0.0,0.0,0.0,0.0,0.007807361595367616,0.0,-0.0,0.0,0.0,-0.0,-0.0,-0.0,0.0,0.0,0.0,-0.0,-0.014678499693194234,0.0,-0.0,0.0,-0.0,0.0,-0.0,-0.0,0.0,-0.0,-0.0,-0.0,0.0,0.0,0.0,0.0,-0.0,0.0,0.0,-0.0,-0.0,-0.0,0.004821690921560541,0.00030895547087265166,0.0,0.0,-0.0,-0.0,0.0,-0.0,0.030816778490174886,0.0641021433795249,0.0,0.0,-0.0,0.0,0.0,-0.0,-0.0,-0.0,0.0,-0.0,0.0,0.0,0.0,0.0,0.0,0.21298379050250815,2025-10-31,3,20
-0.0,-0.014238098331266899,-0.0,-0.0,0.0,0.012741475957628371,0.0,-0.0,0.0,-0.0,0.0,0.0,-0.0,-0.0,-0.016719839716555076,-0.0,-0.0,-0.0,-0.0,0.0,0.0,0.0,-0.0,0.0,-0.0,-0.0,-0.04536852673078308,-0.1336739093529487,-0.02431732569204991,-0.0,0.0,0.0,-0.0,-0.0,-0.0,-0.0,-0.0,0.0,-0.0,0.03501906410435416,0.01461512150575724,0.017457540566612945,-0.0,0.14468461511373887,-0.0,-0.0,0.0,0.0,0.0,0.0,0.0,-0.0,0.0,0.0,-0.009898161335985214,-0.0,-0.0,-0.0,-0.0,-0.0,0.0,0.0,-0.0,0.0,0.0,0.0,-0.0,-0.0,0.0,-0.0,0.0,-0.005281456243167424,0.0,0.0,-0.0,0.0,-0.0,-0.0,-0.0,-0.0,-0.0,0.0,0.0,0.0,0.0006117652558155691,0.0,-0.0,0.04389968446600558,-0.0,-0.0,-0.0,-0.0,-0.0,0.0,0.0,0.0,-0.0,0.0,0.0,0.0,-0.0,0.0,-0.0,-0.0,-0.0,-0.0,0.0,0.0,0.0,0.0,-0.0,-0.0,0.0,0.0,0.0,0.0,0.007004509030539568,0.0,-0.0,0.0,0.0,-0.0,-0.0,-0.0,0.0,0.0,0.0,-0.0,-0.015973124763010958,0.0,-0.0,0.0,-0.0,0.0,-0.0,-0.0,-0.0,-0.0,-0.0,-0.0,0.0,0.0,0.0,0.0,-0.0,0.0,0.0,-0.0,-0.0,-0.0,0.004716262413270824,0.0,0.0,0.0,-0.0,-0.0,0.0,-0.0,0.031142959551017053,0.06703240176785899,0.0,0.0,-0.0,0.0,0.0,-0.0,-0.0,-0.0,0.0,-0.0,0.0,0.0,0.0,0.0,0.0,0.21267186820747608,2025-11-01,3,20
-0.0,-0.014238098331266899,-0.0,-0.0,0.0,0.012741475957628371,0.0,-0.0,0.0,-0.0,0.0,0.0,-0.0,-0.0,-0.016719839716555076,-0.0,-0.0,-0.0,-0.0,0.0,0.0,0.0,-0.0,0.0,-0.0,-0.0,-0.04536852673078308,-0.1336739093529487,-0.02431732569204991,-0.0,0.0,0.0,-0.0,-0.0,-0.0,-0.0,-0.0,0.0,-0.0,0.03501906410435416,0.01461512150575724,0.017457540566612945,-0.0,0.14468461511373887,-0.0,-0.0,0.0,0.0,0.0,0.0,0.0,-0.0,0.0,0.0,-0.009898161335985214,-0.0,-0.0,-0.0,-0.0,-0.0,0.0,0.0,-0.0,0.0,0.0,0.0,-0.0,-0.0,0.0,-0.0,0.0,-0.005281456243167424,0.0,0.0,-0.0,0.0,-0.0,-0.0,-0.0,-0.0,-0.0,0.0,0.0,0.0,0.0006117652558155691,0.0,-0.0,0.04389968446600558,-0.0,-0.0,-0.0,-0.0,-0.0,0.0,0.0,0.0,-0.0,0.0,0.0,0.0,-0.0,0.0,-0.0,-0.0,-0.0,-0.0,0.0,0.0,0.0,0.0,-0.0,-0.0,0.0,0.0,0.0,0.0,0.007004509030539568,0.0,-0.0,0.0,0.0,-0.0,-0.0,-0.0,0.0,0.0,0.0,-0.0,-0.015973124763010958,0.0,-0.0,0.0,-0.0,0.0,-0.0,-0.0,-0.0,-0.0,-0.0,-0.0,0.0,0.0,0.0,0.0,-0.0,0.0,0.0,-0.0,-0.0,-0.0,0.004716262413270824,0.0,0.0,0.0,-0.0,-0.0,0.0,-0.0,0.031142959551017053,0.06703240176785899,0.0,0.0,-0.0,0.0,0.0,-0.0,-0.0,-0.0,0.0,-0.0,0.0,0.0,0.0,0.0,0.0,0.21267186820747608,2025-11-02,3,20
-0.0,-0.014238098331266899,-0.0,-0.0,0.0,0.012741475957628371,0.0,-0.0,0.0,-0.0,0.0,0.0,-0.0,-0.0,-0.016719839716555076,-0.0,-0.0,-0.0,-0.0,0.0,0.0,0.0,-0.0,0.0,-0.0,-0.0,-0.04536852673078308,-0.1336739093529487,-0.02431732569204991,-0.0,0.0,0.0,-0.0,-0.0,-0.0,-0.0,-0.0,0.0,-0.0,0.03501906410435416,0.01461512150575724,0.017457540566612945,-0.0,0.14468461511373887,-0.0,-0.0,0.0,0.0,0.0,0.0,0.0,-0.0,0.0,0.0,-0.009898161335985214,-0.0,-0.0,-0.0,-0.0,-0.0,0.0,0.0,-0.0,0.0,0.0,0.0,-0.0,-0.0,0.0,-0.0,0.0,-0.005281456243167424,0.0,0.0,-0.0,0.0,-0.0,-0.0,-0.0,-0.0,-0.0,0.0,0.0,0.0,0.0006117652558155691,0.0,-0.0,0.04389968446600558,-0.0,-0.0,-0.0,-0.0,-0.0,0.0,0.0,0.0,-0.0,0.0,0.0,0.0,-0.0,0.0,-0.0,-0.0,-0.0,-0.0,0.0,0.0,0.0,0.0,-0.0,-0.0,0.0,0.0,0.0,0.0,0.007004509030539568,0.0,-0.0,0.0,0.0,-0.0,-0.0,-0.0,0.0,0.0,0.0,-0.0,-0.015973124763010958,0.0,-0.0,0.0,-0.0,0.0,-0.0,-0.0,-0.0,-0.0,-0.0,-0.0,0.0,0.0,0.0,0.0,-0.0,0.0,0.0,-0.0,-0.0,-0.0,0.004716262413270824,0.0,0.0,0.0,-0.0,-0.0,0.0,-0.0,0.031142959551017053,0.06703240176785899,0.0,0.0,-0.0,0.0,0.0,-0.0,-0.0,-0.0,0.0,-0.0,0.0,0.0,0.0,0.0,0.0,0.21267186820747608,2025-11-03,3,20
-0.0,-0.014238098331266899,-0.0,-0.0,0.0,0.012741475957628371,0.0,-0.0,0.0,-0.0,0.0,0.0,-0.0,-0.0,-0.016719839716555076,-0.0,-0.0,-0.0,-0.0,0.0,0.0,0.0,-0.0,0.0,-0.0,-0.0,-0.04536852673078308,-0.1336739093529487,-0.02431732569204991,-0.0,0.0,0.0,-0.0,-0.0,-0.0,-0.0,-0.0,0.0,-0.0,0.03501906410435416,0.01461512150575724,0.017457540566612945,-0.0,0.14468461511373887,-0.0,-0.0,0.0,0.0,0.0,0.0,0.0,-0.0,0.0,0.0,-0.009898161335985214,-0.0,-0.0,-0.0,-0.0,-0.0,0.0,0.0,-0.0,0.0,0.0,0.0,-0.0,-0.0,0.0,-0.0,0.0,-0.005281456243167424,0.0,0.0,-0.0,0.0,-0.0,-0.0,-0.0,-0.0,-0.0,0.0,0.0,0.0,0.0006117652558155691,0.0,-0.0,0.04389968446600558,-0.0,-0.0,-0.0,-0.0,-0.0,0.0,0.0,0.0,-0.0,0.0,0.0,0.0,-0.0,0.0,-0.0,-0.0,-0.0,-0.0,0.0,0.0,0.0,0.0,-0.0,-0.0,0.0,0.0,0.0,0.0,0.007004509030539568,0.0,-0.0,0.0,0.0,-0.0,-0.0,-0.0,0.0,0.0,0.0,-0.0,-0.015973124763010958,0.0,-0.0,0.0,-0.0,0.0,-0.0,-0.0,-0.0,-0.0,-0.0,-0.0,0.0,0.0,0.0,0.0,-0.0,0.0,0.0,-0.0,-0.0,-0.0,0.004716262413270824,0.0,0.0,0.0,-0.0,-0.0,0.0,-0.0,0.031142959551017053,0.06703240176785899,0.0,0.0,-0.0,0.0,0.0,-0.0,-0.0,-0.0,0.0,-0.0,0.0,0.0,0.0,0.0,0.0,0.21267186820747608,2025-11-04,3,20
-0.0,-0.014238098331266899,-0.0,-0.0,0.0,0.012741475957628371,0.0,-0.0,0.0,-0.0,0.0,0.0,-0.0,-0.0,-0.016719839716555076,-0.0,-0.0,-0.0,-0.0,0.0,0.0,0.0,-0.0,0.0,-0.0,-0.0,-0.04536852673078308,-0.1336739093529487,-0.02431732569204991,-0.0,0.0,0.0,-0.0,-0.0,-0.0,-0.0,-0.0,0.0,-0.0,0.03501906410435416,0.01461512150575724,0.017457540566612945,-0.0,0.14468461511373887,-0.0,-0.0,0.0,0.0,0.0,0.0,0.0,-0.0,0.0,0.0,-0.009898161335985214,-0.0,-0.0,-0.0,-0.0,-0.0,0.0,0.0,-0.0,0.0,0.0,0.0,-0.0,-0.0,0.0,-0.0,0.0,-0.005281456243167424,0.0,0.0,-0.0,0.0,-0.0,-0.0,-0.0,-0.0,-0.0,0.0,0.0,0.0,0.0006117652558155691,0.0,-0.0,0.04389968446600558,-0.0,-0.0,-0.0,-0.0,-0.0,0.0,0.0,0.0,-0.0,0.0,0.0,0.0,-0.0,0.0,-0.0,-0.0,-0.0,-0.0,0.0,0.0,0.0,0.0,-0.0,-0.0,0.0,0.0,0.0,0.0,0.007004509030539568,0.0,-0.0,0.0,0.0,-0.0,-0.0,-0.0,0.0,0.0,0.0,-0.0,-0.015973124763010958,0.0,-0.0,0.0,-0.0,0.0,-0.0,-0.0,-0.0,-0.0,-0.0,-0.0,0.0,0.0,0.0,0.0,-0.0,0.0,0.0,-0.0,-0.0,-0.0,0.004716262413270824,0.0,0.0,0.0,-0.0,-0.0,0.0,-0.0,0.031142959551017053,0.06703240176785899,0.0,0.0,-0.0,0.0,0.0,-0.0,-0.0,-0.0,0.0,-0.0,0.0,0.0,0.0,0.0,0.0,0.21267186820747608,2025-11-05,3,20
-0.0,-0.014238098331266899,-0.0,-0.0,0.0,0.012741475957628371,0.0,-0.0,0.0,-0.0,0.0,0.0,-0.0,-0.0,-0.016719839716555076,-0.0,-0.0,-0.0,-0.0,0.0,0.0,0.0,-0.0,0.0,-0.0,-0.0,-0.04536852673078308,-0.1336739093529487,-0.02431732569204991,-0.0,0.0,0.0,-0.0,-0.0,-0.0,-0.0,-0.0,0.0,-0.0,0.03501906410435416,0.01461512150575724,0.017457540566612945,-0.0,0.14468461511373887,-0.0,-0.0,0.0,0.0,0.0,0.0,0.0,-0.0,0.0,0.0,-0.009898161335985214,-0.0,-0.0,-0.0,-0.0,-0.0,0.0,0.0,-0.0,0.0,0.0,0.0,-0.0,-0.0,0.0,-0.0,0.0,-0.005281456243167424,0.0,0.0,-0.0,0.0,-0.0,-0.0,-0.0,-0.0,-0.0,0.0,0.0,0.0,0.0006117652558155691,0.0,-0.0,0.04389968446600558,-0.0,-0.0,-0.0,-0.0,-0.0,0.0,0.0,0.0,-0.0,0.0,0.0,0.0,-0.0,0.0,-0.0,-0.0,-0.0,-0.0,0.0,0.0,0.0,0.0,-0.0,-0.0,0.0,0.0,0.0,0.0,0.007004509030539568,0.0,-0.0,0.0,0.0,-0.0,-0.0,-0.0,0.0,0.0,0.0,-0.0,-0.015973124763010958,0.0,-0.0,0.0,-0.0,0.0,-0.0,-0.0,-0.0,-0.0,-0.0,-0.0,0.0,0.0,0.0,0.0,-0.0,0.0,0.0,-0.0,-0.0,-0.0,0.004716262413270824,0.0,0.0,0.0,-0.0,-0.0,0.0,-0.0,0.031142959551017053,0.06703240176785899,0.0,0.0,-0.0,0.0,0.0,-0.0,-0.0,-0.0,0.0,-0.0,0.0,0.0,0.0,0.0,0.0,0.21267186820747608,2025-11-06,3,20
-0.0,-0.014238098331266899,-0.0,-0.0,0.0,0.012741475957628371,0.0,-0.0,0.0,-0.0,0.0,0.0,-0.0,-0.0,-0.016719839716555076,-0.0,-0.0,-0.0,-0.0,0.0,0.0,0.0,-0.0,0.0,-0.0,-0.0,-0.04536852673078308,-0.1336739093529487,-0.02431732569204991,-0.0,0.0,0.0,-0.0,-0.0,-0.0,-0.0,-0.0,0.0,-0.0,0.03501906410435416,0.01461512150575724,0.017457540566612945,-0.0,0.14468461511373887,-0.0,-0.0,0.0,0.0,0.0,0.0,0.0,-0.0,0.0,0.0,-0.009898161335985214,-0.0,-0.0,-0.0,-0.0,-0.0,0.0,0.0,-0.0,0.0,0.0,0.0,-0.0,-0.0,0.0,-0.0,0.0,-0.005281456243167424,0.0,0.0,-0.0,0.0,-0.0,-0.0,-0.0,-0.0,-0.0,0.0,0.0,0.0,0.0006117652558155691,0.0,-0.0,0.04389968446600558,-0.0,-0.0,-0.0,-0.0,-0.0,0.0,0.0,0.0,-0.0,0.0,0.0,0.0,-0.0,0.0,-0.0,-0.0,-0.0,-0.0,0.0,0.0,0.0,0.0,-0.0,-0.0,0.0,0.0,0.0,0.0,0.007004509030539568,0.0,-0.0,0.0,0.0,-0.0,-0.0,-0.0,0.0,0.0,0.0,-0.0,-0.015973124763010958,0.0,-0.0,0.0,-0.0,0.0,-0.0,-0.0,-0.0,-0.0,-0.0,-0.0,0.0,0.0,0.0,0.0,-0.0,0.0,0.0,-0.0,-0.0,-0.0,0.004716262413270824,0.0,0.0,0.0,-0.0,-0.0,0.0,-0.0,0.031142959551017053,0.06703240176785899,0.0,0.0,-0.0,0.0,0.0,-0.0,-0.0,-0.0,0.0,-0.0,0.0,0.0,0.0,0.0,0.0,0.21267186820747608,2025-11-07,3,20
-0.0,-0.010804189394180229,-0.0,-0.0,0.0,0.007829295823007459,0.0,-0.0,0.0,-0.0,0.0,0.0,-0.0,0.0,-0.021784165908982966,-0.0,-0.0,-0.0,-0.0,0.005786497834127515,0.0,0.0,-0.0,0.0,-0.0,-0.0,-0.046943228547565385,-0.12872908647712625,-0.026960305229443034,-0.0,0.0,0.0,-0.0,-0.0,-0.0,-0.0,-0.0,0.0,-0.0,0.035799191448462796,0.012782994317262765,0.0,-0.0,0.1334429927653443,-0.0,-0.0,0.0,-0.0,-0.0,0.0,0.0,0.0,0.0,0.0,-0.0002268914610178063,-0.0,-0.0,-0.0,-0.0,-0.0,0.0,0.0,-0.0,0.0,0.0,0.0,-0.0,-0.0,-0.0,-0.0,0.0,-0.0005934897515839553,0.0,0.0,-0.0,0.0,-0.0,-0.0,-0.0,-0.0,-0.0,0.0,0.0,0.0,0.0026702765960250788,0.0,-0.0,0.04273854343807524,-0.0,-0.0,-0.0,-0.0,-0.0,0.0,-0.0,0.0,-0.0,-0.0,0.0,0.0,-0.0,0.0,-0.0,-0.0,-0.0,-0.0,-0.0,0.0,0.0,0.0,-0.0,-0.0,0.0,0.0,0.0,0.0,0.0043592930309211304,0.0,-0.0,0.0,0.0,-0.0,-0.0,-0.0,0.0,0.0,0.0,-0.0,-0.005215166581722154,0.0,-0.0,0.0,-0.0,-0.0,-0.0,-0.0,-0.0,-0.0,-0.0,-0.0,0.0,0.0,0.0,0.0,-0.0,0.0,-0.0,-0.0,-0.0,-0.0,-0.0,0.0,0.0,0.0,-0.0,0.0,0.0,-0.0,0.03128805737413323,0.06303202545506924,0.0,0.0,-0.0,0.0,0.0,-0.0,-0.0,-0.0,0.0,-0.0,0.0,0.0,0.0,0.045010020859472276,0.0,0.2083922794405786,2025-11-08,3,20
-0.0,-0.010804189394180229,-0.0,-0.0,0.0,0.007829295823007459,0.0,-0.0,0.0,-0.0,0.0,0.0,-0.0,0.0,-0.021784165908982966,-0.0,-0.0,-0.0,-0.0,0.005786497834127515,0.0,0.0,-0.0,0.0,-0.0,-0.0,-0.046943228547565385,-0.12872908647712625,-0.026960305229443034,-0.0,0.0,0.0,-0.0,-0.0,-0.0,-0.0,-0.0,0.0,-0.0,0.035799191448462796,0.012782994317262765,0.0,-0.0,0.1334429927653443,-0.0,-0.0,0.0,-0.0,-0.0,0.0,0.0,0.0,0.0,0.0,-0.0002268914610178063,-0.0,-0.0,-0.0,-0.0,-0.0,0.0,0.0,-0.0,0.0,0.0,0.0,-0.0,-0.0,-0.0,-0.0,0.0,-0.0005934897515839553,0.0,0.0,-0.0,0.0,-0.0,-0.0,-0.0,-0.0,-0.0,0.0,0.0,0.0,0.0026702765960250788,0.0,-0.0,0.04273854343807524,-0.0,-0.0,-0.0,-0.0,-0.0,0.0,-0.0,0.0,-0.0,-0.0,0.0,0.0,-0.0,0.0,-0.0,-0.0,-0.0,-0.0,-0.0,0.0,0.0,0.0,-0.0,-0.0,0.0,0.0,0.0,0.0,0.0043592930309211304,0.0,-0.0,0.0,0.0,-0.0,-0.0,-0.0,0.0,0.0,0.0,-0.0,-0.005215166581722154,0.0,-0.0,0.0,-0.0,-0.0,-0.0,-0.0,-0.0,-0.0,-0.0,-0.0,0.0,0.0,0.0,0.0,-0.0,0.0,-0.0,-0.0,-0.0,-0.0,-0.0,0.0,0.0,0.0,-0.0,0.0,0.0,-0.0,0.03128805737413323,0.06303202545506924,0.0,0.0,-0.0,0.0,0.0,-0.0,-0.0,-0.0,0.0,-0.0,0.0,0.0,0.0,0.045010020859472276,0.0,0.2083922794405786,2025-11-09,3,20
-0.0,-0.010804189394180229,-0.0,-0.0,0.0,0.007829295823007459,0.0,-0.0,0.0,-0.0,0.0,0.0,-0.0,0.0,-0.021784165908982966,-0.0,-0.0,-0.0,-0.0,0.005786497834127515,0.0,0.0,-0.0,0.0,-0.0,-0.0,-0.046943228547565385,-0.12872908647712625,-0.026960305229443034,-0.0,0.0,0.0,-0.0,-0.0,-0.0,-0.0,-0.0,0.0,-0.0,0.035799191448462796,0.012782994317262765,0.0,-0.0,0.1334429927653443,-0.0,-0.0,0.0,-0.0,-0.0,0.0,0.0,0.0,0.0,0.0,-0.0002268914610178063,-0.0,-0.0,-0.0,-0.0,-0.0,0.0,0.0,-0.0,0.0,0.0,0.0,-0.0,-0.0,-0.0,-0.0,0.0,-0.0005934897515839553,0.0,0.0,-0.0,0.0,-0.0,-0.0,-0.0,-0.0,-0.0,0.0,0.0,0.0,0.0026702765960250788,0.0,-0.0,0.04273854343807524,-0.0,-0.0,-0.0,-0.0,-0.0,0.0,-0.0,0.0,-0.0,-0.0,0.0,0.0,-0.0,0.0,-0.0,-0.0,-0.0,-0.0,-0.0,0.0,0.0,0.0,-0.0,-0.0,0.0,0.0,0.0,0.0,0.0043592930309211304,0.0,-0.0,0.0,0.0,-0.0,-0.0,-0.0,0.0,0.0,0.0,-0.0,-0.005215166581722154,0.0,-0.0,0.0,-0.0,-0.0,-0.0,-0.0,-0.0,-0.0,-0.0,-0.0,0.0,0.0,0.0,0.0,-0.0,0.0,-0.0,-0.0,-0.0,-0.0,-0.0,0.0,0.0,0.0,-0.0,0.0,0.0,-0.0,0.03128805737413323,0.06303202545506924,0.0,0.0,-0.0,0.0,0.0,-0.0,-0.0,-0.0,0.0,-0.0,0.0,0.0,0.0,0.045010020859472276,0.0,0.2083922794405786,2025-11-10,3,20
-0.0,-0.010804189394180229,-0.0,-0.0,0.0,0.007829295823007459,0.0,-0.0,0.0,-0.0,0.0,0.0,-0.0,0.0,-0.021784165908982966,-0.0,-0.0,-0.0,-0.0,0.005786497834127515,0.0,0.0,-0.0,0.0,-0.0,-0.0,-0.046943228547565385,-0.12872908647712625,-0.026960305229443034,-0.0,0.0,0.0,-0.0,-0.0,-0.0,-0.0,-0.0,0.0,-0.0,0.035799191448462796,0.012782994317262765,0.0,-0.0,0.1334429927653443,-0.0,-0.0,0.0,-0.0,-0.0,0.0,0.0,0.0,0.0,0.0,-0.0002268914610178063,-0.0,-0.0,-0.0,-0.0,-0.0,0.0,0.0,-0.0,0.0,0.0,0.0,-0.0,-0.0,-0.0,-0.0,0.0,-0.0005934897515839553,0.0,0.0,-0.0,0.0,-0.0,-0.0,-0.0,-0.0,-0.0,0.0,0.0,0.0,0.0026702765960250788,0.0,-0.0,0.04273854343807524,-0.0,-0.0,-0.0,-0.0,-0.0,0.0,-0.0,0.0,-0.0,-0.0,0.0,0.0,-0.0,0.0,-0.0,-0.0,-0.0,-0.0,-0.0,0.0,0.0,0.0,-0.0,-0.0,0.0,0.0,0.0,0.0,0.0043592930309211304,0.0,-0.0,0.0,0.0,-0.0,-0.0,-0.0,0.0,0.0,0.0,-0.0,-0.005215166581722154,0.0,-0.0,0.0,-0.0,-0.0,-0.0,-0.0,-0.0,-0.0,-0.0,-0.0,0.0,0.0,0.0,0.0,-0.0,0.0,-0.0,-0.0,-0.0,-0.0,-0.0,0.0,0.0,0.0,-0.0,0.0,0.0,-0.0,0.03128805737413323,0.06303202545506924,0.0,0.0,-0.0,0.0,0.0,-0.0,-0.0,-0.0,0.0,-0.0,0.0,0.0,0.0,0.045010020859472276,0.0,0.2083922794405786,2025-11-11,3,20
-0.0,-0.010804189394180229,-0.0,-0.0,0.0,0.007829295823007459,0.0,-0.0,0.0,-0.0,0.0,0.0,-0.0,0.0,-0.021784165908982966,-0.0,-0.0,-0.0,-0.0,0.005786497834127515,0.0,0.0,-0.0,0.0,-0.0,-0.0,-0.046943228547565385,-0.12872908647712625,-0.026960305229443034,-0.0,0.0,0.0,-0.0,-0.0,-0.0,-0.0,-0.0,0.0,-0.0,0.035799191448462796,0.012782994317262765,0.0,-0.0,0.1334429927653443,-0.0,-0.0,0.0,-0.0,-0.0,0.0,0.0,0.0,0.0,0.0,-0.0002268914610178063,-0.0,-0.0,-0.0,-0.0,-0.0,0.0,0.0,-0.0,0.0,0.0,0.0,-0.0,-0.0,-0.0,-0.0,0.0,-0.0005934897515839553,0.0,0.0,-0.0,0.0,-0.0,-0.0,-0.0,-0.0,-0.0,0.0,0.0,0.0,0.0026702765960250788,0.0,-0.0,0.04273854343807524,-0.0,-0.0,-0.0,-0.0,-0.0,0.0,-0.0,0.0,-0.0,-0.0,0.0,0.0,-0.0,0.0,-0.0,-0.0,-0.0,-0.0,-0.0,0.0,0.0,0.0,-0.0,-0.0,0.0,0.0,0.0,0.0,0.0043592930309211304,0.0,-0.0,0.0,0.0,-0.0,-0.0,-0.0,0.0,0.0,0.0,-0.0,-0.005215166581722154,0.0,-0.0,0.0,-0.0,-0.0,-0.0,-0.0,-0.0,-0.0,-0.0,-0.0,0.0,0.0,0.0,0.0,-0.0,0.0,-0.0,-0.0,-0.0,-0.0,-0.0,0.0,0.0,0.0,-0.0,0.0,0.0,-0.0,0.03128805737413323,0.06303202545506924,0.0,0.0,-0.0,0.0,0.0,-0.0,-0.0,-0.0,0.0,-0.0,0.0,0.0,0.0,0.045010020859472276,0.0,0.2083922794405786,2025-11-12,3,20
-0.0,-0.010804189394180229,-0.0,-0.0,0.0,0.007829295823007459,0.0,-0.0,0.0,-0.0,0.0,0.0,-0.0,0.0,-0.021784165908982966,-0.0,-0.0,-0.0,-0.0,0.005786497834127515,0.0,0.0,-0.0,0.0,-0.0,-0.0,-0.046943228547565385,-0.12872908647712625,-0.026960305229443034,-0.0,0.0,0.0,-0.0,-0.0,-0.0,-0.0,-0.0,0.0,-0.0,0.035799191448462796,0.012782994317262765,0.0,-0.0,0.1334429927653443,-0.0,-0.0,0.0,-0.0,-0.0,0.0,0.0,0.0,0.0,0.0,-0.0002268914610178063,-0.0,-0.0,-0.0,-0.0,-0.0,0.0,0.0,-0.0,0.0,0.0,0.0,-0.0,-0.0,-0.0,-0.0,0.0,-0.0005934897515839553,0.0,0.0,-0.0,0.0,-0.0,-0.0,-0.0,-0.0,-0.0,0.0,0.0,0.0,0.0026702765960250788,0.0,-0.0,0.04273854343807524,-0.0,-0.0,-0.0,-0.0,-0.0,0.0,-0.0,0.0,-0.0,-0.0,0.0,0.0,-0.0,0.0,-0.0,-0.0,-0.0,-0.0,-0.0,0.0,0.0,0.0,-0.0,-0.0,0.0,0.0,0.0,0.0,0.0043592930309211304,0.0,-0.0,0.0,0.0,-0.0,-0.0,-0.0,0.0,0.0,0.0,-0.0,-0.005215166581722154,0.0,-0.0,0.0,-0.0,-0.0,-0.0,-0.0,-0.0,-0.0,-0.0,-0.0,0.0,0.0,0.0,0.0,-0.0,0.0,-0.0,-0.0,-0.0,-0.0,-0.0,0.0,0.0,0.0,-0.0,0.0,0.0,-0.0,0.03128805737413323,0.06303202545506924,0.0,0.0,-0.0,0.0,0.0,-0.0,-0.0,-0.0,0.0,-0.0,0.0,0.0,0.0,0.045010020859472276,0.0,0.2083922794405786,2025-11-13,3,20
-0.0,-0.010804189394180229,-0.0,-0.0,0.0,0.007829295823007459,0.0,-0.0,0.0,-0.0,0.0,0.0,-0.0,0.0,-0.021784165908982966,-0.0,-0.0,-0.0,-0.0,0.005786497834127515,0.0,0.0,-0.0,0.0,-0.0,-0.0,-0.046943228547565385,-0.12872908647712625,-0.026960305229443034,-0.0,0.0,0.0,-0.0,-0.0,-0.0,-0.0,-0.0,0.0,-0.0,0.035799191448462796,0.012782994317262765,0.0,-0.0,0.1334429927653443,-0.0,-0.0,0.0,-0.0,-0.0,0.0,0.0,0.0,0.0,0.0,-0.0002268914610178063,-0.0,-0.0,-0.0,-0.0,-0.0,0.0,0.0,-0.0,0.0,0.0,0.0,-0.0,-0.0,-0.0,-0.0,0.0,-0.0005934897515839553,0.0,0.0,-0.0,0.0,-0.0,-0.0,-0.0,-0.0,-0.0,0.0,0.0,0.0,0.0026702765960250788,0.0,-0.0,0.04273854343807524,-0.0,-0.0,-0.0,-0.0,-0.0,0.0,-0.0,0.0,-0.0,-0.0,0.0,0.0,-0.0,0.0,-0.0,-0.0,-0.0,-0.0,-0.0,0.0,0.0,0.0,-0.0,-0.0,0.0,0.0,0.0,0.0,0.0043592930309211304,0.0,-0.0,0.0,0.0,-0.0,-0.0,-0.0,0.0,0.0,0.0,-0.0,-0.005215166581722154,0.0,-0.0,0.0,-0.0,-0.0,-0.0,-0.0,-0.0,-0.0,-0.0,-0.0,0.0,0.0,0.0,0.0,-0.0,0.0,-0.0,-0.0,-0.0,-0.0,-0.0,0.0,0.0,0.0,-0.0,0.0,0.0,-0.0,0.03128805737413323,0.06303202545506924,0.0,0.0,-0.0,0.0,0.0,-0.0,-0.0,-0.0,0.0,-0.0,0.0,0.0,0.0,0.045010020859472276,0.0,0.2083922794405786,2025-11-14,3,20
-0.0,-0.004282310168632966,-0.0,-0.0,0.0,0.005803764864617886,0.0,-0.0,0.0,-0.0,0.0,0.0,-0.0,-0.0,-0.03175189652531569,-0.0,-0.0,-0.0,-0.0,0.004452875225781187,0.0,0.0,0.0,0.0,-0.0,-0.0,-0.04612958167265554,-0.13356413585963645,-0.026410768992461905,-0.0,0.0,0.0,-0.0,-0.0,-0.0,-0.0,-0.0,0.0,-0.0,0.04642238779468332,0.003286133345479807,0.044094216853240456,-0.0,0.1329438826233305,-0.0,-0.0,-0.0,-0.0,-0.0,0.0,0.0,0.0,0.0,0.0,-0.006874049749423358,-0.0,-0.0,-0.0,-0.0,-0.0,0.0,0.0,-0.0,0.0,0.0,0.0,-0.0,0.0,-0.0,-0.0,0.0,-0.004593434614530055,0.0,0.0,-0.0,0.0,-0.0,-0.0,-0.0,-0.0,-0.0,0.0,0.0,0.0,0.0,0.0,-0.0,0.03763533008225902,-0.0,-0.0,-0.0,-0.0,-0.0,0.0,-0.0,0.0,-0.0,-0.0,0.0,0.0,-0.0,0.0,-0.0,-0.0,-0.0,-0.0,-0.0,0.0,0.0,0.0,-0.0,-0.0,0.0,0.0,0.0,0.0,0.0009967654755656807,0.0,-0.0,0.0,0.0,-0.0,-0.0,-0.0,0.0,0.0,0.0,-0.0,-0.008203500069978855,0.0,-0.0,0.0,-0.0,0.0,-0.0,-0.0,-0.0,-0.0,-0.0,-0.0,0.0,0.0,0.0,0.0,-0.0,0.0,-0.0,-0.0,-0.0,-0.0,-0.0,0.0,0.0,0.0,-0.0,0.0,0.0,-0.0,0.024969640437263397,0.06349762960057759,0.0,0.0,-0.0,0.0,0.0,-0.0,-0.0,-0.0,0.0,-0.0,0.0,0.0,0.000253848735944843,0.0,0.0,0.2070987658466653,2025-11-15,3,20
-0.0,-0.004282310168632966,-0.0,-0.0,0.0,0.005803764864617886,0.0,-0.0,0.0,-0.0,0.0,0.0,-0.0,-0.0,-0.03175189652531569,-0.0,-0.0,-0.0,-0.0,0.004452875225781187,0.0,0.0,0.0,0.0,-0.0,-0.0,-0.04612958167265554,-0.13356413585963645,-0.026410768992461905,-0.0,0.0,0.0,-0.0,-0.0,-0.0,-0.0,-0.0,0.0,-0.0,0.04642238779468332,0.003286133345479807,0.044094216853240456,-0.0,0.1329438826233305,-0.0,-0.0,-0.0,-0.0,-0.0,0.0,0.0,0.0,0.0,0.0,-0.006874049749423358,-0.0,-0.0,-0.0,-0.0,-0.0,0.0,0.0,-0.0,0.0,0.0,0.0,-0.0,0.0,-0.0,-0.0,0.0,-0.004593434614530055,0.0,0.0,-0.0,0.0,-0.0,-0.0,-0.0,-0.0,-0.0,0.0,0.0,0.0,0.0,0.0,-0.0,0.03763533008225902,-0.0,-0.0,-0.0,-0.0,-0.0,0.0,-0.0,0.0,-0.0,-0.0,0.0,0.0,-0.0,0.0,-0.0,-0.0,-0.0,-0.0,-0.0,0.0,0.0,0.0,-0.0,-0.0,0.0,0.0,0.0,0.0,0.0009967654755656807,0.0,-0.0,0.0,0.0,-0.0,-0.0,-0.0,0.0,0.0,0.0,-0.0,-0.008203500069978855,0.0,-0.0,0.0,-0.0,0.0,-0.0,-0.0,-0.0,-0.0,-0.0,-0.0,0.0,0.0,0.0,0.0,-0.0,0.0,-0.0,-0.0,-0.0,-0.0,-0.0,0.0,0.0,0.0,-0.0,0.0,0.0,-0.0,0.024969640437263397,0.06349762960057759,0.0,0.0,-0.0,0.0,0.0,-0.0,-0.0,-0.0,0.0,-0.0,0.0,0.0,0.000253848735944843,0.0,0.0,0.2070987658466653,2025-11-16,3,20
-0.0,-0.004282310168632966,-0.0,-0.0,0.0,0.005803764864617886,0.0,-0.0,0.0,-0.0,0.0,0.0,-0.0,-0.0,-0.03175189652531569,-0.0,-0.0,-0.0,-0.0,0.004452875225781187,0.0,0.0,0.0,0.0,-0.0,-0.0,-0.04612958167265554,-0.13356413585963645,-0.026410768992461905,-0.0,0.0,0.0,-0.0,-0.0,-0.0,-0.0,-0.0,0.0,-0.0,0.04642238779468332,0.003286133345479807,0.044094216853240456,-0.0,0.1329438826233305,-0.0,-0.0,-0.0,-0.0,-0.0,0.0,0.0,0.0,0.0,0.0,-0.006874049749423358,-0.0,-0.0,-0.0,-0.0,-0.0,0.0,0.0,-0.0,0.0,0.0,0.0,-0.0,0.0,-0.0,-0.0,0.0,-0.004593434614530055,0.0,0.0,-0.0,0.0,-0.0,-0.0,-0.0,-0.0,-0.0,0.0,0.0,0.0,0.0,0.0,-0.0,0.03763533008225902,-0.0,-0.0,-0.0,-0.0,-0.0,0.0,-0.0,0.0,-0.0,-0.0,0.0,0.0,-0.0,0.0,-0.0,-0.0,-0.0,-0.0,-0.0,0.0,0.0,0.0,-0.0,-0.0,0.0,0.0,0.0,0.0,0.0009967654755656807,0.0,-0.0,0.0,0.0,-0.0,-0.0,-0.0,0.0,0.0,0.0,-0.0,-0.008203500069978855,0.0,-0.0,0.0,-0.0,0.0,-0.0,-0.0,-0.0,-0.0,-0.0,-0.0,0.0,0.0,0.0,0.0,-0.0,0.0,-0.0,-0.0,-0.0,-0.0,-0.0,0.0,0.0,0.0,-0.0,0.0,0.0,-0.0,0.024969640437263397,0.06349762960057759,0.0,0.0,-0.0,0.0,0.0,-0.0,-0.0,-0.0,0.0,-0.0,0.0,0.0,0.000253848735944843,0.0,0.0,0.2070987658466653,2025-11-17,3,20
-0.0,-0.004282310168632966,-0.0,-0.0,0.0,0.005803764864617886,0.0,-0.0,0.0,-0.0,0.0,0.0,-0.0,-0.0,-0.03175189652531569,-0.0,-0.0,-0.0,-0.0,0.004452875225781187,0.0,0.0,0.0,0.0,-0.0,-0.0,-0.04612958167265554,-0.13356413585963645,-0.026410768992461905,-0.0,0.0,0.0,-0.0,-0.0,-0.0,-0.0,-0.0,0.0,-0.0,0.04642238779468332,0.003286133345479807,0.044094216853240456,-0.0,0.1329438826233305,-0.0,-0.0,-0.0,-0.0,-0.0,0.0,0.0,0.0,0.0,0.0,-0.006874049749423358,-0.0,-0.0,-0.0,-0.0,-0.0,0.0,0.0,-0.0,0.0,0.0,0.0,-0.0,0.0,-0.0,-0.0,0.0,-0.004593434614530055,0.0,0.0,-0.0,0.0,-0.0,-0.0,-0.0,-0.0,-0.0,0.0,0.0,0.0,0.0,0.0,-0.0,0.03763533008225902,-0.0,-0.0,-0.0,-0.0,-0.0,0.0,-0.0,0.0,-0.0,-0.0,0.0,0.0,-0.0,0.0,-0.0,-0.0,-0.0,-0.0,-0.0,0.0,0.0,0.0,-0.0,-0.0,0.0,0.0,0.0,0.0,0.0009967654755656807,0.0,-0.0,0.0,0.0,-0.0,-0.0,-0.0,0.0,0.0,0.0,-0.0,-0.008203500069978855,0.0,-0.0,0.0,-0.0,0.0,-0.0,-0.0,-0.0,-0.0,-0.0,-0.0,0.0,0.0,0.0,0.0,-0.0,0.0,-0.0,-0.0,-0.0,-0.0,-0.0,0.0,0.0,0.0,-0.0,0.0,0.0,-0.0,0.024969640437263397,0.06349762960057759,0.0,0.0,-0.0,0.0,0.0,-0.0,-0.0,-0.0,0.0,-0.0,0.0,0.0,0.000253848735944843,0.0,0.0,0.2070987658466653,2025-11-18,3,20
-0.0,-0.004282310168632966,-0.0,-0.0,0.0,0.005803764864617886,0.0,-0.0,0.0,-0.0,0.0,0.0,-0.0,-0.0,-0.03175189652531569,-0.0,-0.0,-0.0,-0.0,0.004452875225781187,0.0,0.0,0.0,0.0,-0.0,-0.0,-0.04612958167265554,-0.13356413585963645,-0.026410768992461905,-0.0,0.0,0.0,-0.0,-0.0,-0.0,-0.0,-0.0,0.0,-0.0,0.04642238779468332,0.003286133345479807,0.044094216853240456,-0.0,0.1329438826233305,-0.0,-0.0,-0.0,-0.0,-0.0,0.0,0.0,0.0,0.0,0.0,-0.006874049749423358,-0.0,-0.0,-0.0,-0.0,-0.0,0.0,0.0,-0.0,0.0,0.0,0.0,-0.0,0.0,-0.0,-0.0,0.0,-0.004593434614530055,0.0,0.0,-0.0,0.0,-0.0,-0.0,-0.0,-0.0,-0.0,0.0,0.0,0.0,0.0,0.0,-0.0,0.03763533008225902,-0.0,-0.0,-0.0,-0.0,-0.0,0.0,-0.0,0.0,-0.0,-0.0,0.0,0.0,-0.0,0.0,-0.0,-0.0,-0.0,-0.0,-0.0,0.0,0.0,0.0,-0.0,-0.0,0.0,0.0,0.0,0.0,0.0009967654755656807,0.0,-0.0,0.0,0.0,-0.0,-0.0,-0.0,0.0,0.0,0.0,-0.0,-0.008203500069978855,0.0,-0.0,0.0,-0.0,0.0,-0.0,-0.0,-0.0,-0.0,-0.0,-0.0,0.0,0.0,0.0,0.0,-0.0,0.0,-0.0,-0.0,-0.0,-0.0,-0.0,0.0,0.0,0.0,-0.0,0.0,0.0,-0.0,0.024969640437263397,0.06349762960057759,0.0,0.0,-0.0,0.0,0.0,-0.0,-0.0,-0.0,0.0,-0.0,0.0,0.0,0.000253848735944843,0.0,0.0,0.2070987658466653,2025-11-19,3,20
-0.0,-0.004282310168632966,-0.0,-0.0,0.0,0.005803764864617886,0.0,-0.0,0.0,-0.0,0.0,0.0,-0.0,-0.0,-0.03175189652531569,-0.0,-0.0,-0.0,-0.0,0.004452875225781187,0.0,0.0,0.0,0.0,-0.0,-0.0,-0.04612958167265554,-0.13356413585963645,-0.026410768992461905,-0.0,0.0,0.0,-0.0,-0.0,-0.0,-0.0,-0.0,0.0,-0.0,0.04642238779468332,0.003286133345479807,0.044094216853240456,-0.0,0.1329438826233305,-0.0,-0.0,-0.0,-0.0,-0.0,0.0,0.0,0.0,0.0,0.0,-0.006874049749423358,-0.0,-0.0,-0.0,-0.0,-0.0,0.0,0.0,-0.0,0.0,0.0,0.0,-0.0,0.0,-0.0,-0.0,0.0,-0.004593434614530055,0.0,0.0,-0.0,0.0,-0.0,-0.0,-0.0,-0.0,-0.0,0.0,0.0,0.0,0.0,0.0,-0.0,0.03763533008225902,-0.0,-0.0,-0.0,-0.0,-0.0,0.0,-0.0,0.0,-0.0,-0.0,0.0,0.0,-0.0,0.0,-0.0,-0.0,-0.0,-0.0,-0.0,0.0,0.0,0.0,-0.0,-0.0,0.0,0.0,0.0,0.0,0.0009967654755656807,0.0,-0.0,0.0,0.0,-0.0,-0.0,-0.0,0.0,0.0,0.0,-0.0,-0.008203500069978855,0.0,-0.0,0.0,-0.0,0.0,-0.0,-0.0,-0.0,-0.0,-0.0,-0.0,0.0,0.0,0.0,0.0,-0.0,0.0,-0.0,-0.0,-0.0,-0.0,-0.0,0.0,0.0,0.0,-0.0,0.0,0.0,-0.0,0.024969640437263397,0.06349762960057759,0.0,0.0,-0.0,0.0,0.0,-0.0,-0.0,-0.0,0.0,-0.0,0.0,0.0,0.000253848735944843,0.0,0.0,0.2070987658466653,2025-11-20,3,20
-0.0,-0.004282310168632966,-0.0,-0.0,0.0,0.005803764864617886,0.0,-0.0,0.0,-0.0,0.0,0.0,-0.0,-0.0,-0.03175189652531569,-0.0,-0.0,-0.0,-0.0,0.004452875225781187,0.0,0.0,0.0,0.0,-0.0,-0.0,-0.04612958167265554,-0.13356413585963645,-0.026410768992461905,-0.0,0.0,0.0,-0.0,-0.0,-0.0,-0.0,-0.0,0.0,-0.0,0.04642238779468332,0.003286133345479807,0.044094216853240456,-0.0,0.1329438826233305,-0.0,-0.0,-0.0,-0.0,-0.0,0.0,0.0,0.0,0.0,0.0,-0.006874049749423358,-0.0,-0.0,-0.0,-0.0,-0.0,0.0,0.0,-0.0,0.0,0.0,0.0,-0.0,0.0,-0.0,-0.0,0.0,-0.004593434614530055,0.0,0.0,-0.0,0.0,-0.0,-0.0,-0.0,-0.0,-0.0,0.0,0.0,0.0,0.0,0.0,-0.0,0.03763533008225902,-0.0,-0.0,-0.0,-0.0,-0.0,0.0,-0.0,0.0,-0.0,-0.0,0.0,0.0,-0.0,0.0,-0.0,-0.0,-0.0,-0.0,-0.0,0.0,0.0,0.0,-0.0,-0.0,0.0,0.0,0.0,0.0,0.0009967654755656807,0.0,-0.0,0.0,0.0,-0.0,-0.0,-0.0,0.0,0.0,0.0,-0.0,-0.008203500069978855,0.0,-0.0,0.0,-0.0,0.0,-0.0,-0.0,-0.0,-0.0,-0.0,-0.0,0.0,0.0,0.0,0.0,-0.0,0.0,-0.0,-0.0,-0.0,-0.0,-0.0,0.0,0.0,0.0,-0.0,0.0,0.0,-0.0,0.024969640437263397,0.06349762960057759,0.0,0.0,-0.0,0.0,0.0,-0.0,-0.0,-0.0,0.0,-0.0,0.0,0.0,0.000253848735944843,0.0,0.0,0.2070987658466653,2025-11-21,3,20
-0.0,-0.008763032348181243,-0.0,-0.0,0.0,0.0040181558757408494,0.0,-0.0,0.0,-0.0,0.0,0.0,-0.0,0.0,-0.032556500286433844,-0.0,-0.0,-0.0,-0.0,0.007824193201810256,0.0,0.0,-0.0,0.0,-0.0,-0.0,-0.0455012706542535,-0.1373510698205165,-0.02635225596313202,-0.0,0.0,0.0,-0.0,-0.0,-0.0,-0.0,-0.0,0.0,-0.0,0.048557015536670224,0.0,0.03807084470981986,-0.0,0.13642983079105256,-0.0,-0.0,-0.0,-0.0,0.0,0.0,0.0,0.0,0.0,0.0,-0.0005978208574910519,-0.0,-0.0,-0.0,-0.0,-0.0,0.0,0.0,-0.0,0.0,0.0,0.0,-0.0,-0.0,-0.0,-0.0,0.0,-0.008159663606004187,0.0,0.0,-0.0,0.0,-0.0,-0.0,-0.0,-0.0,-0.0,0.0,0.0,0.0013362198494598087,0.0036277845867778193,0.0,-0.0,0.04147774763709693,-0.0,-0.0,-0.0,-0.0,-0.0,0.0,0.0,0.0,-0.0,-0.0,0.0,0.0,-0.0,0.0,-0.0,-0.0,-0.0,-0.0,-0.0,0.0,0.0,0.0,-0.0,-0.0,0.0,0.0,0.0,0.0,0.0006205402534720904,0.0,-0.0,0.0,0.0,-0.0,-0.0,-0.0,0.0,0.0,0.0,-0.0,-0.007501902174808777,0.0,-0.0,0.0,-0.0,0.0,-0.0,-0.0,-0.0,-0.0,-0.0,-0.0,0.0,0.0,0.0,0.0,-0.0,0.0,-0.0,-0.0,-0.0,-0.0,-0.0,0.0,0.0,0.0,-0.0,0.0,-0.0,-0.0,0.02608317915592233,0.062319242674890654,0.0,0.0,-0.0,0.0,0.0,-0.0,-0.0,-0.0,0.0,-0.0,0.0,0.0,0.0,0.005454737408816053,0.0,0.20404635057487241,2025-11-22,3,21
-0.0,-0.008763032348181243,-0.0,-0.0,0.0,0.0040181558757408494,0.0,-0.0,0.0,-0.0,0.0,0.0,-0.0,0.0,-0.032556500286433844,-0.0,-0.0,-0.0,-0.0,0.007824193201810256,0.0,0.0,-0.0,0.0,-0.0,-0.0,-0.0455012706542535,-0.1373510698205165,-0.02635225596313202,-0.0,0.0,0.0,-0.0,-0.0,-0.0,-0.0,-0.0,0.0,-0.0,0.048557015536670224,0.0,0.03807084470981986,-0.0,0.13642983079105256,-0.0,-0.0,-0.0,-0.0,0.0,0.0,0.0,0.0,0.0,0.0,-0.0005978208574910519,-0.0,-0.0,-0.0,-0.0,-0.0,0.0,0.0,-0.0,0.0,0.0,0.0,-0.0,-0.0,-0.0,-0.0,0.0,-0.008159663606004187,0.0,0.0,-0.0,0.0,-0.0,-0.0,-0.0,-0.0,-0.0,0.0,0.0,0.0013362198494598087,0.0036277845867778193,0.0,-0.0,0.04147774763709693,-0.0,-0.0,-0.0,-0.0,-0.0,0.0,0.0,0.0,-0.0,-0.0,0.0,0.0,-0.0,0.0,-0.0,-0.0,-0.0,-0.0,-0.0,0.0,0.0,0.0,-0.0,-0.0,0.0,0.0,0.0,0.0,0.0006205402534720904,0.0,-0.0,0.0,0.0,-0.0,-0.0,-0.0,0.0,0.0,0.0,-0.0,-0.007501902174808777,0.0,-0.0,0.0,-0.0,0.0,-0.0,-0.0,-0.0,-0.0,-0.0,-0.0,0.0,0.0,0.0,0.0,-0.0,0.0,-0.0,-0.0,-0.0,-0.0,-0.0,0.0,0.0,0.0,-0.0,0.0,-0.0,-0.0,0.02608317915592233,0.062319242674890654,0.0,0.0,-0.0,0.0,0.0,-0.0,-0.0,-0.0,0.0,-0.0,0.0,0.0,0.0,0.005454737408816053,0.0,0.20404635057487241,2025-11-23,3,21
-0.0,-0.008763032348181243,-0.0,-0.0,0.0,0.0040181558757408494,0.0,-0.0,0.0,-0.0,0.0,0.0,-0.0,0.0,-0.032556500286433844,-0.0,-0.0,-0.0,-0.0,0.007824193201810256,0.0,0.0,-0.0,0.0,-0.0,-0.0,-0.0455012706542535,-0.1373510698205165,-0.02635225596313202,-0.0,0.0,0.0,-0.0,-0.0,-0.0,-0.0,-0.0,0.0,-0.0,0.048557015536670224,0.0,0.03807084470981986,-0.0,0.13642983079105256,-0.0,-0.0,-0.0,-0.0,0.0,0.0,0.0,0.0,0.0,0.0,-0.0005978208574910519,-0.0,-0.0,-0.0,-0.0,-0.0,0.0,0.0,-0.0,0.0,0.0,0.0,-0.0,-0.0,-0.0,-0.0,0.0,-0.008159663606004187,0.0,0.0,-0.0,0.0,-0.0,-0.0,-0.0,-0.0,-0.0,0.0,0.0,0.0013362198494598087,0.0036277845867778193,0.0,-0.0,0.04147774763709693,-0.0,-0.0,-0.0,-0.0,-0.0,0.0,0.0,0.0,-0.0,-0.0,0.0,0.0,-0.0,0.0,-0.0,-0.0,-0.0,-0.0,-0.0,0.0,0.0,0.0,-0.0,-0.0,0.0,0.0,0.0,0.0,0.0006205402534720904,0.0,-0.0,0.0,0.0,-0.0,-0.0,-0.0,0.0,0.0,0.0,-0.0,-0.007501902174808777,0.0,-0.0,0.0,-0.0,0.0,-0.0,-0.0,-0.0,-0.0,-0.0,-0.0,0.0,0.0,0.0,0.0,-0.0,0.0,-0.0,-0.0,-0.0,-0.0,-0.0,0.0,0.0,0.0,-0.0,0.0,-0.0,-0.0,0.02608317915592233,0.062319242674890654,0.0,0.0,-0.0,0.0,0.0,-0.0,-0.0,-0.0,0.0,-0.0,0.0,0.0,0.0,0.005454737408816053,0.0,0.20404635057487241,2025-11-24,3,21
-0.0,-0.008763032348181243,-0.0,-0.0,0.0,0.0040181558757408494,0.0,-0.0,0.0,-0.0,0.0,0.0,-0.0,0.0,-0.032556500286433844,-0.0,-0.0,-0.0,-0.0,0.007824193201810256,0.0,0.0,-0.0,0.0,-0.0,-0.0,-0.0455012706542535,-0.1373510698205165,-0.02635225596313202,-0.0,0.0,0.0,-0.0,-0.0,-0.0,-0.0,-0.0,0.0,-0.0,0.048557015536670224,0.0,0.03807084470981986,-0.0,0.13642983079105256,-0.0,-0.0,-0.0,-0.0,0.0,0.0,0.0,0.0,0.0,0.0,-0.0005978208574910519,-0.0,-0.0,-0.0,-0.0,-0.0,0.0,0.0,-0.0,0.0,0.0,0.0,-0.0,-0.0,-0.0,-0.0,0.0,-0.008159663606004187,0.0,0.0,-0.0,0.0,-0.0,-0.0,-0.0,-0.0,-0.0,0.0,0.0,0.0013362198494598087,0.0036277845867778193,0.0,-0.0,0.04147774763709693,-0.0,-0.0,-0.0,-0.0,-0.0,0.0,0.0,0.0,-0.0,-0.0,0.0,0.0,-0.0,0.0,-0.0,-0.0,-0.0,-0.0,-0.0,0.0,0.0,0.0,-0.0,-0.0,0.0,0.0,0.0,0.0,0.0006205402534720904,0.0,-0.0,0.0,0.0,-0.0,-0.0,-0.0,0.0,0.0,0.0,-0.0,-0.007501902174808777,0.0,-0.0,0.0,-0.0,0.0,-0.0,-0.0,-0.0,-0.0,-0.0,-0.0,0.0,0.0,0.0,0.0,-0.0,0.0,-0.0,-0.0,-0.0,-0.0,-0.0,0.0,0.0,0.0,-0.0,0.0,-0.0,-0.0,0.02608317915592233,0.062319242674890654,0.0,0.0,-0.0,0.0,0.0,-0.0,-0.0,-0.0,0.0,-0.0,0.0,0.0,0.0,0.005454737408816053,0.0,0.20404635057487241,2025-11-25,3,21
-0.0,-0.008763032348181243,-0.0,-0.0,0.0,0.0040181558757408494,0.0,-0.0,0.0,-0.0,0.0,0.0,-0.0,0.0,-0.032556500286433844,-0.0,-0.0,-0.0,-0.0,0.007824193201810256,0.0,0.0,-0.0,0.0,-0.0,-0.0,-0.0455012706542535,-0.1373510698205165,-0.02635225596313202,-0.0,0.0,0.0,-0.0,-0.0,-0.0,-0.0,-0.0,0.0,-0.0,0.048557015536670224,0.0,0.03807084470981986,-0.0,0.13642983079105256,-0.0,-0.0,-0.0,-0.0,0.0,0.0,0.0,0.0,0.0,0.0,-0.0005978208574910519,-0.0,-0.0,-0.0,-0.0,-0.0,0.0,0.0,-0.0,0.0,0.0,0.0,-0.0,-0.0,-0.0,-0.0,0.0,-0.008159663606004187,0.0,0.0,-0.0,0.0,-0.0,-0.0,-0.0,-0.0,-0.0,0.0,0.0,0.0013362198494598087,0.0036277845867778193,0.0,-0.0,0.04147774763709693,-0.0,-0.0,-0.0,-0.0,-0.0,0.0,0.0,0.0,-0.0,-0.0,0.0,0.0,-0.0,0.0,-0.0,-0.0,-0.0,-0.0,-0.0,0.0,0.0,0.0,-0.0,-0.0,0.0,0.0,0.0,0.0,0.0006205402534720904,0.0,-0.0,0.0,0.0,-0.0,-0.0,-0.0,0.0,0.0,0.0,-0.0,-0.007501902174808777,0.0,-0.0,0.0,-0.0,0.0,-0.0,-0.0,-0.0,-0.0,-0.0,-0.0,0.0,0.0,0.0,0.0,-0.0,0.0,-0.0,-0.0,-0.0,-0.0,-0.0,0.0,0.0,0.0,-0.0,0.0,-0.0,-0.0,0.02608317915592233,0.062319242674890654,0.0,0.0,-0.0,0.0,0.0,-0.0,-0.0,-0.0,0.0,-0.0,0.0,0.0,0.0,0.005454737408816053,0.0,0.20404635057487241,2025-11-26,3,21
-0.0,-0.008763032348181243,-0.0,-0.0,0.0,0.0040181558757408494,0.0,-0.0,0.0,-0.0,0.0,0.0,-0.0,0.0,-0.032556500286433844,-0.0,-0.0,-0.0,-0.0,0.007824193201810256,0.0,0.0,-0.0,0.0,-0.0,-0.0,-0.0455012706542535,-0.1373510698205165,-0.02635225596313202,-0.0,0.0,0.0,-0.0,-0.0,-0.0,-0.0,-0.0,0.0,-0.0,0.048557015536670224,0.0,0.03807084470981986,-0.0,0.13642983079105256,-0.0,-0.0,-0.0,-0.0,0.0,0.0,0.0,0.0,0.0,0.0,-0.0005978208574910519,-0.0,-0.0,-0.0,-0.0,-0.0,0.0,0.0,-0.0,0.0,0.0,0.0,-0.0,-0.0,-0.0,-0.0,0.0,-0.008159663606004187,0.0,0.0,-0.0,0.0,-0.0,-0.0,-0.0,-0.0,-0.0,0.0,0.0,0.0013362198494598087,0.0036277845867778193,0.0,-0.0,0.04147774763709693,-0.0,-0.0,-0.0,-0.0,-0.0,0.0,0.0,0.0,-0.0,-0.0,0.0,0.0,-0.0,0.0,-0.0,-0.0,-0.0,-0.0,-0.0,0.0,0.0,0.0,-0.0,-0.0,0.0,0.0,0.0,0.0,0.0006205402534720904,0.0,-0.0,0.0,0.0,-0.0,-0.0,-0.0,0.0,0.0,0.0,-0.0,-0.007501902174808777,0.0,-0.0,0.0,-0.0,0.0,-0.0,-0.0,-0.0,-0.0,-0.0,-0.0,0.0,0.0,0.0,0.0,-0.0,0.0,-0.0,-0.0,-0.0,-0.0,-0.0,0.0,0.0,0.0,-0.0,0.0,-0.0,-0.0,0.02608317915592233,0.062319242674890654,0.0,0.0,-0.0,0.0,0.0,-0.0,-0.0,-0.0,0.0,-0.0,0.0,0.0,0.0,0.005454737408816053,0.0,0.20404635057487241,2025-11-27,3,21
-0.0,-0.008763032348181243,-0.0,-0.0,0.0,0.0040181558757408494,0.0,-0.0,0.0,-0.0,0.0,0.0,-0.0,0.0,-0.032556500286433844,-0.0,-0.0,-0.0,-0.0,0.007824193201810256,0.0,0.0,-0.0,0.0,-0.0,-0.0,-0.0455012706542535,-0.1373510698205165,-0.02635225596313202,-0.0,0.0,0.0,-0.0,-0.0,-0.0,-0.0,-0.0,0.0,-0.0,0.048557015536670224,0.0,0.03807084470981986,-0.0,0.13642983079105256,-0.0,-0.0,-0.0,-0.0,0.0,0.0,0.0,0.0,0.0,0.0,-0.0005978208574910519,-0.0,-0.0,-0.0,-0.0,-0.0,0.0,0.0,-0.0,0.0,0.0,0.0,-0.0,-0.0,-0.0,-0.0,0.0,-0.008159663606004187,0.0,0.0,-0.0,0.0,-0.0,-0.0,-0.0,-0.0,-0.0,0.0,0.0,0.0013362198494598087,0.0036277845867778193,0.0,-0.0,0.04147774763709693,-0.0,-0.0,-0.0,-0.0,-0.0,0.0,0.0,0.0,-0.0,-0.0,0.0,0.0,-0.0,0.0,-0.0,-0.0,-0.0,-0.0,-0.0,0.0,0.0,0.0,-0.0,-0.0,0.0,0.0,0.0,0.0,0.0006205402534720904,0.0,-0.0,0.0,0.0,-0.0,-0.0,-0.0,0.0,0.0,0.0,-0.0,-0.007501902174808777,0.0,-0.0,0.0,-0.0,0.0,-0.0,-0.0,-0.0,-0.0,-0.0,-0.0,0.0,0.0,0.0,0.0,-0.0,0.0,-0.0,-0.0,-0.0,-0.0,-0.0,0.0,0.0,0.0,-0.0,0.0,-0.0,-0.0,0.02608317915592233,0.062319242674890654,0.0,0.0,-0.0,0.0,0.0,-0.0,-0.0,-0.0,0.0,-0.0,0.0,0.0,0.0,0.005454737408816053,0.0,0.20404635057487241,2025-11-28,3,21
-0.0,-0.009681614871557798,-0.0,-0.0,0.0,0.004878806230704915,0.0,-0.0,0.0,-0.0,0.0,0.0,-0.0,0.0,-0.03259159955410318,-0.0,-0.0,-0.0,-0.0,0.00757122431944618,0.0,0.0,-0.0,0.0,-0.0,-0.0,-0.04694844177323425,-0.1367762673796231,-0.026471423651329963,-0.0,0.0,0.0,-0.0,-0.0,-0.0,-0.0,-0.0,0.0,0.0,0.044622035944111724,0.0009731418212893194,0.03953204325144597,-0.0,0.13742795287988907,-0.0,-0.0,-0.0,-0.0,0.0,0.0,0.0,0.0,0.0,0.0,-0.0,-0.0,-0.0,-0.0,-0.0,-0.0,0.0,0.0,-0.0,0.0,0.0,0.0,-0.0,-0.0,-0.0,-0.0,0.0,-0.009456319259417804,0.0,0.0,-0.0,0.0,-0.0,-0.0,-0.0,-0.0,-0.0,0.0,0.0,0.00013336011250659137,0.0028564029573331768,0.0,-0.0,0.04409356028905259,-0.0,-0.0,-0.0,-0.0,-0.0,0.0,0.0,0.0,-0.0,-0.0,0.0,0.0,-0.0,0.0,-0.0,-0.0,-0.0,-0.0,-0.0,0.0,0.0,0.0,-0.0,-0.0,0.0,0.0,0.0,0.0,0.0,0.0,-0.0,0.0,-0.0,-0.0,-0.0,-0.0,0.0,0.0,0.0,-0.0,-0.008037122007156734,0.0,-0.0,0.0,-0.0,0.0,-0.0,-0.0,-0.0,-0.0,-0.0,-0.0,0.0,0.0,0.0,0.0,-0.0,0.0,-0.0,-0.0,-0.0,-0.0,-0.0,0.0,0.0,0.0,-0.0,0.0,-0.0,-0.0,0.02634485281414754,0.06401603057730905,0.0,0.0,-0.0,0.0,0.0,-0.0,-0.0,-0.0,0.0,-0.0,0.0,0.0,0.0,0.003668606882793555,0.0,0.20374794679181923,2025-11-29,3,20
-0.0,-0.009681614871557798,-0.0,-0.0,0.0,0.004878806230704915,0.0,-0.0,0.0,-0.0,0.0,0.0,-0.0,0.0,-0.03259159955410318,-0.0,-0.0,-0.0,-0.0,0.00757122431944618,0.0,0.0,-0.0,0.0,-0.0,-0.0,-0.04694844177323425,-0.1367762673796231,-0.026471423651329963,-0.0,0.0,0.0,-0.0,-0.0,-0.0,-0.0,-0.0,0.0,0.0,0.044622035944111724,0.0009731418212893194,0.03953204325144597,-0.0,0.13742795287988907,-0.0,-0.0,-0.0,-0.0,0.0,0.0,0.0,0.0,0.0,0.0,-0.0,-0.0,-0.0,-0.0,-0.0,-0.0,0.0,0.0,-0.0,0.0,0.0,0.0,-0.0,-0.0,-0.0,-0.0,0.0,-0.009456319259417804,0.0,0.0,-0.0,0.0,-0.0,-0.0,-0.0,-0.0,-0.0,0.0,0.0,0.00013336011250659137,0.0028564029573331768,0.0,-0.0,0.04409356028905259,-0.0,-0.0,-0.0,-0.0,-0.0,0.0,0.0,0.0,-0.0,-0.0,0.0,0.0,-0.0,0.0,-0.0,-0.0,-0.0,-0.0,-0.0,0.0,0.0,0.0,-0.0,-0.0,0.0,0.0,0.0,0.0,0.0,0.0,-0.0,0.0,-0.0,-0.0,-0.0,-0.0,0.0,0.0,0.0,-0.0,-0.008037122007156734,0.0,-0.0,0.0,-0.0,0.0,-0.0,-0.0,-0.0,-0.0,-0.0,-0.0,0.0,0.0,0.0,0.0,-0.0,0.0,-0.0,-0.0,-0.0,-0.0,-0.0,0.0,0.0,0.0,-0.0,0.0,-0.0,-0.0,0.02634485281414754,0.06401603057730905,0.0,0.0,-0.0,0.0,0.0,-0.0,-0.0,-0.0,0.0,-0.0,0.0,0.0,0.0,0.003668606882793555,0.0,0.20374794679181923,2025-11-30,3,20
-0.0,-0.009681614871557798,-0.0,-0.0,0.0,0.004878806230704915,0.0,-0.0,0.0,-0.0,0.0,0.0,-0.0,0.0,-0.03259159955410318,-0.0,-0.0,-0.0,-0.0,0.00757122431944618,0.0,0.0,-0.0,0.0,-0.0,-0.0,-0.04694844177323425,-0.1367762673796231,-0.026471423651329963,-0.0,0.0,0.0,-0.0,-0.0,-0.0,-0.0,-0.0,0.0,0.0,0.044622035944111724,0.0009731418212893194,0.03953204325144597,-0.0,0.13742795287988907,-0.0,-0.0,-0.0,-0.0,0.0,0.0,0.0,0.0,0.0,0.0,-0.0,-0.0,-0.0,-0.0,-0.0,-0.0,0.0,0.0,-0.0,0.0,0.0,0.0,-0.0,-0.0,-0.0,-0.0,0.0,-0.009456319259417804,0.0,0.0,-0.0,0.0,-0.0,-0.0,-0.0,-0.0,-0.0,0.0,0.0,0.00013336011250659137,0.0028564029573331768,0.0,-0.0,0.04409356028905259,-0.0,-0.0,-0.0,-0.0,-0.0,0.0,0.0,0.0,-0.0,-0.0,0.0,0.0,-0.0,0.0,-0.0,-0.0,-0.0,-0.0,-0.0,0.0,0.0,0.0,-0.0,-0.0,0.0,0.0,0.0,0.0,0.0,0.0,-0.0,0.0,-0.0,-0.0,-0.0,-0.0,0.0,0.0,0.0,-0.0,-0.008037122007156734,0.0,-0.0,0.0,-0.0,0.0,-0.0,-0.0,-0.0,-0.0,-0.0,-0.0,0.0,0.0,0.0,0.0,-0.0,0.0,-0.0,-0.0,-0.0,-0.0,-0.0,0.0,0.0,0.0,-0.0,0.0,-0.0,-0.0,0.02634485281414754,0.06401603057730905,0.0,0.0,-0.0,0.0,0.0,-0.0,-0.0,-0.0,0.0,-0.0,0.0,0.0,0.0,0.003668606882793555,0.0,0.20374794679181923,2025-12-01,3,20
-0.0,-0.009681614871557798,-0.0,-0.0,0.0,0.004878806230704915,0.0,-0.0,0.0,-0.0,0.0,0.0,-0.0,0.0,-0.03259159955410318,-0.0,-0.0,-0.0,-0.0,0.00757122431944618,0.0,0.0,-0.0,0.0,-0.0,-0.0,-0.04694844177323425,-0.1367762673796231,-0.026471423651329963,-0.0,0.0,0.0,-0.0,-0.0,-0.0,-0.0,-0.0,0.0,0.0,0.044622035944111724,0.0009731418212893194,0.03953204325144597,-0.0,0.13742795287988907,-0.0,-0.0,-0.0,-0.0,0.0,0.0,0.0,0.0,0.0,0.0,-0.0,-0.0,-0.0,-0.0,-0.0,-0.0,0.0,0.0,-0.0,0.0,0.0,0.0,-0.0,-0.0,-0.0,-0.0,0.0,-0.009456319259417804,0.0,0.0,-0.0,0.0,-0.0,-0.0,-0.0,-0.0,-0.0,0.0,0.0,0.00013336011250659137,0.0028564029573331768,0.0,-0.0,0.04409356028905259,-0.0,-0.0,-0.0,-0.0,-0.0,0.0,0.0,0.0,-0.0,-0.0,0.0,0.0,-0.0,0.0,-0.0,-0.0,-0.0,-0.0,-0.0,0.0,0.0,0.0,-0.0,-0.0,0.0,0.0,0.0,0.0,0.0,0.0,-0.0,0.0,-0.0,-0.0,-0.0,-0.0,0.0,0.0,0.0,-0.0,-0.008037122007156734,0.0,-0.0,0.0,-0.0,0.0,-0.0,-0.0,-0.0,-0.0,-0.0,-0.0,0.0,0.0,0.0,0.0,-0.0,0.0,-0.0,-0.0,-0.0,-0.0,-0.0,0.0,0.0,0.0,-0.0,0.0,-0.0,-0.0,0.02634485281414754,0.06401603057730905,0.0,0.0,-0.0,0.0,0.0,-0.0,-0.0,-0.0,0.0,-0.0,0.0,0.0,0.0,0.003668606882793555,0.0,0.20374794679181923,2025-12-02,3,20
-0.0,-0.009681614871557798,-0.0,-0.0,0.0,0.004878806230704915,0.0,-0.0,0.0,-0.0,0.0,0.0,-0.0,0.0,-0.03259159955410318,-0.0,-0.0,-0.0,-0.0,0.00757122431944618,0.0,0.0,-0.0,0.0,-0.0,-0.0,-0.04694844177323425,-0.1367762673796231,-0.026471423651329963,-0.0,0.0,0.0,-0.0,-0.0,-0.0,-0.0,-0.0,0.0,0.0,0.044622035944111724,0.0009731418212893194,0.03953204325144597,-0.0,0.13742795287988907,-0.0,-0.0,-0.0,-0.0,0.0,0.0,0.0,0.0,0.0,0.0,-0.0,-0.0,-0.0,-0.0,-0.0,-0.0,0.0,0.0,-0.0,0.0,0.0,0.0,-0.0,-0.0,-0.0,-0.0,0.0,-0.009456319259417804,0.0,0.0,-0.0,0.0,-0.0,-0.0,-0.0,-0.0,-0.0,0.0,0.0,0.00013336011250659137,0.0028564029573331768,0.0,-0.0,0.04409356028905259,-0.0,-0.0,-0.0,-0.0,-0.0,0.0,0.0,0.0,-0.0,-0.0,0.0,0.0,-0.0,0.0,-0.0,-0.0,-0.0,-0.0,-0.0,0.0,0.0,0.0,-0.0,-0.0,0.0,0.0,0.0,0.0,0.0,0.0,-0.0,0.0,-0.0,-0.0,-0.0,-0.0,0.0,0.0,0.0,-0.0,-0.008037122007156734,0.0,-0.0,0.0,-0.0,0.0,-0.0,-0.0,-0.0,-0.0,-0.0,-0.0,0.0,0.0,0.0,0.0,-0.0,0.0,-0.0,-0.0,-0.0,-0.0,-0.0,0.0,0.0,0.0,-0.0,0.0,-0.0,-0.0,0.02634485281414754,0.06401603057730905,0.0,0.0,-0.0,0.0,0.0,-0.0,-0.0,-0.0,0.0,-0.0,0.0,0.0,0.0,0.003668606882793555,0.0,0.20374794679181923,2025-12-03,3,20
-0.0,-0.009681614871557798,-0.0,-0.0,0.0,0.004878806230704915,0.0,-0.0,0.0,-0.0,0.0,0.0,-0.0,0.0,-0.03259159955410318,-0.0,-0.0,-0.0,-0.0,0.00757122431944618,0.0,0.0,-0.0,0.0,-0.0,-0.0,-0.04694844177323425,-0.1367762673796231,-0.026471423651329963,-0.0,0.0,0.0,-0.0,-0.0,-0.0,-0.0,-0.0,0.0,0.0,0.044622035944111724,0.0009731418212893194,0.03953204325144597,-0.0,0.13742795287988907,-0.0,-0.0,-0.0,-0.0,0.0,0.0,0.0,0.0,0.0,0.0,-0.0,-0.0,-0.0,-0.0,-0.0,-0.0,0.0,0.0,-0.0,0.0,0.0,0.0,-0.0,-0.0,-0.0,-0.0,0.0,-0.009456319259417804,0.0,0.0,-0.0,0.0,-0.0,-0.0,-0.0,-0.0,-0.0,0.0,0.0,0.00013336011250659137,0.0028564029573331768,0.0,-0.0,0.04409356028905259,-0.0,-0.0,-0.0,-0.0,-0.0,0.0,0.0,0.0,-0.0,-0.0,0.0,0.0,-0.0,0.0,-0.0,-0.0,-0.0,-0.0,-0.0,0.0,0.0,0.0,-0.0,-0.0,0.0,0.0,0.0,0.0,0.0,0.0,-0.0,0.0,-0.0,-0.0,-0.0,-0.0,0.0,0.0,0.0,-0.0,-0.008037122007156734,0.0,-0.0,0.0,-0.0,0.0,-0.0,-0.0,-0.0,-0.0,-0.0,-0.0,0.0,0.0,0.0,0.0,-0.0,0.0,-0.0,-0.0,-0.0,-0.0,-0.0,0.0,0.0,0.0,-0.0,0.0,-0.0,-0.0,0.02634485281414754,0.06401603057730905,0.0,0.0,-0.0,0.0,0.0,-0.0,-0.0,-0.0,0.0,-0.0,0.0,0.0,0.0,0.003668606882793555,0.0,0.20374794679181923,2025-12-04,3,20
-0.0,-0.009681614871557798,-0.0,-0.0,0.0,0.004878806230704915,0.0,-0.0,0.0,-0.0,0.0,0.0,-0.0,0.0,-0.03259159955410318,-0.0,-0.0,-0.0,-0.0,0.00757122431944618,0.0,0.0,-0.0,0.0,-0.0,-0.0,-0.04694844177323425,-0.1367762673796231,-0.026471423651329963,-0.0,0.0,0.0,-0.0,-0.0,-0.0,-0.0,-0.0,0.0,0.0,0.044622035944111724,0.0009731418212893194,0.03953204325144597,-0.0,0.13742795287988907,-0.0,-0.0,-0.0,-0.0,0.0,0.0,0.0,0.0,0.0,0.0,-0.0,-0.0,-0.0,-0.0,-0.0,-0.0,0.0,0.0,-0.0,0.0,0.0,0.0,-0.0,-0.0,-0.0,-0.0,0.0,-0.009456319259417804,0.0,0.0,-0.0,0.0,-0.0,-0.0,-0.0,-0.0,-0.0,0.0,0.0,0.00013336011250659137,0.0028564029573331768,0.0,-0.0,0.04409356028905259,-0.0,-0.0,-0.0,-0.0,-0.0,0.0,0.0,0.0,-0.0,-0.0,0.0,0.0,-0.0,0.0,-0.0,-0.0,-0.0,-0.0,-0.0,0.0,0.0,0.0,-0.0,-0.0,0.0,0.0,0.0,0.0,0.0,0.0,-0.0,0.0,-0.0,-0.0,-0.0,-0.0,0.0,0.0,0.0,-0.0,-0.008037122007156734,0.0,-0.0,0.0,-0.0,0.0,-0.0,-0.0,-0.0,-0.0,-0.0,-0.0,0.0,0.0,0.0,0.0,-0.0,0.0,-0.0,-0.0,-0.0,-0.0,-0.0,0.0,0.0,0.0,-0.0,0.0,-0.0,-0.0,0.02634485281414754,0.06401603057730905,0.0,0.0,-0.0,0.0,0.0,-0.0,-0.0,-0.0,0.0,-0.0,0.0,0.0,0.0,0.003668606882793555,0.0,0.20374794679181923,2025-12-05,3,20
-0.0,-0.009726517748493091,-0.0,-0.0,0.0,0.00784671702771841,0.0,-0.0,0.0,-0.0,0.0,0.0,-0.0,0.0,-0.030996617168031614,-0.0,-0.0,-0.0,-0.0,0.005727475211698858,0.0,0.0,-0.0,0.0,-0.0,-0.0,-0.047566160005750015,-0.13517832814697114,-0.028601610894727954,-0.0,0.0,0.0,-0.0,-0.0,-0.0,-0.0,-0.0,0.0,0.0,0.04657952721092031,0.0,0.025666448981099845,-0.0,0.13625585111256586,-0.0,-0.0,-0.0,-0.0,0.0,0.0,0.0,0.0,0.0,0.0,-0.001844616654232715,-0.0,-0.0,-0.0,-0.0,-0.0,0.0,0.0,-0.0,0.0,0.0,0.0,-0.0,-0.0,-0.0,-0.0,0.0,-0.008540985752287535,0.0,0.0,-0.0,0.0,-0.0,-0.0,-0.0,-0.0,-0.0,0.0,0.0,0.002612238210691253,0.0,0.0,-0.0,0.04446588825035772,-0.0,-0.0,-0.0,-0.0,-0.0,0.0,0.0,0.0,-0.0,0.0,0.0,0.0,-0.0,0.0,-0.0,-0.0,-0.0,-0.0,-0.0,0.0,0.0,0.0,-0.0,-0.0,0.0,0.0,0.0,-0.0,0.0,0.0,-0.0,0.0,-0.0,-0.0,-0.0,-0.0,0.0,0.0,0.0,-0.0,-0.01106941587681629,0.0,-0.0,0.0,-0.0,0.0,-0.0,-0.0,-0.0,-0.0,-0.0,-0.0,0.0,0.0,0.0,0.0,-0.0,0.0,-0.0,-0.0,-0.0,-0.0,-0.0,0.0,0.0,0.0,-0.0,0.0,-0.0,-0.0,0.029390664394632098,0.06145766635893269,0.0,0.0,-0.0,0.0,0.0,-0.0,-0.0,-0.0,0.0,-0.0,0.0,0.0,0.0,0.0,0.0,0.2079296764186224,2025-12-06,3,18
-0.0,-0.009726517748493091,-0.0,-0.0,0.0,0.00784671702771841,0.0,-0.0,0.0,-0.0,0.0,0.0,-0.0,0.0,-0.030996617168031614,-0.0,-0.0,-0.0,-0.0,0.005727475211698858,0.0,0.0,-0.0,0.0,-0.0,-0.0,-0.047566160005750015,-0.13517832814697114,-0.028601610894727954,-0.0,0.0,0.0,-0.0,-0.0,-0.0,-0.0,-0.0,0.0,0.0,0.04657952721092031,0.0,0.025666448981099845,-0.0,0.13625585111256586,-0.0,-0.0,-0.0,-0.0,0.0,0.0,0.0,0.0,0.0,0.0,-0.001844616654232715,-0.0,-0.0,-0.0,-0.0,-0.0,0.0,0.0,-0.0,0.0,0.0,0.0,-0.0,-0.0,-0.0,-0.0,0.0,-0.008540985752287535,0.0,0.0,-0.0,0.0,-0.0,-0.0,-0.0,-0.0,-0.0,0.0,0.0,0.002612238210691253,0.0,0.0,-0.0,0.04446588825035772,-0.0,-0.0,-0.0,-0.0,-0.0,0.0,0.0,0.0,-0.0,0.0,0.0,0.0,-0.0,0.0,-0.0,-0.0,-0.0,-0.0,-0.0,0.0,0.0,0.0,-0.0,-0.0,0.0,0.0,0.0,-0.0,0.0,0.0,-0.0,0.0,-0.0,-0.0,-0.0,-0.0,0.0,0.0,0.0,-0.0,-0.01106941587681629,0.0,-0.0,0.0,-0.0,0.0,-0.0,-0.0,-0.0,-0.0,-0.0,-0.0,0.0,0.0,0.0,0.0,-0.0,0.0,-0.0,-0.0,-0.0,-0.0,-0.0,0.0,0.0,0.0,-0.0,0.0,-0.0,-0.0,0.029390664394632098,0.06145766635893269,0.0,0.0,-0.0,0.0,0.0,-0.0,-0.0,-0.0,0.0,-0.0,0.0,0.0,0.0,0.0,0.0,0.2079296764186224,2025-12-07,3,18
-0.0,-0.009726517748493091,-0.0,-0.0,0.0,0.00784671702771841,0.0,-0.0,0.0,-0.0,0.0,0.0,-0.0,0.0,-0.030996617168031614,-0.0,-0.0,-0.0,-0.0,0.005727475211698858,0.0,0.0,-0.0,0.0,-0.0,-0.0,-0.047566160005750015,-0.13517832814697114,-0.028601610894727954,-0.0,0.0,0.0,-0.0,-0.0,-0.0,-0.0,-0.0,0.0,0.0,0.04657952721092031,0.0,0.025666448981099845,-0.0,0.13625585111256586,-0.0,-0.0,-0.0,-0.0,0.0,0.0,0.0,0.0,0.0,0.0,-0.001844616654232715,-0.0,-0.0,-0.0,-0.0,-0.0,0.0,0.0,-0.0,0.0,0.0,0.0,-0.0,-0.0,-0.0,-0.0,0.0,-0.008540985752287535,0.0,0.0,-0.0,0.0,-0.0,-0.0,-0.0,-0.0,-0.0,0.0,0.0,0.002612238210691253,0.0,0.0,-0.0,0.04446588825035772,-0.0,-0.0,-0.0,-0.0,-0.0,0.0,0.0,0.0,-0.0,0.0,0.0,0.0,-0.0,0.0,-0.0,-0.0,-0.0,-0.0,-0.0,0.0,0.0,0.0,-0.0,-0.0,0.0,0.0,0.0,-0.0,0.0,0.0,-0.0,0.0,-0.0,-0.0,-0.0,-0.0,0.0,0.0,0.0,-0.0,-0.01106941587681629,0.0,-0.0,0.0,-0.0,0.0,-0.0,-0.0,-0.0,-0.0,-0.0,-0.0,0.0,0.0,0.0,0.0,-0.0,0.0,-0.0,-0.0,-0.0,-0.0,-0.0,0.0,0.0,0.0,-0.0,0.0,-0.0,-0.0,0.029390664394632098,0.06145766635893269,0.0,0.0,-0.0,0.0,0.0,-0.0,-0.0,-0.0,0.0,-0.0,0.0,0.0,0.0,0.0,0.0,0.2079296764186224,2025-12-08,3,18
-0.0,-0.009726517748493091,-0.0,-0.0,0.0,0.00784671702771841,0.0,-0.0,0.0,-0.0,0.0,0.0,-0.0,0.0,-0.030996617168031614,-0.0,-0.0,-0.0,-0.0,0.005727475211698858,0.0,0.0,-0.0,0.0,-0.0,-0.0,-0.047566160005750015,-0.13517832814697114,-0.028601610894727954,-0.0,0.0,0.0,-0.0,-0.0,-0.0,-0.0,-0.0,0.0,0.0,0.04657952721092031,0.0,0.025666448981099845,-0.0,0.13625585111256586,-0.0,-0.0,-0.0,-0.0,0.0,0.0,0.0,0.0,0.0,0.0,-0.001844616654232715,-0.0,-0.0,-0.0,-0.0,-0.0,0.0,0.0,-0.0,0.0,0.0,0.0,-0.0,-0.0,-0.0,-0.0,0.0,-0.008540985752287535,0.0,0.0,-0.0,0.0,-0.0,-0.0,-0.0,-0.0,-0.0,0.0,0.0,0.002612238210691253,0.0,0.0,-0.0,0.04446588825035772,-0.0,-0.0,-0.0,-0.0,-0.0,0.0,0.0,0.0,-0.0,0.0,0.0,0.0,-0.0,0.0,-0.0,-0.0,-0.0,-0.0,-0.0,0.0,0.0,0.0,-0.0,-0.0,0.0,0.0,0.0,-0.0,0.0,0.0,-0.0,0.0,-0.0,-0.0,-0.0,-0.0,0.0,0.0,0.0,-0.0,-0.01106941587681629,0.0,-0.0,0.0,-0.0,0.0,-0.0,-0.0,-0.0,-0.0,-0.0,-0.0,0.0,0.0,0.0,0.0,-0.0,0.0,-0.0,-0.0,-0.0,-0.0,-0.0,0.0,0.0,0.0,-0.0,0.0,-0.0,-0.0,0.029390664394632098,0.06145766635893269,0.0,0.0,-0.0,0.0,0.0,-0.0,-0.0,-0.0,0.0,-0.0,0.0,0.0,0.0,0.0,0.0,0.2079296764186224,2025-12-09,3,18
-0.0,-0.009726517748493091,-0.0,-0.0,0.0,0.00784671702771841,0.0,-0.0,0.0,-0.0,0.0,0.0,-0.0,0.0,-0.030996617168031614,-0.0,-0.0,-0.0,-0.0,0.005727475211698858,0.0,0.0,-0.0,0.0,-0.0,-0.0,-0.047566160005750015,-0.13517832814697114,-0.028601610894727954,-0.0,0.0,0.0,-0.0,-0.0,-0.0,-0.0,-0.0,0.0,0.0,0.04657952721092031,0.0,0.025666448981099845,-0.0,0.13625585111256586,-0.0,-0.0,-0.0,-0.0,0.0,0.0,0.0,0.0,0.0,0.0,-0.001844616654232715,-0.0,-0.0,-0.0,-0.0,-0.0,0.0,0.0,-0.0,0.0,0.0,0.0,-0.0,-0.0,-0.0,-0.0,0.0,-0.008540985752287535,0.0,0.0,-0.0,0.0,-0.0,-0.0,-0.0,-0.0,-0.0,0.0,0.0,0.002612238210691253,0.0,0.0,-0.0,0.04446588825035772,-0.0,-0.0,-0.0,-0.0,-0.0,0.0,0.0,0.0,-0.0,0.0,0.0,0.0,-0.0,0.0,-0.0,-0.0,-0.0,-0.0,-0.0,0.0,0.0,0.0,-0.0,-0.0,0.0,0.0,0.0,-0.0,0.0,0.0,-0.0,0.0,-0.0,-0.0,-0.0,-0.0,0.0,0.0,0.0,-0.0,-0.01106941587681629,0.0,-0.0,0.0,-0.0,0.0,-0.0,-0.0,-0.0,-0.0,-0.0,-0.0,0.0,0.0,0.0,0.0,-0.0,0.0,-0.0,-0.0,-0.0,-0.0,-0.0,0.0,0.0,0.0,-0.0,0.0,-0.0,-0.0,0.029390664394632098,0.06145766635893269,0.0,0.0,-0.0,0.0,0.0,-0.0,-0.0,-0.0,0.0,-0.0,0.0,0.0,0.0,0.0,0.0,0.2079296764186224,2025-12-10,3,18
-0.0,-0.009726517748493091,-0.0,-0.0,0.0,0.00784671702771841,0.0,-0.0,0.0,-0.0,0.0,0.0,-0.0,0.0,-0.030996617168031614,-0.0,-0.0,-0.0,-0.0,0.005727475211698858,0.0,0.0,-0.0,0.0,-0.0,-0.0,-0.047566160005750015,-0.13517832814697114,-0.028601610894727954,-0.0,0.0,0.0,-0.0,-0.0,-0.0,-0.0,-0.0,0.0,0.0,0.04657952721092031,0.0,0.025666448981099845,-0.0,0.13625585111256586,-0.0,-0.0,-0.0,-0.0,0.0,0.0,0.0,0.0,0.0,0.0,-0.001844616654232715,-0.0,-0.0,-0.0,-0.0,-0.0,0.0,0.0,-0.0,0.0,0.0,0.0,-0.0,-0.0,-0.0,-0.0,0.0,-0.008540985752287535,0.0,0.0,-0.0,0.0,-0.0,-0.0,-0.0,-0.0,-0.0,0.0,0.0,0.002612238210691253,0.0,0.0,-0.0,0.04446588825035772,-0.0,-0.0,-0.0,-0.0,-0.0,0.0,0.0,0.0,-0.0,0.0,0.0,0.0,-0.0,0.0,-0.0,-0.0,-0.0,-0.0,-0.0,0.0,0.0,0.0,-0.0,-0.0,0.0,0.0,0.0,-0.0,0.0,0.0,-0.0,0.0,-0.0,-0.0,-0.0,-0.0,0.0,0.0,0.0,-0.0,-0.01106941587681629,0.0,-0.0,0.0,-0.0,0.0,-0.0,-0.0,-0.0,-0.0,-0.0,-0.0,0.0,0.0,0.0,0.0,-0.0,0.0,-0.0,-0.0,-0.0,-0.0,-0.0,0.0,0.0,0.0,-0.0,0.0,-0.0,-0.0,0.029390664394632098,0.06145766635893269,0.0,0.0,-0.0,0.0,0.0,-0.0,-0.0,-0.0,0.0,-0.0,0.0,0.0,0.0,0.0,0.0,0.2079296764186224,2025-12-11,3,18
-0.0,-0.009726517748493091,-0.0,-0.0,0.0,0.00784671702771841,0.0,-0.0,0.0,-0.0,0.0,0.0,-0.0,0.0,-0.030996617168031614,-0.0,-0.0,-0.0,-0.0,0.005727475211698858,0.0,0.0,-0.0,0.0,-0.0,-0.0,-0.047566160005750015,-0.13517832814697114,-0.028601610894727954,-0.0,0.0,0.0,-0.0,-0.0,-0.0,-0.0,-0.0,0.0,0.0,0.04657952721092031,0.0,0.025666448981099845,-0.0,0.13625585111256586,-0.0,-0.0,-0.0,-0.0,0.0,0.0,0.0,0.0,0.0,0.0,-0.001844616654232715,-0.0,-0.0,-0.0,-0.0,-0.0,0.0,0.0,-0.0,0.0,0.0,0.0,-0.0,-0.0,-0.0,-0.0,0.0,-0.008540985752287535,0.0,0.0,-0.0,0.0,-0.0,-0.0,-0.0,-0.0,-0.0,0.0,0.0,0.002612238210691253,0.0,0.0,-0.0,0.04446588825035772,-0.0,-0.0,-0.0,-0.0,-0.0,0.0,0.0,0.0,-0.0,0.0,0.0,0.0,-0.0,0.0,-0.0,-0.0,-0.0,-0.0,-0.0,0.0,0.0,0.0,-0.0,-0.0,0.0,0.0,0.0,-0.0,0.0,0.0,-0.0,0.0,-0.0,-0.0,-0.0,-0.0,0.0,0.0,0.0,-0.0,-0.01106941587681629,0.0,-0.0,0.0,-0.0,0.0,-0.0,-0.0,-0.0,-0.0,-0.0,-0.0,0.0,0.0,0.0,0.0,-0.0,0.0,-0.0,-0.0,-0.0,-0.0,-0.0,0.0,0.0,0.0,-0.0,0.0,-0.0,-0.0,0.029390664394632098,0.06145766635893269,0.0,0.0,-0.0,0.0,0.0,-0.0,-0.0,-0.0,0.0,-0.0,0.0,0.0,0.0,0.0,0.0,0.2079296764186224,2025-12-12,3,18
-0.0,-0.014156847306538297,-0.0,-0.0,0.0,0.013839172682982197,0.0,-0.0,0.0,-0.0,0.0,0.0,-0.0,0.0,-0.03170455944567349,-0.0,-0.0,-0.0,-0.0,0.00210667080050863,0.0,0.0,-0.0,0.0,-0.0,-0.0,-0.047768708782209596,-0.13121201460259305,-0.030165037200196296,-0.0,0.0,0.0,-0.0,-0.0,-0.0,-0.0,-0.0,0.0,0.0,0.046178479467968235,0.0006363133406832184,0.027287770730839368,-0.0,0.1314109794128756,-0.0,-0.0,-0.0,-0.0,0.0,0.0,0.0,0.0,0.0,0.0,-0.0,-0.0,-0.0,-0.0,-0.0,-0.0,0.0,0.0,-0.0,0.0,0.0,0.0,-0.0,0.0,-0.0,-0.0,0.0,-0.006610664444372429,0.0,0.0,-0.0,0.0,-0.0,-0.0,-0.0,-0.0,-0.0,0.0,0.0,0.0012132993613972712,0.0011340085913161344,0.0,-0.0,0.0443197267168094,-0.0,-0.0,-0.0,-0.0,-0.0,0.0,0.0,0.0,-0.0,-0.0,0.0,0.0,-0.0,0.0,-0.0,-0.0,-0.0,-0.0,-0.0,0.0,0.0,0.0,-0.0,-0.0,0.0,0.0,0.0,-0.0,0.0006934857719967672,0.0,-0.0,0.0,-0.0,-0.0,-0.0,-0.0,0.0,0.0,0.0,-0.0,-0.013568860567683437,0.0,-0.0,0.0,-0.0,0.0,-0.0,-0.0,-0.0,-0.0,-0.0,-0.0,0.0,0.0,0.0,0.0,-0.0,0.0,-0.0,-0.0,-0.0,-0.0,-0.0,0.0,0.0,0.0,-0.0,0.0,-0.0,-0.0,0.02867315409012774,0.053597431095281096,0.0,0.0,-0.0,0.0,0.0,-0.0,-0.0,-0.0,0.0,-0.0,0.0,0.0,0.0,0.0,-0.0,0.21262721670892148,2025-12-13,3,20
-0.0,-0.014156847306538297,-0.0,-0.0,0.0,0.013839172682982197,0.0,-0.0,0.0,-0.0,0.0,0.0,-0.0,0.0,-0.03170455944567349,-0.0,-0.0,-0.0,-0.0,0.00210667080050863,0.0,0.0,-0.0,0.0,-0.0,-0.0,-0.047768708782209596,-0.13121201460259305,-0.030165037200196296,-0.0,0.0,0.0,-0.0,-0.0,-0.0,-0.0,-0.0,0.0,0.0,0.046178479467968235,0.0006363133406832184,0.027287770730839368,-0.0,0.1314109794128756,-0.0,-0.0,-0.0,-0.0,0.0,0.0,0.0,0.0,0.0,0.0,-0.0,-0.0,-0.0,-0.0,-0.0,-0.0,0.0,0.0,-0.0,0.0,0.0,0.0,-0.0,0.0,-0.0,-0.0,0.0,-0.006610664444372429,0.0,0.0,-0.0,0.0,-0.0,-0.0,-0.0,-0.0,-0.0,0.0,0.0,0.0012132993613972712,0.0011340085913161344,0.0,-0.0,0.0443197267168094,-0.0,-0.0,-0.0,-0.0,-0.0,0.0,0.0,0.0,-0.0,-0.0,0.0,0.0,-0.0,0.0,-0.0,-0.0,-0.0,-0.0,-0.0,0.0,0.0,0.0,-0.0,-0.0,0.0,0.0,0.0,-0.0,0.0006934857719967672,0.0,-0.0,0.0,-0.0,-0.0,-0.0,-0.0,0.0,0.0,0.0,-0.0,-0.013568860567683437,0.0,-0.0,0.0,-0.0,0.0,-0.0,-0.0,-0.0,-0.0,-0.0,-0.0,0.0,0.0,0.0,0.0,-0.0,0.0,-0.0,-0.0,-0.0,-0.0,-0.0,0.0,0.0,0.0,-0.0,0.0,-0.0,-0.0,0.02867315409012774,0.053597431095281096,0.0,0.0,-0.0,0.0,0.0,-0.0,-0.0,-0.0,0.0,-0.0,0.0,0.0,0.0,0.0,-0.0,0.21262721670892148,2025-12-14,3,20
-0.0,-0.014156847306538297,-0.0,-0.0,0.0,0.013839172682982197,0.0,-0.0,0.0,-0.0,0.0,0.0,-0.0,0.0,-0.03170455944567349,-0.0,-0.0,-0.0,-0.0,0.00210667080050863,0.0,0.0,-0.0,0.0,-0.0,-0.0,-0.047768708782209596,-0.13121201460259305,-0.030165037200196296,-0.0,0.0,0.0,-0.0,-0.0,-0.0,-0.0,-0.0,0.0,0.0,0.046178479467968235,0.0006363133406832184,0.027287770730839368,-0.0,0.1314109794128756,-0.0,-0.0,-0.0,-0.0,0.0,0.0,0.0,0.0,0.0,0.0,-0.0,-0.0,-0.0,-0.0,-0.0,-0.0,0.0,0.0,-0.0,0.0,0.0,0.0,-0.0,0.0,-0.0,-0.0,0.0,-0.006610664444372429,0.0,0.0,-0.0,0.0,-0.0,-0.0,-0.0,-0.0,-0.0,0.0,0.0,0.0012132993613972712,0.0011340085913161344,0.0,-0.0,0.0443197267168094,-0.0,-0.0,-0.0,-0.0,-0.0,0.0,0.0,0.0,-0.0,-0.0,0.0,0.0,-0.0,0.0,-0.0,-0.0,-0.0,-0.0,-0.0,0.0,0.0,0.0,-0.0,-0.0,0.0,0.0,0.0,-0.0,0.0006934857719967672,0.0,-0.0,0.0,-0.0,-0.0,-0.0,-0.0,0.0,0.0,0.0,-0.0,-0.013568860567683437,0.0,-0.0,0.0,-0.0,0.0,-0.0,-0.0,-0.0,-0.0,-0.0,-0.0,0.0,0.0,0.0,0.0,-0.0,0.0,-0.0,-0.0,-0.0,-0.0,-0.0,0.0,0.0,0.0,-0.0,0.0,-0.0,-0.0,0.02867315409012774,0.053597431095281096,0.0,0.0,-0.0,0.0,0.0,-0.0,-0.0,-0.0,0.0,-0.0,0.0,0.0,0.0,0.0,-0.0,0.21262721670892148,2025-12-15,3,20
-0.0,-0.014156847306538297,-0.0,-0.0,0.0,0.013839172682982197,0.0,-0.0,0.0,-0.0,0.0,0.0,-0.0,0.0,-0.03170455944567349,-0.0,-0.0,-0.0,-0.0,0.00210667080050863,0.0,0.0,-0.0,0.0,-0.0,-0.0,-0.047768708782209596,-0.13121201460259305,-0.030165037200196296,-0.0,0.0,0.0,-0.0,-0.0,-0.0,-0.0,-0.0,0.0,0.0,0.046178479467968235,0.0006363133406832184,0.027287770730839368,-0.0,0.1314109794128756,-0.0,-0.0,-0.0,-0.0,0.0,0.0,0.0,0.0,0.0,0.0,-0.0,-0.0,-0.0,-0.0,-0.0,-0.0,0.0,0.0,-0.0,0.0,0.0,0.0,-0.0,0.0,-0.0,-0.0,0.0,-0.006610664444372429,0.0,0.0,-0.0,0.0,-0.0,-0.0,-0.0,-0.0,-0.0,0.0,0.0,0.0012132993613972712,0.0011340085913161344,0.0,-0.0,0.0443197267168094,-0.0,-0.0,-0.0,-0.0,-0.0,0.0,0.0,0.0,-0.0,-0.0,0.0,0.0,-0.0,0.0,-0.0,-0.0,-0.0,-0.0,-0.0,0.0,0.0,0.0,-0.0,-0.0,0.0,0.0,0.0,-0.0,0.0006934857719967672,0.0,-0.0,0.0,-0.0,-0.0,-0.0,-0.0,0.0,0.0,0.0,-0.0,-0.013568860567683437,0.0,-0.0,0.0,-0.0,0.0,-0.0,-0.0,-0.0,-0.0,-0.0,-0.0,0.0,0.0,0.0,0.0,-0.0,0.0,-0.0,-0.0,-0.0,-0.0,-0.0,0.0,0.0,0.0,-0.0,0.0,-0.0,-0.0,0.02867315409012774,0.053597431095281096,0.0,0.0,-0.0,0.0,0.0,-0.0,-0.0,-0.0,0.0,-0.0,0.0,0.0,0.0,0.0,-0.0,0.21262721670892148,2025-12-16,3,20
-0.0,-0.014156847306538297,-0.0,-0.0,0.0,0.013839172682982197,0.0,-0.0,0.0,-0.0,0.0,0.0,-0.0,0.0,-0.03170455944567349,-0.0,-0.0,-0.0,-0.0,0.00210667080050863,0.0,0.0,-0.0,0.0,-0.0,-0.0,-0.047768708782209596,-0.13121201460259305,-0.030165037200196296,-0.0,0.0,0.0,-0.0,-0.0,-0.0,-0.0,-0.0,0.0,0.0,0.046178479467968235,0.0006363133406832184,0.027287770730839368,-0.0,0.1314109794128756,-0.0,-0.0,-0.0,-0.0,0.0,0.0,0.0,0.0,0.0,0.0,-0.0,-0.0,-0.0,-0.0,-0.0,-0.0,0.0,0.0,-0.0,0.0,0.0,0.0,-0.0,0.0,-0.0,-0.0,0.0,-0.006610664444372429,0.0,0.0,-0.0,0.0,-0.0,-0.0,-0.0,-0.0,-0.0,0.0,0.0,0.0012132993613972712,0.0011340085913161344,0.0,-0.0,0.0443197267168094,-0.0,-0.0,-0.0,-0.0,-0.0,0.0,0.0,0.0,-0.0,-0.0,0.0,0.0,-0.0,0.0,-0.0,-0.0,-0.0,-0.0,-0.0,0.0,0.0,0.0,-0.0,-0.0,0.0,0.0,0.0,-0.0,0.0006934857719967672,0.0,-0.0,0.0,-0.0,-0.0,-0.0,-0.0,0.0,0.0,0.0,-0.0,-0.013568860567683437,0.0,-0.0,0.0,-0.0,0.0,-0.0,-0.0,-0.0,-0.0,-0.0,-0.0,0.0,0.0,0.0,0.0,-0.0,0.0,-0.0,-0.0,-0.0,-0.0,-0.0,0.0,0.0,0.0,-0.0,0.0,-0.0,-0.0,0.02867315409012774,0.053597431095281096,0.0,0.0,-0.0,0.0,0.0,-0.0,-0.0,-0.0,0.0,-0.0,0.0,0.0,0.0,0.0,-0.0,0.21262721670892148,2025-12-17,3,20
-0.0,-0.014156847306538297,-0.0,-0.0,0.0,0.013839172682982197,0.0,-0.0,0.0,-0.0,0.0,0.0,-0.0,0.0,-0.03170455944567349,-0.0,-0.0,-0.0,-0.0,0.00210667080050863,0.0,0.0,-0.0,0.0,-0.0,-0.0,-0.047768708782209596,-0.13121201460259305,-0.030165037200196296,-0.0,0.0,0.0,-0.0,-0.0,-0.0,-0.0,-0.0,0.0,0.0,0.046178479467968235,0.0006363133406832184,0.027287770730839368,-0.0,0.1314109794128756,-0.0,-0.0,-0.0,-0.0,0.0,0.0,0.0,0.0,0.0,0.0,-0.0,-0.0,-0.0,-0.0,-0.0,-0.0,0.0,0.0,-0.0,0.0,0.0,0.0,-0.0,0.0,-0.0,-0.0,0.0,-0.006610664444372429,0.0,0.0,-0.0,0.0,-0.0,-0.0,-0.0,-0.0,-0.0,0.0,0.0,0.0012132993613972712,0.0011340085913161344,0.0,-0.0,0.0443197267168094,-0.0,-0.0,-0.0,-0.0,-0.0,0.0,0.0,0.0,-0.0,-0.0,0.0,0.0,-0.0,0.0,-0.0,-0.0,-0.0,-0.0,-0.0,0.0,0.0,0.0,-0.0,-0.0,0.0,0.0,0.0,-0.0,0.0006934857719967672,0.0,-0.0,0.0,-0.0,-0.0,-0.0,-0.0,0.0,0.0,0.0,-0.0,-0.013568860567683437,0.0,-0.0,0.0,-0.0,0.0,-0.0,-0.0,-0.0,-0.0,-0.0,-0.0,0.0,0.0,0.0,0.0,-0.0,0.0,-0.0,-0.0,-0.0,-0.0,-0.0,0.0,0.0,0.0,-0.0,0.0,-0.0,-0.0,0.02867315409012774,0.053597431095281096,0.0,0.0,-0.0,0.0,0.0,-0.0,-0.0,-0.0,0.0,-0.0,0.0,0.0,0.0,0.0,-0.0,0.21262721670892148,2025-12-18,3,20
-0.0,-0.014156847306538297,-0.0,-0.0,0.0,0.013839172682982197,0.0,-0.0,0.0,-0.0,0.0,0.0,-0.0,0.0,-0.03170455944567349,-0.0,-0.0,-0.0,-0.0,0.00210667080050863,0.0,0.0,-0.0,0.0,-0.0,-0.0,-0.047768708782209596,-0.13121201460259305,-0.030165037200196296,-0.0,0.0,0.0,-0.0,-0.0,-0.0,-0.0,-0.0,0.0,0.0,0.046178479467968235,0.0006363133406832184,0.027287770730839368,-0.0,0.1314109794128756,-0.0,-0.0,-0.0,-0.0,0.0,0.0,0.0,0.0,0.0,0.0,-0.0,-0.0,-0.0,-0.0,-0.0,-0.0,0.0,0.0,-0.0,0.0,0.0,0.0,-0.0,0.0,-0.0,-0.0,0.0,-0.006610664444372429,0.0,0.0,-0.0,0.0,-0.0,-0.0,-0.0,-0.0,-0.0,0.0,0.0,0.0012132993613972712,0.0011340085913161344,0.0,-0.0,0.0443197267168094,-0.0,-0.0,-0.0,-0.0,-0.0,0.0,0.0,0.0,-0.0,-0.0,0.0,0.0,-0.0,0.0,-0.0,-0.0,-0.0,-0.0,-0.0,0.0,0.0,0.0,-0.0,-0.0,0.0,0.0,0.0,-0.0,0.0006934857719967672,0.0,-0.0,0.0,-0.0,-0.0,-0.0,-0.0,0.0,0.0,0.0,-0.0,-0.013568860567683437,0.0,-0.0,0.0,-0.0,0.0,-0.0,-0.0,-0.0,-0.0,-0.0,-0.0,0.0,0.0,0.0,0.0,-0.0,0.0,-0.0,-0.0,-0.0,-0.0,-0.0,0.0,0.0,0.0,-0.0,0.0,-0.0,-0.0,0.02867315409012774,0.053597431095281096,0.0,0.0,-0.0,0.0,0.0,-0.0,-0.0,-0.0,0.0,-0.0,0.0,0.0,0.0,0.0,-0.0,0.21262721670892148,2025-12-19,3,20
-0.0,-0.016505897224336562,-0.0,-0.0,0.0,0.007364246437468726,0.0,-0.0,0.0,-0.0,0.0,0.0,-0.0,0.0,-0.037060607810824965,-0.0,-0.0,-0.0,-0.0,0.006211028830271372,0.0,0.0,-0.0,0.0,-0.0,-0.0,-0.050334989269169336,-0.13496973179810548,-0.02699939204813499,-0.0,0.0,0.0,-0.0,-0.0,-0.0,-0.0,-0.0,0.0,0.0,0.04891369338260278,0.001103967728752641,0.01094251145954194,-0.0,0.130526351360938,-0.0,-0.0,-0.0,-0.0,0.0,0.0,0.0,0.0,0.0,0.0,-0.0,-0.0,-0.0,-0.0,-0.0,-0.0,0.0,0.0,-0.0,0.0,0.0,0.0,-0.0,0.0,-0.0,-0.0,0.0,-0.011584849336935247,0.0,0.0,-0.0,0.0,-0.0,-0.0,-0.0,-0.0,-0.0,0.0,0.0,0.0030971388639350252,0.0015759474844559607,0.0,-0.0,0.042183040265253456,-0.0,-0.0,-0.0,-0.0,-0.0,0.0,0.0,0.0,-0.0,-0.0,0.0,0.0,-0.0,0.0,-0.0,-0.0,-0.0,-0.0,-0.0,0.0,0.0,0.0,-0.0,-0.0,0.000930728571435477,0.0,0.0,-0.0,0.0004759912983410539,0.0,-0.0,0.0,-0.0,-0.0,-0.0,-0.0,0.0,0.0,0.0,-0.0,-0.013954559037084627,0.0,-0.0,0.0,-0.0,-0.0,-0.0,-0.0,-0.0,-0.0,-0.0,-0.0,0.0,0.0,0.0,0.0,-0.0,0.0,-0.0,-0.0,-0.0,-0.0,-0.0,0.0,0.0,0.0,-0.0,0.0,-0.0,-0.0,0.02623532920021356,0.05083384503835197,0.0,0.0,-0.0,0.0,0.0,-0.0,-0.0,-0.0,-0.0,-0.0,0.0,0.0,0.0,0.0,-0.0,0.21233848877608916,2025-12-20,3,21
-0.0,-0.016505897224336562,-0.0,-0.0,0.0,0.007364246437468726,0.0,-0.0,0.0,-0.0,0.0,0.0,-0.0,0.0,-0.037060607810824965,-0.0,-0.0,-0.0,-0.0,0.006211028830271372,0.0,0.0,-0.0,0.0,-0.0,-0.0,-0.050334989269169336,-0.13496973179810548,-0.02699939204813499,-0.0,0.0,0.0,-0.0,-0.0,-0.0,-0.0,-0.0,0.0,0.0,0.04891369338260278,0.001103967728752641,0.01094251145954194,-0.0,0.130526351360938,-0.0,-0.0,-0.0,-0.0,0.0,0.0,0.0,0.0,0.0,0.0,-0.0,-0.0,-0.0,-0.0,-0.0,-0.0,0.0,0.0,-0.0,0.0,0.0,0.0,-0.0,0.0,-0.0,-0.0,0.0,-0.011584849336935247,0.0,0.0,-0.0,0.0,-0.0,-0.0,-0.0,-0.0,-0.0,0.0,0.0,0.0030971388639350252,0.0015759474844559607,0.0,-0.0,0.042183040265253456,-0.0,-0.0,-0.0,-0.0,-0.0,0.0,0.0,0.0,-0.0,-0.0,0.0,0.0,-0.0,0.0,-0.0,-0.0,-0.0,-0.0,-0.0,0.0,0.0,0.0,-0.0,-0.0,0.000930728571435477,0.0,0.0,-0.0,0.0004759912983410539,0.0,-0.0,0.0,-0.0,-0.0,-0.0,-0.0,0.0,0.0,0.0,-0.0,-0.013954559037084627,0.0,-0.0,0.0,-0.0,-0.0,-0.0,-0.0,-0.0,-0.0,-0.0,-0.0,0.0,0.0,0.0,0.0,-0.0,0.0,-0.0,-0.0,-0.0,-0.0,-0.0,0.0,0.0,0.0,-0.0,0.0,-0.0,-0.0,0.02623532920021356,0.05083384503835197,0.0,0.0,-0.0,0.0,0.0,-0.0,-0.0,-0.0,-0.0,-0.0,0.0,0.0,0.0,0.0,-0.0,0.21233848877608916,2025-12-21,3,21
-0.0,-0.016505897224336562,-0.0,-0.0,0.0,0.007364246437468726,0.0,-0.0,0.0,-0.0,0.0,0.0,-0.0,0.0,-0.037060607810824965,-0.0,-0.0,-0.0,-0.0,0.006211028830271372,0.0,0.0,-0.0,0.0,-0.0,-0.0,-0.050334989269169336,-0.13496973179810548,-0.02699939204813499,-0.0,0.0,0.0,-0.0,-0.0,-0.0,-0.0,-0.0,0.0,0.0,0.04891369338260278,0.001103967728752641,0.01094251145954194,-0.0,0.130526351360938,-0.0,-0.0,-0.0,-0.0,0.0,0.0,0.0,0.0,0.0,0.0,-0.0,-0.0,-0.0,-0.0,-0.0,-0.0,0.0,0.0,-0.0,0.0,0.0,0.0,-0.0,0.0,-0.0,-0.0,0.0,-0.011584849336935247,0.0,0.0,-0.0,0.0,-0.0,-0.0,-0.0,-0.0,-0.0,0.0,0.0,0.0030971388639350252,0.0015759474844559607,0.0,-0.0,0.042183040265253456,-0.0,-0.0,-0.0,-0.0,-0.0,0.0,0.0,0.0,-0.0,-0.0,0.0,0.0,-0.0,0.0,-0.0,-0.0,-0.0,-0.0,-0.0,0.0,0.0,0.0,-0.0,-0.0,0.000930728571435477,0.0,0.0,-0.0,0.0004759912983410539,0.0,-0.0,0.0,-0.0,-0.0,-0.0,-0.0,0.0,0.0,0.0,-0.0,-0.013954559037084627,0.0,-0.0,0.0,-0.0,-0.0,-0.0,-0.0,-0.0,-0.0,-0.0,-0.0,0.0,0.0,0.0,0.0,-0.0,0.0,-0.0,-0.0,-0.0,-0.0,-0.0,0.0,0.0,0.0,-0.0,0.0,-0.0,-0.0,0.02623532920021356,0.05083384503835197,0.0,0.0,-0.0,0.0,0.0,-0.0,-0.0,-0.0,-0.0,-0.0,0.0,0.0,0.0,0.0,-0.0,0.21233848877608916,2025-12-22,3,21
-0.0,-0.016505897224336562,-0.0,-0.0,0.0,0.007364246437468726,0.0,-0.0,0.0,-0.0,0.0,0.0,-0.0,0.0,-0.037060607810824965,-0.0,-0.0,-0.0,-0.0,0.006211028830271372,0.0,0.0,-0.0,0.0,-0.0,-0.0,-0.050334989269169336,-0.13496973179810548,-0.02699939204813499,-0.0,0.0,0.0,-0.0,-0.0,-0.0,-0.0,-0.0,0.0,0.0,0.04891369338260278,0.001103967728752641,0.01094251145954194,-0.0,0.130526351360938,-0.0,-0.0,-0.0,-0.0,0.0,0.0,0.0,0.0,0.0,0.0,-0.0,-0.0,-0.0,-0.0,-0.0,-0.0,0.0,0.0,-0.0,0.0,0.0,0.0,-0.0,0.0,-0.0,-0.0,0.0,-0.011584849336935247,0.0,0.0,-0.0,0.0,-0.0,-0.0,-0.0,-0.0,-0.0,0.0,0.0,0.0030971388639350252,0.0015759474844559607,0.0,-0.0,0.042183040265253456,-0.0,-0.0,-0.0,-0.0,-0.0,0.0,0.0,0.0,-0.0,-0.0,0.0,0.0,-0.0,0.0,-0.0,-0.0,-0.0,-0.0,-0.0,0.0,0.0,0.0,-0.0,-0.0,0.000930728571435477,0.0,0.0,-0.0,0.0004759912983410539,0.0,-0.0,0.0,-0.0,-0.0,-0.0,-0.0,0.0,0.0,0.0,-0.0,-0.013954559037084627,0.0,-0.0,0.0,-0.0,-0.0,-0.0,-0.0,-0.0,-0.0,-0.0,-0.0,0.0,0.0,0.0,0.0,-0.0,0.0,-0.0,-0.0,-0.0,-0.0,-0.0,0.0,0.0,0.0,-0.0,0.0,-0.0,-0.0,0.02623532920021356,0.05083384503835197,0.0,0.0,-0.0,0.0,0.0,-0.0,-0.0,-0.0,-0.0,-0.0,0.0,0.0,0.0,0.0,-0.0,0.21233848877608916,2025-12-23,3,21
-0.0,-0.016505897224336562,-0.0,-0.0,0.0,0.007364246437468726,0.0,-0.0,0.0,-0.0,0.0,0.0,-0.0,0.0,-0.037060607810824965,-0.0,-0.0,-0.0,-0.0,0.006211028830271372,0.0,0.0,-0.0,0.0,-0.0,-0.0,-0.050334989269169336,-0.13496973179810548,-0.02699939204813499,-0.0,0.0,0.0,-0.0,-0.0,-0.0,-0.0,-0.0,0.0,0.0,0.04891369338260278,0.001103967728752641,0.01094251145954194,-0.0,0.130526351360938,-0.0,-0.0,-0.0,-0.0,0.0,0.0,0.0,0.0,0.0,0.0,-0.0,-0.0,-0.0,-0.0,-0.0,-0.0,0.0,0.0,-0.0,0.0,0.0,0.0,-0.0,0.0,-0.0,-0.0,0.0,-0.011584849336935247,0.0,0.0,-0.0,0.0,-0.0,-0.0,-0.0,-0.0,-0.0,0.0,0.0,0.0030971388639350252,0.0015759474844559607,0.0,-0.0,0.042183040265253456,-0.0,-0.0,-0.0,-0.0,-0.0,0.0,0.0,0.0,-0.0,-0.0,0.0,0.0,-0.0,0.0,-0.0,-0.0,-0.0,-0.0,-0.0,0.0,0.0,0.0,-0.0,-0.0,0.000930728571435477,0.0,0.0,-0.0,0.0004759912983410539,0.0,-0.0,0.0,-0.0,-0.0,-0.0,-0.0,0.0,0.0,0.0,-0.0,-0.013954559037084627,0.0,-0.0,0.0,-0.0,-0.0,-0.0,-0.0,-0.0,-0.0,-0.0,-0.0,0.0,0.0,0.0,0.0,-0.0,0.0,-0.0,-0.0,-0.0,-0.0,-0.0,0.0,0.0,0.0,-0.0,0.0,-0.0,-0.0,0.02623532920021356,0.05083384503835197,0.0,0.0,-0.0,0.0,0.0,-0.0,-0.0,-0.0,-0.0,-0.0,0.0,0.0,0.0,0.0,-0.0,0.21233848877608916,2025-12-24,3,21
