day,EMA10,EMA30,EMA200,RSI14,MOM10,ROC10,ATR14,BB_WIDTH,OBV,STOCH_K
2021-01-01,,,,,,,,,,
2021-01-02,29296.354387762487,29264.66103194944,29221.71554595099,58.50797809002136,54.849999999998545,0.001873494543809917,45.13071428571415,0.002742606621043147,2877.3698330000016,93.49887133182779
2021-01-03,32007.871277289945,31988.94230766016,31425.5440576636,46.58748541474387,282.3700000000026,0.008852845313324975,202.51928571428522,0.01912447425184253,18687.87900700001,88.14975569186004
2021-01-04,33185.15380616491,33291.43241075901,33306.349824182274,49.99206768905353,-105.30999999999767,-0.003181055877356398,228.41285714285758,0.025448498038113436,20526.61415299998,40.005000000000294
2021-01-05,31740.9544688641,31492.458572472347,31560.799022320603,74.79584379269792,755.3600000000006,0.024184405451224356,186.77428571428598,0.03502994868541551,10754.013035,95.19869240984787
2021-01-06,33959.04014642746,33945.83448869331,32816.1580756358,38.82643517425503,-183.9300000000003,-0.005388554222162112,200.05214285714257,0.020597725904288097,20638.318535000006,47.17676521081684
2021-01-07,36527.15508187765,36230.274449526114,35125.67584184536,67.5502195422512,414.41999999999825,0.011399276136888181,213.71571428571355,0.026309699605354873,28955.939193000046,82.84499388944448
2021-01-08,39238.44516238515,39287.695458543,38469.7442508936,44.469496021220145,332.27999999999884,0.008498209718670102,390.53428571428594,0.034095784293439145,35431.694984000016,66.85828355296721
2021-01-09,40672.36673243104,40450.70075170158,40153.62694627472,46.58913777232266,79.36999999999534,0.0019595866425170527,213.59857142857072,0.020267651080067804,40668.577463000016,24.798203427892826
2021-01-10,40205.4001775708,40322.11202285736,40428.73226727991,41.838969181477054,-199.23999999999796,-0.004945459455622081,144.4699999999991,0.009399411864313655,37373.37532600004,32.77309195638719
2021-01-11,38336.09859476273,38286.34629361606,38959.28176894732,39.80051951707166,-200.92000000000553,-0.00523898501575204,246.10714285714286,0.023259289184553396,28469.760433000018,28.2875526840802
2021-01-12,35185.11985465641,34587.857906238765,33978.451017170824,70.61397944944804,717.2000000000044,0.020676173132103015,338.7614285714283,0.04828786860673296,23452.493564000015,85.23629620752935
2021-01-13,33805.11071676344,33980.25993936589,34511.397339610245,52.229869852490296,722.7799999999988,0.02168657057661827,422.5499999999998,0.044069913648622366,9996.210710000014,90.02391527160931
2021-01-14,37271.795980304705,37089.77567962239,35523.589224057,56.71613329428656,-29.510000000002037,-0.0007890186570427282,225.78714285714264,0.01570351971605169,13700.69373600002,63.513074410410844
2021-01-15,39040.52155747502,38972.25808115956,38756.463236947005,60.57185234014499,227.9100000000035,0.005856371280217543,215.70071428571464,0.02294805240016396,18494.49903500002,68.81617905354561
2021-01-16,36679.322662466344,36438.730374221035,36760.645483911176,55.58920704845821,264.1600000000035,0.007241613177893846,186.52142857142877,0.018726367745479842,16283.225519000012,70.05217962940154
2021-01-17,36152.2806723961,36148.163897348844,36675.286122780824,45.317003936028655,-212.41999999999825,-0.005866756519385508,183.52357142857156,0.01585478571698721,18793.792383000033,16.375862068966068
2021-01-18,36081.437956072245,36217.43732151793,35859.56744612299,33.82746564553091,-431.3899999999994,-0.011897131825703289,220.98714285714127,0.024218829873804342,19714.956091000015,35.39291944136651
2021-01-19,36576.9557271278,36409.44588709649,36156.259884943516,64.65703425337992,123.48999999999796,0.0033825666748292793,125.76857142857158,0.018054315314833782,21283.848009000005,71.08115043723701
2021-01-20,36240.330100871135,36406.308971462546,36722.97313450877,14.791843812000948,-595.5900000000038,-0.016323312251898536,156.7635714285721,0.022349396724470755,21187.869123999993,5.235446056030219
2021-01-21,35456.07101888736,35209.24015028771,35080.957666277165,67.77890227291746,613.9500000000044,0.01761476639310877,176.1364285714288,0.034364114750625396,19177.741589999994,76.85088514358524
2021-01-22,30987.57561199725,31121.46170868388,32222.25776801675,50.84491561871645,-278.90999999999985,-0.008959800880463997,347.02071428571435,0.041092655846052845,1235.8155960000167,27.272269246271772
2021-01-23,32966.878921400705,33127.6060641252,32561.87852771408,40.34024604569425,60.94999999999709,0.0018534725774246308,222.90357142857076,0.027474078242383092,-324.7076609999838,52.51750967166631
2021-01-24,32026.484786290315,32084.468514495842,32204.283966217026,49.56858965533064,102.27999999999884,0.003198676996170713,135.3157142857139,0.012000547454289315,-4753.270301999982,69.8986808301825
2021-01-25,32194.283694166345,32042.97644193648,32032.462922094415,52.375634517766514,76.09000000000015,0.0023642322024646223,133.74357142857065,0.0167870847367187,-4864.967469999989,69.02549911049661
2021-01-26,32398.31811775018,32540.276043764126,33230.01887161452,42.43595133290467,-207.1899999999987,-0.006382659522589762,199.2535714285719,0.015471827584609727,-3477.3189529999872,11.762083110398137
2021-01-27,32545.313480517656,32409.200638649636,32107.85124043983,56.04317989588694,-187.14999999999782,-0.0057311425047128495,157.09428571428649,0.02686844670058455,-9192.879768999992,34.010985817251886
2021-01-28,30337.697404671955,30533.365323968254,30831.208189683664,43.55680917525296,-86.09999999999854,-0.002827377287392463,222.19642857142858,0.027871986024593162,-20136.330033999973,43.84974335044343
2021-01-29,33391.44264542058,33281.47066343624,32259.335232863956,52.54861946606162,-81.59999999999854,-0.0024397200779991968,175.97571428571504,0.01793479173611588,-12691.40201099994,44.70566505712541
2021-01-30,34192.73472425938,34384.298985542264,35033.22457196394,43.95477638397652,274.6100000000006,0.008082091755183374,305.6421428571427,0.040532242574807024,-13721.56221099993,58.73280932577412
2021-01-31,34320.29988269639,34382.785488201844,34223.59598984765,30.858730768362108,-203.29000000000087,-0.0058982474699104115,122.68285714285905,0.01813242943710465,-16783.41788299995,21.132221791391647
2021-02-01,33105.84254909129,32985.56903115891,33162.1981424975,56.3069821119448,-59.07999999999447,-0.001782091369284311,125.60642857142842,0.01211744429975417,-18694.875776999947,54.232848935451926
2021-02-02,33545.10119466493,33622.80608662245,33698.35197510719,42.44382201285904,-137.98999999999796,-0.004098993713232524,102.10928571428511,0.008949880201688253,-15493.767326999961,28.350729450836543
2021-02-03,35567.958879673984,35599.75643426447,35063.087952421985,42.10083697088606,-124.18000000000029,-0.003489141179002675,125.60000000000011,0.00842386175275391,-8088.368040999945,0.08450704225280378
2021-02-04,37491.36100161984,37370.83422181875,36753.38411267836,65.341081700852,304.5400000000009,0.008161475765476656,129.27499999999887,0.012102279982360117,-3986.6963659999465,89.82112535181895
2021-02-05,37077.9592217634,37213.958504862596,37279.91294524224,36.092863365590674,-321.3999999999942,-0.008626321391934866,155.25142857142887,0.013047686351297633,-3276.5629879999465,17.553693323715105
2021-02-06,38012.08542559192,37898.034438518844,37725.177126604605,80.46279952607833,321.5400000000009,0.008468554361882319,91.73142857142946,0.012263045978136409,1075.7943630000527,96.68076222155346
2021-02-07,39363.31131070454,39701.250616006866,39871.32852720822,12.232534158288914,-514.0599999999977,-0.0129482884562101,215.42214285714206,0.04463832784103778,2168.3026260000506,13.72508192862715
2021-02-08,38885.122842661134,38720.52902675107,38593.08589182129,66.7376754228141,-78.11000000000058,-0.002009322474262887,133.26857142857156,0.024573333066235326,-1805.1872869999488,45.5250905328513
2021-02-09,45962.818527085925,45198.0146828872,42643.06522416363,75.01560416489362,1344.6600000000035,0.029861286456358993,423.2728571428571,0.06400676362756133,18530.300091000056,81.34437192096344
2021-02-10,46506.58802416723,46682.96119771542,46476.53534253485,34.59045037395087,85.38999999999942,0.0018428821563296616,204.4471428571425,0.017225866727066413,21655.498521000067,31.354221834160636
2021-02-11,45002.98584691418,45007.165102933235,45334.256908346695,42.23009221396015,-269.0400000000009,-0.005968504293356491,158.1800000000003,0.011889788745205711,21547.120895000036,6.827112873726377
2021-02-12,47789.22471252909,47604.83009094086,46980.96941704557,68.18931253932722,217.45999999999913,0.0045539406161621,218.51499999999993,0.01798337583588431,26377.789157000047,75.749712545449
2021-02-13,47457.45892271893,47570.94347620643,47481.194875391775,36.496406338229484,-397.3600000000006,-0.00833302575906536,176.53999999999982,0.015777343935852745,21400.472190000062,18.54545454545434
2021-02-14,47133.00665596868,47084.30231514193,47077.46765072267,59.17952941510588,-109.72000000000116,-0.002321457550354511,121.30999999999923,0.008303117978578141,18085.735277000073,52.24401867023651
2021-02-15,48780.12241866854,48876.39591692578,48697.28584232152,19.445972585155516,-347.9300000000003,-0.007111392535459893,151.06142857142964,0.014952319569348338,21080.425400000066,10.922164408913714
2021-02-16,48082.030632576,48207.00020471631,48150.484019999465,37.845282803057785,-489.83000000000175,-0.010120260085911603,164.4357142857147,0.013350978452613972,17524.867006000066,16.236310498763487
2021-02-17,49112.737616693856,48925.05002877741,48776.82245276197,60.26253088210729,148.39999999999418,0.003029495733902321,155.90714285714162,0.01565670040207624,25308.899510000076,61.82359109420269
2021-02-18,52177.68951492345,52177.57158120968,51388.2433611166,55.051049104376695,-29.139999999999418,-0.0005587850930557359,149.8485714285733,0.008263345966093665,31798.037234000083,44.870168483647696
2021-02-19,51636.39772668564,51759.49314875675,51827.110890495045,37.453559136599,-168.70000000000437,-0.003261712292614516,144.144285714286,0.00790895650876521,29542.25283200008,10.377335509487791
2021-02-20,55733.41772226649,55623.847390244395,54130.73191062474,65.77784632692521,221.22000000000116,0.003972719296008842,175.2878571428581,0.008768106253043317,41842.68338400013,92.90322580645162
2021-02-21,55775.36239977904,55932.671089300355,56257.77627013398,64.32808993620765,198.90000000000146,0.003574619232961096,325.89214285714326,0.022745786174160326,37172.705892000115,69.23941682768326
2021-02-22,57406.72555600957,57446.241026275646,57307.847203669946,64.76262530735809,-33.23999999999796,-0.0005786725731657949,147.4464285714291,0.010300294551100974,40734.00961100015,62.96704417916496
2021-02-23,53977.49306824191,54029.846175352635,54182.03569113582,49.480486668719465,15.769999999996799,0.0002916487121775724,299.12642857142833,0.022283461501389407,33882.06136900016,73.89655487526267
2021-02-24,48521.045056912844,48275.0175311429,48423.05747870775,62.13084668419238,351.59999999999854,0.007243600044499976,316.7500000000005,0.01901718383621389,23966.326580000197,94.12407593879722
2021-02-25,49434.94371149892,49095.762605562304,49387.30943891361,78.04961476779529,274.4599999999991,0.005555674759633922,271.07071428571464,0.032491856841967516,28224.705796000202,93.37299558447586
2021-02-26,47562.171695345125,48078.49592377026,49474.640100375174,29.756388245295355,-817.8699999999953,-0.017077525077466515,466.50071428571545,0.042515174462225934,23136.054885000198,21.634724765175868
2021-02-27,46139.53096646934,46097.92984619029,46784.41484982192,68.66202961485547,232.4100000000035,0.005047512773523666,252.91928571428747,0.02208468167739816,12276.365834000206,84.41203535874656
2021-02-28,45849.48637788015,46140.93119753006,46874.31767193897,44.109759782444485,442.48999999999796,0.00969014062299478,379.8078571428575,0.04225688306419791,11131.442418000186,72.70343794354221
2021-03-01,45222.25272621429,45154.49729434087,44713.31680439561,49.727586096104616,-626.429999999993,-0.013688841571702581,244.56500000000128,0.02636415820522946,5793.128182000178,26.706930563476718
2021-03-02,49516.8178103613,49203.42468554989,48133.34863057994,69.78880353325329,389.6599999999962,0.007920342083326704,211.38142857142935,0.02139669945790023,11188.265090000172,76.39883720930219
2021-03-03,48225.81581336835,47967.117138502035,48169.83463238865,68.58366676074573,184.79000000000087,0.0038293794784716173,213.2528571428572,0.021657469056526248,6012.050722000181,94.06070088374467
2021-03-04,50648.3661064751,50763.74135605727,50675.79290706417,41.59368740048291,-422.54999999999563,-0.008322513704425494,198.32285714285743,0.015820789232162624,9663.617325000174,6.237214817131526
2021-03-05,48434.512165702385,48322.006835516906,48928.477814908176,52.278294019537626,197.8599999999933,0.004107004636933809,171.58428571428522,0.013588449110566793,5408.735846000175,49.11170196694494
2021-03-06,48834.35151165072,48925.639101470864,48321.97677778327,24.664708136415157,-145.84000000000378,-0.002982562521026133,169.7935714285725,0.01407101243514578,3063.0530080001754,27.57626249679596
2021-03-07,48937.31886011982,48824.70730882865,48358.089934430696,48.03884191877273,-79.31000000000495,-0.0016198438324309672,132.48785714285728,0.009439095056966478,2748.4854580001747,24.507158502903586
2021-03-08,51028.51980694734,50696.70178966733,50330.30976758585,61.37929778333643,97.52999999999884,0.0019170809891533303,189.13642857142779,0.024728801365703854,4955.045970000174,50.794744910032016
2021-03-09,52062.549787417,51815.37514513518,51041.88942755009,86.58747772285577,586.1399999999994,0.01131784086320975,163.3921428571422,0.020757503645047307,8121.231508000177,97.00584516282946
2021-03-10,54697.30416180722,54541.7791749598,54012.25667746206,66.23061566582737,222.86000000000058,0.004077082209754446,166.8792857142871,0.014374307723582431,17987.892508000175,97.50005952239233
2021-03-11,56117.238268328794,56360.09512848203,55929.417697115074,22.345206124348906,-407.320000000007,-0.007240097612982721,343.1614285714277,0.028496482972408265,13168.232205000186,4.290621179483906
2021-03-12,57818.75178294481,57752.73027934038,56835.01164697011,58.76402221073238,-151.57999999999447,-0.002616843856355633,221.89428571428653,0.009047025247937195,11567.835274000192,40.65979056767266
2021-03-13,57313.07864311795,57198.44804072247,56899.95768168222,47.746291365538156,-20.909999999996217,-0.00036528719941752996,164.93928571428478,0.006051546353614949,7360.2157130002015,35.5609586662036
2021-03-14,61269.60947372569,61179.968714773044,59867.79775659837,55.60776671564727,23.659999999996217,0.00038682423677816047,169.3192857142853,0.009014445481918031,20460.550353000195,37.910403270451305
2021-03-15,59811.090662369774,60022.95195072145,60150.817441216815,22.86422877622084,-1411.75,-0.0233810632185526,272.0971428571424,0.02664347145056059,17904.150507000188,0.08579984522374327
2021-03-16,56050.258860837755,56280.69365613716,56883.38874407333,38.206042109082375,-721.560000000005,-0.012810252178538262,208.57785714285586,0.020464820120315787,12672.700343000179,6.0088105726869685
2021-03-17,56503.46662284123,56411.6744543779,55849.298987679926,65.75119456681813,499.7300000000032,0.008860300753426253,173.41285714285706,0.01292463496242449,10555.608244000197,95.67541414187949
2021-03-18,58633.70481222988,58446.60938260672,56758.96845973271,62.00759168485873,347.8199999999997,0.00593902687861303,204.75785714285772,0.009606422690636674,11074.765899000207,91.65856293895166
2021-03-19,57759.53279857215,57806.64552772508,58150.200268671164,44.80480979691366,-135.91999999999825,-0.0023522049671812484,209.31499999999974,0.00809854471028224,8384.553686000201,43.08477110482483
2021-03-20,58190.21308044072,58347.23201399517,58485.294100494524,39.10314521988844,-234.15999999999622,-0.004018936509350368,175.73357142857276,0.010793202095564098,9760.989287000206,5.450318737400702
2021-03-21,58270.524356239715,58449.621694770714,58798.133692992225,37.97996193887842,-242.26000000000204,-0.004152230868561202,203.48642857142892,0.011080395906648485,10579.738629000212,18.862379698881693
2021-03-22,57470.26865838695,57583.07806790297,57433.125110206194,38.62483775997966,-175.47000000000116,-0.0030502183060728827,214.70642857142906,0.01077339181702256,8660.172919000208,33.71948634078352
2021-03-23,54391.42261066925,54573.50729159733,56148.50150466699,39.95372580704389,-750.8199999999997,-0.01369258200239376,247.83214285714297,0.014184162400493892,-44.46701599978911,2.866336267475407
2021-03-24,54529.195846522845,54613.16017148597,54910.53408643592,37.900542812116846,-295.6100000000006,-0.005410485664345321,188.20999999999964,0.009925136282612015,-2264.4384729997882,7.933186063636386
2021-03-25,52601.11625144292,52943.02888806081,54798.026661846314,45.916177229090046,-456.16999999999825,-0.008646162932322343,316.7992857142859,0.01377520667596546,-10788.57307399979,19.491216303670083
2021-03-26,51539.972859564004,51847.43641173117,52123.530939679134,38.489928292390104,-749.739999999998,-0.014406020192331281,303.3064285714286,0.028277223373479748,-15958.719669999791,4.938889189335199
2021-03-27,54763.6064341804,54549.43189030013,53652.908920060625,80.99946497654128,619.439999999995,0.011385477560900581,157.45999999999964,0.01358139266206017,-8893.585041999797,93.87428659176379
2021-03-28,56001.06993875148,56066.37030492768,55418.49363761043,29.08478285411597,-440.23999999999796,-0.007825462188249754,161.06142857142808,0.010451434801301293,-7130.893068999789,12.273239436619637
2021-03-29,55693.195683716855,55504.74828946903,55611.04625760611,63.576874587260406,252.9699999999939,0.004555993679204784,132.88428571428605,0.010326223236859835,-8224.459397999794,77.34083191850529
2021-03-30,57622.682027399554,57616.95671202859,57356.281690346295,46.12932477026497,-7.739999999997963,-0.00013427427098522404,145.80071428571424,0.007469603932610638,-2279.4336059997945,62.97675804529277
2021-03-31,58673.986265117404,58690.90677772911,58574.25225972178,57.46185852981968,105.33999999999651,0.0017963470411517246,107.28214285714213,0.005209618987764127,-918.7598019997924,90.18299336858927
2021-04-01,58755.949291085235,58788.84788744236,58778.63194266936,47.346836290592854,78.27000000000407,0.0013342474925965853,133.26785714285612,0.00404455809521845,1091.9692120002069,56.46114864864993
2021-04-02,58825.683328337305,58846.800958651584,58819.188374735524,32.84546010394399,-260.3999999999942,-0.004414993072326401,93.76642857142828,0.005462308792465278,-1634.4925819997936,5.528209011738638
2021-04-03,58978.1045905475,58908.739039662585,59092.78140058407,55.41525432906306,91.45000000000437,0.0015537247258512465,112.06857142857292,0.007662701057269215,-5647.400250999795,44.54157474795402
2021-04-04,57271.44274851902,57540.700540798935,58508.15171660669,34.727826780464156,-619.7200000000012,-0.010745659133099328,202.34571428571402,0.017153238977341063,-13363.140719999796,18.68913043478286
2021-04-05,58171.63961217211,58118.472013182836,57966.2415638375,65.48165137614691,23.459999999999127,0.00040324140082548254,78.16214285714211,0.0026154292689017887,-12047.444490999795,53.36030461684977
2021-04-06,58788.92301249559,58773.517112814385,58475.6963000625,60.79987414567656,452.47000000000116,0.007711130259083987,144.13642857142779,0.008659348767148108,-11621.022256999795,99.99832467750008
2021-04-07,58033.823527607536,58010.259170481564,58223.99935795178,54.206833712983894,-6.869999999995343,-0.00011845231957907654,87.30642857142915,0.005726976732863165,-17250.704039999782,48.028186052139134
2021-04-08,56255.574906698326,56303.94113766503,56617.21678533374,16.305820281864186,-551.7300000000032,-0.009764237544239385,123.67142857142971,0.010798714075902483,-22564.629458999774,12.52818629188899
2021-04-09,57972.91027332864,57868.93145037963,57487.158899452115,65.19451414094682,20.18000000000029,0.0003475874023852743,102.60285714285679,0.005804350794233483,-19426.93768799976,94.11589654799263
2021-04-10,58100.25127766122,58158.8559333262,58217.20533736872,52.70090792309839,184.63999999999942,0.003185760698714013,97.93071428571577,0.005256445544096595,-20360.842844999745,87.3896390547915
2021-04-11,59625.863733387836,59445.84919020661,59723.686065182985,73.1047433579081,390.25,0.006572202102835156,154.125,0.015260732058682799,-9746.140501999753,91.18958573072494
2021-04-12,59975.20104984879,59883.22258631514,59758.91178827143,50.45517514347929,37.55000000000291,0.0006261998689900405,134.44785714285743,0.005007057212647442,-8988.907510999748,65.42083816822746
2021-04-13,59928.02061853728,59955.53873465728,60032.42751966615,39.92637532783559,-144.38999999999942,-0.00240632393729856,80.22000000000064,0.004213962869413876,-12609.743951999746,0.3901386237247112
2021-04-14,63424.7140369875,63273.96260280353,62675.94618403887,68.65810071031082,319.3600000000006,0.005048719766332255,119.4307142857142,0.009356715456116512,-4638.5149459997465,82.69896193771636
2021-04-15,62839.03269626018,62765.96816399659,63007.52149155001,53.310266817486045,52.36000000000058,0.0008323375538910049,152.2492857142861,0.0065617398626523545,-11471.85910099976,78.66226841766775
2021-04-16,63167.29531722444,63236.48584847827,62982.86788139126,43.84446117320083,-160.8599999999933,-0.002540395863352307,122.59214285714344,0.005897371612964879,-8658.30237299976,52.151723771299224
2021-04-17,61497.09741701433,61618.25511036534,61623.21570578997,26.474596720139687,-170.47999999999593,-0.002771794551622131,122.00857142857265,0.009997623326497347,-10004.28916499977,0.3947281857860359
2021-04-18,60244.6051672173,60454.514986939925,60867.51647147378,26.403925778254973,-703.7199999999939,-0.011591428022687311,161.59642857142794,0.015926648648322515,-15468.388730999779,4.394972381648527
2021-04-19,56264.496644564984,56252.56482527249,56040.35628335711,35.79629617651047,-445.1599999999962,-0.007865688891825817,180.16357142857098,0.01108717972480774,-20418.016810999776,22.77735897477052
2021-04-20,55739.82577700217,55888.07792882974,56008.29983769664,41.082216968741875,-447.72000000000116,-0.007983472436050354,226.39357142857156,0.015309399005104755,-26691.669103999775,15.065175211282575
2021-04-21,56399.56770777497,56470.549743008516,56020.326202077034,58.66773815971077,57.220000000001164,0.001015118920773661,169.49928571428453,0.006467421766326548,-30516.428672999755,69.28072134673438
2021-04-22,54007.31158441497,54301.4976258543,55192.44047557473,37.52699060753632,-4.970000000001164,-9.239189033438677e-05,265.69857142857137,0.01814645599196947,-35457.41355199971,31.376338990659736
2021-04-23,51840.20057855167,51907.70297993718,53327.79943868835,55.08933302017157,-430.27999999999884,-0.008255367677361458,269.73500000000007,0.014678801919169983,-48216.81638299964,41.79560104099183
2021-04-24,50880.45107493312,50722.390173479995,50304.52136753117,69.4524582735444,505.1299999999974,0.00997886013851046,167.82499999999916,0.01700976299604681,-46050.55100799963,97.07718501702644
2021-04-25,50233.00962139238,50444.09639510629,50214.380848908775,24.315093755071203,-336.40000000000146,-0.006676690965270127,200.79714285714311,0.017221139477491945,-50455.35169299968,16.964634062377694
2021-04-26,48868.57766302449,48632.57800797829,49380.88746287089,66.58468815519313,533.239999999998,0.010987043390414897,211.81857142857137,0.03018198249574044,-55709.37186099967,84.37090627605023
2021-04-27,53870.14882034054,53702.527711400544,53215.35641025269,68.13228151311634,303.1999999999971,0.0056463728107036815,176.80214285714257,0.011021935134876523,-46999.149558999816,91.98122529644236
2021-04-28,54987.16024666369,55006.44779269026,54724.970978021745,57.83738087918871,122.66999999999825,0.002234861803666721,130.33999999999963,0.006263475878256947,-44299.778079999836,87.80252937022537
2021-04-29,54723.65502418663,54673.6594828109,54698.90627224838,73.97020677388272,229.27999999999884,0.004197964953730482,124.43214285714306,0.008632915227843782,-43892.12996299984,92.97986553862786
2021-04-30,53512.60874331577,53344.9464182074,53533.826084840075,64.5894983139492,214.9800000000032,0.004030369692399782,109.38571428571387,0.01151763854959493,-49236.220307999865,73.10364224441048
2021-05-01,57629.74217774809,57333.88521427321,56099.770597737544,75.50952748008666,364.27999999999884,0.006354091462426492,169.427857142857,0.018952085115579227,-37199.69254299984,72.09449636552407
2021-05-02,57781.337633521915,57698.18967787991,57568.22537295574,62.35516500007191,160.33000000000175,0.0027815733646263663,91.47642857142793,0.007673910585229238,-37593.49437299985,61.30895897292876
2021-05-03,56518.34565363421,56552.10138070747,56759.267276377344,71.04759432891001,152.54000000000087,0.0027033795079438594,89.47928571428669,0.00654673335101977,-40582.41068399984,92.36826788098713
2021-05-04,57200.790809651706,57151.29132725159,57574.8742788684,44.05977360461607,26.540000000000873,0.0004644500580561761,159.26571428571333,0.011318673564477959,-37331.687617999865,49.627100840335956
2021-05-05,53643.52883150558,53926.07260165433,54828.12696288801,31.71922955851123,-868.4099999999962,-0.01606131638394459,251.1800000000003,0.020599742154704035,-48324.74740699987,12.884683261340937
2021-05-06,57276.69410038562,57174.66466826344,56506.853895549175,53.1332864811873,465.5699999999997,0.008172118431736708,215.70928571428573,0.011041396709746859,-37782.91058599987,96.70499215154919
2021-05-07,56482.43809429327,56393.51925833078,56657.172432894076,49.273478313692195,-84.87999999999738,-0.0015028711780186166,184.37571428571442,0.008042036536022854,-43655.382131999904,25.807705837699594
2021-05-08,57263.535314023175,57279.43552057375,57184.66471665048,68.81359555365577,78.13999999999942,0.0013652101338637035,150.68214285714308,0.009329179836601495,-43990.56600699985,83.18428184281846
2021-05-09,58679.06841336236,58729.41832181004,58617.27960700389,64.08037094281347,187.0500000000029,0.0031878994461014276,144.04071428571427,0.008770259351347665,-41864.55617899979,94.1183460076046
2021-05-10,58182.25149020694,58067.12640326144,57817.85300631257,59.90040664684147,124.21999999999389,0.0021374264367060025,166.17857142857142,0.007953379525926072,-49510.52329299982,66.27776835679133
2021-05-11,55827.01262180211,55792.49894216429,56871.93590282565,46.82923692713274,-29.44999999999709,-0.0005273469221114269,279.7821428571421,0.013086836524518029,-55821.31204899982,46.67473645861466
2021-05-12,56542.16781499841,56506.927932949824,56201.33618945601,58.53393949933307,290.3799999999974,0.005150440832896397,145.15499999999935,0.008361484672222154,-55285.58522699988,83.64886974523306
2021-05-13,51134.32195644865,52296.564693447996,54762.67379294336,22.5606677470534,-2895.8600000000006,-0.05513069614626176,756.5435714285715,0.06890110003908317,-70482.30031299991,23.52490334059468
2021-05-14,49402.284378911805,49292.20449040789,49737.969681321665,55.56916834116938,904.1300000000047,0.01853985207981501,349.1585714285705,0.026761066242046085,-77875.75350399985,93.74565325385015
2021-05-15,49946.029946316565,49910.83849110149,50162.363310382556,48.25725471794943,-176.79000000000087,-0.00353451061052934,163.92785714285804,0.00919477424890589,-79546.12116599987,27.982079522119957
2021-05-16,47159.09194965778,47666.573266859035,48430.388248702766,21.489090939535743,-929.010000000002,-0.019479367608823295,360.55428571428587,0.04542076047522714,-88781.05438699992,11.840082884564888
2021-05-17,46023.399422407696,45717.91449416442,46894.27313541321,73.64420601952146,984.260000000002,0.02165720074530375,326.18714285714356,0.023756306714365627,-100751.04693199997,95.57437334039
2021-05-18,43469.507023532446,43521.589608291826,44112.4029598482,65.02969684926366,759.2900000000009,0.017749232971977946,412.90571428571377,0.030388108768220446,-108938.4497879999,77.35714072793417
2021-05-19,42791.48037608983,42867.02374170997,43548.387929658944,45.2833675254933,552.5199999999968,0.013062784681560746,295.2042857142852,0.02707515285496245,-105589.16737799991,64.36643449704349
2021-05-20,37568.14695567451,38190.05921299119,38751.966645890694,8.926781249622664,-1528.7400000000052,-0.03999965462051047,650.1714285714281,0.08649659555493425,-154694.26629699985,3.0775538093609316
2021-05-21,40646.82484561064,40571.664732065125,40166.718823124895,59.44368714311731,-425.02999999999884,-0.010378819716021281,541.3871428571432,0.05589044000769672,-153583.55683799996,33.88502958266545
2021-05-22,37054.29730622056,36723.51179064154,37833.686739740326,61.04007216163583,184.42000000000553,0.004975235778749143,365.8457142857151,0.03180743639301244,-182783.6071979999,83.00000000000017
2021-05-23,37618.628378030844,37714.30162460978,37725.56293229023,45.47894945006866,-365.8799999999974,-0.009675369510104392,184.72000000000065,0.01280277797079638,-186783.1199869997,15.286772486773165
2021-05-24,34616.7237395902,34324.43688304935,34292.10666681921,64.1515361703864,372.91999999999825,0.010877907073410631,327.09642857142796,0.040458973118768754,-200872.43593999962,76.14186851211073
2021-05-25,38593.338148068884,38581.88959625588,37660.48440408337,65.42955639984612,243.54000000000087,0.006317059094357758,248.79071428571478,0.01764953536207646,-184852.6720069995,75.65855112274387
2021-05-26,38231.40761202844,38127.69972076351,37872.047545036046,37.818609798513855,109.97000000000116,0.002877684663644242,176.54071428571427,0.013595039950336871,-193303.12424699942,57.51722459657172
2021-05-27,39125.502614965764,38975.468204789846,38953.51461331565,62.22732798119196,304.4400000000023,0.007818689812152835,190.46357142857127,0.015905481612836912,-187016.72025299937,74.25488624452831
2021-05-28,38519.47228196034,38613.62143323983,38898.89934208098,46.924960724517355,-126.62999999999738,-0.003275765774598427,162.31857142857083,0.019654412210786808,-187490.95654099938,52.66052349866771
2021-05-29,35532.853465834196,35365.419687632886,36148.86182836974,85.09154826424502,510.02999999999884,0.01450867140816281,218.18857142857087,0.03487510881412113,-203726.60480699933,78.12889180427563
2021-05-30,34614.72344862534,34498.31719936223,34735.90035672276,56.34310947227072,262.0699999999997,0.007630940498056571,214.13571428571439,0.022307164014095663,-205421.58056199938,48.60890425896535
2021-05-31,35648.34115782871,35765.158997618055,35698.65767920398,37.56589290668622,35.279999999998836,0.0009908445180151215,120.43714285714357,0.01194136465342841,-200952.1777829995,42.9392097264428
2021-06-01,37260.07930170433,37099.46142418136,36612.28932540656,64.49263439621797,245.73999999999796,0.006640173345975553,138.74285714285725,0.019664868426720758,-189629.36333199946,64.87601529932493
2021-06-02,36646.70144840177,36504.21100270778,36406.46517809601,69.10299959698335,99.29999999999563,0.0027135751721807377,132.9485714285724,0.01739059216322719,-197827.94475799944,79.28100775193731
2021-06-03,37635.08236322323,37659.722241041614,37533.84914825469,62.26707720378632,20.349999999998545,0.0005419681780787222,81.95642857142904,0.009393821346209488,-192036.5246889995,46.96455901329367
2021-06-04,39143.53618542418,39005.272302371624,38680.634913307855,71.43093440798742,220.20999999999913,0.005642564631592073,126.5114285714283,0.01208654615617764,-189042.95846999978,69.1816554945555
2021-06-05,36885.87858093045,36969.489853949664,37058.49420022172,38.40697697413935,-25.55000000000291,-0.0006932658247083001,194.59285714285684,0.020427544491395146,-199274.50256299973,48.400427784893125
2021-06-06,35382.94606520215,35352.70452964687,36048.24675186746,78.18450937224016,129.13999999999942,0.0036496659795399733,137.5378571428581,0.01775783856815376,-204735.50590499968,84.74907832367687
2021-06-07,35701.14854465757,35694.12574794079,35890.640870940944,83.84498456427403,152.6999999999971,0.004284077847333645,102.4921428571423,0.017665637824914694,-203843.51588599972,84.06118636151292
2021-06-08,33724.99239473254,34037.49726451077,35343.95785580357,27.71251907426253,-614.8700000000026,-0.017995671930708834,201.56357142857192,0.026377747083059882,-216187.40928899992,28.635024920706847
2021-06-09,33436.04804182499,33425.9304451255,33023.193731714964,48.926608733317046,-208.81000000000495,-0.0062165037889683195,128.62928571428554,0.010124272309024997,-212037.0557759997,27.432590855801713
2021-06-10,37341.21213059919,37063.22353197754,35729.10774491959,64.95776459240653,211.52000000000407,0.005689611160589969,155.23357142857017,0.018033488635946344,-189889.1198449998,74.47067624697755
2021-06-11,36801.19927572371,36734.867739642956,36777.224212309215,45.4244427078507,-174.6800000000003,-0.004740247052949176,130.4228571428565,0.00857798043586086,-202864.899628,22.675043596664704
2021-06-12,37204.69599782049,37184.700613261666,37075.764424224406,45.47176435804589,95.34000000000378,0.0025603813877945747,148.00642857142833,0.013136635951301165,-202570.45459000027,78.13349320543607
2021-06-13,35646.164682639115,35727.73376518434,35782.05439673781,46.654378135654476,-210.8399999999965,-0.005896476069687018,98.48714285714388,0.010879629325538539,-215815.6814640005,28.074365040396717
2021-06-14,38908.642240765104,38825.00137933643,37276.07198167784,63.19829483714603,245.95999999999913,0.0063433262126944,112.06499999999973,0.008395326394507305,-198658.6032270006,65.3358976059422
2021-06-15,40419.44202013947,40270.46217322969,39806.950015625946,64.16189232454278,355.6900000000023,0.008856690388091781,116.6071428571439,0.013697818809748963,-198308.1486480004,82.7790380252986
2021-06-16,40211.63868911148,40157.25840074857,40157.15491276736,48.98346049950219,4.809999999997672,0.00011983289166228595,98.78214285714317,0.007074628388083695,-196673.95234200032,29.828401053066205
2021-06-17,38317.35440297877,38463.05008637782,39027.674990149826,35.48273564865454,-107.93000000000029,-0.0028065155469988445,138.1114285714284,0.01865473991243237,-214275.05939100037,46.60466046604687
2021-06-18,38012.775702650506,37911.550673110614,38302.76967432725,61.834282883329166,-91.05999999999767,-0.002384766615781464,141.0942857142862,0.017239450129690425,-221212.62783200026,68.23841875324776
2021-06-19,35702.70346191291,35614.45102245433,36412.56416633981,64.14501076812607,361.75,0.010202185171282574,144.2871428571416,0.01878303763724434,-232314.24702300006,79.90373044524621
2021-06-20,35569.275934349935,35667.1519266797,35810.134662734745,43.87393767705404,-68.27999999999884,-0.0019205670567056243,134.2350000000011,0.009546517027764538,-236581.97873200008,21.067961165048676
2021-06-21,35608.23143293312,35596.57432394685,35144.19816575096,47.04729982221549,45.79000000000087,0.0012878866929719734,134.62642857142887,0.008176897245190825,-241810.30265400012,48.66159775023576
2021-06-22,31671.598120822175,31784.392932387378,32624.095509907744,52.06142024941024,-35.22999999999956,-0.001113317591618812,239.396428571428,0.02277894344687982,-267869.978199,43.4581880474797
2021-06-23,32376.14085943301,32423.90713062797,32107.91967637574,56.85133829590557,40.330000000001746,0.0012420990580928049,209.58285714285688,0.014006785676603397,-280188.1575449996,56.118992992149614
2021-06-24,33611.02655427485,33482.08306998306,33506.95281901958,65.68218145382562,338.0599999999977,0.010139769004268384,121.81214285714304,0.014823048625109457,-283132.57383200043,85.73808998012471
2021-06-25,34655.407512355414,34694.46005757608,34264.123706707614,48.20970152113082,29.159999999996217,0.0008419489211879405,107.82142857142753,0.007828072078677412,-284062.2453600006,41.029999999998836
2021-06-26,31664.142984985,31716.648819353693,32628.52028348597,58.806764030461736,86.36999999999898,0.002742071897715581,181.56928571428475,0.0220367413397135,-292613.7449480005,42.682758620689754
2021-06-27,31885.175933841805,31691.050740831146,31502.537476890753,75.17768629757194,411.7900000000009,0.012920174724663003,167.14714285714268,0.019684379532094624,-295800.90388600045,97.53209466997902
2021-06-28,34488.9485617412,34021.34665994333,33117.87137510316,73.4031831751887,405.34999999999854,0.01181951066321929,180.6464285714293,0.022027689090213513,-289203.94697900076,91.73853989813183
2021-06-29,34388.30688424977,34399.02344950292,34361.17711919663,53.7445817948306,257.0899999999965,0.007508952093884469,112.73857142857221,0.00967268032975102,-287723.0791800009,98.68288785215337
2021-06-30,35955.58927644534,36025.88749459429,35861.887620576395,39.23194373756562,-135.57999999999447,-0.003761168309091456,112.17714285714257,0.011574251908286235,-277362.0814440006,23.141980597552234
2021-07-01,35035.43700920931,34940.466864310336,34841.87455847858,64.47646155814232,3.9800000000032014,0.00011358116858484202,100.17785714285648,0.011927704187610315,-285954.3018060013,65.41754646495104
2021-07-02,33501.42441177022,33470.23453274942,33561.19278235099,45.130494754800544,70.09000000000378,0.0020963313453727928,107.34857142857072,0.009530749146837481,-292745.19727000134,60.89053903899876
2021-07-03,33738.75136709722,33607.90942099408,33383.549855411584,65.87769609823118,4.0900000000037835,0.0001210687439576752,101.54571428571477,0.013103297188456218,-289339.9130100019,63.61870852888971
2021-07-04,34583.977512939324,34572.88975409588,34468.935965236145,66.14568272511687,257.25999999999476,0.007475908748928672,92.46928571428465,0.013487031681605439,-285611.3550650019,87.71122966544853
2021-07-05,35356.11904722704,35467.75468373451,35398.50949885234,41.16831683168382,-28.650000000001455,-0.0008112663230183115,103.23857142857118,0.015649356425021885,-281136.1830000018,41.88830522532575
2021-07-06,33888.33001425456,33972.47284110388,34035.19604711478,31.30499117864666,-398.1900000000023,-0.011681123715946207,98.46785714285735,0.012918418096365751,-290035.5658990022,4.508095760642607
2021-07-07,34108.90955669235,34042.38880184602,34055.066707849415,60.03875102466617,115.02000000000407,0.003372527011443305,82.07714285714246,0.007522487678029572,-287252.32508200174,71.51094148980121
2021-07-08,33937.625559916945,34102.89653845434,34458.76148383741,33.55140485653094,-76.83999999999651,-0.0022640646619694893,119.88785714285768,0.017226778697316196,-289817.53603400156,21.160503737897063
2021-07-09,32808.403505150825,32759.72091335662,32889.30014039404,70.15603675094631,259.2599999999984,0.007948749787300535,82.65000000000067,0.01559082131990513,-301368.98488400184,93.40551181102295
2021-07-10,33899.10644568337,33854.21660614519,33414.17069234223,34.801093228059045,-162.95999999999913,-0.004795935815216312,60.5307142857143,0.005294305742819488,-294273.05779100157,20.634451140606142
2021-07-11,33576.86841245144,33535.875269822995,33588.827625308004,45.20323351929896,-125.11999999999534,-0.003720710039464059,64.00785714285719,0.0069069386738048475,-297201.28853500204,7.929205201633648
2021-07-12,34276.04158929958,34274.82108098404,33953.60280956865,30.564682296597198,-54.970000000001164,-0.0016019719088091744,63.682857142856975,0.007902972701297107,-294789.885281002,31.586156883284087
2021-07-13,33120.354361813675,33056.103266767335,33348.206037130156,50.12810780034125,84.00999999999476,0.0025455554740803077,74.02642857142824,0.00672373792207536,-301371.498971002,36.3782154083003
2021-07-14,32630.138714777597,32589.790774027766,32717.791889828288,70.43509272467881,118.56000000000131,0.003635559674111999,79.77785714285658,0.008829054807833334,-303018.5998850023,93.73916811091865
2021-07-15,32806.04428154115,32839.89616279993,32687.444922740517,22.622498274670832,-66.7100000000064,-0.0020284777477117544,63.13857142857186,0.010774394524487408,-303698.2522330027,41.2069834306535
2021-07-16,31713.560848688456,31720.967288473803,31851.93252142694,57.8721724542493,144.7400000000016,0.004560857544573471,90.46857142857178,0.011406990844691716,-307646.2391110026,95.43899657924744
2021-07-17,31451.68775170285,31595.570347171222,31766.82043256701,25.4747009109866,-186.13999999999942,-0.0058961020284757915,74.20071428571438,0.016393506129779405,-310592.9445370027,15.779909136799324
2021-07-18,31557.97798324026,31620.584449321508,31639.316334494506,35.61864075885978,-31.9900000000016,-0.001013879917824756,60.84357142857152,0.006458707886890871,-310911.72586900316,22.08338002913821
2021-07-19,31703.90819292022,31657.033771533876,31661.84681773772,72.49125076080301,241.78000000000247,0.007666603882831469,68.75000000000053,0.01237233754238793,-309450.0010210033,75.42943085569577
2021-07-20,30873.80668468459,30849.40162315572,30966.69364850349,44.24051415152656,-47.36999999999898,-0.0015336539426593632,45.517857142857146,0.004621421914568393,-313869.05247000296,24.75046787273884
2021-07-21,29742.716828326396,29708.65969061468,29813.073149139695,77.92850713642727,204.1899999999987,0.006901537746027087,66.94357142857085,0.012619937814445994,-322586.6473830035,74.44871794871757
2021-07-22,32113.090386821666,32018.17291163521,31575.13996061436,60.65790453496158,81.94999999999709,0.002555940636056464,89.4728571428581,0.00707268961462898,-316930.1307450034,64.27259813602112
2021-07-23,32286.843569650126,32257.413822430004,32172.584567151956,62.581987891019814,78.51000000000204,0.002437493247296141,56.49142857142864,0.008006308952773006,-318493.4433940032,63.89878542510192
2021-07-24,33405.0546941999,33089.388317046396,32522.07349074487,81.15830631955298,417.1399999999994,0.01255804641907221,124.86071428571242,0.029524629626965396,-310869.6795580034,97.2972972972967
2021-07-25,34132.11697410584,34046.30586787298,33888.507930376814,73.79888163677595,269.3199999999997,0.007923781996550527,75.1942857142858,0.01231799947245363,-310692.40930000355,92.92649486555335
2021-07-26,35055.12400661682,34781.73539906881,34412.42907430732,85.34387063638025,611.0599999999977,0.01757436591816597,139.7614285714288,0.03219400670808442,-306104.4201730037,98.06740191893978
2021-07-27,37387.88784996223,37507.95200168828,38073.85349786042,49.25165645359858,-142.26000000000204,-0.0038057927450771967,209.08428571428573,0.022517068271976557,-299401.9870410039,12.801388578596992
2021-07-28,39112.0653571696,38805.31934611835,38076.207109571544,62.49753247265989,397.8000000000029,0.01018431354577709,222.4957142857129,0.030774165816929818,-300718.6632400041,90.05118812811146
2021-07-29,39929.70324458704,39935.51679402957,39817.021901753425,66.43206676989041,264.5699999999997,0.006655013622189232,186.59571428571456,0.013159467881879562,-302006.2224750041,69.04267812042482
2021-07-30,40033.879697587545,39896.48191199476,39804.00779264987,61.70761754178384,97.90000000000146,0.0024524920475628154,161.6500000000004,0.01935287704118719,-306967.919544004,41.028869239327946
2021-07-31,41789.0355864437,41359.77961863956,39936.557092682306,80.28625876819498,818.3800000000047,0.01977336903773308,229.88785714285717,0.03099864103941491,-298194.28833500436,89.55805810542284
2021-08-01,41733.44713403279,41752.366208954954,41488.986362678166,29.086614556699686,-430.2699999999968,-0.010270910267090816,120.61428571428561,0.01008157043368259,-300995.1369590042,25.850598456771703
2021-08-02,40001.003921785195,40373.868051620884,41151.30060181122,40.22735491580308,-564.5699999999997,-0.013971043313278031,233.14428571428547,0.028024017283131274,-303541.74448900484,41.696701132447096
2021-08-03,39277.27936780742,39289.94293757746,39549.6109246866,28.032775255391925,-320.6399999999994,-0.008123955178388043,94.57071428571206,0.00949042930863689,-307467.51880300516,17.131656866424198
2021-08-04,38315.91349514885,38322.62926587154,38380.97992924133,48.69443116634829,-331.0899999999965,-0.008591229363949515,121.07857142857185,0.011942525480740228,-309669.4822200053,24.14171118342144
2021-08-05,39771.3565812392,39774.76789783816,39204.60214181932,56.542296479580585,63.44999999999709,0.0015998596057007486,107.63000000000049,0.010532958481382526,-304855.56880800554,52.033444478124515
2021-08-06,40913.59917953406,40910.86737492876,39938.18605655111,41.95972023587939,-129.86000000000058,-0.0031679104768893573,114.76571428571386,0.008528580470690161,-302617.00133300544,26.074007695957185
2021-08-07,42768.96863990379,42714.09313731651,41938.31605136907,70.1790081189475,156.63000000000466,0.0036698481545558437,92.71214285714242,0.006511119116049069,-298416.8979820058,77.58454388682792
2021-08-08,44389.80797108745,44182.131342995635,43625.68754300915,73.25214372139517,395.0699999999997,0.008942793690992268,140.34642857142794,0.01837644730026983,-293052.3636260056,84.16901618372194
2021-08-09,43919.636772159174,44052.62791579932,44114.975308905785,30.561900075644857,-618.2699999999968,-0.01392103689400126,192.89857142857156,0.02208970933773451,-286560.4231180059,19.597262274589845
2021-08-10,46216.242446197386,46077.88201512094,45506.91556416058,48.29450323371388,-36.58999999999651,-0.0007904516721648491,146.29285714285757,0.014712551547328019,-281697.5696550064,56.03460150417438
2021-08-11,45493.36213314431,45514.19212585593,45482.06577631545,47.799846156880406,208.5,0.004594890437757515,153.89714285714268,0.009981053725676918,-282910.029078006,83.10806012545838
2021-08-12,45652.53808087002,45838.26436900271,46109.496809034696,39.78837298977002,-330.26000000000204,-0.007204426754413018,148.8185714285719,0.007806246407796764,-277068.4943530066,0.08429612733587308
2021-08-13,44358.80747691049,44269.382445454066,44589.64902137894,71.36727026690151,263.75,0.0059759489297104285,128.12357142857218,0.01917227284447594,-283011.9219720071,79.85767008278104
2021-08-14,47696.23591941507,47587.882525355,46628.76099197951,70.91733175682384,267.98999999999796,0.005638095254124398,95.05714285714255,0.007192412173212732,-272393.055901007,88.98615948953397
2021-08-15,47070.10413781773,46989.68236693042,46888.65316390374,62.40912208504821,168.33000000000175,0.0035891120247300012,92.92285714285597,0.008226836293552161,-276602.37985100714,66.19824131789822
2021-08-16,47006.96453185114,46959.87556801952,46461.556492709315,35.50574587374793,-153.16999999999825,-0.0032501545292834555,126.04142857142817,0.00782443166357569,-276659.36007300677,26.525588328288855
2021-08-17,45982.14120338781,46041.88187951997,46470.097340014596,42.91416178059273,-91.87999999999738,-0.001997687917575486,157.7850000000009,0.010922861020602633,-280702.19689500605,35.26060188902898
2021-08-18,44722.13441440224,44819.40968536602,45626.99861939697,40.697061220576344,-58.62000000000262,-0.0013098103724380472,144.32571428571413,0.010016435143048614,-281554.39627200627,35.98809275120117
2021-08-19,44899.32294353302,44877.899543053776,45135.58127568278,45.428517294372675,-194.70999999999913,-0.0043365256124721085,128.6371428571422,0.009905254253805552,-284057.36946300603,4.298331697743171
2021-08-20,46652.58685617924,46598.955289596415,45792.95257947713,64.46416226953349,57.88000000000466,0.0012393277139628456,147.66357142856992,0.011325029054312624,-275062.2252670059,54.82918739635201
2021-08-21,49211.4067117427,49102.51897519775,48215.27545167796,62.199506668338984,170.83000000000175,0.0034755707032358973,125.41214285714159,0.006966763107681399,-264242.38473700616,92.04059211287179
2021-08-22,49014.60205246986,49120.60074138662,49057.73691212912,20.97840458351716,-535.4099999999962,-0.010847639902360817,121.364999999999,0.0140759449304549,-265601.93863700586,2.620753488053361
2021-08-23,49271.19784345036,49054.74392081612,48799.4287514888,59.964682426659,-114.44000000000233,-0.0023187743320354226,129.72499999999854,0.01660405830758839,-266620.982080006,42.56597198340123
2021-08-24,49561.246572801145,49555.21859021901,49641.88920655464,36.41593621888476,-130.3199999999997,-0.0026264042707687674,87.31928571428683,0.005061966498559718,-264243.08974200534,18.94917337992138
2021-08-25,47892.832803987156,48078.74914000516,48554.010648347845,28.69327271196471,-635.6999999999971,-0.013158845292178256,133.00785714285772,0.019324396438327344,-271673.74837000534,9.203049030701926
2021-08-26,48972.292786167374,48934.08972308381,48542.59207160814,60.47406450096926,77.40000000000146,0.001582954160592509,96.29285714285756,0.006333743274312332,-267629.75644200516,54.764349352498385
2021-08-27,47151.618931532576,47172.94775571787,47191.49993515199,34.14422593667423,-267.2199999999939,-0.005672125183263543,128.81857142857137,0.01213590297584585,-271737.20003000536,4.457501249203526
2021-08-28,49017.17078794264,48942.21204546863,48182.67252843708,57.533052934966996,58.9800000000032,0.001203405281924974,83.1271428571433,0.005389519881494306,-265751.91179500514,81.72941696468008
2021-08-29,48811.069011670355,48788.87327189087,48773.90382382736,60.98739730101509,128.7699999999968,0.002640537843744628,66.2721428571427,0.005194646898564514,-265303.7121930054,99.9958633242318
2021-08-30,48927.37807541547,48974.09701692893,48719.26369307026,28.00792439021268,-351.5599999999977,-0.007157255006627672,107.79285714285652,0.012448058976950557,-264200.2646740056,5.829279923701469
2021-08-31,47181.15168492082,47600.8420414819,48056.33948551132,16.979519207285435,-385.9699999999939,-0.008148176608777646,231.10285714285575,0.024608313281695295,-268085.1134240056,11.777878513146282
2021-09-01,47176.494391614135,47105.84939834402,47305.71190698617,52.808425275827645,-24.580000000001746,-0.0005215863099085061,101.05928571428429,0.013850543064960693,-261453.7422140059,30.650568181818016
2021-09-02,48656.38714897765,48544.84065030655,48043.758483801874,79.71312358969169,228.86999999999534,0.004711038015382307,118.92571428571371,0.010172288988078355,-252836.875094006,88.11047111578024
2021-09-03,49365.54578813428,49492.03987069723,49524.03056488445,18.475331233864367,-342.34999999999854,-0.0069037502074552615,85.24785714285774,0.014920019279911854,-251144.27806900613,4.208242109546232
2021-09-04,49859.13169690254,49894.238603846345,50088.605582437456,62.98465740562922,363.9499999999971,0.007332499381990765,126.03285714285656,0.009179595689217957,-246424.72739200608,91.00046651681535
2021-09-05,49916.82814837337,49966.16271171771,50009.05118459816,46.90078273746584,63.05999999999767,0.00126492951819146,94.40142857142824,0.00905266186192576,-248183.159162006,62.37414057153984
2021-09-06,51720.103158428356,51622.82559917986,50711.366132736046,48.6372631326457,-36.94000000000233,-0.0007132125029588599,97.6471428571427,0.005364737617029444,-244243.5572570059,55.72604095774246
2021-09-07,52590.227678403,52409.196226421176,51828.532977288414,62.890085716453,249.0500000000029,0.004751516030285341,118.67857142857247,0.006344300114732604,-244735.5494420059,73.92417572545165
2021-09-08,46823.426843323265,46768.285212070834,48363.87656061401,50.63552802344094,264.1600000000035,0.005668721835845325,210.81142857142913,0.010373711121079472,-259033.84336100597,56.33511113517646
2021-09-09,46202.085524966344,46293.925537209005,46362.66390987423,11.146879726951212,-465.4400000000023,-0.010006503453280025,123.65714285714317,0.01964557187844007,-262168.52710100607,12.294134844287
2021-09-10,46435.77370921901,46454.098923694495,46520.23635206282,44.502296722060386,-193.33000000000175,-0.004149739195127067,101.85500000000009,0.008104060175114764,-261015.38074100603,30.539005901932722
2021-09-11,44764.87567099854,44795.7030340158,45517.02080061883,55.341244898916635,351.15000000000146,0.007891053794447433,162.18428571428635,0.011296220986754146,-265650.7391610059,95.8175205566102
2021-09-12,45115.7295569381,45181.84584401336,45399.449830036836,51.73028064129925,138.5500000000029,0.003076486494768327,105.45928571428625,0.005792010162670186,-266490.64908100583,80.51001821493826
2021-09-13,46100.0461060634,45854.24476106517,45718.12332897018,69.17817868419063,-315.88000000000466,-0.006816408407910868,156.682857142857,0.03301994385042514,-263951.8320610062,54.09032830336086
2021-09-14,44978.25194754903,44983.50962040132,44817.95567936785,47.66067757218218,-102.48999999999796,-0.0022753701888985622,85.86071428571397,0.005110425816296989,-263971.5871410064,45.162405971698945
2021-09-15,47029.57164599722,46932.66681619703,46381.330495762144,51.36054421768694,28.539999999993597,0.00060616384094625,117.75714285714223,0.0067616455922103885,-256839.25613100646,62.21349050425617
2021-09-16,48136.383435583884,48144.94065998487,47797.98088781352,49.74110685226305,-133.57999999999447,-0.0027682111217927075,113.34000000000015,0.009237424745022673,-257786.1211710064,22.818641441735508
2021-09-17,47756.27964823595,47673.08204720064,47742.08375723043,68.7715803452866,2.4400000000023283,5.1115126767697916e-05,79.93428571428532,0.007381682787582325,-258367.41918100635,45.42083500066677
2021-09-18,47214.04470250442,47188.368952894634,47390.45070580864,59.62303883000894,307.8700000000026,0.00655152535180914,116.65428571428492,0.010422258202638607,-258858.81310100626,97.10295611900213
2021-09-19,48179.2740510365,48110.682708927845,48176.75350224298,68.22166668551935,312.8199999999997,0.0065198107875128475,108.29142857142973,0.009450401390446225,-256007.46220100604,83.6738607069041
2021-09-20,47208.090767484675,47253.70020604757,47569.10050514839,55.83302874588784,228.6600000000035,0.004863751776366998,114.91214285714315,0.0074195978836559965,-259247.79853100606,68.12844356909609
2021-09-21,42950.685852329734,43234.4111130939,44102.397173346464,38.95743577019394,-98.18000000000029,-0.002277229100659195,291.97357142857123,0.039800074030394435,-273234.426554006,42.65903810302255
2021-09-22,40573.36733426074,40836.325299153184,42102.256451150286,46.330695067031314,-29.630000000004657,-0.0007268666649823396,318.36857142857116,0.028444276222891914,-284751.66029100603,61.28318845721702
2021-09-23,43538.0068354759,43479.66459129505,42966.56411617099,55.78484051674863,-0.8499999999985448,-1.9520278813800473e-05,89.00214285714277,0.008750034289318968,-278452.17873100593,44.85790748056593
2021-09-24,44817.15070835619,44746.57414148518,44273.15575456638,54.78315488102384,40.270000000004075,0.0008983827994162308,130.50500000000102,0.011125908538843064,-273061.6624410061,71.02991057662736
2021-09-25,42766.28914605531,42803.417020702494,42750.94751378248,42.760632580991995,-40.05999999999767,-0.000934875403232005,139.57857142857134,0.01137224243823323,-281863.1830490065,54.10091311611007
2021-09-26,42696.40316446246,42678.44403286028,42607.23453333781,42.959907922501245,83.58000000000175,0.001962567972525031,80.54357142857096,0.004104459332199646,-282782.9320590071,39.96423586880576
2021-09-27,43134.11210893287,43245.95572043719,43090.862774164765,40.83254220497804,257.88000000000466,0.006010765675703134,207.4978571428572,0.024459022953241438,-281352.697789007,61.79044285496889
2021-09-28,42505.780586747096,42792.078122039224,43192.503386193,17.252167383913815,-953.260000000002,-0.022117088366034765,179.91499999999982,0.03688603626143013,-281721.97108900716,4.343578369243627
2021-09-29,41239.73984432254,41491.72537415705,41797.66737505266,20.148463267397545,-662.9000000000015,-0.01590090919906817,142.25,0.025612387874511425,-284244.1842490075,16.706864116540594
2021-09-30,41458.40312647736,41351.58484385413,41589.00068599956,61.91392999248232,131.72000000000116,0.003182214388286253,81.0221428571427,0.009624615624325967,-280153.51149900764,80.17020079473913
2021-10-01,43785.6469773246,43720.26053190343,43333.517033011325,58.008397499897484,153.0899999999965,0.0035055291828605117,104.08142857142853,0.006906720449013163,-276277.13368900766,75.5161290322576
2021-10-02,48056.72816113034,48058.180528828496,47019.17089764808,66.2420507570238,99.62000000000262,0.0020736026963079635,98.36285714285675,0.0099567939003114,-259904.37478900765,88.5981380023747
2021-10-03,47779.646516616,47942.879438278644,47858.73338824004,26.779573032250028,-526.2200000000012,-0.01092624091798533,135.83857142857025,0.018643580842311155,-261135.78147900742,19.722222222222435
2021-10-04,48160.72768765138,48148.676122234465,48149.706490044824,62.97269653663629,163.42000000000553,0.003401990024687551,110.46785714285632,0.007142275575842293,-259160.74144900733,73.09641255605428
2021-10-05,49230.53327337406,49105.37101330753,48537.456104171295,68.20384467006014,241.94000000000233,0.004939264642835228,151.40142857142823,0.01789987059204746,-256489.13410900714,66.04992040368884
2021-10-06,51513.67610743879,51455.41878102439,50500.71655640159,59.460293735377974,70.52999999999884,0.0013721400131436745,99.63642857142986,0.006267726464165532,-252703.43305900702,50.88869029887718
2021-10-07,55360.311929090305,55241.42763336354,53913.3667090401,60.01948818735085,-6.889999999999418,-0.0001245438288532963,203.9257142857137,0.012520399007951644,-246928.17872600709,36.77325581395349
2021-10-08,53799.338952083024,53919.261941235716,54120.588042203075,42.13620774130334,-57.299999999995634,-0.001064214676430364,116.05785714285854,0.00462221382639823,-252029.8048660072,48.69205932249802
2021-10-09,53934.076211313266,54046.99103152268,54371.08394978501,38.31321680773295,-147.7300000000032,-0.0027307263181166608,122.831428571428,0.009254029903674068,-250458.41549600754,47.20176334605668
2021-10-10,54977.46359066215,54893.79495465109,54796.90884326446,59.70252110492174,44.20999999999913,0.0008052015180262106,88.69000000000077,0.005648141628910598,-249156.3752460075,37.596382398980566
2021-10-11,54690.42657818759,54818.017282171815,55097.75621696324,40.653023423911904,-135.9100000000035,-0.002480339870984394,155.82571428571413,0.008375026471951142,-247568.86111800748,50.8134210567444
2021-10-12,57296.99569090275,57251.600445426,56973.671434445416,63.70416473268934,345.66999999999825,0.006051043943809509,126.41785714285652,0.006055757020626035,-245798.57227100746,93.25882352941142
2021-10-13,56179.97677963237,56112.11489307408,56290.82902501396,30.63496147439986,-452.75,-0.008020417476237274,117.605714285714,0.008006687815223084,-252386.19915100734,9.556185389669196
2021-10-14,57353.51318450113,57347.96854171654,56530.59103437495,41.86678828915698,23.0199999999968,0.0004014370819742652,114.2578571428577,0.006395212891373629,-255743.22071100737,65.77950591626775
2021-10-15,57389.27980736886,57470.05455421285,57464.953597967615,38.889119515131604,-236.18999999999505,-0.004101650923613809,118.81642857142911,0.007826632422613066,-255423.9742920073,30.718782215788607
2021-10-16,61442.42162709251,61442.50593150876,60586.13943283794,61.43376485192395,606.8899999999994,0.009938340009494784,176.98214285714388,0.010414193214685613,-242111.16285400715,85.21352807241585
2021-10-17,60910.27805803335,60867.07882324521,60988.95858288643,45.55637259093312,-31.590000000003783,-0.0005186582332848966,85.06999999999918,0.008543706735139,-247877.15955400706,45.02593481458602
2021-10-18,61419.0287360689,61052.57767650862,60778.55455661387,73.39295947145494,184.45999999999913,0.003006983419859166,178.5421428571421,0.015141095177282514,-249272.49419400707,72.17806274062062
2021-10-19,61947.64746158666,61832.93062420063,61652.32883630234,61.336945531848706,75.09999999999854,0.0012125666467639462,113.25714285714275,0.008826355920975045,-250975.0770340073,67.04411253907462
2021-10-20,64246.05422040879,64124.80753289887,63197.58150473978,70.16400607944995,216.79999999999563,0.0033841269771894833,130.08500000000018,0.010159718617076537,-248051.94861800713,67.07909287603103
2021-10-21,66031.02420812464,66008.78725443389,65510.785217868965,52.8383784580162,-163.06999999999243,-0.002464615455301633,110.83857142856972,0.004189644083872943,-249162.01729000718,43.77294296714166
2021-10-22,62375.64310876632,62542.88073143048,63615.85106327236,38.24510783116944,-269.3099999999977,-0.0043115496892053295,214.7728571428566,0.0135626537924069,-254393.68384000703,27.293409450599334
2021-10-23,60738.606416873336,60719.36445309791,61555.00149073566,46.081369328814226,-88.41999999999825,-0.0014548352788176233,103.1314285714278,0.004679584165549544,-261274.9145700072,30.222807443086115
2021-10-24,61228.48257056265,61166.46750039296,61150.83303159293,69.03067689694066,228.69000000000233,0.0037454514604624567,116.09000000000015,0.00744882072195845,-258730.81007000734,85.83307447850694
2021-10-25,60866.60486095848,60879.66201132983,60662.873850998825,35.038880872214605,1.2099999999991269,1.9884632974864758e-05,95.35571428571451,0.0033612695080467844,-259421.63803000737,33.30400674511465
2021-10-26,63026.10754291027,62970.22215122739,62759.70198790474,57.707771387856475,1.4000000000014552,2.219496117317199e-05,85.14428571428653,0.0063650899482174715,-253667.22257000755,60.01703577512628
2021-10-27,60396.78876290438,60680.09400828761,61905.18071025603,56.48548381607141,-99.65000000000146,-0.001649057414337518,198.0671428571425,0.009658011244855859,-259019.58870000762,64.73448302058745
2021-10-28,58534.00004760217,58629.406423301916,59149.24388664892,46.75198133598662,-324.98999999999796,-0.005532834296047673,158.66214285714264,0.00954020589109676,-267642.440740008,4.366532937961336
2021-10-29,60542.33572877148,60652.79009839626,60601.390909161455,48.75419752431333,185.02999999999884,0.003063874235273323,178.1278571428572,0.006730105388226987,-259029.52991000802,50.70137352314963
2021-10-30,62214.534093918555,62259.306789735194,61869.701475771646,51.02770999565833,38.69999999999709,0.0006220363863960188,99.14785714285712,0.004408098956222087,-260681.44377000813,59.945027486255775
2021-10-31,61689.26460953257,61608.729245817296,61562.800274737485,72.37383848303986,162.5500000000029,0.0026346653561686306,152.50499999999894,0.011128691573374296,-261357.8857700083,92.10638297872386
2021-11-01,61359.974585703014,61311.80000759392,60988.8033856729,44.7137345098505,102.56000000000495,0.001675892572933213,126.437142857142,0.005948866659016406,-262710.59131000814,28.81054526863359
2021-11-02,61044.465153809346,60997.64036433716,61143.96914020436,32.274811339268,-256.3799999999974,-0.004191442218734132,87.80785714285646,0.004194670753619118,-262842.7376700086,9.072404768828653
2021-11-03,63004.24000335054,62998.91351424714,62895.506549837824,62.128196161956346,434.9799999999959,0.006928086815626733,141.74785714285878,0.010407234120661257,-255497.7735300085,96.58343085550965
2021-11-04,62911.42534907872,62888.480475092474,62743.81248936261,51.452683398532066,32.400000000001455,0.0005153976642942038,116.69714285714248,0.004148291275785913,-261105.74894000834,63.60452987632336
2021-11-05,61330.9299855979,61291.23180715748,61521.820931135604,62.50887858905726,176.9800000000032,0.0028909783604602612,105.35857142857223,0.006046315460228847,-266114.99742000847,74.7741036239545
2021-11-06,60968.351988391005,61002.46238793996,61236.79842488794,38.54422456545847,100.77000000000407,0.001656411010851233,101.61142857142737,0.006546657165563611,-268595.14559000835,40.79772930983092
2021-11-07,61391.593572162725,61345.26324486043,61000.662071361345,64.95511572571884,167.19000000000233,0.002727254042270477,59.496428571428886,0.0025795264448975255,-269406.86185000825,99.83151687463818
2021-11-08,62996.44886033219,62862.73489607508,62256.29603229846,73.85369671300934,487.3999999999942,0.0077628535829294965,115.84857142857125,0.008063990514613427,-265540.2962100086,97.65406677452529
2021-11-09,67413.89058542655,66899.10467545694,65881.79328399264,79.44634821927147,732.9700000000012,0.010973777736123402,248.54142857142975,0.03748866224668885,-255419.3806460087,81.69061119421177
2021-11-10,67094.01287742198,67197.33635870178,67188.57708391265,23.947770178857695,-224.55999999999767,-0.003343048659103398,137.03214285714265,0.008484352934525123,-256337.28565800877,30.17368098072036
2021-11-11,64779.51123480913,64988.756268558885,66616.22651685125,53.71650290878979,-163.34999999999854,-0.0025113081894013733,272.1192857142861,0.013195297846027628,-260875.93377000888,60.90962994644091
2021-11-12,64924.37571713482,65002.560420592396,65059.954752551,14.58901265548522,-354.7900000000009,-0.005447492324853531,92.12428571428556,0.009208709792010144,-262924.87587000895,0.04494841148251414
2021-11-13,64039.26242765437,64024.46541788002,63994.99859003061,59.387098056361836,133.19000000000233,0.0020814501983466016,155.55428571428638,0.006652834232019993,-266043.54935000883,62.9683823085744
2021-11-14,64372.43653074265,64321.63735888556,64167.392205460135,52.76645823087181,63.26000000000204,0.0009835697518252307,83.4342857142874,0.003837615536658521,-266471.4309600089,49.04972507769534
2021-11-15,65023.27264095208,64692.130610356464,64354.53636694688,90.64405850508957,947.3699999999953,0.014671590802971979,172.29285714285703,0.01823050971714197,-264245.49813000864,97.40142627860448
2021-11-16,63755.20441935208,63802.520582835954,64467.38737065482,42.14001800208718,-267.5500000000029,-0.0041886962657432525,157.44571428571413,0.0077375335575613656,-269336.24641000933,20.31285681662429
2021-11-17,60288.09098114819,60380.980397598505,60710.65861304132,16.462224548319483,-512.5899999999965,-0.008462566363762636,164.5321428571437,0.015346275783406966,-277986.4260200097,8.58175775157113
2021-11-18,60148.84367123683,60056.80600270708,60062.294351499084,68.58512988752021,382.76000000000204,0.006383364427969607,137.18857142857087,0.012023810666473397,-277989.78589001,78.96733076717037
2021-11-19,56811.141823221085,57071.76083003391,58293.598295034295,49.316316827498824,91.62000000000262,0.0016130281690140968,312.53499999999985,0.0200689966857747,-287430.55438001023,80.9150833656464
2021-11-20,57946.20665476523,57893.90879365961,57640.8928423191,62.84109627101125,134.80999999999767,0.002327623998509498,143.53785714285863,0.00601694121183625,-285920.15136001003,84.24112749430171
2021-11-21,59711.91552968381,59619.939617377364,58841.26403211237,53.437589993364135,-69.36000000000058,-0.0011603150181667132,113.29000000000035,0.00549788538637897,-283139.1418800099,62.24254407645461
2021-11-22,58938.61538769743,59145.55460085072,59183.353591159146,16.564236887496875,-551.760000000002,-0.009324400097475594,163.1642857142859,0.012866327995093045,-285532.1048500097,16.000314708697328
2021-11-23,56357.58873426033,56350.759470579884,57079.498827252406,28.23889739663055,-164.8199999999997,-0.002921718783237659,162.3607142857145,0.010507313497303926,-289230.30344001006,5.895930350273848
2021-11-24,57620.21291355388,57601.45601108933,57212.50953308897,46.352051704164225,7.369999999995343,0.00012809839068794737,130.8614285714284,0.004239924080083933,-285855.8914900101,40.140279322703144
2021-11-25,57107.21119081984,57108.20298737044,56849.37735443435,72.72856893902194,68.5,0.0012002847741334755,114.24142857142735,0.006744360213282929,-284359.95281001006,74.98889266393181
2021-11-26,58954.326106599285,58923.120713425626,58551.787249458706,56.5125456658048,-218.09999999999854,-0.003685462582162513,142.54214285714312,0.009596128777133494,-278505.31857000996,29.30309039028915
2021-11-27,53790.74897670977,53993.562950845735,54856.95503896533,33.39710967701433,-384.3600000000006,-0.007103191243019724,194.38714285714272,0.015876562396106967,-294272.55519001,30.10281797410484
2021-11-28,54611.17324700217,54636.761265950314,54725.87480789915,45.931864809415984,-65.9800000000032,-0.0012043000703999551,134.55857142857036,0.010267675294982062,-294536.0951800099,59.981018664979445
2021-11-29,57080.70199205658,56534.12037559282,54990.865317074466,72.7125807491341,112.5,0.001968077606285812,278.0921428571419,0.033494986970936114,-293004.8294800098,88.2239368879966
2021-11-30,57873.080852505766,58003.83294667695,57622.18019692318,28.703530421955122,-157.20999999999913,-0.002713630430497327,136.02428571428496,0.009708420544108825,-287688.8352100102,21.70285464550351
2021-12-01,57063.19466878948,57187.533181633364,57401.8489041172,41.58870296402077,-179.45000000000437,-0.003141081193579476,188.94714285714352,0.010287012848559415,-290276.78703001025,28.43134292276036
2021-12-02,57123.10107435159,57061.58354584519,57388.6749448542,63.78516390826584,26.239999999997963,0.0004590797096390986,128.28214285714265,0.009483847857113358,-291573.2592900106,77.46330843436805
2021-12-03,56562.481030150986,56682.911556495135,56692.16608928885,34.033728662507215,-361.01000000000204,-0.006351186240298734,143.25214285714432,0.009907535196108623,-293216.32095001056,20.883577765706303
2021-12-04,53630.33873930294,53628.31775128989,55038.412946321245,64.1776660892481,91.28000000000611,0.001705856706168074,181.91785714285703,0.008546092391861656,-300068.7548400106,55.51627266994129
2021-12-05,49057.90753137909,49021.10593312559,48965.52930707403,55.0954889226031,-283.52999999999884,-0.005735294117647061,211.16500000000087,0.015502477629251027,-310732.0030480104,50.53041592280584
2021-12-06,49238.32424364817,49132.17042725637,48997.06790858874,60.40226310375347,-3.680000000000291,-7.449391204572553e-05,199.67285714285805,0.012887637655920955,-315475.4492880098,75.00872600349037
2021-12-07,50442.16476299534,50260.47551955445,49165.2560487069,42.31455691902948,-371.7700000000041,-0.007316335420631814,188.46357142857127,0.01438079256464345,-317536.3412580095,28.44273890632349
2021-12-08,50519.945299259765,50491.180610921176,50768.690245075115,65.596738459303,261.54999999999563,0.0051969702388756644,148.7921428571426,0.011503722858469224,-315109.98570800934,81.79838625482837
2021-12-09,50446.67778903688,50493.60864622981,50365.98655926789,45.57293471647834,71.19000000000233,0.0014125000000000387,166.05857142857036,0.013882344454089273,-316968.5630680092,77.29265402843649
2021-12-10,47889.0625669397,47943.36973245883,48541.638929745044,30.32924977640954,-514.810000000005,-0.010711729407162807,157.6092857142846,0.012989789406206226,-319565.8258380088,5.387790859736433
2021-12-11,47397.95012002974,47678.37303368653,48118.25177628174,30.966776628231216,-533.489999999998,-0.011190369263936684,277.5964285714285,0.02114892909450207,-319570.10282800865,27.90549231617341
2021-12-12,49250.84133053952,49022.58419240281,48623.573988218326,71.05591623788867,286.75999999999476,0.005839941690190198,167.8400000000012,0.019579669469457328,-317032.35654800874,86.16882929225768
2021-12-13,50098.244047871165,50133.54120002029,49818.07159182001,43.089885449037155,-246.09999999999854,-0.004892644135188862,124.46428571428571,0.008184414720284887,-314630.008778008,25.450715265530565
2021-12-14,46786.39652840876,46837.129808873906,47626.633754379356,33.56618931191042,-239.70999999999913,-0.005106464382139353,174.39142857142932,0.013317362338813952,-321364.3928480079,29.282118365243132
2021-12-15,48279.30352498821,48169.20215395582,47458.47036358507,58.155405502685014,65.83999999999651,0.0013637839951745612,118.89857142857207,0.007242770463948114,-319925.2429180085,67.3044418903383
2021-12-16,48816.151773132944,48839.419127043555,48210.652520792,57.03332195467841,11.340000000003783,0.00023212190534827037,119.57785714285794,0.005224322985000149,-321179.72629800835,66.01887321311953
2021-12-17,47672.31995441825,47782.929972781814,48262.2976792187,35.54652257006747,-47.19000000000233,-0.0009897320802180198,131.24714285714228,0.00909849937724875,-322837.60040800844,23.904114524534954
2021-12-18,46310.55000629072,46400.49874046542,46825.891092279315,38.29080536125976,-345.6200000000026,-0.007436395175057231,172.31785714285746,0.012363306147354172,-326197.1574880087,6.914759020900808
2021-12-19,46874.90250435576,46852.4749649073,46765.2319405027,48.77943213296411,-8.419999999998254,-0.00017974975930179493,115.62000000000054,0.006154058906119553,-323948.63401800935,53.94521837870946
2021-12-20,46874.49665518645,46943.43142975265,47055.17213732024,23.090330010062843,-494.7699999999968,-0.010487748007461328,165.17857142857142,0.014743414379635379,-323148.4020680091,8.55052631578981
2021-12-21,46933.52295453947,46924.07545643551,46551.22575207725,48.407643312102174,46.76000000000204,0.0009977084284598092,119.93499999999975,0.005752365370091545,-322110.2346980094,51.81993094541592
2021-12-22,49043.70820558712,49009.47842018258,48569.49753982619,35.891894431459065,-309.1100000000006,-0.006282852554493457,99.85142857142844,0.008456545649755032,-318764.83053800935,11.133684586532313
2021-12-23,48678.96490084691,48796.24514802974,48871.68499235924,26.495682366760008,-233.2899999999936,-0.004778432430826873,117.9392857142853,0.010863154952124867,-317329.9452780091,6.390441318173713
2021-12-24,50720.92586977493,50740.664903868186,49759.10746767877,46.425719633997815,97.47000000000116,0.001920918919366299,99.55785714285646,0.007251592406780108,-311839.23611800885,81.01736377590137
2021-12-25,50768.82326782951,50821.492132348925,50935.57342535338,58.211741438114274,110.80999999999767,0.0021852054824775813,156.33785714285634,0.007712137325478952,-308635.0330080089,82.0491782261989
2021-12-26,50574.24015995963,50681.68719584029,50791.46990482987,30.853168795587933,-222.79999999999563,-0.004401208475447338,109.1885714285714,0.006461836956454608,-308584.1247780095,15.846169085237305
2021-12-27,50787.51584247001,50754.49308501889,50340.21415717527,28.003421927555905,-40.220000000001164,-0.0007914875143927302,101.35642857142946,0.010665768851296352,-308017.55555800936,32.39832027932323
2021-12-28,50798.58959002502,50956.71839228742,51125.58123356323,37.572446555819546,-290.77999999999884,-0.005702438528857878,134.02285714285713,0.011282760303401283,-306675.61087800964,18.233565919941764
2021-12-29,47657.7468934271,47662.431532146715,48441.313577467365,44.1717243841484,-48.18000000000029,-0.0010123567193759397,113.49999999999947,0.008004964623954718,-311724.94415800937,12.141914972773966
2021-12-30,46565.68054881724,46913.71082748948,47448.180685124724,26.488372477580242,-832.7799999999988,-0.017607295447702898,258.3964285714298,0.03900296156212124,-315245.8257980092,28.569541466902276
2021-12-31,47104.32885340758,47155.04297338584,47281.87412089188,56.89990123617592,83.87000000000262,0.0017830643961136428,133.16214285714264,0.00791154966017842,-315367.9019880092,61.69603524229151
2022-01-01,46353.92556608534,46339.80789452353,46975.04422457035,42.08201021676121,-214.37000000000262,-0.004616928666653752,110.52499999999989,0.0059807656146510894,-321861.986948009,21.873792161612045
2022-01-02,47551.83726004312,47462.616014319734,47271.43155617311,67.53059260277698,348.20000000000437,0.007349953403153142,122.87285714285723,0.008781311384592538,-320886.5052580094,82.96439960464764
2022-01-03,47319.190098302795,47249.126236234035,47209.348315244315,49.92156696485374,-84.70999999999913,-0.0017882290157520409,81.35142857142948,0.00566199913850037,-321772.33491800976,23.472883763683928
2022-01-04,46420.22052151263,46306.74578996633,46611.28287451935,70.64492323720478,152.61000000000058,0.0032965758252403443,108.0414285714287,0.010124811623441029,-325233.66271800967,71.97926928513232
2022-01-05,45931.21964692947,46051.90455967077,46400.16599234583,26.548410540766653,-196.66999999999825,-0.004272770802899339,121.49071428571447,0.012031750541789513,-324304.58873801,17.013831422153828
2022-01-06,43516.48627493809,43629.60387646219,45276.85805498634,48.31493745401027,182.12999999999738,0.004209249115995295,187.03500000000037,0.02335659406264123,-335168.75938801013,55.40825497787558
2022-01-07,43135.68898193243,43152.139223856844,43223.20340644444,45.926703569383456,-39.79000000000087,-0.000922728716829635,68.90428571428492,0.0037846731488633593,-335047.2605980101,15.133087960737807
2022-01-08,41523.86790176553,41612.04392454594,41902.80318929,47.51119749852133,55.01000000000204,0.0013251759092125504,120.91000000000038,0.009865626892021293,-337442.5323580097,82.25939324474429
2022-01-09,41811.45298716441,41760.8163621469,41588.53451110511,17.785718095034426,-182.77000000000407,-0.0043659589451278125,96.58214285714348,0.015224454232337025,-336890.2882080098,6.084703588744083
2022-01-10,41921.91430742359,42109.588604212906,42006.47479995869,21.808091657716062,-119.12999999999738,-0.002837526423913994,125.87499999999896,0.022665555526652274,-337678.82296801003,17.188922344374113
2022-01-11,41791.81699802012,41722.38441645442,41549.656447137495,66.48220895973452,116.11000000000058,0.002783986526761595,92.01357142857212,0.008707979631699562,-338594.91701801034,81.92186175541245
2022-01-12,42746.05616081183,42741.53168941609,42375.34936772343,47.9572992207559,-100.34999999999854,-0.002343003583499592,85.32642857142855,0.006365171883666187,-335589.2948080108,37.77892275375554
2022-01-13,43926.42788654142,43892.47704988639,43482.456379341005,55.99897064354599,-8.94999999999709,-0.00020381853455153642,65.95285714285741,0.004581954300430421,-331071.7877880108,45.091140313693074
2022-01-14,42623.6073674725,42668.306092144594,43117.314359174175,49.33953274406063,-102.05000000000291,-0.002392049535232199,102.2021428571435,0.007585462044171841,-332600.5426480107,22.104140619254274
2022-01-15,43093.06775741176,43150.56303446103,42924.81351889777,29.242874684935288,-168.86000000000058,-0.0039061903609675097,78.42785714285596,0.009405378279327296,-333282.87504801055,14.577095329494338
2022-01-16,43189.60957093274,43264.08586309139,43215.43592969948,31.627354991840846,-238.19000000000233,-0.005498069362603442,75.07857142857132,0.006340115974399443,-334590.12700801046,4.33709565961378
2022-01-17,43126.61807537006,43114.820535726256,43096.167076677775,45.70603983519118,-79.14999999999418,-0.0018342645248141665,75.06928571428787,0.004033217057080913,-333594.9881780107,10.914166085138834
2022-01-18,42176.8204845495,42090.37999576319,42341.82847839401,52.692673259318205,43.580000000001746,0.0010337292720439262,91.56071428571418,0.012341626455361245,-335195.7501880114,63.04058809728726
2022-01-19,42413.09047805945,42331.61413689399,41944.35387900456,33.82857786031843,-164.91999999999825,-0.0038789153713428837,73.1742857142864,0.006007321755674125,-335941.0163780113,7.627306109810544
2022-01-20,41777.33218958787,41815.610403078645,41886.59182782216,30.890421561376613,-231.6999999999971,-0.0055309272407356724,73.5242857142865,0.00889418253902129,-337508.6597880115,6.90472208284655
2022-01-21,40807.30485104444,41240.461939736444,42193.09552528081,35.404325274226935,-336.0399999999936,-0.008192710574530637,217.6150000000011,0.024560774496484528,-339884.2159580112,17.255135295947873
2022-01-22,36476.334488794826,36747.86158842199,38254.6958100687,73.08963519552381,320.3399999999965,0.008867550616650899,301.3614285714289,0.03671261083360436,-348959.2571490112,69.32220344244756
2022-01-23,34993.109449602154,35009.71178645766,35333.26455929063,65.90080450204113,308.93999999999505,0.008887168004123813,127.98857142857118,0.012269067426011712,-356693.9011920115,90.56233421750616
2022-01-24,36158.04958135437,35812.887055814914,35440.990245349116,80.35430830513093,446.7300000000032,0.01247925152984175,203.82428571428525,0.04765430028378342,-354609.6857320114,77.19246351869803
2022-01-25,36626.13875286612,36570.69310076329,35470.71554009884,69.07004830917927,162.3199999999997,0.004447363323445197,119.61214285714335,0.014011799691707018,-361410.1970030117,74.69956623764533
2022-01-26,36907.9096348656,36817.68495449146,36640.11680144319,70.94158185752136,175.98999999999796,0.004784634361118423,103.35714285714234,0.01597992511188825,-359440.9696730119,78.25323451178886
2022-01-27,36750.814904012856,36727.727653112335,37350.3052993819,76.07496463932173,214.5199999999968,0.005862031839478865,110.96785714285787,0.018322998131881423,-360810.3586930119,84.5434378559859
2022-01-28,36982.8868304018,36643.70770179846,36432.42431674778,58.80153912216142,185.5899999999965,0.005019403908260056,196.9671428571424,0.036058974681195975,-359880.0088530118,86.86228094968867
2022-01-29,37752.995927169606,37725.576905403104,37179.65473135266,42.85951029539687,49.65999999999622,0.0013183989125729045,79.82071428571415,0.007039087553678843,-356838.78535301186,35.83072854051253
2022-01-30,38086.961276747475,38124.35016008379,37881.82980819251,51.635157798444546,95.66999999999825,0.0025129251346884818,70.33000000000122,0.006761954150749035,-354584.10659301176,93.21742863275153
2022-01-31,37940.936404893095,37857.34764221328,37857.16179511782,59.70879465662667,-234.34999999999854,-0.006148318912921558,124.77499999999938,0.018191544539744597,-353864.15822301136,36.846686736063425
2022-02-01,38436.87542767612,38446.298106236616,37987.38119939401,43.78674533768807,-17.979999999995925,-0.0004671964678074625,64.41500000000087,0.007379735854555927,-351467.826043011,67.4988394284824
2022-02-02,38748.2293128789,38719.26364393445,38598.057770583655,52.265979270135624,61.169999999998254,0.0015833441616093236,90.0078571428577,0.007547867067844067,-352258.11625301105,37.09839195004249
2022-02-03,36920.47421414396,37014.54171615514,37661.85417959106,31.010403594705636,-157.3199999999997,-0.004245732137806546,106.1164285714289,0.009671888981866437,-361294.74365301104,29.519614262753542
2022-02-04,37047.05123293252,36935.99706340614,36829.16631132985,89.18425293530798,311.6100000000006,0.008421891891891908,91.48714285714388,0.012226496147357704,-361442.05022301135,87.15651033237368
2022-02-05,41078.210363359896,40778.01530000194,39489.50643953293,87.66515431021585,903.6800000000003,0.02221950663587946,151.72071428571456,0.03444840551678172,-349627.21544301166,84.2257828178255
2022-02-06,41481.97938472809,41557.616848356454,41427.5443895675,26.377560002347508,-228.20000000000437,-0.005484154470511204,80.8357142857146,0.008910636077741209,-351626.3226430117,11.162568957297026
2022-02-07,42268.60742109618,41980.2070919974,41656.81308310916,66.38965151648449,455.63000000000466,0.010867677799817121,252.44571428571413,0.03407508295085859,-350395.53574301186,76.627249095265
2022-02-08,43885.99729628387,43971.5663488744,43481.31825626617,28.26660495255709,-213.2300000000032,-0.004840281822758974,96.09357142857178,0.01236315257374419,-349650.58896301175,21.68736597569613
2022-02-09,44110.120046166725,44051.949377347126,43712.91855530732,50.71096808965973,-49.55000000000291,-0.0011237728649790002,97.70714285714192,0.007432156250414628,-352591.2498930122,22.960009592900086
2022-02-10,44370.416131775106,44432.32350355058,44139.76028876142,38.59841489689103,-131.61000000000058,-0.0029572403404343195,90.82000000000023,0.008738346517397976,-352372.40180301265,44.17391304347856
2022-02-11,43602.37406975231,43802.14586216488,44328.32155146693,33.006422193988854,-334.3099999999977,-0.007627467644693353,166.51214285714326,0.0160692933577949,-354861.2733730126,22.68583990254744
2022-02-12,42336.69721325948,42371.971697383146,43026.91890667183,65.06560307404183,333.88000000000466,0.007941988375315345,140.74642857142837,0.011797759803013397,-357853.2419730128,86.20436944163947
2022-02-13,42145.53557456386,42172.2383525295,42379.23500291018,62.90738448844883,44.5,0.0010551682258259643,82.4914285714289,0.006962206693929884,-356890.52946301305,83.29113924050633
2022-02-14,42184.639039651134,42227.54345094325,42303.32856522407,37.64124547117702,-106.73999999999796,-0.0025317596607242754,135.40857142857254,0.008725878438410604,-358001.0846930133,8.793430818929203
2022-02-15,42612.12033679177,42547.9034007509,42364.85693221463,45.00000000000015,-237.64999999999418,-0.005555998456056477,70.43071428571368,0.005940809634206766,-358261.57843301346,2.37716736293406
2022-02-16,44468.44540411099,44288.88141218641,43982.64457754943,70.57943153521632,401.9100000000035,0.00910473812919177,115.61214285714232,0.016834716003196776,-352361.0563530131,68.11128780743873
2022-02-17,44022.848684464305,44055.84359091735,43964.72518620849,34.99448123620331,-254.04000000000087,-0.0057569412340575665,64.82285714285847,0.006476797011941752,-352325.18387301284,14.605701056287293
2022-02-18,40583.24028218512,40646.00186461241,41830.78776245091,34.423767166042225,-119.68000000000029,-0.0029452167052455014,95.92785714285648,0.006788415130029148,-366647.4180130131,21.97417795586044
2022-02-19,40006.929596232934,39997.695752016225,40282.37113954485,60.511220956358855,-32.0199999999968,-0.0008003707401254001,63.08785714285633,0.005888484820518782,-366262.59866301273,47.61997185695623
2022-02-20,40066.70493234526,40026.93354658661,40034.79852191148,57.71152685576308,91.68000000000029,0.0022927170472566427,51.138571428572114,0.0049415110121568085,-366847.4086630132,68.12179016874445
2022-02-21,38527.236446893665,38475.686781493285,38542.91476325898,49.095034030753816,-385.16999999999825,-0.009934215514986744,167.59571428571456,0.018806421908623486,-373169.30551301304,7.262648564851371
2022-02-22,37116.14845429359,37378.65258381884,38129.341325715184,28.93683292847014,-558.6699999999983,-0.014871363913324553,233.836428571428,0.023828548329240425,-375104.17095301324,17.01486756890541
2022-02-23,38164.26562520621,38034.09082150048,37733.099745599735,65.39963252181938,291.33000000000175,0.0076789056116397525,123.2699999999994,0.018544707495014842,-369534.5259430129,66.7837019946167
2022-02-24,37308.377782333155,37422.54350127935,38000.56722033459,33.115293434612624,-298.7900000000009,-0.00795737813192432,145.90642857142822,0.017977212579027766,-374917.90978301316,31.207189274632896
2022-02-25,38254.85494110758,38167.70556311188,36870.88561170171,68.31766001609707,266.0899999999965,0.006991123750430761,134.95499999999967,0.01714793961680228,-377570.7665830132,88.81977083525311
2022-02-26,39268.45614509557,39185.61284564762,38850.08175526794,42.64868179031256,-10.730000000003201,-0.0002735158641751223,154.0021428571428,0.017852572334789502,-377973.3723530133,17.924568965516865
2022-02-27,39047.32351434716,39143.77160484692,39162.765445742516,44.04285270297467,102.41999999999825,0.002625191276019345,96.35428571428565,0.010323831021858491,-376554.9987130133,67.02942230621316
2022-02-28,37656.315491172856,37664.74568885573,38454.60938545787,49.648791780300606,254.36000000000058,0.006792948857128334,159.35357142857018,0.013362784972944746,-379331.6872230135,70.349036810986
2022-03-01,43135.31746056388,42731.373043336,40594.543335269205,34.25889872720026,5.239999999997963,0.00012142345363530538,263.27928571428595,0.04441706253719185,-358840.69132301386,36.00756158793344
2022-03-02,44295.350630905785,44129.41540528553,43649.07045819688,76.40789372648356,250.7899999999936,0.005677782932057784,106.66928571428538,0.013400104762238225,-355991.566673014,82.04001849594255
2022-03-03,43969.36524581533,43978.66491104889,43958.641468913345,31.622955650507762,-234.05999999999767,-0.005304230693923717,91.88000000000049,0.007656522523387732,-355853.27866301424,11.846449797583029
2022-03-04,42486.20629389483,42423.334871473424,42787.85372016008,44.88188976377959,13.980000000003201,0.0003294060653129538,79.33357142857183,0.00598681365187262,-360939.81915301434,32.48223801065721
2022-03-05,39085.61252863859,39147.01521481955,40433.894934576965,68.81890441310884,209.82000000000698,0.005388450195229488,115.01714285714219,0.015553170056165874,-369618.4195930142,77.93069659718547
2022-03-06,39379.768920442264,39392.889791219335,39350.46675578262,49.31605314746256,-25.68000000000029,-0.0006513858182553012,54.73071428571451,0.004029604739323798,-372573.429683014,46.824563705550474
2022-03-07,38469.31457052396,38690.09242882301,38905.67908408922,25.50545392081034,-287.9400000000023,-0.00743862821713448,183.06928571428475,0.03405576320211138,-380570.68576301483,32.16346101216197
2022-03-08,38134.53692273208,38099.451844609954,38258.80234006371,40.545306016807366,-267.9400000000023,-0.007003879658949774,167.92071428571322,0.013233432601028753,-383704.99783301546,16.005580392529776
2022-03-09,38705.830936527425,38650.06172788075,38654.703554159016,63.76373149502735,54.75,0.0014156109699379194,68.67357142857145,0.007501840649356219,-380608.44151301554,80.08944972446253
2022-03-10,41968.647691553895,41948.56794216301,41736.861396071356,58.90368001003478,-1.1200000000026193,-2.6703014555873317e-05,92.17357142857041,0.006914548428714282,-371937.2495730151,39.47951105583978
2022-03-11,39453.29868152977,39425.1749231771,39497.48167630312,51.09497531222746,-78.23999999999796,-0.0019807474587495433,83.25357142857163,0.007934095154260572,-384495.9286330147,24.259735728925012
2022-03-12,38835.63728501531,38851.8272237786,38959.47548452732,26.669416563545497,-206.41999999999825,-0.005301521805404108,74.79928571428589,0.007580752599834325,-385455.486793015,0.16768651447390912
2022-03-13,38954.105435219324,39037.52564106321,39080.05059163457,12.547232958348829,-296.6399999999994,-0.007585924713584324,62.69785714285744,0.010155158308677708,-385495.99213301507,17.468452462302768
2022-03-14,37831.7587943825,38131.32524900521,38733.51052682535,38.80195337563272,32.43999999999505,0.0008594538599915325,140.8728571428567,0.039269924341203806,-391946.35810301546,41.955223565655096
2022-03-15,39595.29181410634,39332.15426164021,38902.77383896239,46.511611775478144,180.38000000000466,0.004567624159333761,178.0800000000007,0.028170379840231418,-385870.6074130152,58.180411902090135
2022-03-16,39340.28887981028,39420.44008157073,39187.02196702795,35.190105359596956,-228.66999999999825,-0.0057877951859069965,89.95142857142699,0.009253909632759601,-381951.187193015,15.130953135900045
2022-03-17,41068.9116202409,41028.82565424392,40511.3608538094,73.5855347022014,189.01000000000204,0.004618449509700584,85.80857142857245,0.009283699232471104,-373681.6052030148,79.52570299292879
2022-03-18,40930.772804942615,40903.199467030805,40838.356064573265,47.11346774359313,33.099999999998545,0.0008095918287480686,54.48214285714338,0.0029035921816727693,-374738.310153015,27.09492635024662
2022-03-19,41784.408127905015,41767.24261895422,41285.917095999124,53.7904970287684,-28.869999999995343,-0.0006908949758269722,63.082857142855836,0.005612457311240063,-368570.93278301496,38.16249050873252
2022-03-20,42135.42840609811,42079.04293577703,41903.452721581656,77.84102978036451,227.32999999999447,0.005415997598501754,84.38785714285716,0.015057786943993547,-366002.88288301515,75.52672147995871
2022-03-21,41274.90231748962,41297.95310565517,41458.65605857867,45.223173208798755,-130.88999999999942,-0.0031621288623679966,77.41642857142817,0.008589905173691917,-369384.36018301494,38.01742160278766
2022-03-22,41058.341483127624,41113.786748855295,41123.74346601755,31.11089049935454,-142.6800000000003,-0.003467741955084147,69.67499999999875,0.007320367806573614,-371505.65981301485,18.34491959834283
2022-03-23,42390.68502168015,42488.13726135694,42490.355848686304,37.50879002390867,-103.84000000000378,-0.002445136887871069,77.6828571428575,0.009370950220861471,-366276.59607301437,35.48235135771603
2022-03-24,42702.7194726953,42537.700345364676,42334.45948471442,72.58120966859934,436.77999999999884,0.01029025599126232,108.98357142857172,0.01509663804465553,-368385.5168830143,77.16035599221698
2022-03-25,43954.13500831473,43951.82985684502,43576.218893826175,49.015950783620575,65.06999999999971,0.0014813418539516565,53.90857142857151,0.004400427112084151,-361180.6757030142,89.480692410119
2022-03-26,44331.848658859584,44357.818753672036,44325.149990228376,40.476022151526486,3.1700000000055297,7.154142891940829e-05,62.399999999998855,0.003194657950882829,-354901.6174030144,48.73974381677899
2022-03-27,44482.43299118147,44454.29502098091,44394.75166824623,62.75873769935475,120.68000000000029,0.002718594188543033,42.540714285714785,0.004327572928776282,-353087.64531301433,71.34646962233053
2022-03-28,46766.373104424376,46547.40027047665,45323.23857831053,66.812334368802,207.77000000000407,0.004456671912628218,80.35999999999954,0.007297698178264759,-347435.75848301424,84.25600100540417
2022-03-29,47231.39995398103,47448.52836119197,47382.813904090406,30.738596461177465,-359.7900000000009,-0.007577397750726633,156.82428571428474,0.02065856146900838,-351789.19136301446,30.96813853719754
2022-03-30,47431.28506372867,47394.48644084582,47508.81492336945,67.5581005756753,100.45000000000437,0.002122137517468925,61.49357142857168,0.009729005209224869,-349843.61101301445,64.86252435592327
2022-03-31,47103.698662195,47092.322046226385,47200.59685907544,56.99656766799927,-89.51000000000204,-0.0018981074060330227,75.51571428571386,0.006166694087508938,-348101.7286930145,49.49664924866361
2022-04-01,45569.79594086683,45662.51299719884,46244.06879598849,27.032867053338236,-150.15000000000146,-0.003288400978614159,103.37999999999894,0.010171437842338333,-356234.18995301443,50.027404326659294
2022-04-02,46239.55511637666,46258.579422591974,45973.05745727747,56.009415883267174,4.119999999995343,8.90245480869023e-05,78.3692857142856,0.005140379667130382,-351855.4281230146,65.78438481991786
2022-04-03,45937.73224993731,46050.65886057605,46272.7105823418,21.642059776736687,-231.87999999999738,-0.005036174974284768,76.2664285714288,0.009715513616745117,-353762.6201630146,13.797856049004153
2022-04-04,46470.48687122782,46617.61661549979,46459.75614255548,29.256531808641455,-122.13999999999942,-0.0026250019073924546,146.2135714285718,0.032858266779804725,-354078.6732830147,19.341573828902035
2022-04-05,46642.73692680007,46551.31992047528,46123.82194808374,36.81194454319233,-59.48999999999796,-0.0012755145797598288,116.91357142857098,0.009908389264681657,-356701.5025430143,9.683805974495465
2022-04-06,45695.44502945593,45802.92005626792,46080.46499683752,20.691229455604585,-324.43999999999505,-0.007080443254428581,101.03857142857201,0.011524834095579344,-364007.4309230144,23.228829993536614
2022-04-07,43329.41818784217,43531.344753019126,44218.283391363715,22.537369252856166,-300.08000000000175,-0.006903064258446223,144.8307142857146,0.016017499486169103,-372407.8945430148,9.21108980207444
2022-04-08,43548.87287741736,43554.41913688828,43547.69559224591,33.27112243105579,-208.4499999999971,-0.004775198017805904,63.82071428571414,0.006340930936918943,-369198.1187830148,5.840876901287404
2022-04-09,42232.912306910046,42367.74858819518,43009.257875445335,38.09426903148059,59.04000000000087,0.001399285236379555,116.20714285714244,0.009238151794287483,-373384.9445530151,40.69953645174991
2022-04-10,42667.0897660989,42593.70156650713,42524.87882923988,68.2447241530468,235.40000000000146,0.005536404446339516,68.05071428571266,0.008969152545927665,-372963.1470830148,85.2359110883025
2022-04-11,42257.22864304531,42435.23061468793,42748.83983773258,58.493088715757665,83.83999999999651,0.001992631730806327,144.67214285714363,0.012652676117787195,-374107.90187301446,49.19833400906672
2022-04-12,39561.88111126398,39668.320413479516,40627.20324294954,37.63547777667273,-59.13999999999942,-0.0014938270388755726,121.82285714285692,0.015865272577032838,-386037.55426301475,31.240120139108047
2022-04-13,40053.67548713942,39882.47870834085,39938.22397704853,71.79746630509578,134.9300000000003,0.0033783166303664736,132.59428571428518,0.019832592637843746,-383566.7507030146,67.1404451266317
2022-04-14,41161.11597872172,41188.44674681344,40795.68004800219,31.963720477234517,5.790000000000873,0.00014073209858533886,67.62714285714434,0.006829267208941209,-382094.6570230147,27.45697463768125
2022-04-15,39913.361761161155,39902.76059582959,40277.15055062287,55.789188456848294,62.38999999999942,0.0015644437222777086,43.876428571429905,0.004252515811462238,-389819.55835301493,96.75883147344881
2022-04-16,40519.134584479325,40465.040837548,40330.42651582608,67.33574200455037,98.05000000000291,0.0024237495318739644,45.84785714285733,0.00526414733300077,-388456.5447030145,74.3484716604377
2022-04-17,40425.47394263209,40421.96617473279,40342.859013799876,41.63164258161111,-53.950000000004366,-0.0013343173563155064,41.88428571428709,0.004166835038729181,-388439.3882630141,13.39189286485609
2022-04-18,39728.17451532182,39931.944358616296,40224.80717551948,22.879214847925795,-184.09999999999854,-0.004618408106723537,119.99071428571499,0.02359097372127378,-391628.19913301396,26.025127709513388
2022-04-19,40811.62368254834,40802.928153539346,40104.16409607913,52.4350421348313,-81.76000000000204,-0.0019998586205622892,69.84785714285628,0.005555857725061235,-386394.22544301406,31.758905852416664
2022-04-20,41472.828565947166,41420.092380100126,41179.99057112586,70.29323558813738,61.20999999999913,0.0014773615640288895,42.20071428571412,0.004607134210577665,-379813.2887330134,73.73805508712717
2022-04-21,41385.1581643804,41408.482959162866,41407.662138142,31.650557448485927,2.2600000000020373,5.46475438951699e-05,60.06428571428686,0.006423608084640409,-378415.72606301337,27.810765708077767
2022-04-22,40452.588881159405,40541.733435672635,41406.252124709725,53.18184892134981,47.41000000000349,0.0011725686698358384,94.55499999999925,0.014317479610317384,-380293.3413630135,69.95177263189039
2022-04-23,39727.74992549112,39684.03118377871,39924.41580275664,52.093513246962836,-9.639999999999418,-0.00024270610254784053,65.63714285714325,0.004390233889391198,-382891.8636630137,26.761954563940222
2022-04-24,39581.952803279106,39717.96791842011,39740.22741314436,10.666461180176512,-353.0500000000029,-0.008871795580561836,80.71071428571356,0.017097877913580705,-383566.9152530137,19.883856791586897
2022-04-25,39502.06013372095,39550.64004003224,39600.18444713347,32.842741935484526,-56.7300000000032,-0.0014359531483899568,54.535714285714285,0.008222815881594283,-384740.56222301343,15.183180158627254
2022-04-26,40437.50900962206,40333.18822882781,39628.08436569939,56.98924731182801,160.09000000000378,0.003975811845182697,86.37857142857112,0.009687372740858938,-381325.34414301347,56.03482511073808
2022-04-27,38095.55778217118,38171.83163341163,38961.7532773855,43.60059144387302,-25.419999999998254,-0.0006665256002728048,160.7664285714283,0.017277292773497526,-394657.8081230137,65.90704695830912
2022-04-28,39199.66687836908,39161.3580927495,38990.8764795165,76.34885883093773,135.72000000000116,0.0034710997442455316,49.75785714285563,0.006265560678110586,-387574.61332301394,76.51347203274341
2022-04-29,39742.361232000665,39782.39112814013,39707.99259356753,48.98210980876028,-15.040000000000873,-0.0003782971146545355,58.704999999999664,0.0042009523796886624,-384411.5531630133,40.40831636480447
2022-04-30,38606.90207842834,38585.90047197646,38835.355636825465,49.95987158908541,-28.0,-0.0007249357978733606,47.70714285714244,0.003063804677601973,-390247.54261301307,36.68860852075182
2022-05-01,37742.53502604975,37980.52829881585,38370.404193235365,18.70263742802618,5.780000000006112,0.00015362118079953468,153.8057142857142,0.03235266977259944,-397483.265693013,6.823901818843029
2022-05-02,38436.7258405536,38354.949075611825,38177.8209932011,71.3580405232116,65.95999999999913,0.0017176014305360088,109.67000000000085,0.012054679766298489,-393186.44983301254,61.90464968302953
2022-05-03,38579.99279626929,38586.06220821383,38576.00683725334,39.421550761272755,-95.97999999999593,-0.002485167449743697,52.74999999999948,0.0054290370210824815,-389850.8251930124,22.96229553645778
2022-05-04,37728.37600944389,37742.96688351599,38053.80128379887,37.47543131688151,77.2699999999968,0.002052232463465087,49.535714285713766,0.00660208692867157,-397203.2191030127,54.55831588478111
2022-05-05,39666.91863910129,39687.614795941256,39193.19529370732,50.57486903870969,23.419999999998254,0.0005904214580636502,37.36714285714178,0.0043416683389459094,-381905.85866301274,62.49792943515024
2022-05-06,36504.47284283786,36449.64599727797,37484.324556599335,66.04808973981679,160.1600000000035,0.004400869292588316,93.45571428571306,0.010581904075362563,-394732.87877301226,87.88230140939456
2022-05-07,36045.28853792113,36023.83912164079,36129.42664385463,41.568739849049145,-36.220000000001164,-0.0010047159513775217,48.66285714285706,0.005356994659453527,-394112.72246301203,17.679955260843403
2022-05-08,35476.27095927916,35422.48892423098,35762.41268399104,66.36374496552642,230.77999999999884,0.0065485089926367035,163.42357142857196,0.02414512425100814,-396806.5628030119,69.80775675593311
2022-05-09,34075.034043201056,34184.748151846616,34480.35219745765,30.614122988200734,-225.84999999999854,-0.00659141816908293,80.12857142857112,0.01197254209027488,-407427.0131030124,28.10037328909189
2022-05-10,30472.17162111943,30810.852668313553,31964.329608807027,15.670733045176405,-1074.7999999999993,-0.034502783367912015,233.5085714285711,0.051058315176106775,-440897.0382070127,3.305569014712749
2022-05-11,30971.02556905856,30905.842760394833,31281.99098124626,70.21935113892219,-200.51000000000204,-0.0064229772874989655,189.7071428571427,0.03274377992910482,-432232.04734501307,66.97855169799024
2022-05-12,28947.00996916021,28930.057298748317,30022.182860949895,66.37478916297701,77.23999999999796,0.0026609983222343203,216.23500000000033,0.02180176596267252,-442201.8737490132,95.06592462555524
2022-05-13,29058.041126022934,28844.562900462344,28747.145341839576,64.04780045715214,-38.93999999999869,-0.0013395856504024861,175.7271428571421,0.036787803387341896,-444728.8750910132,61.64054959404987
2022-05-14,29389.395410557783,29636.083196486692,29991.91877621329,17.412345899788804,-243.08000000000175,-0.008231592614052263,123.5242857142865,0.036708204550644566,-442260.135781013,12.956568332688239
2022-05-15,30076.011528784948,29909.660084593124,29510.023791679367,60.44146568678197,34.400000000001455,0.0011446695997716638,151.40714285714265,0.027134272843791288,-438949.91333101265,50.250174540377174
2022-05-16,31216.964238425186,31108.374697352043,30404.914655612418,62.30755406457791,227.05999999999767,0.007300535048902157,86.2778571428571,0.009371074558245231,-433830.9368710128,80.29230417903604
2022-05-17,29931.908247810527,29978.032831490942,29900.75868209163,25.14376045270174,-115.90000000000146,-0.0038646331382788945,76.94571428571415,0.01166998401822695,-439251.1976910129,16.464830493337654
2022-05-18,30454.524534911947,30401.52437090525,30260.983264087845,63.736681084502365,2.6300000000010186,8.639294665657715e-05,72.36857142857141,0.010861210716046014,-443741.05748101266,55.040264595915524
2022-05-19,28837.734897022576,28986.162002876732,29357.95097458451,29.78903329179265,-341.4599999999991,-0.011751474182617572,108.59571428571404,0.021463685188645797,-451025.5767710125,13.657890602203825
2022-05-20,30306.205976297166,30247.905171822775,29895.38342257803,65.91957811469996,149.22000000000116,0.004945971181315567,74.02857142857127,0.01117376965918434,-443024.88936101214,59.63359343675749
2022-05-21,29252.081698586404,29245.90143760491,29495.40167815604,44.14053662730166,-60.01000000000204,-0.002050851269026266,61.294999999999554,0.006887979154015465,-449171.857411012,24.26809864757281
2022-05-22,29448.596567024793,29429.675219201214,29408.353119329968,58.80767660269567,29.780000000002474,0.0010123989980719283,34.76285714285638,0.005832596159310461,-448380.6880310118,45.141249560427205
2022-05-23,30349.657966837287,30274.754343346787,29966.022214860415,45.46418331204954,-127.4900000000016,-0.004190795764696165,60.633571428571614,0.006102181238404603,-444586.3951310116,18.462960628597166
2022-05-24,29125.253758380473,29192.084799878754,29808.34968467728,47.65274290496856,-14.0,-0.00048071723010734146,83.28071428571457,0.00725373223164607,-450071.2988710111,64.90590248075326
2022-05-25,29662.40629272211,29612.727636252686,29411.4176426,56.28945498832863,-78.83999999999651,-0.0026515617779587775,64.59285714285735,0.009301617704300567,-448968.84299101133,28.568227649563198
2022-05-26,29623.031592641953,29700.02001976331,29711.44252492881,23.49920914953215,-178.05999999999767,-0.005991209348789828,50.643571428572095,0.012537294331648147,-453036.1787510114,1.938015536157678
2022-05-27,29381.04111098933,29462.654489036904,29446.409264191287,21.00190062449056,-316.5600000000013,-0.010724336512984878,81.80928571428558,0.0133775880325694,-457177.5359610108,7.150887651318656
2022-05-28,28663.620269069947,28730.829539421436,28842.651094741545,21.73382519863786,-154.69000000000233,-0.00537407471871143,60.18500000000079,0.014195437810639252,-464209.72877101076,35.590183979298544
2022-05-29,29061.09511361528,29039.509357333067,28955.8160496207,51.23523093447934,-7.0899999999965075,-0.00024415928965815237,35.958571428571304,0.005969953040774105,-462289.8594510111,26.117703463982735
2022-05-30,29450.510528801587,29384.401489715463,29218.89283498525,56.44292188559328,18.779999999998836,0.0006377057263120545,34.71214285714294,0.0055220268558249476,-458941.59765101125,68.0926019124296
2022-05-31,31742.529724608492,31650.042279938596,30874.874186893438,53.77811437226725,-77.18999999999869,-0.002426487854515047,85.08999999999936,0.007557559664786812,-448666.8364310114,40.91294256346122
2022-06-01,31839.68438586102,31818.838594887526,31720.832124034863,42.332197362572714,-35.599999999998545,-0.0011182084541584425,44.267142857143234,0.004109829143077409,-445383.96783101105,18.500691895794574
2022-06-02,29832.04303021484,29807.590797874996,30564.104423895733,53.68859384429705,-251.29999999999927,-0.008360745021231186,87.11714285714281,0.013450863647715043,-478349.23283101124,24.812114100522795
2022-06-03,30512.219817776164,30473.609933951877,30239.260634237617,40.056081913582545,-77.56999999999971,-0.0025407637489317514,52.16571428571452,0.007708521695967866,-474073.0783710107,9.33059979021625
2022-06-04,29702.687445401847,29715.114327175637,29785.966630584204,34.915806626833486,1.0099999999983993,3.400765003758188e-05,31.084285714285475,0.006204050759101656,-476605.11254101095,46.61647396253342
2022-06-05,29821.270964998475,29809.651954191922,29745.329918598338,62.768735070274055,61.10000000000218,0.0020501333089957274,22.71142857142799,0.003989261261342826,-476905.75775101123,94.54063964147427
2022-06-06,29945.475852620362,29963.1963361305,29886.230199444555,34.53183085501834,-93.75,-0.0031236505829481676,45.71785714285683,0.006503216575868841,-476044.14643101144,14.74922675723197
2022-06-07,31365.45198151608,31398.622255428407,31286.027682036565,47.53899058668211,-27.200000000000728,-0.0008662337620978233,40.87928571428555,0.0047512282320098876,-465878.3922910115,46.54030026000014
2022-06-08,31185.096014255625,31196.586801002362,30492.708097293853,64.80398072267083,-45.95999999999913,-0.0014744336856126194,282.43642857142885,0.028944893968088477,-473372.67569101177,65.08911671924304
2022-06-09,30259.46802753618,30289.20299206977,30365.59442403979,30.837702435045628,-110.65999999999985,-0.003650286339332842,57.53928571428566,0.006180357987178909,-480084.0986510116,8.593534125448755
2022-06-10,30101.129555838434,30104.82394423002,30209.76282980528,55.94426437167002,69.93999999999869,0.0023282298030058435,44.01642857142828,0.00420159576018299,-483139.38191101194,88.6246372138016
2022-06-11,29108.33417501167,29143.9295205787,29420.08550566802,40.903113980037126,-78.93000000000029,-0.002705787052193598,54.24928571428557,0.006252637506947229,-505451.25355101185,28.479758422195413
2022-06-12,28428.728523359987,28500.74639644653,28701.445504229734,32.28081647905093,-96.36999999999898,-0.0033789054898711868,78.30571428571446,0.016757237065433552,-513279.5010410115,41.57977431795477
2022-06-13,26865.35360360169,27094.156543337944,27594.436413143085,23.231520905875158,-506.83000000000175,-0.01871508668693156,173.47714285714235,0.026478458462560958,-529146.1296700122,2.3063492063490214
2022-06-14,22417.094982388266,22651.68393409185,23726.85635906884,38.961815196749704,145.5,0.006512424407761008,216.07571428571438,0.05111432310687952,-573976.9913920122,62.98742808438105
2022-06-15,22061.60402953923,21888.932324537425,22223.732100978476,69.45966450307681,316.8199999999997,0.014519979522988224,153.2778571428571,0.04999373803573564,-581237.6523360119,72.86156903246048
2022-06-16,22541.719373284042,22394.334730761708,21631.75437725756,54.51531176140523,56.2400000000016,0.0024965064889637123,103.29428571428538,0.011985706772654084,-597588.2145990124,61.17137476459505
2022-06-17,20364.323693059385,20487.507200310392,21047.610247466986,42.629173562502885,52.960000000002765,0.0026026680295947457,105.95999999999991,0.026302498274085182,-607856.9620690125,61.686158778737415
2022-06-18,20485.64711482466,20505.133837126272,20660.85553610948,51.29159091869966,3.9099999999998545,0.0001910588373263966,37.129285714285025,0.007334314584686394,-607483.3057190124,34.92814731950818
2022-06-19,19026.77130960384,18880.295273481548,18993.204141374783,45.098493925456374,-106.70000000000073,-0.005592978950585303,124.6578571428576,0.024475299196843985,-631432.5510510115,17.12600060936801
2022-06-20,20531.009648019313,20495.03176545411,19779.45641182797,48.695426124314196,32.36000000000058,0.0015753367306603483,87.15071428571329,0.015962706601260538,-618782.2194210112,48.20495986152937
2022-06-21,20603.81097685468,20502.783634157287,20354.248439440405,51.78872472887052,56.11000000000058,0.0027347013175889057,96.60142857142844,0.024957425967015317,-612550.2660210124,48.12938137990373
2022-06-22,20728.633450975733,20799.041572938328,21006.510146897715,43.0370728822218,-165.5600000000013,-0.007925672169382336,89.91500000000035,0.019021527201135122,-612499.0156410129,43.991126297269346
2022-06-23,20018.596908341708,20028.361225702312,20250.037721953908,41.2554763199131,-131.89999999999782,-0.006555701845288309,56.327142857143244,0.011785628725534132,-620148.3577010129,13.174801035575305
2022-06-24,21092.481004547153,20998.301649702284,20646.574390516875,51.786595249841746,50.92000000000189,0.002417944452807186,62.00571428571415,0.014066462917939424,-610217.9424010133,61.64692380210712
2022-06-25,21311.190445540877,21316.234409513792,21140.120684864465,38.720547654425786,-72.26000000000204,-0.003390904248954274,60.993571428572196,0.008464064270519742,-604358.2603010137,21.802935010482308
2022-06-26,21472.25261594097,21432.396559070454,21271.51247291398,66.0803201638038,7.520000000000437,0.00035003330436556013,41.42785714285752,0.003991148330787027,-606180.9087210126,43.53733596562481
2022-06-27,21078.895203552274,21151.598358707804,21300.968161770164,50.922870064784114,-82.36000000000058,-0.0038995418180406416,76.6378571428569,0.011579139398639542,-608350.3534610128,25.168471265238022
2022-06-28,20772.236573694463,20811.931624460507,20951.521130950812,32.64845729358339,-99.04999999999927,-0.004752511922063607,43.758571428571614,0.008912151582617343,-617670.7632210127,30.078369152363493
2022-06-29,20292.667614605907,20319.291942322794,20581.081607385513,43.08544356587599,-25.05999999999767,-0.0012340967234386602,48.992857142856984,0.008542971582053558,-618476.2950610131,45.28937170446664
2022-06-30,20117.654280735933,20164.141699422966,20167.984219620354,37.11852651048061,2.639999999999418,0.00013121031074470046,45.550714285715,0.010106908859958052,-626258.3921910125,37.44537994244743
2022-07-01,19360.18199936285,19096.397593064186,19176.521122928985,91.99400299850107,964.2900000000009,0.05081115317168594,125.99571428571419,0.06428165398936776,-636066.8850910133,96.55982302979537
2022-07-02,19361.674533956328,19386.52840695587,19418.60028481246,35.7644215125741,-31.13000000000102,-0.0016120404351318562,55.04928571428614,0.011001206320406878,-647334.7907710132,24.436590436590617
2022-07-03,19271.23672733369,19294.71291110579,19279.142607329748,24.114383269313578,-69.02000000000044,-0.0035721254146217074,23.60285714285705,0.008278139469884272,-647524.9356110123,35.675200972776956
2022-07-04,19305.389474937623,19312.701116957473,19228.4539546544,53.02511200632548,-9.409999999999854,-0.0004869279760562062,34.53928571428514,0.004563276293342456,-644109.7024310124,80.50547201007896
2022-07-05,20231.113595949624,20104.08634805622,19738.61501974841,65.21700287669498,82.81999999999971,0.004109380372722127,88.73357142857172,0.02337783747283652,-630809.4941810124,63.101604278074845
2022-07-06,20220.266060718932,20280.284185467182,20022.957409192946,27.302670740902684,-176.3399999999965,-0.008664432343086559,63.68357142857115,0.0178460418339736,-624720.1978810135,21.600284917196525
2022-07-07,20565.705834085067,20512.529936960105,20288.675507773565,64.00188796129623,-37.67000000000189,-0.0018284472808218766,56.65857142857177,0.009308289732109003,-625693.6909010131,48.193729527373705
2022-07-08,21648.209439254762,21630.401592113452,21096.58452618883,52.95487055787729,17.68999999999869,0.0008187051684871438,45.55285714285674,0.007013348694120674,-617462.3731110133,37.66727892941403
2022-07-09,21805.73493113622,21825.29517166832,21729.858344975382,31.782181642111098,-241.79000000000087,-0.011072724891397656,72.69428571428632,0.013628188239046839,-507846.27800101414,3.677606936113591
2022-07-10,21602.76138179665,21637.05788025609,21656.383985025706,38.61087828194749,-20.539999999997235,-0.0009503816564309098,52.30642857142785,0.008870591176181266,-504486.20680101437,24.780725500812753
2022-07-11,20845.867335373317,20864.976311550163,21032.654007549663,53.368704120939086,98.55000000000291,0.004746213624402529,45.86357142857144,0.007236257970529956,-515373.7470410143,83.19973826272084
2022-07-12,20000.18738469522,20091.934773968584,20419.99956690792,44.01523275918676,-2.0,-0.00010017224617731024,69.9885714285717,0.010812133653392748,-524214.18748101435,45.08263619669487
2022-07-13,19366.465201592382,19404.18131219487,19690.3391104535,36.00746268656699,-80.5,-0.004147506987647653,57.48714285714232,0.007382384342947455,-538987.7463610142,38.07839967670235
2022-07-14,20134.675317843954,19994.534185169687,19723.268078677647,78.54911059551426,313.27999999999884,0.015725652420313763,103.47357142857125,0.029600942587319302,-509671.697141014,75.50845882134203
2022-07-15,20562.50912110156,20549.212135135716,20308.78298226094,74.28921159517095,91.65999999999985,0.004471834662133967,35.07857142857184,0.007522808386848924,-501208.2466810143,87.25468738600627
2022-07-16,20846.49750705635,20882.60457348428,20842.09228462718,39.236818196058756,-80.13999999999942,-0.0038325829811125534,48.87714285714277,0.007827128820163178,-492821.6844810146,37.56704569834873
2022-07-17,21204.536219098358,21210.72054467098,21041.174693615223,38.09490309191281,-65.72000000000116,-0.003091059256904116,50.72214285714316,0.006693261341092668,-486937.05311101425,25.068306010928193
2022-07-18,20846.983613526798,20921.345899781696,21103.70042631873,19.618242930710693,-171.20000000000073,-0.008164293044709114,53.82714285714298,0.016528936688659523,-479116.4449510142,18.445448973337914
2022-07-19,22244.865171983205,21991.12262478639,21871.3323455043,86.23987000270843,422.2800000000025,0.019185563122720017,143.38357142857188,0.05140516396028676,-455602.48001101456,76.254081978135
2022-07-20,23376.552289390565,23419.087712222394,22909.6874090419,47.63146259281284,-155.37000000000262,-0.006596894784687057,96.42285714285728,0.014248139906798817,-432877.08207101474,41.966927763272366
2022-07-21,23298.214334196764,23356.90239929082,23531.799367646898,38.93169422560806,-65.79999999999927,-0.002825356067860052,102.05714285714306,0.01763629552381192,-427693.40717101475,38.606985698569474
2022-07-22,23133.80348740557,23109.144350260503,23001.86848922565,78.05841681952842,113.09999999999854,0.004909048057019527,64.63714285714377,0.01182203720428228,-425288.64808101417,70.0370370370365
2022-07-23,22700.637856723526,22711.00930684427,23005.731093981107,40.20190615348859,-62.86999999999898,-0.002763795900244781,51.257857142857965,0.004459203371380442,-417769.23470101424,26.618457300277143
2022-07-24,22467.81392231678,22418.19144649933,22404.28637678128,43.875334646663454,-52.97999999999956,-0.0023542429029441703,53.279285714285706,0.0047050480234465146,-423944.10287101456,18.407922588447807
2022-07-25,22655.987620460888,22714.892488538495,22688.36961898691,30.380023561703524,-56.18999999999869,-0.002482343289654798,100.959285714286,0.021512955536417265,-430062.9712810145,16.452224217035564
2022-07-26,21503.70130489156,21682.424983919413,21925.101799025866,27.971453578401906,-295.10999999999694,-0.013658699593307455,97.09357142857127,0.023275058680163115,-447822.9822710142,11.941644770383448
2022-07-27,21176.41483348377,21101.509865376236,21054.311857927853,68.32573357034256,156.6999999999971,0.007427254849637022,61.650714285714585,0.009130691469834034,-446548.06361101434,81.0024726541211
2022-07-28,22886.1977689949,22818.955738138437,22055.368274152104,64.15627776730655,54.22999999999956,0.002368306357437344,68.86428571428561,0.007523620888376728,-415703.37887101405,76.82060851085974
2022-07-29,23841.156258912295,23877.992959757376,23515.10122788666,36.48043656785633,-69.0,-0.002885588908967174,66.70785714285739,0.011105396790368397,-400962.82279101474,47.57320063464605
2022-07-30,23905.998736140515,23917.606927388282,23857.961301723662,39.903085727432334,-269.59000000000015,-0.011212668456212826,94.4114285714282,0.01805343789758686,-390774.0652010148,16.81141580615018
2022-07-31,23631.2507280974,23712.193518926084,24041.915281434776,41.92633843817234,-59.640000000003056,-0.002516121275020544,66.13785714285716,0.00834221087631389,-392789.1821110144,48.277398277397594
2022-08-01,23342.75256702954,23427.477248363706,23695.265428769802,56.35146519729519,-13.900000000001455,-0.0005963817220586698,64.71357142857129,0.008497115995183845,-402501.7555810149,25.967130214917475
2022-08-02,23297.97991473464,23199.595352707962,23178.861223269127,61.82916121633477,-64.40000000000146,-0.002760109221464968,75.44071428571417,0.023158855749484304,-403492.7315510146,48.77872822838225
2022-08-03,23030.11635311135,23049.201758440093,23020.532451190807,33.25101641319118,-81.29000000000087,-0.003523764276685548,61.499285714285826,0.007664806028864098,-400693.7148010143,27.6893346829853
2022-08-04,22819.391018807637,22968.81834746319,23219.373505961037,30.690609879162736,37.409999999999854,0.0016421608220198447,71.19285714285719,0.021556751638388022,-398271.4173510143,35.512635379061
2022-08-05,22622.782569945837,22592.65597906168,22734.463470979124,52.42377030937006,9.0,0.00039798390199341505,42.649285714285725,0.004922926328533118,-403928.1099310145,52.97999999999956
2022-08-06,23254.27627556162,23194.289173773293,23060.996005983907,61.114780393451404,78.7599999999984,0.0033899092953928456,62.351428571427924,0.006448097989084495,-385575.5967210147,90.48766494549523
2022-08-07,23005.914895868616,23085.958374186106,23156.501915688637,23.317643769223537,-203.83000000000175,-0.008801694789369097,56.350714285714794,0.0164553026306022,-389375.82579101436,15.980118715582748
2022-08-08,23166.15144691373,23200.35819672669,23153.17778998991,42.31283993507383,4.489999999997963,0.00019378590326235567,47.343571428571785,0.009660925597053699,-383989.1887010143,60.97112469559208
2022-08-09,23801.92852789966,23822.905206566014,23849.327311723995,54.18170737424407,-81.81999999999971,-0.003424603064982046,55.987857142857266,0.007643853258002841,-366483.49204101413,36.749354585250565
2022-08-10,23172.76518635622,23176.822665210286,23272.979185562563,49.08595535243455,-57.93000000000029,-0.0024961349334795546,39.22857142857148,0.005749040693885088,-384158.620721014,15.277267719426813
2022-08-11,23912.816844376597,23889.549482412705,23662.69804743977,67.3118799903217,67.5099999999984,0.0028262778954171175,48.91571428571452,0.00543469429262863,-358496.94575101335,91.74479483745212
2022-08-12,23933.51575084463,24009.107362525632,24236.104955591607,32.871156177669945,66.90999999999985,0.002803396085384824,58.63071428571467,0.015456662869389261,-341643.32486101304,34.51516804430791
2022-08-13,24365.42232672123,24271.184989322588,24070.781577812188,79.65653521367051,100.63000000000102,0.004140632554350265,69.5471428571431,0.018556025073154413,-328358.668341013,80.06115284436234
2022-08-14,24420.679171291857,24440.313482484242,24462.586435935264,53.70490460425326,2.780000000002474,0.00011375447038708408,43.47214285714238,0.004997467842554398,-324814.70797101245,60.28148148148224
2022-08-15,24308.30628099436,24305.339207364348,24408.205761537847,45.958142774934345,50.07000000000335,0.0020643021673318884,47.88714285714325,0.004544245516769884,-328804.2031010125,59.79164916407846
2022-08-16,24081.128927528494,24052.985104818996,24147.927175219247,54.63679154394569,238.52999999999884,0.009998620908783229,87.081428571428,0.017894835254185303,-325082.4359410126,76.64259669693242
2022-08-17,23868.67259977278,23882.92962601628,23931.32793772253,47.396979029183086,-40.80999999999767,-0.0017078493694431263,45.959999999999646,0.003160415086015372,-328488.8538510121,44.336489976635505
2022-08-18,23336.454453281975,23338.04060711548,23518.31976750265,42.90736834314018,28.790000000000873,0.0012348872152070367,40.80000000000083,0.003945465836520755,-329443.7446110121,55.650512768951366
2022-08-19,23230.967070316627,23293.547115037505,23390.11507337866,32.97187117814923,-177.14999999999782,-0.007580766292870411,62.91428571428514,0.013970281705770577,-329386.9744010124,29.06243202088316
2022-08-20,20912.747009395094,21030.211124525416,21544.30017152763,35.818609904098324,-95.31000000000131,-0.0045538158693149144,87.1550000000004,0.017122274471023186,-395337.1380910119,19.075144508670274
2022-08-21,21145.38313246956,21121.36378558163,21180.000013288995,53.137910682667666,39.849999999998545,0.001888605900791429,44.156428571428215,0.006122535489350952,-392853.7845810115,41.86746987951747
2022-08-22,21547.007928029867,21542.161165121088,21440.021884377536,34.99207527233412,-107.59000000000015,-0.0049756742757778305,55.83357142857157,0.010468118743317262,-382318.83554101124,4.405555895490862
2022-08-23,21302.01722848091,21223.24601983234,21223.08873201247,82.17175755637346,193.13000000000102,0.009107027496027209,50.27071428571435,0.01342551349168641,-401892.7155410111,91.14575618426908
2022-08-24,21531.981829135166,21522.509595266143,21448.80561288587,48.419574672100296,-6.120000000002619,-0.0002841853631537772,46.19714285714326,0.004873412308499103,-402367.5383610108,49.231690281380516
2022-08-25,21423.87278582829,21507.403309447873,21547.636053307186,23.387555917040146,-120.10999999999694,-0.00558958199829751,39.9442857142858,0.009826246641091496,-398559.35996101063,3.780850691407367
2022-08-26,21582.764004731984,21586.102073166217,21596.33666392209,40.67306533874121,23.68000000000029,0.001099586911943895,34.95142857142855,0.00420835559874732,-388185.2273010107,40.985889342741345
2022-08-27,20282.294011113423,20442.338473601485,20906.1753582168,25.82563967290932,-360.3199999999997,-0.017490098959438094,103.2892857142854,0.038449934948513995,-424397.77997101087,25.126434178743633
2022-08-28,20040.234827651424,20011.625801578954,20097.313568494013,54.40324835252621,26.859999999996944,0.0013422791960715497,33.8928571428574,0.009019830773936303,-431835.2783110108,47.37118822292139
2022-08-29,19683.069560408698,19819.07179175066,19967.95125819446,9.574697754749309,-327.0,-0.01644653292500331,69.2928571428573,0.027130012293947573,-447188.01569101086,8.476553201618831
2022-08-30,20260.267402960613,20219.771721928453,20105.25260875976,64.57246267531343,151.72000000000116,0.007535508326458551,47.18357142857193,0.011406333436204764,-430258.7883610111,71.27891750327382
2022-08-31,19826.132987558405,19856.011663914025,19993.53380346132,39.32844461597788,-70.86000000000058,-0.003563934551555903,44.21142857142825,0.0073579394973782965,-441837.8561910107,36.18532481014041
2022-09-01,20040.682633572662,20093.677691539644,20154.72002811532,31.046286083749408,-7.18999999999869,-0.00035847458345394934,41.40785714285682,0.011412558233357902,-433271.60504101025,41.08557457212735
2022-09-02,20111.120783297534,20082.959247032864,19971.985312002533,64.21116423136439,45.04000000000087,0.0022423109742801817,32.893571428571576,0.004132957709273611,-446882.36813100986,80.29159342363614
2022-09-03,19947.136858509217,19950.949918052702,20035.12856196168,54.411442349846986,-10.770000000000437,-0.0005395080708303635,34.849999999999845,0.004302213600263379,-450689.0699910097,31.997845988152495
2022-09-04,19806.23248054585,19790.819202145874,19813.231886727517,58.94298996819234,29.38000000000102,0.001483649555713118,21.729999999999823,0.00325093223043482,-455078.79553101,79.41544410326568
2022-09-05,19952.20751794866,19905.914056718168,19835.274254843876,79.28966789667908,147.27999999999884,0.007418518693881326,40.5,0.01312371975004436,-449886.25124101015,85.92214111922127
2022-09-06,19796.199584670372,19778.414596495408,19779.065368145915,57.08704622272973,28.220000000001164,0.0014275149201108395,34.941428571429114,0.00453902263246003,-456726.57333101024,37.27951153324269
2022-09-07,18848.293601547455,18895.953732798967,19334.188555507753,24.421668050091697,-67.97999999999956,-0.00360472336479023,38.94571428571466,0.008411280571344647,-481501.26317100995,5.506851094226687
2022-09-08,19293.24100772276,19305.318823927348,19074.86770243715,38.17845908024184,-8.159999999999854,-0.000422776021967719,32.269285714286006,0.007836384942657046,-475986.4948310097,38.27201051248288
2022-09-09,19314.254696165128,19310.97715729894,19259.26840841155,59.059092744649654,10.4900000000016,0.0005432620998815363,21.957857142856614,0.003990468996396125,-470392.9676810098,63.256648719203596
2022-09-10,21347.18195673114,21322.03257140833,20994.030529759457,47.902658413857594,19.330000000001746,0.0009057775770147103,75.22285714285734,0.007153207298595301,-398994.78512101,32.15348517797846
2022-09-11,21699.14397797195,21666.654864256554,21429.309832685034,38.843537414966235,-104.11999999999898,-0.004786585057506065,51.27785714285684,0.007719682089031579,-390912.9131010101,4.311461891859913
2022-09-12,21732.70326788681,21675.144258259792,21613.421588418834,69.0750506085519,244.15999999999985,0.011312759148411011,50.426428571428396,0.01183813248919582,-365503.00253100996,91.53832083409506
2022-09-13,22362.877278535514,22353.016092089863,22232.80481157124,60.98019627431462,4.570000000003347,0.00020409831196865902,49.9057142857143,0.005319834194877145,-348704.5849310098,93.41832669322837
2022-09-14,20168.764182777388,20185.46346769182,20955.350547782622,38.713075894486074,-18.010000000002037,-0.0008919559539175559,49.015714285714886,0.006561784031968301,-409459.5337610098,44.96478661289368
2022-09-15,20245.77792599942,20201.73486549733,20200.317289715313,26.2095609474284,-69.68000000000029,-0.0034331228361299537,45.704285714286016,0.008960515379457955,-387722.44903101085,18.706404565630383
2022-09-16,19702.72908580652,19733.96186647665,19892.054770736406,53.962900505902105,56.22999999999956,0.002862211227421918,65.64928571428547,0.009247465045801328,-384450.15945101116,68.46090080132662
2022-09-17,19746.894807451787,19730.637951592944,19694.451686264973,68.70108596735986,75.90999999999985,0.003847949475323409,27.912142857142367,0.00466700760615828,-388415.6695110111,95.74468085106263
2022-09-18,20118.297560871873,20097.929995688908,19988.922670127475,55.37781054183604,-5.900000000001455,-0.0002932475526256084,27.329999999999668,0.002581020932109056,-379491.24683101126,41.09237536656747
2022-09-19,19424.735881863457,19463.02060176329,19724.523761682856,49.60292674221495,-78.63999999999942,-0.0040338920800500055,41.76071428571439,0.00744449030424063,-399407.78231101175,25.344103392569412
2022-09-20,19551.893930683942,19535.494376135808,19231.51135999109,45.008726600732516,-28.38000000000102,-0.0014505197951486526,48.65714285714317,0.007414524945574687,-387308.4876110117,14.326802085205786
2022-09-21,18880.992322002487,18907.736271153557,19053.33543090291,36.74626467449282,20.459999999999127,0.0010851497835533408,47.133571428571095,0.008827435064208172,-390726.7186310122,48.92090241913631
2022-09-22,18495.51876273503,18532.025040570737,18943.49167795918,58.469880705905574,-90.18999999999869,-0.004861588384797999,71.71928571428622,0.015823770996381076,-383858.05872101174,43.28576341127965
2022-09-23,19408.82547314559,19362.261580435246,19134.52003299085,54.55003174186196,-89.43999999999869,-0.004588768087129047,56.79428571428564,0.007499045004118631,-332433.04519101133,23.298564494476224
2022-09-24,19301.745368744512,19195.06345694188,18983.458799419885,55.670589200049186,-85.47000000000116,-0.004411268320931083,62.1050000000006,0.018559668380617355,-345261.33944101166,36.23710496151942
2022-09-25,18922.516837402014,18940.12261772465,19040.60285216678,70.06733393994523,11.220000000001164,0.0005933594510210138,37.83785714285763,0.007076532376698673,-336324.91048101144,77.4080795859377
2022-09-26,18797.572367693196,18817.848380926855,18939.320186952034,47.92709077912823,22.780000000002474,0.001212695505893313,47.769285714286006,0.006872436334942847,-335692.32091101125,64.48333333333419
2022-09-27,19198.22182875542,19166.011320387046,19086.144783272695,62.788579574704265,107.43000000000029,0.005618609243849049,30.95785714285765,0.007274317256387732,-348732.6751810108,86.11611161115994
2022-09-28,19098.95942651497,19078.787567558258,19422.543535498808,49.073710823416604,-60.36999999999898,-0.0031542098800908525,36.637142857142734,0.006830950540358779,-351869.4117110111,21.567605144247583
2022-09-29,19452.120610491194,19508.180873022393,19352.652860924027,49.49307551606989,-93.90999999999985,-0.00481423590729968,43.85357142857148,0.012379591515990822,-326041.2689810114,15.414928140935851
2022-09-30,19533.733992656453,19492.02075815951,19395.232369034704,73.61177698186668,132.6999999999971,0.006819533157474522,39.78785714285758,0.010429734038912564,-350987.25592101103,85.49610548286842
2022-10-01,19432.61874261719,19421.454933327834,19522.802907715028,58.89148494288761,39.52000000000044,0.0020388906000023965,39.14857142857155,0.007650756869684718,-346885.40528101084,57.08827832872648
2022-10-02,19309.528360675227,19304.02407554754,19315.524488436597,39.22518159806296,-18.799999999999272,-0.0009725940583814596,17.3207142857144,0.0024750278177528193,-355529.48675101105,41.387604070303944
2022-10-03,19045.107028539456,19102.323682781287,19195.62510889212,34.95594538815679,50.80999999999767,0.0026733677119685773,74.4357142857147,0.022541702038871552,-386265.0375110116,44.09578593588408
2022-10-04,19617.025679979834,19587.743008009387,19427.31577210736,73.17837661809025,39.970000000001164,0.0020404193962870742,44.867857142857765,0.01029497570210818,-376471.8081910115,56.21169374452883
2022-10-05,20329.950418234428,20303.748429017567,20068.86405139726,71.6683745669252,33.68999999999869,0.0016592683360479032,34.70285714285689,0.0065540913726211715,-352070.04656101106,66.23833452979248
2022-10-06,20151.608618706836,20130.589716647886,20104.597214790872,50.95010719158002,24.590000000000146,0.001221337192871541,36.055714285714465,0.0038480435104738656,-346993.8567810114,43.339307048983876
2022-10-07,19948.608014302365,19950.44694338616,20059.45246993713,61.88826569888866,35.33999999999651,0.001773621817053872,33.113571428571696,0.004287557130223963,-353022.57390101097,85.40077234623692
2022-10-08,19538.93766344435,19545.92786308449,19646.30024029223,40.546885789255015,-25.2599999999984,-0.0012917181231734132,23.367142857142817,0.0030581194634946717,-375015.1606310113,36.21138211382185
2022-10-09,19406.9498445712,19395.212055147447,19465.592476993454,69.23163334082167,12.579999999998108,0.0006482738292163948,27.79785714285728,0.006532324905157289,-377808.74717101094,75.6140189494974
2022-10-10,19427.23404902116,19429.155343181454,19456.186387747137,64.18129999080723,29.700000000000728,0.001530192711542755,21.84142857142901,0.0033477201042108346,-375346.6951810114,84.80210450795292
2022-10-11,19153.113193997782,19172.299446383455,19269.212971932197,50.508940852819414,-29.450000000000728,-0.0015369504814908286,26.178571428571168,0.0044234418680246124,-395907.73653101164,15.542814408572347
2022-10-12,19043.28406179403,19037.786082198247,19074.45419219992,54.03874269005859,19.040000000000873,0.0009999495823740379,21.965000000000146,0.002309207703273005,-398424.2775510115,91.91771946873749
2022-10-13,19157.48614350503,19162.689141752642,19132.172605163065,35.48953841239535,-1.110000000000582,-5.7943355410983166e-05,15.567142857142764,0.0022161714230972064,-398974.6885610117,39.89130434782372
2022-10-14,19384.89719691258,19391.287074136184,19138.17778231639,30.221224751522513,-29.219999999997526,-0.0015058479155445337,26.77785714285736,0.0052265856165059285,-378106.8220910113,23.067737733391485
2022-10-15,19177.253795897308,19170.01259921335,19341.057797674235,60.20261531829283,-7.529999999998836,-0.0003925051838831184,22.422142857142585,0.004194125178542377,-375368.3021010111,64.3604043220628
2022-10-16,19070.07493808885,19073.56260439348,19126.126516834604,47.73253773253739,21.399999999997817,0.001123478120263588,37.19999999999943,0.005292898818791793,-378356.9611210109,60.46078808881999
2022-10-17,19262.53873823724,19269.463800088914,19199.538355695488,29.678195488721897,-11.959999999999127,-0.0006204947979084885,30.661428571427937,0.005281746026725368,-367440.7868910112,34.49375996997138
2022-10-18,19554.28703059944,19545.612217941205,19469.53767763786,52.56124721603565,-10.5099999999984,-0.0005373108995381237,24.545714285713466,0.0054271763568187895,-354308.17131101125,65.78302838207743
2022-10-19,19338.387581171693,19322.66303091151,19395.940581267296,54.45191570016673,-20.640000000003056,-0.001066772516963077,26.3735714285714,0.005265489816987868,-367291.91859101097,33.87414708112191
2022-10-20,19135.128194187713,19153.115909376855,19199.884730106933,50.46871041297176,-29.0099999999984,-0.0015146468069198171,26.281428571428737,0.004328979793504632,-380663.011671011,49.956002514144515
2022-10-21,19033.891376309963,19036.581947551746,19108.639505063347,58.10790157420023,42.54999999999927,0.0022395479429053733,20.780000000000136,0.003115457793844764,-397761.704501011,87.7254298895538
2022-10-22,19170.457984968827,19171.43791399348,19108.022304869934,40.68384539147715,-7.430000000000291,-0.0003875483783474243,12.5707142857144,0.0016286544063538644,-383742.3816710109,13.052568697727116
2022-10-23,19200.21067845111,19197.858539504214,19182.299603772084,72.02607278652806,6.43999999999869,0.0003354531821431195,8.208571428572084,0.0009620775518917604,-387524.9022810111,84.11662315055908
2022-10-24,19569.959438063066,19559.105237941112,19358.31341162258,41.492126586148885,-24.669999999998254,-0.0012589901439493678,31.345714285714298,0.006725769235147057,-365762.9056710112,55.31892461781968
2022-10-25,19338.47089516329,19342.211406764785,19338.0598176163,34.89604158336857,-18.610000000000582,-0.0009618401174675828,14.98928571428587,0.002315820641817227,-383389.77292101155,20.16147118188287
2022-10-26,20083.62820399244,20095.015702508466,19825.991291091723,52.138430653748685,23.669999999998254,0.0011801719151991463,38.59285714285631,0.004573284474752295,-353083.66857101134,44.91280518186384
2022-10-27,20792.059208915245,20791.63492271272,20644.89415195921,50.43902439024396,-97.61999999999898,-0.004677704618430645,39.78857142857201,0.006803081315033172,-331436.6639110115,20.257935339497784
2022-10-28,20286.895435793496,20324.71841062995,20525.774716557105,51.68927789934386,20.340000000000146,0.0010032172991358834,45.2678571428574,0.006936140624023394,-355555.6051410112,85.01957927328975
2022-10-29,20602.012992126158,20609.83045929418,20511.002527071418,34.5733412422684,-17.57999999999811,-0.00085300799343202,18.46642857142901,0.002459282519484916,-345415.00741101115,25.53539316658399
2022-10-30,20794.43754800076,20798.064851908155,20795.1687758791,69.89076137673513,74.53999999999724,0.0035948653324091584,24.937857142857474,0.005079911270960211,-336708.00982101087,92.72599490468036
2022-10-31,20611.470016871295,20614.08353807287,20681.893386027496,68.62704918032799,59.22999999999956,0.0028796810618307855,26.993571428571677,0.005723075538094873,-339981.9176010109,88.33506763787794
2022-11-01,20488.219470536158,20464.979827435316,20481.53835988637,59.738638255369395,14.400000000001455,0.0007032506785882298,23.024285714285465,0.002665186582824882,-340583.45812101074,46.272899557806454
2022-11-02,20482.62169435432,20474.01516745076,20481.084242219345,66.85966016362303,11.430000000000291,0.0005583183821564752,17.022857142857383,0.002962341014997416,-338136.5924110107,58.93041503200332
2022-11-03,20147.401653167417,20151.402803241082,20336.879474250763,69.73851847357854,27.909999999999854,0.0013869060367432962,28.333571428571823,0.004952746097983521,-354534.98048101104,84.37385236871086
2022-11-04,20200.873375369905,20210.35414328402,20243.968191159944,47.2131828567474,0.7599999999983993,3.761061727924897e-05,20.927857142857256,0.0027908089725200676,-349328.122721011,78.26819407007862
2022-11-05,21154.007353187662,21143.97553583605,20876.169236329748,43.90426327599056,-31.029999999998836,-0.0014650925066868048,25.235714285715012,0.0032888928943462657,-301902.3372110112,27.400976668475867
2022-11-06,21286.362863995782,21300.839641153012,21295.96328964581,49.6652097089179,52.409999999999854,0.002466705825209914,25.844285714285693,0.004130825905482371,-290626.5314810106,78.73152122079077
2022-11-07,20956.57229791552,21045.835449952177,21186.627997936444,23.143447594232327,-159.23999999999796,-0.007559523413919411,55.10642857142894,0.01811612137867442,-290965.66655101045,7.339622641509709
2022-11-08,20564.758695552493,20590.31895332703,20738.626233281404,71.85641737922822,93.19000000000233,0.004546310507299811,36.237142857142835,0.00856039077469366,-306930.8599410103,90.16850452236454
2022-11-09,18533.11359236624,18512.634632484504,19177.623304608762,60.61613980499202,13.049999999999272,0.0007041045247213606,94.67071428571424,0.015860074865837778,-390311.9356580097,64.23937076371016
2022-11-10,15809.323167858367,15909.49818308838,17006.74370618828,50.05388905934086,-15.56000000000131,-0.0009762604331560176,161.1414285714283,0.027206590077181094,-516664.85957501,81.26456310679599
2022-11-11,17614.55851123777,17684.40826087316,17344.02968373185,28.60193250072959,-241.35999999999694,-0.013527244765450419,80.0057142857144,0.02971311688734135,-439895.58753501053,29.693301827651293
2022-11-12,16974.290002536145,16902.94455930388,16988.490143985255,63.46424156209272,176.3100000000013,0.010436249556055488,76.56071428571393,0.015063883258456272,-448509.5819150101,74.99920531485496
2022-11-13,16805.183024144313,16818.04288976209,16857.283887487254,41.57781238768518,-10.369999999998981,-0.0006164381525877172,26.302857142857516,0.005213365461177511,-453347.41624501,64.93765586035072
2022-11-14,16355.734751129943,16394.691317344677,16557.118570410443,27.62436224489798,-77.60000000000036,-0.004729558828459046,44.13500000000048,0.011341432799391224,-473967.57766501047,27.276424830952255
2022-11-15,16626.744027287543,16530.775086485908,16514.751718371543,67.71264521297884,36.36999999999898,0.002193198010744579,66.99571428571471,0.03101794380543841,-477209.2540850106,59.57222222222198
2022-11-16,16879.4391473484,16869.589625373694,16845.07099903198,56.770453081382655,48.36999999999898,0.002870248394868158,32.74928571428635,0.003842193523860029,-461606.2742350107,93.92975863563983
2022-11-17,16664.674685344064,16626.391956140647,16628.506750207405,67.3376645235125,-50.580000000001746,-0.00302632507924816,49.38071428571467,0.01682182842570221,-455421.4774250106,49.6071983191731
2022-11-18,16691.426194035765,16691.05914830321,16636.613929583844,51.638342095610874,0.75,4.493221526002955e-05,24.49857142857166,0.00319319461770992,-449910.5411550103,49.7810909951491
2022-11-19,16680.969585337847,16661.11043242098,16679.75799025098,64.84976887519238,54.63000000000102,0.003281905006782493,23.948571428571345,0.005969426083828964,-449634.4008150101,72.19586067642598
2022-11-20,16717.170521552915,16713.688087595106,16662.552606000296,41.74170469964261,-61.61000000000058,-0.0036755121167811877,21.71857142857178,0.008243385904664492,-448008.49963501067,11.14014251781584
2022-11-21,16280.732208631653,16323.330009064777,16515.099853012005,50.957906557321124,38.10999999999876,0.0023463685775009235,38.961428571428506,0.0066611387420439224,-458862.97125501075,56.56644794829095
2022-11-22,15790.582592484581,15782.871090748204,15973.261706722331,54.45515629564738,-25.779999999998836,-0.0016309157864170531,39.89714285714256,0.007964844623697143,-453403.92495601036,43.69566832602812
2022-11-23,16196.075594623837,16176.948307529448,16062.140255063428,55.41195051329308,27.460000000000946,0.0016951161395304393,41.664285714285406,0.00864444336819354,-445567.2144860105,71.5199512640884
2022-11-24,16584.422953122754,16544.388738835973,16470.806233783092,76.37678707385125,83.2400000000016,0.0050387805715179645,36.05500000000029,0.013184790630328933,-432266.9207460104,62.95979469632127
2022-11-25,16594.3217901559,16586.359385524698,16578.01907474627,50.860221282512086,22.56999999999971,0.0013615759291232266,27.155714285714566,0.002335127950448324,-438167.11512601026,49.12993776197194
2022-11-26,16529.68074169758,16525.758736487838,16511.10313917416,51.06488853503156,24.299999999999272,0.0014729200913574658,21.745714285714453,0.0040132432004788485,-422445.52931601,33.61264065118391
2022-11-27,16458.312277658602,16468.936045174647,16521.937839260456,63.6382436065347,14.869999999998981,0.0009042976945576875,24.525714285713807,0.005042611488952464,-424860.50353601034,67.7948717948731
2022-11-28,16456.81122580434,16507.471253135598,16542.409868798954,25.24071102333093,-66.52000000000044,-0.004032663849702689,43.241428571428386,0.015361061039939143,-413824.5226860106,14.473272897780049
2022-11-29,16217.402138551673,16217.63062970874,16227.17805614408,47.10428220747304,8.989999999999782,0.0005548040227303375,17.894285714285875,0.002300094277108388,-424358.4601960102,34.360707894214265
2022-11-30,16451.707886833556,16459.876632539417,16426.85675803675,35.67165741807035,-30.0,-0.0018212138633227903,19.025000000000155,0.0035910814474277653,-424341.2888860101,16.181583391275968
2022-12-01,17170.95832733808,17129.949279623554,16937.392549980417,59.513776337115075,38.849999999998545,0.0022686409585168654,53.82499999999917,0.00913982696400032,-401156.99639601004,44.50656611623928
2022-12-02,16960.835601740506,16952.425444403245,16993.848507253664,53.17262675565235,24.93999999999869,0.0014711755187899467,18.0050000000005,0.002078611910775988,-406936.42737600964,92.7175843694427
2022-12-03,17072.775846779932,17050.52511779123,16985.35591554862,63.36950581622257,39.159999999999854,0.002296292039559944,18.26785714285766,0.003240101172081095,-393019.3900960097,89.97758565482151
2022-12-04,16898.582909204273,16908.74099813159,16949.34670699856,52.04602606111369,-20.090000000000146,-0.0011883854107205272,19.460000000000168,0.0027428956502188744,-407159.50841601,31.32556131261254
2022-12-05,17116.474988803864,17108.31544066525,17045.37491759021,50.81206496519759,-22.93999999999869,-0.0013392773740354968,28.872142857143054,0.004044638546066296,-387430.7690060099,20.921523933572693
2022-12-06,16962.395755799134,16959.07825956373,17072.90078036409,55.838821613199514,5.209999999999127,0.00030717274900138314,19.3928571428574,0.003357939828826504,-375797.45325600955,67.82945736433959
2022-12-07,17061.70741596697,17024.508229862404,16996.899208649662,80.844366724956,92.23999999999796,0.005426929431090022,30.788571428570712,0.010541474496583223,-364599.6271360095,87.48613422074354
2022-12-08,16845.71712747984,16838.794919541095,16847.78825856097,45.143603133157654,-13.970000000001164,-0.000829050105604523,14.485000000000062,0.003249827227387469,-370884.1182360089,28.52242097524882
2022-12-09,17230.384028782308,17215.817537799285,17035.304008040788,51.89096761214977,17.56999999999971,0.0010211239570092623,27.03857142857149,0.004087040324112489,-352681.9580460091,36.577028258886884
2022-12-10,17132.415122683844,17128.507025581952,17150.96369433356,54.26626826029407,-7.129999999997381,-0.00041609062722292034,11.392142857143492,0.0018156414382790897,-356734.5781360086,27.852104110923293
2022-12-11,17124.965578316074,17136.690951397082,17159.51336697349,47.18366615922023,-15.659999999999854,-0.0009134843946415616,14.421428571428416,0.002708832969274445,-361019.0943260084,61.561144839550224
2022-12-12,17095.975164669842,17110.64629185503,17147.471997435525,36.719999999999494,-39.159999999999854,-0.0022868208226831666,20.279285714285443,0.003459653431581201,-365828.2606360084,24.09948542023919
2022-12-13,17193.413558856195,17168.702542305142,17060.769011012013,79.61440058479721,44.66000000000349,0.0026017802328788253,19.7235714285715,0.004881891545222329,-362709.63199600833,68.08362369338234
2022-12-14,17774.8812545429,17763.53318227303,17613.021177994407,59.24653612733252,29.080000000001746,0.0016387142292013657,24.4407142857152,0.005779968848128061,-346123.6100560082,42.866357069142644
2022-12-15,17809.920194328763,17821.967518789384,17882.795621892452,46.009509254543374,-17.609999999996944,-0.0009881733438976692,21.522857142857124,0.003770732369543804,-338559.86570600804,39.29917632277126
2022-12-16,17345.839828643235,17357.990655056357,17495.291484682064,51.13392923099646,-9.669999999998254,-0.000556834874562373,31.415000000000354,0.004593953417064664,-365793.44004600815,74.83591055734884
2022-12-17,16624.729589919047,16702.699290620218,16945.980511264825,30.581064389667176,-10.220000000001164,-0.0006140963350106388,58.844285714285434,0.02188800415580666,-406054.05372600746,41.85972200031915
2022-12-18,16766.849611481994,16742.67664512807,16719.717000288187,66.28089991667659,13.9900000000016,0.000834599550306736,23.042142857142867,0.00561148495486767,-404928.4312060079,73.57458995053456
2022-12-19,16769.66974553519,16771.056684275864,16738.762528024075,47.49006420055049,-58.20000000000073,-0.003465026157375317,22.58857142857128,0.0049993838934378676,-407178.97126600816,12.337662337660268
2022-12-20,16426.477083682417,16466.43211875209,16616.331688506478,66.20549439650912,55.02000000000044,0.003358182992286407,31.064285714285948,0.013870184118550117,-428965.3343560076,79.16452837935009
2022-12-21,16898.4907234333,16889.36802102664,16832.1015594536,57.45799224472271,2.5100000000020373,0.00014858181323096353,18.911428571428978,0.0032444615330109124,-401787.32527600735,51.99679230152487
2022-12-22,16799.43807004473,16787.826995471005,16809.782508806285,66.19615154138033,48.69999999999709,0.0029029617959497322,19.85285714285653,0.0042695029195115594,-403934.5509760075,87.78518778518523
2022-12-23,16818.09353141934,16801.234905443827,16755.102918416902,72.02881152460873,3.3300000000017462,0.00019800096324806837,13.747142857141755,0.002879382851325917,-416079.19626600755,80.43680297398049
2022-12-24,16783.01595463655,16791.4321461354,16818.6839350014,48.94907033144613,-10.0099999999984,-0.0005962411196704931,11.903571428570753,0.001305918319875281,-420002.6842160072,22.586656727547204
2022-12-25,16835.87709352741,16834.63454518728,16832.84534109579,48.508745324031466,8.5,0.000505121936435371,13.573571428571086,0.0018189687570155425,-415093.66495600744,61.378099626942515
2022-12-26,16826.041014605442,16818.218673363863,16809.064874462234,57.087945879460385,1.7299999999995634,0.00010279031132975902,10.517857142857142,0.0013817168564354669,-408715.5742160077,76.84563758389562
2022-12-27,16884.314042313054,16860.15355440176,16843.10417859219,81.40897178973381,79.68000000000029,0.004731672932609898,18.55928571428584,0.006584331820355106,-400340.1142860076,80.1657458563529
2022-12-28,16704.571490995884,16697.37037013419,16750.552133965088,62.603626943006276,0.43000000000029104,2.5739363208154842e-05,11.29857142857145,0.0018699095046616609,-410684.18388600746,56.0645497136903
2022-12-29,16542.997888877613,16541.126712581823,16613.514941887635,69.60901485402192,8.860000000000582,0.0005357213039915987,14.004999999999459,0.0047095021612587815,-417933.81861600763,73.05982215036737
2022-12-30,16636.920550829163,16626.129366715493,16609.787678121473,52.986111111111356,5.960000000002765,0.000358442123926217,15.462857142857372,0.0028435772719448233,-416527.73953600816,50.04748338082207
2022-12-31,16602.55302956584,16592.62205422606,16553.861219565464,64.96203982237354,10.989999999997963,0.0006621882096755627,12.646428571428,0.002445529410186847,-410887.5704560079,77.793103448275
2023-01-01,16535.72473780653,16538.875313263994,16564.88237724223,62.92365998917326,47.159999999999854,0.002859006598267211,18.220714285714557,0.0036739917321331325,-413790.4714760075,89.1186607582472
2023-01-02,16610.377619099407,16606.710556790807,16578.506988465888,65.69456427955001,1.0099999999983993,6.078573689749511e-05,9.475714285714016,0.002073139080033685,-412575.01389600727,74.19455739756116
2023-01-03,16694.223404872413,16709.240187776308,16704.041581869384,33.61574881634699,-38.530000000002474,-0.0023056117380950703,15.082857142856872,0.003549348401833743,-412795.8304460073,19.78549703857908
2023-01-04,16674.695616761994,16669.747814266615,16676.635044766845,55.586592178770495,-12.579999999998108,-0.000753845932587649,10.454285714286275,0.001944970037659246,-406745.2759760069,39.3883792048952
2023-01-05,16851.068459363614,16841.276205109072,16833.298064774892,61.83186951066579,16.139999999999418,0.0009587613800936534,12.947857142856654,0.0032129965171167935,-401003.20067600766,64.45760829322367
2023-01-06,16832.72895250959,16839.243385698093,16835.67811609887,42.724995182115165,-4.319999999999709,-0.00025659042406911414,11.39142857142802,0.0018313468359530448,-406273.9930860075,44.66689678977622
2023-01-07,16956.49793723554,16949.259224792782,16863.94859521335,49.752794496990994,-10.519999999996799,-0.0006202402310687694,13.412142857142888,0.002254150193788066,-394332.2847760079,22.55936675462423
2023-01-08,16942.395449864976,16940.865042171587,16931.874620655584,57.138810198300924,1.860000000000582,0.00010978820910056974,5.912142857143928,0.0008357285838122144,-396698.2954360076,73.69040612124341
2023-01-09,17056.947688655004,17013.403752328148,16957.52976570596,83.37913778251762,86.70000000000073,0.005087690781069076,35.322857142858474,0.011538927850811153,-379440.28988600767,77.16674407803103
2023-01-10,17185.406649318134,17197.638890467908,17231.17747411951,40.31656821700963,27.659999999999854,0.001612771564843296,20.067142857142503,0.004327923002224712,-369108.58929600724,59.634551495015536
2023-01-11,17433.63363129163,17436.139350825728,17349.84615083281,47.49248346361898,8.790000000000873,0.0005042488270048384,13.776428571429278,0.00153643526800975,-359991.2438860071,86.81241184767168
2023-01-12,17825.881215238496,17681.31842066054,17494.49370245041,77.82784265423533,372.90999999999985,0.02122382308832771,70.5442857142859,0.03910116037675968,-345954.52211600705,87.3666867054079
2023-01-13,18868.34444280891,18864.2836519696,18495.340804918407,45.467557251907714,-49.47999999999956,-0.0026185297495250337,31.66357142857201,0.006501339068525707,-319084.9439360067,2.2583460615314337
2023-01-14,19873.02288585796,19796.387481495483,19278.361157238982,67.29629118985201,62.55999999999767,0.0031488691301599925,55.14428571428574,0.01091166859525693,-272896.5139460066,94.29253675437671
2023-01-15,20998.119866159985,20958.367047343938,20755.427246461368,53.37841021533207,-22.270000000000437,-0.0010616293221351603,52.62499999999948,0.010335374042167993,-209290.97867600655,21.468246001470952
2023-01-16,20866.877527112447,20868.889187947098,20820.33860794735,52.60608770165075,3.459999999999127,0.00016580378415986807,41.3949999999994,0.007108817098772601,-197775.35584600654,29.90378781312326
2023-01-17,21178.825393930958,21183.062555509492,21071.82055557485,52.03683170226122,51.38000000000102,0.0024311225322664054,36.24500000000002,0.0038257802232242303,-186636.95214600657,68.1261080706092
2023-01-18,21185.410037183447,21239.477119493222,21231.195120132066,25.29663608562801,-130.15999999999985,-0.006120864501572343,46.15214285714345,0.00953091952201586,-193969.2219560066,8.545893404659214
2023-01-19,20713.626438263334,20750.33664517393,20989.84729568266,15.655835585444237,-94.69999999999709,-0.004558984448904346,44.80785714285672,0.007217370388139259,-226355.6429860067,19.83801049509613
2023-01-20,21061.776496758433,21043.073498194706,20934.320687103027,58.14618211514928,32.650000000001455,0.001551884267933623,34.361428571428405,0.005203908512137419,-217854.7016560068,50.88487502280547
2023-01-21,22647.758092882723,22509.118712955842,21629.322709362088,55.7360919051165,58.05999999999767,0.002567986854879356,63.33642857142903,0.005708391700334144,-149383.63904600678,59.32700683078863
2023-01-22,22817.656359128632,22947.426089284556,22936.673672963614,35.13453610532376,-131.88000000000102,-0.005755074201095112,111.47928571428565,0.022954628523308054,-128136.74678600693,25.297706918610384
2023-01-23,22702.536095215426,22654.448452959383,22757.8555363124,68.38362429583368,-34.11999999999898,-0.0015003078005452197,52.45642857142827,0.012504294915657596,-101732.81964600687,66.72044366019719
2023-01-24,22929.19564612219,22935.081227108953,22879.746828242754,43.02368692070041,-3.7000000000007276,-0.00016143000809332175,40.15714285714317,0.0048103001714493365,-90202.45660600677,59.71643035863443
2023-01-25,22631.498217181692,22737.241795021473,22903.456410688806,35.02054074711005,-43.06999999999971,-0.0018993683178132326,84.03499999999985,0.017534588375955874,-104860.49225600659,50.79042524579344
2023-01-26,23114.7876129248,23126.229728854716,22832.912185486835,48.45907238251728,47.39999999999782,0.002059657054064523,104.36642857142864,0.02789897173192346,-65965.2518860065,61.78985177315697
2023-01-27,23007.979779378627,23024.559229690196,23033.69196432794,48.954271534917744,2.860000000000582,0.00012431112728017446,33.53214285714239,0.0033115787577177266,-55678.04835600647,53.13676286072998
2023-01-28,23061.004572598198,23077.058415795742,23064.10930100233,62.65191469846332,31.5099999999984,0.0013674642456487085,31.737857142857006,0.004391474096119435,-36290.95446600648,92.44451973572608
2023-01-29,23001.962267266455,22998.14968241917,23007.7864977638,59.04866908174553,50.0,0.002176505924449179,20.32571428571464,0.0022471355800925937,-33178.795316006486,86.81972789115258
2023-01-30,23772.620278518974,23777.452519226186,23574.255511827017,49.07463521514122,-107.79000000000087,-0.004519479800705217,50.191428571428595,0.006465408086211445,-4175.690616006489,14.088257671822138
2023-01-31,22790.927033640117,22766.061213402347,23055.78948737226,72.85546415981284,95.58000000000175,0.004204909951664337,39.95142857142855,0.008859890721452074,-26312.080786006507,91.64175672568561
2023-02-01,23119.78200387496,23079.687890471723,23038.051960582823,45.89802022503966,5.780000000002474,0.0002500070287443368,55.92214285714311,0.015723242194230914,-32815.947276006504,18.39956450734981
2023-02-02,23721.701297686293,23685.607290861823,23291.224613269755,54.793863854266796,18.07999999999811,0.0007624001774435563,39.224285714285934,0.004649292220792172,-25432.688566006484,48.51940584571151
2023-02-03,23506.70401962546,23571.282600287643,23730.39829061235,36.861477073371354,-87.12000000000262,-0.0036952739346609587,45.60214285714262,0.006570972425489383,-33372.427796006465,33.391384520821
2023-02-04,23436.580468599805,23417.886716445457,23464.391541024084,51.558486042131975,14.390000000003056,0.0006144974422985783,28.202857142857933,0.002978937236117295,-29490.194136006474,42.001735608911076
2023-02-05,23350.862232200867,23385.849411942752,23406.486344918336,35.04430759987923,-93.97999999999956,-0.004012669069656805,35.497142857142535,0.00785077968592855,-40210.92254600651,38.3282016193413
2023-02-06,22946.711822673446,22941.515976206403,23075.701430069184,29.880174291938957,-21.93999999999869,-0.0009557892994290773,34.72857142857122,0.004618560376565995,-57542.101456006516,25.997237793484413
2023-02-07,22764.13430162241,22831.397408445817,22920.95014797731,31.19173800788157,-25.93999999999869,-0.0011382954354967056,56.02714285714371,0.013417335375410401,-46555.75207600648,44.87368914195096
2023-02-08,23256.901584948755,23229.616991894276,23063.633594950916,40.36475295431266,-16.400000000001455,-0.0007051682815307769,33.513571428572114,0.006126272745126216,-42472.08639600647,28.865233567589605
2023-02-09,22940.64767458855,22931.112954897988,22996.645139321416,47.541459369817424,59.349999999998545,0.002591290034557714,33.72714285714288,0.004487286994099653,-58182.307846006435,87.70725007358108
2023-02-10,21814.282912690807,21857.689686050926,22335.950997688095,45.74113549704218,-44.36000000000058,-0.002031069502777205,51.80214285714309,0.007825176936487996,-96107.11734600645,64.59401454632021
2023-02-11,21615.098867946574,21613.214133023255,21741.785067403907,52.94361525704726,34.23999999999796,0.0015858496268110756,34.41714285714261,0.004608896291579012,-109379.68543600639,66.0725481415132
2023-02-12,21859.536486359215,21819.00375235179,21728.00867111598,59.594148859887376,36.47999999999956,0.0016713957208054353,25.205000000000187,0.004158305328838887,-112094.60666600637,54.908828680333194
2023-02-13,21771.515386797593,21799.257320299646,21869.464009974272,45.86022185667939,27.06999999999971,0.001244227579198176,37.450714285714376,0.00427302221712743,-113497.12659600638,53.16984559491521
2023-02-14,21771.741647056755,21705.14252806112,21656.791622179448,65.32248555594926,130.84000000000015,0.006045336326122808,48.74357142857116,0.014477030578218973,-105350.21236600626,66.23571999435852
2023-02-15,22212.141036989895,22207.682849290486,22021.32851964038,63.43563564794901,-40.86999999999898,-0.0018376211910500206,26.26000000000022,0.004259803457274475,-92444.60827600639,44.13574660633524
2023-02-16,24292.665889910844,24192.669010222657,23180.28324091608,54.47195921340128,76.32999999999811,0.0031479248358194933,62.443571428571886,0.006814536149302557,-3220.181906006424,91.51893891085288
2023-02-17,23761.507410435734,24061.07856981503,24457.96369587128,11.84733963202433,-553.9300000000003,-0.023011717102899065,125.54857142857145,0.0373198219135652,-4425.421726006431,1.9738820736052496
2023-02-18,24590.663272159185,24582.660331343814,24285.825865817053,50.577642893272916,-29.549999999999272,-0.0012012429510819267,83.46928571428596,0.014744247353741425,8082.156573993559,24.417481842226866
2023-02-19,24633.02731170126,24630.61620167082,24605.85057073247,52.866284055677326,-23.93999999999869,-0.0009709647471658478,23.112142857143095,0.002099492614142976,11402.442763993553,28.750784682990897
2023-02-20,24371.51360238143,24438.70565121736,24581.895066053054,21.218366169318372,-138.37000000000262,-0.005668548262545259,67.33785714285737,0.012006890287883454,-12378.609336006419,26.057056365370908
2023-02-21,24791.824118510915,24778.434580901878,24759.27634128958,70.04684583142603,78.60000000000218,0.0031740134713855728,41.014285714286025,0.0068056785304163574,-16026.257286006405,96.14201486798231
2023-02-22,24393.70455140335,24375.955045420713,24559.42358441169,59.55184200531701,69.0099999999984,0.0028302331733183195,43.32214285714326,0.0074077431353005456,-44782.28194600645,94.60966542750992
2023-02-23,24147.726565761204,24043.87733214351,23973.337387883832,65.27122354658238,8.529999999998836,0.0003528631139322336,57.67571428571422,0.013537086761299204,-59860.50943600637,80.48897156524073
2023-02-24,23903.46420299986,23890.540091391875,23990.38767382926,68.2553634795068,43.04000000000087,0.001801050836166329,41.21642857142875,0.0072800914986542505,-54208.025926006376,86.7283030122283
2023-02-25,23169.43622571327,23148.077773084,23410.0358661684,66.63801747600655,70.29999999999927,0.0030413164790465963,41.30642857142863,0.009906822371265184,-89535.75505600641,86.55110912941834
2023-02-26,23149.898952622243,23085.906983687597,23045.90257269502,63.14511041009481,31.090000000000146,0.0013443754599804514,41.42785714285752,0.007644049147378323,-96033.62889600638,74.23837520042636
2023-02-27,23533.106613057258,23519.525435759806,23346.400195478807,70.63650331818631,22.80999999999767,0.0009693167273214787,54.32642857142881,0.012416488296241653,-81676.54758600648,63.23828920570165
2023-02-28,23493.096140116566,23441.367152727504,23413.123368486165,66.29184100418425,0.3100000000013097,1.3196105190793617e-05,53.199285714285516,0.008524157109467722,-70447.13829600655,52.323751573646824
2023-03-01,23143.22703134014,23171.171966531663,23329.24764990863,40.3516280907385,-12.340000000000146,-0.0005329553410201582,44.56000000000053,0.0057586565606847,-97776.11991600659,42.11654648216728
2023-03-02,23604.040756227918,23555.718185351034,23586.63715466512,66.91869747266301,96.68000000000029,0.004108397440283129,38.78285714285682,0.010476508417770607,-108030.27916600657,73.68512110726762
2023-03-03,23466.677519950656,23464.155204496175,23423.311431807702,44.7902161409459,-0.5800000000017462,-2.4716716597317223e-05,29.045000000000073,0.0038991855589391613,-111672.19757600647,48.19922345695626
2023-03-04,22342.79271272643,22320.54673130762,22410.732235362004,66.86775253033159,17.479999999999563,0.0007825629922917354,27.583571428571823,0.005489812340739193,-162483.21872600625,72.94936858255828
2023-03-05,22329.752631432017,22302.51923571877,22313.596223627264,68.66223207686724,25.43999999999869,0.0011397272449915619,21.732142857143636,0.0022900419369208938,-174020.17412600655,89.37840435757639
2023-03-06,22422.068942805276,22423.485441092722,22417.445575509995,47.04867848057636,10.400000000001455,0.00046387485370114057,33.055714285713684,0.0033457441086552162,-175045.13418600647,68.16960286652812
2023-03-07,22415.350164660194,22417.959893914893,22427.116322106664,41.90608282147793,-13.479999999999563,-0.0006011555744246388,19.770714285714348,0.00203394064808738,-178790.90253600618,35.57657979293134
2023-03-08,22170.762913227005,22128.907488782857,22242.859445034846,75.35053427156615,96.18000000000029,0.004351685701332597,34.37285714285723,0.008439689255793591,-202881.53081600615,79.27147678787524
2023-03-09,21729.381955999088,21837.474728781355,22015.919218432973,26.12439542557466,28.270000000000437,0.0013041370252666606,81.92357142857092,0.02302145331689405,-229006.26835600619,33.515015496419544
2023-03-10,20347.506442229726,20379.71355974657,21107.663048846636,55.20552378897407,50.05000000000291,0.002464040031173509,41.56357142857165,0.004334732710852362,-288234.4331360061,83.46036585365842
2023-03-11,20158.321740850006,20105.818605296452,20047.16296862758,58.764912669194345,15.270000000000437,0.0007583651098412858,53.04928571428588,0.00842972116891526,-315832.94053600606,45.534575921315486
2023-03-12,20419.688582528444,20376.742134566917,20227.488391937743,67.36198783427068,70.06999999999971,0.0034372200850989465,49.031428571429,0.008432436718549806,-307869.3277060059,65.9584232022393
2023-03-13,21865.456281723164,21642.64021714194,20869.20231892477,71.70346143363315,270.619999999999,0.012455762527679326,118.83785714285737,0.017213022195442566,-237265.65502600648,72.10036496350375
2023-03-14,24072.99199628788,24105.9605586782,23439.489537710044,49.33854569237161,-28.260000000002037,-0.001170586709988708,85.97928571428565,0.013083638955963,-214441.4899360065,63.53827214135686
2023-03-15,24679.296130234652,24660.70303353902,24842.56437296077,54.16590801500296,15.029999999998836,0.0006096032590046097,87.42785714285648,0.008598474048466085,-150392.62152600655,43.25694371105681
2023-03-16,24327.759109692488,24368.72816917694,24491.426294421177,37.08160882945982,-109.56000000000131,-0.004491043737256728,70.30142857142891,0.010390983458763025,-175019.25784600654,28.475346512156356
2023-03-17,24990.006644147124,24945.612473691715,24778.162140745208,57.12357719436699,8.020000000000437,0.0003209186115187279,61.84642857142899,0.006720541773962734,-169725.8725660065,50.66666666666591
2023-03-18,27384.90226124667,27298.996700306347,26580.986604111342,34.173009611645156,-206.4399999999987,-0.007479284692863408,146.66357142857228,0.020175541792687733,-90931.86451600639,29.329546151174306
2023-03-19,26934.52916417569,27039.439817734667,27222.38354280496,45.48024235122402,56.830000000001746,0.002116521530569626,116.14285714285741,0.015614572958871545,-96274.57097600643,38.082031250000625
2023-03-20,28078.676401642148,28089.814632615115,27718.217976755168,40.86993183894308,-147.13000000000102,-0.005232219061166443,88.08857142857207,0.01316006598536935,-68165.07951600649,19.941140404659148
2023-03-21,27760.207885202934,27855.649555269894,27873.694332331248,28.01618189266665,-166.61000000000058,-0.005975192604116719,95.41571428571426,0.017089281749427643,-58991.93242600653,31.947328784316937
2023-03-22,28084.81554220429,28060.463450370407,28009.7345310268,69.99161777032761,78.10000000000218,0.002786561850077307,48.514285714285506,0.006980962999546151,-45575.15156600658,72.8326520651584
2023-03-23,27253.182208448397,27241.148760827153,27798.586936899806,68.2734824281147,-29.340000000000146,-0.0010755009748789623,48.9342857142861,0.010754025271560885,-69184.3263860066,61.71740626075063
2023-03-24,28313.347621853714,28260.40458748879,28003.95741851085,60.75817437040984,-16.5,-0.0005827936017033242,66.39142857142828,0.011224426219919882,-61005.48026600658,43.250019899705066
2023-03-25,27421.604574134148,27420.68043654957,27766.231982686033,65.04408000758389,115.59000000000015,0.004228044455369062,52.30499999999977,0.007490373384327577,-67691.4299860066,73.47413866079799
2023-03-26,27461.881384963523,27443.632266410415,27478.78274765589,53.72769056288468,34.900000000001455,0.0012724200225682214,23.649285714285465,0.0024729787015771386,-67907.28320600656,71.10783952889248
2023-03-27,28008.590339193302,27968.7983273441,27803.12085597195,45.97004615529502,-77.67000000000189,-0.002769406526200835,50.60142857142845,0.006630061765406498,-63437.0960760066,9.819587628865605
2023-03-28,27135.469503802513,27123.62764502752,27319.76922688797,53.15087007940491,14.0099999999984,0.0005167663190819294,30.159285714285424,0.003443156496928005,-68241.88753600669,53.71214885078414
2023-03-29,27261.774074969657,27242.140179044563,27108.370491871403,64.90830414176713,-0.9200000000018917,-3.37466193774949e-05,39.753571428571114,0.005271874237782201,-65537.7337860067,57.505858230814425
2023-03-30,28375.62206792213,28379.250251617344,28223.393389329547,41.830137388875876,-92.19000000000233,-0.0032414711405697183,32.96428571428545,0.003894002016880651,-57209.922646006766,21.19976703552625
2023-03-31,28010.003073551314,28016.26583209354,28205.447791855753,79.08559706595503,105.64999999999782,0.003783635498916915,50.82857142857107,0.01037965181822535,-53791.68652600672,88.25226344754074
2023-04-01,28501.666287087595,28505.281518860073,28329.815463749965,33.48652071648277,-95.97999999999956,-0.003360486587814182,30.78714285714289,0.005780442607927684,-47739.9221960067,0.0
2023-04-02,28480.75818814063,28486.564750558624,28432.246704416335,28.412305516266272,-68.70000000000073,-0.0024087151310435706,19.912142857143667,0.0036142848381563756,-49830.057746006736,7.02727272727233
2023-04-03,28136.06379038905,28080.567853790137,28180.540899943473,72.81065252223806,98.0,0.0034907905465118017,41.76357142857133,0.011725191164824395,-51934.84438600675,83.99023546762956
2023-04-04,27831.08995457061,27823.256314189977,27965.29066267097,46.049754352085934,-97.16999999999825,-0.003483149007587394,69.677857142857,0.007855143566473759,-56924.527756006726,23.15081652257445
2023-04-05,28145.099180095338,28169.983856254228,28134.557755065995,45.56875652243749,-1.6699999999982538,-5.928894449336308e-05,29.8785714285706,0.0067319293814878545,-54672.16251600675,65.18051489904708
2023-04-06,28179.70729404075,28175.328837123245,28224.552825190065,47.57391829056161,12.179999999996653,0.00043256174215122734,26.702142857144022,0.003146750003785493,-51410.84423600669,32.83915515840688
2023-04-07,28023.63545888237,28012.98356929913,28020.457322981405,60.53268765133124,-21.220000000001164,-0.0007563703348846262,17.187857142856956,0.005318820650520244,-53565.5571660067,63.18811212428203
2023-04-08,27913.708737586465,27908.122692339828,27915.334015525867,29.80660696817084,-20.07999999999811,-0.0007190326289701066,15.59785714285785,0.0033575409101220433,-53552.05151600669,15.256605691059272
2023-04-09,27943.249556696155,27938.556490035462,27966.0808883727,58.70791317723506,-36.97999999999956,-0.0013218775379476577,16.006428571428064,0.003420468641927025,-53981.53579600672,29.37193892250062
2023-04-10,28343.017104225517,28331.048516567742,28082.717724845676,38.85206387466093,-36.2400000000016,-0.001277856135401989,35.91714285714261,0.0052563386108487025,-52824.45509600673,22.786657908180345
2023-04-11,29650.52361570562,29547.712457324025,28893.057165143236,52.204907161803604,-41.900000000001455,-0.001411761217605334,57.51571428571385,0.006067226477587288,-38439.287656006745,26.300000000000082
2023-04-12,30221.36945887176,30211.25686103749,30088.576993829953,43.493753299313354,-56.26000000000204,-0.0018594241007275913,25.409285714285684,0.0034263472649213333,-29432.16772600676,35.39714510902769
2023-04-13,29888.428441597385,29896.981199966278,29964.990580671056,49.64321001207583,33.2599999999984,0.001114058337668089,36.2221428571429,0.0037873735564762645,-36455.20219600677,64.05857740585749
2023-04-14,30332.365339532873,30319.026966913567,30268.66500265225,79.83954835834228,90.63000000000102,0.002992747466335377,23.709285714285475,0.003776404427013716,-35529.73114600677,86.30755064456797
2023-04-15,30434.27571297803,30426.67782012276,30459.518565099323,53.240817960436345,-1.7099999999991269,-5.612327954251928e-05,30.45642857142827,0.00345744984290868,-40742.323026006765,86.5828468792107
2023-04-16,30313.692003456497,30317.188434869,30341.481390094294,16.941935483868377,-57.20999999999913,-0.0018848653973504437,13.564999999999989,0.002604017585875901,-41167.19885600677,16.42387520949033
2023-04-17,30294.559213761142,30316.31020203578,30323.41850341442,44.45190306773192,-9.409999999999854,-0.000310417014415143,22.664999999999573,0.0030603480555360385,-42710.85544600681,56.999522216914116
2023-04-18,29448.830677711536,29466.784168102968,29590.7891679867,20.933032355155973,-52.5,-0.001780701067097823,19.887142857143512,0.004213197892238508,-45980.36704600682,28.796895213453393
2023-04-19,30358.157822121542,30339.00899645939,30136.904014276588,61.40460598925761,51.73999999999796,0.0017059990563259575,32.415000000000354,0.0031430989595889035,-40810.14726600682,72.33897645456254
2023-04-20,28820.94066117919,28959.4228651109,29328.118946102157,23.919627058663337,-201.83000000000175,-0.0069599119691657885,141.8035714285717,0.023040351755760292,-56094.202436006795,47.20613287904575
2023-04-21,28250.432189761665,28252.276330549314,28516.55557800884,53.349044078597956,-56.340000000000146,-0.0019908134243157294,36.78357142857151,0.004062384322350894,-61937.38561600671,44.312444312444434
2023-04-22,27287.986334100027,27305.477360387144,27747.50208416859,53.5683220809344,-54.529999999998836,-0.0019961658095196677,36.18500000000053,0.004974352074101979,-70048.31453600671,44.607705286839156
2023-04-23,27822.726047222,27780.82007718027,27573.348974710105,47.678695165502035,-34.590000000000146,-0.0012419465564437182,27.020000000000696,0.004749015816638884,-64511.31643600668,19.59228515624866
2023-04-24,27590.548654887436,27566.70338577409,27551.158562575383,50.635817732250025,-25.720000000001164,-0.0009313333565080795,26.65714285714265,0.004846925023387214,-66206.13166600674,44.12508192116694
2023-04-25,27504.60803531174,27470.09144742713,27441.917074878314,52.4116084201921,30.0,0.001091666111736389,31.63642857142934,0.004214928207155165,-63659.36860600674,57.49039692701648
2023-04-26,28286.331670445725,28214.14138754088,27711.58602874169,57.646427154095946,87.69000000000233,0.0031081306201730108,41.339285714285715,0.0055495672053541825,-57809.77731600669,70.47064777327986
2023-04-27,28368.161892000484,28372.65882836921,28785.582332435548,58.6021180030258,68.83000000000175,0.002428169161158067,68.92285714285701,0.007862536972277272,-62292.66104600671,80.15469163443929
2023-04-28,29458.96671529607,29501.728447958085,29298.023093580163,50.064470546674876,3.9500000000007276,0.0001340399785265678,71.28857142857149,0.008767159706345557,-54188.75045600674,88.86161901255801
2023-04-29,29328.669388014732,29340.5011209007,29298.859268169872,29.27181324971319,-47.02000000000044,-0.0016015684607503244,27.29357142857121,0.004611817684090326,-54133.80379600681,29.558525033829714
2023-04-30,29204.35735483307,29206.15816260647,29253.75588779294,55.330102967898604,47.900000000001455,0.0016413918591762222,23.33714285714346,0.002414363780014356,-54709.37179600681,89.10795399632714
2023-05-01,29343.00243065785,29376.27517363292,29396.325949602826,30.205616081018988,-187.02000000000044,-0.0063568503713261615,45.68785714285722,0.006030015789238854,-54525.43109600688,22.81787792497238
2023-05-02,28083.75724623089,28040.566354978986,28279.81684126098,60.111652775593804,-15.190000000002328,-0.0005408879607029515,40.91928571428616,0.007354758554104957,-66964.73765600697,56.310178817055366
2023-05-03,28669.259389806684,28688.220453748097,28466.37741735336,35.49738594857887,-83.2599999999984,-0.0028956857551458715,32.58214285714296,0.006585119307710395,-66354.45969600696,30.809021311815574
2023-05-04,29019.80260703178,28973.226685729584,28616.954729547288,42.55634710301747,-26.799999999999272,-0.0009224533403825452,60.04071428571452,0.010645560028195158,-68787.44384600705,38.76281112737951
2023-05-05,28827.577315947165,28821.854987624953,28884.216516624107,60.25395720995005,27.06999999999971,0.0009395687563364952,24.735714285713453,0.0036207985017017003,-71969.58367600707,78.70488569107704
2023-05-06,29516.45531673718,29524.33398120757,29355.952793371354,22.25175163082919,-58.70999999999913,-0.001985839687839941,35.77214285714321,0.00579174742621687,-67115.20205600696,17.327072835548275
2023-05-07,28837.739663759075,28825.383476752897,28936.783785376734,53.26118891391628,-17.090000000000146,-0.0005920605682464553,24.966428571428747,0.0025689889251521397,-74978.77320600692,54.6870614650576
2023-05-08,28624.500329464434,28733.34502577494,28861.80449436375,17.535094424041446,-337.9800000000032,-0.011748437851952676,70.94142857142833,0.015148907678455215,-76743.47476600694,8.38301759784572
2023-05-09,27654.132841799066,27613.81487257465,27787.681185919522,59.386035453306164,64.9900000000016,0.002354385990334773,31.198571428571345,0.0038582160805561024,-83486.99291600687,73.11193965143596
2023-05-10,27613.076534360483,27601.919565102424,27608.673191894657,69.28335832084039,33.81000000000131,0.0012252459370467594,18.7550000000005,0.004166507735451856,-83637.51183600695,69.78292329956655
2023-05-11,27612.85620532057,27616.635747286742,27711.84263292018,44.153588487066344,-38.95000000000073,-0.001409306852596326,46.91928571428538,0.006336528290528048,-83895.74732600691,17.136429800185876
2023-05-12,26967.356862666733,26958.696218439738,27138.482370452413,54.65690447811983,148.61000000000058,0.0055410121025309955,45.41214285714289,0.008508225053537098,-90135.02727600693,62.92658142094962
2023-05-13,26758.72279292217,26706.603799044853,26527.221706028176,62.796812958531,89.39999999999782,0.0033476112322465834,42.49500000000054,0.006535635090525403,-95649.72263600695,93.2044002838884
2023-05-14,26826.531763388644,26858.445069329515,26821.96358094529,22.583964823650064,-134.6800000000003,-0.005004838357247632,29.019285714286006,0.007411645537610659,-95723.7549460069,14.116595934776965
2023-05-15,26906.720459351895,26905.910010493517,26896.163603024972,54.97069098229547,44.0099999999984,0.0016376660969628087,22.65357142857153,0.002592769386448582,-95673.45533600695,76.70818720522253
2023-05-16,27234.077148281485,27290.455644681664,27334.634333172882,21.799198955942074,-149.9900000000016,-0.0054916991095166345,28.56642857142859,0.008142051550717774,-93903.03809600699,18.53344499110207
2023-05-17,27023.33596998987,27010.83746291096,27048.424125773374,62.67457048126093,56.93000000000029,0.002110323235685607,20.23785714285727,0.0029581942354344123,-93472.45040600692,81.85138682798613
2023-05-18,27394.948776862537,27367.882847335943,27106.027809133837,67.65815959741232,17.61999999999898,0.0006433476863398901,26.737142857143617,0.005761902017124655,-91254.09439600701,78.76202425763314
2023-05-19,26846.400703120366,26850.679028405488,26993.10975142821,31.91004249145027,-53.330000000001746,-0.001984400889910698,23.73928571428587,0.003732954478015543,-92584.29300600686,4.179498460183891
2023-05-20,26880.841452906076,26876.846035658844,26877.885577211717,56.849783451105445,10.279999999998836,0.0003825830908694705,11.351428571428446,0.0014091389023431374,-91248.22168600687,47.736298649718364
2023-05-21,27085.18285811252,27062.199974576026,26978.558981934206,72.78725258309666,43.470000000001164,0.0016064918976930187,14.279285714285704,0.0030148463027658097,-89257.6330560068,67.79863685280407
2023-05-22,26768.894757215206,26778.9831550646,26888.1924728494,43.200979059015246,-45.20000000000073,-0.0016870090598358756,15.839999999999366,0.0020669198443689645,-91515.9136760068,27.56116207950752
2023-05-23,26856.778329703346,26869.470309525615,26856.705407537018,37.80666422555926,-0.4599999999991269,-1.7132388295815204e-05,12.112857142857008,0.0022094117612666466,-91378.8514560068,30.418719211823607
2023-05-24,27219.774445640673,27211.92865080251,27212.2260354653,62.62281770198973,12.900000000001455,0.00047414773781917496,12.112857142857527,0.002483187573720325,-87145.2424360068,51.084456128819994
2023-05-25,26347.91401962509,26353.840579645785,26483.009033371483,47.58237596263066,-22.9800000000032,-0.0008720404037798613,21.11928571428611,0.0026361419485116575,-98771.50839600673,14.174680542745909
2023-05-26,26475.874119358486,26468.885549782422,26381.950282847753,57.67098933277525,-5.529999999998836,-0.00020884222102379724,19.844285714285693,0.0035947076532614653,-97047.57064600677,27.53120015013627
2023-05-27,26709.67255378973,26720.95965217318,26652.117169152032,44.87207052246791,7.9099999999998545,0.00029627676369892164,11.912142857142628,0.002332746933608697,-97302.04987600681,48.85945548196723
2023-05-28,26836.8967327169,26807.40423602652,26735.175760422804,58.603635429379054,39.26000000000204,0.0014641053648685176,17.61499999999978,0.0035092658911472403,-95849.70787600674,61.67670304855099
2023-05-29,28083.441799514876,27991.28237028818,27481.120509740027,53.749688822504126,-38.47999999999956,-0.0013692254482362554,52.64285714285688,0.0039017189567665317,-83986.11838600672,10.933672080572878
2023-05-30,27745.649111427163,27712.198401163925,27741.01668218611,65.41595995532306,6.4099999999998545,0.00023115767441672652,32.83357142857182,0.008759529355761677,-86555.37683600663,47.73920840271625
2023-05-31,27704.96459070309,27723.59480780139,27766.68372251527,34.799000895424726,-37.47999999999956,-0.0013515131321785168,21.3521428571434,0.0030282825325265842,-85873.09134600665,24.523224523227423
2023-06-01,27205.816557236132,27163.191714954264,27149.979553894096,62.77425646026337,21.840000000000146,0.0008032805034186019,30.00642857142884,0.005016494439567507,-93199.62129600665,41.22738001573381
2023-06-02,26823.671821227384,26853.23383662958,26908.065374548318,38.920102453937055,-52.659999999999854,-0.001959763443973528,31.156428571428737,0.005264355683783246,-96178.44093600672,56.032358298510786
2023-06-03,27244.474243740086,27236.611057871953,27121.08689287319,41.55787955283123,-23.93999999999869,-0.0008779995107554006,12.098571428570722,0.002449168572222647,-96238.24866600658,32.273652085449605
2023-06-04,27068.945900057442,27065.156124746638,27126.81866752014,46.317296047562316,-2.5799999999981083,-9.53021225037487e-05,11.11357142857092,0.001677245978760202,-96355.70191600658,53.62937660119997
2023-06-05,27162.9254343469,27213.087473902036,27197.72295301277,27.374844615210336,-168.27000000000044,-0.006167468372802909,59.01714285714297,0.01191551437044699,-96239.14181600667,24.2215001353906
2023-06-06,25763.417806680125,25723.89980231722,26114.03338378462,48.90155155842409,4.869999999998981,0.00018932230002866035,33.92142857142868,0.006527288715027172,-114800.29390600663,17.057324840765908
2023-06-07,27189.587240357505,27121.51586033691,26490.765479469115,63.78839081602258,96.38000000000102,0.0035520404515418935,57.39214285714297,0.008226951106030729,-107493.56962600666,47.74718397997513
2023-06-08,26334.51479289376,26330.243140823444,26503.426549066327,62.85619493493549,42.5,0.001616163767205414,31.70071428571464,0.005345263979242392,-118426.23400600669,76.19888475836426
2023-06-09,26518.62106789305,26544.721540113573,26517.9517763508,41.4603323192142,-35.61999999999898,-0.0013424169459599344,20.92428571428588,0.004988241890884264,-116708.32593600676,14.833473271762905
2023-06-10,26470.76699773562,26469.69190768247,26506.5778001349,49.49238578680215,-9.029999999998836,-0.00034092402113650166,11.019285714285486,0.0018228897720569681,-118786.58811600671,57.925191155203166
2023-06-11,25848.59025048209,25827.144134955088,25801.729946186413,34.10522236217399,-20.44000000000233,-0.0007903594704902206,23.834999999999646,0.0029348728071670787,-127035.48431600671,17.970503366461916
2023-06-12,25900.715435492428,25939.663696054926,25898.48096177273,60.24324102226963,5.559999999997672,0.0002145062555964916,41.77142857142878,0.007186737630581882,-130126.25914600672,88.87863018297796
2023-06-13,25906.828676062316,25905.15516452782,25874.554018305447,45.250431778929105,-3.069999999999709,-0.00011849502822647295,18.75428571428633,0.0022943045455686407,-130850.47905600679,50.2714285714267
2023-06-14,25886.465330171028,25867.505182355813,25926.141553571968,84.57606076097312,56.029999999998836,0.00216514118822686,16.00714285714353,0.004656515298553669,-130856.48744600688,96.58556122959858
2023-06-15,25101.233824240324,25126.666035036575,25639.555073495154,74.05882793204023,87.66999999999825,0.00350106805138628,37.335714285714076,0.006695526376938511,-135956.167446007,93.19930799976055
2023-06-16,25586.854212345752,25572.25091362778,25295.354770315607,43.2218309859155,20.38000000000102,0.0007967750549200403,27.21357142857128,0.0036622773750128465,-132131.32717600715,50.04581901489426
2023-06-17,26350.496754790085,26351.577680509756,26000.96537979855,41.29714943852464,-23.200000000000728,-0.000879847695330005,15.60928571428615,0.0019507303207082357,-126308.56559600733,21.96372239747469
2023-06-18,26528.54586884097,26533.82022555368,26484.047772009595,34.149218519610656,-57.30999999999767,-0.002156594905604159,13.708571428572084,0.003406565685451082,-123119.5645460072,27.730138713747543
2023-06-19,26364.423369334614,26407.771027787316,26506.867369104282,28.565406180178428,-97.32999999999811,-0.003681540853264109,43.17428571428536,0.0060013809695052085,-126379.65509600718,40.94426867851172
2023-06-20,26788.193366133724,26768.92255128109,26615.529837454455,70.98047255394478,81.21999999999753,0.0030347720913062037,22.91857142857173,0.0036845963857347615,-123953.71001600729,90.00222998587613
2023-06-21,28290.530737552705,28212.89077725518,27535.83715017305,57.58608064439115,116.0,0.004114643911266924,64.53499999999985,0.009263578073239761,-108271.3284360073,62.853334378798465
2023-06-22,30079.338943478422,30053.674773457922,29594.462253519432,30.363488821109414,-148.86000000000058,-0.004938500966235715,62.64857142857155,0.009508841676482308,-90033.28337600733,10.223684795658855
2023-06-23,29944.637505541406,29988.64184342571,30031.362783591645,26.854711154628333,-62.07000000000335,-0.0020726623944511413,38.6099999999998,0.00557491449234377,-89537.06517600734,3.7272727272714046
2023-06-24,30628.779164201,30660.130648184888,30559.832473737755,58.81820685314161,41.659999999999854,0.001359357114795623,36.7992857142864,0.00563401538391894,-79046.71158600747,98.32958180310406
2023-06-25,30527.557296104824,30529.033676569674,30582.574686218406,56.131551743941095,-25.57999999999811,-0.0008372333855157787,26.54357142857121,0.0030665788887652397,-80100.19471600754,49.501779359430515
2023-06-26,30459.993068238156,30467.08068964144,30544.37777969929,35.75350823672977,-24.580000000001746,-0.0008062389379951407,20.502857142856424,0.0046407057517589105,-79228.59270600749,34.520954664839174
2023-06-27,30250.473314230745,30223.733083513613,30266.798798340766,61.14818971118083,69.82000000000335,0.0023120606314888104,22.704285714286275,0.003725020388292799,-80973.45467600731,79.0843806104142
2023-06-28,30658.837674396465,30651.551927735574,30597.225397823724,66.83230437183182,92.05999999999767,0.003008459372073169,24.469285714285693,0.0043822645650058905,-76479.17807600743,77.90910278176709
2023-06-29,30103.394774952147,30118.417993481507,30230.74633742131,48.39530136206956,-54.590000000000146,-0.001811695207752595,28.852857142856788,0.004417016899777177,-82123.29707600744,15.542638745123348
2023-06-30,30459.501953377756,30450.497384313465,30460.982865645627,48.534380807569065,33.30000000000291,0.0010948901509535425,25.02214285714295,0.0037975231539312568,-78486.55759600758,40.803651601319
2023-07-01,30488.479904723074,30477.46789062299,30490.901679824547,48.15585843905897,10.0,0.0003282778543758358,26.003571428571117,0.002589644242266252,-70608.70379600755,13.037214885955194
2023-07-02,30578.75890526823,30581.87253656319,30554.730289057665,60.20081748711651,-0.5,-1.634713467424387e-05,11.052142857142305,0.0016164305482516367,-71121.09046600763,67.17308735757365
2023-07-03,30600.356419871783,30600.550334031857,30554.80163810774,53.46612159693831,11.029999999998836,0.0003603868522512599,41.27714285714319,0.007271778278158487,-72727.91304600771,60.40003846523599
2023-07-04,31133.237249107744,31121.021788170172,30946.873323726937,68.12617702448259,28.200000000000728,0.0009059367771782068,18.794285714285383,0.0018323452373551303,-69891.6461960077,97.71559881049107
2023-07-05,30790.91582567529,30794.741277878118,30896.598866145432,44.05527154932421,-77.22000000000116,-0.002503588249540556,16.926428571428914,0.002614865660870629,-72559.42080600778,7.387862796833509
2023-07-06,30494.24129690463,30474.26087454988,30524.260094183886,64.47456558572108,87.36000000000058,0.0028720356242879497,27.225714285714535,0.005137047229488607,-77283.30544600764,76.99269290071778
2023-07-07,29991.495219372297,30098.530997787766,30374.88696066673,26.01157052918181,-148.66999999999825,-0.004948392529648071,91.32928571428523,0.015519227070590858,-86539.09398600766,13.313600710374354
2023-07-08,30324.823227328732,30311.78560200982,30258.042658012007,62.13382044516624,15.780000000002474,0.0005202954803535942,14.102142857142878,0.0017302137174349385,-90007.13447600766,97.77268260727062
2023-07-09,30251.13595532267,30219.606744201123,30208.98359736965,78.98592956456697,40.62000000000262,0.0013430758685770705,14.959999999999907,0.004341710334662941,-90344.63498600757,93.34987593052055
2023-07-10,30157.435270211805,30166.71504709911,30236.949548054,41.77313474977066,-22.67000000000189,-0.0007510755919317713,18.003571428571117,0.002608850233197016,-91067.23767600756,46.48723257418903
2023-07-11,30388.31763227082,30426.8717388916,30374.24624208927,64.23942193086975,15.220000000001164,0.0005007180138405509,34.42642857142813,0.003869419834373071,-91319.79775600757,92.40568832707999
2023-07-12,30608.574288610966,30585.894692417394,30526.90963369319,65.93581469366063,34.48999999999796,0.0011275807426600615,21.83214285714244,0.004641092349275951,-90118.90200600751,72.102789721026
2023-07-13,30383.461598231486,30370.882025249964,30496.344564305313,65.05567010309167,13.330000000001746,0.00043896811866428465,14.769999999999397,0.0022954734400511337,-94096.99874600756,48.77673882413234
2023-07-14,31412.33971769164,31362.012566119916,30991.1960285188,68.57504610387852,92.79999999999927,0.0029590487423565293,46.53714285714341,0.008318416074233856,-83849.88750600758,77.34541313926348
2023-07-15,30290.15825131012,30262.625798359943,30695.15195292943,68.80132267842362,67.12999999999738,0.0022195492261829486,29.872142857143313,0.004222396378201067,-96272.43963600753,94.05235956960053
2023-07-16,30283.327551460785,30288.451725139414,30326.094041913217,54.744027303755,13.840000000000146,0.0004571325895901257,7.988571428571439,0.0013244819041263196,-96190.93206600747,82.25399495373959
2023-07-17,30245.70855771724,30275.407408683368,30304.98134606754,31.0393310393317,-71.03999999999724,-0.0023443200234430916,36.1021428571421,0.006431186106839826,-98246.87258600749,49.328206288170655
2023-07-18,30138.63332611156,30117.840504104217,30122.43849941967,52.17689406924898,48.77000000000044,0.0016208457311801538,23.386428571427782,0.004189732073799705,-99461.68422600748,67.01869257577358
2023-07-19,29830.578728359305,29813.254854460738,29874.84163770233,58.735355809076204,57.10000000000218,0.0019159768646632713,21.01142857142882,0.003109858387863181,-103273.30277600742,92.37662337662469
2023-07-20,29907.110245147767,29910.855668006585,29953.692484131803,61.570918532943715,44.20999999999913,0.00148032814331156,25.415714285714007,0.003698574641216436,-104433.2717260073,71.91718350966705
2023-07-21,29804.817873965883,29804.35479487643,29896.119731967465,47.2903747640878,-20.840000000000146,-0.0006988401399826705,14.030000000000134,0.0014446951417187643,-106054.34906600718,31.993817619780557
2023-07-22,29917.838554837617,29917.27108886479,29880.209806111314,32.53012048192858,-20.82999999999811,-0.0006961305102672899,14.729285714286172,0.0014032008054158278,-105832.23531600722,21.113490364026614
2023-07-23,29746.17625478076,29776.123278527622,29846.204122229385,48.134249947464724,-4.009999999998399,-0.00013457274495842775,46.59428571428647,0.0068023695900419736,-106045.13443600728,89.14810514092632
2023-07-24,30064.871653223134,30053.66560905361,29994.92937257348,67.18459415681882,31.7599999999984,0.0010568351713147184,21.703571428571585,0.003016970449974802,-103337.69402600755,83.62336114421768
2023-07-25,29179.278147278194,29168.813225777292,29276.780872809526,63.27505590567122,1.4700000000011642,5.038555230285624e-05,10.209285714285736,0.0017279624614049518,-110511.51028600748,49.805214264310465
2023-07-26,29225.24807865251,29224.090631573785,29215.089036972164,56.684442809857295,23.57999999999811,0.0008073868708211585,11.238571428571179,0.0013469376548821588,-111066.46821600746,61.43036912751823
2023-07-27,29369.445234102717,29422.88185960685,29345.904594855296,35.80130323921057,-141.97000000000116,-0.004813532818447763,34.187857142857474,0.008060315249392581,-108235.74475600742,28.771943855720306
2023-07-28,29208.44645709091,29201.873671920144,29284.037333734497,52.90778821996853,35.849999999998545,0.0012282895117778914,11.637857142857163,0.0019558565635830636,-109923.13783600736,93.25059873720409
2023-07-29,29313.093422577964,29311.57097671748,29298.10605904633,61.649925901528256,11.419999999998254,0.00038972491290900635,5.287142857143408,0.001253393808077951,-111674.05114600733,67.04640177827159
2023-07-30,29356.931291517365,29355.03483563514,29328.605377754724,46.64439720619558,0.5600000000013097,1.907854705973655e-05,2.6214285714294028,0.0005273591304192586,-111207.6961360073,3.1674208144869933
2023-07-31,29256.08641292579,29227.97751534879,29284.89618948743,93.14389443552346,66.67000000000189,0.002282092199674013,18.182142857142285,0.006898485490604375,-113198.93144600731,97.75514927100221
2023-08-01,29224.207989855,29218.861932157903,29273.890224925784,63.576779026216855,32.2400000000016,0.0011041092109216333,9.457857142856353,0.0021611487371940774,-113344.49573600723,83.66336633663366
2023-08-02,29499.705858575264,29361.105187310604,29117.34324547545,88.35818527918794,343.34000000000015,0.011693086284787046,76.1242857142853,0.020240420051818846,-110833.31597600727,93.56536206929938
2023-08-03,29167.025470596192,29171.764670474506,29275.479884246466,49.41037037036988,13.239999999997963,0.0004538478862308182,15.631428571428582,0.003513996886194794,-115054.59701600723,92.85458452721778
2023-08-04,29209.247215453863,29227.024311845413,29230.725538575407,42.00773773162343,-45.27000000000044,-0.001548279330522262,14.780714285714566,0.002322852603368337,-115088.49787600734,0.0
2023-08-05,29096.625720452907,29080.31801586984,29142.2793637973,70.2384318160395,43.9900000000016,0.0015132438940488324,11.019999999999657,0.0025983069241937717,-119098.5196860074,77.79587404994994
2023-08-06,29078.3572983007,29077.18960059598,29068.92309687237,11.162255466063343,-14.0,-0.0004813290733418629,2.188571428571127,0.0009459460093862996,-120514.67080600742,0.04935834156977425
2023-08-07,29093.42027866943,29104.99585988997,29084.92246398441,36.772106398273436,6.719999999997526,0.00023107314909376342,9.177142857142305,0.002500835163285876,-121040.47979600739,41.401273885346136
2023-08-08,29197.83302431341,29185.604486345444,29103.437046075356,54.82154732875322,29.05000000000291,0.0009954763225701324,10.772857142857122,0.0021711460317761972,-122424.95993600736,90.59405940594317
2023-08-09,29783.497514874864,29812.35363543662,29635.84908185792,53.19783895034654,-38.27000000000044,-0.0012838538023643986,20.660714285714544,0.003628400602010744,-113085.49193600743,19.42187499999477
2023-08-10,29598.83396930469,29576.950570535315,29640.8543143862,53.18686624818988,-42.97999999999956,-0.0014508031569314683,15.967857142856571,0.0027019617287112074,-114358.31070600744,26.0460426819029
2023-08-11,29457.495323517574,29458.241668977444,29490.316944930546,34.898941289700986,-1.2900000000008731,-4.379258744258152e-05,4.064999999998951,0.001096552470095526,-113065.37646600748,23.958333333333332
2023-08-12,29424.361535009175,29420.156041182767,29416.221315026516,44.39800675132514,15.219999999997526,0.0005174967979459932,5.387142857142472,0.0011158294049965851,-115883.60413600739,58.923845927662974
2023-08-13,29430.3944174568,29427.364628192965,29426.35494992634,62.71656271656282,-2.9900000000016007,-0.00010158610220589726,1.0357142857135062,0.00044865413807450874,-116027.75883600734,55.17241379306771
2023-08-14,29314.899831331993,29339.06408278758,29386.345442371545,37.620970814599666,-28.169999999998254,-0.0009603842355160319,11.6892857142853,0.002286905046789187,-116857.7820860074,15.236107487607304
2023-08-15,29432.14759777828,29425.934532245486,29428.443911037037,33.056937534553555,5.93999999999869,0.00020186922748322012,4.670000000000073,0.0016914611274934483,-117177.53463600749,30.102622576972625
2023-08-16,29199.46790080744,29206.924714659057,29300.732854674236,49.51733014618035,-9.220000000001164,-0.0003156537559031447,10.952857142857672,0.0017642613662694673,-117761.94474600749,57.22460658083154
2023-08-17,28797.584565915335,28876.67468177001,29069.924600997354,12.489821241615388,-140.79000000000087,-0.004876469019406859,37.03571428571403,0.010262003504731613,-123416.7340860074,3.698357391735557
2023-08-18,26637.464519102414,26747.164614257374,27802.23682264404,60.03494432004173,-238.59999999999854,-0.008882432848472566,165.36214285714283,0.02721718280240283,-131257.97973600746,29.78799999999998
2023-08-19,26049.603131054584,26068.46606640844,26263.26300574603,43.54042768568944,-31.860000000000582,-0.0012213513374679241,23.69642857142805,0.0035983113040082464,-139786.65974600738,54.23824593128375
2023-08-20,26097.08974225202,26089.420795850823,26063.09971655769,56.98939080536424,22.18999999999869,0.0008509146853532545,14.154285714285963,0.00280607722182773,-139695.68997600744,66.84364215555728
2023-08-21,26180.048945008202,26181.7243823294,26140.243719157737,42.91828793774351,23.100000000002183,0.0008827950130871898,14.14142857142828,0.0030260385552730446,-140843.60550600776,66.32763137617701
2023-08-22,26130.024020451863,26134.96115858514,26085.167399639144,47.06061761341848,-13.080000000001746,-0.0005003825554705799,12.052142857142826,0.0018315421483031293,-146070.55490600786,32.77941570624265
2023-08-23,25977.473741647205,25882.202578183966,25925.931741913206,76.55775754329574,225.90000000000146,0.008745610740957366,54.75142857142938,0.01580255691423284,-148961.40260600782,95.07972665148037
2023-08-24,26450.359039565734,26465.639152939173,26303.065574904027,46.40191101821468,-41.27000000000044,-0.0015588885543886821,28.552142857143345,0.0043588707599692715,-144813.05387600782,21.474126099944797
2023-08-25,26140.423161527382,26112.98381474379,26183.888521366203,64.02288769160063,94.04999999999927,0.0036053821973471845,23.215714285714316,0.003990772164421371,-148010.12723600763,80.80056677293524
2023-08-26,26050.147225394052,26046.882508761588,26041.091920745468,56.26379447338118,8.019999999996799,0.00030784596493393934,9.591428571428489,0.001195392344866708,-150673.21418600748,87.92742498254438
2023-08-27,26017.706852949796,26025.118958866413,26035.638511648547,41.9063270336898,-1.5200000000004366,-5.841909474235685e-05,8.910714285714286,0.0017627619647111884,-152379.76156600757,67.9003724394759
2023-08-28,26094.607657339144,26091.047713735567,26089.942670075798,67.49177278580602,2.9099999999998545,0.00011149912295027598,7.52714285714241,0.002232827517084654,-152252.99180600743,77.17803030303189
2023-08-29,26113.369718839287,26074.91984484544,26058.571223649516,69.27297668038402,43.400000000001455,0.001664327404646393,25.26214285714247,0.007000021041936481,-152754.58149600745,57.45588660688408
2023-08-30,27666.36441933459,27659.445297692444,27187.262198009383,71.36769405973368,80.56999999999971,0.0029154244661899753,37.975714285714275,0.006396912015161587,-138581.9204960074,70.30555292782171
2023-08-31,27294.836272299894,27279.385632745107,27283.894273364047,61.06373282989411,29.710000000002765,0.0010894644279413335,17.757142857142494,0.0033825046140707896,-144657.8790160073,78.35219851980932
2023-09-01,25969.025774127767,26001.87295281292,26548.705966805992,32.334036838066,-76.20000000000073,-0.0029288564622027558,26.117142857143335,0.0049513576597803085,-158276.41361600743,17.90069686411164
2023-09-02,25810.267084595598,25791.865027203326,25856.072797154575,47.700785406637586,31.18999999999869,0.0012101408170914763,16.845714285714557,0.0028948650858517384,-161220.77255600734,63.710166000240946
2023-09-03,25866.59788650636,25860.67945465535,25841.890593599233,59.29495760821044,8.719999999997526,0.00033719000850318537,9.882857142857185,0.0021364565865060535,-161217.48852600725,35.66170176339353
2023-09-04,25966.616201257777,25967.95348606386,25932.551555622773,55.350553505534876,22.959999999999127,0.0008848380912007681,12.164999999999834,0.0013700571628024105,-160414.63070600707,79.92242334687475
2023-09-05,25807.345417782923,25790.632256963687,25859.697698793116,69.86647926914958,42.56000000000131,0.001650670623725592,23.065714285713902,0.004475544771436627,-163127.38158600713,58.43593444850085
2023-09-06,25788.50570738286,25769.046180289348,25752.789073436008,68.91580161476391,18.979999999999563,0.0007364261680387063,8.665714285714525,0.002499735289500883,-162028.40991600716,73.29816628987524
2023-09-07,25763.910858583167,25750.12245034908,25714.31859726127,56.83609283493626,16.31000000000131,0.0006335545400728559,13.794999999999293,0.0019662169146374593,-162152.1169860072,47.4163531973896
2023-09-08,26221.513326143497,26212.760954216563,25936.454937667088,32.007716278379434,-69.88000000000102,-0.0026545230215674342,45.89571428571461,0.012235949060868287,-159506.82226600713,40.8599233664508
2023-09-09,25909.225227045437,25902.511083823993,25920.362596398667,53.070683661645916,-4.150000000001455,-0.0001601410785019297,7.343571428571782,0.0010387136201527288,-161991.68072600698,34.54046639231795
2023-09-10,25898.57858709956,25894.858250074114,25880.081279328253,46.802607851296756,-11.489999999997963,-0.0004434050731096928,5.764285714286546,0.0010410198384378103,-162100.8564960071,43.25804243668887
2023-09-11,25845.715718087948,25852.131409668535,25816.935951802076,37.003865371924306,-13.399999999997817,-0.0005182747947108934,14.759285714285786,0.0057062032633341375,-161694.6021360071,41.01748807631324
2023-09-12,25146.437387551796,25144.35429877635,25329.29838743464,57.74697729283413,9.479999999999563,0.0003768928129561644,20.291428571428696,0.0026111393392577336,-166805.52344600708,83.93565683646159
2023-09-13,25874.434582661605,25944.920470665704,25963.504071447827,22.135150482680302,-61.81999999999971,-0.0023866956580824716,41.057142857142544,0.00899938996105881,-162360.75979600695,23.269856014862384
2023-09-14,26221.58442748892,26228.051342621937,26160.080758591866,40.83833553769514,-39.279999999998836,-0.0014957382123034213,11.118571428571679,0.003579605669532301,-162280.06163600698,34.60207612456652
2023-09-15,26548.905605611904,26573.990941689968,26518.882456119132,29.56830878618625,-78.54999999999927,-0.0029528654260245757,21.66357142857123,0.005674312444685599,-161211.33173600712,19.48515452957712
2023-09-16,26661.275731333993,26618.294335992945,26485.618360144737,28.96961053669189,-209.90000000000146,-0.007829197423339984,60.37642857142938,0.014377293805990173,-161195.03330600695,2.791372734330315
2023-09-17,26549.738492581047,26552.89782383411,26543.912477462047,49.3854338653457,-12.190000000002328,-0.00045875599224154406,10.079999999999668,0.0024185849201417923,-162158.55026600682,81.19315554185152
2023-09-18,26499.7108889604,26483.901987543137,26512.368978767645,69.72766607279085,52.5099999999984,0.001983380547686542,18.425714285714744,0.0034151588508851876,-162567.15502600715,92.17505054108487
2023-09-19,26766.94965366985,26792.21475333292,26873.68179922082,26.24929382158163,-82.59000000000015,-0.003076539107695675,25.958571428571563,0.006648580970883177,-159961.7463860072,22.489410231344564
2023-09-20,27207.99609030215,27184.7994665081,27125.2628162783,60.67049050632752,-2.2600000000020373,-8.30500078641272e-05,16.99571428571341,0.004051288026502013,-158950.3220160072,74.47630669106685
2023-09-21,27128.738451534526,27111.590393198647,27109.941607686094,52.83679233697696,41.52000000000044,0.0015330378518565446,20.569285714286057,0.004270678470816531,-160366.39948600726,60.27272727272708
2023-09-22,26572.26190853829,26578.410052218933,26677.68914802438,48.90924668819688,-45.83999999999651,-0.00172240692088943,15.16857142857173,0.002206362862229404,-165420.73862600728,18.330308529946336
2023-09-23,26579.504752604455,26571.33582506698,26596.73004666888,60.28294720850701,9.860000000000582,0.00037109130953827396,13.529285714285704,0.0016519722035486038,-165805.97314600737,62.547288776796094
2023-09-24,26571.665761778673,26574.719169760825,26581.150692391773,51.43399810066311,10.319999999999709,0.00038847172513056805,4.682142857143065,0.0007263639282266066,-165234.20032600738,99.94413407820092
2023-09-25,26303.718288968386,26395.231666605483,26523.775704100768,8.240534521157372,-210.37999999999738,-0.007951241857139135,48.48000000000008,0.016995996516058504,-167715.69025600745,33.18793357157874
2023-09-26,26296.59524444253,26295.199913504563,26266.68994001635,57.37772297575098,4.81000000000131,0.00018288973384028573,8.557142857143585,0.0015922253540883921,-165068.85216600748,75.23233196455799
2023-09-27,26207.125651849878,26194.862808299265,26216.0546666466,67.70641143911291,53.38999999999942,0.00204025637145433,18.541428571428956,0.0035904421745464603,-165464.8700460074,79.61521352312934
2023-09-28,26350.511236637052,26322.527150656937,26320.550346117165,65.68223443223582,33.01000000000204,0.0012532279827093262,20.17499999999979,0.0037589569519819238,-165102.33324600753,86.25700881107852
2023-09-29,27026.914473257544,27028.748844291233,26849.882239566847,51.92780968006514,-30.830000000001746,-0.001139647688803369,17.376428571428864,0.00224669921009273,-154739.79239600745,33.65218546565426
2023-09-30,26906.571474603126,26899.614961937885,26914.628107760196,64.34841898917577,24.5,0.0009113749262530391,12.920714285715283,0.002480964212207737,-152658.40480600746,63.20630749014075
2023-10-01,26975.764137810165,26996.84449911546,26988.86424769874,34.38981781881745,-25.989999999997963,-0.000963000976339945,13.009999999999438,0.00316523946115178,-153209.4644160075,11.461318051578507
2023-10-02,27946.07209588065,27745.86708861359,27271.815908282577,57.985246866090236,76.09000000000015,0.002725630165407722,62.95999999999991,0.005696362914450296,-148392.34304600747,80.10999083409733
2023-10-03,27555.96167748048,27583.682192113098,27881.95835145645,46.64279319606093,-26.390000000003056,-0.0009589075938651881,39.508571428570576,0.005562406136745895,-150382.2723360076,15.089041095889614
2023-10-04,27426.34493225439,27396.942227568965,27450.30516103023,68.40282403090396,24.860000000000582,0.0009072462921873026,36.53785714285732,0.008209293887485725,-150209.7225260075,72.94707171938495
2023-10-05,27781.19923949601,27753.08596105238,27595.99476236342,51.16698656429909,-9.510000000002037,-0.0003422330725980638,29.741428571428383,0.005034137629654508,-146387.85454600744,42.148399082067954
2023-10-06,27423.0668514693,27438.35482910771,27558.380600273387,34.45787273039616,-44.150000000001455,-0.0016081129022741392,18.023571428571294,0.0028497240724903554,-144718.00363600746,15.925639039502636
2023-10-07,27936.853508081946,27970.031852767308,27828.152910781955,24.635207782234176,10.409999999999854,0.0003728419221882273,31.482142857143117,0.008360940421028617,-139721.55660600777,30.70961074750345
2023-10-08,27952.39017918597,27943.872799257562,27925.909887501926,61.33909287257023,5.269999999996799,0.00018854153995850886,6.055714285714203,0.0007865785006673372,-140196.96260600758,80.88144009930704
2023-10-09,27919.640247553594,27915.15970040741,27904.01771059439,48.71498875994915,-16.06000000000131,-0.0005749449309440102,20.040714285714266,0.002436495453039148,-140413.49997600765,46.11041405269638
2023-10-10,27587.580702190677,27593.12432699376,27613.947634014756,47.106881158930825,-15.100000000002183,-0.000546997995306775,12.781428571428737,0.002285013086329883,-142577.3196260076,42.09133024486853
2023-10-11,27418.54303594635,27426.558672928906,27466.58395125573,31.430334824873313,-37.70000000000073,-0.0013745168227005111,13.47357142857202,0.00249471348366412,-143215.8406960078,7.711511789178618
2023-10-12,26832.182194751917,26788.446685630835,26900.9485133701,74.14036325163119,107.33000000000175,0.004009609913856682,22.82071428571388,0.005429679224487272,-147279.67165600814,92.3136706302949
2023-10-13,26746.326811286515,26739.84575053753,26744.675976626095,56.983310327519895,34.590000000000146,0.001294291795260083,15.830714285714619,0.0020447365021754524,-146414.49193600795,89.90872210953762
2023-10-14,26846.499604978853,26873.430430909528,26827.940961964774,49.369111709286706,63.18000000000029,0.002357566489867846,31.182142857142544,0.009219592020597588,-144630.41104600794,97.27247931630153
2023-10-15,26856.73102832191,26850.897590974742,26868.014702090975,65.30379168570042,-11.979999999999563,-0.0004459423342214608,4.992142857142816,0.0018612046520842876,-144563.24684600782,48.06451612902923
2023-10-16,27116.641070818132,27126.481763953012,27003.583652137284,57.32303732303791,91.31999999999971,0.0033743699383987913,31.0871428571432,0.010283956346867858,-142734.6889960078,99.29372663066178
2023-10-17,28488.1738756597,28467.228898569865,28143.148021900528,45.80419580419548,21.219999999997526,0.0007450957809740366,39.13214285714275,0.005042661822220314,-138785.81060600776,57.9619615886623
2023-10-18,28416.37889119527,28437.284539439857,28413.52385333531,51.699934196096216,-29.099999999998545,-0.0010237463416898906,17.580000000000446,0.0034923703766096556,-142291.5367860079,31.78043631245368
2023-10-19,28319.413930198512,28309.481917333982,28342.781236347746,49.199807679098214,-8.459999999999127,-0.00029863960130549483,18.61500000000004,0.0017101328997737699,-141541.16774600768,23.18471337579714
2023-10-20,28675.371442146974,28669.46423477445,28580.940040761852,62.45935264395363,55.43000000000029,0.0019341705084883198,22.830714285714357,0.0028591679499980005,-137731.10987600754,95.3098254022589
2023-10-21,29684.70639646032,29659.430571612953,29503.539662822117,56.541341056888506,-57.22999999999956,-0.0019252331355397168,46.41499999999957,0.00598760289148021,-129143.18739600766,31.36645962732904
2023-10-22,29914.504145821003,29955.081158705216,29887.717506568886,29.09765715611242,-21.31999999999971,-0.000712302112316543,23.877857142857465,0.005160887426868903,-126865.81539600766,39.084967320260965
2023-10-23,29973.163171798915,29927.01122813912,29894.56929086131,54.91271557407301,24.36999999999898,0.0008131983052639402,43.4392857142853,0.007511636134284573,-127547.2878860076,54.885560033456905
2023-10-24,32935.21590046277,32585.887359936038,31307.73648348656,39.15097572453994,-86.65000000000146,-0.002613352860844853,314.46142857142877,0.0599393588122219,-114386.2047660076,52.47995138613931
2023-10-25,33909.737911211356,33936.94136459027,33854.00382623587,35.44650932111975,-236.12999999999738,-0.006912701419192535,95.23642857142893,0.015970465531400198,-109791.84766600764,39.68128779146231
2023-10-26,34487.822247477656,34541.79150269704,34469.30094459703,44.27983426920392,30.5,0.0008849416301204283,78.14428571428653,0.009107477143417298,-107389.0206960076,62.204525344457366
2023-10-27,34172.56082313235,34170.3957887707,34196.392343807915,42.052463401947136,-68.34999999999854,-0.0019973693754034016,34.03714285714211,0.004200280182129454,-108996.78953600758,9.21241736131551
2023-10-28,33878.66532701617,33842.63917277519,33890.353971219345,66.6164941988058,66.80999999999767,0.00197515403452031,27.71357142857128,0.004053627430200821,-111341.82895600738,68.18329120487167
2023-10-29,34089.5134216895,34109.30708100341,34103.245202706865,30.934809348097573,-1.8099999999976717,-5.3105949890830395e-05,14.382142857144313,0.0017324689945340608,-109515.62846600742,30.56252239340337
2023-10-30,34566.77907303639,34592.75195326657,34446.124057611596,19.76408999039147,-134.8000000000029,-0.0038891320397834717,40.45785714285791,0.007131060938377906,-108345.79214600749,27.138620922638776
2023-10-31,34476.885743535604,34468.94706923421,34456.05028279445,52.80032744389337,-3.8099999999976717,-0.00011050351900043776,22.093571428570744,0.0014111642954930048,-110415.66742600738,43.09951060359588
2023-11-01,34615.031547649996,34580.21745680134,34448.840222822844,63.54767600018691,56.08999999999651,0.0016218632603586247,25.53357142857255,0.004137600658252461,-108226.06304600742,86.94399550277419
2023-11-02,35403.51025204183,35310.02475232266,34769.617055300565,73.54236546594635,124.09000000000378,0.0035155623624898436,57.063571428571386,0.009141595478816544,-105010.74617600736,83.68696715984314
2023-11-03,34877.15407264054,34861.350098241775,34951.99726778456,85.55720025375702,171.6099999999933,0.00493557948552148,38.75499999999842,0.0062134504462770974,-106689.2257760074,100.0
2023-11-04,34688.893206814435,34650.07164139771,34580.453216240814,69.46181818181782,96.84999999999854,0.0027975215432265443,32.094285714286734,0.005752337864795025,-110275.35301600739,83.21283979178628
2023-11-05,35056.225154257685,34997.04970291099,34799.68229055798,57.21150059078363,-137.0500000000029,-0.0038935632481722493,71.97285714285734,0.00911949314403443,-111358.03628600738,27.5189721241265
2023-11-06,35051.50520602396,34991.597613490434,34990.867037065254,58.76400679117127,-169.11000000000058,-0.0048068573397167524,108.97928571428669,0.02066826888353447,-112681.45892600722,32.92274052478122
2023-11-07,35017.27019393616,35024.11655083661,35014.26017939341,43.03316711121359,-23.92000000000553,-0.0006820642480571681,34.51142857142882,0.006292044823734061,-112085.60822600724,56.24823056451853
2023-11-08,35391.100273599426,35392.734893546294,35115.11931927012,48.81979898807236,58.18000000000029,0.0016462493640521103,55.22571428571401,0.005394337902451938,-110992.20548600715,69.25765244637337
2023-11-09,35756.9873942576,35734.69327182164,35479.920623239326,34.432278749017144,-117.94000000000233,-0.0032996984555710984,111.26499999999785,0.006950571613280956,-110612.85829600714,4.74984167194428
2023-11-10,36676.84091746879,36601.80855852862,36560.01431496893,53.38424264728428,113.95999999999913,0.003114756473109548,74.26857142857209,0.008719576166060183,-108327.93666600717,70.10564010742947
2023-11-11,37343.12224610875,37331.950449665084,37106.705318801076,37.86011918096649,-90.75,-0.002426965066144482,71.99285714285568,0.006866274530365923,-106113.40106600722,5.236200895076535
2023-11-12,36982.29667746654,36948.32511952061,37045.3854798373,69.10138748374045,303.3600000000006,0.008237515016303432,61.82857142857132,0.010233044482153732,-109248.88399600713,93.21831597222221
2023-11-13,37045.24797942239,37091.55043762046,37099.84787903341,40.08715640264272,-101.02000000000407,-0.002718137825355349,48.8192857142858,0.007909195228982183,-109823.19569600704,47.71469718790168
2023-11-14,36524.16574215365,36554.13658326513,36764.29984858022,39.0678124916345,-65.94000000000233,-0.0018051475449418763,44.39500000000044,0.003968049071190988,-113187.18337600706,1.3530499075798494
2023-11-15,35581.978468138914,35558.91024118838,35967.87376123287,45.155953349606534,-72.81999999999971,-0.002044126980651484,46.48214285714338,0.00607626708303728,-120384.96753600719,21.39357999226663
2023-11-16,37797.626011174216,37699.38264731343,36806.85199765851,59.038546743464536,89.25,0.002363052189695569,92.27285714285712,0.008044915698018379,-112562.2945460072,66.98292220113787
2023-11-17,36168.94401673893,36125.7742127299,36512.231450465704,44.12539205984518,63.51000000000204,0.0017592797783934078,71.45785714285687,0.006779406218389678,-124648.45276600723,59.42430624838387
2023-11-18,36553.00520851072,36509.07168436428,36390.025090383104,62.36320976067536,-51.69000000000233,-0.0014097678996749519,64.83428571428522,0.006631734064925824,-123193.92698600725,54.56917978458952
2023-11-19,36551.799911042,36547.81099923792,36537.39583657615,70.90198950323254,31.299999999995634,0.0008566705349126735,19.197857142856915,0.0031394670569813155,-122903.41608600733,95.595254329738
2023-11-20,37364.1673049067,37191.73653987116,36773.981271453966,68.27691064108228,2.360000000000582,6.317339222383644e-05,110.43142857142915,0.02453623828044762,-119167.76782600742,75.36606373815684
2023-11-21,37482.33006171482,37477.13920068304,37339.38072852672,59.48271498709314,-95.97000000000116,-0.00255614966140405,57.59857142857176,0.005680880378297728,-118945.72291600732,32.31578493510844
2023-11-22,36052.214164254256,36371.87011998875,36914.7027663979,10.680945645585041,-613.4799999999959,-0.016874647401893372,156.00785714285772,0.028120832769706637,-127041.47697600737,0.8471229665865961
2023-11-23,37398.482778838355,37426.750107279084,36975.38030621467,50.676399026763704,75.43999999999505,0.002020737740705769,70.31071428571418,0.008674510139403895,-120244.73434600746,66.57244114420544
2023-11-24,37297.66861801222,37291.26481480718,37263.65811835336,60.03005499424393,-73.84000000000378,-0.0019760159194522897,34.69642857142909,0.004806750849306202,-120003.89873600744,41.05646156844968
2023-11-25,37693.253550004134,37720.473975718014,37718.2922939873,43.011813798742644,127.44000000000233,0.0033906124413447536,44.08714285714294,0.005005598382138084,-118351.93578600735,72.92929292929219
2023-11-26,37773.823731757126,37770.32077865005,37756.3051159321,65.19944979367057,19.19999999999709,0.0005084547820832785,12.905714285714826,0.0018223562478230772,-118807.51862600727,80.55824069598431
2023-11-27,37488.056913570166,37524.82940033737,37521.48850361947,28.795080258494522,15.599999999998545,0.00041675760976689347,61.83285714285739,0.011865649085151623,-121465.55039600722,37.79581400879925
2023-11-28,37216.60848764679,37118.126482388645,37083.47561106503,76.97588747488277,135.8199999999997,0.003660237670211064,46.59285714285735,0.01037261400619719,-121512.88485600724,82.42553191489237
2023-11-29,37817.75978909683,37899.39430567708,37679.71722442164,40.185156431954205,-68.63999999999942,-0.0018116788355846403,68.27499999999938,0.007854530544121061,-117758.52632600724,57.11747895265317
2023-11-30,37831.32942227466,37804.26565462829,37858.84158595199,58.34215606900484,98.62999999999738,0.0026122993398931538,33.43857142857087,0.003449563762323366,-119928.48913600725,92.82995363000849
2023-12-01,37712.07228361303,37723.01471668734,37750.02505556883,44.6470465951947,33.779999999998836,0.0008962546742945499,36.50071428571495,0.005256476117532884,-121454.84571600724,76.89250689058237
2023-12-02,38686.25972246391,38727.39052224138,38560.53634820605,35.181236673773185,-36.16000000000349,-0.0009339161355708114,25.20142857142855,0.004479202811976135,-113541.8850160074,40.68090642957335
2023-12-03,39439.531869599836,39423.207557662725,39052.535659591544,62.62978290858929,62.79000000000087,0.0015941581555192208,34.202857142855336,0.003913467065064153,-108566.77470600733,87.27353071144456
2023-12-04,39970.03793149939,39905.33047591229,39619.05880439106,40.77921616678218,-137.73999999999796,-0.0034340563450510064,100.17071428571373,0.00782039802077053,-105949.83305600728,48.48756665171681
2023-12-05,41942.467985303774,41945.46096785362,41585.95502014144,57.84832138547808,66.08999999999651,0.0015763860282917985,80.33285714285635,0.012682352808565308,-96620.38950600715,95.54999999999927
2023-12-06,44085.004177803836,44051.42987812075,43005.769768657476,37.344737656367236,-45.919999999998254,-0.0010408157529457895,127.2385714285691,0.012766251681151058,-85797.69766600699,42.69980879541104
2023-12-07,43752.75556497456,43787.92201338002,43837.04182777861,46.92184639741459,95.51000000000204,0.002187226195967007,76.75499999999946,0.007287213788007691,-85770.115086007,76.58578118348272
2023-12-08,43262.72826832067,43269.81026596905,43422.77670826749,61.01416491625019,33.150000000001455,0.0007666514261450708,60.99785714285723,0.004987327295894405,-90455.20451600698,54.76645942929986
2023-12-09,44201.487030166994,44264.24524271584,43889.72100353978,26.579666600300285,-135.02000000000407,-0.003047442096456132,66.47642857142844,0.009334205877198269,-89208.16833600703,16.292007633339466
2023-12-10,43743.32732659685,43848.53612505875,43947.5033713832,20.406410990268824,-162.4100000000035,-0.003701567211786161,71.62357142857165,0.012749056096628887,-90391.21741600712,30.83777262845998
2023-12-11,43743.58986100543,43781.07283438638,43828.359654038,50.20839351297859,3.4800000000032014,7.947740409441906e-05,64.78999999999931,0.006594162534526383,-90834.93672600701,80.03886925795125
2023-12-12,41237.1052006544,41193.407200738446,41632.44727350263,42.9872197342778,33.41000000000349,0.0008105290661157838,64.4164285714287,0.004568040081412692,-99959.14128600706,55.038870606191836
2023-12-13,41463.84105041779,41352.909799692956,41413.61400836113,73.6677864637233,189.29000000000087,0.00458294897961653,68.7642857142855,0.01351851756525123,-102135.4036360071,82.60495096268704
2023-12-14,42930.21373265593,42938.2481084522,42124.170966961625,31.575949542941046,-167.0500000000029,-0.0038816267652630465,83.15357142857154,0.011313742048515658,-97818.18164600704,9.52657070741533
2023-12-15,43021.98982201039,43023.099408332484,42853.1149590281,44.29620386811888,-119.59999999999854,-0.002772249504309654,55.506428571427286,0.004831629012633124,-98781.68159600715,35.39597866229096
2023-12-16,41983.811858598994,42054.7922959524,42270.462548175565,32.170060761001295,-167.5399999999936,-0.003978831495512369,71.69857142857238,0.007254516287328736,-104333.73093600724,15.8217229557242
2023-12-17,42245.81229661836,42273.75805025637,42336.34245065858,51.25411417546194,-17.970000000001164,-0.00042486287119347654,38.71642857142849,0.0033734486474060453,-103534.7383260073,60.49343363508802
2023-12-18,41474.36865247116,41666.076334469515,41937.20265239094,29.71286047550504,-346.5699999999997,-0.00830680406757045,100.17428571428484,0.015306329423585573,-106552.65810600726,20.931462898491645
2023-12-19,42625.36826339925,42502.024462054505,41762.749500653306,65.9458960391474,32.03000000000611,0.0007514233760470557,78.41857142857147,0.007439906040774048,-105458.18550600727,75.61125162872735
2023-12-20,42291.096230760464,42310.07540907681,42452.91139256038,48.94779405157708,-118.11000000000058,-0.0027860008821982696,64.28214285714368,0.004095990044500595,-108243.18590600716,32.647789853305326
2023-12-21,43624.29235220134,43612.380511091105,43462.139903553245,55.70990849240228,187.48999999999796,0.004311954709871557,64.55857142857192,0.005194692538624671,-100649.76108600707,100.0
2023-12-22,43866.76590373272,43873.274444434865,43752.37340806764,24.880044634554494,-30.239999999997963,-0.0006889631924148487,41.515000000000974,0.005162100452966331,-98833.71040600714,33.63631897017852
2023-12-23,43949.59065313681,43855.73513734881,43753.25723590715,71.11502225903392,88.91999999999825,0.0020264301920778216,64.56642857142755,0.010459803526690183,-98719.29240600711,74.24814477281562
2023-12-24,43743.48447385305,43754.92080655657,43718.14456127578,39.97173810645424,-103.31999999999971,-0.0023586090142146965,30.219285714286734,0.002676280373172482,-99913.78784600708,1.0068389057797866
2023-12-25,43054.63752413835,43150.942740191225,43513.26667636781,59.405968154993985,-44.51000000000204,-0.001034250154696048,93.0971428571429,0.007237282176397933,-105083.92773600714,46.63127360297802
2023-12-26,43613.20368362232,43589.68573771265,43469.43247990944,35.32547618361497,-47.66000000000349,-0.0010925231393238422,39.169285714286424,0.0033638782333717246,-105156.5798560072,2.474526928672301
2023-12-27,42482.754009208904,42421.99876235147,42511.81789086757,58.10570730624053,65.43000000000029,0.00154157880476391,39.57714285714298,0.0026752034366614094,-109374.56765600716,83.20501627113536
2023-12-28,43398.35793021156,43383.136091344786,43050.04758952233,55.584474369129644,25.260000000002037,0.0005819795090682423,61.52142857142878,0.004516747394840179,-107212.89957600723,79.24870604556843
2023-12-29,42634.21641446654,42594.91198003961,42708.63153910611,49.17116812964216,-54.220000000001164,-0.0012722329871102112,66.60500000000009,0.006736870040048905,-106989.23864600735,15.199888304557684
2023-12-30,41975.88361928296,41926.5080148279,42240.96474052853,77.66904555939979,263.5,0.006303307502131927,71.05857142857141,0.012247774519624138,-109448.33294600736,92.57780579486796
2023-12-31,42202.100859472426,42236.44978022922,42212.41552870083,38.882204449477314,-80.83000000000175,-0.0019144451673582807,59.97357142857228,0.0035903581362505396,-109180.49742600736,27.967909478759893
2024-01-01,42255.90056470867,42361.943532158766,42481.393097628184,38.494596473488244,-12.409999999996217,-0.0002934084294987649,96.00142857142782,0.01367113757737935,-108616.40917600728,60.97743957987274
2024-01-02,43990.942177337056,43766.79775879047,43107.141691610486,93.52672313974035,525.1200000000026,0.012029019735225077,100.4521428571435,0.024656510871100094,-103149.25139600722,99.37067773167419
2024-01-03,44928.81068414344,44965.25830678988,45035.74866939643,41.22808492040857,-43.93999999999505,-0.0009766430285268468,80.77214285714425,0.006049913751760528,-102285.33256600722,46.87954964573525
2024-01-04,42765.54286838394,42752.86686211853,43268.545722076815,60.084315899089724,223.59000000000378,0.005245926717038607,65.81285714285696,0.0057475916050647585,-106749.45131600722,100.0
2024-01-05,44218.121524768685,44276.65683950363,43832.38355861854,40.50858500689826,-146.16999999999825,-0.0032997518808720594,83.99214285714281,0.008552071429490606,-105605.82129600726,31.98557327258858
2024-01-06,44087.28343852122,43986.750718667514,43774.756426975786,67.21458716589149,-62.68000000000029,-0.001417849659528292,110.97571428571557,0.012526357691953201,-107402.17764600716,66.68778680183564
2024-01-07,43898.70169690471,43868.86232559233,43831.58542839955,65.21223949257586,215.40999999999622,0.004923329671100651,52.44857142857082,0.005131955107951063,-108024.52134600717,95.28080808080796
2024-01-08,43830.85840067566,43931.54124328864,44059.79687859444,49.66311484232042,-12.090000000003783,-0.0002751409784597092,120.062857142858,0.009635092145192797,-107754.1452260072,78.80989180834602
2024-01-09,46939.41030244246,46930.7028127394,45699.79566883373,49.27601809954758,-104.95999999999913,-0.0022305338320298684,79.66928571428642,0.005207932501702696,-96058.66295600716,44.02525176612143
2024-01-10,46062.58893560933,46095.78029212938,46458.99050410039,55.891266000271315,11.94999999999709,0.00025923005419969947,133.77571428571432,0.011504786757920252,-101852.15558600702,67.2319937539314
2024-01-11,46727.93642597727,46561.0216303101,45975.06337319437,52.360387135222545,-685.5299999999988,-0.014481135423426328,323.9592857142852,0.03201576939059195,-95306.73635600711,20.708942445988225
2024-01-12,46369.22620393374,46364.609183210436,46526.108551295576,54.85422782896853,-72.82999999999447,-0.0015692065778690756,82.408571428571,0.006556300767478507,-94276.08203600717,32.10825704381878
2024-01-13,42798.591672416376,42878.33246568722,44287.26415673964,64.22497279149997,-53.2699999999968,-0.0012435801662152857,157.528571428571,0.02943498468792139,-108758.28444600714,71.0177759404718
2024-01-14,42857.84956854438,42890.30579819403,42960.52579637503,37.66724695349452,-122.77000000000407,-0.002857059079243718,51.39857142857155,0.005287457154668094,-109053.80514600719,24.358974358971977
2024-01-15,41925.660364402174,42160.863183969086,42657.98760968476,29.297528702081593,-353.63000000000466,-0.008402560662719605,170.98928571428561,0.020391285365260792,-113917.4473660073,1.7667844522966065
2024-01-16,42574.30738740416,42644.08406804194,42688.73361681104,30.76940088904631,-71.05000000000291,-0.0016685395171451844,69.552857142857,0.006314653334062405,-111163.07778600734,17.581271917353384
2024-01-17,43175.56627910925,43233.007956734495,43066.415886145915,25.999329590210593,-109.29000000000087,-0.0025270976829966374,54.50714285714275,0.006030332032099099,-106734.02578600738,14.913793103446602
2024-01-18,42729.9534123549,42692.00416868428,42678.34215598394,67.62761486518325,75.30999999999767,0.0017636676042760424,62.457857142856874,0.007540895050696275,-105318.58576600735,90.51808972503349
2024-01-19,41303.93985075333,41266.95376614906,41863.09306735371,50.05643470849723,54.36000000000058,0.00131707934021974,54.01428571428447,0.0037142213097743015,-113118.96051600741,78.7732860220504
2024-01-20,41645.04955668999,41650.565685489455,41442.81825065298,60.65700649266882,-1.4500000000043656,-3.480516787146559e-05,47.463571428571285,0.0023195670768625712,-114311.19348600738,39.29449068569095
2024-01-21,41716.40443849131,41737.110174447196,41647.46991192711,33.44886122506843,-97.12000000000262,-0.002323825238388366,36.68642857142965,0.003918111744600429,-114516.69134600733,40.82119837670145
2024-01-22,41577.09001779218,41628.69711663302,41686.5568806834,35.02009931425984,-81.68000000000029,-0.001960539109850945,33.578571428570804,0.0062460528512350575,-115575.59607600744,45.13651877133135
2024-01-23,39640.69341430323,39796.67245488967,40447.08769181283,37.64116004786016,-237.97000000000116,-0.005978245987601438,108.77142857142773,0.012944292410907133,-122033.50147600744,16.892891877033886
2024-01-24,39746.50480071295,39551.97652781379,39389.43895355797,78.74786451041115,277.6100000000006,0.007006816508535296,82.40142857142824,0.016094112010825053,-116551.52161600757,97.893885049426
2024-01-25,40087.554285531885,39962.75594074748,39894.73964068313,82.74377318494923,94.86999999999534,0.0023723424925374825,64.72357142857125,0.0134770862770853,-114948.97556600762,76.6733021379996
2024-01-26,39940.7206712621,39926.473732169055,39915.95430157348,46.98848106208416,15.089999999996508,0.00037775997596756206,35.2571428571412,0.0018629106338701083,-115080.31919600768,74.55362033081063
2024-01-27,41867.66500887551,41901.21620730135,41425.08345221929,30.068179191866832,-100.00999999999476,-0.002385534420773716,42.76642857142724,0.0029717503445365,-107789.6597160076,12.127626619859031
2024-01-28,42122.41950574179,42109.58562173978,41886.23526301013,50.87869695670777,-23.60000000000582,-0.0005599817578825217,32.9800000000006,0.0026421450581063733,-105731.84568600752,36.709012464041855
2024-01-29,41978.993484554834,41922.335907077104,42103.259109717284,75.68645397489533,261.86999999999534,0.0062694536331682205,61.10357142857122,0.010226363875211577,-105066.78314600742,87.02028175856208
2024-01-30,43218.185723899354,43165.512919035136,42737.14063181916,73.51778656126513,212.68999999999505,0.004935946870283647,51.76000000000048,0.0066725960480921885,-101614.8467360074,88.11251912589627
2024-01-31,42989.24261024299,43224.57804332352,43365.01165853473,25.33101961402909,-328.58000000000175,-0.007593770048680781,105.947142857143,0.02416788257187927,-102592.3153560074,34.93105087969561
2024-02-01,42619.38548432469,42640.629501768126,42932.979266959665,34.73256601218705,-30.010000000002037,-0.000704294601198252,43.005714285713374,0.002523226340076482,-101230.76745600748,18.18316538233627
2024-02-02,43028.64419988622,43008.75181549517,42739.80286679675,72.33588510263712,170.40000000000146,0.00397086725698359,45.324285714284734,0.005682787932717677,-100167.2621160075,98.40340340340585
2024-02-03,43171.9753421843,43127.651716657485,43045.823345444216,62.25201855978955,25.669999999998254,0.0005945662619430969,33.34499999999961,0.0027858717414133275,-99242.25153600752,63.988630980576986
2024-02-04,42997.73713642909,43025.84313587389,43073.15124193789,41.87721369539473,-62.450000000004366,-0.0014498460075490494,30.247142857142276,0.003880016106724999,-99737.83208600746,47.320989677204544
2024-02-05,42593.40605896334,42644.73018030995,42826.27231715514,43.26962069804511,-31.80000000000291,-0.0007462217245325364,49.69928571428526,0.005858548068816352,-101609.24309600746,52.61689239773873
2024-02-06,42652.765442451055,42569.02401648559,42741.160313724016,88.2822700634611,204.80999999999767,0.004818617778278522,38.96785714285735,0.010376028920362507,-98593.06180600755,94.8826008428636
2024-02-07,43116.21353343028,43144.23982850152,43057.30919595526,40.878263374269515,-70.29000000000087,-0.0016282427024427726,41.37785714285668,0.0043777819675578184,-97609.53251600746,34.8210061504478
2024-02-08,44260.99152893879,44193.74843583257,43569.769618245045,76.76388379118485,160.0199999999968,0.003621215680257528,49.569285714286316,0.004892607430119248,-92931.03548600739,94.03160726294384
2024-02-09,45312.7839265613,45330.92982697161,45043.53044166042,46.97554398363424,-54.05999999999767,-0.0011922533964113802,54.87214285714332,0.00290061928320833,-87452.42317600736,20.149003288813358
2024-02-10,47169.027755241856,47281.66687620705,47075.321640308146,44.50692312511703,-147.42000000000553,-0.0031180077745035506,71.46499999999962,0.00735549818541035,-80724.08133600737,33.129513935041885
2024-02-11,47774.7384650623,47776.97224317542,47461.725789019,47.96879343897653,-103.6400000000067,-0.002165721131432652,67.20571428571358,0.005211368868177234,-78530.68529600736,20.86924553735427
2024-02-12,48187.86531729657,48156.920207131545,48131.21060677633,62.40601503759406,239.98999999999796,0.0049935497295048314,57.91571428571375,0.005007336981279692,-76759.8157060073,99.99640533448289
2024-02-13,49968.08219980558,49968.327456246625,49271.60541245127,39.2969753591029,-57.9800000000032,-0.0011601742862717979,75.53428571428594,0.00403313531937294,-65157.03213600735,43.528607443488376
2024-02-14,49602.072361352904,49517.244009383445,49403.312739567984,66.95135282864129,329.179999999993,0.006667556538420438,68.85000000000011,0.007450761616657119,-69699.55299600732,81.91606714628213
2024-02-15,51789.72703538897,51738.059651146315,51281.271353752054,60.99767491016661,13.150000000001455,0.00025394915068988055,66.3257142857136,0.004150442164232964,-61326.40286600736,52.851846208541815
2024-02-16,51852.43525797918,51772.345451070934,51920.128493353535,81.95171984321765,96.0,0.0018538544724238104,73.54142857142766,0.008877099641281902,-60056.23075600729,78.86884578868796
2024-02-17,52098.80396769444,52018.026726349584,51985.751355347646,69.30946291560092,93.45999999999913,0.0017962489417295835,48.77142857142878,0.006493183504281042,-58112.117996007306,66.55958754709529
2024-02-18,51666.361142362235,51654.331835836216,51522.59709928949,49.42043708160803,3.110000000000582,6.0225180205986106e-05,44.43500000000027,0.005369783985740701,-59801.76250600733,34.3962469404395
2024-02-19,52140.23327391622,52094.12009227931,51828.82436765511,48.08088755999689,-141.37000000000262,-0.002704142998800285,85.94857142857083,0.007289846249292769,-58191.08665600734,43.371116148818935
2024-02-20,51808.386987347454,51867.55075102201,52015.29997820502,34.512019921463846,-226.23999999999796,-0.004350688073703202,60.616428571428386,0.007233052269845883,-58957.34096600739,21.068838780174243
2024-02-21,52279.13223314194,52208.54143425214,51942.19389067491,47.7595765078571,-107.90000000000146,-0.0020604689390514297,93.48357142857172,0.0060955600982538815,-60174.52832600736,27.092206583364245
2024-02-22,51719.162542556216,51516.19485750143,51332.73758763884,77.38997136848502,179.38999999999942,0.00347184052641758,101.4657142857151,0.013254821708612226,-60286.88837600738,83.37519000726955
2024-02-23,51335.65189171187,51435.25405751029,51542.494668562955,29.315023094926488,-42.68000000000029,-0.0008314647455440749,61.20142857142907,0.007157250075475719,-63227.26827600736,21.71666480799889
2024-02-24,50804.636683413075,50863.00308730328,51047.09958128628,44.185998084211604,36.5,0.0007198124937755068,68.83285714285687,0.00613115469210061,-63147.12205600736,56.39943385735214
2024-02-25,51576.50193536319,51574.52804119241,51337.18266373245,45.884599845742,2.0900000000037835,4.0530479987532786e-05,36.09714285714238,0.002593930856511877,-60049.574836007334,46.01706506871751
2024-02-26,51750.063719239086,51753.33033744158,51647.478133012504,35.78543879989563,-52.25,-0.0010090554275594688,46.95285714285741,0.004155262455894269,-59856.98796600731,32.875258365453256
2024-02-27,54502.34193687389,54512.307205736215,53161.046646506984,39.48906743613284,-71.59999999999854,-0.0013126037273178959,65.8414285714285,0.004244087317280653,-43675.405356007344,12.434972310791196
2024-02-28,57002.22819419015,56946.45140189195,56593.48775937671,63.19136264960681,166.23999999999796,0.0029231015401496308,66.84071428571353,0.00497479399122493,-32808.35741600736,74.00282453528717
2024-02-29,62282.95274575173,61671.7620897135,60238.653794197846,80.06279132478157,538.8799999999974,0.008706607928945953,287.4071428571432,0.03686148993494737,-29344.267316007335,85.43707738796957
2024-03-01,61301.40910272517,61292.19000831447,61730.183393593674,51.30932966039415,-77.50999999999476,-0.0012663275960572706,159.75428571428503,0.012421217867775973,-31956.448386007334,24.603012462158702
2024-03-02,62461.11667751032,62475.81755056066,62114.451623452216,51.847433841218944,-93.18999999999505,-0.0014914912655972223,139.33928571428572,0.007049248988870768,-28466.136896007363,14.927138650493214
2024-03-03,61983.11480590322,61931.8479629688,61929.31119115298,63.273787933743826,97.23999999999796,0.0015711736492656225,72.67357142857249,0.006760577635369154,-30293.916186007373,78.1564318034898
2024-03-04,62970.86132723589,62908.521639950064,62477.400205638565,63.593866866118084,326.2300000000032,0.00519575955433349,117.08000000000071,0.008605993815199726,-29469.90307600736,91.65725672534037
2024-03-05,68008.04244204372,67763.18247008657,66217.36237534577,60.637905520774204,-28.29999999998836,-0.0004145061934986982,296.5771428571409,0.019582542838988755,-16613.111636007365,75.87898064909405
2024-03-06,63816.405932006266,63516.89581557898,64956.63581446004,68.35481953638995,217.01000000000204,0.003417103626371931,273.0228571428576,0.02805976277811815,-19278.717536007352,58.95665711715301
2024-03-07,66080.76206780187,66231.9876216285,66324.969550472,44.536358325952534,86.02999999999884,0.0013037216912588079,151.74071428571602,0.008177906034198552,-20199.34492600737,66.37585997011942
2024-03-08,66985.09706244197,67141.73647063275,67084.16957689959,28.051094973463037,-262.0,-0.0039054831343499075,110.07499999999813,0.00856296943086766,-19540.904366007348,3.2195830827799705
2024-03-09,68187.47531716949,68315.75823939791,68036.28904959816,43.84941892322908,-22.330000000001746,-0.0003276763068752464,120.37857142856956,0.005462831090731008,-17309.351814007357,24.23431203224057
2024-03-10,68348.66752059587,68349.95673836982,68268.77072792237,42.22381979391309,-86.70999999999185,-0.0012676904291490931,37.14357142857313,0.0017499897488263362,-17251.31789400736,25.606502450831123
2024-03-11,68815.13370472382,68854.83562300951,69170.03311524718,59.0958193339858,291.04000000000815,0.004238559355850935,174.39500000000095,0.008237100517916162,-15348.366904007364,95.2619584937385
2024-03-12,72190.51315073323,72302.14393897618,71732.48796219747,21.432369892350337,-277.61999999999534,-0.00383687702921065,94.46142857142799,0.011221092009299525,-8977.537014007368,5.135836061392709
2024-03-13,71390.67863330271,71231.17919195407,71376.77944279741,66.50465312423945,310.65999999998894,0.004366799336813054,107.55857142857192,0.010663430881432075,-10545.18796500736,81.00147275404879
2024-03-14,73033.57190904733,73032.97820333329,72816.79238313764,67.84729969158059,-8.660000000003492,-0.00011849853867773597,83.693571428575,0.004843529758053593,-9771.154268007343,79.12939122845287
2024-03-15,71513.03429288518,71343.24817270138,71548.39976610018,39.96509761469241,-150.25999999999476,-0.0021003869207371073,130.4235714285699,0.004990545110226981,-13804.713154007351,2.709912094574867
2024-03-16,69398.17859367644,68985.35278271566,68666.40918685785,66.23744617703633,583.3500000000058,0.00846459120820131,218.9228571428539,0.024993773845964077,-25551.033954007384,73.6378965117509
2024-03-17,65533.99539328373,65990.30234412156,67473.45684574422,31.381779469454912,-658.9500000000044,-0.009990209155364638,420.88214285714537,0.03300075177559868,-35364.64725400738,28.560848766786407
2024-03-18,68367.51660930358,68357.58145953533,67753.12554151066,46.494535557855,172.47999999999593,0.0025282537635038516,169.76142857142986,0.011663706229549799,-31093.953444007377,54.864692388622565
2024-03-19,67745.55576561703,67650.27892755717,67590.14929214475,56.037854763358204,-222.01999999998952,-0.003273085966345235,141.38357142857214,0.011611768333050186,-34784.22221400736,26.184060721063613
2024-03-20,62064.89980856637,62649.209236984556,64010.16659437857,32.67269305790667,-170.79000000000087,-0.00274987888070799,316.02499999999935,0.030806037234412744,-41569.127904007306,30.415831503929407
2024-03-21,67804.70877157351,67582.9354060158,65174.39661669351,66.09739015323511,124.51999999998952,0.0018388566718139376,218.35642857142895,0.008740332759370452,-33731.54078400725,69.77613549769119
2024-03-22,65475.394485300756,65478.6816460523,66026.42718242502,46.95164681149278,44.58999999999651,0.0006812138959690905,121.55571428571264,0.0042109195656100905,-37939.23868400723,64.08967351591319
2024-03-23,63448.314349025466,63271.43892796305,63975.73320862779,74.15053395008866,590.760000000002,0.00934659876581101,162.8999999999999,0.016896161676718136,-42370.567994007135,98.47585782611279
2024-03-24,64380.6065455293,64654.37178975694,64785.36140609723,15.670448113787984,-641.989999999998,-0.009933005322440902,153.00499999999997,0.017278239514168757,-42155.28276400712,12.518897829797469
2024-03-25,67246.1612676109,66975.63260367373,65803.52966600539,62.826743821442,-91.61000000000058,-0.001361186063927211,184.23142857142687,0.014849519557711502,-37658.52348400714,46.23020714276595
2024-03-26,70022.95456892914,70197.06453286576,69210.08357347375,23.730845682193348,-435.9800000000105,-0.006200296689273799,151.5635714285745,0.012975242080895935,-29376.11524400719,20.752740167633494
2024-03-27,70068.43027577373,70042.33076746487,70108.58943775203,44.154868259402456,-291.63000000000466,-0.0041495665244680735,101.41214285714315,0.008109096241303295,-28767.129674007192,11.6539992761492
2024-03-28,69319.87339665413,69233.49278149089,69438.1852485927,53.023614195712554,59.98000000001048,0.0008641404892466564,128.4050000000009,0.007298477399784037,-31148.121724007193,70.33754378516161
2024-03-29,70806.10568135345,70807.75287496237,70626.95872204975,47.98274777608103,-98.88999999999942,-0.0013951849822847473,86.1371428571417,0.00561211832339602,-30148.151454007206,23.999585588853463
2024-03-30,69842.64295714942,69742.43445436624,69823.71031408978,63.44800353069648,0.5399999999935972,7.730851825149543e-06,74.39285714285818,0.004155612591831269,-33647.48099400724,63.710387323939095
2024-03-31,69640.59729900109,69694.74102979698,69890.70506462778,36.574674026078455,-146.58000000000175,-0.0021021455135585843,64.28000000000091,0.004121583360955837,-33986.63434400718,17.62641036355725
2024-04-01,71199.08102922431,71063.87405817228,70644.63238104555,73.41970002104013,208.0,0.002926609223518506,94.06142857142966,0.00758285835288375,-32208.6411340072,80.54920943699113
2024-04-02,69753.74608793702,69710.10045812804,69516.20725582949,37.421476870085996,-170.81999999999243,-0.002446555186705446,76.20928571428522,0.0033319136285952203,-33909.8376440072,6.256733239415778
2024-04-03,65540.18811221131,65638.41634247087,66044.3086232143,19.46145404227498,-224.00000000000728,-0.0034100601951743137,105.68285714285646,0.008760452756562304,-39392.295174007224,18.12430284439468
2024-04-04,66095.04912011836,66039.57617099109,66009.0802281941,33.40774424693444,-248.61000000000058,-0.0037547636836827714,86.60714285714286,0.005449681830181493,-37733.465134007216,3.8226827864130852
2024-04-05,68363.49490603512,68169.19607755456,67525.4484505198,77.57969631926224,266.50999999999476,0.00390655232502235,141.307857142857,0.013338159411123308,-34595.8864440072,89.19223230792754
2024-04-06,67859.74550833502,67783.53162148487,67571.79096352769,50.70279267616047,24.65999999998894,0.00036373848825199673,91.76071428571387,0.005210834117968763,-35090.10899400718,63.48749999999927
2024-04-07,69071.61978527729,68899.41745629768,68246.94356363444,54.57446341088336,-652.0099999999948,-0.009374962705618661,235.0885714285718,0.01901639714801565,-33309.78804400718,17.305574601591704
2024-04-08,69369.62302134927,69319.685056124,69338.79775069124,55.62926295795345,16.60000000000582,0.00023938697322445357,91.02857142856998,0.004682633482544536,-33294.80063400719,60.21867974657719
2024-04-09,71710.03886022398,71735.46217069685,71473.6669241318,45.75496501233646,-205.86999999999534,-0.002866237471262023,98.03642857143132,0.005481904911206058,-28156.993674007197,2.561604143697301
2024-04-10,69134.38931239159,69154.47910260771,69631.7469679238,35.53452409343552,-41.7899999999936,-0.0006040083084023484,106.47499999999854,0.0077057510066932565,-32838.98131400718,49.629030082287315
2024-04-11,70583.91815456274,70446.71066792156,69525.13013785558,45.53382544898051,-96.91999999999825,-0.001370320099536193,116.71928571428725,0.0089029365938397,-29352.246884007116,45.79442251532262
2024-04-12,70059.02533142523,70134.56613484229,70244.58727631983,42.43956195330227,-134.5500000000029,-0.0019182849121438528,87.74714285714124,0.004993395340446681,-27033.564474007093,44.29485910380688
2024-04-13,67065.75081576439,67031.2268529787,68464.26806897449,59.396790549370316,294.34000000001106,0.00440482486503746,103.36285714285934,0.006516390146884197,-35068.169524007106,72.81857528874492
2024-04-14,64326.2205849186,64003.22300696194,65763.8849537924,47.147149099989655,-1332.489999999998,-0.020419112125902195,466.9314285714281,0.040271813197482284,-37001.74591400717,13.968747125614545
2024-04-15,65544.03203023557,65090.11587651672,64446.358129753105,73.99646623598923,393.8599999999933,0.006034505740793561,223.432857142857,0.013969707996358438,-33312.90027400715,79.80571959693019
2024-04-16,63392.07280963974,63310.60338293818,64218.85757833351,53.944032905574026,16.56999999999971,0.0002613423692285899,138.6671428571426,0.009859116796189914,-37277.554904007215,63.56556403284096
2024-04-17,63758.97000668398,63674.52799129212,63131.82214552391,53.585167770891275,102.0199999999968,0.001601786866886279,95.69999999999969,0.00356680365261372,-39049.43673400718,67.13642823306486
2024-04-18,61349.99610794262,61367.74615935163,61808.96944841963,34.61446182320935,-431.29999999999563,-0.0069892934007489416,110.38928571428707,0.009275148642267196,-43880.93076400717,14.510507973387266
2024-04-19,63463.416234134136,63462.817265193735,62924.54876229102,50.40049453512408,-57.69999999999709,-0.0009082640696714828,92.32714285714246,0.005260465034514746,-43428.52106400725,32.497409326425476
2024-04-20,63790.09514348468,63919.157094296366,64044.80205900033,40.95645093772863,400.0,0.00630735653799297,297.64928571428493,0.02082797588896732,-41209.5930340072,68.72743179829823
2024-04-21,64858.56381021916,64792.26498784283,64478.225861714236,73.76241728718674,207.22999999999593,0.0032012860138883603,80.38785714285716,0.006870129231740845,-40740.86475400718,87.57327985189706
2024-04-22,64958.91674806965,64924.876669036814,64857.73467177847,40.96779557674246,1.5200000000040745,2.3406354486610326e-05,78.779285714287,0.003073857138183299,-40948.65825400713,35.448113207547856
2024-04-23,66887.3224013534,66814.44998193432,66268.74235142856,52.40516479411032,-353.1899999999878,-0.005257954481676874,146.37571428571496,0.010696635960643564,-38137.12716400713,11.33460704548928
2024-04-24,66376.58699597909,66367.19420808979,66428.26935289301,51.13602455347665,173.97999999999593,0.0026265088688075533,76.89785714285765,0.004229386669830427,-39086.27206400711,93.83677507899594
2024-04-25,64225.898322497014,64210.393974195045,65060.00773013029,58.48217470925368,213.98999999999796,0.0033396487898669225,138.7378571428578,0.006583335854359424,-45277.143874007066,90.22777226663453
2024-04-26,64537.391941732945,64619.44027222492,64405.04418833305,39.74314219045702,-170.33000000000175,-0.0026338874759601616,74.56857142857136,0.004431388790681385,-44399.62118400709,16.898820857131998
2024-04-27,63815.46465182043,63858.492461392685,64016.197855453545,45.353675450762914,-103.06999999999971,-0.001613668857052164,46.33357142857234,0.002949442499277095,-45778.76918400708,8.752623878889455
2024-04-28,63453.862365921224,63375.96867572742,63226.63651740517,73.5725408772392,113.9800000000032,0.001799267538043825,50.66857142857199,0.006033352537562109,-46565.962624007116,70.22779333163828
2024-04-29,63040.13672580245,63210.1263518269,63559.8151735522,49.054699072804326,108.62000000000262,0.0017238533566101832,139.12142857142888,0.010910281757715487,-46447.17143400712,80.22717011619923
2024-04-30,63886.50598001674,63658.31850327223,63009.37393579618,54.948800769706715,-184.0,-0.0028727556596409576,120.57928571428523,0.011337268606562657,-45565.33280400711,20.868729663033886
2024-05-01,60676.909101014295,60528.61550839815,61011.792235797446,55.52061918007003,255.90000000000146,0.004235625934146725,131.81428571428685,0.009751187819992181,-49950.698554007125,51.7950678646529
2024-05-02,58213.39025100545,58026.25478147106,58049.45574675402,61.93038983110886,466.97000000000116,0.008065390859787858,147.61214285714283,0.012137186709936605,-57460.51620400715,71.85275384038984
2024-05-03,59168.549498107786,59194.759187903815,58803.02788044135,29.002859979550507,-163.38999999999942,-0.002758847764419814,91.5478571428565,0.005934085208377422,-57111.94141400711,0.726465543335036
2024-05-04,62920.29700544255,62826.0786203746,61471.87201326698,49.698758007876314,-27.979999999995925,-0.0004447624296235464,127.18642857142706,0.006578382539015441,-45145.63092400709,20.178761061947263
2024-05-05,63856.797365901904,63817.88975403995,63532.85848498862,69.91681510817475,138.04000000000087,0.002165197477805414,75.29642857142815,0.006546027434137422,-42724.28268400705,88.81197948265418
2024-05-06,64018.956631128975,63926.06702399342,63862.394263024675,65.0033793014191,46.55999999999767,0.0007278930622536262,94.02857142857205,0.008926695846668676,-42487.96625400704,50.03130144450333
2024-05-07,63248.05112090717,63339.72940546401,63612.59475228806,21.7422606191505,-207.95999999999913,-0.0032815159101291513,74.61214285714284,0.008739895896899426,-42792.73474400707,8.17723634207581
2024-05-08,62442.378912972774,62668.52640030887,63271.274012614886,25.296458973704077,-162.04999999999563,-0.0025938736561836873,151.42500000000032,0.018550559030466988,-43273.40696400705,7.522827687776399
2024-05-09,61142.97104094635,61283.49880700698,62058.49260344468,44.93890414817927,183.61999999999534,0.0030096996512505303,123.519285714286,0.008674734697334386,-46194.28782400698,72.62273225084547
2024-05-10,63018.16734280614,62885.86536756769,62151.74067020188,44.176622859418735,-60.08999999999651,-0.0009517835844653488,124.62999999999998,0.01142470755744869,-44871.24096400696,37.30995391216855
2024-05-11,60893.44130532026,60831.85097151919,61426.90725590374,47.44535709313608,-150.01000000000204,-0.0024611977030353227,61.59714285714342,0.005690324124142605,-48165.75645400697,10.568281938325093
2024-05-12,60862.55301951082,60915.8746024916,60991.60552209274,35.41765975941412,-120.0,-0.0019689564481600863,40.44499999999867,0.004093767616438492,-48745.00580400693,33.956360642237726
2024-05-13,61455.023035472266,61388.53123049271,61272.07952925676,63.44117248455964,79.98999999999796,0.0013026838642433702,59.04999999999979,0.0040211812542913965,-48466.86157400694,75.15381497992033
2024-05-14,62896.567571503714,62893.21648867149,62660.79500147159,58.74380862050813,52.11000000000058,0.0008286163474509056,62.926428571429696,0.004090060638386526,-43383.892144006895,84.82311946064726
2024-05-15,61599.69285424519,61621.39927036958,61755.75034209982,27.088425223185638,-48.74000000000524,-0.0007908969930499055,46.54857142857197,0.004124186580207518,-47336.00441400693,16.56796888810242
2024-05-16,66223.01819145588,66112.5442197103,64646.71671550254,56.33466135458221,8.490000000005239,0.00012825158943607917,104.14214285714219,0.0041188242883560796,-37841.85080400696,38.39813374805555
2024-05-17,65273.49310993216,65294.18838099494,65477.65353303321,31.547643296532968,-44.04000000000087,-0.0006746401038615346,64.15571428571327,0.004152174288747887,-41597.10020400692,17.835514018691264
2024-05-18,66922.2478161943,66850.61731788292,66548.10895672048,73.12366118796393,308.61999999999534,0.004625919840372639,61.46642857142849,0.00634424212110118,-39800.89357400692,83.13661090013318
2024-05-19,66952.09450253719,66932.9102945894,66904.40903864737,46.44867203125593,-54.79000000000815,-0.0008181276419484407,24.702857142855855,0.003187914763919773,-37016.83495400693,0.49465453964844475
2024-05-20,66281.56123054348,66288.03705624599,66628.39024899754,45.349049374155136,6.009999999994761,9.069234019420946e-05,58.20285714285689,0.0033611570012674796,-37102.25086400689,37.404442304218186
2024-05-21,71064.63764061905,70321.72465121817,68450.83933704376,87.17242113538865,1686.6100000000006,0.024177318781920976,259.037857142856,0.046489770616327294,-30730.47530400683,96.4333754112947
2024-05-22,70193.53192335884,70055.87515386826,70116.31144377065,53.33542656043493,-77.63000000000466,-0.001105431509169641,96.46071428571408,0.006692202109961071,-26964.155504006823,19.543414223592105
2024-05-23,69153.48840370825,69229.90611731826,69693.80504933401,51.443197908724045,62.61000000000058,0.0009060255692832087,79.90714285714161,0.004466320921502585,-27710.022564006827,68.08166373197282
2024-05-24,67799.4350107298,67715.50652913125,68250.60373473146,73.40424297959703,339.8899999999994,0.00502574606208861,121.83571428571511,0.006999876768563131,-33254.97162400684,95.24411593075057
2024-05-25,68626.12654048788,68727.3767151424,68345.96060904894,29.207436399216633,-177.61999999999534,-0.002584405306688131,44.79999999999667,0.005034399844256726,-32729.838464006778,9.522542385768697
2024-05-26,69269.23823477709,69209.76973444347,69047.94946437718,70.27807045673319,-25.59999999999127,-0.0003693221942295821,47.43571428571574,0.00579223966053866,-32254.042914006764,73.53188760171622
2024-05-27,68488.69048068314,68540.46922966377,68841.3548353762,39.40547500419892,-17.5,-0.00025538061415975033,58.82714285714298,0.006083838069253682,-33328.82290400682,59.03975182165701
2024-05-28,69435.51657339631,69533.79120129613,69434.71476735985,31.07358380377667,-80.27000000000407,-0.0011546865717159127,50.77714285714215,0.0066723258512681825,-30919.552484006796,41.95305794992008
2024-05-29,68441.25747753431,68448.96445641917,68323.77796027338,34.337181058017464,-35.61000000000058,-0.0005203553789052684,51.176428571427614,0.0045072512593930655,-32374.61345400679,17.976314872866435
2024-05-30,67666.70602689308,67640.60791283236,67735.78095753223,49.29577464788661,-16.19000000000233,-0.00023925421255144297,44.139285714285506,0.0024444757450809373,-33155.412894006826,49.0966373047008
2024-05-31,68379.40509525359,68400.0025650491,68378.95845026434,51.99206040639283,36.169999999998254,0.0005294513730311756,50.66785714285444,0.0032410486355028694,-31468.52417400684,37.76973045620773
2024-06-01,67475.89801868644,67514.59576727409,67758.64148188273,47.923144477937846,108.73999999999069,0.0016126049531617337,105.35357142857227,0.007239955240394062,-33373.14984400684,82.7178485990029
2024-06-02,67758.85825272495,67768.39791624843,67737.42483867207,44.89376550868521,-23.75999999999476,-0.00035049101933137816,22.202857142853777,0.0017760328082192828,-32914.23586400681,45.30894812978544
2024-06-03,67837.7759723251,67852.42347736766,67845.90005044281,30.158633126508775,-132.36999999999534,-0.0019495419599987462,34.33357142857234,0.003143220288526947,-32165.01545400681,0.004578964242553804
2024-06-04,68858.30556674978,68965.77818483063,69041.68437082622,19.743502488406875,-184.7100000000064,-0.0026771656510560238,55.46999999999701,0.006742565348628208,-31518.22971400681,21.815234117388382
2024-06-05,70547.1843669621,70541.14796054017,70041.00851021394,50.72875999256336,-50.25,-0.0007118764652790377,59.73928571428717,0.003215561143160659,-30063.164424006787,63.01383905689321
2024-06-06,71085.28506355747,71120.87722492625,71066.86153904125,45.202854276341775,-102.5,-0.0014393944713209095,104.98642857142737,0.0056488428258118185,-28996.710914006777,68.6325634598885
2024-06-07,70810.47699753207,70800.64157967026,70944.39602105488,52.141299781969984,-121.26000000000931,-0.0017098061599272185,61.73357142856964,0.003559098088416247,-29685.5521840068,23.923080584509304
2024-06-08,69365.42157018099,69355.23504173056,70152.75872610263,45.49831305204862,-24.389999999999418,-0.0003515422818596292,57.17785714285856,0.0025777027589468553,-31988.729954006783,12.217056626785558
2024-06-09,69315.43052359927,69338.14310251847,69435.6699605627,48.82160601299675,-7.179999999993015,-0.00010358113749964204,20.031428571431857,0.0008662596250881097,-31861.417964006796,31.92033619587514
2024-06-10,69649.57973248659,69660.51296793162,69570.22735620658,49.74400303403772,12.179999999993015,0.00017490963002431137,22.53928571428592,0.0010668680355731459,-30917.26950400681,58.62573099415844
2024-06-11,69507.89146625633,69523.09048390684,69604.86973553024,61.599909353576265,43.529999999998836,0.000626362749071907,49.697857142858474,0.0019436004631572846,-30829.332824006837,85.68892697557493
2024-06-12,67363.00483759864,67361.7790407091,67366.58964253099,45.63661390227094,-237.75999999999476,-0.003519658929417302,55.616428571428905,0.0034507473714074743,-36263.91928400686,1.5558190506995015
2024-06-13,68253.422319911,68293.27230421838,68442.86353770019,48.480921526278955,34.98000000001048,0.0005126851466847882,58.37285714285723,0.0030511908098269313,-36573.22026400685,54.683593750002046
2024-06-14,66814.50325202072,66829.56842277298,67144.00500024167,32.2924653237603,22.289999999993597,0.0003339289823389713,62.11642857143098,0.004684661036875019,-40687.00435400679,31.070035611327377
2024-06-15,66026.90464218885,65984.42713264954,66226.72842706625,53.889917247387,116.27000000000407,0.0017635980737693568,47.18785714285644,0.002670191400932124,-42110.525484006794,77.38678275591371
2024-06-16,66232.40050385123,66187.07198103398,66195.7870227818,64.6990305854072,-11.740000000005239,-0.00017723432627336777,21.826428571428032,0.004452250455039462,-42235.49675400682,56.801684088271614
2024-06-17,66677.25925835116,66663.817715578,66541.09267275689,47.04997066550947,-59.13000000000466,-0.0008860285303284865,46.4650000000017,0.0029095980031039284,-40975.46535400681,23.35027987469764
2024-06-18,66521.23991953516,66555.31218495307,66314.55302805894,36.845709222000956,-154.75,-0.0023215141883146106,74.03428571428647,0.004073784027039348,-38997.6779240068,34.63760014906116
2024-06-19,65139.57035777523,65104.08629920959,65072.22281795492,40.407087070290956,6.239999999997963,9.575092973546084e-05,70.00857142857005,0.003958524910289667,-42414.75954400677,50.93281985451447
2024-06-20,64913.64523386444,64925.07437860835,65037.50721641617,56.62450756790403,74.54000000000087,0.0011485392180534681,49.06285714285799,0.002997512368404241,-43300.99958400673,89.0524766011149
2024-06-21,64937.62092501574,64994.243488568485,65155.979254973725,27.582396767267582,-182.0,-0.0027977622206484254,35.94214285714251,0.003082877118554451,-45218.61712400683,9.869274986093435
2024-06-22,64121.92396540032,64126.646605089016,64127.21951318676,45.825063793591575,-60.700000000004366,-0.0009454201325582723,35.447142857143,0.0022771579530783386,-47723.410184006854,47.07894736841952
2024-06-23,64283.334024961616,64293.01215283738,64286.70291884542,31.865327625949178,-53.779999999998836,-0.000836186572535258,9.356428571428946,0.0013344561278862566,-47526.599964006855,2.9558823529441725
2024-06-24,63410.44890768845,63598.34895766427,64034.500478627946,18.735978462919746,-471.25999999999476,-0.007400292111008344,82.96857142857178,0.010951211715404361,-48796.34343400684,6.074488681017882
2024-06-25,60288.12817743007,60134.195792335224,60832.46848271019,59.60673023261344,126.88000000000466,0.002108817509833605,88.3607142857145,0.00718824019467217,-62592.0888740069,66.052440243571
2024-06-26,61777.65314132967,61852.61556505014,61591.97130425421,40.059295430764266,46.04000000000087,0.0007454666833548451,65.29214285714313,0.010204355300803996,-61735.35026400689,50.28860795354026
2024-06-27,60849.5122699817,60896.16436023471,61206.47399357676,49.46952405106051,-24.9800000000032,-0.0004102481903013322,50.88071428571389,0.0033813183083452993,-62419.0791940069,43.81600814882133
2024-06-28,61659.771186255646,61628.30526223512,61514.8912491172,61.43943826799266,84.91000000000349,0.0013779268165232672,43.71928571428465,0.0018224528999286347,-60762.179964006915,87.65148733015305
2024-06-29,60415.511678722716,60387.5222957749,60857.80500394155,75.95471534586166,31.82999999999447,0.0005270215698023328,28.248571428571136,0.002715422273985483,-64292.82546400693,81.22033898304788
2024-06-30,60989.27259546598,60998.05307124494,60989.42488466161,64.31638678015497,-18.31999999999971,-0.00030030325383167966,41.80000000000031,0.002096672089729686,-63879.94011400694,66.93805148730914
2024-07-01,62842.070344958884,62635.36710552966,61878.16743777705,45.76060044535131,-197.37999999999738,-0.0031345388608655655,91.37285714285619,0.008478812492149412,-61568.68749400698,3.268789637026802
2024-07-02,62906.25088892344,62992.21458036531,63056.98949457913,39.33649289099526,-115.44000000000233,-0.0018319322743651778,45.92500000000031,0.0036962303294611133,-60704.27869400699,32.47859041244112
2024-07-03,62115.88090771535,62086.22688699394,62313.96596099,63.99069672340728,-42.86999999999534,-0.0006894683904393739,43.683571428570886,0.0035219869526651425,-61014.84354400697,70.51851851852058
2024-07-04,60276.54569678931,60221.17283851871,60422.34880361501,32.49015550957786,-111.40999999999622,-0.0018469830648181196,45.95785714285739,0.0028583802949427445,-66646.65643400699,0.006015037595210387
2024-07-05,57468.237038011146,57891.92723948583,58217.14185242186,15.793418433071821,-965.9799999999959,-0.01665023728803039,232.42714285714257,0.02983126594691459,-73988.11141400698,13.125383397292447
2024-07-06,56699.50687544989,56644.34977357817,56239.35075421681,50.5508233957979,-62.349999999998545,-0.0010998191251754275,91.38999999999994,0.004564477997496184,-79957.23301400701,28.54044283777641
2024-07-07,58222.88865248398,58130.47220213848,57463.1847621803,63.26310324096834,80.91999999999825,0.0013915924223217857,93.8371428571419,0.008993403477711503,-80637.87925400709,46.067440477500774
2024-07-08,56122.29056266535,56401.02958785247,57013.19230640766,19.388591767139133,-597.9800000000032,-0.010592004823597456,166.38142857142833,0.017173606291945975,-83671.47950400706,16.6096167490254
2024-07-09,56703.4666059129,56653.413629237046,56469.81929482597,54.896463841987746,-4.169999999998254,-7.35206093077645e-05,76.06357142857243,0.004681679314409363,-86315.14314400713,40.282576979191795
2024-07-10,57990.506289855686,57934.593218729446,57586.56312980367,43.68877014006989,136.02999999999884,0.0023488287886324066,88.43428571428583,0.0056403224180938275,-85652.50752400704,46.85965888961996
2024-07-11,57734.60309920034,57656.48876205935,57814.19593926831,52.474720596061786,105.01000000000204,0.0018224309121492865,64.61999999999951,0.0041225451304220916,-84943.76625400709,44.165183597863575
2024-07-12,57321.942330105805,57360.47961450157,57727.999771924195,57.036618657629745,24.720000000001164,0.0004312994273591997,103.63000000000049,0.0064936108982142,-81559.39800400707,75.99247638866713
2024-07-13,57837.82477708447,57766.22656441261,57681.67727027163,72.5551508487384,163.1999999999971,0.0028271538425559406,41.846428571430025,0.004691183369300237,-82051.50644400714,91.05733824302992
2024-07-14,59258.45300360105,59070.21999102853,58603.72942157123,58.198661691900774,-82.52000000000407,-0.0013918842286968491,239.27071428571435,0.027459565936927183,-80306.04535400712,34.94793659744967
2024-07-15,60979.79614526104,60861.36932112326,60154.496383858226,50.276375088233905,-140.0899999999965,-0.0022988939577931466,114.802857142857,0.008056941096662003,-78148.17928400717,20.851286341770056
2024-07-16,64640.81528429408,64316.60903728577,63234.538509765254,59.573249207395286,252.12999999999738,0.003910689305328008,174.80000000000032,0.012216607726567677,-69581.35109400714,73.93933107096795
2024-07-17,65021.457218588424,64830.032882254825,64332.17359849799,65.74532912539922,283.97000000000116,0.0043849584975421685,161.4750000000001,0.019752042508104632,-68114.80197400715,57.880471277699534
2024-07-18,64189.55271741706,64260.85052371608,64624.17717735159,34.482029941969,-47.080000000001746,-0.0007340757560567734,74.40714285714421,0.004640468381803488,-70638.27254400714,1.3346308911429487
2024-07-19,63996.151817798265,63941.83188103767,64070.769705850704,46.90345146854569,-12.080000000001746,-0.0001887500000000708,53.97714285714132,0.0023705422172092348,-70318.39422400715,23.53558052434326
2024-07-20,66712.00756308096,66806.29677536,65881.77854055206,41.076405281513075,-165.97999999999593,-0.0024837645478599235,75.73500000000058,0.0057659969435878335,-66340.2794940071,15.221847746776701
2024-07-21,67149.30224270056,67139.70014674045,66907.0005181149,59.52602820958221,1.430000000007567,2.1299245008821188e-05,54.627142857141735,0.004352602341785938,-65189.62323400713,76.11108900648821
2024-07-22,68045.49997010366,67988.9910855683,67381.87322852667,64.21679126867039,71.97999999999593,0.0010570781057066547,86.99857142856906,0.0038157160380997684,-62700.6080240071,88.86354143237993
2024-07-23,67527.97836979244,67593.50086285375,67528.72783884249,42.51212078344579,108.0,0.0016018032745308552,104.1985714285703,0.005490912859563127,-63232.92099400715,62.09038294783007
2024-07-24,65914.71901998046,65902.74459262441,66291.84162722285,55.40561411637534,-10.0,-0.00015163919697336325,78.67071428571217,0.0030397949760171397,-64889.969684007134,54.79137131690759
2024-07-25,65371.210396131806,65462.66862259179,65997.91378310118,52.89121792555116,34.0,0.0005203391386856548,93.05642857142968,0.005069339997912962,-66337.47681400711,73.81615598885794
2024-07-26,65742.77556026132,65658.69840980928,64997.623497959095,58.15303942512994,31.89999999999418,0.00048503794775722753,69.00714285714535,0.0032822822310172102,-69896.7060540073,86.9932432432415
2024-07-27,67905.88282278302,67894.11927929835,67425.29750984468,45.35347465035092,-20.019999999989523,-0.00029472378183892367,50.1464285714267,0.0028196910853508384,-66720.85540400723,45.44696969697367
2024-07-28,68126.65523880742,68309.09124085768,68338.8364826194,12.200552508968087,-485.50999999999476,-0.007099966789510748,116.08428571428418,0.017123621168855303,-67679.25303400715,16.43633436200187
2024-07-29,68166.51439559588,68098.95788645725,67949.28685629425,76.59790888016205,246.33000000000175,0.0036223108940636184,53.94428571428268,0.005299517920729852,-67542.55448400721,91.3152906814166
2024-07-30,66908.88919703539,67088.15167474085,67919.77022898209,32.96508171788999,-254.02999999999884,-0.0037893026597166646,150.64928571428547,0.01283195211938058,-73902.1296140073,27.81434014548031
2024-07-31,66211.3501231178,66184.2775013906,66319.7699026813,55.3751590416292,-36.669999999998254,-0.0005537211434952782,63.132857142856146,0.002957378131578702,-78027.81888400727,35.57951482479784
2024-08-01,64717.53838953016,64832.614478908974,65719.06543734117,24.241741258291086,-146.54000000000087,-0.0022623086169349937,85.86285714285675,0.006260958084920467,-81882.81565400725,0.007691716021546019
2024-08-02,65268.47467093644,65068.26390707517,64293.148863856775,48.19861278477283,260.02999999999884,0.003994685223628114,114.80357142857143,0.010161106697122915,-84732.82913400719,75.18902387222823
2024-08-03,61583.816121402684,61791.15357564707,63142.35330720845,48.202871626940556,-119.29000000000087,-0.0019359722105463106,176.57785714285689,0.011155745709156577,-93354.22734400727,48.609576260439624
2024-08-04,60719.05954767119,60641.99606820099,61091.4476608888,56.798613377753206,165.15000000000146,0.002728271133487281,126.60785714285677,0.006247491479965531,-95852.0071040073,70.66444444444399
2024-08-05,58345.66912782592,58571.22859363374,59432.6651678008,27.74800044434582,-392.98999999999796,-0.006711583617102779,160.46428571428623,0.018022995871986393,-101639.48837400731,19.89402516902259
2024-08-06,54316.09547890845,54439.90857264249,54014.569862250515,24.87473511179749,-877.1800000000003,-0.015978944910183812,222.1228571428572,0.022187523965584887,-118447.92533400745,11.807254900334014
2024-08-07,56048.955854725034,56218.74159855564,56021.500519860514,43.04590842355616,-387.8199999999997,-0.006875042878164983,171.19999999999968,0.011592781223881788,-115809.02342400745,36.01369107484709
2024-08-08,55120.7979604418,55142.1416734493,55794.102312788775,46.69173129094453,-209.8399999999965,-0.003791558253830485,135.43500000000026,0.013645463983639208,-117394.17978400744,40.817572892041554
2024-08-09,61853.37210235596,61384.63399558173,59187.99456561167,54.480570250238834,-767.5299999999988,-0.012289619544262664,315.24357142857167,0.030436037128900244,-107142.92081400749,16.14943711702567
2024-08-10,60711.613272731294,60614.41123130474,60457.7769793858,57.12382934443289,291.98999999999796,0.004822614210682863,140.6257142857134,0.008763902547099814,-110981.59936400731,84.46850019854642
2024-08-11,60869.694983799374,60912.215195300545,60810.98577808125,48.149729108521264,78.5,0.0012901633182409444,51.034999999999336,0.0038416449997418912,-110787.90697400733,86.98293014975381
2024-08-12,58831.16647845029,58881.00185805307,59855.06702751337,33.96603396603341,-132.90000000000146,-0.0022584568503041247,126.39928571428598,0.00833499285056888,-111604.51119400741,2.7316946060962732
2024-08-13,59358.74660017051,59236.1139601192,59215.842285108076,59.5361378073576,75.90000000000146,0.0012805644066533617,154.75428571428554,0.014509387345981943,-112731.08765400735,44.686833430288814
2024-08-14,60535.72478373829,60608.02981459782,60133.22237852722,42.09116727181215,45.16000000000349,0.0007459285695763374,78.4464285714296,0.004559774538101788,-112195.6146040074,65.74521232306459
2024-08-15,58814.97497511032,58891.99788833905,59557.8885820364,31.795649600473396,-261.2099999999991,-0.0044314491912744725,79.9142857142854,0.006242978377507912,-116367.38324400733,2.7474260804731085
2024-08-16,57619.14138509001,57543.2562630159,58187.81987332752,43.77342621542049,-58.94000000000233,-0.001023263888888959,96.78642857142924,0.005485251424147916,-118727.25898400735,16.627441750999377
2024-08-17,58922.08263980713,59008.36127427283,58753.302452474716,38.70810561664571,20.010000000002037,0.0003399904748295768,84.85285714285575,0.007143485227500596,-115982.78853400722,49.02304465260576
2024-08-18,59407.406445782646,59367.6638926822,59317.34894578368,74.23234674647982,100.86999999999534,0.0016984020506769504,42.90500000000039,0.00419724288018346,-115651.83129400734,99.99498822232144
2024-08-19,58817.29163222104,59172.96105266054,59589.35215445187,9.140034763453684,-909.7000000000044,-0.015331062127288186,150.02500000000094,0.022421084762208193,-117233.76631400739,1.8111598105308928
2024-08-20,59368.684191556684,59236.46583905597,58894.44332051436,61.43555811277327,338.5,0.005727580372250518,122.10785714285832,0.009470011835184389,-116995.82130400748,66.05328987265061
2024-08-21,59135.86218145188,59234.95199772875,59596.29161842854,9.065934065933561,-341.3999999999942,-0.005751812815052326,66.30428571428482,0.008620133024532847,-118482.73162400747,5.1216358002110995
2024-08-22,61143.810008028195,61176.75283676447,60347.26967424559,41.40863432990588,-63.95999999999913,-0.0010447567861412432,102.8685714285722,0.007281782903494066,-115584.11484400746,51.65860864893857
2024-08-23,60399.18445364808,60433.15644340828,60542.9078674797,41.64466585550658,62.70999999999913,0.001039740434628289,44.9242857142864,0.003464777485660951,-117890.98813400745,43.887955182070876
2024-08-24,64093.03021068992,64134.86359793065,62598.4793456807,29.974553299773447,-118.75,-0.0018509573307184946,151.9028571428566,0.01637392089256039,-111212.51964400742,29.040385757105756
2024-08-25,63997.922804355,63959.60363535092,63992.877656306846,69.5106868500359,242.01000000000204,0.003786435109129238,54.72071428571456,0.005673723924985988,-110836.99279400744,98.19994008877738
2024-08-26,64419.11707572543,64436.711312950094,64191.33021595839,43.63120070113948,-403.98999999999796,-0.006251393638801894,185.9999999999995,0.010466332693940998,-110570.86893400745,2.5
2024-08-27,62957.76050097035,63057.17349174898,63483.77833205378,40.2786790684261,-143.80999999999767,-0.0022835027130984065,81.93500000000027,0.005725355458972311,-111923.18393400754,9.23913043478261
2024-08-28,59513.66695795826,59827.021880790504,61569.78794045049,51.57996900251289,119.9800000000032,0.0020234414289768132,165.60285714285783,0.017234075542644157,-115951.56176400761,42.06349206349206
2024-08-29,59093.56482917982,59108.12156700535,59338.331545264205,50.89392720526667,-109.18999999999505,-0.0018461692453125567,72.47642857142844,0.006177767808339044,-117407.05045400753,22.05246468723051
2024-08-30,59332.48381385915,59337.76789441851,59702.10125144887,66.66848821006076,39.01000000000204,0.0006576196898180342,70.48000000000113,0.004203878474474885,-117755.09030400754,84.91861849940543
2024-08-31,59154.405040672806,59130.69309314576,59068.66560466116,44.8695686491181,-79.94000000000233,-0.0013502482014285944,53.932142857142544,0.0032794165747482384,-117842.82225400762,17.06183611532453
2024-09-01,58970.19962798291,58985.10643028915,59022.15319778723,34.35888521930404,-7.0200000000040745,-0.00011902135958685722,24.985714285713453,0.002602571365592419,-117228.22700400764,36.426356589145705
2024-09-02,57362.34967770347,57628.18989873439,58136.89785119783,34.25151231830189,-232.15999999999622,-0.0040351777956763035,184.43714285714253,0.008500557098747993,-119123.52051400767,17.110051227698435
2024-09-03,59168.45169177371,59125.796549363105,58577.49822035678,41.176470588235176,-212.87000000000262,-0.0035869913219310767,87.55428571428585,0.004892998499415177,-115408.65832400763,16.765431398677872
2024-09-04,57654.2609147891,57818.281644834955,58234.8589295885,21.596160438806933,-248.25,-0.004299745150251222,84.37499999999947,0.010049579519127022,-115799.35727400758,14.93398492844149
2024-09-05,58031.824342228465,58070.050077787375,57643.82229720297,38.832026018748884,-205.11000000000058,-0.003525680087032468,65.16000000000038,0.0058433089352841056,-114052.69531400746,23.697361115170878
2024-09-06,56127.76357952545,56107.61288351465,56499.09708935682,59.51222020361307,54.0199999999968,0.0009624776262258106,69.05642857142915,0.005462640311946126,-117921.70930400743,86.94942903752057
2024-09-07,53847.25445168329,53737.66297513064,54550.87283484367,62.54877845093333,304.98999999999796,0.005683963503657852,78.40928571428647,0.006537764543764857,-121204.64634400733,98.04396890412193
2024-09-08,54068.22094298496,54044.725822286295,54268.36650396542,65.4880658436216,335.0599999999977,0.006224895867780855,69.21357142857129,0.006845234566315676,-121808.92548400727,90.64892977550137
2024-09-09,54846.9430645389,54735.7819014574,54419.320864419904,51.94662661737523,129.9499999999971,0.0023739495798318355,140.94928571428576,0.012013264042662505,-121889.34055400723,80.90867787369325
2024-09-10,57124.02196211688,57182.30406664385,56231.10221600204,34.51547769056768,-66.0,-0.0011557049800378083,82.30857142857089,0.007593715534463623,-117563.46400400714,13.784965860104462
2024-09-11,57645.00645026284,57631.09528738333,57279.38372337494,56.75811692980194,19.989999999997963,0.0003469522354901944,79.06214285714304,0.005540773226701161,-116468.96120400712,28.657662876131646
2024-09-12,57389.66279931636,57402.107962526185,57138.33537703648,51.62012979514529,-142.0,-0.002470424495476742,58.31357142857087,0.004118363290477235,-117952.8529740072,13.718723037100439
2024-09-13,58117.869958103416,58105.23677385031,58014.924529906064,49.63900098156858,-13.669999999998254,-0.00023509789755060684,57.82571428571464,0.0031422403941544874,-116627.00720400723,63.57133893838711
2024-09-14,60492.36849623631,60385.88260072514,59319.74726256659,43.59828860818414,18.0,0.0002976190476191576,94.29857142857249,0.00522899081023735,-111227.10661400719,72.14912280701755
2024-09-15,59989.5524892248,59988.59249490921,59903.602659341166,40.42427277279522,-43.700000000004366,-0.0007278877447189913,25.9242857142838,0.001955638196904821,-112568.89116400719,49.62419312052089
2024-09-16,59170.44039128792,59322.66372109988,59812.73682618832,39.35044279066111,200.20999999999913,0.003397317474999495,177.88357142857163,0.01258748550207026,-114500.75387400725,57.538232684377675
2024-09-17,58208.57623996668,58077.50270294552,58210.66062904868,72.82667170711086,110.29999999999563,0.0018983303814266161,73.4078571428576,0.01031931751102312,-116804.11260400726,61.567420246661584
2024-09-18,60239.858691668,60232.31050452301,59890.7440427395,51.225193981748895,235.97999999999593,0.003927893084341383,66.39714285714373,0.004776580453320977,-111901.23417400729,91.14208102043227
2024-09-19,61256.81847049975,60850.46564003488,60219.47383226215,95.70082449941107,872.2999999999956,0.014326376973736288,154.27571428571486,0.023978307902602688,-110622.2476640073,97.84878384580082
2024-09-20,62970.53090808958,62978.57415011754,62819.22907482418,56.82225861799966,44.0,0.0006994786817180465,67.46500000000067,0.0056694708256494865,-105474.42392400735,39.59900990098909
2024-09-21,63145.8437766634,63131.41168864393,63088.44676427121,49.43783450772048,117.04000000000087,0.0018553037449584586,47.9721428571429,0.003670528361170219,-104060.16838400727,82.39688417826635
2024-09-22,63332.980498789395,63242.14811665446,63160.15703094544,61.70629266660885,146.75,0.0023219124774276345,80.49285714285672,0.0069557267977273145,-103808.73273400722,48.12993336120116
2024-09-23,63550.448710040255,63394.88428739848,63034.957292089544,45.66476004464324,-105.22999999999593,-0.0016523776226959885,148.81499999999974,0.018210323644981256,-103911.78609400721,26.809604892796795
2024-09-24,63325.26687787112,63315.58935574717,63383.43332324685,53.275144925163,49.31999999999971,0.0007792617774469157,72.04285714285652,0.003318421908118413,-102601.26236400731,66.12702366126862
2024-09-25,64333.20291816347,64304.01530895847,63784.52617637022,50.41854622280559,-187.3000000000029,-0.0029061287820015824,98.62142857142837,0.0056244124697949335,-101617.13547400731,2.9194914287004265
2024-09-26,63100.34628848655,63208.33244954331,63513.142965323605,50.823012866233974,2.5200000000040745,3.990531039921308e-05,108.38571428571491,0.008875346144696962,-103299.34733400717,55.30129260328695
2024-09-27,65073.72571086627,65029.39922626533,64688.60258332067,56.41903539118128,185.98999999999796,0.002861912968548097,88.35714285714182,0.005604584807055079,-99972.16246400724,99.99773566107329
2024-09-28,65770.50627523205,65805.84356025652,65713.17794133618,35.133516678495795,-88.05000000000291,-0.001336967414740875,44.099285714286715,0.005132371325292429,-97446.32269400716,38.301246750958335
2024-09-29,65766.05330428704,65714.01848610716,65701.01075074839,61.656417058563065,186.00999999999476,0.0028324099817897963,46.55214285714361,0.004621797043282311,-97667.07557400716,65.95931348357688
2024-09-30,65631.42722698832,65695.99468472863,65744.0106284209,39.70076665878569,22.00999999999476,0.000335620616041421,70.82285714285796,0.004368372160265645,-97485.45880400712,34.9103773584881
2024-10-01,63303.053448910476,63461.302627463454,63835.01647276738,38.71736069201361,-262.47000000000116,-0.004127531881555124,146.90071428571432,0.01253551441637447,-98713.70504400705,61.918150167509324
2024-10-02,60859.4157736224,60893.687375725014,62145.105540702905,56.90376970790985,-31.2300000000032,-0.0005133388376582504,124.10785714285574,0.005999329794238155,-102210.08183400701,40.28712897225621
2024-10-03,60699.02508103285,60715.249422584915,61125.037691504825,40.044551447922295,-181.01000000000204,-0.002975655713625569,77.4857142857145,0.006206259527494884,-98076.89131400704,11.01955081596344
2024-10-04,60783.866964917026,60801.46615128206,60742.084567063306,38.36164368950156,-59.29000000000087,-0.0009749720449910848,80.5057142857144,0.0036992303835876542,-98976.10037400699,18.41910338259701
2024-10-05,62079.163343081906,62160.237749320986,61852.45770198957,39.76486860304312,49.169999999998254,0.000792593689909582,61.10642857142894,0.006706186207504402,-97090.983594007,45.63165445895957
2024-10-06,62037.75482729,61989.91854440889,62004.38337451275,57.93511873504912,66.0,0.0010646535036777927,34.64142857142724,0.0017035426385565932,-97571.36390400697,64.90348458260165
2024-10-07,62793.90094443455,62687.10916761663,62465.90020680271,63.73535015299386,92.6400000000067,0.0014768696294291672,96.29285714285652,0.008807284958919456,-96247.36883400695,73.61915907858368
2024-10-08,62462.052410337936,62762.42220170246,63211.914672542596,26.926676897291003,-308.0199999999968,-0.0049257964159801215,189.17142857142815,0.021672591170090086,-97641.87129400697,9.580838323353293
2024-10-09,62175.45128464885,62217.22150327796,62395.156742198655,46.864235940252854,2.5,4.022009077186972e-05,62.63571428571543,0.004736476833710938,-96015.522844007,52.67367100517472
2024-10-10,60689.055322424,60753.04218455962,61482.80766313477,35.4680614472215,-67.25,-0.0011078480615623887,64.24142857142786,0.0034130965323192074,-100545.412784007,11.83372748771926
2024-10-11,60261.11180322078,60143.046802689016,60346.326980827864,66.62020356100265,96.44000000000233,0.001601196746801259,50.189285714285816,0.00437304769157714,-101302.37469400698,98.411209797541
2024-10-12,62486.7068626137,62598.05320518475,62091.46631773545,52.17973278318104,47.98999999999796,0.0007679381732159651,83.80428571428638,0.004251361078011239,-98523.01943400699,59.002492151342274
2024-10-13,63226.070169975814,63217.0917113914,63019.54813605338,39.048511683527096,-147.79999999999563,-0.002332922204463017,47.408571428570994,0.002859764539992183,-97451.01136400698,16.68347236227033
2024-10-14,62796.3555161923,62789.33906430771,62712.21909263285,57.11816851008441,172.0199999999968,0.00274362818590701,69.21571428571353,0.00443892397648377,-98277.0062740069,90.26701767581628
2024-10-15,66113.87620582677,66080.46958394126,65378.541982023795,45.58854611786565,-120.72000000000116,-0.0018234352208476023,111.73142857142895,0.006370142206144161,-92426.73779400703,10.479653977751925
2024-10-16,66932.12405153591,66792.65452722418,66376.28757840794,68.8903194656802,316.2299999999959,0.004736966750456872,96.2742857142865,0.007210702485571859,-92500.06480400711,82.89815334122657
2024-10-17,67672.20386436667,67694.92543667546,67598.85205492155,35.522211253702366,-109.60000000000582,-0.0016181991893945424,61.269999999997836,0.0035994486177372306,-90138.11936400717,7.84844985342378
2024-10-18,67366.94948625276,67295.58961959262,67215.90646753002,48.58749205340107,79.77999999999884,0.0011846989991386447,61.29142857142973,0.00293543000434163,-90816.80701400714,69.67550393249671
2024-10-19,68391.58603635072,68387.3197176121,68292.93089237217,72.55863088949984,125.99000000000524,0.0018446016449589209,47.96142857142695,0.0043502654497402605,-86982.41308400723,84.20458819104893
2024-10-20,68365.17516898148,68326.73475706484,68260.43535665487,54.01212933898224,56.00999999999476,0.0008197946224925978,39.65499999999987,0.002120669095951834,-86660.51729400728,67.29719898144388
2024-10-21,69036.9515431413,68982.0383523661,68621.45296937687,35.61585780882817,27.889999999999418,0.0004041788821242953,112.49928571428609,0.005886875938003435,-84617.7833640073,22.79726441218424
2024-10-22,67495.75032781987,67605.37318874971,67827.03793095557,10.831305528836722,-220.49000000000524,-0.00326178337551164,82.05000000000187,0.007825173732244986,-90852.7574540072,2.543764959871526
2024-10-23,67483.27669311414,67543.85498675556,67426.55934116195,24.454441183918163,-234.0,-0.0034584688146614972,71.37500000000104,0.007759137523101188,-91292.49811400716,24.63190014889456
2024-10-24,66689.01060515188,66586.91331896515,66490.04088974015,59.95785036880825,8.65999999998894,0.00012991301078790762,79.21857142857127,0.007900996426459769,-94553.27805400724,60.065636065289745
2024-10-25,68187.16084155272,68230.73278162602,67778.43323061103,46.860959319975244,3.7700000000040745,5.528304257929051e-05,63.22928571428617,0.004276208954935278,-91761.75042400726,68.1244622884992
2024-10-26,66443.75132998146,66661.60911019785,67362.77947320102,43.467367156832275,522.3500000000058,0.007893347404904327,356.4292857142874,0.030232639844279114,-93731.31113400737,70.65672464753087
2024-10-27,67113.33284790491,67138.71659376532,67096.5567862747,37.41066759630711,-11.060000000012224,-0.00016481923085764905,28.116428571428905,0.0017798753273837139,-92575.4762740073,9.784429800061293
2024-10-28,68085.54356032956,68075.04793143953,67687.07761221394,34.68802475425041,-241.57000000000698,-0.003538799122866587,66.8314285714275,0.00489924242493552,-91630.78413400741,11.15894039735003
2024-10-29,69909.01567708855,69850.34407172541,69098.45509933012,57.18899642260407,-140.25999999999476,-0.00200078542168336,98.09428571428518,0.004444040054455596,-85289.93100400733,55.53372149442142
2024-10-30,72695.04179737643,72606.54922743037,71996.92706030542,43.21336264383109,108.42999999999302,0.001492950582826058,136.91642857142975,0.008137275972432868,-74719.30543400733,47.55374832374491
2024-10-31,72449.57611835499,72433.68007355435,72215.76498357454,45.401846647933404,-198.68999999998778,-0.00273891102199042,75.0278571428571,0.0055755875932601215,-74150.7879340074,2.8016415868687385
2024-11-01,70439.98287718896,70419.73331380618,70994.76739400075,35.726196987686464,-134.0,-0.0019027061166747572,93.87285714285619,0.006258092089679221,-77167.40248400747,0.0027566435094170953
2024-11-02,69495.38024566839,69417.45984454958,69728.49748123011,56.217710990588266,-37.98000000001048,-0.0005462076892180923,58.948571428570304,0.005263848310284703,-78108.43726400743,50.19391634980789
2024-11-03,69296.66494876347,69356.2085378209,69478.15642010358,42.32052290418008,84.75,0.0012231203958898984,77.45000000000125,0.007095838737001465,-77219.45702400738,64.68194842407027
2024-11-04,68813.97680929078,68866.58528179034,68615.1356177288,39.73301459188904,26.120000000009895,0.00037992799113673037,148.7107142857151,0.007680631209559047,-79315.82105400745,55.39535975585941
2024-11-05,67816.76973479305,67735.89037716921,68117.59770554268,48.716251592954194,-49.99000000000524,-0.0007362297496318337,134.3864285714309,0.004938497664372055,-81413.41544400743,45.07154042516567
2024-11-06,69496.21313710744,69486.03111133327,69317.5134033688,51.599884923361884,-188.45000000001164,-0.0027091540222708987,154.85500000000008,0.011201138693372295,-78823.57902400738,12.772167222192872
2024-11-07,75619.56098066321,75667.40567361188,74563.47526755488,31.857609688116042,-12.009999999994761,-0.00015889606265873102,114.13714285714481,0.004900659060152252,-60469.77436700732,5.980138841330712
2024-11-08,75898.45654327508,75933.03877672485,75650.09096023453,55.587356546505056,77.89999999999418,0.0010279758548397133,126.33928571428467,0.005809107144779001,-58215.9091420073,41.57187993680837
2024-11-09,76458.80809868054,76479.64630515811,76294.27810879398,57.588691656832715,89.77999999999884,0.0011748233446742251,71.03214285714265,0.0033836066130906173,-58016.39097900729,91.18798955613588
2024-11-10,76729.23467311538,76596.09833125047,76388.16494035689,60.81214596232424,-33.86999999999534,-0.00044152539135999813,136.13142857142728,0.00803448853165643,-58280.50968900727,58.32974440595592
2024-11-11,80352.6511693833,80237.93885441555,79549.1017814112,48.25067786232834,118.01999999998952,0.0014706177379524288,238.4957142857134,0.012053124371864126,-53560.415244007236,56.27939637240438
2024-11-12,88601.3726403567,88079.18632384941,84748.89341500873,68.42998968951632,-33.81999999999243,-0.00038136343856753907,490.30285714285753,0.04144791325496528,-36902.07366000724,61.130391889154524
2024-11-13,88038.09587078642,88237.69004863818,87822.53930919325,42.495542076600636,-446.5600000000122,-0.005051665428524643,313.94142857143015,0.011820494556879538,-40596.66135500726,45.343430422762545
2024-11-14,90191.35800995665,89931.48792299096,89732.95879269694,69.3776497085321,993.0999999999913,0.011110725749339023,287.62285714285616,0.016584955009815286,-34665.40092400721,88.6912585293676
2024-11-15,87314.85739552672,87589.07954806737,89019.95316318204,39.400669398479856,34.36999999999534,0.00039373948491028266,395.6707142857163,0.01521259451532825,-38065.46168400717,45.68755820580111
2024-11-16,91100.30263109367,91146.1208801288,89938.11497115543,38.74191829306371,-355.27999999999884,-0.003887627773428104,143.22428571428878,0.006743040439632051,-35261.171984007175,28.348306130847302
2024-11-17,90539.89156718891,90667.5646026987,90863.60685545097,49.561960335922386,-49.44000000000233,-0.000545476451172644,141.39642857142982,0.006782359954518416,-35538.47355400713,81.51599522700198
2024-11-18,89699.41830215453,89610.18249050499,90137.64036161869,69.70411738180292,299.99000000000524,0.003349747643932366,170.86357142857327,0.006605094012144817,-36746.894664007115,98.53750388475532
2024-11-19,90613.78960729785,90897.18701887521,90976.24298054154,30.787915276141348,-383.91999999999825,-0.0042259598450158364,206.9971428571433,0.016459009835131284,-37208.89200400715,22.71703541079166
2024-11-20,92116.79616905113,92137.10214157397,92199.35706188198,72.13048493983376,518.7999999999884,0.0056519092787943315,175.67500000000186,0.00929527069333758,-39146.44206400713,97.02100077780526
2024-11-21,94115.60877818175,94130.95471972336,93739.39783968467,58.59037384246066,174.02999999999884,0.0018491692870226117,137.56428571428737,0.005014352738077979,-34736.67477200712,100.0
2024-11-22,98397.77269913317,98290.0867904834,97474.87722502073,52.87866454772128,-391.88000000000466,-0.003970053389255379,167.61285714285728,0.006986670815928916,-28827.884295007098,17.98208449340114
2024-11-23,98815.69620543318,98854.80574874238,98705.79428160084,66.51116916351165,181.88000000000466,0.0018425669019550561,105.83428571428418,0.0039196631958377465,-28173.877612007087,96.33195781751483
2024-11-24,97608.85873663893,97653.35241727231,98034.7966288699,49.04083310495998,-13.740000000005239,-0.0001406545493557454,108.45142857142802,0.00409423833286417,-32412.82393200709,83.0831355383607
2024-11-25,97849.12709715395,97587.07094293802,97152.59719069557,60.87152563310653,-281.1600000000035,-0.0028636846972740493,242.95928571428522,0.010048618049080573,-32641.338262007106,45.4264322916654
2024-11-26,93338.68781014833,93768.61635860258,95693.91132628125,31.172780543718147,-1211.520000000004,-0.012858207672917232,340.26642857142724,0.020121455645019656,-38910.45291200715,11.919055056863131
2024-11-27,91907.57857905552,91878.47100579608,92702.9772750396,47.71088817707769,130.85000000000582,0.001424848730283923,178.98142857142895,0.006687878555473928,-40024.44073200716,72.2722569271458
2024-11-28,95921.36029800674,96080.88641559781,95170.29453468729,43.82463625346354,-208.88999999999942,-0.002174306769922585,171.1592857142875,0.009035186816439117,-36254.96089200717,26.322748672743856
2024-11-29,95686.97431861972,95512.19473851698,95291.74995534583,55.91926127619265,-74.29000000000815,-0.0007761318711674292,138.22071428571613,0.006567231829661969,-36691.1553020072,23.18746710925762
2024-11-30,97353.01055066263,97328.94843798841,97061.73512231995,49.56865307455938,240.00999999999476,0.002468730967777333,112.85142857143053,0.0036735997404036148,-34882.49987200721,92.9909284951964
2024-12-01,96436.86617307774,96559.34065001152,96724.46572583968,46.156133427042995,-127.73999999999069,-0.0013232406281072917,95.88071428571337,0.004393960633077412,-36332.17535200719,32.10213645253005
2024-12-02,97375.7168580336,97421.2179846521,97119.80056494898,34.751077321935256,-539.7900000000081,-0.005523562708691587,169.08500000000018,0.006210416297330528,-35928.35399200712,2.4444666466835137
2024-12-03,95687.02655420745,95589.46174770077,95850.35924869795,72.13680646115682,308.1299999999901,0.0032253948368767826,128.29071428571478,0.007882612766332743,-36109.1665420071,95.4164534288633
2024-12-04,95924.20299003735,95884.73654101831,95546.37306418116,52.45867299736401,-57.5399999999936,-0.0005999547687906004,136.59642857143004,0.0033096502146906935,-33907.238812007105,16.25223561991528
2024-12-05,98682.2979856735,98417.07124335568,96874.78835587269,59.26606704824252,-68.65999999998894,-0.0006959537576940455,188.91142857143026,0.009451230608833275,-29319.143232007074,51.58951739671188
2024-12-06,96790.94356895046,97256.3568990616,99925.61791829435,50.19760896514779,1164.7799999999988,0.01216088602262344,582.5314285714267,0.03378208885271221,-26026.075290007084,75.8248919742156
2024-12-07,99859.75706540761,100254.26558064621,99796.22068757581,30.48336876895617,-637.1500000000087,-0.0063475070580713,265.66000000000037,0.016806166627524547,-23469.024890007084,45.22209657058666
2024-12-08,99873.82070393323,99909.37415340103,99779.89665270282,49.22760224481825,-50.5,-0.0005055941236546957,151.41714285714156,0.004681538417783515,-24169.39839000707,35.68060973956602
2024-12-09,100723.74466860328,100354.38210775804,99907.71142462117,73.70489209265511,885.5899999999965,0.008836107120051118,221.87357142857218,0.015386033783021351,-23237.55267000707,81.71164073271596
2024-12-10,97287.47810923356,97121.82028323314,97934.2875222329,54.60746552413735,26.479999999995925,0.0002722879457364158,267.32357142857137,0.013581251497537052,-29349.209260007075,69.17543353989522
2024-12-11,96743.6158860026,96736.17526458521,96653.60183351628,40.64141374938552,-320.74000000000524,-0.003309541041342623,200.923571428573,0.006362440047883591,-32118.56179000708,26.21500991844878
2024-12-12,101224.59311711039,101263.26470286165,99879.18512568898,41.42260662093679,-186.63999999999942,-0.0018422364893115883,127.63142857142937,0.00425834388232626,-24233.818300007082,13.144180660104228
2024-12-13,100066.62490055236,100076.78287209402,100550.75643391574,35.766479435917034,-300.4200000000128,-0.0029950737108956904,145.4057142857138,0.006768368666477993,-23625.68227000709,20.936274345477845
2024-12-14,101293.25289081335,101301.83982423207,100936.33672774883,60.92879696313876,147.6999999999971,0.0014583830116645657,85.15142857142824,0.002987059790114146,-22140.013040007096,73.00148893566771
2024-12-15,101355.47654957832,101235.23913790022,101298.84961414096,71.96630825582884,201.85000000000582,0.001994207560600536,88.76571428571333,0.005383085644706639,-21687.03991000711,82.56729052311334
2024-12-16,104426.0753822089,103843.59286166524,102933.45063463639,74.70664080285005,916.0100000000093,0.008846237270876856,383.4457142857126,0.02643475592584361,-15785.274015007122,62.81777155453826
2024-12-17,105859.79556894461,105926.11829395042,105615.14768532813,50.67991913746658,316.9499999999971,0.002997398093902648,171.951428571427,0.0069659195157329495,-13507.941985007124,99.08558512277877
2024-12-18,106068.61720384595,106116.30129929972,106593.80482907899,59.41611073796697,533.7400000000052,0.005054356060606002,275.16142857142717,0.007705370394241339,-13659.66581900712,72.96658791765216
2024-12-19,100539.0720041422,100935.56603899277,103211.81002101228,35.48848246533234,-676.0100000000093,-0.006701128726976924,381.4578571428574,0.014335587264535158,-23060.252169007115,15.869472210337545
2024-12-20,97779.26930572001,97717.69374081431,99423.470343504,41.13222968897787,-466.1399999999994,-0.004760027775508546,310.75,0.010087805440837498,-32976.890549007105,0.6279314635778396
2024-12-21,97623.18370548602,97307.06148204784,96743.95646429001,71.27551131064735,258.15000000000873,0.0026464087316009355,175.29999999999876,0.009859082176284433,-35355.83678900719,98.16538243437073
2024-12-22,97174.4508528688,97160.13680127528,97421.9977126888,47.231590346534595,316.0,0.0032585385310321957,163.56928571428475,0.004593975846512735,-34084.02537900718,84.55896628340905
2024-12-23,95241.51626439388,95268.28619534112,95898.28604641774,48.0768074281662,-485.7399999999907,-0.005077138026053696,226.93285714285594,0.007322722163221489,-34399.488199007195,20.28375000000051
2024-12-24,94888.503492164,94619.91149687677,94454.4822239872,55.064604846660735,-424.7700000000041,-0.004456896001772903,244.34857142857177,0.010803460766912817,-34949.48628900721,30.563791653759104
2024-12-25,98714.53910231865,98606.13954659006,97110.9826529823,46.84329990508006,-302.2299999999959,-0.0030538829521022937,152.4000000000025,0.004307293228391183,-32567.569629007252,32.46585490948484
2024-12-26,99274.17600642382,99069.88200000447,98607.07986148911,68.15432389474361,221.61000000000058,0.0022337918548698266,176.7185714285723,0.009278647372361407,-32583.732929007303,82.73665198674003
2024-12-27,95770.80334835326,95737.59954673084,96178.78502200246,54.383396607035394,357.65000000000873,0.003747618117032836,171.2335714285738,0.005684647181983435,-34594.276979007314,73.84030150399852
2024-12-28,94367.11456595366,94430.43998937501,95083.41970844708,40.614578137683175,-106.55999999999767,-0.001128746719341489,142.58428571428522,0.004601672701403266,-36826.099809007304,46.63564361089505
2024-12-29,95293.07621333326,95226.57099247804,94922.05550399775,46.368366580182624,22.089999999996508,0.0002318480747531826,143.67285714285703,0.0029404173843859626,-36580.54765900731,30.17729583628343
2024-12-30,93633.299034469,93536.26853094756,94148.41109795381,52.91197761420983,646.6699999999983,0.006946604057318728,190.3035714285704,0.011531781154541707,-38650.44769900731,84.58270458502531
2024-12-31,92716.6455460363,92880.73673706359,93378.5977746447,54.48642324379646,334.68000000000757,0.003619830414817171,154.5521428571405,0.005233275923951739,-40058.64585900736,71.19725654487273
2025-01-01,93588.27857755026,93667.191347481,94004.41229647539,42.257921231862746,-59.99000000000524,-0.0006406724593823743,142.62499999999895,0.00471844342933133,-39346.379619007384,48.95678274237987
2025-01-02,94673.64958805846,94728.12320300878,94266.39799820252,30.848467401778635,-296.22000000000116,-0.0031217853551781527,110.720714285713,0.004719870117592262,-38690.075889007356,12.135318920761991
2025-01-03,96949.91869911902,97009.50348772254,96683.04317553857,51.43032115980224,215.8799999999901,0.002230881798709783,100.15928571428647,0.0030810685854614217,-36375.570649007364,70.90516567065953
2025-01-04,98181.4117478226,98268.22427336949,97728.0857299033,38.98349934791186,-144.33000000000175,-0.0014679840042327585,68.04642857143024,0.0049034828307903035,-35236.04809900731,33.79694462125676
2025-01-05,98255.36568866299,98306.08543823498,98098.50653596055,28.187017703132298,-19.55000000000291,-0.0001990023417129949,64.58642857143006,0.0036595892897382603,-35403.99776900726,22.625493926533274
2025-01-06,98454.12985622916,98456.6465334826,98138.66010642225,38.71422855819181,-269.3000000000029,-0.00273032601390355,114.95214285714194,0.0044470657481859265,-35331.64848900726,7.953241398089792
2025-01-07,102127.76973068401,102033.54596967976,100974.18494011534,61.72000574990597,141.3000000000029,0.0013840145825967376,108.60785714285781,0.0035706611514457736,-31875.39575900727,98.8386682617969
2025-01-08,96983.51196751435,96935.82703779353,98482.57483159282,46.777459085541,45.50999999999476,0.0004696153405614467,140.2728571428566,0.0041603936567173195,-38964.149409007296,41.32899828030853
2025-01-09,95060.5479096507,94871.6977759717,95121.8030082189,48.85736026902996,11.779999999998836,0.00012393629674356532,145.55214285714464,0.004827633178185153,-38799.69596900731,39.083564510634076
2025-01-10,92356.07032601428,92308.8738803162,93025.58810901528,58.032083340543736,-22.539999999993597,-0.00024347818196757132,204.2171428571424,0.007437641384538446,-42816.651459007255,79.09533772124077
2025-01-11,94772.2220486727,94772.38610371223,94443.44208418368,48.02177376526866,-46.11000000000058,-0.0004865349782879891,82.77357142856947,0.002670352175341968,-45009.10475900726,28.94448656389591
2025-01-12,94639.78117080826,94650.46985931677,94469.00947714897,46.199682203390594,-26.539999999993597,-0.00028047102646577837,68.43071428571109,0.002697700246433442,-44577.94480900728,27.551839780834158
2025-01-13,94378.29272144436,94327.10095900403,94565.6072558723,75.37301809799581,425.95999999999185,0.004525755133655052,128.58500000000018,0.008837529354083516,-44137.02328900725,97.29612867890675
2025-01-14,94407.91624242756,94177.87111238197,93017.93098442395,60.30544696377427,225.09000000001106,0.002386677865076514,143.18357142857192,0.0037273484161507563,-45880.31627900725,82.89911370080314
2025-01-15,96597.97897189847,96594.81023456257,96145.00639488641,46.66096641234763,-100.44999999999709,-0.0010391955167997624,108.27714285714215,0.0026518267805252394,-41977.554469007184,21.596966336348725
2025-01-16,100136.70262498053,99900.59568697149,98781.23033164772,73.04993235297853,831.7000000000116,0.00834490117708575,157.4064285714277,0.010865985747096019,-35865.34069900717,98.55240961108866
2025-01-17,99977.91145998887,99935.90460282247,99588.97853574091,67.9518227905327,77.55999999999767,0.0007763006890018076,135.27499999999625,0.008217859568806378,-37203.29352900722,76.87090739008514
2025-01-18,104264.09282545054,104462.78017232541,103643.45448122354,33.765921973991766,-314.5200000000041,-0.0030128745497739473,108.74642857143044,0.005524043634916464,-31989.250029007206,2.6525256468639773
2025-01-19,104477.81169370693,104340.87707614522,103970.57208508697,68.3614446993205,20.19000000000233,0.00019313913172913644,140.68785714285644,0.006556469608021176,-31603.04080900721,67.8122923588033
2025-01-20,101344.56770346272,102484.54340071224,104401.05427017953,46.31713387611026,-208.43999999998778,-0.0020527868768182023,1113.2021428571409,0.04991724817607766,-35504.50246900723,44.64573771755224
2025-01-21,102709.97660768621,103059.49590767983,104534.97428704245,33.819435904888536,-1053.9900000000052,-0.010201811951913609,517.5800000000028,0.019013255922631086,-36412.16199700728,26.43063494990471
2025-01-22,106011.67996801168,106119.37601949791,105152.48503548912,47.74703419399863,208.5100000000093,0.0019682766775308558,307.5542857142864,0.009732087912346424,-29296.42281700726,83.77546296296377
2025-01-23,103848.63535590538,103978.83060378268,104492.82720231227,34.02461903926381,-107.33999999999651,-0.0010339645905176331,182.37857142856956,0.0075488409694299775,-30285.585977007286,8.97103918228339
2025-01-24,104080.60135010672,104002.91869820257,103839.42731454915,44.461715944603505,-337.24000000000524,-0.0032349911623847927,239.79785714285597,0.006447295237876504,-25792.683947007277,28.533110940809987
2025-01-25,104770.20856284825,104938.99625123586,105274.08192474941,43.53762688751605,100.22999999999593,0.0009566645194289958,192.5535714285704,0.008547497664268202,-25100.618737007266,65.28863001373364
2025-01-26,104898.81940035782,104976.28848109808,104868.1952797,7.28865119474159,-269.1399999999994,-0.002562847810128721,76.39642857142773,0.003672516927887551,-24688.81790700724,11.585782638415697
2025-01-27,103053.81367655587,103767.79410614222,104686.86812089462,15.121528873185156,-826.2799999999988,-0.007987527439362707,364.3457142857151,0.03012453092896823,-26622.15394700726,4.764525437761001
2025-01-28,101891.31928179102,101644.8507249126,100827.55028730213,53.540442945284966,16.529999999998836,0.00016195355371939613,222.42499999999978,0.007956250785333017,-26744.524987007277,82.66949810949335
2025-01-29,101186.21041308055,101178.73161152746,101983.14563895848,52.457631016165735,-51.98999999999069,-0.0005127850560684433,216.51642857143037,0.008830359933140455,-27955.5631370073,83.64571428571487
2025-01-30,103860.91792585382,103815.01425521763,102903.45346891147,55.302063694591055,-244.90999999998894,-0.002355398706362699,185.95785714285634,0.008756503506084782,-24871.85601700729,32.41510435090262
2025-01-31,104967.51571548924,105085.74015903061,105095.13941436495,24.191674072048528,-404.34999999999127,-0.00384628957904265,103.62357142856801,0.00558276103339793,-23620.134837007296,5.198329108500072
2025-02-01,102295.26095822765,102234.15933774547,103498.26610422121,54.3520368711577,312.75999999999476,0.0030627673409271416,122.87500000000311,0.005007081310229466,-25024.213127007293,97.98682661931407
2025-02-02,100668.9194687879,100831.93588393535,101737.18577597753,43.063540468929624,86.63999999999942,0.0008616693491063643,198.0171428571422,0.006534787229916589,-26054.181137007283,57.41878274889148
2025-02-03,97455.41271224593,97440.80766911848,98474.83061428257,54.16520419832206,247.6299999999901,0.0025410208166072312,533.0535714285714,0.012446201105592539,-30969.61794700729,78.25637211817981
2025-02-04,101452.87624706529,101486.39997253488,98862.73041450173,39.03384166585117,-337.1900000000023,-0.0033166541599916055,146.48928571428405,0.007185449266425879,-25915.343567007323,10.409155321171646
2025-02-05,97767.57822448049,97687.62367111105,98718.12335098343,51.245715868308594,-183.47999999999593,-0.001873265445327732,248.29357142857043,0.014984141460917502,-31850.935077007343,44.01667959658736
2025-02-06,96553.94457202582,96709.27134157995,97514.14040217463,52.27814088598369,-45.98000000001048,-0.00047569580339679174,227.40571428571275,0.005569011814515199,-34735.411357007375,65.48091100390633
2025-02-07,96541.36277995563,96554.60833231588,97120.95729654902,51.34993118979119,-167.64999999999418,-0.0017333181695994293,189.2642857142855,0.005505283524658938,-34847.81488700741,46.41550309771411
2025-02-08,96338.7405066879,96195.0192815602,97073.30531843314,84.04080189870295,456.4100000000035,0.0047517766455711374,161.0600000000008,0.010733700434139744,-33969.30995700734,98.34276711209657
2025-02-09,96557.55574902684,96529.58935375187,96379.53788581495,51.97674591492419,-93.39999999999418,-0.0009674932622484311,60.96785714285735,0.003418403485728174,-34272.30746700737,9.892889021126658
2025-02-10,96263.24390452978,96035.80587930555,96264.07695059774,75.41227291319532,443.86999999999534,0.004622736695116592,187.875714285716,0.01091281787925375,-34730.56627700732,89.359543069206
2025-02-11,97353.35212063347,97345.45809266406,97278.89714836836,49.53056021886535,124.83000000000175,0.0012828603871148925,91.25928571428396,0.0027046292393093914,-33605.67542700728,91.27523199082039
2025-02-12,95817.55074580314,95839.41750862323,96510.20050493919,40.289013447881224,47.44000000000233,0.0004955564961566239,173.5099999999989,0.00851903655826583,-35689.10591700727,62.062009384730054
2025-02-13,97778.41286995537,97688.7948937587,96743.55229807319,50.34217488504727,-106.86999999999534,-0.0010907677588360976,146.74714285714228,0.005286993603637874,-36912.5541070073,69.0943665319728
2025-02-14,96517.79927392598,96442.66592710368,96228.66258032186,65.50308818596375,148.1600000000035,0.001535973778970412,108.48142857142582,0.0027931257994800187,-38789.419967007314,94.0083324196906
2025-02-15,97392.73321766459,97375.41257470242,97258.00657308337,73.41791175623383,339.59999999999127,0.003495233884254656,112.46642857142953,0.005979807947346942,-38160.581587007335,96.7361482869364
2025-02-16,97558.71268605931,97562.21303397015,97555.31140759434,59.16364932555465,60.23000000001048,0.0006176838486289249,71.21571428571353,0.0025867481910655586,-38911.82905700737,68.91071944524869
2025-02-17,96258.1673425466,96561.7627700295,97008.94509254278,6.550864104884525,-286.570000000007,-0.0029725732223194745,160.3650000000021,0.013157998437942669,-40478.73307700741,8.067554837841726
2025-02-18,95827.67220525537,95908.96984667912,96021.02955735025,32.444819282455754,-208.64999999999418,-0.0021736944940885516,103.83499999999913,0.005857120392318761,-41404.44006700743,25.268677516119965
2025-02-19,95492.62788317185,95254.94975033253,95167.00818887899,74.54252846158414,200.88000000000466,0.0021040975225321557,114.97499999999958,0.0053443244385629465,-41607.655637007374,97.04966180135398
2025-02-20,96629.27859596448,96536.68998528794,96145.03896500391,54.81631840796005,-30.980000000010477,-0.0003204539730139455,126.80357142857143,0.004873018912904485,-41418.14187700739,35.449494949492454
2025-02-21,98337.32850370232,98291.22581624692,97767.75297477373,59.39779242560264,24.99000000000524,0.0002542734784012346,100.74142857142682,0.0038113780577584784,-39709.7283670074,48.22851970127531
2025-02-22,96058.26036712434,95844.46546281905,97029.08604216904,68.05879827876831,504.86999999999534,0.005276810723066294,102.58928571428467,0.00806252578994447,-43821.76518700744,96.13661814109788
2025-02-23,96586.79035614518,96601.85739768956,96600.50756874091,42.261300309597154,-28.980000000010477,-0.0003000621557324168,46.255714285713374,0.0014202016894264164,-41991.47074700748,40.24415159873024
2025-02-24,96061.5051107971,95910.10943190655,95912.79617484815,63.8995628432303,235.7100000000064,0.002454742539466759,157.9192857142854,0.008096330859311426,-42448.37507700747,86.65567187724028
2025-02-25,91985.44714730323,92741.87818764473,94450.5258602892,32.35486463359496,-1293.7200000000012,-0.013933951270159617,376.63142857142935,0.027663044767064653,-45862.00618700749,12.714806673994005
2025-02-26,88832.8681337946,88732.09519071154,88842.32350141919,41.137541900645076,-346.320000000007,-0.0038900680604655458,156.02357142856843,0.00608971009330744,-54210.5632770075,1.132132326035762
2025-02-27,84158.30404266853,84303.3048444754,86136.99508002079,38.30473952213083,-262.16999999999825,-0.0031021534627047043,253.61214285714337,0.012334247106502943,-55655.76608700741,30.7645934966882
2025-02-28,84672.8615725813,84434.67422595694,84938.9805709762,59.06384495550915,263.4400000000023,0.0031196585143917765,175.74357142857167,0.011935498839082726,-58351.01943700742,56.652564153256485
2025-03-01,84301.821943631,84223.5875104523,83197.44897463788,61.549794030158594,247.66999999999825,0.0029448670053733306,140.662857142855,0.007347791612644482,-63276.31638700749,69.38913992258334
2025-03-02,85919.62517616797,85843.46870606678,85203.24322885425,47.96270810210877,190.80999999999767,0.002221983628984514,141.37071428571446,0.006745021948441347,-62667.72458700754,66.03084832904774
2025-03-03,94312.06196500083,94224.87231927922,90589.16853054555,48.85664613923817,-559.1000000000058,-0.00589586951684673,363.0699999999997,0.008835957012040766,-54783.51393700757,43.37754150861573
2025-03-04,86415.6226982985,86415.75254860545,89039.32080863934,44.33588540767836,-45.39999999999418,-0.0005262791219855512,321.4628571428569,0.009542420860176967,-62000.159177007554,21.24395739845533
2025-03-05,87400.81976589558,87501.4127428261,85916.36878793401,31.641816155286307,-398.0100000000093,-0.00453934814545498,187.479999999998,0.009170672409287291,-63596.85623700758,26.928389067926624
2025-03-06,90604.59489415445,90408.83653981525,89298.3777086238,61.5674680740161,220.6299999999901,0.002440992116202745,183.8928571428582,0.010296241597425116,-60915.50316700762,44.032331382464676
2025-03-07,90202.08451960681,90036.00500788589,89929.83181220695,35.075619714648255,-219.0500000000029,-0.00242981382113161,226.0385714285741,0.012112146230920183,-61742.02882700762,5.222939296341415
2025-03-08,86641.35084927458,86637.91468220152,87874.29492650354,50.82858012671405,440.86999999999534,0.0051049734555737025,220.67642857142866,0.014998047849739545,-68734.06199700758,95.61939831862692
2025-03-09,86201.34141931446,86216.45483816539,86298.6403706887,53.47734753254942,-127.43000000000757,-0.001475740325290631,115.23500000000058,0.005212930948218303,-67808.81673700751,46.814246772308664
2025-03-10,80728.47621070138,81168.67648735871,83237.52808886461,46.06711242918678,367.3600000000006,0.004571029829279372,398.952142857143,0.017964106070378155,-74374.45682700755,70.44924741704251
2025-03-11,79063.90412280866,79227.84831815651,80205.27871224198,25.490655543925627,-1005.0899999999965,-0.012626608099526426,282.5414285714277,0.013455949324443911,-79515.66847700754,11.486433284515535
2025-03-12,82827.50075864211,82905.30108657507,81896.08011596384,46.553554378702835,-40.51999999998952,-0.0004883486307857288,201.15071428571432,0.008841678567866487,-80386.73056700743,56.2985751295338
2025-03-13,83655.28115385798,83475.8620844327,82752.55267977042,55.545326640148566,85.0,0.0010168057656954055,132.4392857142853,0.004934077009011275,-79045.56178700755,56.68067841980882
2025-03-14,81157.3131511536,81049.34182757705,81547.73699271862,46.249109354324055,-361.2299999999959,-0.004433520572244776,115.06642857142288,0.006570615395878584,-81898.89088700766,15.81364529543335
2025-03-15,84113.66319403227,84214.04956093778,83734.0214971514,20.539259558053118,-311.79000000000815,-0.003698796334159482,95.69928571428629,0.007437730556299599,-78780.33283700769,5.8969020801080285
2025-03-16,84350.20634476966,84357.97252351786,84260.024826085,48.87782561894559,-17.94999999999709,-0.00021278767382049146,44.840000000000664,0.0017053359854034967,-79522.36037700766,48.437067773171044
2025-03-17,82500.60304000149,82552.85031631967,83270.58639191424,59.453623176132936,504.8099999999977,0.006150989670733686,166.58357142857236,0.008515799625980437,-81213.47966700759,91.17041543756135
2025-03-18,84025.17309401209,84056.50882949536,83787.63441144998,44.307366502911826,-30.430000000007567,-0.0003620874992831258,91.0985714285728,0.005027534484795089,-79293.29532700757,66.83634705971815
2025-03-19,82661.63340057927,82452.15610056483,82332.63541631598,67.1801385900219,201.24000000000524,0.002438865067281526,127.71714285714448,0.008842763828082143,-80457.13451700762,79.07458714195371
2025-03-20,86684.4055138474,86274.37563088498,84742.5822469008,62.4129250522781,459.63000000000466,0.005320634716311057,194.9214285714292,0.016681457096408767,-78741.38039700768,82.82956622531354
2025-03-21,84182.58453511204,84199.07451097139,84730.14842801681,51.48120929525383,119.22000000000116,0.0014175278110466483,100.94214285714199,0.004420726965501202,-78887.01148700755,68.80979017785818
2025-03-22,84108.3715756672,84163.21348052644,84132.0923462575,41.694673357579504,-122.34000000001106,-0.0014527770854043665,45.63571428571283,0.0032458435180489835,-79301.49551700767,21.9363997728518
2025-03-23,83841.04444539911,83929.68712160602,84121.23594428027,33.24611934391504,-37.279999999998836,-0.00044445573069507027,57.46428571428468,0.0044331446706444445,-80087.57884700768,58.57298178852789
2025-03-24,85735.58398732862,85509.67299194419,84971.22138165474,86.55940314254437,606.8399999999965,0.007099564952174564,128.3292857142847,0.009000076178585503,-78868.03562700772,94.51554355919592
2025-03-25,87350.12888870621,87543.68222669755,87592.68317481555,54.19314565232955,121.16999999999825,0.0013867495321135959,127.14357142857209,0.006751845970220697,-76742.25813700781,91.97320290986848
2025-03-26,87404.64105206572,87533.8996754994,87594.60019311252,44.515908588426925,142.33000000000175,0.0016312793021109329,128.8828571428603,0.005203610177513506,-77995.48053700781,48.291732393058986
2025-03-27,86848.16536052768,86868.27275430881,87083.28434719336,45.162987507276284,224.38000000000466,0.002588458713460584,104.44357142856981,0.0053685233405467575,-80542.9242070079,74.51599055591385
2025-03-28,87246.28030192103,87298.9996931956,87195.5213171539,42.24524185858124,-45.279999999998836,-0.000518806209496181,84.12500000000207,0.003611115037805034,-78826.9123770079,33.991371421100084
2025-03-29,84367.10174224459,84260.23682302458,84624.47778995614,53.88051595383565,43.36000000000058,0.0005138596333631451,90.75857142857421,0.0038511858908543777,-83573.87808700778,66.24837604818852
2025-03-30,82526.283735219,82483.10818530206,82801.33915998248,79.01934929931369,211.59999999999127,0.002566810461426483,75.19428571428891,0.004528423719573642,-85267.79314700775,92.5799961678458
2025-03-31,82271.51734587045,82291.61714609165,82655.89806927298,43.921149373546385,137.99000000000524,0.0016776491757040102,164.90285714286023,0.00857782003818246,-85806.35548700774,74.83737342743264
2025-04-01,82479.11175067112,82500.93628098871,82632.20385684122,63.043044109227516,-8.020000000004075,-9.714379085845604e-05,119.72714285714548,0.0040944797980948505,-84540.85015700781,44.13833139824129
2025-04-02,85209.18497627904,85204.35882491604,84556.12419361348,42.585125669958856,162.56999999999243,0.0019126834194218567,116.57428571428838,0.0047312273916682935,-83164.46129700792,30.95261518281622
2025-04-03,82672.91018324358,83348.59919931096,85041.32947161666,32.249007780639374,-19.69000000000233,-0.0002385626244457706,245.35571428571816,0.014810550662670879,-82061.80249700796,24.35359801488754
2025-04-04,82987.54637132505,82749.61610983984,82655.000635241,68.00107592991037,660.0099999999948,0.007994977292185679,146.51928571428496,0.010409181979149891,-80371.19196700785,85.49861816233837
2025-04-05,83851.96914586128,83948.31097987456,83585.7954594015,40.85925600669572,23.779999999998836,0.0002835472596849353,75.63214285714432,0.0076373387983239005,-79147.86744700787,53.29302718442176
2025-04-06,83344.5103451334,83199.8813116382,83165.13704457805,79.08905011344727,296.04000000000815,0.00355637992622726,88.90285714286021,0.007437373842197146,-80327.30668700785,74.1473502800526
2025-04-07,78144.77057850447,78389.29215334708,80749.83355076255,53.70232600777796,799.9799999999959,0.01030503405770089,414.2650000000015,0.026229383922464305,-83809.51760700802,82.05139745263043
2025-04-08,79464.86260414922,79474.50117301113,78555.88677801164,28.34868338800659,-790.7599999999948,-0.009890186857442917,223.21928571428725,0.013539538926122292,-82295.22263700806,6.413234277204418
2025-04-09,76449.2605058397,76620.97742185216,77838.47004072818,42.413720126353034,-255.58000000000175,-0.0033375120791873103,171.8064285714281,0.006698556519553881,-87192.61314700807,2.9502223441137847
2025-04-10,82766.35457308876,82878.30768729594,80219.8335745209,27.468430547203937,-505.5599999999977,-0.006082233588279529,133.02428571428442,0.010811625569155566,-77199.5877870081,13.543430342140768
2025-04-11,79629.39702480605,79677.78822107104,80256.9205250098,37.052053361235224,-57.270000000004075,-0.000718889212607321,120.61142857142944,0.006375291181232479,-80811.20236700826,51.27714063022109
2025-04-12,83407.60987965541,83480.39923622437,82793.40017014128,47.40839481678943,98.08999999999651,0.001177187124028256,92.57214285714144,0.004382455291421319,-79124.75901700833,60.06331146487937
2025-04-13,85292.12321844722,85329.30009152406,84634.74480393426,42.995174998162554,-116.51000000000931,-0.001364390999258669,86.73785714285415,0.004974674289237145,-77723.6169870083,41.27891261535842
2025-04-14,83589.50491689435,83551.57425032389,84109.72238279368,67.75647354842854,365.5,0.004382783037250704,178.13142857142935,0.007551794902346515,-79068.83655700834,88.02055406613141
2025-04-15,84578.11034262214,84622.3655251844,84667.7017465598,52.786033167367734,71.58000000000175,0.0008469001419781907,109.0571428571441,0.0035372912483755867,-79610.37335700842,46.66741158723939
2025-04-16,83699.24133692704,83828.69088529385,84601.23879967665,44.377958162689886,-27.769999999989523,-0.00033189214616724527,108.75928571428709,0.005719093696104535,-81731.2843970084,16.891295165689982
2025-04-17,84165.87036801761,84293.95855576725,84259.00602359322,7.685964676777061,-295.6299999999901,-0.0035057985074828935,84.45142857142699,0.007060906274713074,-81178.71860700846,1.270334308982878
2025-04-18,84921.9252956623,84931.9154230862,84751.52411135906,59.69083104994055,116.58000000000175,0.001374256421536657,64.66499999999567,0.003891303312017132,-80930.40374700841,77.69739984985972
2025-04-19,84459.71558772848,84482.90512605241,84560.32874462957,44.5674093748467,59.83999999999651,0.0007088800134098516,42.97428571428879,0.002221360655749242,-80624.01876700834,68.71273782985564
2025-04-20,85138.8749524282,85193.09117592715,85155.3973840709,29.960600696625235,-112.13000000000466,-0.0013162475874273216,38.77571428571433,0.0031897890271494916,-79129.1786470083,5.155869080340322
2025-04-21,85084.21999607871,84996.97590847453,84769.33225112227,73.06602927995195,130.99000000000524,0.0015401845423039795,110.38999999999734,0.008188669682911846,-79797.43897700834,77.73611788084527
2025-04-22,87355.63193778225,87244.6127965035,87147.26629504943,71.99160161266799,396.72000000000116,0.004553744620464428,95.24357142857168,0.007306569902047291,-74174.52729700839,81.60596944691909
2025-04-23,93379.13892067834,92889.72460589762,90758.13016076635,67.93866220146325,419.70000000001164,0.00451177334192332,271.09857142857174,0.015609683972280354,-65911.1786770084,65.13009663367686
2025-04-24,93649.04408607006,93641.41512731307,93403.17820990068,46.20451944318798,-141.31999999999243,-0.0015060895809975161,79.75071428571495,0.004850993465062496,-68701.61753700842,52.44095485341579
2025-04-25,93789.90784630025,93604.45287044908,93204.82808630937,71.53878216612694,471.820000000007,0.005045736410481894,130.30285714285648,0.009004111666937693,-68095.63226700838,96.47167124548726
2025-04-26,94724.08738765513,94787.51694278422,94580.37726847694,33.77009672481759,-317.84000000001106,-0.003347216178520518,94.84714285714186,0.004395404563897141,-65339.3317470084,8.081834408895643
2025-04-27,94648.81733135453,94587.55735369735,94401.89070641078,41.85713914241914,-151.99000000000524,-0.001603608525386102,90.39357142857105,0.002877246043071772,-65160.698947008445,21.92192192192192
2025-04-28,93791.82914457591,93931.3294945716,94093.53864351504,36.78511904037747,24.120000000009895,0.0002573481320602422,100.98928571428716,0.003929856235845118,-66533.99279700851,25.396012854421333
2025-04-29,95001.2066523843,94820.25807418936,94463.18773812847,67.06199232851932,21.179999999993015,0.00022297083903555226,101.92214285714103,0.008316703756976823,-65476.27358700845,60.23367017642865
2025-04-30,94133.9497055134,94260.4879671514,94762.96256360711,50.55572877501285,373.3600000000006,0.003976845335696089,134.3850000000031,0.006834660272748358,-67446.59659700839,92.25415276432524
2025-05-01,94223.2679046827,94288.44048028934,94369.90088453234,55.24002925987818,-4.669999999998254,-4.9587652653282355e-05,107.98928571428301,0.00454900029762248,-67723.10415700833,50.86191143327093
2025-05-02,96393.20133129084,96442.70556790974,96235.96139349233,57.634141288585006,278.41999999999825,0.0028938331585968147,83.76428571428654,0.004382525181685347,-64346.41189700825,96.80504100566905
2025-05-03,96790.02644298623,96783.41107419609,96949.07675648431,72.34798413747446,216.9600000000064,0.0022443322232357232,62.791428571428696,0.0032705073779837382,-63724.58447700821,96.79669421487526
2025-05-04,95952.98743827711,96097.88195862339,96268.92196656816,12.768811656417839,-310.65000000000873,-0.0032303157411368577,70.65857142857047,0.006433005145636639,-65130.1231170082,22.27607599844971
2025-05-05,94434.25092441282,94840.1025440982,95443.16344250279,24.026058333397373,-478.1399999999994,-0.005046025698068335,161.45214285714297,0.013876944512376206,-66362.45029700815,14.247985372789799
2025-05-06,94854.41251190523,94831.20010324712,94531.946992563,22.353775257000365,-292.7300000000105,-0.0030805120387059626,75.56714285714303,0.005389300173551526,-65810.68815700813,2.260388905337368
2025-05-07,96628.03175607393,96031.3699717269,94862.09811247302,72.08006752683023,668.9499999999971,0.0069562680087478235,190.45214285714403,0.018148558477115894,-64314.798927008094,89.5836088833323
2025-05-08,97108.89952681186,97077.63294679642,96723.99645599202,35.64370537860269,-350.4600000000064,-0.0035988554641482873,81.5614285714307,0.004521245900365569,-62946.30631700814,12.734246043306532
2025-05-09,103057.65680612088,102854.40497581278,100945.10104230096,59.04759593606473,285.320000000007,0.0027707351634764787,181.14214285714323,0.005511209042197316,-55019.76822700812,92.23059591329361
2025-05-10,102936.73738780551,102953.75029706865,102908.17550979213,59.096690390498196,151.10000000000582,0.00146954573141711,52.100714285715576,0.0026471693610924645,-53855.67175700815,96.8308605341267
2025-05-11,104508.01490723393,104055.65765993542,103510.47264232939,71.0351656684715,1112.8199999999924,0.010731488009600332,297.8742857142882,0.02001655046744454,-51759.24976700813,87.61348759862668
2025-05-12,103963.95969672594,103989.39598851027,104116.837674394,70.08813478026268,193.50999999999476,0.0018620250145080508,131.90071428571642,0.004603964758857176,-52097.66585700815,94.53998374733682
2025-05-13,102891.66589560722,102774.83697287197,103064.70823140308,42.805670225141725,-168.7199999999866,-0.0016386940020612917,94.01214285714377,0.004042217614207957,-53785.34533700814,0.002970797067619265
2025-05-14,104137.79492809293,104204.17463556146,103840.42770266549,45.47002269995993,84.41999999999825,0.0008115801586821014,109.46214285714503,0.003525519336084861,-52531.918527008136,56.3326533061326
2025-05-15,103538.0671055647,103519.41789324097,103536.78685305307,54.36773075971394,7.820000000006985,7.555555555560645e-05,81.35999999999642,0.0016986150171005609,-55438.09069700815,59.790404845396786
2025-05-16,103682.86214110456,103552.55613013275,103089.02089900691,57.6219318326342,187.6600000000035,0.0018118088110137265,145.32071428571257,0.005887679532177988,-54633.660617008136,80.38825286212207
2025-05-17,103520.11422614855,103564.826853913,103716.06273772227,51.592233351523255,-205.40000000000873,-0.001981300153468868,77.96428571428467,0.0028873907647737123,-55403.081497008134,19.949057204514016
2025-05-18,103146.52480080682,103131.639717661,103154.55545107422,63.38380265081776,5.970000000001164,5.789333429540022e-05,68.32571428571516,0.0030510263952861967,-56088.24615700816,67.3950414485982
2025-05-19,105932.83556155776,105355.3747682962,104516.55660413232,72.57696942179024,756.8099999999977,0.007160153816388126,275.83500000000225,0.01652125923456348,-53328.63974700815,84.31285836281532
2025-05-20,105566.54329594056,105490.18340375906,104667.47839151458,47.0756266514318,-205.11999999999534,-0.0019391398243466806,91.53857142857201,0.005882953810753727,-52757.19020700807,31.56081405907772
2025-05-21,106822.3871426496,106706.12608363434,105902.60865394375,59.07746444726149,14.85000000000582,0.00013899920943627464,171.44285714285692,0.010611999574067634,-50727.75563700808,46.22096945889695
2025-05-22,109520.48460906271,109050.0083334205,107829.5497087831,68.80480497644663,690.8500000000058,0.00634079935649412,402.1257142857139,0.016198169576261225,-48876.832822008044,46.037204427851066
2025-05-23,111432.74638388256,111248.96685434072,110980.3624469692,76.26897090279434,519.8000000000029,0.004675452283447568,115.76500000000046,0.007476365996313985,-46104.461932008,97.13336046669511
2025-05-24,107378.5425966279,107795.89496806132,109137.96997550948,32.98182837543675,-345.3099999999977,-0.003207304677968703,257.8135714285724,0.015222366774158544,-50475.34720200803,47.18939490503893
2025-05-25,107912.39746934758,108228.25147067624,108646.75103641086,37.44252391340814,41.90000000000873,0.00038897137124305203,269.4585714285723,0.010360631280309913,-49797.36191200807,29.199415811008524
2025-05-26,108848.93254228606,108528.12207401755,107784.71102201362,60.379182555454186,-99.45999999999185,-0.000911610198192192,224.0264285714272,0.008498102177756525,-49147.62654200808,59.47001356480246
2025-05-27,109354.06141276883,109336.49111424644,109362.37950730979,61.50079482230079,109.01999999998952,0.0009972031296920925,107.78071428571378,0.003762815122912763,-48292.93527200809,92.34179075234995
2025-05-28,109009.59768273027,109094.42148360542,109521.5559333738,49.604754486181115,-143.05999999999767,-0.0013114996961438585,103.7735714285726,0.00287986139584116,-48490.26368200807,17.153134250065172
2025-05-29,107792.9734567308,107621.86102206222,107923.61803737792,68.48902360613539,107.5399999999936,0.0009987532765496354,138.54571428571737,0.010652197641773461,-49298.85503200808,60.576532683718995
2025-05-30,105742.79289356899,105950.38255237648,106870.90417476096,31.69622494701005,-471.1100000000006,-0.00444188365057574,167.85285714285732,0.008579766151863422,-52419.56557200808,31.68510779751185
2025-05-31,103981.32981110312,104193.63962944571,104964.59437093402,44.52331213961642,-244.0,-0.002340988365287844,253.1807142857142,0.008487446602700243,-54870.59450200807,52.44316546762531
2025-06-01,104648.9504685902,104689.7661146604,104430.57756471948,42.62451796882586,-136.92999999999302,-0.0013074721272970935,81.43785714285748,0.002533912288934473,-55561.3228020081,32.35550708833332
2025-06-02,105666.05068239103,105554.29309567055,104899.70534832896,64.05357600961295,-139.89000000001397,-0.0013224264582851752,107.55928571428687,0.004595796113268305,-55706.92646200807,50.477580260013475
2025-06-03,105825.08720860064,105540.48631344161,104806.88113639918,66.55314069028546,104.07000000000698,0.0009840769968623153,103.72785714285835,0.0044307539521934065,-55879.879412008,79.36623872798359
2025-06-04,105454.56007765059,105596.56241686213,105681.52611956118,20.10298784503999,-265.1399999999994,-0.0025097965270073352,89.46500000000171,0.007675196828789208,-56824.64347200804,18.169750405610536
2025-06-05,104727.63109206963,104772.09264696352,105072.88146960584,38.7746444731738,-105.02000000000407,-0.0010020812603743767,71.75285714285981,0.00230542962749496,-57345.17751200805,29.960309170672513
2025-06-06,101589.8643995816,101554.14804599395,103118.62800889091,40.891426758663734,-183.61000000000058,-0.0018055449434760673,135.01500000000047,0.004908469044565719,-59981.98638200803,11.994402432786902
2025-06-07,104318.99953291277,104341.21851035563,104129.40456219418,45.67154312649173,83.27000000000407,0.0007990966283151213,66.5814285714306,0.0025126283098541643,-57808.24069200805,32.35814396516464
2025-06-08,105631.8644297095,105711.12296750711,105433.8471449311,16.152200488998133,-185.18000000000757,-0.001751320938404688,55.645000000004075,0.0042546692102107065,-57024.51527200806,5.091541613841624
2025-06-09,105697.96890838513,105852.18127857306,105897.38830130441,49.73271220741505,87.66000000000349,0.0008297495209015349,106.34500000000013,0.005296135956193311,-56982.71711200809,71.34088584094214
2025-06-10,110153.94536840681,109939.50745892026,108218.0154042133,54.82952652074143,251.13000000000466,0.0022827532551255025,144.1757142857137,0.004172456884525119,-53230.23930200813,88.6179406444698
2025-06-11,110055.64629429275,109896.82668585985,109410.86927232053,74.08448383198416,654.3899999999994,0.005969622331691182,131.557857142858,0.0072445643855053,-51879.881762008146,96.37860317551103
2025-06-12,108601.18951144186,108587.91627171174,109103.91153889662,70.2097524785859,153.72999999999593,0.0014169788035713893,85.3807142857144,0.005870622221264948,-52079.87536200813,87.29170630929389
2025-06-13,105924.07769186696,106051.66082525629,107112.06316019422,43.17721254147098,-340.34000000001106,-0.003210389156631077,168.20785714285532,0.004639032928747673,-53585.61266200809,0.0021354745013157377
2025-06-14,105952.34318749762,105771.78290909089,105324.38659698037,70.33428087246537,159.97000000000116,0.0015104815921800352,77.35642857143102,0.005782979614899246,-57623.81724200804,73.70675606462635
2025-06-15,105419.04958631308,105327.5265055785,105045.28122359389,61.58340916710628,-22.25,-0.000211026709911466,51.2957142857132,0.0016966580344344071,-58260.665702008,59.68169761273188
2025-06-16,105478.51243704061,105289.882718353,105278.08675774213,67.17636856606524,237.50999999999476,0.0022543459587209824,108.8535714285733,0.005550671549745785,-58811.483852008045,94.10000991178227
2025-06-17,107238.40632809949,107758.1528812291,107540.49087793082,32.7850178692899,-934.9900000000052,-0.008679051015914707,257.71500000000066,0.019644211457143228,-59365.44906200802,7.370013176052212
2025-06-18,104599.39121639324,104561.63859542376,105108.08602059085,47.818861263426406,84.27999999999884,0.0008067627934553734,101.53714285714211,0.004898515471185924,-61052.910532008005,65.91512943141151
2025-06-19,104787.0046514547,104777.81065183744,104644.58875145427,50.43442601942735,26.789999999993597,0.0002554835261761035,84.2264285714274,0.0036702279964193007,-60978.048502007965,78.58258074391412
2025-06-20,104671.95997718892,104585.5966590067,104527.83222381597,45.608097218192825,82.0,0.0007841143032107922,101.02642857142824,0.0034270024558034754,-60612.79811200792,44.86026451983872
2025-06-21,103251.83800846514,103272.18161956208,104054.96631275387,64.93150370591356,114.16000000000349,0.0011063749038973114,95.80214285714361,0.00390732391517842,-61245.48250200786,88.83928571428592
2025-06-22,101605.42194814862,101734.35568647001,102865.14906451243,59.85511647074124,527.8399999999965,0.005195676005345762,301.0071428571443,0.01027449547964476,-63093.36110200779,86.36587156704856
2025-06-23,100833.26213397109,100446.16721031646,100562.3621310675,62.217287373230086,243.86999999999534,0.0024212668784748814,175.67000000000033,0.00882834832564402,-67138.28434200776,82.99702123570697
2025-06-24,105380.79818133719,104996.03887879245,102824.71060505442,51.57626314848312,-28.280000000013388,-0.0002684074299506012,246.26999999999992,0.00729572917991849,-63529.36849200778,49.380866481179844
2025-06-25,105935.25077783134,105897.52114476061,105450.88161376564,61.11973361176153,203.0,0.00191726482810739,81.52785714285606,0.0027179118600489977,-62975.301242007816,100.0
2025-06-26,107246.79539460194,107330.81029225055,107165.4069381555,56.335034899468305,140.5899999999965,0.001311474002936075,96.43142857142811,0.0028975743404967697,-61027.07003200789,88.33316390498698
2025-06-27,106960.99755051093,107060.43325851166,107303.93789497248,46.13105195239616,32.080000000001746,0.000300051498863807,81.34214285713928,0.003117648044436215,-61787.69208200787,34.76369220269544
2025-06-28,107040.4495131697,107069.63956721536,107031.43766214134,42.68789751858793,-75.38000000000466,-0.0007036772785520284,48.301428571429696,0.0026611779467545817,-62306.43262200789,40.99174342576237
2025-06-29,107305.6353633894,107303.40893782886,107274.62449843802,27.494299866342104,-40.68000000000757,-0.000378991604702561,12.095000000001164,0.0009778201260629183,-62199.02874200789,14.709879769987756
2025-06-30,108295.19908744373,108069.49547507001,107733.0091945538,55.41143250551174,215.34999999999127,0.0019913709416858882,131.46428571428572,0.005609886878723389,-61867.14672200798,81.20465984545767
2025-07-01,107135.70166833521,107207.43419646894,107497.66464747036,50.76321500959581,11.89999999999418,0.00011107522686404359,63.77000000000304,0.0026386140734967123,-63505.87874200791,49.224417575939235
2025-07-02,105575.77205818247,105641.81337001474,106150.3352753894,44.835644778177794,235.8000000000029,0.0022362296901883294,74.39428571428496,0.00512838088477316,-64374.40219200785,78.65469749139315
2025-07-03,108914.55104293668,109083.20523594935,108470.88455620407,27.212066664598808,-244.65999999998894,-0.0022426477800022715,70.5085714285711,0.006786630183410875,-62800.893152007826,28.77314506460777
2025-07-04,109603.80103987268,109676.96382636635,109541.43122020835,35.37608963857387,-198.47999999999593,-0.0018079259078296328,51.51571428571333,0.0031079041152797687,-60417.94684200771,24.122580645160916
2025-07-05,108059.17746366544,108026.19737903094,108189.58347161661,33.68818363888552,-163.75999999999476,-0.0015142212523577836,58.218571428572304,0.0030658738598834012,-63821.01267200777,8.836206896553298
2025-07-06,108202.54185618249,108168.11200682967,108103.17922575946,53.5015890820703,-18.210000000006403,-0.00016827404884278696,21.53785714285706,0.0013209608809304388,-63709.04156200776,30.826666666660458
2025-07-07,109181.57871167798,109155.86905806889,108683.541120383,43.299472693572945,47.61000000000058,0.0004361638359990927,110.99357142857063,0.0038255277323742676,-62768.87866200775,58.529898613698336
2025-07-08,108221.87930061015,108135.16605594073,108300.16741855658,73.18917018283966,132.57000000000698,0.0012260200348894745,46.06000000000183,0.0037645250146141223,-63305.52252200774,87.22685600055223
2025-07-09,108928.37015805174,108896.15261534216,108687.77619849988,50.19521670034634,-27.020000000004075,-0.0002480036714089806,49.93999999999817,0.0013477882056439534,-63257.559562007766,66.19624991717589
2025-07-10,111331.63245152839,111227.43643438842,109966.37859359187,40.48863219655314,-154.0399999999936,-0.0013829134064046178,104.19857142857238,0.003971251425952576,-60262.69988200775,1.398241033395273
2025-07-11,115896.60617391655,115681.26506506058,113137.41965928399,45.31311321988905,-34.99000000000524,-0.0003015209876789937,128.3007142857137,0.004321598626703522,-56764.418107007776,66.75221822981558
2025-07-12,117556.90858976913,117586.35142883183,117360.49330444343,56.17577402458229,-121.86999999999534,-0.0010358732414825766,91.1614285714282,0.0038872679013606105,-54978.28989900776,38.65901168751356
2025-07-13,117357.96764555025,117363.63625917227,117471.45657703518,56.38741343373917,136.0,0.0011595784591249547,57.87999999999842,0.002339147238418621,-55294.11438900776,83.35897542517228
2025-07-14,118842.56556929865,118756.65801431211,118527.58238062933,64.38127496819465,586.3399999999965,0.0049480043510437,150.29357142857148,0.006345523917298671,-55210.4245420078,86.2764187565468
2025-07-15,119883.53440191217,119965.72807172016,120354.2320295817,28.25760275139767,-86.7100000000064,-0.0007230178067837434,88.49857142857114,0.005126690393948585,-53946.16176500784,19.949018878943733
2025-07-16,117702.47913253166,117536.19892760503,117355.3676502618,53.1035446620429,-201.22000000000116,-0.0017058424638123348,129.70714285714348,0.005342596291912738,-57523.469715007865,54.58063697500236
2025-07-17,118699.40693273068,118927.01050565185,118896.19227764095,50.5945733456029,70.41999999999825,0.0005939608135998586,113.44785714285952,0.008221863413626043,-56410.04818500789,52.151177199502605
2025-07-18,119461.15718637887,119711.91338455646,119126.70551840798,22.615649992158808,-598.3500000000058,-0.0049955788271615065,217.47999999999905,0.010713362216452044,-56443.64431500794,0.7998182231303818
2025-07-19,117855.28498908623,117748.75433284658,118166.95866823755,61.10728653486125,367.91999999999825,0.003129717927281561,110.65428571428492,0.004034510354936506,-59474.18663500793,82.8913873568095
2025-07-20,117833.81774401267,117803.03530082123,117961.91439437689,50.560321226501124,15.869999999995343,0.00013469227398488215,66.1892857142853,0.0015994072901675815,-59330.089375007956,51.42291888601452
2025-07-21,117254.73611198102,117452.2630856184,117992.70011766882,35.794274729558964,-164.24000000000524,-0.001398628077339481,182.5999999999996,0.005244050307576139,-58723.733415007904,45.19778966757215
2025-07-22,117382.93665018027,117336.46003831728,117791.26821125916,45.50383324959044,77.02000000000407,0.0006565882949283175,121.37500000000104,0.004457043709637041,-58772.67217500787,61.933247229964124
2025-07-23,119981.10610563659,119881.56040259007,119093.12331146092,54.05662440917167,-45.580000000001746,-0.000379833333333357,120.42285714285494,0.003918054568274667,-57884.235485007855,34.48414470745807
2025-07-24,118596.1569048794,118458.02332790486,118306.26609529291,57.083272960609406,58.270000000004075,0.0004909108616408808,110.54785714286014,0.0028249145081374965,-58899.99735500789,99.99700724247478
2025-07-25,118312.7848062242,118417.52239935292,118624.42833806787,55.27795652295599,-5.69999999999709,-4.8163577705429006e-05,124.51714285714323,0.0025118459268309297,-58614.4574850079,61.43663960465977
2025-07-26,117471.07637386581,117301.1461511035,116653.96929863475,72.09393602407341,427.4799999999959,0.003647850189308688,80.29928571428484,0.004695453112415501,-63942.826455007846,96.45959789696902
2025-07-27,117932.74121506953,117983.98942881309,117869.59947410521,29.050304232511053,-40.04999999998836,-0.0003395217566897202,44.50142857142782,0.0029750822630659,-63381.92661500785,13.631818181820563
2025-07-28,119416.93738897365,119382.77598049253,118802.9978046986,36.77439403356133,-17.80999999999767,-0.0001491208151558343,126.69000000000025,0.0051796501971178,-62061.08579500785,49.84005118362173
2025-07-29,118025.12073410704,118018.70858487919,118282.17448779652,56.716894941573884,116.84000000001106,0.0009906271948700862,135.47928571428824,0.0031529977844181154,-62943.5961750078,69.23657507058687
2025-07-30,117874.15458639797,117748.98139132897,117927.17949904501,62.75134755097279,76.08999999999651,0.0006455161231839757,66.3871428571417,0.0031319267325783965,-64281.65370500778,81.77646188008669
2025-07-31,117705.00102298745,117496.29396510858,117588.84641383759,74.25538784405477,292.8899999999994,0.0024916754865123014,73.50285714285772,0.0059911999359852286,-64803.92315500776,86.93700606153759
2025-08-01,115875.7890814313,116165.25165605327,117409.94744165718,40.29319310202982,-383.9400000000023,-0.0033056095144798903,207.7192857142862,0.007101561627742461,-65913.51675500769,30.60058633356124
2025-08-02,113333.53388898776,113426.83557734393,114490.0396698115,66.69907957244541,7.919999999998254,6.99090767137811e-05,200.97142857143004,0.006832008604433476,-68011.84003500767,68.66735093330645
2025-08-03,112603.12522178369,112653.59089307851,113070.0940073247,37.308071559374454,-197.42999999999302,-0.001751138732442703,148.09428571428205,0.005679997786402591,-68828.37967500769,38.71132367093526
2025-08-04,114249.55690766842,114293.81934599388,114022.88025483236,39.82314933879513,-181.19000000000233,-0.0015839672684646589,71.41071428571324,0.0036410543501502316,-67464.13452500763,10.123456790124354
2025-08-05,115181.3275308215,115173.92374629673,114881.37707376141,41.617634144198945,-218.38000000000466,-0.0018944525020991865,71.79857142857198,0.0029729546262165694,-66985.76978500758,2.850032386731849
2025-08-06,114097.5544284004,113958.80927472806,113907.98730471767,71.02533708697558,74.55999999999767,0.0006537186076318591,60.483571428573796,0.003509537573940338,-69121.27063500756,68.07201752125698
2025-08-07,115005.49624198757,115055.25541961179,114782.77228497146,22.465334724918876,-67.72000000000116,-0.0005885625402888284,34.12928571428659,0.0019399976291514564,-68494.79281500769,15.56209850107416
2025-08-08,117412.78251758924,117354.18641853101,116493.4416773363,46.72040406835955,58.229999999995925,0.0004959383813381013,60.63142857142832,0.0027133341366715837,-67533.10228500764,54.592831890769425
2025-08-09,116744.18255041042,116794.05049928634,116648.70229805559,21.47573860301509,-232.64999999999418,-0.0019900367290723864,33.48857142857222,0.0034310101916296097,-68333.99179500749,6.59672428108151
2025-08-10,116495.78287083415,116543.139905539,116727.20851485846,38.151528754551585,-44.36999999999534,-0.0003808367284193759,39.5557142857142,0.002435642414770586,-68741.56239500745,16.1579892280109
2025-08-11,119179.80586691033,118957.66429283105,118447.56067667724,67.50740049924396,182.75999999999476,0.001534363882504719,120.9635714285718,0.005408684330580619,-64839.83338500752,96.19957773085767
2025-08-12,118738.781395131,118766.82080361866,119614.92286686135,42.7520587237454,-132.07000000000698,-0.0011115312679292888,92.60928571428356,0.004383519826849143,-63866.4710350075,30.607940056039965
2025-08-13,120152.51961143567,120038.42672701244,119554.64827283261,62.00488753678149,154.07000000000698,0.001284130581419518,106.99500000000054,0.005129610885652325,-61928.29434500748,59.19777679405847
2025-08-14,123343.56926596498,123115.79970339884,121659.01909565413,43.66063678529381,239.89999999999418,0.0019493521106022094,184.5321428571437,0.007242075970212285,-57951.350845007495,52.69785585255303
2025-08-15,118395.82589379438,118252.70075602419,119086.07547201538,50.00405109784735,34.11999999999534,0.0002885144608570922,92.86999999999846,0.004027652754472221,-60559.571811007474,21.56224572823344
2025-08-16,117256.69323666595,117291.6515932991,117759.82726061316,42.55505764906675,-32.020000000004075,-0.00027280301347654135,123.70500000000175,0.006254373868248572,-61441.240271007504,42.120355690356604
2025-08-17,117386.8947945257,117441.47456012327,117594.38991234105,43.60485268630871,-40.83999999999651,-0.00034780683264989953,61.437142857145645,0.002223202661245267,-61678.01999100753,39.67079783114203
2025-08-18,117556.07815659458,117674.0429475675,117855.34269848894,8.045664582766861,-418.20000000001164,-0.0035493855582445777,79.32714285714403,0.0067111823608309125,-61578.62477100756,5.348553838260841
2025-08-19,116279.90656239798,116431.59850715609,116171.95938690571,25.47321788159431,-220.9499999999971,-0.0018974134377576224,103.47285714285681,0.00926573245814834,-65508.647891007626,25.00090550182996
2025-08-20,112933.43065334283,113093.69433127217,114013.8244673971,36.91665070635753,-118.06999999999243,-0.0010449503903009472,159.9685714285723,0.005812330413946825,-70411.98491100763,24.612902660143366
2025-08-21,114299.62550052235,114308.61141438836,113945.6616185631,24.58220036051553,-171.42999999999302,-0.0014979552644130978,69.44428571428787,0.004490021107141548,-69932.56470100774,13.138461538462881
2025-08-22,112395.39834380125,112430.40605448755,112874.57689572609,48.463500239881036,139.99000000000524,0.001245905905490785,72.59428571428518,0.0038654212748565134,-71247.60859100772,83.13336493928051
2025-08-23,116842.1100804475,116821.8258483757,115533.8683910722,64.22820744956098,146.95000000001164,0.0012582516304613378,72.13285714285823,0.003284261078636855,-66369.86124100772,99.4031552936733
2025-08-24,115335.99001234204,115268.93524443258,115272.71238272286,69.4552342588596,127.80000000000291,0.001108314308571945,35.32071428571154,0.0018359316849571984,-66821.14300100761,92.32642536529818
2025-08-25,113481.09027560984,113327.19290242744,114042.32922971997,56.8925486214899,49.25999999999476,0.0004342217896653455,139.6071428571418,0.010521546725990063,-70915.5365910075,45.75136723532629
2025-08-26,110107.29384318857,110165.41257205034,111399.7501990032,40.93318006747671,204.45999999999185,0.0018602912703333807,174.3728571428572,0.007309668778938581,-75516.7347210075,52.365705590514295
2025-08-27,111863.6589920869,111733.59273183519,110775.08805608844,52.6140285119746,-536.7700000000041,-0.004779786712358569,145.88214285714326,0.007360564772037281,-75581.88181100754,12.284600952517833
2025-08-28,111263.8590745942,111428.17923051871,111590.74310180395,33.372072752629435,-203.07000000000698,-0.0018218261719276096,111.65500000000091,0.00434505424443354,-77232.27169100738,35.82353996590882
2025-08-29,112477.61021525686,112357.86578029918,112426.81990493863,62.711210295819484,108.90999999998894,0.0009684505298377388,83.38214285714223,0.0020998841292140407,-76991.36765100737,96.64734335191756
2025-08-30,108452.49200981433,108358.90460738743,109084.63205157984,62.290748898678096,3.459999999991851,3.192649450589613e-05,89.65142857142928,0.003669200869182734,-80883.70140100723,49.56310821473161
2025-08-31,108725.31742330529,108655.4104044182,108643.4619616008,88.2839347079068,228.3399999999965,0.0021028108172920223,45.067142857143025,0.0037150775234786647,-78999.02905100727,99.99650581781518
2025-09-01,108369.57905316663,108653.86789105524,108789.21102722647,24.848199701726784,-439.1899999999878,-0.004040923935235474,161.5378571428612,0.011993307726796769,-78875.26503100728,19.764349043398333
2025-09-02,108937.55989743603,108623.34263318815,108711.73125357856,82.67680896052782,707.4400000000023,0.006518383215402768,171.10000000000167,0.014934663463562243,-78572.34088100719,82.50719185660557
2025-09-03,111151.72763720898,111143.73542131418,110635.94419877073,51.265666022687256,147.11000000000058,0.0013242070375334425,92.64357142857105,0.002927472953528378,-77928.50278100735,87.71611273387205
2025-09-04,111743.19034215674,111869.57189886282,111745.11167959035,39.965894812422796,-187.72999999999593,-0.0016777569802125525,74.50500000000049,0.004520807634725969,-76278.51201100725,25.061472050710194
2025-09-05,110892.0515710819,110820.4862684943,110514.22787929486,49.3623766056748,-811.1200000000099,-0.007271880302655576,208.97571428571558,0.011365636888219625,-76420.92321100713,10.792607732042752
2025-09-06,110708.12782081886,110803.89943840355,111235.92307317063,24.22029671148826,-109.86000000000058,-0.0009917861223067703,51.82428571428942,0.0028554241936194365,-76396.97329100705,21.453013951042674
2025-09-07,110207.81660088531,110187.96805142863,110437.05807398961,61.365610702495246,25.070000000006985,0.0002275720773510237,33.47642857142845,0.0016955878400509309,-76896.0057210071,48.90923781308842
2025-09-08,111278.64161088532,111258.16624784392,111083.31112523361,43.27016222558718,-162.02000000000407,-0.0014557136716689678,99.49499999999846,0.004125285949067473,-76800.12123100701,11.550814406973704
2025-09-09,112121.0818252369,112185.22398241355,112045.07199886515,32.883711760260695,-225.15000000000873,-0.002005069356787348,59.60428571428721,0.00412886252921866,-76532.18606100694,24.121127741036045
2025-09-10,111499.52407708706,111458.03048763405,111675.38583358681,55.0469877496216,38.679999999993015,0.00034688184341691297,99.1785714285704,0.002157773878791026,-77745.26359100701,68.61278378277304
2025-09-11,113906.03398358084,113853.11087936316,113287.62008170887,56.440438811700076,-53.429999999993015,-0.00046862900274113883,85.06142857142446,0.0027770560938215317,-75631.33059100709,72.3357725628736
2025-09-12,115364.0593202633,115081.34467000341,114400.92717212882,65.45573840736034,242.6999999999971,0.002106039752346467,73.66857142856836,0.004788595039697011,-74437.71666100703,98.6636640352411
2025-09-13,116067.55067735029,116059.16530606481,115659.9339362611,53.42261637613798,87.7899999999936,0.0007571913556847498,66.57428571428942,0.002744544062333048,-72930.28233100705,43.200895355344834
2025-09-14,115904.53601557451,115886.35826678897,115797.69324870502,61.59633442697145,32.11999999999534,0.0002771685352962461,30.09428571428621,0.001275170259456286,-73982.37151100698,57.060338228122596
2025-09-15,115400.81226820346,115622.4235159101,115673.95185060504,11.271469696091998,-481.99000000000524,-0.004164060475162046,119.95571428571566,0.010627395506892698,-73964.61455100702,14.228255404725406
2025-09-16,115370.60672680012,115363.68633064484,115220.9158830506,59.32039218787165,32.060000000012224,0.00027801468378885197,56.4078571428576,0.0024865246071270725,-73915.35846100702,50.07511068944086
2025-09-17,116767.71004389825,116776.47348268291,116153.08868933922,45.07057125761267,-109.56999999999243,-0.0009373086214171655,66.16642857143077,0.0023721780080416385,-72673.81088100704,54.41309020314876
2025-09-18,116518.51667626842,116365.44920777959,116104.04999840292,52.372956800522765,-525.0299999999988,-0.004488486279951687,186.03071428571482,0.007315882490610685,-72633.58686100708,16.526029418544418
2025-09-19,117002.14567405322,117108.06695860722,117274.93685856787,40.34283322552368,294.5500000000029,0.002522286116902306,126.30785714285801,0.007248108243022689,-71483.42095100699,69.44548942893657
2025-09-20,115567.02356927807,115532.68218674434,115933.8993599721,49.65371875941048,79.30000000000291,0.0006862647019014734,43.02142857142878,0.0018664081937614834,-72590.08442100704,88.10149567544622
2025-09-21,115689.86571086392,115732.23986244787,115801.9870471008,28.173865748086016,-68.34999999999127,-0.0005904764570513477,19.845000000002205,0.0016782507145042956,-72511.29388100698,46.05086264844529
2025-09-22,115278.3403928538,115325.279769041,115487.8535791918,30.802083046316298,-45.11000000000058,-0.00039131694503868886,69.38499999999684,0.003688891663333634,-73112.35503100695,9.347769446774818
2025-09-23,112649.39601179388,112659.3611582351,112914.68835852432,53.35705343612113,-58.080000000001746,-0.0005153090163906304,58.599285714286715,0.001313540166263455,-76017.58127100697,40.009527698385206
2025-09-24,112039.16103279179,112050.5616052303,112356.48050776977,39.778264507555015,-221.7399999999907,-0.001975930609494414,83.92499999999667,0.003218267352652356,-76275.39233100694,34.93735512455849
2025-09-25,113297.10122706706,113372.15327419632,113229.93850346272,47.870597231542696,-54.05999999999767,-0.0004768833318954391,76.02928571428596,0.00280952065754139,-76932.93474100692,45.58174769395242
2025-09-26,109140.1011502547,109298.63059659704,110453.96973005944,38.80347321936567,-688.179999999993,-0.006274281980918173,173.56000000000182,0.008431268170679553,-80426.79175100695,24.925058649752906
2025-09-27,109616.02090828403,109535.2709450011,109479.43473742096,56.26196415105423,158.1600000000035,0.001444577491224841,44.20357142857184,0.0025449319956385914,-79737.71578100702,82.69697206791459
2025-09-28,109598.65205020066,109559.60288710255,109435.19660604754,64.66358769812285,25.45000000001164,0.00023218599694940778,58.84928571428567,0.0019686577826025812,-80058.33899100692,78.6536118756501
2025-09-29,112103.09414967787,111735.55806892789,110398.0472361998,59.51916144867183,-151.30999999999767,-0.0013471900434544049,147.79285714285547,0.006269496078894153,-78036.97615100695,62.05926137406353
2025-09-30,114269.06781635337,114222.81844979174,113388.00114687996,63.26627570336377,16.34000000001106,0.00014296260871593525,80.59071428571562,0.003538610892103928,-77367.96278100707,70.60841559896701
2025-10-01,113972.80701575305,114024.7183578253,113721.95013084602,52.6685921148935,168.93999999998778,0.0014834915247181613,91.20785714285635,0.0027697361112888363,-78523.21445100711,99.9964729119606
2025-10-02,118283.11999679997,117971.3669308048,116874.90794789254,75.7858118168534,745.8899999999994,0.006329195556011857,177.93785714285644,0.010238138673045379,-75155.62721100717,94.38005026900146
2025-10-03,120452.94355748915,120407.04943169249,119682.89923682054,64.41642367404864,89.35000000000582,0.0007418631683826504,142.22357142857072,0.005036280532188721,-72048.89520100718,75.15997960157263
2025-10-04,122286.38115067032,122354.54749570962,121628.1018144398,22.839799341031153,-137.42999999999302,-0.0011230746110363343,64.9249999999998,0.004251900722313875,-68018.9608210072,12.274394189977617
2025-10-05,122320.42606250483,122244.04763621523,122060.85694495685,55.47781963558086,106.83000000000175,0.0008736208456090466,45.704285714284715,0.001895274088675603,-68847.47420100725,90.365600121698
2025-10-06,123444.81121505155,123236.3086759929,123124.85580517046,81.89868450237908,24.539999999993597,0.0001987724223433407,79.23785714285519,0.005219035116438805,-65646.38686800723,85.81027752298408
2025-10-07,124789.22162591695,124926.48074660344,124751.48939090318,32.789976429723396,-288.45000000001164,-0.0023085790221918367,103.1228571428541,0.004725390892759246,-65888.45415500713,6.14449832001965
2025-10-08,121539.44380885118,121731.70555630981,122546.7119668983,21.14204813591317,-508.3000000000029,-0.004171821940434861,143.846428571429,0.007417242404996039,-69550.60754500714,9.789487447698098
2025-10-09,123342.66876349023,123323.42214664603,122966.86708935951,51.521059492633825,223.86000000000058,0.0018187854062337028,86.65071428571329,0.003503253200280299,-68811.34906500709,51.93219633943445
2025-10-10,121569.00393204528,121482.81203662678,121563.04252088338,47.48125334761585,167.79999999998836,0.0013811313424627603,102.22285714285785,0.0029175385208410464,-71058.1369150071,57.478793084933905
2025-10-11,113446.89979794741,113508.14546338591,117467.37196153238,37.61791585451063,-351.74000000000524,-0.0031092697856837104,578.0714285714286,0.01951950954543226,-83498.08158500711,5.650105585594169
2025-10-12,110837.14486554763,110880.85964434744,111769.0060134061,23.25070074832213,-339.8700000000099,-0.003062325859331305,147.93214285714515,0.005003631517244814,-86350.79622500711,0.071428571427532
2025-10-13,115055.13710757544,115033.77319345629,113535.18036718425,37.22445226829328,-33.19999999999709,-0.00028871573674682516,243.73857142857221,0.0066904615604491844,-82952.53970500719,28.6957851671542
2025-10-14,115268.75542580399,115419.5568229308,115034.9114906041,25.876928970120005,-271.8899999999994,-0.002355292530034969,116.7657142857154,0.005836494333762895,-83096.1284150073,27.693740621280256
2025-10-15,113241.82529898082,113189.0542750001,112725.36418613007,56.09331889225296,-463.22000000000116,-0.004081544180984387,136.7000000000023,0.0062530293227223135,-86956.71615500748,24.65149054811706
2025-10-16,110810.42017945259,110910.39326294945,111420.65823855993,46.85080875930023,-32.720000000001164,-0.0002953175204881697,146.06428571428427,0.007544706987003031,-88306.42384500748,41.63981726376423
2025-10-17,108101.5484922095,108089.01010021262,109232.9823451876,59.682052437410206,223.81999999999243,0.0020729744042953246,150.01357142857054,0.0055873961607300635,-91048.15132500746,66.90150108891099
2025-10-18,106610.93379282688,106824.85733518988,106755.20825908378,15.182287331447583,-419.070000000007,-0.003922012713995948,103.77428571428547,0.007963862523440921,-94148.34814500767,6.20767494356524
2025-10-19,107124.97710382236,107114.53180729442,106967.86812367826,57.325609461742815,11.080000000001746,0.0001033833507830817,56.95428571428575,0.002121851660280273,-94214.19390500768,91.91565095458668
2025-10-20,108702.26743277305,108840.29672243458,108350.76499610035,19.805847610271243,-215.13999999999942,-0.0019763375967499774,123.84000000000171,0.009752833060558496,-94672.24837500771,21.955367990279896
2025-10-21,110617.62944458466,110694.61188360096,110594.59462907341,38.99128282054774,-116.32000000000698,-0.001051257763216018,109.22857142857018,0.00379776845528517,-95380.65155500779,3.3365917236855265
2025-10-22,108708.20812697496,109424.6099733075,110312.66071526252,29.988653078377638,-942.2200000000012,-0.008625237539144348,288.23499999999956,0.016482049020535308,-99311.29090500774,18.285440473943265
2025-10-23,107597.11097772447,107487.19073107574,107967.31535463646,69.63413566739628,98.36000000000058,0.0009152399927494503,169.63428571428398,0.010069545768269097,-100511.89163500784,60.135369845998845
2025-10-24,110016.61883790547,109952.93283339172,109683.23690737484,61.02359753439994,222.31999999999243,0.0020237427479972148,85.7564285714304,0.002819269970346059,-98613.89937500778,91.93219817811224
2025-10-25,110984.25286125882,110959.7603296644,110723.93268428967,47.367288659390674,104.75,0.0009445434424157906,60.13928571428239,0.002195146294249723,-98030.36390500775,50.798114299892625
2025-10-26,111604.01053655201,111564.64290659953,111462.30680022608,51.672952423210575,32.34000000001106,0.0002897487795654463,58.412142857143145,0.0019028700983980509,-98118.66380500776,74.77726781857825
2025-10-27,114545.30321545544,114336.72517201332,113357.88043469505,46.43916694956521,-20.060000000012224,-0.00017507500908109375,176.28357142856945,0.0041924514305333,-96670.8798250079,29.993803999861047
2025-10-28,114125.02434075502,114252.52378642416,114804.22703207207,40.483103284150125,61.2899999999936,0.0005374130309814262,134.59071428571664,0.005501609114392816,-97188.2788750078,56.92260379292659
2025-10-29,112980.44891474064,113057.41819493497,114031.1816958391,28.63185582767605,-149.5500000000029,-0.0013228893921166662,113.81571428571417,0.004308064285487656,-96894.80792500784,24.788873365721788
2025-10-30,110254.83324989642,110735.47495810021,111804.08154364543,20.296294719590193,-694.6800000000076,-0.0062744335799073125,205.6778571428596,0.018171537558127768,-99710.6072750079,18.992207175727042
2025-10-31,108036.63969202511,107796.0735913375,108352.90466891123,72.13769934741508,644.1399999999994,0.005982053653302399,186.10714285714388,0.008898159050205301,-101908.62953500803,98.44554746083924
2025-11-01,109608.27484061856,109609.33068602583,109609.76733951976,51.93736102568821,14.299999999988358,0.00013048194097997623,45.9442857142858,0.001561325789495527,-100345.98092500809,54.388515355258036
2025-11-02,110055.95227326661,110088.74802626613,110119.83802765452,55.510060832944134,37.63000000000466,0.0003419029557116815,53.12499999999896,0.001013290329654292,-99456.34068500798,72.79019297319608
2025-11-03,110367.95780012076,110174.08110478659,110243.22617639168,74.0896897631913,251.92999999999302,0.0022842765014563504,185.29642857142713,0.012326576586209182,-98744.84791500797,80.47197411504827
2025-11-04,106516.58962187832,106536.31521216415,107240.00027857514,47.9955262239423,392.9699999999866,0.00370062850509445,170.3057142857142,0.006196822577412539,-102228.77404500807,76.80660128358205
2025-11-05,101366.24971569801,101084.2954140929,102520.0429677623,58.68463710240173,391.9499999999971,0.0038766525226627824,270.64500000000197,0.007363908469699168,-112341.83466500795,71.09761904761919
2025-11-06,103887.76162017458,103791.30722058265,103232.64057996047,63.86910219338535,166.60000000000582,0.001606269890364942,114.11000000000266,0.00822606176726369,-110370.84443500784,52.34461647664408
2025-11-07,101308.02319104284,101249.8785576617,101949.85926296124,52.17510768459871,77.09999999999127,0.0007613390640801576,166.59928571428463,0.0034940590363009426,-113257.70676500788,52.649235323135386
2025-11-08,103483.820447594,103526.65561166624,102309.4136844796,33.23725399039242,-312.22000000000116,-0.0030122149939267873,139.8735714285701,0.006731870837471355,-111390.24146500792,2.101952621220473
2025-11-09,102356.61787599525,102304.92891842581,102159.03591874677,40.57160608884818,-35.64999999999418,-0.0003483194052794625,58.36285714285831,0.002208321402441381,-113369.30597500806,17.586912065438252
2025-11-10,104698.52300107726,104634.78675214245,103587.89120856355,57.435480678065154,-282.7699999999895,-0.002692900663611275,232.80785714285386,0.009605986575642166,-111913.02931500797,26.978726621492996
2025-11-11,106063.526029141,105932.3541265388,105714.24766838271,56.609453054950876,-48.86999999999534,-0.0004607769187252586,163.59142857143055,0.008125337153369862,-110995.63716500797,40.41703337621103
2025-11-12,103011.7070712972,102967.87418685958,103828.67858909725,53.814055029984125,206.49000000000524,0.002007632288957506,167.90285714285815,0.003134822113558052,-115191.36944500802,63.3017207665243
2025-11-13,101685.63970950352,101721.01650775789,102584.63708180966,41.61384528589908,-57.529999999998836,-0.0005656171991674785,153.36285714285728,0.004962711440445944,-117545.21314500809,35.34615240451116
2025-11-14,100026.14929067096,99690.1589607425,100647.01324191982,48.19576555808614,-228.72000000000116,-0.002289014272712553,246.77214285714268,0.012803535432017545,-121979.97803500798,13.102907700897632
2025-11-15,94647.99777262718,94814.5406158553,96097.7400746176,39.9751837558754,229.9499999999971,0.002436839029270166,370.8650000000011,0.015559399741337293,-127605.11826500804,45.2374470071177
2025-11-16,95588.42621409628,95567.42030298291,95847.79857041112,64.59386636795801,81.47000000000116,0.0008529570871604886,89.47928571428722,0.0027899202284293392,-126700.4485950081,66.92266053183945
2025-11-17,94214.74593618696,94003.512816488,94722.85983584977,51.14116390546059,845.5500000000029,0.009051457947893082,399.1800000000013,0.016806793641310123,-129675.32205500804,81.67356364186628
2025-11-18,92072.87873669012,92058.70178773026,93350.83247452072,48.362704661917135,134.9100000000035,0.0014651353499008923,142.40428571428598,0.006195028999156517,-135284.237815008,80.7406271563299
2025-11-19,92903.8297541123,92949.05014423853,92525.57193569007,42.81519220223295,104.55999999999767,0.0011260413540195024,142.3114285714255,0.008315618096525142,-134568.0271250079,44.19299905392577
2025-11-20,91329.02793758304,90833.25959450782,90611.4033097358,80.99147476612538,202.19000000000233,0.0022132881137595373,204.44928571428525,0.020725584745792325,-139014.4322050078,96.72122886729598
2025-11-21,87074.75312146507,87326.39813551187,88901.15078893362,15.216932670653662,-1010.5900000000111,-0.01153012134243625,293.38642857142776,0.023416307681877534,-145839.49985500783,4.700318913260209
2025-11-22,84993.75489101205,84822.54649483845,84657.38975092281,66.47932291196045,862.179999999993,0.01023149562849146,231.24857142857218,0.01532367646225545,-152335.69164500773,81.84549181991581
2025-11-23,84829.58889273129,84757.03086813733,84494.78322983798,48.60013318277912,-173.72999999999593,-0.002045965145459183,190.3478571428568,0.00781526864342267,-153683.63715500763,11.736563517916547
2025-11-24,86999.262102655,87307.29563173042,86852.84411694772,16.32490184720345,-677.4700000000012,-0.007741853352633776,226.93714285714356,0.02083715965629744,-153521.32741500754,9.27227844263871
2025-11-25,88428.10913615055,88596.0035914401,87731.1808759222,29.250924869962105,-220.0,-0.0024853137725583396,114.67928571428534,0.008539029876408944,-153084.33540500738,9.362867784718171
2025-11-26,87456.48763504832,87362.77300380563,87311.93792062585,50.78844624174973,-366.0599999999977,-0.004172288644960109,194.24428571428663,0.009335219125876306,-155111.14378500724,19.718701700154828
2025-11-27,90449.3240400889,90318.47984513688,88812.15848157683,59.04107231440517,-16.029999999998836,-0.00017712697396299326,107.05571428571213,0.004492898907362307,-154969.033255007,65.64471696436591
2025-11-28,91347.76513166341,91399.71873792146,91204.14006566386,49.85805067986271,-62.65000000000873,-0.0006854740767162637,113.80500000000029,0.004537849771967911,-156063.588355007,37.72308848393695
2025-11-29,90973.79087575218,91008.30993010364,91242.56843940381,38.71234441705103,-171.3000000000029,-0.001881135929366784,86.44714285714144,0.003856176977128982,-157401.1157550071,0.0
2025-11-30,90808.56904356225,90808.46321651313,90764.5015744131,52.12133601710876,87.57000000000698,0.0009653323650247181,72.39142857142828,0.00232988684593881,-157393.8970850071,54.275902099256825
2025-12-01,90629.24738077613,90907.2746873619,91207.21290194953,24.107994994732877,-548.679999999993,-0.006035507280492847,155.31214285714356,0.012643934208644838,-156664.2295150068,2.418468303408429
2025-12-02,86469.78586433429,86382.18690886583,86170.12884629537,31.99531995319981,-228.13000000000466,-0.0026369099895116044,153.67928571428638,0.007439105107070982,-164247.00106500697,5.934119960667326
2025-12-03,91487.34579837645,91577.62630575389,89973.75554666884,19.095536623267577,-621.8600000000006,-0.006766722082129917,119.27285714285972,0.009537207446961498,-159471.95848500667,1.163395472338569
2025-12-04,93589.37613225108,93529.08556195315,92870.18307588423,38.26160695357243,-603.7400000000052,-0.006420464835528716,196.1907142857131,0.007002912210160962,-157342.72379500672,7.333398680911739
2025-12-05,92194.16956835757,92250.89348279631,92525.31723596356,22.024175373898828,-286.0100000000093,-0.003096550422691524,92.2021428571409,0.005204026138354992,-158513.4786650067,0.332865736226299
2025-12-06,89256.12815947327,89243.3033993687,90135.7513829156,50.01516595892185,241.00999999999476,0.002705271344855653,104.86857142857168,0.0040341497899415504,-160852.1044050066,87.94838243919783
2025-12-07,89170.9067904572,89262.78505895754,89559.86083039537,43.797010277827134,126.67999999999302,0.0014216119809524752,123.39357142857521,0.00640532088855011,-160664.92152500662,73.60032235678497
2025-12-08,90059.36293004022,90126.73983686593,90037.81795851793,60.93033693456863,842.429999999993,0.009407067645395673,227.55571428571525,0.010860307024008782,-161330.35371500647,93.38193228507484
2025-12-09,90681.94997588897,90768.05070985362,90800.71096300193,33.69142012675124,-326.8500000000058,-0.00359329072102077,123.9221428571431,0.005740530013667047,-160826.53126500614,26.799313125279838
2025-12-10,92792.17379028478,92847.11484282486,92211.68298279065,38.92174593088626,36.9600000000064,0.0003989558065773391,130.52214285714476,0.005867516540162114,-157483.22636500633,29.085653636836348
2025-12-11,92100.6826815932,92302.3269110894,92416.21255176917,21.29192837968131,-244.59000000001106,-0.002651095881680554,134.84928571428568,0.008328381813516639,-159061.64583500606,10.470383525790956
2025-12-12,92558.13213407836,92449.43326303932,91193.57252471376,62.175734675099086,83.58000000000175,0.0009042538229013797,201.6521428571432,0.006404190566901674,-158865.85063500598,55.452977106356165
2025-12-13,90319.85192879282,90304.88902297185,90923.38470587762,50.03520870261923,-64.58000000000175,-0.0007149103871232354,49.47857142857122,0.001570647922421571,-159549.51935500582,20.623501199037563
2025-12-14,90219.10154022854,90168.49901063471,90235.43306411874,65.37328990228008,91.25,0.0010122158086256494,54.37499999999896,0.0023880372634801066,-160162.98217500586,82.26255767389151
2025-12-15,88138.57711157769,88264.09204404478,89016.55871264858,50.261100264369695,-26.729999999995925,-0.0003030650042120664,232.42928571428638,0.006543126498048508,-162205.83483500592,57.64444789021741
2025-12-16,86367.74364404588,86228.52281989371,87287.7201772376,69.56439875354252,4.220000000001164,4.882684819462746e-05,124.7835714285715,0.008194414312973262,-165417.01323500578,91.7146004161066
2025-12-17,87784.27729724822,87754.3948506995,87330.33742400691,55.26351105231926,111.80000000000291,0.001274050553140782,87.27000000000096,0.002914171859780289,-165291.8423450058,95.87250293771851
2025-12-18,86124.43909371053,86098.11280984152,86608.78797702013,51.54011253552995,62.68000000000757,0.0007273103649618751,110.84285714285839,0.004739543550165228,-167155.35169500601,68.19069767441887
2025-12-19,85505.13677786985,85497.49578056064,86368.44473911192,42.87082732111909,5.059999999997672,5.917343136307984e-05,122.3321428571414,0.0037670578348052036,-168294.56840500594,48.15879466719522
2025-12-20,88205.84875913445,88162.64314296757,87779.29430013205,40.04934898374602,-163.05999999999767,-0.0018466591166477198,70.25571428571337,0.003179524952474667,-167307.34198500577,1.3663497678516856
2025-12-21,88326.62148299301,88290.66380314197,88212.3659980356,64.02362005810129,52.479999999995925,0.0005942808171632841,44.62000000000054,0.0023894573041040113,-166647.7833350057,63.5647148111356
2025-12-22,88547.8517456341,88454.70807590682,88320.33719214548,59.78758799282116,37.5399999999936,0.0004236000998405487,122.67214285713999,0.005338259591519868,-167208.6419950055,63.30941664066939
2025-12-23,88553.66359964301,88514.11869589222,88967.57041525879,55.322653405931185,-42.720000000001164,-0.0004818216648539986,117.94857142857134,0.005109874650936898,-168010.39549500565,47.2474559444022
2025-12-24,87439.9059586856,87506.64348194444,87757.59313164544,44.13558923400356,162.02999999999884,0.0018555042790655563,117.72642857142637,0.004431885783803376,-168973.7138750058,78.1349743380222
2025-12-25,87708.94705133008,87737.01974566698,87459.40975916895,26.748977427661686,-148.29000000000815,-0.001688610979968419,82.61785714285465,0.006150780253549047,-168383.21524500582,16.51438637698125
2025-12-26,87314.7453663579,87569.77234567943,87800.94439864438,42.64137659355132,-426.70999999999185,-0.004868230016024655,171.6564285714277,0.012340891306594817,-168236.92051500574,34.74273278408269
2025-12-27,87402.70782049642,87454.93956470974,87785.80109107458,37.44267889516947,-125.32000000000698,-0.001432312382164569,54.45928571428625,0.002612059363428634,-169246.12114500586,17.279142228736006
2025-12-28,87746.007131831,87677.16981253996,87579.7681013131,77.81181708637267,253.5399999999936,0.0028935169994979137,71.82428571428422,0.0043405002236209436,-169162.5580650057,74.40491854261703
2025-12-29,87829.76783027757,87734.74005730261,87731.98069981742,58.10145410714747,219.38999999999942,0.0025006462766938853,99.53571428571533,0.005051941978667734,-169538.99161500562,76.64793420322898
2025-12-30,87257.4920370043,87292.34211607468,87727.31348712477,32.27202341811011,-157.92999999999302,-0.0018070815444258814,51.328571428570804,0.0032532995316978453,-170325.1472850057,22.714873549404093
2025-12-31,88503.30221445921,88418.64811878298,88184.971360238,62.63513241972516,29.59000000001106,0.0003345169739950027,71.15928571428438,0.003350783266306199,-169168.21525500572,64.36828065637799
