date,DOW30,FTSE100,NASDAQ,SP500,SSE,VIX,OIL
2021-01-05,0.005533549647660507,0.006128552311137625,0.009445367756788059,0.00705763138336124,0.007315257062257885,-0.06234093077742031,0.04751536437621917
2021-01-06,0.014302551228400517,0.03413393512331098,-0.006116661203076745,0.005693603382475487,0.006271588317074972,-0.010712280917359429,0.013369449860172189
2021-01-07,0.006844334160799548,0.0022045717363585737,0.025318076254018607,0.0147382601077517,0.007107602105898891,-0.11395108697919598,0.0035615391821997022
2021-01-08,0.0018294393762907646,0.002374283530075516,0.010240116888862616,0.005476837393516121,-0.0017057664048465426,-0.03688109174802445,0.029388122523537952
2021-01-09,0.0,0.0,0.0,0.0,0.0,0.0,0.0
2021-01-10,0.0,0.0,0.0,0.0,0.0,0.0,0.0
2021-01-11,-0.0028750962063206487,-0.010942312218698902,-0.012619131811073103,-0.006576327616620858,-0.010874280922525514,0.11054189600223241,0.0001917729414255831
2021-01-12,0.001933071909316908,-0.006552257260160843,0.00275768636978313,0.0004157020305690651,0.021525700342932552,-0.03164153450913609,0.01767602801722523
2021-01-13,-0.00026456980996591994,-0.0012741264567086574,0.004314322049834729,0.0022730563867252584,-0.0026884985759991764,-0.04919748607819807,-0.005099642745164612
2021-01-14,-0.002222368694162924,0.00834107068826917,-0.0012431067684950392,-0.00376051306874281,-0.00914147176706237,0.045762535348432554,0.012420182241798194
2021-01-15,-0.005736041310717255,-0.009794918457258106,-0.008742657500700801,-0.0072160007982784435,0.00013260842118434368,0.04581596179503311,-0.023080858115719582
2021-01-16,0.0,0.0,0.0,0.0,0.0,0.0,0.0
2021-01-17,0.0,0.0,0.0,0.0,0.0,0.0,0.0
2021-01-18,0.0,-0.002229423289659138,0.0,0.0,0.008332790449760097,0.0,0.0
2021-01-19,0.0037658213161595455,-0.0011463998814722487,0.015169180537053961,0.008103457635762368,-0.008332242800435097,-0.04624617169330403,0.011796179402438156
2021-01-20,0.008302233543656001,0.004073310899437743,0.019514847552859038,0.013839417376511065,0.004675083368434585,-0.07410796584050638,0.005470163597685929
2021-01-21,-0.00039673582274346586,-0.003715874066045899,0.005458715135175041,0.00031667316131311907,0.010596986722980262,-0.012121371311005547,-0.003014320292922701
2021-01-22,-0.005759085770939976,-0.0030274516524002593,0.0008974978550053692,-0.0030151526629378367,-0.004016023126546031,0.027297561659489045,-0.013678024796100807
2021-01-23,0.0,0.0,0.0,0.0,0.0,0.0,0.0
2021-01-24,0.0,0.0,0.0,0.0,0.0,0.0,0.0
2021-01-25,-0.0011937467856490969,-0.008429657733142193,0.006838430841540344,0.003609317513017629,0.004836979708997546,0.05677802765401996,0.009518442319156772
2021-01-26,-0.0007419074935075542,0.0022719051918222988,-0.0007285339563889437,-0.0014899431611539171,-0.01523844311635969,-0.007357751117878841,-0.0032261153324619762
2021-01-27,-0.02070181630110035,-0.013100176498602067,-0.02643307149733154,-0.026013315126100167,0.0010951308042752572,0.4802140945749822,0.0037943509761260152
2021-01-28,0.009857461502381426,-0.006293126824514772,0.0050031033278443715,0.009713298778759594,-0.01926001679100331,-0.20840455266105495,-0.010469306626375463
2021-01-29,-0.020491934641313492,-0.01835569501708001,-0.020181784212885745,-0.019500377654791734,-0.006326912398664675,0.09105816145167989,-0.0019153424740689928
2021-01-30,0.0,0.0,0.0,0.0,0.0,0.0,0.0
2021-01-31,0.0,0.0,0.0,0.0,0.0,0.0,0.0
2021-02-01,0.0076183708818184925,0.00915034507930379,0.025135282035085638,0.015924300234678057,0.006357697869763257,-0.09006558280233135,0.02629987927536037
2021-02-02,0.01561854642852012,0.007748618475378777,0.01550144365722339,0.013802528814311543,0.008069726459918769,-0.16813693512742756,0.022526801901872506
2021-02-03,0.0011763071010602033,-0.0013667153457603831,-0.00016458200942004453,0.0010082606153449802,-0.004645298100141915,-0.10945511880997527,0.016298803399785733
2021-02-04,0.010756422106506847,-0.000630151713586713,0.012209767886114165,0.010794847643921912,-0.0044020162833486864,-0.05104059353135959,0.009297402928690524
2021-02-05,0.0029702520532737253,-0.0022166391936178087,0.005685725419617427,0.0038899196077633036,-0.001580068721152017,-0.04222013497218846,0.0107975206029991
2021-02-06,0.0,0.0,0.0,0.0,0.0,0.0,0.0
2021-02-07,0.0,0.0,0.0,0.0,0.0,0.0,0.0
2021-02-08,0.0075965290391000195,0.005256405165859235,0.00943406863038021,0.007372107476289358,0.01027696873140016,0.017573424296219553,0.020044244058655458
2021-02-09,-0.00031642562298195287,0.0012409094737044768,0.0014331349732099596,-0.001114145421722057,0.019911708576573872,0.018195015567699535,0.006707394653814092
2021-02-10,0.00197316163333916,-0.001102971207483705,-0.0025139135602483265,-0.00034524452239104164,0.014217593011247587,0.016506592992762137,0.005981390130667563
2021-02-11,-0.00022591798850690736,0.0006588922312946721,0.0038030396381909526,0.001661074814588659,0.0,-0.03423089878779306,-0.008040416252765858
2021-02-12,0.0008809531012072824,0.009315097180428111,0.004957131327172348,0.0046999709261612566,0.0,-0.06212578232655375,0.02174737423410722
2021-02-13,0.0,0.0,0.0,0.0,0.0,0.0,0.0
2021-02-14,0.0,0.0,0.0,0.0,0.0,0.0,0.0
2021-02-15,0.0,0.0249228455467172,0.0,0.0,0.0,0.0,0.0
2021-02-16,0.0020434568555209864,-0.0010663007767082178,-0.0034090057648175076,-0.0005694345154143576,0.0,0.07195958149664117,0.009534236310486222
2021-02-17,0.0028595388456036375,-0.0056464585673765555,-0.005855140720896657,-0.0003204533489178374,0.0,0.0018622405931036923,0.0168376377996049
2021-02-18,-0.003792956277827386,-0.01406070633763612,-0.007195634537985995,-0.004425614227242747,0.005530113140657988,0.04501782066055826,-0.011359081720906161
2021-02-19,3.113208992644445e-05,0.0010270678163522007,0.0006560683954610624,-0.0018566190956654793,0.005646346101254807,-0.019758188501749707,-0.021419828300822452
2021-02-20,0.0,0.0,0.0,0.0,0.0,0.0,0.0
2021-02-21,0.0,0.0,0.0,0.0,0.0,0.0,0.0
2021-02-22,0.0008686409199096801,-0.0017829600095637943,-0.024914909813228192,-0.007762892893710571,-0.014642828175167821,0.06155796013459369,0.04222831236345481
2021-02-23,0.0004966823727325931,0.002069739890284694,-0.0050262333458981345,0.0012555296115266401,-0.0016705598058859294,-0.014605076730017874,-0.00016216654539746855
2021-02-24,0.013370752070088088,0.0049831261648058955,0.009811902804671035,0.011287667670986323,-0.020077232890253427,-0.07968219767307128,0.024827094026202978
2021-02-25,-0.017671401256638575,-0.001051761797803863,-0.035826183155746705,-0.024783394424172656,0.005866456609792792,0.3029122403274722,0.0034744191615985187
2021-02-26,-0.015068715525288212,-0.025672512273358095,0.005542772895843484,-0.004761532293798609,-0.021418517452687524,-0.033078266453713034,-0.03008708301534302
2021-02-27,0.0,0.0,0.0,0.0,0.0,0.0,0.0
2021-02-28,0.0,0.0,0.0,0.0,0.0,0.0,0.0
2021-03-01,0.019311024444130354,0.01608065594584751,0.029611050964401642,0.023512173225693545,0.011987947321676629,-0.17982022644575002,-0.01654554903688954
2021-03-02,-0.0045764272456843,0.003832640680961674,-0.017073539422115758,-0.008113678739508856,-0.012127313690584174,0.03161485587328938,-0.013972283195016644
2021-03-03,-0.0038757331869962997,0.009285762163880662,-0.027398332509800838,-0.013152335894801581,0.019281925442081516,0.10132748472935971,0.02693709923933607
2021-03-04,-0.011124915740028385,-0.0036919386749563188,-0.021327967598413267,-0.013508038064390604,-0.020736864447725267,0.06881786450640703,0.03964079824236322
2021-03-05,0.018332974532851765,-0.0030719530375389326,0.015339840467456511,0.019308356338710198,-0.0004290727668259109,-0.14717471401246485,0.03495621133246729
2021-03-06,0.0,0.0,0.0,0.0,0.0,0.0,0.0
2021-03-07,0.0,0.0,0.0,0.0,0.0,0.0,0.0
2021-03-08,0.009672895786685842,0.013274015393006877,-0.02436459207672037,-0.00537364322402567,-0.023277817858074812,0.03231877048384346,-0.016017427331662226
2021-03-09,0.000952328057808316,0.001665458637759798,0.03618823486386091,0.014055400743931301,-0.01832306737300904,-0.058198183709485374,-0.015653167339343632
2021-03-10,0.01447962413262971,-0.0006985348072543474,-0.0003817695880901084,0.006012203770987767,-0.0004615280410771305,-0.06312467536579724,0.006694194843479551
2021-03-11,0.005821650189711036,0.0016935666194939358,0.024925430841728158,0.010341825500656654,0.023281431926815088,-0.029235256314019686,0.024067997039850297
2021-03-12,0.008980501223209814,0.003630036952753102,-0.0058992615283877115,0.001014883327531635,0.004717051387450155,-0.05729262907326582,-0.006534481119402358
2021-03-13,0.0,0.0,0.0,0.0,0.0,0.0,0.0
2021-03-14,0.0,0.0,0.0,0.0,0.0,0.0,0.0
2021-03-15,0.005319188662403107,-0.0017466705424951101,0.010444594822478948,0.006470939539413578,-0.009640692216525082,-0.03241933361122529,-0.003512794753897097
2021-03-16,-0.00387695414609901,0.007953809822632607,0.0008807863724875631,-0.0015709169785971255,0.007800883001433334,-0.012054378081987949,-0.00829625283834634
2021-03-17,0.005753906413382026,-0.006029650733928804,0.00397306435921152,0.0028752446501592033,-0.00034295881837209663,-0.02870527008056767,-0.004174080420749959
2021-03-18,-0.004647115892677078,0.0025106345166729938,-0.030708812283835485,-0.014870560065947558,0.005071093666124682,0.11529542049856323,-0.07392923581912747
2021-03-19,-0.007156210314686717,-0.010527661352947248,0.007524912596325706,-0.0006028856737536614,-0.01700987901245732,-0.02962827350928432,0.024387433702312222
2021-03-20,0.0,0.0,0.0,0.0,0.0,0.0,0.0
2021-03-21,0.0,0.0,0.0,0.0,0.0,0.0,0.0
2021-03-22,0.0031588100517065953,0.002590274763013767,0.0122064574071441,0.007000556898342225,0.011325899058446609,-0.10403556651887191,0.0008136034945591675
2021-03-23,-0.009456041702865292,-0.004007349966883567,-0.011264053751787628,-0.007660118119334314,-0.009315943308832786,0.07251773219808477,-0.06258856926849177
2021-03-24,-9.53019971614566e-05,0.0020428883912320117,-0.020299643960346003,-0.005482336600348248,-0.013115033953472022,0.0433803692011594,0.05671579545636174
2021-03-25,0.006132286411979493,-0.005691821799139518,0.0012174482011104715,0.0052265834327283045,-0.0010310953429559788,-0.06781438391420824,-0.04432534267068622
2021-03-26,0.013803907830370221,0.009809744191949576,0.012333457913266344,0.01649441865871637,0.016142340005620426,-0.0491435241839322,0.041211862072824346
2021-03-27,0.0,0.0,0.0,0.0,0.0,0.0,0.0
2021-03-28,0.0,0.0,0.0,0.0,0.0,0.0,0.0
2021-03-29,0.002973609334402383,-0.0006529595162696467,-0.006037038603846412,-0.0008683896263868007,0.004953050216210286,0.09502088219807714,0.009148895704974791
2021-03-30,-0.0031525625577479843,0.005315248563483976,-0.0010925663078662495,-0.0031628294096499587,0.00620429875157491,-0.05602452043285222,-0.015405089966276542
2021-03-31,-0.0025862870074000455,-0.00867591094277742,0.01532651925301387,0.0036159535924209507,-0.0042820467470239265,-0.010766624926866086,-0.022716861296467883
2021-04-01,0.005191234905614905,0.003523887877856069,0.017453984810634537,0.011755830427674141,0.00706989559338389,-0.11283394708080019,0.03682007963867395
2021-04-02,0.0,0.0,0.0,0.0,0.0051971728800950245,0.0,0.0
2021-04-03,0.0,0.0,0.0,0.0,0.0,0.0,0.0
2021-04-04,0.0,0.0,0.0,0.0,0.0,0.0,0.0
2021-04-05,0.01121722056166341,0.0,0.01658847564108079,0.0143349877622434,0.0,0.03292010822782254,-0.044622018806879105
2021-04-06,-0.0028959651889728377,0.012727983932094844,-0.0005261982972406543,-0.0009740049407973572,-0.00040822312606003663,0.011657139377224457,0.010332945328247689
2021-04-07,0.00047919486835112934,0.009001469713728838,-0.0006966781983432924,0.001474145698107776,-0.000959437054293133,-0.05443526176239333,0.0072202479734864156
2021-04-08,0.0017119866027552888,0.008230079450353145,0.010209330907285263,0.00421175094059123,0.0008388654747619739,-0.012313206330112347,-0.0026805176043271928
2021-04-09,0.008826590393010036,-0.003810134588418279,0.00511231819919189,0.0076902881356879504,-0.009193504831149113,-0.015458109165233491,-0.005382687512558881
2021-04-10,0.0,0.0,0.0,0.0,0.0,0.0,0.0
2021-04-11,0.0,0.0,0.0,0.0,0.0,0.0,0.0
2021-04-12,-0.0016345346072466072,-0.003868154135352242,-0.0036173073869729677,-0.00019609807474019192,-0.010994287617812404,0.013095384214556915,0.006891362679279922
2021-04-13,-0.0020209502676298285,0.00020318475698033467,0.010493458835551195,0.0032890718770630656,-0.0048403572796740235,-0.015494960371601252,0.008340331916219412
2021-04-14,0.0015909380981664611,0.007100498709290193,-0.009927565283152973,-0.004096104320730376,0.005944369613301248,0.02021472869692076,0.04784049648172406
2021-04-15,0.009004390421704755,0.006306073721335181,0.012970932728389784,0.011033101401119794,-0.005202692181235591,-0.025031109191175016,0.004266420313701502
2021-04-16,0.004826845660735657,0.005141766666181269,0.0009668599215935103,0.003602323390516915,0.00809606099350546,-0.01950090424535711,-0.004108079722760394
2021-04-17,0.0,0.0,0.0,0.0,0.0,0.0,0.0
2021-04-18,0.0,0.0,0.0,0.0,0.0,0.0,0.0
2021-04-19,-0.003604164149843214,-0.002767541811616425,-0.009838086607324215,-0.0053206898937574465,0.01475365010998786,0.06203544387071469,0.0026879611408983095
2021-04-20,-0.007550320568938673,-0.02023159848199718,-0.009277696871631491,-0.006825561005078029,-0.0013265562872266656,0.0773250964912684,-0.011434140771120482
2021-04-21,0.00930007523891696,0.005147141626734353,0.01182212379462122,0.009263020919853204,-2.882220890398912e-06,-0.06525256820826097,-0.020492851071113094
2021-04-22,-0.00945981998955503,0.006202411270622932,-0.009493486774555748,-0.009253337860554822,-0.002254189219437208,0.06685721042401394,0.0017916773259383234
2021-04-23,0.006707714528280562,5.7636102763325425e-05,0.01425552058809032,0.0108694098955322,0.0026111699088442464,-0.07661899202838818,0.011809568618563304
2021-04-24,0.0,0.0,0.0,0.0,0.0,0.0,0.0
2021-04-25,0.0,0.0,0.0,0.0,0.0,0.0,0.0
2021-04-26,-0.0018204463804902815,0.003524752371465212,0.00866410306412213,0.0017806845645829128,-0.009544071944649346,0.017729916653121514,-0.002576490958304589
2021-04-27,9.885384719687806e-05,-0.002602815301534278,-0.003440475735974502,-0.0002149189814453223,0.00041842870102115626,-0.0045454581845496556,0.01615388985271604
2021-04-28,-0.0048536348465955115,0.0026889941285439534,-0.0027851981314821472,-0.0008458975873963936,0.004191493442951,-0.016073754681327657,0.012299114355236895
2021-04-29,0.0070706793895976006,-0.00031600196764891564,0.002240706255667746,0.0067400415367036,0.005144244242062612,0.01891715405514871,0.018477352015381143
2021-04-30,-0.005461329140551641,0.001191533566261782,-0.008548394812002869,-0.007220713417121161,-0.008101970673450865,0.05523214628363915,-0.023347363996991
2021-05-01,0.0,0.0,0.0,0.0,0.0,0.0,0.0
2021-05-02,0.0,0.0,0.0,0.0,0.0,0.0,0.0
2021-05-03,0.0070124020551833866,0.0,-0.004850325814295786,0.002744321649512216,0.0,-0.016251773932245417,0.01500497048864613
2021-05-04,0.0005802744738510057,-0.006708383233677395,-0.019007708546165958,-0.0067007374898473415,0.0,0.061940945196345965,0.019358416781775745
2021-05-05,0.002846806935099977,0.016630586962298466,-0.003753695502419774,0.00070321644711413,0.0,-0.017085579008662144,-0.001370384683436754
2021-05-06,0.00925265772065309,0.005228362393589592,0.003705272703180995,0.008132299498631923,-0.0016201991350079936,-0.04049569027965383,-0.01380813592821184
2021-05-07,0.006613112986412872,0.007532117143204786,0.008720160532364574,0.007346291419187523,-0.006533382315220493,-0.0969972357545088,0.003546923296003257
2021-05-08,0.0,0.0,0.0,0.0,0.0,0.0,0.0
2021-05-09,0.0,0.0,0.0,0.0,0.0,0.0,0.0
2021-05-10,-0.001005210490800934,-0.0008419044143810339,-0.02580820745119894,-0.0104904805031385,0.002663959332362964,0.16377633728528096,-0.0006159532070322271
2021-05-11,-0.01372711204055399,-0.02497343240563943,-0.0009279631504419683,-0.008711750141781494,0.004035065168945806,0.10515705090564609,0.005989421268175477
2021-05-12,-0.02008708665205816,0.008113241651507508,-0.027082274299722542,-0.021682782358302788,0.0060539251744948785,0.23371023589641604,0.00990333377683239
2021-05-13,0.012832442823805579,-0.005913618169717694,0.007134772353232677,0.012099644578093205,-0.009636918286037854,-0.17632295379972707,-0.032981876841300384
2021-05-14,0.010545735765754571,0.011465945108373177,0.02297149180422231,0.014807778563623586,0.01758442644709568,-0.2067418250392974,0.023231647252166532
2021-05-15,0.0,0.0,0.0,0.0,0.0,0.0,0.0
2021-05-16,0.0,0.0,0.0,0.0,0.0,0.0,0.0
2021-05-17,-0.0015817179436545814,-0.0015202923132076052,-0.0037995201478100427,-0.0025332581839609958,0.007774078643391746,0.0472446994340161,0.013986241974739855
2021-05-18,-0.0078121457019388885,0.00018487008174083996,-0.005652380518700539,-0.00855377238403321,0.0032327232427675767,0.0789499386691932,-0.011387050847042168
2021-05-19,-0.004844891457489453,-0.01201353049477838,-0.0002931517805340178,-0.0029477518113782963,-0.005127887890358451,0.038607742657343014,-0.03432813577056315
2021-05-20,0.005534255259806997,0.009964235537516686,0.01758910816986692,0.010499429334508648,-0.0011456475660480692,-0.07050761829654917,-0.021241715384246795
2021-05-21,0.0036224319900384216,-0.00024215973206409558,-0.004795110177569839,-0.0007841880752526009,-0.00582825209180271,-0.02547910792353214,0.026443082615561053
2021-05-22,0.0,0.0,0.0,0.0,0.0,0.0,0.0
2021-05-23,0.0,0.0,0.0,0.0,0.0,0.0,0.0
2021-05-24,0.0054267096983497964,0.0047620152300282825,0.014018994514065852,0.009862497481215371,0.0030699383111389977,-0.09085362557830257,0.038851810995858216
2021-05-25,-0.002372981858318468,-0.0030963271460215935,-0.0002928435660045636,-0.002127545400828268,0.023751524713238936,0.023631633364472826,0.002114804413563931
2021-05-26,0.00030858206105932595,-0.00041260074488569387,0.005901063064362333,0.0018750575506114586,0.003350671233574687,-0.08181353285665827,0.002110341452486786
2021-05-27,0.0041167261415751,-0.0010251174820528064,-0.00012518810666861668,0.001164636089862725,0.004301461267310458,-0.036367693002124835,0.006902788513265534
2021-05-28,0.0018786714328165033,0.0004130238386128582,0.0009066729120696948,0.0007685864528870212,-0.002238692301185452,0.001194057321792119,-0.008409720685111033
2021-05-29,0.0,0.0,0.0,0.0,0.0,0.0,0.0
2021-05-30,0.0,0.0,0.0,0.0,0.0,0.0,0.0
2021-05-31,0.0,0.0,0.0,0.0,0.004074124680945701,0.0,0.0
2021-06-01,0.0013272423834109759,0.008210992937065953,-0.0008920988170686428,-0.0004924547586302452,0.0025496528526414153,0.06580558282518023,0.022221479565573077
2021-06-02,0.0007248301969564608,0.0038763836114288353,0.0014439857132959588,0.0014458890369013488,-0.007635218913481623,-0.023743347496015144,0.014496190591573033
2021-06-03,-0.0006747821853121394,-0.006152837276040657,-0.010362968947553952,-0.0036353030560487554,-0.003600979168620455,0.03153422134479289,0.00029069767646650035
2021-06-04,0.0051736071143455575,0.0006509541724515344,0.01458193971884647,0.008795303383015707,0.002126554239906042,-0.0940914567136435,0.010984356721160715
2021-06-05,0.0,0.0,0.0,0.0,0.0,0.0,0.0
2021-06-06,0.0,0.0,0.0,0.0,0.0,0.0,0.0
2021-06-07,-0.0036362188144405394,0.001159349665320164,0.004854788747373107,-0.0007970562694215033,0.002141439884544738,0.0,-0.005188079081777985
2021-06-08,-0.000878750396150707,0.0025260418551429353,0.003106486805684483,0.00017500954944082991,-0.005412514169353955,0.038822410257761675,0.012920076365104727
2021-06-09,-0.004422495480618238,-0.0019892780396428833,-0.0009455270249087988,-0.001825532590615353,0.003148515231227833,0.0469193444752678,-0.0029997879791121562
2021-06-10,0.000554251062478528,0.0010163164939456237,0.007774617912078341,0.00464145477646305,0.005403929435722432,-0.10542256771952596,0.006274977806072002
2021-06-11,0.0003876457650697773,0.00645466074508505,0.003495217559834174,0.0019465389328079397,-0.005863438677339516,-0.02834840307308939,0.009339249995479193
2021-06-12,0.0,0.0,0.0,0.0,0.0,0.0,0.0
2021-06-13,0.0,0.0,0.0,0.0,0.0,0.0,0.0
2021-06-14,-0.0024930282908446344,0.0017646211230974984,0.0074155105115369935,0.0018135563851373604,0.0,0.0462004629053725,-0.0008454276958396179
2021-06-15,-0.0027490960383076413,0.003603529841617714,-0.007171007957287756,-0.0020137199542773487,-0.009288760149615882,0.03771779452438828,0.01566465597447131
2021-06-16,-0.00777538197905514,0.0017412506576057751,-0.0023605607621330904,-0.005404703747025508,-0.010807334624155729,0.0642813896523835,-0.0004164064186760186
2021-06-17,-0.006196057994158011,-0.004407765027206523,0.008628811063481123,-0.00043581054367258787,0.002064194826248311,-0.02228502377181929,-0.013558108308390437
2021-06-18,-0.015894927429389583,-0.019180725249881903,-0.009291424906852086,-0.013211355687284154,-0.00014182988553912423,0.1537482212068766,0.008128986599630572
2021-06-19,0.0,0.0,0.0,0.0,0.0,0.0,0.0
2021-06-20,0.0,0.0,0.0,0.0,0.0,0.0,0.0
2021-06-21,0.017475997207233362,0.0063637205779585315,0.00788738553452184,0.013905163512319518,0.0011566976140198193,-0.14589187372458623,0.02753477917236591
2021-06-22,0.0020232032433114,0.003914590712177812,0.00787396543868013,0.005111406378990324,0.007967197317402253,-0.07123123582395552,-0.006676228898744085
2021-06-23,-0.0021038060508811185,-0.0022450997822254237,0.0012943691552997905,-0.0010838705186486663,0.002473475806688441,-0.020619296743295212,-0.00054697116090896
2021-06-24,0.009477873642874002,0.005062003053339481,0.006841825894486675,0.005794429545916913,0.00012054941385386542,-0.021679351888891585,0.0027318689302715526
2021-06-25,0.0069071308079884375,0.003664178502106097,-0.0006488186921522754,0.0033250631646861706,0.011404907274892295,-0.022159841862595897,0.012201886746546542
2021-06-26,0.0,0.0,0.0,0.0,0.0,0.0,0.0
2021-06-27,0.0,0.0,0.0,0.0,0.0,0.0,0.0
2021-06-28,-0.004382330829757919,-0.008881704263403734,0.009710107514308675,0.0023122888604731884,-0.0003299010076460718,0.008922961867715351,-0.016713480973740147
2021-06-29,0.0002630538193777454,0.002062074026389027,0.001916736677532782,0.0002772977426861445,-0.00924582230363491,0.01636287126203184,0.0021899817129327204
2021-06-30,0.006111604604134513,-0.0070937986144326,-0.0016795021482050032,0.0013272784229076962,0.005030458414118755,-0.01193110114138296,0.005182065326196472
2021-07-01,0.0037901992208926316,0.012384829881893822,0.0012698601529681497,0.005208041432254618,-0.000674074850685713,-0.022358030483057068,0.024320983790172335
2021-07-02,0.004402789321195755,-0.00026674957171124447,0.008020848054384189,0.007472095894691222,-0.019703662442871916,-0.026842846202429715,0.0005308560177752497
2021-07-03,0.0,0.0,0.0,0.0,0.0,0.0,0.0
2021-07-04,0.0,0.0,0.0,0.0,0.0,0.0,0.0
2021-07-05,0.0,0.0058230170428092975,0.0,0.0,0.004412280497392729,0.0,0.0
2021-07-06,-0.006025659900076974,-0.008972567994250724,0.0016591885475207846,-0.002023902770021735,-0.001149412702764252,0.08701142972543563,-0.02349258990450398
2021-07-07,0.0030152848411066913,0.00703068424170894,9.682815221623287e-05,0.003353346553662817,0.006623408526541752,-0.014706132779924719,-0.019199712101563016
2021-07-08,-0.007520886128386195,-0.016965905163354833,-0.0072048129503734515,-0.008597881009555053,-0.007972663739634456,0.1594276898330751,0.010468415158990219
2021-07-09,0.012937601445372593,0.012888228142280411,0.009715140642013509,0.01121482590241385,-0.0003999983291507192,-0.16066304867479797,0.02141873936903327
2021-07-10,0.0,0.0,0.0,0.0,0.0,0.0,0.0
2021-07-11,0.0,0.0,0.0,0.0,0.0,0.0,0.0
2021-07-12,0.0036074501168030793,0.0004913211792256789,0.00212808927513386,0.003445232695593603,0.006716720527036202,-0.0006182521843864919,-0.0047052583952931215
2021-07-13,-0.0030733564441920436,-9.820380587122202e-05,-0.003780226220111871,-0.003523011181165714,0.005251343560344068,0.05708974142698153,0.01378409245078771
2021-07-14,0.0012729913156288575,-0.00471304118488014,-0.002230375765782,0.001164256565468591,-0.01071748447644083,-0.04724351742387478,-0.02940198306569375
2021-07-15,0.0015385835465675513,-0.01123163917467096,-0.006976870369710397,-0.0032675735627449853,0.01017621343766173,0.0407975175531301,-0.019208771361308052
2021-07-16,-0.008587595573786189,-0.0005563301855442404,-0.008000606560420565,-0.007567415006812794,-0.007120083620890227,0.08126299197477449,0.001254967744712232
2021-07-17,0.0,0.0,0.0,0.0,0.0,0.0,0.0
2021-07-18,0.0,0.0,0.0,0.0,0.0,0.0,0.0
2021-07-19,-0.021146123884422607,-0.02363585146581748,-0.010609715218251381,-0.015996781399984172,-5.083949142559163e-05,0.19845089737210708,-0.07687743259128599
2021-07-20,0.016063347384930537,0.005347751670468526,0.015563009653950743,0.015048806004799076,-0.0006585946281862931,-0.13137501237725324,0.013007584163350572
2021-07-21,0.008253163773588312,0.016888697431225452,0.009136110281803056,0.008208041662143728,0.007288159151556783,-0.09678108928020412,0.04274527751507584
2021-07-22,0.000728269792285019,-0.00429596995366488,0.0035917917364507446,0.00201463920924283,0.0033830297864465564,-0.012359669191420508,0.026544638382199004
2021-07-23,0.00681692706713477,0.008474002849208517,0.01032410377471571,0.0100943323862559,-0.006830490403421763,-0.02809011018514518,0.0012466238888499959
2021-07-24,0.0,0.0,0.0,0.0,0.0,0.0,0.0
2021-07-25,0.0,0.0,0.0,0.0,0.0,0.0,0.0
2021-07-26,0.002357576748394763,-0.0003131282047217354,0.00025067485401564227,0.00237936692272811,-0.023643693064425264,0.021852459740864916,-0.0012466238888499959
2021-07-27,-0.0024440355893062815,-0.0041792743050557135,-0.012211813185677656,-0.004723583382176599,-0.02519181184827346,0.09644722545763784,-0.006535516553205056
2021-07-28,-0.003645977687019908,0.002925919250296616,0.006933341494482548,-0.00018627923155278836,-0.005810638301982252,-0.05576178385597297,0.009580080211361697
2021-07-29,0.004387654008557007,0.008769095524012727,0.0010615601354206916,0.0041973318452726005,0.014802451893141111,-0.0338826468351745,0.01712487907283844
2021-07-30,-0.0042577185143031215,-0.0065340858541116376,-0.007169926147607697,-0.005420713608261352,-0.004217863325273186,0.030052289414132627,0.004201971618133626
2021-07-31,0.0,0.0,0.0,0.0,0.0,0.0,0.0
2021-08-01,0.0,0.0,0.0,0.0,0.0,0.0,0.0
2021-08-02,-0.0027892674743714707,0.007000225642071811,0.0005716901744090563,-0.00184450567006067,0.019509025672899583,0.06474405761339286,-0.03608212952879608
2021-08-03,0.0079548711073123,0.0033832868929408733,0.005449286274133769,0.008169961338918341,-0.004716266983619377,-0.0757694643269029,-0.009440013744507425
2021-08-04,-0.009261427022099866,0.0025580082125085113,0.001302576272680156,-0.004643150661296502,0.008441665802186193,-0.0038879027995193383,-0.03529862976314391
2021-08-05,0.007775306609742572,-0.0004914246566602998,0.007722857748811762,0.005987485990420538,-0.003073238382871324,-0.039153859472471186,0.013256804241063236
2021-08-06,0.004105770653591634,0.00036509509007132124,-0.0039931835636259905,0.0016738645485290249,-0.0024029853158520353,-0.06762977706408968,-0.01223078729506355
2021-08-07,0.0,0.0,0.0,0.0,0.0,0.0,0.0
2021-08-08,0.0,0.0,0.0,0.0,0.0,0.0,0.0
2021-08-09,-0.0030339834155341805,0.0013047506729755298,0.0016446644106373753,-0.0009403502649565354,0.010470579189437501,0.03468554054099071,-0.025220146965607704
2021-08-10,0.004627785916692773,0.004015900355611279,-0.004863014736459448,0.0009921869538640493,0.010050550328756458,0.004177959028341061,0.02624511227973425
2021-08-11,0.006227525257161304,0.00821918072513661,-0.0015531432821607183,0.0012749307180150993,0.0007618170939345248,-0.03762584731032481,0.014095997403170024
2021-08-12,0.00041932381183862333,-0.0037326542886546576,0.0034562373037339,0.00413780773547856,-0.0022331665404777823,-0.03652798545002156,-0.0026007817000568423
2021-08-13,0.00043729616576548835,0.003538745886331185,0.0004480980618950525,0.001606016320923942,-0.0023973576067390923,-0.009020701858778235,-0.01105626624840994
2021-08-14,0.0,0.0,0.0,0.0,0.0,0.0,0.0
2021-08-15,0.0,0.0,0.0,0.0,0.0,0.0,0.0
2021-08-16,0.0030930114364338124,-0.00900326751079028,-0.0019678541908536573,0.002617422261993241,0.0002957328068706744,0.0424517981416499,-0.01354954455379076
2021-08-17,-0.007950512107823826,0.0037809474305561253,-0.009343386204552218,-0.007085743507136755,-0.020207700642311366,0.10529841841281096,-0.01403636603179148
2021-08-18,-0.01088398297055626,-0.0016445946745360374,-0.008928106059121532,-0.010806652845255726,0.011052728434176373,0.18594423869998966,-0.01729149711006084
2021-08-19,-0.0019059626751545267,-0.015518775426848208,0.0010926137455378182,0.0012559032561583194,-0.00567730164975444,0.0046253728160783325,-0.025882886168473007
2021-08-20,0.006454628297122511,0.004099872907231017,0.011817710482578292,0.008108603890741861,-0.011090078329377917,-0.154920120485587,-0.02286902903845789
2021-08-21,0.0,0.0,0.0,0.0,0.0,0.0,0.0
2021-08-22,0.0,0.0,0.0,0.0,0.0,0.0,0.0
2021-08-23,0.006121100583616368,0.002972495874116632,0.015375279925669005,0.008487667984411473,0.014424512256843158,-0.0790105472145819,0.05317906540398898
2021-08-24,0.000864213034054373,0.0023603861969139217,0.005149751376094969,0.0014946188019617779,0.010681793887698632,0.0040733077558838815,0.027789997129678667
2021-08-25,0.0011088684050708508,0.0034043831358641086,0.001467686795765033,0.0022176574032517493,0.0073450318516918855,-0.02528793350711922,0.015289918567978233
2021-08-26,-0.005448403811039171,-0.003516630125409037,-0.006406040214026021,-0.005841949827603443,-0.010995730982068963,0.11519875162978144,-0.01647580664054793
2021-08-27,0.00686810085707279,0.003222871142467554,0.0122155160813886,0.0087690715404527,0.005835279099583701,-0.13931092173088988,0.020843261537423885
2021-08-28,0.0,0.0,0.0,0.0,0.0,0.0,0.0
2021-08-29,0.0,0.0,0.0,0.0,0.0,0.0,0.0
2021-08-30,-0.0015795764075203778,0.0,0.008974424438640938,0.004297324106874001,0.0017003223253073685,-0.01227755484004689,0.006371292910841042
2021-08-31,-0.0011054003326886885,-0.003966980159768596,-0.0004356681981825261,-0.001350026915892144,0.004465182683452085,0.017753696027978272,-0.01234493928977276
2021-09-01,-0.0013640017469320753,0.004218739832108298,0.0032804682193674495,0.00031164006095174557,0.006513882080382061,-0.022707261629018483,0.0029184319561368355
2021-09-02,0.0037110226933236845,0.001970154817502845,0.0014229380057990682,0.002838605754405421,0.008358327765549234,0.01845066072814472,0.020764985461898533
2021-09-03,-0.0021106461047200042,-0.0035658638636313356,0.002107194827745573,-0.00033508726118114396,-0.0042653774292773505,0.0,-0.010472802125564229
2021-09-04,0.0,0.0,0.0,0.0,0.0,0.0,0.0
2021-09-05,0.0,0.0,0.0,0.0,0.0,0.0,0.0
2021-09-06,0.0,0.006813045373585069,0.0,0.0,0.011141817235325036,0.0,0.0
2021-09-07,-0.007637139978804441,-0.005273269855493368,0.0007034029678791853,-0.0034013524523217598,0.014997980368727681,0.10022851523673681,-0.012334191047064458
2021-09-08,-0.0019657395613368323,-0.0075676431490308005,-0.0057200192663113825,-0.0013194368138158552,-0.00038089999856438794,-0.009972399142124555,0.012622583262473341
2021-09-09,-0.004339598615112905,-0.010099422755253329,-0.0025144789522002498,-0.004616247150002195,0.004869489187068865,0.04570981735587498,-0.015986388993725953
2021-09-10,-0.007819049851391924,0.0007115715872316741,-0.008744681031034318,-0.007752552286277137,0.0026987308902466367,0.10828185353128683,0.022596558198329397
2021-09-11,0.0,0.0,0.0,0.0,0.0,0.0,0.0
2021-09-12,0.0,0.0,0.0,0.0,0.0,0.0,0.0
2021-09-13,0.007539475980184562,0.00556120301143892,-0.0006558441843882434,0.0022739003463705387,0.003305264840214761,-0.07841316203994708,0.010259423131016021
2021-09-14,-0.008411003433979047,-0.004864367639948242,-0.0044998614812588045,-0.005763213966258007,-0.014304996595308594,0.004635508965875168,-0.00014177358781797267
2021-09-15,0.006825610019776107,-0.0025052462868693226,0.008196960965973332,0.008438294222079534,-0.0017434855645301894,-0.06803892417555257,0.028789020076660954
2021-09-16,-0.001813259116620003,0.0015665055894960034,0.0013439243972008796,-0.001552344712765219,-0.013528441363854782,0.027666544506303126,0.0013766521997951031
2021-09-17,-0.004801005184207341,-0.009134427772307774,-0.009128012757075865,-0.009152630275798046,0.001905505518132955,0.10744496470005149,-0.008288485080057306
2021-09-18,0.0,0.0,0.0,0.0,0.0,0.0,0.0
2021-09-19,0.0,0.0,0.0,0.0,0.0,0.0,0.0
2021-09-20,-0.017924979691603227,-0.008610140851994075,-0.0221845764931885,-0.017123077726381553,0.0,0.21144637092598728,-0.023580039885445103
2021-09-21,-0.0014914916925334865,0.011105717814016813,0.002206359902809041,-0.0008126886585468895,0.0,-0.05393751777084255,0.0014192451999077704
2021-09-22,0.009929374712923433,0.01456183164783198,0.01015074329399468,0.009474585224218401,0.004009698103565995,-0.15462970659564101,0.026037305147086798
2021-09-23,0.014676500867459197,-0.0007061249667010827,0.010377077916464472,0.012061680369937378,0.003776796726345566,-0.11353962173545984,0.014540722585482335
2021-09-24,0.0009539489591450234,-0.0038075195192384115,-0.00030166432438960555,0.0014599428113637458,-0.008035532428579018,-0.04838762364465321,0.01016200059792638
2021-09-25,0.0,0.0,0.0,0.0,0.0,0.0,0.0
2021-09-26,0.0,0.0,0.0,0.0,0.0,0.0,0.0
2021-09-27,0.0020489109204984146,0.0016861480060725853,-0.005178992419633488,-0.0027802439201884965,-0.008404832650363403,0.0553414398571781,0.018167745222865683
2021-09-28,-0.016463812267705435,-0.005010095238404233,-0.028683408751719597,-0.020574317739892933,0.00539730120644677,0.21457817625476272,-0.001324678959108816
2021-09-29,0.0026417116793790996,0.011332661765873553,-0.002356525147302335,0.0015679543362843162,-0.018472147901659852,-0.030126729076274117,-0.005049844618326915
2021-09-30,-0.016027301522639092,-0.003071634277700852,-0.004410097016206649,-0.011981202945015923,0.008974671394364364,0.025384292431966937,0.0021293593353153284
2021-10-01,0.014157089982475668,-0.008403323576139599,0.008141969927935477,0.011425952113334858,0.0,-0.09228963682790381,0.010447757535758662
2021-10-02,0.0,0.0,0.0,0.0,0.0,0.0,0.0
2021-10-03,0.0,0.0,0.0,0.0,0.0,0.0,0.0
2021-10-04,-0.009470054232785685,-0.002293772605028721,-0.02159668809301074,-0.013070952048643392,0.0,0.08448047301532613,0.021732913405120513
2021-10-05,0.009126555746298948,0.009383888849086475,0.0124333351708934,0.010469517498600922,0.0,-0.07504649467985569,0.018999615200272935
2021-10-06,0.002977273692980731,-0.011539983861007741,0.004705613417671728,0.004094399349623856,0.0,-0.014184599173201917,-0.019257114879821735
2021-10-07,0.009771472779499746,0.011667132710362793,0.01043429290005804,0.008264039225066355,0.0,-0.07205874425477798,0.010248616477885442
2021-10-08,-0.0002501081238879266,0.0024835054723055805,-0.005095489870617698,-0.0019155566024213755,0.006703617537890949,-0.040203818482179354,0.01379681400238919
2021-10-09,0.0,0.0,0.0,0.0,0.0,0.0,0.0
2021-10-10,0.0,0.0,0.0,0.0,0.0,0.0,0.0
2021-10-11,-0.007226578667047789,0.007203795195529494,-0.006422693099196408,-0.006889441644339911,-0.00012805362718637525,0.06347239856752518,0.013609049539263118
2021-10-12,-0.0034183634935853746,-0.0023393706751377863,-0.001400952791875909,-0.002419705686554252,-0.01254315791289784,-0.007528247203173244,0.0013631577797070804
2021-10-13,-1.545316344930825e-05,0.0016255061559853345,0.007281616998717766,0.003017955870230793,0.004169564036198281,-0.06289424983755554,-0.0009912031538830135
2021-10-14,0.01543535237823157,0.009185108043931578,0.017131866200896795,0.016919162285711664,-0.000977517184386656,-0.10036578773839322,0.009376996530157555
2021-10-15,0.010887950118554812,0.0036422074140194383,0.004973647033793327,0.00743252063718991,0.003951983603071696,-0.03377892776825453,0.011720314848458813
2021-10-16,0.0,0.0,0.0,0.0,0.0,0.0,0.0
2021-10-17,0.0,0.0,0.0,0.0,0.0,0.0,0.0
2021-10-18,-0.0010248226655562576,-0.0041834960682525235,0.008320453427677066,0.003369087801804227,-0.001184852370064604,0.0006133228821250114,0.0027877116411199054
2021-10-19,0.005619660958297246,0.0018999950933000775,0.007116253793700622,0.007366142784235308,0.006984806414243039,-0.03811768368319424,0.006875366327177446
2021-10-20,0.0042785606263215925,0.0007756046007934003,-0.0004899152327713097,0.003657333598560797,-0.0017130293743967684,-0.013466060552870918,0.014440253306115203
2021-10-21,-0.00017586030483940363,-0.004551368839045722,0.006198347332167842,0.002991393168359835,0.0021666027944426958,-0.031477978758680525,-0.02107357679052857
2021-10-22,0.002074672600157257,0.001986856146285021,-0.008282262911189164,-0.0010731292246628499,-0.003393980287238918,0.027597025259156194,0.02261267612945339
2021-10-23,0.0,0.0,0.0,0.0,0.0,0.0,0.0
2021-10-24,0.0,0.0,0.0,0.0,0.0,0.0,0.0
2021-10-25,0.001795871423459161,0.002522937855497176,0.009005580549214187,0.004736959440853283,0.007580199129902709,-0.012390150913142772,0.0013004671691527747
2021-10-26,0.00044002525910791235,0.007558488625976523,0.0005908920095620829,0.0018181414322437917,-0.0033909751102267904,0.04741437645208402,0.011745495611492629
2021-10-27,-0.007472219399447866,-0.0033446401510204282,8.524857667779884e-06,-0.005064370371105298,-0.009868817789616458,0.060698242232118726,-0.03541665463789556
2021-10-28,0.006733670964292671,-0.000524009822328253,0.01383678381592901,0.009781288424184353,-0.012397224287774122,-0.02685920055192481,0.0014506772369999865
2021-10-29,0.0024899545042860183,-0.001642827748810305,0.00324880420091489,0.0019474372317169752,0.008186048627141673,-0.016468835176246976,0.008660145536223851
2021-10-30,0.0,0.0,0.0,0.0,0.0,0.0,0.0
2021-10-31,0.0,0.0,0.0,0.0,0.0,0.0,0.0
2021-11-01,0.002628658514518989,0.007021823858220699,0.006273211698793801,0.0017984589459025813,-0.0008065933848762086,0.009182777607491754,0.006922094711885762
2021-11-02,0.003857052790630533,-0.0018952026576126713,0.0034359960159076053,0.0036736071203886667,-0.011021244111629969,-0.023428886347040656,-0.0020239306867173568
2021-11-03,0.002906771686733478,-0.003566574677398293,0.010297255324537957,0.00644049461288887,-0.0020244643549585106,-0.05976724037271497,-0.037520336231651186
2021-11-04,-0.0009227123467105969,0.004267392690501026,0.008108506228737156,0.004173222342817695,0.008065075506376473,0.022266748335608266,-0.02429674935594761
2021-11-05,0.005623551637807367,0.0033050308566568987,0.0019604150194716397,0.0037258500452850285,-0.01005931391062731,0.06518597928502112,0.029603110915466857
2021-11-06,0.0,0.0,0.0,0.0,0.0,0.0,0.0
2021-11-07,0.0,0.0,0.0,0.0,0.0,0.0,0.0
2021-11-08,0.0028661176998046045,-0.0004930154957758504,0.0006741268703596148,0.0008873940607010411,0.002019918429462919,0.04392396242029628,0.008700502160852608
2021-11-09,-0.003085497661936998,-0.003622781232094141,-0.00601342375004954,-0.0035049109263987077,0.002389541357517899,0.032002809580040203,0.026013027463799965
2021-11-10,-0.006630944780452452,0.009059770255417376,-0.01674658990531519,-0.008259842163861109,-0.004154623373274546,0.05205222331112491,-0.0349597137716362
2021-11-11,-0.004408572539007949,0.005976492054049487,0.005207681697999789,0.0005507883329887164,0.011481590312993006,-0.05882430548036188,0.002950217259687804
2021-11-12,0.004972914946815621,-0.004928064049698477,0.00992743746721736,0.0071966975641295505,0.0017845470295352328,-0.08075070771974957,-0.007391927214819738
2021-11-13,0.0,0.0,0.0,0.0,0.0,0.0,0.0
2021-11-14,0.0,0.0,0.0,0.0,0.0,0.0,0.0
2021-11-15,-0.0003562757876327538,0.0005442251121614561,-0.00044839314994860047,-1.0739878016252646e-05,-0.0016401928647375996,0.012202643875715236,-0.0002473410846155488
2021-11-16,0.001516538654744437,-0.003392614758901402,0.0075413098271095436,0.003857779057126365,-0.003262898087482924,-0.007303680041878202,-0.0011137925784785452
2021-11-17,-0.005859830541153244,-0.004897986862916426,-0.0032788449518026397,-0.0026050154828958227,0.00441415213083296,0.04421268092672381,-0.03067879522238215
2021-11-18,-0.0016740919901021556,-0.004839455502073875,0.004520704231817163,0.003379064740171245,-0.004720883585138225,0.027667443847847917,0.007631682932159656
2021-11-19,-0.007526486486186812,-0.004475255697728997,0.003976802827011738,-0.0013996446049873157,0.011201842241238325,0.018028640128754603,-0.03625501887511451
2021-11-20,0.0,0.0,0.0,0.0,0.0,0.0,0.0
2021-11-21,0.0,0.0,0.0,0.0,0.0,0.0,0.0
2021-11-22,0.00048495459780184547,0.00440634483390312,-0.012702564418120232,-0.003202258316960638,0.006079154128748598,0.06798735348449769,0.008243422539506717
2021-11-23,0.005447093751765664,0.0015424932011089965,-0.005034495008473527,0.001655761383194232,0.0019547817796095046,0.010895002121107833,0.020379913403448136
2021-11-24,-0.0002631140611359939,0.0026935506390355357,0.004433277336696406,0.0022912237766679056,0.0010063699533979786,-0.0421558338790704,0.0
2021-11-25,0.0,0.0033021326791775607,0.0,0.0,-0.0023751128304656532,0.0,0.0
2021-11-26,-0.025602288366108894,-0.03712178783437281,-0.02256671355415385,-0.022987011159321113,-0.0056209115182763725,0.4320200741721716,0.0
2021-11-27,0.0,0.0,0.0,0.0,0.0,0.0,0.0
2021-11-28,0.0,0.0,0.0,0.0,0.0,0.0,0.0
2021-11-29,0.00675666488083948,0.00932605318119073,0.01862082053947489,0.013113836082823127,-0.0003901158105570346,-0.22035227187514295,-0.11402351295639868
2021-11-30,-0.01873728590042134,-0.007128016347706989,-0.01565393232988299,-0.019143381187848973,0.00033394412850995536,0.16909574670959104,-0.055005777712209714
2021-12-01,-0.013478770017165687,0.015350126932300867,-0.018423684134612373,-0.01188554145795706,0.0036410629520133853,0.13500144799177294,-0.010640015259154367
2021-12-02,0.01799447191508108,-0.005525300836053404,0.008308777697790148,0.014094638396057846,-0.0008530051842967623,-0.10743349938015534,0.017570885251851465
2021-12-03,-0.0017252547494521764,-0.0009683740187682588,-0.01942179568122171,-0.008484455141738678,0.009354915947927367,0.0928677537160465,-0.003158134815275382
2021-12-04,0.0,0.0,0.0,0.0,0.0,0.0,0.0
2021-12-05,0.0,0.0,0.0,0.0,0.0,0.0,0.0
2021-12-06,0.01853598162633041,0.015326397979883666,0.0092166806427052,0.011662599309685717,-0.005035588713912631,-0.12080356066278464,0.04750543965222498
2021-12-07,0.013881068552601405,0.014768127725760749,0.029878547695961544,0.02049560318625332,0.0016090502828589592,-0.21645153629884595,0.032780555884184714
2021-12-08,0.000988337761400615,-0.0003406621187060921,0.006358958846202967,0.0030805355865854978,0.011746845013730578,-0.0953101710909916,0.00678813993975691
2021-12-09,-1.638769619560776e-06,-0.0021966619757609607,-0.01722614877845352,-0.007206988232523415,0.009703772602284388,0.0810472437334746,-0.021773365385070242
2021-12-10,0.006031243805793451,-0.004037478818652573,0.0072704572370341225,0.009503769118209604,-0.001823024293413411,-0.14377830625260568,0.011782995072318947
2021-12-11,0.0,0.0,0.0,0.0,0.0,0.0,0.0
2021-12-12,0.0,0.0,0.0,0.0,0.0,0.0,0.0
2021-12-13,-0.008936959925271992,-0.008317760795568674,-0.014001013198686962,-0.009178158342793452,0.004009565208612287,0.08312469925500698,-0.007277848778701745
2021-12-14,-0.0029993515829733752,-0.0017715997280625118,-0.01146083367069295,-0.0074987228546241624,-0.005325107758714864,0.0749165343551157,-0.008747234103043233
2021-12-15,0.010724640923278628,-0.006643844652467479,0.02129341175657018,0.016216267351891744,-0.003803491347509791,-0.12644300927322716,0.004524254854187504
2021-12-16,-0.0008294893155955663,0.012445286338738981,-0.025054993582381613,-0.008781863311112303,0.007480970638903628,0.06424681445002367,0.020247846657025725
2021-12-17,-0.014936460728861789,0.0012800393595959747,-0.0007083994536376537,-0.010340964584054646,-0.011675975798061344,0.04746975742400483,-0.019683751309956143
2021-12-18,0.0,0.0,0.0,0.0,0.0,0.0,0.0
2021-12-19,0.0,0.0,0.0,0.0,0.0,0.0,0.0
2021-12-20,-0.012327212512133201,-0.009939313202844247,-0.01251992313624406,-0.011453398323256536,-0.010728091606363677,0.05852259847760255,-0.03208984698820494
2021-12-21,0.015919120180010182,0.013714897290011407,0.023756084155854396,0.01762175538519628,0.008735604669114494,-0.0848275189796528,0.034483708583404216
2021-12-22,0.007332072368479103,0.00605234309526459,0.011716423749478011,0.010128728029126677,-0.0006925640992907489,-0.1202253861847784,0.023903305938092423
2021-12-23,0.005485530230119551,0.004294890648873562,0.00843497371273294,0.006204412685251626,0.005703314161612738,-0.036626127667935826,0.01458685805326887
2021-12-24,0.0,-0.00016272288874397134,0.0,0.0,-0.006964567649646369,0.0,0.0
2021-12-25,0.0,0.0,0.0,0.0,0.0,0.0,0.0
2021-12-26,0.0,0.0,0.0,0.0,0.0,0.0,0.0
2021-12-27,0.009738651610890159,0.0,0.013823674950026899,0.013744051573606697,-0.0005761618855650852,-0.015712937427571294,0.021422696350977155
2021-12-28,0.002636349635164237,0.0,-0.0056576208203473755,-0.0010106653988870562,0.003903380541082413,-0.007950035329993277,0.006864713426415925
2021-12-29,0.002481051869594353,0.0065708008699392195,-0.0009826316086503084,0.0014009134018575509,-0.00916335376085442,-0.034216160302941834,0.0074710354711990945
2021-12-30,-0.0024847007506476615,-0.0023880952112236287,-0.0015653379473690165,-0.002994233841905114,0.00615006299106291,0.022171220487458676,0.003259242830395692
2021-12-31,-0.0016436715191776585,-0.002502114576731884,-0.0061548792323318224,-0.0026296343734735217,0.005673020606195678,-0.0063676402003944865,-0.019716727041940274
2022-01-01,0.0,0.0,0.0,0.0,0.0,0.0,0.0
2022-01-02,0.0,0.0,0.0,0.0,0.0,0.0,0.0
2022-01-03,0.006767618947348453,0.0,0.011934283162888804,0.006353824170387767,0.0,-0.036668740782098475,0.00872329084408996
2022-01-04,0.005848369887221594,0.01621293077047703,-0.013357477786140493,-0.0006298202522039276,-0.0020489111600596743,0.01850243554435771,0.013203669171990562
2022-01-05,-0.010724223728756144,0.0015576662811191966,-0.034020250610684144,-0.019583264304500858,-0.010280296704257452,0.15423514294616192,0.010721539117612977
2022-01-06,-0.004698032317852707,-0.00888609681803132,-0.0012795834186078991,-0.000964233740180731,-0.0025343347473381073,-0.00610062550036039,0.02085263098079082
2022-01-07,-0.000132709201400516,0.004673362018122518,-0.009658676305816627,-0.004058441082335662,-0.0018253942496322395,-0.04431271555415783,-0.005931739485066423
2022-01-08,0.0,0.0,0.0,0.0,0.0,0.0,0.0
2022-01-09,0.0,0.0,0.0,0.0,0.0,0.0,0.0
2022-01-10,-0.004503129777175374,-0.0053581365444426154,0.0004638542210813057,-0.0014420705375393084,0.0038979175011100153,0.03354609062729175,-0.011329762844815683
2022-01-11,0.005064894180506485,0.006172748323125532,0.013996650333215399,0.00911828645239865,-0.007283993648089293,-0.0523790594492235,0.03842763115087866
2022-01-12,0.0010559566976020562,0.008017046426669339,0.0023030553683192068,0.002813792014666916,0.008371447328404003,-0.04385931881904748,0.01637377734316736
2022-01-13,-0.00488093786382926,0.0016141879384736768,-0.02544411600415053,-0.014346029234399538,-0.011791482875638692,0.14207868115936595,-0.0065661714513129965
2022-01-14,-0.005603938192960456,-0.0027669364082480996,0.005854480809006191,0.0008196442695904693,-0.009609316876893814,-0.0567240114473857,0.022318315831986624
2022-01-15,0.0,0.0,0.0,0.0,0.0,0.0,0.0
2022-01-16,0.0,0.0,0.0,0.0,0.0,0.0,0.0
2022-01-17,0.0,0.009000891485582585,0.0,0.0,0.005779462381246603,0.0,0.0
2022-01-18,-0.015245461654473047,-0.006273592120804139,-0.026317236629028073,-0.018559105398008313,0.007942015510295164,0.171932545580316,0.018908622916394613
2022-01-19,-0.009654456477342421,0.0034448104322954975,-0.011553475470812202,-0.009736790941460072,-0.003291201798559129,0.045462349898968135,0.01648707959677065
2022-01-20,-0.008983130982349152,-0.0006194778680725932,-0.013072300202161102,-0.011098742304332276,-0.0008772017396339038,0.07041742280560337,-0.006353628489874197
2022-01-21,-0.013047867392375068,-0.012056555478405784,-0.027584776944809875,-0.01909599532463524,-0.009181100982520007,0.11990835004213807,-0.013181876494937406
2022-01-22,0.0,0.0,0.0,0.0,0.0,0.0,0.0
2022-01-23,0.0,0.0,0.0,0.0,0.0,0.0,0.0
2022-01-24,0.002888799690497379,-0.026625317624759504,0.006241680089022594,0.0027679047582704897,0.0004370963485218482,0.03574846146182642,-0.008017020067327962
2022-01-25,-0.001944869889619838,0.010130473610407975,-0.02305972093579811,-0.012246590556866721,-0.02617594378238053,0.041276748467176105,0.024900462385001987
2022-01-26,-0.003787021884654962,0.013246985569898229,0.00020900522675759703,-0.0014977569258860512,0.00656432884851732,0.025349876146404604,0.01966451841408734
2022-01-27,-0.00021392403125730652,0.011248712828342278,-0.014080213652384543,-0.005398635199970414,-0.017933514165584086,-0.047086338758656865,-0.008184654078768006
2022-01-28,0.016395148494376954,-0.011744124170290249,0.030809105566975248,0.024055967914735632,-0.009713387336217849,-0.09741143277332176,0.0006846189222216026
2022-01-29,0.0,0.0,0.0,0.0,0.0,0.0,0.0
2022-01-30,0.0,0.0,0.0,0.0,0.0,0.0,0.0
2022-01-31,0.011635005816460264,-0.00022774794144275745,0.03351274183982511,0.01870982622298456,0.0,-0.10793472427263451,0.01685274291717409
2022-02-01,0.007751389953414289,0.009519932131560438,0.007424686951740256,0.00683956034831823,0.0,-0.12283002149677502,-0.010598813840874577
2022-02-02,0.006309339198164565,0.0062439279929922265,0.00497504325794651,0.009378400448323276,0.0,0.005902449388932585,-0.0006803492721889626
2022-02-03,-0.014650089332484129,-0.007173259098406604,-0.03808224139035765,-0.02469347172011993,0.0,0.09740684085512541,0.022543432107211103
2022-02-04,-0.0006103020372023593,-0.0016483536799540843,0.015669676475384975,0.005143678439862853,0.0,-0.04751791849625775,0.023022284078648703
2022-02-05,0.0,0.0,0.0,0.0,0.0,0.0,0.0
2022-02-06,0.0,0.0,0.0,0.0,0.0,0.0,0.0
2022-02-07,3.962974684945664e-05,0.007568025044506044,-0.005857652225023102,-0.003708580927828109,0.020068391318490697,-0.01562526163224076,-0.011116069127863781
2022-02-08,0.010535370201870009,-0.0008453961776471175,0.012675073074536414,0.008366113466633962,0.006698398044381548,-0.06413032395420304,-0.021377565490643846
2022-02-09,0.008571546075087255,0.010032601777817618,0.020633242048742062,0.014412842079265076,0.007881686310893699,-0.07152813609679143,0.00279501551514727
2022-02-10,-0.014828362292339747,0.0037869435520292427,-0.021254138402950318,-0.01828182448505622,0.0017111921597035007,0.1805665500732596,0.0028985527540115186
2022-02-11,-0.014391039435256658,-0.0014869376024595482,-0.028203050126457185,-0.019151682638085532,-0.006608291127859545,0.1347853399740475,0.035755189041905666
2022-02-12,0.0,0.0,0.0,0.0,0.0,0.0,0.0
2022-02-13,0.0,0.0,0.0,0.0,0.0,0.0,0.0
2022-02-14,-0.00496036302631353,-0.01703500792834589,-1.671149028226182e-05,-0.003847990755629027,-0.009887169801380935,0.03483919608686037,0.025661465361270785
2022-02-15,0.012153636697465942,0.010211086335759845,0.024980271697117473,0.015643717646064204,0.0050066374402497615,-0.09743028956184707,-0.03678649234453779
2022-02-16,-0.00156086661668553,-0.0006705052943321022,-0.001108831507179886,0.0008808197202831991,0.005711884231685005,-0.056426240881920275,0.018935477002203882
2022-02-17,-0.017972224444164908,-0.008770814637035329,-0.029266332389070726,-0.021400504136936505,0.0006374394025225882,0.14606062592579594,-0.02209022533527083
2022-02-18,-0.006809426505290261,-0.0031625572419340386,-0.01237138190416509,-0.007191961663865598,0.006529876206792906,-0.012889566438965883,-0.005681833467431119
2022-02-19,0.0,0.0,0.0,0.0,0.0,0.0,0.0
2022-02-20,0.0,0.0,0.0,0.0,0.0,0.0,0.0
2022-02-21,0.0,-0.003907257740884518,0.0,0.0,-4.2943531500583276e-05,0.0,0.0
2022-02-22,-0.014261481050038327,0.0013219470663656807,-0.012369509212687646,-0.010194735435016256,-0.009632014842734904,0.037486690366762776,0.009270939500887643
2022-02-23,-0.013932759585198795,0.0005336036912968467,-0.026045544324412973,-0.01858373574878769,0.009213603580059626,0.07390964194623573,0.0003256445076269543
2022-02-24,0.002774942263194191,-0.039610241843270444,0.03290239021903396,0.014846105252724229,-0.017109537639687034,-0.02282462179643563,0.006814152157409659
2022-02-25,0.02481964152288718,0.03844926368433299,0.01627160202980349,0.022126080551265304,0.006234229823334658,-0.09435415694926119,-0.011819058698750773
2022-02-26,0.0,0.0,0.0,0.0,0.0,0.0,0.0
2022-02-27,0.0,0.0,0.0,0.0,0.0,0.0,0.0
2022-02-28,-0.004890227045967421,-0.00417455960482549,0.004137601983257966,-0.0024455914631271725,0.003153195547959342,0.08873151676105362,0.04739718911129476
2022-03-01,-0.01779103720388342,-0.017324652720972722,-0.016049424566462633,-0.015594467786611332,0.007630445562593735,0.09997289761890604,0.07541487068383645
2022-03-02,0.017754155318348452,0.013469207323035803,0.016094447376488574,0.01847104678065037,-0.0013308831440781432,-0.08059307747498812,0.06606879863326043
2022-03-03,-0.0028570592229417713,-0.026002786961482727,-0.015689542480677332,-0.005268520744245109,-0.0008843364000110654,-0.008494014864764754,-0.02792838205403214
2022-03-04,-0.005336337045633854,-0.035403641923586804,-0.016722062266619986,-0.007965684543002283,-0.009658428100404848,0.04803997729179521,0.07234873487684812
2022-03-05,0.0,0.0,0.0,0.0,0.0,0.0,0.0
2022-03-06,0.0,0.0,0.0,0.0,0.0,0.0,0.0
2022-03-07,-0.024008249645024904,-0.003957973053486441,-0.03691308616650524,-0.029962586814415104,-0.02193173021371031,0.1308307862940432,0.02970051947732255
2022-03-08,-0.005645186149006776,0.0006607627038057728,-0.002763558448670267,-0.007260043975698238,-0.023801134186161477,-0.036885982703408704,0.03606813356895611
2022-03-09,0.0198313651757811,0.032020156207613226,0.03531887895665342,0.02537359812214035,-0.011340759954041602,-0.07935503002105193,-0.12777087530099518
2022-03-10,-0.0033758427136305613,-0.01282052239150211,-0.009519679045178364,-0.0043010499202473795,0.012117757315655453,-0.07086567301265845,-0.026824743354516123
2022-03-11,-0.006953595770417209,0.007927251377216393,-0.022034689112894412,-0.013046278933238398,0.004135713670843089,0.017055200603855347,0.0314093836973397
2022-03-12,0.0,0.0,0.0,0.0,0.0,0.0,0.0
2022-03-13,0.0,0.0,0.0,0.0,0.0,0.0,0.0
2022-03-14,3.1776720637921585e-05,0.005282559912499707,-0.02065674559501751,-0.007448675095533375,-0.026395616367695496,0.032632468437574946,-0.05732524958516283
2022-03-15,0.018021404061867585,-0.002477495413820918,0.02878402364226673,0.021182629724146196,-0.050765590321974585,-0.0630078667210694,-0.06814898374310552
2022-03-16,0.015346591718042646,0.01603639669815138,0.0369893633674927,0.02213692164839287,0.034244074108237044,-0.11197525491444393,-0.016416952596452816
2022-03-17,0.012186804344580082,0.012754769817082234,0.013177396252139317,0.01227220506870097,0.013884286187542116,-0.03821634319943401,0.08214098728763641
2022-03-18,0.007919886297644396,0.002623448512766302,0.020289577765698397,0.01159481441188781,0.011144382511311335,-0.07270052234591606,0.016565918662603707
2022-03-19,0.0,0.0,0.0,0.0,0.0,0.0,0.0
2022-03-20,0.0,0.0,0.0,0.0,0.0,0.0,0.0
2022-03-21,-0.005827385488865744,0.005078404241473322,-0.003993895696869032,-0.00043475485430199967,0.0008055249339271597,-0.014346243588263086,0.06874448836426339
2022-03-22,0.007337720585571361,0.004598179941043057,0.019348486385421637,0.01124069955407414,0.0018945637371192703,-0.025394096939122424,-0.00994765562935207
2022-03-23,-0.012982317807047394,-0.0021556912661910843,-0.013286764867688206,-0.012348630252494885,0.0034206463537440612,0.02709256901855106,0.03417471379909909
2022-03-24,0.010119078988477526,0.000911013552757467,0.01915374951961013,0.014242012281618699,-0.006369932831457703,-0.08404588493141896,-0.00602385164336372
2022-03-25,0.004407041273152501,0.0021403545385112466,-0.00158950197964991,0.005053380704236332,-0.011766486092636086,-0.04049520432695086,0.017361547195901217
2022-03-26,0.0,0.0,0.0,0.0,0.0,0.0,0.0
2022-03-27,0.0,0.0,0.0,0.0,0.0,0.0,0.0
2022-03-28,0.0027114378153978436,-0.0013773016836431395,0.013013735989845898,0.007119551020043247,0.0007033145458574808,-0.05837464920625823,-0.07735698870407237
2022-03-29,0.00963140217461067,0.008554082358712023,0.01827443162131459,0.012182044101392009,-0.003290540448626089,-0.037897063653762775,-0.03116399503482814
2022-03-30,-0.0018542271665431542,0.005490848213376864,-0.012206515299212128,-0.0063135889990899585,0.019368434381302535,0.022496387391307326,0.033578557872115944
2022-03-31,-0.01574855585221613,-0.008360658111627117,-0.015473331911616484,-0.0157763352268816,-0.004418043136672267,0.061689125338078465,-0.06991422813369752
2022-04-01,0.004026617570646707,0.0029494237897047526,0.0028776398376049173,0.003404420961462762,0.009340662715576542,-0.04628844907562302,-0.012109229777363062
2022-04-02,0.0,0.0,0.0,0.0,0.0,0.0,0.0
2022-04-03,0.0,0.0,0.0,0.0,0.0,0.0,0.0
2022-04-04,0.0029712999914313087,0.00278204835678153,0.01882734891709248,0.00805838253213409,0.0,-0.05551160660496768,0.03919360537857575
2022-04-05,-0.008070396786695966,0.007223617693572493,-0.022855369743382425,-0.012631159074006248,0.0,0.12440266343456097,-0.012763850391531939
2022-04-06,-0.004184929434174478,-0.0034207408113804405,-0.022451355514769844,-0.009764433912478054,0.0002162487761694365,0.049627603419411415,-0.056374253831132926
2022-04-07,0.0025205135049137795,-0.004742621343590159,0.000610340156521616,0.004244365552036555,-0.014334309729861161,-0.025201844638247373,-0.0035335725813112617
2022-04-08,0.003969456008526606,0.015478555934919314,-0.013496132235896852,-0.002654546675552538,0.004669818033985251,-0.018263181367582426,0.023663655620502766
2022-04-09,0.0,0.0,0.0,0.0,0.0,0.0,0.0
2022-04-10,0.0,0.0,0.0,0.0,0.0,0.0,0.0
2022-04-11,-0.011967338546126527,-0.006711253455000232,-0.022051587091313607,-0.01702133458469568,-0.02639831716789587,0.1412403022953157,-0.04290007156317355
2022-04-12,-0.0025600699828824958,-0.005475447621780205,-0.0030160086173509626,-0.003423300530453588,0.014482028898608945,-0.004523989123826677,0.06472423940349614
2022-04-13,0.010008972788156711,0.0005409347814566701,0.020138968148019742,0.011112603268902177,-0.008284231079118243,-0.10600194653157269,0.03653106666456907
2022-04-14,-0.0032850287493211283,0.004685095078222901,-0.021672516511760165,-0.012218480383507924,0.0121077710260451,0.03953799167815708,0.024444608901800002
2022-04-15,0.0,0.0,0.0,0.0,-0.004472597961600044,0.0,0.0
2022-04-16,0.0,0.0,0.0,0.0,0.0,0.0,0.0
2022-04-17,0.0,0.0,0.0,0.0,0.0,0.0,0.0
2022-04-18,-0.0011483412486263944,0.0,-0.0014030971518028679,-0.00020488927240691623,-0.004908913905394385,-0.023624931027489193,0.013018595620772011
2022-04-19,0.014411299154218682,-0.0019845446950377266,0.021320159442574038,0.015930044749387307,-0.000466383469882814,-0.03675191846691206,-0.05409801750697785
2022-04-20,0.00712384236297936,0.0036637565193746724,-0.012306992573737574,-0.0006186664061829106,-0.01354770540875272,-0.05038250091083496,0.00019502681680538814
2022-04-21,-0.01052214605728885,-0.00015732838261328652,-0.020912797759740087,-0.014862855551310616,-0.02286782032737733,0.10987788462348558,0.012884653910080424
2022-04-22,-0.02861139104071242,-0.014033485528678113,-0.02578455443420502,-0.02813207637736781,0.002305878951753826,0.21819300024463084,-0.009963806735670211
2022-04-23,0.0,0.0,0.0,0.0,0.0,0.0,0.0
2022-04-24,0.0,0.0,0.0,0.0,0.0,0.0,0.0
2022-04-25,0.00701622345462205,-0.01895081521458053,0.012812330946649908,0.0056817651441125605,-0.05268004015388961,-0.043099143086191116,-0.032206675756217606
2022-04-26,-0.024054825238636113,0.000772033767901803,-0.0403347462276038,-0.028550008928597492,-0.014473343874994882,0.2155649397966033,0.029870680923266946
2022-04-27,0.0018559681472503087,0.005320081893252393,-0.00014496163350763425,0.0020958490249647355,0.02458760754621281,-0.05898515660562342,-0.006452266005904761
2022-04-28,0.018283052919816356,0.011195458821761761,0.03017528999396646,0.024445655340832317,0.0057973356915175245,-0.05229314753571401,0.03384597278060841
2022-04-29,-0.028081651544450636,0.004703127038602872,-0.04260638109656867,-0.03695915978469522,0.023771846582422818,0.1076919605386717,-0.00837860752234576
2022-04-30,0.0,0.0,0.0,0.0,0.0,0.0,0.0
2022-05-01,0.0,0.0,0.0,0.0,0.0,0.0,0.0
2022-05-02,0.002552718158030487,0.0,0.01619452725729076,0.005659199293818418,0.0,-0.032251086800449524,0.005625223395020917
2022-05-03,0.002033201142754848,0.0022110187333943543,0.0022103975769240947,0.004825465075359858,0.0,-0.10042528518933569,-0.025517729479197726
2022-05-04,0.027752090457163092,-0.009007129146914039,0.031426187103416936,0.029425221557326964,0.0,-0.14034330491522207,0.050493208481996454
2022-05-05,-0.03170874847262084,0.0013069196375230518,-0.051206172336945244,-0.036300677564099715,0.006770446231415761,0.20488185050598062,0.0030554164782010673
2022-05-06,-0.0029924646445813607,-0.015499384176365538,-0.014146895540514848,-0.005690384413952643,-0.021815483734490826,-0.032907357859992103,0.014227602427205
2022-05-07,0.0,0.0,0.0,0.0,0.0,0.0,0.0
2022-05-08,0.0,0.0,0.0,0.0,0.0,0.0,0.0
2022-05-09,-0.020068865106397382,-0.0234595721694717,-0.04388217736122435,-0.03256151953960362,0.0008591285492229872,0.14066881060216918,-0.06242628028523889
2022-05-10,-0.0026382155068311874,0.0036791832699041294,0.009795918759568423,0.002454881760408867,0.010496884588100386,-0.051975035892264376,-0.03293858566618724
2022-05-11,-0.010208124490221238,0.014324241000322147,-0.03233171754963493,-0.01660023209569772,0.007501786957277545,-0.01311995280695566,0.05614415279814455
2022-05-12,-0.0032662518470356616,-0.01569202909392331,0.0005911297635776691,-0.0012968049941122217,-0.001213657031495785,-0.024562120621479444,0.0061422352331437224
2022-05-13,0.014590640368643548,0.025241129907003668,0.037460437056880735,0.023589267956868554,0.009541936159706665,-0.09571943994586452,0.04034331190595086
2022-05-14,0.0,0.0,0.0,0.0,0.0,0.0,0.0
2022-05-15,0.0,0.0,0.0,0.0,0.0,0.0,0.0
2022-05-16,0.000830789627448425,0.006262146295302529,-0.01211973530026178,-0.003954208517722435,-0.0034199377106052253,-0.049708547633251055,0.03161579498459055
2022-05-17,0.013291908043614242,0.007154723604237745,0.027212342671573353,0.019968919581462075,0.0064694552567523544,-0.0511591461666403,-0.015549390064861335
2022-05-18,-0.03631315502421195,-0.010737883361430889,-0.04841154909026457,-0.041233809291247425,-0.002498503095477389,0.17076069020588358,-0.023787048202827954
2022-05-19,-0.0075527092981602095,-0.018371283485191015,-0.002600154500743912,-0.005850864777348974,0.0035517058600458284,-0.05340345987885886,0.022896258904657962
2022-05-20,0.0002805575277537997,0.011883565429286591,-0.0029793544332790134,0.0001461310919914638,0.015892019833895432,0.0027220133435581495,0.003735994382830121
2022-05-21,0.0,0.0,0.0,0.0,0.0,0.0,0.0
2022-05-22,0.0,0.0,0.0,0.0,0.0,0.0,0.0
2022-05-23,0.019586273284543765,0.016560345060895543,0.0157845378531416,0.018384995412059624,9.21720125930392e-05,-0.03281250214431619,-0.020722876574558846
2022-05-24,0.0015163698581659446,-0.0038672387310398904,-0.023757491497015337,-0.008153950903556861,-0.02442473935554368,0.033491865533246123,0.020012333867694743
2022-05-25,0.005984825125834092,0.005117541833078221,0.015004344262052882,0.009406385648931703,0.011825234605128188,-0.037361657601378884,0.0029277401918177404
2022-05-26,0.01596483448714814,0.005580732350125572,0.026401101904935942,0.019688166007719943,0.0050236749532128755,-0.031146273729953933,0.028901474650211867
2022-05-27,0.017487770476527942,0.0027194147328390983,0.03271765401023252,0.024441130195821614,0.0022803411901595183,-0.06691713200005589,-0.010642540424001368
2022-05-28,0.0,0.0,0.0,0.0,0.0,0.0,0.0
2022-05-29,0.0,0.0,0.0,0.0,0.0,0.0,0.0
2022-05-30,0.0,0.001922887743786461,0.0,0.0,0.005994338402910415,0.0,0.0
2022-05-31,-0.006732033570314044,0.0009995000121705289,-0.004108643405132284,-0.006294135193666506,0.01179713218956202,0.018108806238811948,-0.005058003283599177
2022-06-01,-0.005376353844827264,-0.009867549118409258,-0.007221349748959938,-0.007510905041154814,-0.001340962528869838,-0.019275847000948865,0.007664207521350441
2022-06-02,0.013171272027665992,0.0,0.02652746151707497,0.018263225415545037,0.004170856329965389,-0.038489227097765255,0.013957321433923475
2022-06-03,-0.010539558594176768,0.0,-0.02500537492444721,-0.01648240560981762,0.0,0.002827778165847672,0.01772359304599025
2022-06-04,0.0,0.0,0.0,0.0,0.0,0.0,0.0
2022-06-05,0.0,0.0,0.0,0.0,0.0,0.0,0.0
2022-06-06,0.0004887005748663853,0.009933269843090287,0.004040833380051012,0.003132489407036587,0.012721327356764789,0.011231517018839732,-0.004718182145569294
2022-06-07,0.007999306982082288,-0.001223151563221947,0.009395805224512443,0.009478331531719064,0.001664027648784483,-0.0427850642878127,0.009581515561468912
2022-06-08,-0.008147660583755822,-0.0007767168923287215,-0.007333539657388144,-0.010852623040154441,0.006772713557072763,-0.002501100672851475,0.019794426575336033
2022-06-09,-0.019579431127604963,-0.015502102597105605,-0.02785684311858283,-0.024086457665156047,-0.007639920633703667,0.08516636996056626,-0.003450262192152387
2022-06-10,-0.027646212437831608,-0.02145592805008789,-0.03587519505440184,-0.0295424148114094,0.014065735869015938,0.06168373519528636,-0.006522210943221474
2022-06-11,0.0,0.0,0.0,0.0,0.0,0.0,0.0
2022-06-12,0.0,0.0,0.0,0.0,0.0,0.0,0.0
2022-06-13,-0.028302825661885578,-0.015382509396975053,-0.04793757849301983,-0.039539931990040245,-0.008953676801404242,0.2037127602309945,0.0015725225669616094
2022-06-14,-0.004990359832389046,-0.0025428240634592925,0.0017672166232838293,-0.0037808180394893753,0.01019492896965346,-0.039879421696833894,-0.01667817178136044
2022-06-15,0.009951991122250092,0.011880438047688457,0.024700905242873716,0.014487058836534672,0.005004317313751727,-0.09861934155361629,-0.030740125359695725
2022-06-16,-0.024473592051950988,-0.031905698820514417,-0.04167497278977983,-0.03305220711384038,-0.006078206584300361,0.10654144692998813,0.01923796878051487
2022-06-17,-0.0012802968144889348,-0.004082159624815063,0.014199717292241232,0.0021984473410121552,0.009515172619625645,-0.056819326608450904,-0.07047649715583937
2022-06-18,0.0,0.0,0.0,0.0,0.0,0.0,0.0
2022-06-19,0.0,0.0,0.0,0.0,0.0,0.0,0.0
2022-06-20,0.0,0.014924489311415101,0.0,0.0,-0.00041015148681644575,0.0,0.0
2022-06-21,0.021234859768552994,0.004245558493336077,0.02478218460482573,0.02418247496067316,-0.0026305553599854647,-0.030661196085893128,0.008452674730206944
2022-06-22,-0.0015445513534508848,-0.008833506781021683,-0.0014663638862320028,-0.0013024200953584142,-0.012023418627794769,-0.04194053103593376,-0.03941260413083114
2022-06-23,0.006351458852879688,-0.00973808617699845,0.016074672125036216,0.009487072485557135,0.01607659917420179,0.003448226662245535,-0.004434597067865198
2022-06-24,0.026484220100178035,0.026468034272509655,0.03287798774787909,0.0301055397299006,0.008875782969115065,-0.06469916716028079,0.03091206001426361
2022-06-25,0.0,0.0,0.0,0.0,0.0,0.0,0.0
2022-06-26,0.0,0.0,0.0,0.0,0.0,0.0,0.0
2022-06-27,-0.001983507916794025,0.006843139883489613,-0.007182263477929496,-0.0029774998903402405,0.008750302278903277,-0.010335964210215653,0.021496451530898852
2022-06-28,-0.015749866723254513,0.008929072946305183,-0.030215317910469608,-0.02034867314949551,0.00884456297775671,0.05099639752104368,0.019725206397425588
2022-06-29,0.0026565109525353847,-0.0015168526284021766,-0.0003265191204295803,-0.0007119988201722549,-0.014087322998916463,-0.007077197314253603,-0.01784255758280917
2022-06-30,-0.008215625093360046,-0.019749841453615247,-0.01343307450486364,-0.008797866246368358,0.010976242913219636,0.01934293637293827,-0.03546244618405758
2022-07-01,0.010403070674293247,-8.363919310205858e-05,0.008946325831791668,0.0104985112966407,-0.003236019302379489,-0.07258186826346069,0.023297394157347995
2022-07-02,0.0,0.0,0.0,0.0,0.0,0.0,0.0
2022-07-03,0.0,0.0,0.0,0.0,0.0,0.0,0.0
2022-07-04,0.0,0.008888083045574646,0.0,0.0,0.005237714374590752,0.0,0.0
2022-07-05,-0.004171093975159579,-0.02906605038106136,0.01731801384268472,0.001582875106192816,-0.0004111639899484487,0.0309759325633423,-0.08265263823306324
2022-07-06,0.002253329287214001,0.01164635804359726,0.0034922640078445255,0.003566795705065573,-0.014403916445074216,-0.029853013518694294,-0.012285897131000034
2022-07-07,0.011113818314715473,0.011373258521558682,0.022582672298213424,0.0148537231809307,0.0026934960850635292,-0.024617778892292108,0.04206934704707166
2022-07-08,-0.0014795408431851342,0.0009871324321633068,0.0012005131524919221,-0.0008306163961275814,-0.002475962578042612,-0.056797620238513424,0.020435905129574827
2022-07-09,0.0,0.0,0.0,0.0,0.0,0.0,0.0
2022-07-10,0.0,0.0,0.0,0.0,0.0,0.0,0.0
2022-07-11,-0.0052569410974800945,5.5569775959440904e-05,-0.02283748400021146,-0.01159441766052538,-0.012744450015098607,0.0602426055628178,-0.006482852600860234
2022-07-12,-0.0061945090472033115,0.0018463621928734852,-0.009530272050263022,-0.009286868497493828,-0.009737715685373516,0.04190664881096007,-0.08248859080632887
2022-07-13,-0.006753940020692184,-0.007448020442881287,-0.0015236458209990644,-0.004466864111815738,0.0008590227265674599,-0.017372501793467165,0.0076480258580042815
2022-07-14,-0.004645359098422119,-0.016427314656073833,0.00032093767899255,-0.0030031388127653713,-0.0007767399615765669,-0.01578387077220844,-0.0066249031986718165
2022-07-15,0.021257471430065067,0.016790573482593274,0.01772711553375217,0.01901923165863373,-0.01649241081933539,-0.08577247976665925,0.01823943561936492
2022-07-16,0.0,0.0,0.0,0.0,0.0,0.0,0.0
2022-07-17,0.0,0.0,0.0,0.0,0.0,0.0,0.0
2022-07-18,-0.006916236198126313,0.008927788636691858,-0.008098257059444336,-0.008398742485836053,0.015382660306238805,0.043212849641764084,0.04793390758457239
2022-07-19,0.023989878059023084,0.010069248528299823,0.03060937813978093,0.027253517643730518,0.0004055899085972925,-0.032131248027083004,0.015574863741417921
2022-07-20,0.0015003972722418268,-0.0043954304600024585,0.01562875881783299,0.005878493941057883,0.0076821347667355155,-0.025631864170057916,-0.015862041266964333
2022-07-21,0.0050713966985629355,0.0008531518523664516,0.013520947163291552,0.009813066689504879,-0.009950321988007715,-0.032775802683622235,-0.05926126247971908
2022-07-22,-0.004304652554280253,0.0008111560135635187,-0.018875812449918428,-0.009376287293813235,-0.0006206171447207254,-0.003467707049145119,-0.007443317566603547
2022-07-23,0.0,0.0,0.0,0.0,0.0,0.0,0.0
2022-07-24,0.0,0.0,0.0,0.0,0.0,0.0,0.0
2022-07-25,0.0028408519449492076,0.004100741953736886,-0.004356267911285627,0.0013143029733058142,-0.006005845502476959,0.014227440440233163,0.021464831392082218
2022-07-26,-0.007168480693840351,0.0,-0.018856617357409178,-0.011610342599263745,0.008287655880788947,0.05537314089952172,-0.02115784750632521
2022-07-27,0.013635505824458605,0.005718448914093344,0.039831483119135314,0.025820048778628646,-0.0005127057590001982,-0.06052340285251656,0.023159249155080275
2022-07-28,0.010259792546582602,-0.00039478553954630513,0.010760167412154686,0.012060319791912022,0.00207981615055175,-0.039943859699684836,-0.009239796578471626
2022-07-29,0.009652058298261323,0.010576533783911657,0.018580584408883993,0.014107775781754484,-0.008978302546680084,-0.04581653352898796,0.021954778646968265
2022-07-30,0.0,0.0,0.0,0.0,0.0,0.0,0.0
2022-07-31,0.0,0.0,0.0,0.0,0.0,0.0,0.0
2022-08-01,-0.00142376494789076,-0.0013479997905072594,-0.0017536554981116836,-0.002827076544916096,0.0020634935632166673,0.06839886256211836,-0.04770990687438115
2022-08-02,-0.012339482550114411,-0.0005801726845149346,-0.001636129148055332,-0.006684688378872039,-0.022863953592514363,0.04661952320459495,0.0056780207263944504
2022-08-03,0.012769336828990063,0.004927723159662278,0.025536136985008895,0.015517456270091046,-0.007118238374642871,-0.08636574039389355,-0.04086917839367388
2022-08-04,-0.002614605580328444,0.0003222686375963235,0.004129389318190846,-0.0007776424495844481,0.007987221900181751,-0.023508813167236742,-0.02124280594693584
2022-08-05,0.002339329600134832,-0.001128427715283209,-0.0049673008475927816,-0.0016270690189177373,0.011842275350268494,-0.013618473656111796,0.005244194253932299
2022-08-06,0.0,0.0,0.0,0.0,0.0,0.0,0.0
2022-08-07,0.0,0.0,0.0,0.0,0.0,0.0,0.0
2022-08-08,0.0008858038558301473,0.005723031382627752,-0.0010346881563219057,-0.0012383171221213018,0.003063109964843491,0.006597634452187862,0.01888987033289169
2022-08-09,-0.0017720354978578712,0.0007748912162703903,-0.0119762701401811,-0.004257744235927063,0.003238564607347172,0.022295374365645326,-0.003642210775162802
2022-08-10,0.01619496066993875,0.0025207781081402203,0.028474365900255094,0.021067158460407853,-0.005375558025015437,-0.09788587386321534,0.015969678257132358
2022-08-11,0.000815055155120703,-0.005503279141809259,-0.005842848357209718,-0.0007057229222020567,0.015864080147370174,0.023035619765927606,0.024414358171287454
2022-08-12,0.012649745725727968,0.004677027054224681,0.020698398948347574,0.017174046951492272,-0.0014576462755417907,-0.03373086212935128,-0.022515022367634252
2022-08-13,0.0,0.0,0.0,0.0,0.0,0.0,0.0
2022-08-14,0.0,0.0,0.0,0.0,0.0,0.0,0.0
2022-08-15,0.004474155911037059,0.0011059611542609815,0.006178329710662567,0.003961684056234205,-0.0002441041156409085,0.021277401531363704,-0.028008244488632705
2022-08-16,0.007039542399258636,0.00357585830571594,-0.0019442947102117358,0.0018739228259470053,0.0005461712441050537,-0.013118261804125009,-0.033176570048743415
2022-08-17,-0.005039949890463191,-0.002697374472180769,-0.012628851205906955,-0.007264114867647109,0.0044594388961431974,0.010608792786787724,0.017992488930119954
2022-08-18,0.0005507186488724614,0.0034666814059320927,0.0021016294056721563,0.0022669896063849393,-0.004563122185498258,-0.017233075258001662,0.025537926849366066
2022-08-19,-0.008634494979416374,0.0011264023387713706,-0.020266719927999333,-0.012983928713039106,-0.005955064124671949,0.05180445701037106,0.003748331028552876
2022-08-20,0.0,0.0,0.0,0.0,0.0,0.0,0.0
2022-08-21,0.0,0.0,0.0,0.0,0.0,0.0,0.0
2022-08-22,-0.019264503438860103,-0.0022009923867472025,-0.025803809215437568,-0.0216323664664948,0.006031337934576442,0.14439445430766584,-0.0013905976461368041
2022-08-23,-0.004669163020434297,-0.006084429840823802,-2.184785618375429e-05,-0.0022403704344373665,-0.0004791168725919448,0.012941168887217191,0.03202295956686374
2022-08-24,0.0018106165535627383,-0.0022193246291877244,0.004048755197080922,0.0029119166987232603,-0.018800760894697177,-0.054989386447608535,-0.009792764996533698
2022-08-25,0.00973584075069489,0.0010969281432426925,0.016572587556266782,0.013993241836107728,0.009610935028620204,-0.04664518202951973,-0.02319405006663633
2022-08-26,-0.03075737888297958,-0.007030335607652205,-0.04016196763265789,-0.03426857631703939,-0.003094510995396149,0.1600364595838233,0.0032092453731422665
2022-08-27,0.0,0.0,0.0,0.0,0.0,0.0,0.0
2022-08-28,0.0,0.0,0.0,0.0,0.0,0.0,0.0
2022-08-29,-0.005728605563540157,0.0,-0.01026856894481476,-0.006688675197326077,0.0013926340418031202,0.025112373789793807,0.03947536569769117
2022-08-30,-0.009645458155462805,-0.008885061050206033,-0.011257501031957773,-0.011089416492115589,-0.004177530597917922,0.0,-0.056168446234861946
2022-08-31,-0.008860522392517112,-0.010569667942144534,-0.005649071373346359,-0.007847738208154098,-0.00780177369816748,-0.013056953766507728,-0.02184859375027859
2022-09-01,0.004622376934035444,-0.018805101255468415,-0.002632930461652805,0.002991752267195835,-0.005373299307882107,-0.012055420023286079,-0.033867103958700184
2022-09-02,-0.010733925162950797,0.018393166126742244,-0.01317661664220715,-0.010794552570724036,0.00047084970694655226,-0.003527346582687052,0.0022938420426097395
2022-09-03,0.0,0.0,0.0,0.0,0.0,0.0,0.0
2022-09-04,0.0,0.0,0.0,0.0,0.0,0.0,0.0
2022-09-05,0.0,0.0008511054410096364,0.0,0.0,0.004206490463968038,0.0,0.0
2022-09-06,-0.005543667882740522,0.00178231174205834,-0.007417279985272529,-0.004103464690896175,0.013514219443322872,0.054996697036135966,0.0006871278328075547
2022-09-07,0.013901141615880519,-0.008611861964700651,0.02116822748425662,0.018174848666170362,0.0008752548102712865,-0.08812684517395253,-0.05712474323943084
2022-09-08,0.006100178269068834,0.003351790823735712,0.005938074631465895,0.006588966880441305,-0.0033014991580628816,-0.04270073694573595,0.018494582636164658
2022-09-09,0.011800970614773476,0.012180918519419492,0.020871292500673988,0.015156014981211996,0.008144528365802373,-0.03534849351890168,0.03771388519842045
2022-09-10,0.0,0.0,0.0,0.0,0.0,0.0,0.0
2022-09-11,0.0,0.0,0.0,0.0,0.0,0.0,0.0
2022-09-12,0.007116659529780023,0.016446549772807018,0.012642389768792839,0.010528651483996398,0.0,0.04630059207931847,0.010373418754571873
2022-09-13,-0.04021469004174527,-0.011723760959501561,-0.052969734078065045,-0.044199163031974464,0.0005363286057029626,0.13316473813460528,-0.003863202168571611
2022-09-14,0.0009678378430688639,-0.014812876532202424,0.00737454232249668,0.003381289078845384,-0.008078381448036964,-0.04155569288771588,0.011770167570154477
2022-09-15,-0.005580631322814611,0.0006594081040276478,-0.014379677825397508,-0.011382272168150465,-0.011688009148672407,0.004196100366660183,-0.03620097472599859
2022-09-16,-0.004512497900524437,-0.006253967187557663,-0.009039759166689976,-0.007208049775663028,-0.02324363344818181,0.0011412890518260888,-0.0017514161754128565
2022-09-17,0.0,0.0,0.0,0.0,0.0,0.0,0.0
2022-09-18,0.0,0.0,0.0,0.0,0.0,0.0,0.0
2022-09-19,0.0063794869797320075,0.0,0.0075375684753744565,0.00683369772470499,-0.003460370222381215,-0.020746000053296854,0.006755208543975044
2022-09-20,-0.010156250828680768,-0.006098678418551273,-0.009579288797386454,-0.011336114736598901,0.002183329987486715,0.052922386951067324,-0.01709243204043087
2022-09-21,-0.01716091015612875,0.006223023267931893,-0.018093423749759197,-0.017264674098507626,-0.0016763863729902795,0.030101998277705988,-0.015589058480856899
2022-09-22,-0.0035545604512847717,-0.010849527090377009,-0.013764372142428982,-0.008463293830454077,-0.002656570850247064,-0.023130752534395338,0.007646393288585074
2022-09-23,-0.01629978263063414,-0.019876364268558433,-0.018134278289467787,-0.017382828767329883,-0.006628672589718221,0.08981061284051295,-0.06072132965840016
2022-09-24,0.0,0.0,0.0,0.0,0.0,0.0,0.0
2022-09-25,0.0,0.0,0.0,0.0,0.0,0.0,0.0
2022-09-26,-0.01120123088703373,0.0003418761717473018,-0.005999761136317616,-0.010394360890281007,-0.012098699970726656,0.07530086501150457,-0.024322755613323643
2022-09-27,-0.00430923133232497,-0.00519791855334617,0.002457431170192592,-0.0021226109548244665,0.013874755367577762,0.010484220898846708,0.022297182063431897
2022-09-28,0.018659563628260045,0.002973526806753668,0.020304909534443638,0.0194811441811531,-0.015895625126749025,-0.07713277811500152,0.04582277604147045
2022-09-29,-0.015554070742313186,-0.01783006905026241,-0.028835604632121203,-0.021352794823098264,-0.001271753535974085,0.053543902316957936,-0.010098023637917564
2022-09-30,-0.017259788308308543,0.0017712313700073423,-0.015191833661479137,-0.015181351546209143,-0.005542775579559844,-0.0069335074459693224,-0.023131713550125
2022-10-01,0.0,0.0,0.0,0.0,0.0,0.0,0.0
2022-10-02,0.0,0.0,0.0,0.0,0.0,0.0,0.0
2022-10-03,0.026295853299435734,0.0021735044599804354,0.022422426177625354,0.02555457753092938,0.0,-0.049264673894303446,0.050510858468252984
2022-10-04,0.027604768397596402,0.025395632556577397,0.03283153170340114,0.030125341416800566,0.0,-0.03481848035542123,0.033000888417204166
2022-10-05,-0.001401255853606287,-0.004795208615473001,-0.0024878351787656072,-0.0020199875589383964,0.0,-0.018049794693725918,0.01542094640496483
2022-10-06,-0.011525876023112502,-0.007872024559191004,-0.006779816291947682,-0.010297922911394863,0.0,0.06672531203596987,0.00767844784306515
2022-10-07,-0.021281138100384567,-0.0008864069486822501,-0.03875241399629381,-0.02840319653147816,0.0,0.027150993529882594,0.04583975567776033
2022-10-08,0.0,0.0,0.0,0.0,0.0,0.0,0.0
2022-10-09,0.0,0.0,0.0,0.0,0.0,0.0,0.0
2022-10-10,-0.0032105577318652934,-0.0045590589907309464,-0.010408528350005497,-0.007520673133653233,-0.016751131684275222,0.034167251716381575,-0.01592062651753423
2022-10-11,0.0012425500406578749,-0.010704657728528133,-0.011055776136494444,-0.006540518412323948,0.0018945902919238478,0.03571809085163391,-0.020403244311696156
2022-10-12,-0.0009697117889153617,-0.008606030378443208,-0.0008723019131728904,-0.0032961996501654767,0.015226834196655048,-0.00178575561174954,-0.021624899439363077
2022-10-13,0.027947037314786982,0.0035242400202726287,0.022031464294425263,0.025634259307631524,-0.003028833510569484,-0.04977364239369608,0.019840578680461185
2022-10-14,-0.013536878142529574,0.0012400524223217246,-0.031261706600551165,-0.02394712074452876,0.01827471486209653,0.0025015623572302026,-0.03973429517580218
2022-10-15,0.0,0.0,0.0,0.0,0.0,0.0,0.0
2022-10-16,0.0,0.0,0.0,0.0,0.0,0.0,0.0
2022-10-17,0.018421926643442887,0.008912228323200821,0.03376107261934891,0.02613552455756185,0.004206632335352012,-0.02050867290942371,-0.001162115180177281
2022-10-18,0.011134444736718763,0.002381486094746421,0.009007864366328278,0.01136276820708737,-0.0012909651744390516,-0.02812536534195864,-0.032018802306257754
2022-10-19,-0.003281189267493545,-0.0016881331909139874,-0.00856678057342286,-0.006694455239685482,-0.011943994596292029,0.008488468464969312,0.032018802306257754
2022-10-20,-0.002969869311657547,0.0027255101956917827,-0.0061675559449607675,-0.007982686738765565,-0.0030693145290729973,-0.025684674672852292,0.00023253110208276695
2022-10-21,0.0243912335836729,0.003708647993221348,0.0228074989938154,0.023447759860447448,0.0012775423536730557,-0.009720170642020243,-0.006414390177663876
2022-10-22,0.0,0.0,0.0,0.0,0.0,0.0,0.0
2022-10-23,0.0,0.0,0.0,0.0,0.0,0.0,0.0
2022-10-24,0.01332854720066301,0.006335941455672511,0.00851730981750265,0.011811940205111782,-0.020401264425857768,0.0053745458547034275,0.007576235318236257
2022-10-25,0.010645521176702033,-7.128854039883947e-05,0.02225739812648264,0.01613577001587352,-0.0004299844462396507,-0.04768529212537631,0.009361524594810433
2022-10-26,7.441253287154836e-05,0.006055641602051409,-0.020580676545414178,-0.007415140398988385,0.007771399701017145,-0.04234570234723911,0.0279056220087881
2022-10-27,0.006079951730301403,0.0024912038944151504,-0.016387344940021364,-0.006101185053184466,-0.005549659177704669,0.00402410284569843,-0.0036985192062042316
2022-10-28,0.02553557230351977,-0.0036823584999048364,0.028298629511475326,0.024328036770855377,-0.0227071640054195,-0.0617433338815041,-0.013679485260450264
2022-10-29,0.0,0.0,0.0,0.0,0.0,0.0,0.0
2022-10-30,0.0,0.0,0.0,0.0,0.0,0.0,0.0
2022-10-31,-0.003928720766026572,0.006618485791081596,-0.010348367330186292,-0.007482327030336577,-0.007728861714344504,0.005035810095079363,-0.01502407983636811
2022-11-01,-0.0024393557795185927,0.01284271141297566,-0.008894503653946728,-0.00410966372035837,0.025832616602837533,-0.0027084441661897607,0.02081264375517833
2022-11-02,-0.015600068622674712,-0.005875692472121941,-0.03418859283623732,-0.025319843737483083,0.011442490736948585,0.0019354039072250195,0.019056736321508616
2022-11-03,-0.004567803023052264,0.006209596570563747,-0.017430155557210725,-0.010642422531956797,-0.0018529889194436322,-0.021893031368095173,-0.02154965545958465
2022-11-04,0.012482857738623565,0.02013366658802518,0.012711128973823094,0.013526823285562983,0.024056088238506135,-0.030092542414198675,0.04914667618928359
2022-11-05,0.0,0.0,0.0,0.0,0.0,0.0,0.0
2022-11-06,0.0,0.0,0.0,0.0,0.0,0.0,0.0
2022-11-07,0.012993525227162905,-0.004755769910328667,0.008485840760238617,0.009568061679360085,0.0022834465124610404,-0.008179957968859508,-0.008460837976679514
2022-11-08,0.01011795606545185,0.000835280871708477,0.004879982105508773,0.0055822828287599435,-0.004340418808299162,0.04771402125648905,-0.03322564762832059
2022-11-09,-0.019700399936347424,-0.0013422854470146461,-0.025088409273188006,-0.020996784712302485,-0.005339772659397113,0.02130621854596182,-0.0344842004132504
2022-11-10,0.03628494527908721,0.010769209303646221,0.07092636093978832,0.05395251566479686,-0.003957745398814438,-0.10327587307618202,0.00847315149998451
2022-11-11,0.0009631404703185353,-0.007799486285669843,0.018646099622218415,0.009198312304770084,0.016710056580899746,-0.04387240832250194,0.029832566433551477
2022-11-12,0.0,0.0,0.0,0.0,0.0,0.0,0.0
2022-11-13,0.0,0.0,0.0,0.0,0.0,0.0,0.0
2022-11-14,-0.006276651104139219,0.009140957388908078,-0.011289009113619741,-0.008975940544917904,-0.0012608435267509321,0.05233622755869449,-0.03760658017492524
2022-11-15,0.0016750480184359873,-0.0021417454765195743,0.014382255551813827,0.008675376414668534,0.016302842446842547,0.03356442543314975,0.011811160928344222
2022-11-16,-0.0011644273004201011,-0.002472686736075147,-0.015504654036236687,-0.008286283111873516,-0.004509109734952332,-0.01767775908195146,-0.014493847555028694
2022-11-17,-0.0002237793121526721,-0.0006395824394651584,-0.003466424155320169,-0.0030941046442301,-0.0014594227804956006,-0.007493802835230934,-0.046987305363022536
2022-11-18,0.005925567449182267,0.005294609164653963,9.865940625530811e-05,0.004747295648158456,-0.0058557733189879,-0.03443483456993679,-0.020030343269235473
2022-11-19,0.0,0.0,0.0,0.0,0.0,0.0,0.0
2022-11-20,0.0,0.0,0.0,0.0,0.0,0.0,0.0
2022-11-21,-0.0013465641111896076,-0.0011651355722737122,-0.010965079037978498,-0.0038912498002758866,-0.0039454870951285415,-0.03342440451971873,-0.004129910131332792
2022-11-22,0.011735527064912432,0.010236291575045797,0.013505402026778413,0.013488606269829617,0.0012630964082163132,-0.04903615367539871,0.013576841792543703
2022-11-23,0.00281019356188672,0.0016624739886097473,0.009876437115273973,0.005897266041737126,0.0025748673057943705,-0.04515659127403593,-0.03653719589028359
2022-11-24,0.0,0.0001875061707750092,0.0,0.0,-0.002456081833758006,0.0,0.0
2022-11-25,0.004463684793760692,0.0026883844192795436,-0.0052381780491419505,-0.0002830842622021379,0.003999321374061893,0.007343955510317635,-0.019174055480397634
2022-11-26,0.0,0.0,0.0,0.0,0.0,0.0,0.0
2022-11-27,0.0,0.0,0.0,0.0,0.0,0.0,0.0
2022-11-28,-0.014592514246828614,-0.0016978080166616394,-0.015879437663022244,-0.015564696794065469,-0.007488382569952989,0.08011771054057037,0.008466348194211548
2022-11-29,9.07008022341671e-05,0.005071410842669266,-0.005965514044760312,-0.001593133701623728,0.022864361834473712,-0.014512713032827751,0.011092594070076345
2022-11-30,0.02154418505787703,0.008100765840238111,0.04314088399466165,0.030478643521295368,0.0005047024886799534,-0.06171015695339044,0.03181283171206939
2022-12-01,-0.005646414365884311,-0.0019297499395740658,0.0012592517444325324,-0.000868009829606109,0.004473747428908936,-0.03661961715106621,0.007180914848733622
2022-12-02,0.001013214555555919,-0.0003043136384501821,-0.0018262069919625645,-0.0011953746637622942,-0.0029518066129750054,-0.04010823934140495,-0.014914519565087048
2022-12-03,0.0,0.0,0.0,0.0,0.0,0.0,0.0
2022-12-04,0.0,0.0,0.0,0.0,0.0,0.0,0.0
2022-12-05,-0.01412128359551268,0.001494317745560636,-0.019520048171958848,-0.01805624963097152,0.017484931489306632,0.08495437647046389,-0.03867991275553173
2022-12-06,-0.01038634883504308,-0.006110484050532605,-0.020225582696422606,-0.014503869422986426,0.0002241384161774107,0.06619378039282742,-0.034696276897501654
2022-12-07,4.708828432065104e-05,-0.004290269038122574,-0.005128006230577853,-0.0018641072533824854,-0.00402670843891606,0.02274346524573856,-0.03120548810277768
2022-12-08,0.005448521104788995,-0.0022725155229164073,0.011202214770523966,0.007493634413933137,-0.000709717116164299,-0.017345303844040316,-0.008797096459014497
2022-12-09,-0.00907020393420055,0.0005886629541596022,-0.007006975173162289,-0.00737671946421159,0.002997942205219317,0.023937268728642547,-0.0035124728771407376
2022-12-10,0.0,0.0,0.0,0.0,0.0,0.0,0.0
2022-12-11,0.0,0.0,0.0,0.0,0.0,0.0,0.0
2022-12-12,0.015666188086383315,-0.004101180805799132,0.012562731024909013,0.014178307299649973,-0.008741037758683845,0.09080036766832489,0.026527491222966937
2022-12-13,0.003042021598846034,0.007612624006315016,0.010095314375199393,0.007263223255456808,-0.0008528098448312704,-0.10314079275274901,0.03342629255912577
2022-12-14,-0.004180368300950477,-0.0009334080858991456,-0.007661984528255061,-0.0060711166238363035,6.294839444365152e-05,-0.0645680805452411,0.022284314454879883
2022-12-15,-0.022753671144259968,-0.009341877278583155,-0.03279057172382238,-0.0252374779018254,-0.0024838164053004874,0.07690850562966522,-0.016337029364260403
2022-12-16,-0.008522326051203066,-0.012752332045479875,-0.00977144865649926,-0.011200239946012047,-0.0002499775002444693,-0.009240949410513899,-0.022655553214386615
2022-12-17,0.0,0.0,0.0,0.0,0.0,0.0,0.0
2022-12-18,0.0,0.0,0.0,0.0,0.0,0.0,0.0
2022-12-19,-0.0049612414866064825,0.003974538999031552,-0.014999724050845487,-0.009048328941103634,-0.01935933150794611,-0.00888108674240673,0.01152518787803647
2022-12-20,0.002810641842749817,0.0012626062172476082,0.00010241036601854603,0.0010368006978893618,-0.010791462254967854,-0.042831172717449295,0.011525596222201173
2022-12-21,0.015907696537183824,0.01704380241250547,0.015267148063893288,0.014758548669055571,-0.001745344109812308,-0.06789610072682883,0.029205787930566274
2022-12-22,-0.010511281398477124,-0.0037416692365219717,-0.022020677622856866,-0.014557142498146547,-0.004566510024508474,0.09045170754006326,-0.0062881182491691945
2022-12-23,0.0053280400469386535,0.0004952645090128271,0.002073067836915854,0.005850952271915233,-0.0028077229735608,-0.05136509384120247,0.024039313406373886
2022-12-24,0.0,0.0,0.0,0.0,0.0,0.0,0.0
2022-12-25,0.0,0.0,0.0,0.0,0.0,0.0,0.0
2022-12-26,0.0,0.0,0.0,0.0,0.006445984999984944,0.0,0.0
2022-12-27,0.0011326249906815633,0.0,-0.013872866760854308,-0.0040578440346585865,0.009740843792192422,0.03669267552711197,-0.0015092444067184019
2022-12-28,-0.01106674225058768,0.003233118605932006,-0.013608776395688693,-0.012093470442948728,-0.002642798140580993,0.022380462884019625,-0.007073415875726852
2022-12-29,0.010442093551077392,0.0020653042466900473,0.02559657826242301,0.017310634314993578,-0.004447249379957441,-0.03212753860066453,-0.0058479698824234205
2022-12-30,-0.002216452359080634,-0.008152727310285712,-0.0011085809845443606,-0.002543975646110752,0.005049551434652244,0.010670457956980073,0.021818130111979528
2022-12-31,0.0,0.0,0.0,0.0,0.0,0.0,0.0
2023-01-01,0.0,0.0,0.0,0.0,0.0,0.0,0.0
2023-01-02,0.0,0.0,0.0,0.0,0.0,0.0,0.0
2023-01-03,-0.00032825322962537484,0.013648254659328174,-0.007624670589333249,-0.004008572481273731,0.008782205933153264,0.05520807483314227,-0.041908953975513974
2023-01-04,0.004017659080409075,0.004108530883453199,0.006886738466320708,0.007510694562139264,0.002246788134552702,-0.03963998796476398,-0.05412504061375323
2023-01-05,-0.010262693939981915,0.006347449681587847,-0.014787355875258257,-0.011713869136457333,0.010097637605850807,0.020239002610362267,0.010790243323327786
2023-01-06,0.02105017672798759,0.00860893597147161,0.025300103602832635,0.022583835589031764,0.0007666642523158629,-0.061042116637385124,0.0021712588255962118
2023-01-07,0.0,0.0,0.0,0.0,0.0,0.0,0.0
2023-01-08,0.0,0.0,0.0,0.0,0.0,0.0,0.0
2023-01-09,-0.003364526429727732,0.003293473388122692,0.006258972376727456,-0.0007679273259917352,0.005822877466870935,0.03898406323239989,0.012394069472764002
2023-01-10,0.005547418898096623,-0.003943077152683827,0.010008324692011072,0.006953997970594372,-0.0020707516924627356,-0.06535812844402544,0.005607491328945002
2023-01-11,0.007946898395097435,0.003956034862039104,0.017444146704118424,0.012767571192293659,-0.00242284047119945,0.02447927502705083,0.030807968388685936
2023-01-12,0.006365853207208616,0.008892384132709097,0.00633115843548282,0.0034100849120424215,0.0005090243470462497,-0.11334766310842781,0.011041324135648622
2023-01-13,0.003289136710371565,0.006407462383617002,0.007070647983038469,0.003988892144656475,0.010020939298366116,-0.02582174332821774,0.019972854549973995
2023-01-14,0.0,0.0,0.0,0.0,0.0,0.0,0.0
2023-01-15,0.0,0.0,0.0,0.0,0.0,0.0,0.0
2023-01-16,0.0,0.0020376721306600842,0.0,0.0,0.010052233010853229,0.0,0.0
2023-01-17,-0.011486358099022098,-0.0011584292146764597,0.0014386221235831442,-0.0020325554309970073,-0.0010391005427976552,0.05357951808573391,0.004370909237896292
2023-01-18,-0.018268938568670734,-0.002588981522858802,-0.012525089706514336,-0.015684966977744352,5.269998452739344e-05,0.04938028474742273,-0.009012453041081336
2023-01-19,-0.007609218582205202,-0.010707560336058464,-0.009605181191135514,-0.0076676719018120565,0.004909794348021634,0.008810644488463026,0.009759837231326784
2023-01-20,0.00996483566188644,0.0030030236856593007,0.02620657384428071,0.01874167355235201,0.007541831161773871,-0.03319601625992208,0.011882798564743169
2023-01-21,0.0,0.0,0.0,0.0,0.0,0.0,0.0
2023-01-22,0.0,0.0,0.0,0.0,0.0,0.0,0.0
2023-01-23,0.007583653531140655,0.0018128999443884908,0.019905750591513893,0.011811315951328893,0.0,-0.0020171925993497375,0.004297385212545635
2023-01-24,0.0030996725844403272,-0.0035130800696094866,-0.002655717700738691,-0.0007117563642928815,0.0,-0.031276514981303016,-0.021799228342583632
2023-01-25,0.0002928046322256961,-0.0016126642971094896,-0.0018464789239747148,-0.0001817415734652883,0.0,-0.006269656748658647,-0.0010022551578146022
2023-01-26,0.006073602447328241,0.0020895396887539164,0.017441238222657418,0.010947708029114267,0.0,-0.01851417000564126,0.010721957845797547
2023-01-27,0.000844075680625167,0.000528148712081844,0.009449299770864172,0.0024917340217047723,0.0,-0.01181535306515169,-0.011348877808654123
2023-01-28,0.0,0.0,0.0,0.0,0.0,0.0,0.0
2023-01-29,0.0,0.0,0.0,0.0,0.0,0.0,0.0
2023-01-30,-0.007710729795812554,0.002533709422621655,-0.01980470954087643,-0.01305356931529289,0.0013804470967677673,0.07441665236620931,-0.022321789192895736
2023-01-31,0.010883062957590894,-0.0016969916454847578,0.016602109174694846,0.014536304416418844,-0.0041839654674085125,-0.02745474491102806,0.01249060338014285
2023-02-01,0.0002030500600991303,-0.0013648664892187412,0.019809356293377434,0.010398056296885727,0.008944207080913813,-0.08214967027130227,-0.03361769338456799
2023-02-02,-0.001145159476722668,0.007586065343843984,0.032021534976635735,0.014592384626853416,0.0002282900077759109,0.047003115881272706,-0.006175697967099936
2023-02-03,-0.003763751889735545,0.010380402250207865,-0.016017523139293388,-0.010408592637284997,-0.006797930717866052,-0.021587434326495902,-0.03309741372951347
2023-02-04,0.0,0.0,0.0,0.0,0.0,0.0,0.0
2023-02-05,0.0,0.0,0.0,0.0,0.0,0.0,0.0
2023-02-06,-0.001031958785585374,-0.008272704596569369,-0.010002426875040271,-0.006159393193939877,-0.007600634383022609,0.05827922140640185,0.009626540342797085
2023-02-07,0.007808439731809003,0.0035665646355464986,0.018861238124653568,0.012790364037398305,0.002895158690559896,-0.04043609185384511,0.040460304506244604
2023-02-08,-0.006098764763876829,0.0026031925368776854,-0.016922472471224026,-0.011142573012412171,-0.0049319503653286745,0.05067677829384998,0.016705605669869783
2023-02-09,-0.007365499611223569,0.003291892182552658,-0.010205906715695434,-0.008869009831038,0.011770942306636556,0.053557665664698106,-0.005494870384470829
2023-02-10,0.005013855695169767,-0.003634389224664858,-0.006079725405594871,0.0021928557092181222,-0.0029734785010546716,-0.008729366723674747,0.021549826198298483
2023-02-11,0.0,0.0,0.0,0.0,0.0,0.0,0.0
2023-02-12,0.0,0.0,0.0,0.0,0.0,0.0,0.0
2023-02-13,0.011059616644498504,0.008224896147233096,0.014711877608284851,0.011383569951155081,0.007178212938667272,-0.009297866354522455,0.005003763254789462
2023-02-14,-0.0045850581396802426,0.0007923535537024406,0.005732073576014685,-0.00028045385549368973,0.002773152811277768,-0.0728985235210744,-0.013315106905582574
2023-02-15,0.0011369914268186676,0.005504117301610378,0.009191579584129528,0.002769337533075955,-0.0038912390190457558,-0.03662231102109015,-0.006470051114686015
2023-02-16,-0.0127152421435337,0.0018363428071630494,-0.01795216618545936,-0.013884689204880729,-0.009636299233674706,0.10112779216855383,-0.0015284680086882219
2023-02-17,0.00384576987724472,-0.0010114439618380544,-0.005799640502461401,-0.002771242172283195,-0.007727465114660603,-0.007464558996273407,-0.027657487877499776
2023-02-18,0.0,0.0,0.0,0.0,0.0,0.0,0.0
2023-02-19,0.0,0.0,0.0,0.0,0.0,0.0,0.0
2023-02-20,0.0,0.0012360433474931654,0.0,0.0,0.020361895457345014,0.0,0.0
2023-02-21,-0.020823341397619544,-0.004564761885042401,-0.02534286690877252,-0.02024478397347096,0.004905353098672904,0.13309424797811653,-0.000393210569323621
2023-02-22,-0.002553848279305271,-0.005933952606142157,0.0012844273358698644,-0.001574795485643321,-0.004659264611593272,-0.025687856259275943,-0.031021591575409957
2023-02-23,0.003287675358182085,-0.002891714120529798,0.007215546735654499,0.005315278263237744,-0.0011157102074665914,-0.05297123690102268,0.01755959600848289
2023-02-24,-0.010216369930249769,-0.0036740525900995635,-0.017007768044264182,-0.010593464619775617,-0.006200228781171546,0.024761867498774404,0.01228143531962722
2023-02-25,0.0,0.0,0.0,0.0,0.0,0.0,0.0
2023-02-26,0.0,0.0,0.0,0.0,0.0,0.0,0.0
2023-02-27,0.002196693906158842,0.007133028169659994,0.006302206872446092,0.0030682925395524308,-0.002798351880120009,-0.033790136283680994,-0.008170841452289856
2023-02-28,-0.007090969597760122,-0.007437742945105796,-0.0009981826067946287,-0.0030406198309478327,0.006601818409244231,-0.012004945657002608,0.017186385629408107
2023-03-01,0.0001574017142562667,0.004888821020912815,-0.006661684544360114,-0.0047364642034928295,0.009933391108592815,-0.005814010429586514,0.00893498984074359
2023-03-02,0.01040832770241451,0.0036698800667753773,0.0073109786335088245,0.007553593731197239,-0.0005134215158832944,-0.04930048695319478,0.00616889245866048
2023-03-03,0.0116697198101825,0.00039016778907985383,0.01952631079965883,0.016018749176483382,0.005344156083868512,-0.05778920672516907,0.01991567061073063
2023-03-04,0.0,0.0,0.0,0.0,0.0,0.0,0.0
2023-03-05,0.0,0.0,0.0,0.0,0.0,0.0,0.0
2023-03-06,0.0012113499379733383,-0.0021793045143922996,-0.0011358591619128333,0.0006869307788477386,-0.0019126206449282535,0.006469070430775492,0.009624472767697512
2023-03-07,-0.01734841107383467,-0.001299717497220243,-0.012532243281915711,-0.015445590479263416,-0.011178928073116268,0.05132013629439358,-0.037257223476991896
2023-03-08,-0.0017687195034596925,0.0013123403914860887,0.003953027693453848,0.0014137941356029415,-0.000563337117441165,-0.024807449554481664,-0.011557819718178486
2023-03-09,-0.0167109758874453,-0.006312509042036396,-0.02074323871327799,-0.018631857945480945,-0.002183120514295922,0.16818052309360132,-0.01261846395921129
2023-03-10,-0.010760532102315423,-0.016841546034912724,-0.017748193576544224,-0.014583969436067434,-0.01414373605242325,0.0924513091226089,0.012487838918205263
2023-03-11,0.0,0.0,0.0,0.0,0.0,0.0,0.0
2023-03-12,0.0,0.0,0.0,0.0,0.0,0.0,0.0
2023-03-13,-0.002840162923563483,-0.02612422929487046,0.0044742819604817186,-0.0015109018407386543,0.011885408492492644,0.06705556017148684,-0.02473180343017045
2023-03-14,0.010512396242834399,0.011655834214515437,0.021162805119773864,0.016342388235363714,-0.007181442173745722,-0.11115913142156764,-0.04800043859147518
2023-03-15,-0.008771888406904793,-0.03906622896518819,0.0005160845538085823,-0.007005363929353692,0.005531140415682145,0.0967266336895749,-0.054863642103640586
2023-03-16,0.011602562007000827,0.00887870551866321,0.02446896996526604,0.01740957624903139,-0.011223243839271646,-0.12840735602736508,0.011362920164135204
2023-03-17,-0.011997620847161272,-0.010118509452265556,-0.007432901114711399,-0.011080621273952929,0.007305436002893018,0.10401121230658239,-0.022856441717453713
2023-03-18,0.0,0.0,0.0,0.0,0.0,0.0,0.0
2023-03-19,0.0,0.0,0.0,0.0,0.0,0.0,0.0
2023-03-20,0.011936505369751771,0.009294945361613571,0.00386426098368986,0.0088788696359412,-0.004823148128995314,-0.054786176823226285,0.014161375514511576
2023-03-21,0.009752986960958054,0.017711226899265853,0.01568463953485555,0.012898647518557738,0.006390838823524092,-0.12182849795903428,0.0268707755731592
2023-03-22,-0.016426578103478917,0.004052128880990935,-0.01616268268931975,-0.016600248639841553,0.003097526875544432,0.04033548978590229,0.018700138103390884
2023-03-23,0.0023431897821257763,-0.008920532189414132,0.01001318214648883,0.0029800838691826925,0.006379333842119195,0.015600957155037953,-0.013382887665004617
2023-03-24,0.0041117118247555595,-0.012626731423296178,0.0030967804468247095,0.005623963084302019,-0.006409985052505007,-0.03923844211971961,-0.00791427974394665
2023-03-25,0.0,0.0,0.0,0.0,0.0,0.0,0.0
2023-03-26,0.0,0.0,0.0,0.0,0.0,0.0,0.0
2023-03-27,0.00601677882551499,0.008912940448176698,-0.00467263045780264,0.0016455995637674192,-0.004373151391302343,-0.05386277685143703,0.05138719347499254
2023-03-28,-0.0011671209020676088,0.0016715591948450736,-0.004493083609320436,-0.0015750832883885124,-0.0018532323561188946,-0.031059981269610848,0.0034248954637039475
2023-03-29,0.009932209558815686,0.010632318716233158,0.017778770369684338,0.014136870775047328,-0.0016405441912823449,-0.04349616152765767,-0.0023276521771000702
2023-03-30,0.004313483570683729,0.007389063199889634,0.00728746324594276,0.0056989991994829126,0.006518691233354801,-0.005243870331479883,0.01860581953678775
2023-03-31,0.012554141250827655,0.0014818018455304838,0.01720175796475587,0.014333327782036775,0.0035536957441575368,-0.01696751652529338,0.018133830238040716
2023-04-01,0.0,0.0,0.0,0.0,0.0,0.0,0.0
2023-04-02,0.0,0.0,0.0,0.0,0.0,0.0,0.0
2023-04-03,0.009779473779248704,0.005397022405963625,-0.002659415911370644,0.0036920225658025885,0.00716668106901075,-0.008053816734809427,0.06050025144129734
2023-04-04,-0.005933123888228309,-0.005030224554099405,-0.005191711576205904,-0.0058138397451621415,0.004890387762234383,0.023969231241808497,0.003724399090982544
2023-04-05,0.0024023253371261433,0.00371304079822643,-0.010734149787021252,-0.0024954816571209903,0.0,0.004201682855065947,-0.0001239234154883917
2023-04-06,7.676239999376833e-05,0.010217907759418665,0.007564934481418817,0.0035727731328023538,2.107840510845449e-05,-0.036290018138616986,0.0001239234154883917
2023-04-07,0.0,0.0,0.0,0.0,0.004523919362936724,0.0,0.0
2023-04-08,0.0,0.0,0.0,0.0,0.0,0.0,0.0
2023-04-09,0.0,0.0,0.0,0.0,0.0,0.0,0.0
2023-04-10,0.0030185721166073876,0.0,-0.00029782903379249603,0.000995807017009298,-0.003700072384344111,0.030508103867643577,-0.011340391955713791
2023-04-11,0.002921590294706178,0.005680345636797313,-0.004352299619062805,-4.135333298194155e-05,-0.0005400687768748469,0.006829607274288385,0.021695514070917632
2023-04-12,-0.001137333538698826,0.005009409197572978,-0.00855888524807824,-0.004143456323461692,0.004098899171376402,-0.000523709294085517,0.020874544375722337
2023-04-13,0.01132438139230807,0.00237424933834518,0.0196664313548105,0.013175510497831056,-0.0026543604719364566,-0.069966231294464,-0.013299676146526274
2023-04-14,-0.004217637399690943,0.003627042639765321,-0.0035241093804003754,-0.002071517584578686,0.005946014713007486,-0.041875895507824445,0.005098954837641223
2023-04-15,0.0,0.0,0.0,0.0,0.0,0.0,0.0
2023-04-16,0.0,0.0,0.0,0.0,0.0,0.0,0.0
2023-04-17,0.0029676027067662147,0.0009650060684336381,0.002821115726769463,0.003300703582615583,0.014117396589105269,-0.007054640090811581,-0.020182936950333463
2023-04-18,-0.0003104823450321703,0.0037874631255139235,-0.0003545347648117314,0.0008548548034656989,0.0022776345060364633,-0.007104875168132185,-0.0009889974844954352
2023-04-19,-0.0023460425368089233,-0.0013410887313423103,0.00031429139119687477,-8.426554794027652e-05,-0.006860478643114121,-0.022229864041926728,-0.02087184434513034
2023-04-20,-0.0032619621109635233,0.0004810071342422617,-0.008066422335643253,-0.005970335188310472,-0.0009202256662490527,0.042230539725252036,-0.024417959732492278
2023-04-21,0.0006609853452577141,0.0014541594497536892,0.0010691514514267197,0.0009027812573005889,-0.01972684211086495,-0.02357207622113,0.007606560236816939
2023-04-22,0.0,0.0,0.0,0.0,0.0,0.0,0.0
2023-04-23,0.0,0.0,0.0,0.0,0.0,0.0,0.0
2023-04-24,0.0019631572774247985,-0.00024009431360560995,-0.002924951287969435,0.000851216778272601,-0.007861191480673213,0.007130091551149409,0.009968133656601097
2023-04-25,-0.010223782918554747,-0.0026703422453966397,-0.019973515181510137,-0.01593718381857734,-0.0032230436613183144,0.10500526109575459,-0.020425914072785822
2023-04-26,-0.006851673795402746,-0.004890854915574394,0.004666500136623952,-0.003848583503344827,-0.00023587779067035797,0.004255321468759288,-0.03593992302892257
2023-04-27,0.015620887839792985,-0.0026778557130846536,0.023995446040325774,0.019377193402696946,0.0066503609149624054,-0.1010057422530064,0.005902096274621904
2023-04-28,0.008008956222562702,0.004967466942336074,0.0069219748367999046,0.008219331313243927,0.011314779108959172,-0.07623323649860536,0.026527454560826946
2023-04-29,0.0,0.0,0.0,0.0,0.0,0.0,0.0
2023-04-30,0.0,0.0,0.0,0.0,0.0,0.0,0.0
2023-05-01,-0.0013634934869752868,0.0,-0.0011441030716881073,-0.0003861810485101813,0.0,0.018832960510421604,-0.014826749338285872
2023-05-02,-0.010841216358413064,-0.012478120564749062,-0.010874782924142679,-0.0116539066805732,0.0,0.10049800969856815,-0.05348723233988206
2023-05-03,-0.008056613636119536,0.001979244472567032,-0.004578125818030188,-0.007022908054892696,0.0,0.031010206443529142,-0.04404617046417947
2023-05-04,-0.008611159006049363,-0.011077487840097433,-0.00491250984067193,-0.007244913455062729,0.008148394354686062,0.09113771127378989,-0.001458363974384369
2023-05-05,0.016366332378265014,0.009792702077959348,0.022231464425658487,0.018306166381879763,-0.0047748950941137736,-0.15589433595937763,0.04005111953901963
2023-05-06,0.0,0.0,0.0,0.0,0.0,0.0,0.0
2023-05-07,0.0,0.0,0.0,0.0,0.0,0.0,0.0
2023-05-08,-0.0016550742135361673,0.0,0.0017564495567707894,0.00045202648488285035,0.017981017920435605,-0.01229169653847162,0.025061886287920387
2023-05-09,-0.0016934326506543584,-0.0018400911979856716,-0.006332369330852572,-0.004589938949060013,-0.011056503233437098,0.04209324617502874,0.007492712664191714
2023-05-10,-0.0009086017538493252,-0.0029409508359705683,0.010364437760742362,0.004473942241913775,-0.011538561147039772,-0.044451679348906925,-0.01573112257173026
2023-05-11,-0.006637176344820972,-0.0013831150413974314,0.001791709881000969,-0.001698064889705364,-0.0028964533914024315,-0.0005905065795475117,-0.024000035711638112
2023-05-12,-0.0002669451231334108,0.003099736382354834,-0.0035565865855051726,-0.001584561589439204,-0.011300773273612563,0.00588932082357152,-0.01121931813716337
2023-05-13,0.0,0.0,0.0,0.0,0.0,0.0,0.0
2023-05-14,0.0,0.0,0.0,0.0,0.0,0.0,0.0
2023-05-15,0.0014397910471082298,0.0029744615094848825,0.006529020284478548,0.002953797680316228,0.011660256441887284,0.005270884739881687,0.01488439131228425
2023-05-16,-0.010140447787556184,-0.0034259083987393524,-0.0017937452820984134,-0.006398107681917509,-0.005983298007944171,0.04956861550547842,-0.0031003407021144014
2023-05-17,0.012302157435891914,-0.003605970163102157,0.012681132458521205,0.011820688622071529,-0.0020562086675486313,-0.06427908893475065,0.026876226047324536
2023-05-18,0.0034392606990856223,0.002469964641960587,0.014948586407163234,0.009400723063727412,0.003977818311467374,-0.04982814426410975,-0.013278203386077436
2023-05-19,-0.003263954699091798,0.0018839813991267107,-0.002441297634751649,-0.0014469138806756376,-0.004187917449145928,0.04626511360943519,-0.0034869970474300516
2023-05-20,0.0,0.0,0.0,0.0,0.0,0.0,0.0
2023-05-21,0.0,0.0,0.0,0.0,0.0,0.0,0.0
2023-05-22,-0.004198598545011478,0.0018160989728617238,0.004955341242114386,0.0001550226798023857,0.00393006948737451,0.023516641375751046,0.003347750371720082
2023-05-23,-0.00696593493372788,-0.0010299988035615826,-0.012699832981432735,-0.011285468768283735,-0.015354789576942807,0.07390052032710903,0.014653289559964477
2023-05-24,-0.00776218796561956,-0.017661150208478915,-0.006076412053298341,-0.0073455126783059654,-0.012863316294208005,0.07784010660542995,0.020375603033017775
2023-05-25,-0.0010759313012727034,-0.007395769374829442,0.016990922901229055,0.008719456079012033,-0.001089598853058149,-0.045450829822569094,-0.03684086604853398
2023-05-26,0.009981846730939381,0.007408893235554714,0.02162606379505938,0.01296468093164016,0.003504964864289306,-0.06419019669813375,0.009303684410817858
2023-05-27,0.0,0.0,0.0,0.0,0.0,0.0,0.0
2023-05-28,0.0,0.0,0.0,0.0,0.0,0.0,0.0
2023-05-29,0.0,0.0,0.0,0.0,0.0027821033774237947,0.0,0.0
2023-05-30,-0.0015289255784196598,-0.013875463796823695,0.0032115647140251724,1.6603130665870935e-05,0.0008563932853871137,-0.027677659462124193,-0.0409083838771398
2023-05-31,-0.00407914365799833,-0.010154948773989148,-0.006329966459798442,-0.006127358186214238,-0.006113133142958915,0.02712038842399389,-0.0194830239471262
2023-06-01,0.004647610409788783,0.00591840555118317,0.012727834151334605,0.00980621508585422,2.178878123082484e-05,-0.13656199378864775,0.02865608525900676
2023-06-02,0.020986880716755252,0.01549946286734638,0.010613598166369087,0.014429812390106989,0.007907227467374156,-0.06944933776874596,0.023547087238307007
2023-06-03,0.0,0.0,0.0,0.0,0.0,0.0,0.0
2023-06-04,0.0,0.0,0.0,0.0,0.0,0.0,0.0
2023-06-05,-0.005938391000530174,-0.0009600396312201553,-0.0008568008385587689,-0.002005591490657821,0.0007334218901089429,0.00886464455522118,0.005281457724852778
2023-06-06,0.0003104698895910474,0.0036905627583525558,0.0035456538308551444,0.0023511302338512508,-0.011543725930909687,-0.05369009933075741,-0.0059784675809098076
2023-06-07,0.002728752425577241,-0.0004983206671358431,-0.013003287629283378,-0.003819293926420997,0.0007570417961897391,-0.0014337248360685173,0.011232177992167358
2023-06-08,0.004995366485507802,-0.003231690854507363,0.010144490496863057,0.006169571607523849,0.0049381518876234765,-0.021022881546280736,-0.017246602724096505
2023-06-09,0.0012751921958127355,-0.004920211313351075,0.0015563730524270625,0.0011474010230507758,0.005529827658055098,0.01310064647564424,-0.015837435098626784
2023-06-10,0.0,0.0,0.0,0.0,0.0,0.0,0.0
2023-06-11,0.0,0.0,0.0,0.0,0.0,0.0,0.0
2023-06-12,0.00557959058655122,0.0010969720344835565,0.015177853686278553,0.009277974981754866,-0.0007986805832018717,0.08187652073388119,-0.04489241110891928
2023-06-13,0.004270547793455037,0.003178217620385837,0.008241171164447891,0.006908570725908447,0.0014978242645540263,-0.027010458630547518,0.03385682795644929
2023-06-14,-0.006827655835346391,0.0010396961785392733,0.00390886862479789,0.000819089980126364,-0.001448299159266142,-0.05125723893976497,-0.017004987920957504
2023-06-15,0.012538455002729876,0.0033615171007639333,0.011407918830737884,0.012104580493589978,0.007402101484336399,0.04369968610284758,0.034434000537755693
2023-06-16,-0.0031710686359751605,0.0018859792932239827,-0.006788659887554616,-0.0036783764677519315,0.006236345937654875,-0.06850038475975362,0.01685196459397087
2023-06-17,0.0,0.0,0.0,0.0,0.0,0.0,0.0
2023-06-18,0.0,0.0,0.0,0.0,0.0,0.0,0.0
2023-06-19,0.0,-0.007117026025076356,0.0,0.0,-0.005366728608976246,0.0,0.0
2023-06-20,-0.007176015111653555,-0.0025333763249015817,-0.0016288622361884109,-0.004746353835235695,-0.004756642731781113,0.02480069865690604,-0.012189292776750627
2023-06-21,-0.0030101037238647876,-0.0013351767690625849,-0.012152740014741426,-0.005259086366924848,-0.0131901540524062,-0.050232148180966885,0.02244152998472071
2023-06-22,-0.00014164120993598317,-0.007595738664305074,0.009465375122207575,0.003703930387334964,0.0,-0.022214622103519766,-0.04698614112299815
2023-06-23,-0.006480526103702644,-0.005359591270757136,-0.01018260164469531,-0.007688288056503012,0.0,0.04023311083432768,-0.004488532838081483
2023-06-24,0.0,0.0,0.0,0.0,0.0,0.0,0.0
2023-06-25,0.0,0.0,0.0,0.0,0.0,0.0,0.0
2023-06-26,-0.0003771751617875907,-0.0011129101329689917,-0.011684753957263538,-0.0044969343631322545,-0.014895017779926079,0.05852160284113728,0.0026086971315866236
2023-06-27,0.006269174910741526,0.0010593161334160328,0.016354235105268344,0.011390733524182295,0.012246038363931788,-0.036445636578522844,-0.020619287202735315
2023-06-28,-0.0021858604886748623,0.005213218597422298,0.0026580868069423502,-0.000354139388390351,-1.883062867591434e-05,-0.02282023687755208,0.02711141128174699
2023-06-29,0.007937118334778503,-0.0038471086189257875,-3.089582739335128e-05,0.004463568114490002,-0.0021971960882467556,0.00815723140819058,0.004447959123255352
2023-06-30,0.008322814421328317,0.007971648792851838,0.014360745624172111,0.0121943502618862,0.006165063277441263,0.0036859747242310448,0.011529556228028426
2023-07-01,0.0,0.0,0.0,0.0,0.0,0.0,0.0
2023-07-02,0.0,0.0,0.0,0.0,0.0,0.0,0.0
2023-07-03,0.00031578695517353594,-0.0005578393332665854,0.002090197024493534,0.0011699930926720725,0.01300659399898052,-0.001472788033232586,-0.013535862432691559
2023-07-04,0.0,-0.0010101163050677542,0.0,0.0,0.0004222676890712762,0.0,0.0
2023-07-05,-0.0037791803701328064,-0.010373189318059417,-0.0018196729568238368,-0.0019702580976126427,-0.0069261586082625115,0.04397109126777199,0.029262106221153772
2023-07-06,-0.010742635476931994,-0.021953539035516556,-0.008198627743427167,-0.007954061175894367,-0.005407131067309834,0.08512897479383685,-0.00027866796892084267
2023-07-07,-0.00553920221538462,-0.003246814223601291,-0.001340195773421371,-0.002869212795733489,-0.0027990361224770055,-0.04030936641410987,0.029520919046254868
2023-07-08,0.0,0.0,0.0,0.0,0.0,0.0,0.0
2023-07-09,0.0,0.0,0.0,0.0,0.0,0.0,0.0
2023-07-10,0.006191561399823797,0.0023260972017258297,0.001810909653066517,0.0024021386106269915,0.0022154697460035067,0.0160538413825817,-0.011703998600086862
2023-07-11,0.009296148601348975,0.0011953857045057248,0.0054812664690935264,0.0067195839982545635,0.005500394665750363,-0.015379744366417203,0.024609138045885715
2023-07-12,0.002507194205854546,0.01817911584747378,0.011435219167262645,0.007383905235389676,-0.00786610503189955,-0.09167798335466193,0.011949159700687773
2023-07-13,0.001388104778278887,0.0032444307561707575,0.015654609250177032,0.008434482989626346,0.012545647178550112,0.005156526770827341,0.014283149193415667
2023-07-14,0.0033057716425108907,-0.0007529644513581957,-0.0017605752149805198,-0.0010249321969073577,0.00037687266354780036,-0.02003773951175214,-0.018647946811495508
2023-07-15,0.0,0.0,0.0,0.0,0.0,0.0,0.0
2023-07-16,0.0,0.0,0.0,0.0,0.0,0.0,0.0
2023-07-17,0.0022091620312050253,-0.003800313894258167,0.00925650095096131,0.0038479695744211284,-0.008707556908554182,0.01044001959958063,-0.01697788257673505
2023-07-18,0.01054345278600799,0.00636610149375727,0.007601072432210643,0.007092066941428499,-0.0036862801633770204,-0.013443021956755619,0.02121069312935564
2023-07-19,0.003121737941540914,0.017883855267585957,0.0003050943743136969,0.002355134827233485,0.0003189225361293069,0.03400179957037652,-0.004763173863912229
2023-07-20,0.004665741006094848,0.0076012918238834715,-0.020739390705699634,-0.006779827396258042,-0.00920810853451215,0.016576923177949343,0.003310165220455019
2023-07-21,7.130209776029517e-05,0.0022991946430028776,-0.0021711192088940123,0.0003240420146131129,-0.0005586063310598632,-0.02827295152575049,0.01846689896364584
2023-07-22,0.0,0.0,0.0,0.0,0.0,0.0,0.0
2023-07-23,0.0,0.0,0.0,0.0,0.0,0.0,0.0
2023-07-24,0.005196774325181508,0.0019423302560337419,0.001855393101514835,0.004026038496874662,-0.0011339669468330982,0.022538174174446368,0.022455553167547215
2023-07-25,0.0007574395026672676,0.0017175493624126403,0.006076545848761938,0.0028107195758391157,0.02106503107187585,-0.003601025974701688,0.011982233288024169
2023-07-26,0.002312652456149422,-0.0019389938376104254,-0.001222368202567381,-0.00015545097867608604,-0.0026307008440422663,-0.04954803407501762,-0.008182836620277634
2023-07-27,-0.00670603704475603,0.0020689939710951677,-0.0054774493381941625,-0.0064453930551966465,-0.001975281313743693,0.08846346450642528,0.013310091021555337
2023-07-28,0.004991961201914918,0.00019496851815148375,0.018793655065515225,0.009829375810433305,0.01825513870986306,-0.07790527095526256,0.004728729568123313
2023-07-29,0.0,0.0,0.0,0.0,0.0,0.0,0.0
2023-07-30,0.0,0.0,0.0,0.0,0.0,0.0,0.0
2023-07-31,0.002822977166607288,0.0006626214542215791,0.002048614127367898,0.0014676354365690258,0.004601858743063403,0.02225612563755286,0.015399133985718017
2023-08-01,0.0019988270929776064,-0.004308316508398136,-0.004338779250387503,-0.0026686453076827377,-2.767080070853467e-05,0.021771555594829906,-0.005270588900136097
2023-08-02,-0.009819411832287628,-0.01375125362840457,-0.021974625371280254,-0.01393620063833545,-0.008930517319397424,0.14415316078816742,-0.023249633048279428
2023-08-03,-0.0018902249267966909,-0.004294000516656737,-0.0009830942849831104,-0.0025512254502917386,0.005739089632418981,-0.010621785279120388,0.025581924045968485
2023-08-04,-0.004276224473890977,0.0046641981524455645,-0.003622635897704285,-0.005314169373939137,0.002320481931473495,0.07150230060821494,0.014605907171088006
2023-08-05,0.0,0.0,0.0,0.0,0.0,0.0,0.0
2023-08-06,0.0,0.0,0.0,0.0,0.0,0.0,0.0
2023-08-07,0.011554283172410251,-0.0013096063632431765,0.006103893165693819,0.008983618964856888,-0.005872574192066438,-0.080969055814339,-0.00995758075861719
2023-08-08,-0.004482165013916628,-0.003593728508732852,-0.007897109152592563,-0.004227205100058029,-0.002515048083532534,0.013854082529355605,0.012130182699509717
2023-08-09,-0.0054268942533148845,0.007926087463825837,-0.011758360733580275,-0.007063619102046559,-0.00495922735983001,-0.0018779181199777284,0.01685735417374179
2023-08-10,0.0015018333432141873,0.004116867449839745,0.0011631973230930015,0.0002506825210808472,0.003098937950204217,-0.006916070021043996,-0.018425981946368353
2023-08-11,0.002987616882940358,-0.012468119953753742,-0.006802872509672042,-0.0010702648992282349,-0.020271328439363856,-0.06584327636934306,0.004337878834987485
2023-08-12,0.0,0.0,0.0,0.0,0.0,0.0,0.0
2023-08-13,0.0,0.0,0.0,0.0,0.0,0.0,0.0
2023-08-14,0.0007431883096948866,-0.002261932595281735,0.010460455455641338,0.005734004879418109,-0.0033984367585304653,-0.0013486487456542129,-0.008088412539961176
2023-08-15,-0.010283866099189964,-0.015788966542029215,-0.011472323526824368,-0.011618139396096794,-0.0007081473583543385,0.10495554035179389,-0.017608672140472237
2023-08-16,-0.005182821152327932,-0.004434984424921851,-0.011541614897787156,-0.00758408179262382,-0.008235510692989223,0.019254602331953752,-0.020691252947072414
2023-08-17,-0.008402931492126342,-0.0063679752003622525,-0.011772514864462735,-0.00774281137752908,0.004311184353072761,0.06405412144418454,0.012888872662887074
2023-08-18,0.0007490206478113492,-0.006560320613106185,-0.001965552279370897,-0.00014871788395787178,-0.0100990708087636,-0.03353540600052929,0.010143580293869192
2023-08-19,0.0,0.0,0.0,0.0,0.0,0.0,0.0
2023-08-20,0.0,0.0,0.0,0.0,0.0,0.0,0.0
2023-08-21,-0.0010721119738974494,-0.0006336135732247783,0.015440557092084362,0.006855634859800119,-0.012520777017405393,-0.009875194059183912,-0.0066683378735659105
2023-08-22,-0.005086756368850587,0.0017895741942073329,0.0006132750180150026,-0.002781331046545432,0.008803769343113999,-0.009384224560184062,-0.0057157213261556095
2023-08-23,0.005356251901593723,0.0068123317571817665,0.015805297863145995,0.010984330710790857,-0.013528840730209879,-0.060109127091726666,-0.016838799477181254
2023-08-24,-0.01089541204342126,0.0017879093303054816,-0.018912503881361786,-0.013549353984007695,0.0012466524435517101,0.07357151648426008,0.007700599815374964
2023-08-25,0.007231291317948418,0.0006815610647343817,0.009364876634498032,0.0066955010602960385,-0.005912482329373248,-0.09252339379134833,0.011875881809722877
2023-08-26,0.0,0.0,0.0,0.0,0.0,0.0,0.0
2023-08-27,0.0,0.0,0.0,0.0,0.0,0.0,0.0
2023-08-28,0.006184657143974093,0.0,0.008388121700637186,0.006245078594195874,0.011219151004633332,-0.03901667686447308,0.0022343604131762618
2023-08-29,0.008433423334610168,0.0170773289447137,0.017261872808711942,0.014404068712057239,0.01194972020171825,-0.042674956161733224,0.006057253207083058
2023-08-30,0.001077282545249858,0.001164786250798855,0.005403554782029474,0.003825854181192412,0.0003985315100862863,-0.04024543803511538,0.006143280163342979
2023-08-31,-0.004836180375368926,-0.004640330328646414,0.0011164184765419805,-0.0015982129743399298,-0.005517020615087631,-0.02258751196590758,0.023125917099759086
2023-09-01,0.0033295433876254776,0.0034085625982012147,-0.00022518837875296072,0.0017975127655187606,0.004276302527769005,-0.036012859779136264,0.023305011675386567
2023-09-02,0.0,0.0,0.0,0.0,0.0,0.0,0.0
2023-09-03,0.0,0.0,0.0,0.0,0.0,0.0,0.0
2023-09-04,0.0,-0.0015686750102172908,0.0,0.0,0.013885454783576279,0.0,0.0
2023-09-05,-0.005634531023968492,-0.002001236692656505,-0.0007742108536312742,-0.004202997821382226,-0.007167429131154535,0.06792278510731142,0.014164871690431013
2023-09-06,-0.005754575710474441,-0.0015877027941666455,-0.010646372630263912,-0.006996014491431168,0.0011754425777219524,0.0309230246728478,0.009294920324640188
2023-09-07,0.001669155867382699,0.002098508598951554,-0.008952545687613167,-0.003216433115733608,-0.011378318030146772,-0.0034662212677951665,-0.007797310460031959
2023-09-08,0.0021963621388998433,0.004892803820455427,0.0009233027886530465,0.0014256060622575006,-0.0018047973238601855,-0.039665218876341335,0.0073403242759111365
2023-09-09,0.0,0.0,0.0,0.0,0.0,0.0,0.0
2023-09-10,0.0,0.0,0.0,0.0,0.0,0.0,0.0
2023-09-11,0.0025167118404851863,0.0024974413030722786,0.011297999643261392,0.006700951498135765,0.008326610483543107,-0.002894355230134149,-0.0024026097021829784
2023-09-12,-0.0005116301856187278,0.00407339263680484,-0.010420569666450774,-0.005712169023004421,-0.0018216936115926785,0.030683773948319004,0.017824164904826745
2023-09-13,-0.0020356980331737162,-0.0001992892025057813,0.002898410849430988,0.0012408621175339363,-0.004469559974138448,-0.05414530840741394,-0.003155643326442359
2023-09-14,0.009544272901973017,0.019357026378557407,0.00810829401511981,0.008394585533666898,0.001113661554835943,-0.05020064383757017,0.017234088144377324
2023-09-15,-0.008309854341968403,0.004979022238043029,-0.015757489939977276,-0.01223414584249305,-0.002821798598244385,0.07293726135107192,0.007736554945803498
2023-09-16,0.0,0.0,0.0,0.0,0.0,0.0,0.0
2023-09-17,0.0,0.0,0.0,0.0,0.0,0.0,0.0
2023-09-18,0.0001751091192669918,-0.0076150925773195155,0.00013933303095825522,0.0007210276941744809,0.0026234398057418673,0.015113640576325693,0.007021422154150692
2023-09-19,-0.003082651607591913,0.0009534703587465998,-0.0023403910731367716,-0.002153327361533286,-0.00031034643949112706,0.007826411917589038,-0.0033948452907894833
2023-09-20,-0.0022289194928273304,0.009290667492274807,-0.01540223325055834,-0.009439204206291407,-0.0052592635457191506,0.07045652915299083,-0.0217351647915196
2023-09-21,-0.01081458496899046,-0.0068915344678028845,-0.018368508099801062,-0.016536918318488247,-0.0077074984108946865,0.1471437684547392,0.004027752144589947
2023-09-22,-0.0031331895356636608,0.0006899664634989477,-0.0009207895265817001,-0.0022982374027602503,0.015354954214247485,-0.019574610964226302,0.0049008785997113335
2023-09-23,0.0,0.0,0.0,0.0,0.0,0.0,0.0
2023-09-24,0.0,0.0,0.0,0.0,0.0,0.0,0.0
2023-09-25,0.0012664002689266596,-0.007826051705341897,0.004494245402149488,0.004014994203807021,-0.005385687358602453,-0.017595828819496617,-0.0035618915663606643
2023-09-26,-0.011475043536240292,0.0002229808190019611,-0.01577481033551109,-0.014844165482264415,-0.004288923255524324,0.11396251659841727,0.01932587341243064
2023-09-27,-0.002042884284140456,-0.004271011514626721,0.0022357207386178857,0.00022928777229402897,0.0016242524155956062,-0.03875626180982206,0.024204315044704217
2023-09-28,0.0034536234108930586,0.0011450675449200531,0.008247565459463146,0.005875877143001418,0.0010161743781385013,-0.04950387399329115,-0.021800992935324892
2023-09-29,-0.004729226144130294,0.00081527885022048,0.0013656042229133192,-0.0027132596482903892,0.0,0.010327131484149987,-0.009648139747178597
2023-09-30,0.0,0.0,0.0,0.0,0.0,0.0,0.0
2023-10-01,0.0,0.0,0.0,0.0,0.0,0.0,0.0
2023-10-02,-0.002215342831600964,-0.012884785559908352,0.006668620421800497,7.936440615274876e-05,0.0,0.005123845531178617,-0.021829578268122596
2023-10-03,-0.012974304602471065,-0.005406897797929133,-0.018834519788315518,-0.013839395863447734,0.0,0.1162044037412091,0.005054202930710794
2023-10-04,0.003846010009361578,-0.007754034369735763,0.01342760770957696,0.008077047607828902,0.0,-0.06258563162924435,-0.0569343744080717
2023-10-05,-0.000301301169304935,0.005247590082866793,-0.0012231469205090661,-0.0013048811469964505,0.0,-0.004855696259101094,-0.02424797711002835
2023-10-06,0.008658408440579635,0.005767419841285815,0.01587278959760141,0.01174564209396145,0.0,-0.05789034065045717,0.00641920692714848
2023-10-07,0.0,0.0,0.0,0.0,0.0,0.0,0.0
2023-10-08,0.0,0.0,0.0,0.0,0.0,0.0,0.0
2023-10-09,0.00588163953727161,-0.00032026881220126313,0.003930842923496769,0.0062840681193883086,-0.004366725562512386,0.014224990313812746,0.0
2023-10-10,0.003998949415773723,0.01798942675511661,0.0058120751228720735,0.005194476099985579,-0.0070258096632578315,-0.038588147689350816,0.03627709316796146
2023-10-11,0.0019415541349552257,-0.0010755624923568519,0.007114716338779914,0.004283819500095376,0.0012076524301907199,-0.056778564506664964,-0.025828430282704318
2023-10-12,-0.005152465238383641,0.0032492829023862413,-0.006276019467433613,-0.006266024940655868,0.00935694350508065,0.03661179918471147,-0.00996586263447874
2023-10-13,0.0011633762342704301,-0.00593002542251142,-0.012378236809595933,-0.005031495660219321,-0.006391493071731702,0.1463310433161218,0.05630665073954333
2023-10-14,0.0,0.0,0.0,0.0,0.0,0.0,0.0
2023-10-15,0.0,0.0,0.0,0.0,0.0,0.0,0.0
2023-10-16,0.009289869436701181,0.004070864783560779,0.011918490887930844,0.010538642302590162,-0.004637240018880107,-0.11565025596248235,-0.011702749438878612
2023-10-17,0.0003856708836398326,0.005827885250891285,-0.0025260738971386587,-9.824987944462293e-05,0.0031465087869957387,0.03819216578233453,0.00011540015014777083
2023-10-18,-0.009830315967317205,-0.011426325140114102,-0.016347934715318146,-0.01349040825115111,-0.008072069768514822,0.07226864500819685,0.019313782453941997
2023-10-19,-0.007480925029634378,-0.011731700419490565,-0.009669343186969215,-0.008519032328058174,-0.017584882119303202,0.10743953638554471,0.011255042839731999
2023-10-20,-0.008622967764727818,-0.013072594725324294,-0.015466124124509761,-0.012665149196156023,-0.007458724609886502,0.014382037517315371,-0.002577465426463199
2023-10-21,0.0,0.0,0.0,0.0,0.0,0.0,0.0
2023-10-22,0.0,0.0,0.0,0.0,0.0,0.0,0.0
2023-10-23,-0.005778412340768924,-0.003695000197623699,0.0026552067299370208,-0.0016869920654354331,-0.014781237830688632,-0.06370967028124008,-0.04158436614083172
2023-10-24,0.006203882130845884,0.0020184084369461175,0.009292758124782807,0.007239523519629643,0.007778653159256521,-0.07120452368766017,-0.01070157799379956
2023-10-25,-0.0031868720634697922,0.0033233763869944255,-0.024549539026553546,-0.014443434657238186,0.003999129832494397,0.06232871102580351,0.01746308661703999
2023-10-26,-0.007645981496285259,-0.008084560473784919,-0.017753220983616202,-0.011903081205584698,0.004758169268708201,0.023979605620941147,-0.02672791117334583
2023-10-27,-0.011248594194571027,-0.008644151270633671,0.00375610628232792,-0.004811838578621774,0.00981841246857762,0.028130586336432284,0.02637929691149221
2023-10-28,0.0,0.0,0.0,0.0,0.0,0.0,0.0
2023-10-29,0.0,0.0,0.0,0.0,0.0,0.0,0.0
2023-10-30,0.01565137032060626,0.004938903153011154,0.011518519909310854,0.011938474300286828,0.0012481646616837594,-0.07414415938657903,-0.03561031612558985
2023-10-31,0.0037558915264757076,-0.0007781648402804819,0.004817328325243508,0.006454084821687189,-0.0009211368894366245,-0.0850340803068641,-0.016882650332295412
2023-11-01,0.006685252021076948,0.002823183235532767,0.016226331029161045,0.010451194990192647,0.0014253615791481877,-0.0725824647353015,-0.007253089759958975
2023-11-02,0.016822606434379495,0.014078371985670302,0.017660475993819702,0.018682938934086124,-0.004532436160868514,-0.0744272654861069,0.024256171235893298
2023-11-03,0.006546146598285674,-0.003875060931292751,0.01375239119055749,0.009349883544551574,0.007083263719376731,-0.049077562276140796,-0.022530332543222897
2023-11-04,0.0,0.0,0.0,0.0,0.0,0.0,0.0
2023-11-05,0.0,0.0,0.0,0.0,0.0,0.0,0.0
2023-11-06,0.0010135121674608172,1.3428516060898232e-05,0.0030003288922006988,0.0017514577241009022,0.009069480884841497,-0.0013422487895295987,0.004301610516751708
2023-11-07,0.0016628126054314407,-0.0010520516205581032,0.008916564124319848,0.002836093401711537,-0.0003730963635888429,-0.005387213140145342,-0.04489782275174736
2023-11-08,-0.0011816336952410467,-0.0011207093644571842,0.0007731550487939387,0.001004411032420549,-0.0016030310287113991,-0.024608255254245925,-0.0274381688448182
2023-11-09,-0.00647986037632009,0.007269136775157392,-0.009492241426999115,-0.00811669069906884,0.0002967761186667417,0.056504616087277526,0.006439341522542108
2023-11-10,0.011475297458355627,-0.012837402294065825,0.02025432391159221,0.01549575927077207,-0.004697479793943415,-0.07607195835929703,0.0
2023-11-11,0.0,0.0,0.0,0.0,0.0,0.0,0.0
2023-11-12,0.0,0.0,0.0,0.0,0.0,0.0,0.0
2023-11-13,0.0015962916513707626,0.008818932266017043,-0.0022034603561866817,-0.0008361884413705667,0.002485576709885251,0.04079377559244879,0.03247708113239778
2023-11-14,0.014164166131108047,0.001977654197320433,0.023447936669747094,0.01889537047457779,0.0031255898823889794,-0.04149975718963317,0.0005070994023474995
2023-11-15,0.004683889144697417,0.0062167627431932715,0.0006709615985780459,0.001595738207846864,0.005470776365942953,0.0014114651359529162,-0.02242964904265854
2023-11-16,-0.0013081031077533112,-0.010189430661938559,0.0006967360765930408,0.0011897193967129738,-0.0071554161156193175,0.009824597595796014,-0.048466172590379664
2023-11-17,5.186517916122568e-05,0.01251078058686872,0.0008364662109343612,0.001281227937178997,0.001128230992168966,-0.036988534236815696,0.03961310083734304
2023-11-18,0.0,0.0,0.0,0.0,0.0,0.0,0.0
2023-11-19,0.0,0.0,0.0,0.0,0.0,0.0,0.0
2023-11-20,0.005813502676099702,-0.001053271277790202,0.011196860697877398,0.007363103793794679,0.004556494137421652,-0.02866792006960317,0.02109154978950656
2023-11-21,-0.0017867487736307197,-0.0019227563523465108,-0.005936563472467071,-0.002022975931756932,-0.00012580523623384465,-0.004484272494153174,0.0031959119563893523
2023-11-22,0.005251254843196662,-0.0016720734257198444,0.004628705742501182,0.004052905094313886,-0.007959412264666454,-0.03817257239318117,-0.019981328648403185
2023-11-23,0.0,0.0018859101782595644,0.0,0.0,0.005976586961343955,0.0,0.0
2023-11-24,0.0033148039829935527,0.0006145016245202584,-0.0010527682607470723,0.000596695609644371,-0.006844077903078727,-0.03082032460672668,-0.025985766061359605
2023-11-25,0.0,0.0,0.0,0.0,0.0,0.0,0.0
2023-11-26,0.0,0.0,0.0,0.0,0.0,0.0,0.0
2023-11-27,-0.0016028506993492897,-0.0036792045304547827,-0.000690026931298604,-0.001956069316898734,-0.0030536739188757878,0.01829073223871225,-0.004956805647696072
2023-11-28,0.0023607414074984234,-0.0007374680850933402,0.0028566824892113374,0.0009796385280509412,0.0022569418274365205,0.0,0.021654781743860596
2023-11-29,0.00037944669717226986,-0.004261157609551702,-0.0016306469919609157,-0.0009466966151023826,-0.005565155442900149,0.022595427349522357,0.019134980186019668
2023-11-30,0.0145830317633866,0.004073299184556234,-0.0022658136005535567,0.003776931264994232,0.002639435921492961,-0.00463317174953648,-0.024802211169568267
2023-12-01,0.00816137781205839,0.010091401129718847,0.005524521170196195,0.0058565589538464025,0.0006476787991012145,-0.02270155883612146,-0.026246820009591332
2023-12-02,0.0,0.0,0.0,0.0,0.0,0.0,0.0
2023-12-03,0.0,0.0,0.0,0.0,0.0,0.0,0.0
2023-12-04,-0.001133433577685139,-0.002180491005166374,-0.0083916150652108,-0.005423188063826245,-0.0028811157859962577,0.035009394772743896,-0.013248845028842382
2023-12-05,-0.00220887458639929,-0.0030927845612307436,0.0031264706776887863,-0.0005690315939350654,-0.016886603549115975,-0.017740499168593882,-0.010782520833072518
2023-12-06,-0.0019431951039283746,0.0034121668480668887,-0.005864012936241281,-0.003913851944943758,-0.0011320194275121764,0.009295177888952733,-0.04215482582468155
2023-12-07,0.0017444272476900835,-0.00022618879739333408,0.013570068705602623,0.007936610684822654,-0.0009189509797735695,0.006915137061659138,0.00028989708856475005
2023-12-08,0.0036064914842484086,0.005415365321292498,0.004451689880871967,0.004087134146503857,0.0011297710145745654,-0.05589806201597769,0.026740708224904708
2023-12-09,0.0,0.0,0.0,0.0,0.0,0.0,0.0
2023-12-10,0.0,0.0,0.0,0.0,0.0,0.0,0.0
2023-12-11,0.004323545320199074,-0.0012715868195947166,0.001978087265273487,0.003916813547780507,0.007341046214413005,0.022418851461215805,0.0011281907838869287
2023-12-12,0.004741168448063604,-0.00027838540143143575,0.00696754439860392,0.004588812795692121,0.004003097829967217,-0.04535193559782469,-0.03850497217586213
2023-12-13,0.013908450991623411,0.0007421673587266753,0.013705555086399812,0.013558345175020747,-0.01161293915772621,0.009892899244539066,0.011939571070514354
2023-12-14,0.004253874602945018,0.013239313004270059,0.0018714447393222144,0.0026435651851546282,-0.0032980189903106805,0.02351141719134686,0.030223255493329937
2023-12-15,0.0015239685813597248,-0.009536780428812008,0.00354079846995603,-7.625240044895065e-05,-0.005567778375261234,-0.01615542528752023,-0.00224940345092417
2023-12-16,0.0,0.0,0.0,0.0,0.0,0.0,0.0
2023-12-17,0.0,0.0,0.0,0.0,0.0,0.0,0.0
2023-12-18,2.303609200815515e-05,0.005016184398691337,0.00611667681406125,0.004518122263400315,-0.004003452122277373,0.022545293475045636,0.015502021211259098
2023-12-19,0.006729629503739787,0.0030814644937162683,0.00658087568622534,0.00584926745082015,0.0005427298712215034,-0.0023914468522061583,0.014719297318610103
2023-12-20,-0.012752647992101629,0.010121450549114286,-0.015129269160858883,-0.01479314796530673,-0.010380074183339083,0.08707790872016208,0.008701618467667593
2023-12-21,0.008655372914965653,-0.00272543379362844,0.012503079417648166,0.01024876930727281,0.005705385389369155,-0.0014641626325127,-0.0037976446021383836
2023-12-22,-0.0004915826752291963,0.0003637952577086878,0.0019427695764626662,0.0016586821527599938,-0.001350884685727749,-0.04648512304109964,-0.004084973000749059
2023-12-23,0.0,0.0,0.0,0.0,0.0,0.0,0.0
2023-12-24,0.0,0.0,0.0,0.0,0.0,0.0,0.0
2023-12-25,0.0,0.0,0.0,0.0,0.0013844264141296136,0.0,0.0
2023-12-26,0.004253486110844307,0.0,0.005427832550990885,0.004222761046978718,-0.006852607695975621,-0.0030745575807094028,0.034201684009008027
2023-12-27,0.00295714774951783,0.003566221967290062,0.0016311781238069756,0.0014294356164228361,0.005412982126588695,-0.04406688298848849,-0.020380325777388464
2023-12-28,0.0014219037420062364,-0.00029775366888351584,-0.0002676025938299631,0.00037010611032783913,0.013661113808930203,0.0032128510314715086,-0.03130167394864891
2023-12-29,-0.0005454270163447461,0.0013587046176457562,-0.005566258801245283,-0.002830477036734891,0.006823698706009296,-0.0016051735149948954,-0.0018066852249489784
2023-12-30,0.0,0.0,0.0,0.0,0.0,0.0,0.0
2023-12-31,0.0,0.0,0.0,0.0,0.0,0.0,0.0
2024-01-01,0.0,0.0,0.0,0.0,0.0,0.0,0.0
2024-01-02,0.000676351532126418,-0.0015141280516530742,-0.016483349279244663,-0.005676660799721844,-0.004264358805651014,0.05849620755206697,-0.017823782495540286
2024-01-03,-0.0075812934180223834,-0.005089689613306803,-0.01183538434091247,-0.008048618327197943,0.0016767597034510473,0.06169358073792974,0.03273500727728873
2024-01-04,0.0002710929759057734,0.005296894416520814,-0.005629093380470351,-0.0034342716633180004,-0.004356247605799446,0.00638980891493679,-0.008118379641932627
2024-01-05,0.0006880457566840192,-0.004347071224335863,0.0009485660470289758,0.0018240216394342923,-0.008555865965940157,-0.056783791374811265,0.02213507506857404
2024-01-06,0.0,0.0,0.0,0.0,0.0,0.0,0.0
2024-01-07,0.0,0.0,0.0,0.0,0.0,0.0,0.0
2024-01-08,0.005772601007466349,0.0005980443980995176,0.02177292235811734,0.01401594543635376,-0.01431823134528809,-0.020432073224587288,-0.0405405026112895
2024-01-09,-0.004197729857155608,-0.0013265787515859273,0.0009387027817790994,-0.001478993852318311,0.0019761720500595104,-0.024769044342090485,0.019095987614353938
2024-01-10,0.004535192376470931,-0.004199356152577494,0.007505924353859328,0.005649980650495934,-0.0053884120265923485,-0.005501047194517827,-0.011944586456728246
2024-01-11,0.0004055091277521683,-0.009876325651037021,3.607494547530621e-05,-0.0006712808369613299,0.003104600667747981,-0.019897195079787267,0.008071293469373408
2024-01-12,-0.0031350036963893047,0.006354631743137773,0.00017161541712162887,0.0007506937530337154,-0.0016200917904862777,0.020684924866265497,0.010889900160654165
2024-01-13,0.0,0.0,0.0,0.0,0.0,0.0,0.0
2024-01-14,0.0,0.0,0.0,0.0,0.0,0.0,0.0
2024-01-15,0.0,-0.003942238299856626,0.0,0.0,0.0014954193409648653,0.0,0.0
2024-01-16,-0.006186722533158218,-0.004830685206737684,-0.001899258677296345,-0.0037383190523563314,0.0026638780210967994,0.08596098276860786,-0.004259125762457572
2024-01-17,-0.0025312089617255396,-0.014929032841168421,-0.005955023123457082,-0.005632731271107971,-0.021082553753284827,0.06638831292880765,0.0022005235120898803
2024-01-18,0.005404087281760894,0.0017175381001894863,0.01337510925099572,0.008766720726242738,0.0042839272933443695,-0.045651069347886875,0.020801511375416304
2024-01-19,0.01049203206790672,0.0003752837906780826,0.01681618511449834,0.012238308232548789,-0.004755498951629633,-0.060536155226905475,-0.00851298972667447
2024-01-20,0.0,0.0,0.0,0.0,0.0,0.0,0.0
2024-01-21,0.0,0.0,0.0,0.0,0.0,0.0,0.0
2024-01-22,0.003638222005124092,0.003451639965646791,0.0032160632062154804,0.002191921187231216,-0.027177961919353955,-0.008305114652697565,0.02108168038638336
2024-01-23,-0.002538872554138649,-0.00026714039025499403,0.004264925529250618,0.0029171153407645534,0.005295886866646171,-0.049738254140188065,-0.007200991244704191
2024-01-24,-0.0026167281227813532,0.005595016248403084,0.003622350609949976,0.000811598976216743,0.017810965161935144,0.04594035840873767,0.010119926579762684
2024-01-25,0.006400038159542376,0.00026565010690760005,0.0018443275032034023,0.005246578134979529,0.029804437410726692,0.023318052682289814,0.03168659384241668
2024-01-26,0.0015835592207782412,0.01390082263256609,-0.0035613224428168166,-0.0006519977554262368,0.0014146422551331028,-0.01422708984802723,0.006907164836275292
2024-01-27,0.0,0.0,0.0,0.0,0.0,0.0,0.0
2024-01-28,0.0,0.0,0.0,0.0,0.0,0.0,0.0
2024-01-29,0.005861112918827516,-0.0003143743456774928,0.011110847705335658,0.007528365505246271,-0.009273358278678145,0.025317818772460754,-0.015414563401186854
2024-01-30,0.0034858903573677935,0.004392399947088066,-0.007588184297704359,-0.0006008303969800011,-0.018493369452717623,-0.02155415685780726,0.01350068721890274
2024-01-31,-0.008275111272066482,-0.004667582591626029,-0.02255371324545763,-0.016236851740732305,-0.014941884015851059,0.07523430485544269,-0.026136822264539283
2024-02-01,0.009639787304852376,-0.0011014243983531458,0.012948628313043997,0.012416286114049768,-0.006406635563595664,-0.03330100546520498,-0.025492617878975388
2024-02-02,0.00348774746083258,-0.0008794234902165243,0.017251506203251665,0.01062777072263188,-0.014757107223934085,-0.0021637031473935586,-0.02230171298401995
2024-02-03,0.0,0.0,0.0,0.0,0.0,0.0,0.0
2024-02-04,0.0,0.0,0.0,0.0,0.0,0.0,0.0
2024-02-05,-0.0071215309384378145,-0.0003414800895935599,-0.0020028109586398557,-0.0031914247092839076,-0.010296595107858408,-0.013081603859306679,0.0067155737893278555
2024-02-06,0.0036732307153322097,0.008905583032717601,0.0007255057641444296,0.0023077459317484283,0.03179665289808398,-0.04564950033878068,0.008433129412523499
2024-02-07,0.004041523353411236,-0.006819213609755792,0.00941417044197479,0.008207682594008503,0.014311921687863993,-0.017767983297182433,0.0058072956778598694
2024-02-08,0.001265282265345391,-0.004374566741208952,0.0023499156122070985,0.0005704205400913764,0.012714209066024829,-0.0031225600728288505,0.03193804882186857
2024-02-09,-0.0014118378779315321,-0.0030194842590773874,0.012393054532285674,0.005725917128794222,0.0,0.010886603777725323,0.007665859667332242
2024-02-10,0.0,0.0,0.0,0.0,0.0,0.0,0.0
2024-02-11,0.0,0.0,0.0,0.0,0.0,0.0,0.0
2024-02-12,0.003244846227625331,0.0001452628875568962,-0.0030131883404180826,-0.0009494041426520994,0.0,0.07449459331360897,0.0010349289410154228
2024-02-13,-0.013614535676664374,-0.008140094082316196,-0.018162967716243372,-0.013768609419845035,0.0,0.12912471469125686,0.012080856348724467
2024-02-14,0.003951124288663621,0.007440020360567345,0.012917989948267206,0.009534168304217161,0.0,-0.09733116413954024,-0.01531857205670395
2024-02-15,0.009037972250938608,0.0038375742364991083,0.002960433902636339,0.005804372674040437,0.0,-0.026066983565291135,0.017742815668210454
2024-02-16,-0.003750152517534744,0.014919435654631386,-0.008239442579924372,-0.0048150435759612975,0.0,0.016283513224718327,0.014925650216675912
2024-02-17,0.0,0.0,0.0,0.0,0.0,0.0,0.0
2024-02-18,0.0,0.0,0.0,0.0,0.0,0.0,0.0
2024-02-19,0.0,0.002176113146793668,0.0,0.0,0.015456476171678446,0.0,0.0
2024-02-20,-0.0016630658668148612,-0.0012040375840296491,-0.00922557206460084,-0.006023426465818105,0.004178117824944039,0.07961048317224284,-0.011744783612059884
2024-02-21,0.0012552472748907917,-0.007372455763876573,-0.003198177486089193,0.001263401495103622,0.00961109985358366,-0.005201567196740253,0.002157224363000587
2024-02-22,0.011762833045708021,0.0028670118029001657,0.029142714923542812,0.020902888666403996,0.012594838430854516,-0.0535603364043844,0.009462002088997501
2024-02-23,0.0015964546520041978,0.0028328377397812687,-0.0027966301283974815,0.0003478870265016809,0.0055139583739496345,-0.05586464536920488,-0.025949052006822626
2024-02-24,0.0,0.0,0.0,0.0,0.0,0.0,0.0
2024-02-25,0.0,0.0,0.0,0.0,0.0,0.0,0.0
2024-02-26,-0.0015933551812388203,-0.002858889912371154,-0.0012867275577281845,-0.0037939392446677545,-0.009314538175323683,-0.0007275539764437511,0.011913290197609783
2024-02-27,-0.0024812487640755165,-0.00016916500714181382,0.003689285400060527,0.0017048955387206632,0.012835876049039463,-0.02282023687755208,0.016042787068980324
2024-02-28,-0.0006003643874699094,-0.007577773392021925,-0.0054753887658947065,-0.0016595313211116292,-0.019295992461826117,0.030071927956075495,-0.004521484718845947
2024-02-29,0.0012154942667503832,0.0006555228028890525,0.009000136707943085,0.00521547045579851,0.01919316490637968,-0.032308282725684645,-0.0027732275431464615
2024-03-01,0.00233053099200653,0.006857169726137258,0.011309250047782271,0.007975936433387787,0.003922132366991349,-0.021879406901220477,0.020985031870675463
2024-03-02,0.0,0.0,0.0,0.0,0.0,0.0,0.0
2024-03-03,0.0,0.0,0.0,0.0,0.0,0.0,0.0
2024-03-04,-0.0024988299586858886,-0.005508171162755815,-0.004151827249440743,-0.0011939745749618424,0.004050526007294053,0.028573381665131237,-0.015320720672171717
2024-03-05,-0.010432234267094387,0.0007719740840652634,-0.01666875883106478,-0.010245406275918967,0.002788542199832378,0.06943756611583574,-0.007053814358969568
2024-03-06,0.0019640929380759786,0.004319553794768893,0.005752092539472287,0.0051279328530018375,-0.0025829242839385813,0.002762430057806853,0.012186845973659821
2024-03-07,0.0033646704359053814,0.00171745647547894,0.014972602455950224,0.010251402284984223,-0.004130331931623488,-0.004146545021177062,-0.003377325119047647
2024-03-08,-0.0017715544584504528,-0.0042729842206554736,-0.011636615575028486,-0.006549922992050483,0.0061310505853438,0.020562766827898926,-0.010707414762690881
2024-03-09,0.0,0.0,0.0,0.0,0.0,0.0,0.0
2024-03-10,0.0,0.0,0.0,0.0,0.0,0.0,0.0
2024-03-11,0.001212216555686041,0.001239488935823374,-0.004101677893192601,-0.001122868268028654,0.007338696805524236,0.0320454987448886,-0.0011404677153263876
2024-03-12,0.0060643753817188895,0.010196573960527644,0.01526254253088588,0.011139512586668232,-0.004088582436020616,-0.09504740876347917,-0.004574922199735987
2024-03-13,0.0009694455276019198,0.003144382825924552,-0.005416837149185838,-0.0019263840021217504,-0.003967399914769132,-0.0065241371020796635,0.027140753738718715
2024-03-14,-0.0035320615750613626,-0.0037382256391929047,-0.00304827827623555,-0.0028752210514948473,-0.0018418324232918337,0.046189355978421,0.01830180667142045
2024-03-15,-0.004918576478129211,-0.002042622569604191,-0.00967933558567502,-0.006504022859738612,0.005384043832552976,0.0006942193314016798,-0.002681293501577642
2024-03-16,0.0,0.0,0.0,0.0,0.0,0.0,0.0
2024-03-17,0.0,0.0,0.0,0.0,0.0,0.0,0.0
2024-03-18,0.0019523898021365227,-0.000621333960118875,0.008123112057246473,0.006298184238481497,0.009867246153357101,-0.005567162906394252,0.021012728197887576
2024-03-19,0.008224106228965411,0.0020308924482499435,0.003925593651015191,0.005633253044342368,-0.007212480253995679,-0.03623844025866907,0.008448910853262603
2024-03-20,0.010210020796682429,-0.00011629876022389851,0.012455218210947194,0.008864765516360507,0.005512457139838389,-0.05809524268421429,-0.019141630019160694
2024-03-21,0.0067910540523783425,0.01859210984113524,0.001979155392959342,0.003231309094529067,-0.0008358233447172125,-0.009245049313565623,-0.009709992542628498
2024-03-22,-0.007708420202900967,0.006108698881906349,0.0016436145173734928,-0.0014031718343261446,-0.00949506033526859,0.010777651718640424,-0.010914327486719166
2024-03-23,0.0,0.0,0.0,0.0,0.0,0.0,0.0
2024-03-24,0.0,0.0,0.0,0.0,0.0,0.0,0.0
2024-03-25,-0.004118771192541004,-0.0016783680234144782,-0.002703150766508955,-0.0030596403820322138,-0.007154067955980281,0.009904778937777525,0.016023827653924627
2024-03-26,-0.0007967966335851173,0.0016909891667662436,-0.004206131485618769,-0.0028037219828060955,0.001708561295457045,0.00378359830573638,0.0
2024-03-27,0.012088594986336076,0.00012607955636667612,0.005124191128413003,0.008593595582706115,-0.012728623380990456,-0.03536110516659852,-0.0031599442920144938
2024-03-28,0.00118875180198863,0.002593720846396863,-0.0012239290623057286,0.0011158627007610278,0.0058380317682953375,0.017836882062060244,0.021793650469154713
2024-03-29,0.0,0.0,0.0,0.0,0.010080647565674283,0.0,0.0
2024-03-30,0.0,0.0,0.0,0.0,0.0,0.0,0.0
2024-03-31,0.0,0.0,0.0,0.0,0.0,0.0,0.0
2024-04-01,-0.006060412546105454,0.0,0.0010599197647422898,-0.002015614526957421,0.011836909446850896,0.04802118356729235,0.006884300186212222
2024-04-02,-0.010074455038704855,-0.0022029629036577347,-0.009582972492887976,-0.007265388203672174,-0.0007866674564418474,0.06796670857897791,0.01654093669021428
2024-04-03,-0.0011008710943993805,0.00028978481065955464,0.0022762706107108954,0.0010905275233383804,-0.001843376503456895,-0.019350965747437332,0.0031364374901299286
2024-04-04,-0.013642312610938845,0.004838729313238588,-0.014129794417524266,-0.012411035619262378,0.0,0.131872684158735,0.013249804991014358
2024-04-05,0.007924029962341095,-0.008144981062443435,0.01235026692740604,0.011038050135699251,0.0,-0.01976591121825466,0.0036558934812616073
2024-04-06,0.0,0.0,0.0,0.0,0.0,0.0,0.0
2024-04-07,0.0,0.0,0.0,0.0,0.0,0.0,0.0
2024-04-08,-0.00028891356900118126,0.004074482516196909,0.00033477013589866544,-0.00037470119004190394,-0.007273299291819413,-0.053824720473343746,-0.005144926457836263
2024-04-09,-0.0002347472437396192,-0.001095859920797082,0.0032357962750477753,0.0014444494736345348,0.000486952326944845,-0.013921341452395097,-0.013850636933899096
2024-04-10,-0.010916370714458168,0.003321642538832492,-0.00839240673388808,-0.00950198183221218,-0.00697915764279422,0.053294004573997356,0.010865902769963576
2024-04-11,-6.327548334539301e-05,-0.004708902704932072,0.016671194578158577,0.007417221983342159,0.002280307974061202,-0.057977833562030234,-0.013775757584618908
2024-04-12,-0.012449805612302356,0.00902053849705986,-0.016378758257586057,-0.014657587802247463,-0.0048803054819615,0.1492522197928512,0.007779429654611647
2024-04-13,0.0,0.0,0.0,0.0,0.0,0.0,0.0
2024-04-14,0.0,0.0,0.0,0.0,0.0,0.0,0.0
2024-04-15,-0.0065540203169174305,-0.0037716865572914315,-0.01809589759259289,-0.012094195787460293,0.012474978768956646,0.10518719746045635,-0.002895699017652298
2024-04-16,0.0016908762720095893,-0.018384024373986563,-0.0012453143923973897,-0.002058624527503383,-0.016592106932048267,-0.04412089191313573,-0.0006962172478948148
2024-04-17,-0.001208703785360754,0.003523030606237043,-0.01153026009777669,-0.005797375076005196,0.021161775316775433,-0.010379800419449747,-0.030285705954169018
2024-04-18,0.0005844219953701213,0.0037011059635521093,-0.005233859291836396,-0.0022106017004848155,0.000925537449210978,-0.011599085567274958,-0.0009576251629592747
2024-04-19,0.005570621079428406,0.0023837968160744794,-0.02069075922604746,-0.00879712965405588,-0.002920152460797354,0.03868633345731798,0.0034670367683853343
2024-04-20,0.0,0.0,0.0,0.0,0.0,0.0,0.0
2024-04-21,0.0,0.0,0.0,0.0,0.0,0.0,0.0
2024-04-22,0.0066534176318295835,0.016080950756451884,0.011017457331085723,0.008693351156837892,-0.006764838510733284,-0.09938037060315086,0.00035797387173008843
2024-04-23,0.006872539950673939,0.0026013198964900397,0.015752892729906876,0.011893566567723113,-0.0074562848419379435,-0.07665418074960373,0.004166920726559553
2024-04-24,-0.0011114077971452474,-0.0005470746442224339,0.001025830374649317,0.00021298737793173927,0.007530857097917121,0.017688438946844798,-0.0009509093786785883
2024-04-25,-0.00980117981985451,0.004776891512216608,-0.0064480232914316815,-0.004586934270118803,0.0026494765375204565,-0.03829442884280132,0.009821982990248834
2024-04-26,0.004031671254058011,0.007509873129651012,0.020047851617306378,0.010157381332325244,0.011637638517965954,-0.0223693641062761,0.005402244494760566
2024-04-27,0.0,0.0,0.0,0.0,0.0,0.0,0.0
2024-04-28,0.0,0.0,0.0,0.0,0.0,0.0,0.0
2024-04-29,0.0038219492989011172,0.0008841756352282459,0.003458354565493593,0.0031734080766394612,0.007871129289050316,-0.024243588642927083,-0.013204624778945018
2024-04-30,-0.01496492275093253,-0.0003560106262927576,-0.020560174923435426,-0.015855551118928446,-0.0026433570056916267,0.06466629525553147,-0.009180392344961597
2024-05-01,0.002307663410373806,-0.002815800146553471,-0.0033483279974841906,-0.0034413534856305716,0.0,-0.016752922452140773,-0.03398828893000605
2024-05-02,0.008469130965986338,0.00626022381288216,0.01497682348529139,0.009087024725083381,0.0,-0.04723192618404859,-0.0013640029394830222
2024-05-03,0.0117039487014452,0.0050409676305775974,0.01971294003161539,0.012478557659509448,0.0,-0.08453739072202415,-0.011732535980362613
2024-05-04,0.0,0.0,0.0,0.0,0.0,0.0,0.0
2024-05-05,0.0,0.0,0.0,0.0,0.0,0.0,0.0
2024-05-06,0.0045555222580659915,0.0,0.011870096555387732,0.010273173691247806,0.011494726308010073,0.0,0.005633817718256218
2024-05-07,0.0008230927928405407,0.01212563795892585,-0.0010213896573016967,0.0013425282288253015,0.002232047764721301,-0.019461709726451115,-0.001624289730515649
2024-05-08,0.004416929571828376,0.004847609600439284,-0.0018262308183913945,-5.835635194628708e-06,-0.00613685408200304,-0.017537586064898303,0.007474807445306375
2024-05-09,0.008448636512415675,0.003262622027113693,0.0026647064055485004,0.005078032639108443,0.008225706178611958,-0.02413510880196279,0.003592892423520233
2024-05-10,0.003170526644899141,0.006232406758865494,-0.00032977190139860113,0.0016480400801661688,7.197830437810637e-05,-0.011093567883784239,-0.013070454324707548
2024-05-11,0.0,0.0,0.0,0.0,0.0,0.0,0.0
2024-05-12,0.0,0.0,0.0,0.0,0.0,0.0,0.0
2024-05-13,-0.002060391963746966,-0.002231590701693875,0.002894679980942172,-0.00024133317386620945,-0.00207094164156274,0.080349140015461,0.011213673448363437
2024-05-14,0.003205427824410023,0.0015554870920517772,0.007473689545831164,0.004826148527454777,-0.0007140589853573687,-0.013323683562622257,-0.013597165764108965
2024-05-15,0.008806090768418429,0.002097938522711118,0.01390615571813214,0.011647827787300002,-0.008258318210097926,-0.07502552963798115,0.007632192193392839
2024-05-16,-0.0009682217514956903,-0.0008409618044264988,-0.002635729730487313,-0.002083837474089023,0.0008005953696716972,-0.002412524942484673,0.007698076257550923
2024-05-17,0.0033606128809804403,-0.0021828575753346513,-0.0007398455718305996,0.0011640956878942177,0.010077475245370948,-0.03523513269813394,0.009968699868314168
2024-05-18,0.0,0.0,0.0,0.0,0.0,0.0,0.0
2024-05-19,0.0,0.0,0.0,0.0,0.0,0.0,0.0
2024-05-20,-0.004932209628927708,0.00046310554717621244,0.006505142763929328,0.0009159703084904436,0.005413033956056523,0.013256188439842997,-0.003311870552479057
2024-05-21,0.0016621226535544764,-0.0009144745479474636,0.002245187957067074,0.002498749766893127,-0.004164557692453386,-0.024157773768248347,-0.009009625893728668
2024-05-22,-0.005077682370277614,-0.0055043620580192965,-0.0018481263472480691,-0.002709791209351664,0.0001817380056472473,0.035614555852416796,-0.01889800311820089
2024-05-23,-0.015387801837603021,-0.0037223908896333313,-0.003906654665016163,-0.007408162283471853,-0.013435601804912878,0.03831278541720984,-0.0214540216832102
2024-05-24,0.00011078602999603504,-0.0025936072113914577,0.010979149578957959,0.006976649076673169,-0.008868623750542426,-0.06804244420089045,0.012953050613297101
2024-05-25,0.0,0.0,0.0,0.0,0.0,0.0,0.0
2024-05-26,0.0,0.0,0.0,0.0,0.0,0.0,0.0
2024-05-27,0.0,0.0,0.0,0.0,0.011322303956667668,0.0,0.0
2024-05-28,-0.005562736536107948,-0.007651519342891433,0.005839135093774317,0.00024877090688590897,-0.004642883233364259,0.0797202425692003,0.030370008807338422
2024-05-29,-0.010643053144484327,-0.008651121513548077,-0.0058514859164695565,-0.007394317215743129,0.0004649221142987159,0.10008343395238173,-0.008191680410766011
2024-05-30,-0.008623059964284252,0.005848551790062828,-0.010904015150558166,-0.0059929575357529075,-0.0062360465274267085,0.013217620885411119,-0.01608074852845398
2024-05-31,0.014970495867080658,0.005367690015022575,-0.00012312026443872526,0.007995824231928239,-0.001574815360568138,-0.11330105483779285,-0.012617257803717585
2024-06-01,0.0,0.0,0.0,0.0,0.0,0.0,0.0
2024-06-02,0.0,0.0,0.0,0.0,0.0,0.0,0.0
2024-06-03,-0.002984548285612121,-0.0015238161622086466,0.005580473135502473,0.0011154602235343702,-0.002700266642104765,0.014598767328195095,-0.03537535215621723
2024-06-04,0.0036297555747726307,-0.003734490972643556,0.0016850383781541467,0.0015016810037842276,0.004120136688108289,0.003806642714591746,-0.013241683484086053
2024-06-05,0.002477833457863454,0.001820499319469704,0.019436657343803176,0.011778015849955636,-0.008379963227014287,-0.0411069688789083,0.010847110037103036
2024-06-06,0.002029610638347279,0.004633338816468324,-0.0008603499612878096,-0.0001998366016362496,-0.005432985445434468,-0.003966700215845442,0.018997932853743293
2024-06-07,-0.002244537571316485,-0.0048273202069424315,-0.0023312544717359884,-0.0011158420502788147,0.0008147796133428642,-0.02903426961235933,0.0001306762497783609
2024-06-08,0.0,0.0,0.0,0.0,0.0,0.0,0.0
2024-06-09,0.0,0.0,0.0,0.0,0.0,0.0,0.0
2024-06-10,0.001778123917056007,-0.0020517784074431944,0.0034608800831570363,0.002577529978241344,0.0,0.041672656583176426,0.028595456883912185
2024-06-11,-0.00310807365288035,-0.009855809862026277,0.008745778134118254,0.0027067148552095688,-0.007643693305212196,0.008597208849178362,0.0016494325886373673
2024-06-12,-0.0009091429599337175,0.008274685718474117,0.015157577101675201,0.008467720241887022,0.003107108459964536,-0.06510940431526668,0.00858374369139181
2024-06-13,-0.001683298061211147,-0.006325092405617738,0.003351919101024947,0.002341911437117261,-0.0028185072852728865,-0.008340363891643499,0.0006282591147153127
2024-06-14,-0.0015003682423238018,-0.0020600466947353624,0.0012060215472029512,-0.00039393828099854034,0.001225465620599664,0.058553331842595924,-0.0025154081933669303
2024-06-15,0.0,0.0,0.0,0.0,0.0,0.0,0.0
2024-06-16,0.0,0.0,0.0,0.0,0.0,0.0,0.0
2024-06-17,0.004884282516178118,-0.0005770370534250446,0.00946043982898459,0.007635164372320702,-0.0055358912836531715,0.00708386694116081,0.02389064727156409
2024-06-18,0.0014625861951991226,0.006012153827542832,0.00029177194577023613,0.0025181541815175734,0.004748488812072793,-0.035931993719164,0.01634182708589993
2024-06-19,0.0,0.001683272967117233,0.0,0.0,-0.004033215206428409,0.0,0.0
2024-06-20,0.007692837763059401,0.008180896262999227,-0.007904792464680455,-0.002529127395412445,-0.004187634470053325,0.07665984605542553,0.00807184672972383
2024-06-21,0.00039768508885273945,-0.004215558359222271,-0.0018203679009669571,-0.0015633517188238244,-0.0024315764927873573,-0.006042308797982177,-0.019752232597691766
2024-06-22,0.0,0.0,0.0,0.0,0.0,0.0,0.0
2024-06-23,0.0,0.0,0.0,0.0,0.0,0.0,0.0
2024-06-24,0.006641513762785323,0.005314936822108152,-0.010944125561159979,-0.003069879155868094,-0.011755688130455688,0.009800313324426213,0.011196417316477358
2024-06-25,-0.007616897311512716,-0.004089664839028728,0.01254217192728646,0.003925873679182956,-0.004431874784559753,-0.03745181832153355,-0.008019484048154446
2024-06-26,0.00039981168244196397,-0.0027317280324190563,0.0049269717853430706,0.0015711962247202393,0.0076078809250930135,-0.022844629369817238,0.0026803134954693775
2024-06-27,0.000926221841748287,-0.005559247401865974,0.0030013353390927477,0.0009069098567984213,-0.009013630717012333,-0.02501142239110621,0.010288779257169978
2024-06-28,-0.0011547659424433476,-0.0019089932713534097,-0.007084915631505595,-0.004092013462368982,0.007289088783244857,0.01620779519510318,-0.002532104807405844
2024-06-29,0.0,0.0,0.0,0.0,0.0,0.0,0.0
2024-06-30,0.0,0.0,0.0,0.0,0.0,0.0,0.0
2024-07-01,0.001294193698447188,0.0003306256326318646,0.00823893137431142,0.0026719909814296727,0.009166885541709746,-0.01784307798455309,0.02232528704783654
2024-07-02,0.004135781588901821,-0.005599180808822268,0.008324584798362622,0.006176205771184939,0.0007613833716124674,-0.01567046780555481,-0.007227947813202462
2024-07-03,-0.0006066024479309817,0.006125600127555586,0.008810325587083057,0.005071562269533203,-0.004895163695168847,0.004975169458022677,0.012996402209942914
2024-07-04,0.0,0.008554524085321091,0.0,0.0,-0.008353355185826139,0.0,0.0
2024-07-05,0.0017251594167788653,-0.004548376194152937,0.009001385967033926,0.0054339743609688185,-0.002584441239628532,0.03174864901379815,-0.008842833074629297
2024-07-06,0.0,0.0,0.0,0.0,0.0,0.0,0.0
2024-07-07,0.0,0.0,0.0,0.0,0.0,0.0,0.0
2024-07-08,-0.0007896791719872454,-0.0012685415702407,0.0027739584258874572,0.0010161824764054472,-0.009360205112407094,-0.008853149108591918,-0.009638915586685393
2024-07-09,-0.0013434002599588268,-0.006575571310865058,0.0013872783591342142,0.0007407974780644366,0.012554818553568659,0.011254165621822132,-0.010215821072848463
2024-07-10,0.010868922048929974,0.006575571310865058,0.011768169699070796,0.010156314878106087,-0.006783871354172355,0.02681549825285856,0.00734191177830823
2024-07-11,0.0008151137393355157,0.0036304076034063826,-0.019715265778534885,-0.008801649969266023,0.010498998793774916,0.005432663231971446,0.006335565989147085
2024-07-12,0.006197738525914431,0.003593136455426915,0.006272279628706912,0.00550186402496422,0.0003056235621672343,-0.036252987838698125,-0.00513709988213229
2024-07-13,0.0,0.0,0.0,0.0,0.0,0.0,0.0
2024-07-14,0.0,0.0,0.0,0.0,0.0,0.0,0.0
2024-07-15,0.005256549538678712,-0.008505869517730247,0.004020566533787573,0.002822216423354007,0.0009136837310013135,0.05161425837245037,-0.0032391606511144033
2024-07-16,0.018302753132310556,-0.002214364555738868,0.001988515098910071,0.0063690499714521565,0.0007707050420284745,0.005321160122665702,-0.01574454226359734
2024-07-17,0.0059303903458154394,0.00276413397186559,-0.02807483330321503,-0.014025441523644488,-0.004528923284641273,0.09330942042807866,0.026976587698202437
2024-07-18,-0.013023355901051303,0.0021229834247247226,-0.007008990772892076,-0.007847112145350721,0.00480745199544419,0.0954357877351999,0.00011881423408510727
2024-07-19,-0.009326229098855165,-0.006014491139049838,-0.008106151521440452,-0.007165879226405991,0.001737084301423053,0.03636765272324061,-0.03309480774444484
2024-07-20,0.0,0.0,0.0,0.0,0.0,0.0,0.0
2024-07-21,0.0,0.0,0.0,0.0,0.0,0.0,0.0
2024-07-22,0.0031699021522104687,0.005270685028705202,0.01570675688830825,0.010734217246220368,-0.006085259194235526,-0.10253967725977953,-0.002212934269193667
2024-07-23,-0.001420058557554782,-0.0038371694630594533,-0.0005677392657297275,-0.0015593176939461273,-0.01661623811118318,-0.01282498710144342,-0.03774979548328439
2024-07-24,-0.012572324267623003,-0.0016787728972609273,-0.03706954742075652,-0.023421242222893213,-0.004612781875801275,0.20338443394305505,0.0068781318161974525
2024-07-25,0.0020353508982715596,0.004002392945894329,-0.009308886828263141,-0.005155889019716753,-0.005255070086848335,0.023014614095178576,0.008216973102281422
2024-07-26,0.01625057366507754,0.012056932062602499,0.010200562586433648,0.01102942040957089,0.0014383141880554007,-0.11893482396303545,-0.010758916514727268
2024-07-27,0.0,0.0,0.0,0.0,0.0,0.0,0.0
2024-07-28,0.0,0.0,0.0,0.0,0.0,0.0,0.0
2024-07-29,-0.0012180600822500054,0.0008083188592777901,0.0007094178465330003,0.0008129795718279098,0.0003278714715797548,0.012731362826129189,-0.01681143218482095
2024-07-30,0.0050046926640554545,-0.0021730214928883385,-0.012908328893791676,-0.004972514361366365,-0.004347470594245451,0.063596820018895,-0.014338097560796292
2024-07-31,0.002438184098009444,0.011248449032249752,0.02601711232800774,0.01566998070191694,0.020436762558842858,-0.07816016987934349,0.041026778591921165
2024-08-01,-0.012189230705747178,-0.010161348033120632,-0.02329560034310596,-0.013788123791989904,-0.002167234092977921,0.1277844414592626,-0.0206245375525409
2024-08-02,-0.015251722844109139,-0.013209516534882226,-0.024610392103779688,-0.018552906608553243,-0.009267057465560669,0.22968474456012045,-0.03601515411077916
2024-08-03,0.0,0.0,0.0,0.0,0.0,0.0,0.0
2024-08-04,0.0,0.0,0.0,0.0,0.0,0.0,0.0
2024-08-05,-0.026365249357642284,-0.02057800163947654,-0.03494265498212279,-0.03042704139239305,-0.015484046691880415,0.5001662098063426,-0.0070927028687268745
2024-08-06,0.007577567857435241,0.0023074678055721165,0.010241738511856724,0.010300849493599884,0.002299567449255413,-0.3306814384725931,0.0018784387651447076
2024-08-07,-0.00602387614112132,0.017315879024760505,-0.010505383553470082,-0.007764715388770327,0.0008889651674071075,0.005039654235304614,0.02750041096772815
2024-08-08,0.0174672541826979,-0.0026851458914123327,0.028259268803303428,0.022781139590899002,2.3309275722915856e-05,-0.1575676172720195,0.012441840123366354
2024-08-09,0.0012933413732199028,0.0028320935883403564,0.005105859454376471,0.004660798434381164,-0.00268899653357213,-0.15520209136037755,0.008209384227065186
2024-08-10,0.0,0.0,0.0,0.0,0.0,0.0,0.0
2024-08-11,0.0,0.0,0.0,0.0,0.0,0.0,0.0
2024-08-12,-0.0035642202288990177,0.00515310416957071,0.002106347397573316,4.3033051721153015e-05,-0.0013946629247243436,0.016553359762280895,0.03969719252017878
2024-08-13,0.010329091030060411,0.0030282338212224147,0.023964723109008546,0.016707233419049672,0.0034022770213102405,-0.13360028427033255,-0.020340525160136735
2024-08-14,0.006085959189020329,0.005558089011094225,0.0002902969212499329,0.003816436561198344,-0.006047649632909824,-0.11262254625371604,-0.01693242374853554
2024-08-15,0.013768567814723909,0.007974397281067525,0.02310731724165116,0.016004489931304988,0.009324020640380404,-0.06112666382606369,0.015051191614116277
2024-08-16,0.0023811822913906155,-0.0043220465281947895,0.0021132392992306848,0.0019878023683954638,0.0007198533733712154,-0.02863994319280172,-0.020417930792056893
2024-08-17,0.0,0.0,0.0,0.0,0.0,0.0,0.0
2024-08-18,0.0,0.0,0.0,0.0,0.0,0.0,0.0
2024-08-19,0.0058063010913755875,0.005459478276895524,0.013802485930622055,0.009675327436177383,0.004934665829746443,-0.010186884233373217,-0.028987536873252395
2024-08-20,-0.0015064574036340872,-0.010054153190202086,-0.0033524190038995982,-0.001986527237608726,-0.009379100972510379,0.08062015360140995,-0.007280461041747621
2024-08-21,0.001358684106707031,0.0012201208056445978,0.005711397999204948,0.004230714721005668,-0.003521399113060042,0.0242624863407932,-0.03391529539651916
2024-08-22,-0.004355396865548755,0.0005551262276810576,-0.016863349671451644,-0.00897294225665668,-0.0027384852617915456,0.07573095707315058,0.01310777915170025
2024-08-23,0.011291094674877655,0.00479060668425646,0.014561400117445444,0.011417937401663636,0.0019624098888986197,-0.10125371187992283,0.028087977286566534
2024-08-24,0.0,0.0,0.0,0.0,0.0,0.0,0.0
2024-08-25,0.0,0.0,0.0,0.0,0.0,0.0,0.0
2024-08-26,0.0015880833692829555,0.0,-0.00853962138001485,-0.003158710169605783,0.0004035454416007056,0.018119831488631277,0.03346181726817399
2024-08-27,0.00024197709897144648,0.0021231792349514222,0.0016375594582722641,0.0015939251127239373,-0.002380353085272624,-0.04560633989509899,-0.024533186523872708
2024-08-28,-0.0038638477045047637,-0.0001916916536792712,-0.011259605363532543,-0.005993900794734941,-0.003975272243978978,0.10334943742316449,-0.013290543680956723
2024-08-29,0.005911441018129793,0.004269354259008651,-0.0022581608104594864,-3.937984343771461e-05,-0.005060662583054487,-0.08919223096521467,0.018505679360065308
2024-08-30,0.005501400860794092,-0.0003580764340274101,0.011194506902238999,0.01004245707914464,0.006745683041649464,-0.04242069150888961,-0.03143833077821068
2024-08-31,0.0,0.0,0.0,0.0,0.0,0.0,0.0
2024-09-01,0.0,0.0,0.0,0.0,0.0,0.0,0.0
2024-09-02,0.0,-0.0015292116830973868,0.0,0.0,-0.01103065342911691,0.0,0.0
2024-09-03,-0.015179646093049115,-0.007838070345902892,-0.03313472053816113,-0.021377963372398057,-0.0028699300903101133,0.3230491831498097,-0.04445176257083361
2024-09-04,0.0009287799687243137,-0.003488682542762689,-0.0030391073008129155,-0.0016038290273812095,-0.0066941604087507045,0.028546200731562887,-0.01655034594367777
2024-09-05,-0.005364427942367911,-0.0033794360159191683,0.0025347508314066403,-0.0030225810146742305,0.001448478319535873,-0.06892587242246906,-0.00028530670664306257
2024-09-06,-0.010119296555702206,-0.007331149133142034,-0.025835238180480502,-0.01741094450742331,-0.008104686191501287,0.1174479528234067,-0.02177918347745944
2024-09-07,0.0,0.0,0.0,0.0,0.0,0.0,0.0
2024-09-08,0.0,0.0,0.0,0.0,0.0,0.0,0.0
2024-09-09,0.011929422346758756,0.010855708042960543,0.011542469261140553,0.011513534435817263,-0.010657053304950814,-0.14032055609438698,0.015481753191040504
2024-09-10,-0.002271248328687747,-0.007865621909779463,0.008332649110933232,0.004462699977795026,0.0028112798381894066,-0.01920644726862708,-0.04282807331029925
2024-09-11,0.0030576501878378792,-0.0014755713488714406,0.021478646377831367,0.010608555649842089,-0.008195079408540806,-0.07564112366000986,0.022522807149553792
2024-09-12,0.00573605652285103,0.0057316731101231255,0.009961435138672314,0.007467352156803386,-0.0017179432290994612,-0.03567701943304913,0.023745143423968607
2024-09-13,0.007201139995622441,0.003887544651064445,0.006484500120562231,0.005393142234355608,-0.004808143036856727,-0.030332402221190158,-0.004301698632279027
2024-09-14,0.0,0.0,0.0,0.0,0.0,0.0,0.0
2024-09-15,0.0,0.0,0.0,0.0,0.0,0.0,0.0
2024-09-16,0.005500092445858584,0.0006405197633121418,-0.005207479706829332,0.0012558408673104537,0.0,0.034424760852600045,0.02146645795243618
2024-09-17,-0.00038204422659404713,0.0037978619121687984,0.0020402898751754606,0.0002645150938960228,0.0,0.02705207960763012,0.01479853894517369
2024-09-18,-0.0024805455252145947,-0.0067860137883570815,-0.003111232505265349,-0.0029006587083131308,0.004866275992333691,0.034601606412624886,-0.0040269442740168415
2024-09-19,0.012501072975107164,0.009045796705878573,0.024767399967171144,0.016834356892726277,0.0068732805240019346,-0.11006466126974956,0.01368086010006575
2024-09-20,0.0009078042377144158,-0.01192139033633488,-0.0036516144843101728,-0.0019429136300157523,0.00028942661613573506,-0.011083876262113712,-0.0019233417111941264
2024-09-21,0.0,0.0,0.0,0.0,0.0,0.0,0.0
2024-09-22,0.0,0.0,0.0,0.0,0.0,0.0,0.0
2024-09-23,0.0014560048377418866,0.0036022762181850965,0.0014447300919240291,0.0028053344257124024,0.00441291105556374,-0.016230023893409662,-0.019299453579276538
2024-09-24,0.001981916247897786,0.0027927609960780586,0.005561920998893299,0.0025080311033462976,0.040706658400177176,-0.03197203199588028,0.014060230234004933
2024-09-25,-0.006977165568100574,-0.0017037262828818456,0.00042544811249811687,-0.0018629832062124763,0.011522073488943185,0.001298669271190711,-0.02689991279704529
2024-09-26,0.006192428169498498,0.0019573023283179225,0.005959249836374525,0.004030542158199424,0.03549376495798562,-0.0025990893253782232,-0.030860415800666452
2024-09-27,0.0032641456520057233,0.004323752635306377,-0.0038942188861774696,-0.0012540029000724928,0.02844124651386082,0.09844002627741899,0.006423379749760372
2024-09-28,0.0,0.0,0.0,0.0,0.0,0.0,0.0
2024-09-29,0.0,0.0,0.0,0.0,0.0,0.0,0.0
2024-09-30,0.0004051937587661314,-0.010122180624872357,0.0038326929230869666,0.004227603658440771,0.07755036358672207,-0.013654088745303383,0.00043645887068066713
2024-10-01,-0.004099558271333237,0.004808161868842475,-0.01544707624998054,-0.009367848694454395,0.0,0.14082693061688456,0.023858561984360982
2024-10-02,0.0009377391487692677,0.0017142130770402275,0.0008237516043312354,0.00013838132698751338,0.0,-0.01886851637175857,0.004675885246292921
2024-10-03,-0.004392213200619111,-0.0010137197130806186,-0.0003704244006321744,-0.0016828286544594562,0.0,0.08077504919837875,0.04950345495986763
2024-10-04,0.008087825177554464,-0.00022947282551655235,0.012168284843376398,0.008930255699185707,0.0,-0.06450602195882116,0.008039705639016681
2024-10-05,0.0,0.0,0.0,0.0,0.0,0.0,0.0
2024-10-06,0.0,0.0,0.0,0.0,0.0,0.0,0.0
2024-10-07,-0.00945389451074874,0.0027737262972564736,-0.011865853934136084,-0.009632263829388421,0.0,0.16428729725442004,0.03707281577596433
2024-10-08,0.0030019276143331552,-0.013701941485836144,0.01434764802689159,0.009642706804694257,0.04491576094942751,-0.055393157794579206,-0.046054711403249016
2024-10-09,0.010205001859064922,0.006462128778702336,0.0059602968722796135,0.0070882310169952945,-0.06846043654916656,-0.02649158974936272,-0.005536439771545609
2024-10-10,-0.0013623998473164534,-0.0007280935021114487,-0.0005232375976351733,-0.0020722685059819668,0.013129142586931764,0.003350072206642185,0.03473171929087826
2024-10-11,0.009605042901645433,0.0019404058650263067,0.003324982618787331,0.006033608707298299,-0.025827302517061668,-0.02271183526239362,-0.004588065988967216
2024-10-12,0.0,0.0,0.0,0.0,0.0,0.0,0.0
2024-10-13,0.0,0.0,0.0,0.0,0.0,0.0,0.0
2024-10-14,0.004686649687389632,0.004714024960216889,0.00867136785245215,0.007678114574593664,0.02048190206353695,-0.037853041304463986,0.0
2024-10-15,-0.007570561186895475,-0.005247308693997255,-0.010163496149683482,-0.007638566037513783,-0.025606065942563205,0.0466122365702315,-0.06640598442966805
2024-10-16,0.007860323111186673,0.00962703563989642,0.0028073348151274047,0.004668232782780279,0.0005171592253905288,-0.05272227783622485,-0.0035164253127399903
2024-10-17,0.0037385965165643853,0.006700914451332807,0.00035542593462167815,-0.00017117512853737082,-0.010534377389637584,-0.024296843014801617,0.004077907640798628
2024-10-18,0.0008520925590396189,-0.0032012409083286286,0.006290387913853834,0.003963686942773492,0.028669267024078238,-0.05817471489231307,-0.02098772441906238
2024-10-19,0.0,0.0,0.0,0.0,0.0,0.0,0.0
2024-10-20,0.0,0.0,0.0,0.0,0.0,0.0,0.0
2024-10-21,-0.007987944847631212,-0.004809125015349025,0.0027253369935600347,-0.0018244327564183038,0.0020053442917333797,0.018681869613305313,0.01958342703900673
2024-10-22,-0.00015632918007035812,-0.0014075679088083604,0.002142242307664688,-0.00047496666719659686,0.005418657785249081,-0.009297308909531399,0.02333439206177257
2024-10-23,-0.009596098325705071,-0.005783306501426111,-0.016449018967183093,-0.009233824267679935,0.0051409685590702026,0.05556979733891598,-0.020387641876431495
2024-10-24,-0.0033123128134295854,0.0013069679074853013,0.007567860802160098,0.002143473130557183,-0.006847911725575528,-0.008350771319908912,-0.011130794735851879
2024-10-25,-0.006153759733168229,-0.002494290706545499,0.00558396764287572,-0.0002994920131857981,0.005907956800827563,0.0634569618659726,0.020197039973605335
2024-10-26,0.0,0.0,0.0,0.0,0.0,0.0,0.0
2024-10-27,0.0,0.0,0.0,0.0,0.0,0.0,0.0
2024-10-28,0.006465478394027002,0.004451309603574316,0.0026198764727674018,0.0026479346267329618,0.0067950710247437485,-0.02641572471928555,-0.06259650360393199
2024-10-29,-0.003652057878921866,-0.00799752258751063,0.0078090945813471535,0.0016128259449015303,-0.010831746084681626,-0.023506401253288622,-0.002516096939030099
2024-10-30,-0.002169178061835808,-0.007326338425038159,-0.005617292557495546,-0.003305691672489175,-0.006155990121921917,0.050905432719140276,0.02097004769134969
2024-10-31,-0.009012113316208215,-0.0060849495860946234,-0.0279438490010655,-0.018790134928744706,0.004150879408898689,0.1293457154823261,0.009675864354679042
2024-11-01,0.006889682363379279,0.008239607064883359,0.007968626237087051,0.004084158004525662,-0.002384082885869887,-0.056853706918779334,0.003300096258514351
2024-11-02,0.0,0.0,0.0,0.0,0.0,0.0,0.0
2024-11-03,0.0,0.0,0.0,0.0,0.0,0.0,0.0
2024-11-04,-0.006144317391765242,0.0008556725292425682,-0.0032915799658947975,-0.0028160448131906435,0.01160506284594831,0.004559988951510885,0.028524950104399593
2024-11-05,0.010171362215647406,-0.0014428787089659778,0.014156187609964732,0.012191031029562538,0.02293001886127577,-0.07019597706871084,0.005968509632784169
2024-11-06,0.035094213362258486,-0.0006976770113880093,0.02909143550306048,0.02498128095718677,-0.0009396691325527229,-0.23061400171400193,-0.0038824230686094197
2024-11-07,-1.3488421595653222e-05,-0.0031887390274345506,0.014952870316724542,0.007403754173996191,0.025343949287352174,-0.06802753406250561,0.00981552084565962
2024-11-08,0.005920067137136442,-0.008425371655304659,0.0008983428069964106,0.003749794035718068,-0.005305192543794135,-0.017253263686006992,-0.027899703313681634
2024-11-09,0.0,0.0,0.0,0.0,0.0,0.0,0.0
2024-11-10,0.0,0.0,0.0,0.0,0.0,0.0,0.0
2024-11-11,0.006890225063690636,0.006519543595457478,0.0006209823382583579,0.0009685941909562956,0.0051337492004215335,0.0020060646512551905,0.0
2024-11-12,-0.008665147946796736,-0.012309039149878132,-0.0008999120844102038,-0.002896851476936746,-0.013957190243989004,-0.01752067906251842,-0.03249279521845594
2024-11-13,0.0010745735059405348,0.0005605346537826961,-0.0026318839531409566,0.0002322007641417656,0.005045187716213206,-0.048042622949409086,0.004810855550242188
2024-11-14,-0.0047277314161764394,0.005080331471489785,-0.00642023809200154,-0.006068108582244491,-0.01743347962011832,0.02047370863447373,0.003339386043368364
2024-11-15,-0.007015754914313277,-0.0009420752758444451,-0.022628988109884673,-0.013291430866793519,-0.014637787632272747,0.12034200213404134,-0.02435566400082756
2024-11-16,0.0,0.0,0.0,0.0,0.0,0.0,0.0
2024-11-17,0.0,0.0,0.0,0.0,0.0,0.0,0.0
2024-11-18,-0.0012756834888243418,0.005651408088652943,0.005961354963734067,0.003910159746206787,-0.0020668353339594603,-0.03531258948003346,0.031145144758737864
2024-11-19,-0.0027847279700328187,-0.0012709298566822014,0.010358159242935372,0.003955750520596268,0.0066451089249195405,0.0482398851290573,0.00416637338554704
2024-11-20,0.003219465464294302,-0.001717723651928793,-0.0011240079467693675,2.195062133480974e-05,0.006547240278941047,0.0483531644930042,-0.007194275634026859
2024-11-21,0.010584174320801054,0.007909136411791806,0.00033102452184863296,0.00532625184428781,0.0007167997301742446,-0.017044138862782887,0.016328062552592115
2024-11-22,0.009667202830577537,0.013746735202341043,0.001644744995116909,0.003461959591536612,-0.031101766006798925,-0.10161341106495803,0.018160561046634882
2024-11-23,0.0,0.0,0.0,0.0,0.0,0.0,0.0
2024-11-24,0.0,0.0,0.0,0.0,0.0,0.0,0.0
2024-11-25,0.00988536322146949,0.0035762927950937495,0.0026900428092879736,0.003015927820126052,-0.0010509601454113948,-0.04290198039765336,-0.03218081931518224
2024-11-26,0.002762113176929759,-0.004000003681179365,0.006249752120298879,0.005705697155262257,-0.001227230690060921,-0.03484673040364106,-0.00520006949619134
2024-11-27,-0.0030865473663350684,0.001959693840497323,-0.005953775332228517,-0.003808481083577675,0.01522875843247462,0.0,-0.00028968713991694983
2024-11-28,0.0,0.0007731808339990209,0.0,0.0,-0.004263454678161693,0.0,0.0
2024-11-29,0.004208064852418758,0.0007362899056122529,0.008239075492083359,0.005592120396801903,0.009289508393841572,-0.04274465552494444,-0.011217249236823434
2024-11-30,0.0,0.0,0.0,0.0,0.0,0.0,0.0
2024-12-01,0.0,0.0,0.0,0.0,0.0,0.0,0.0
2024-12-02,-0.002868652625686252,0.0030843731921201822,0.009620431704490784,0.0024454638805817552,0.011217882146217661,-0.012663116987917888,0.0013176196913979865
2024-12-03,-0.0017090373942476589,0.005578128799699655,0.003958406394087177,0.00045134724202178234,0.004396993896447654,-0.0030030023571749886,0.025994243378510973
2024-12-04,0.006877184706706174,-0.002827231944730002,0.012964726395351178,0.00603318162813693,-0.00419844870376096,0.011215042298141853,-0.01928672333408077
2024-12-05,-0.005531954773511316,0.0016302578081806018,-0.001767924389033837,-0.0018715258393822154,0.0012490014471957522,0.006669172799957934,-0.0033481361796150466
2024-12-06,-0.0027557079155471342,-0.00489865083930674,0.008064232150157835,0.0024923453675373963,0.010400597684236956,-0.058549558775525146,0.0
2024-12-07,0.0,0.0,0.0,0.0,0.0,0.0,0.0
2024-12-08,0.0,0.0,0.0,0.0,0.0,0.0,0.0
2024-12-09,-0.005403827668608585,0.005221881539963391,-0.006216741480439936,-0.0061631672852264785,-0.0004530867039100883,0.10543875570940431,0.0010201851792066563
2024-12-10,-0.0034766415954603502,-0.008621633895293357,-0.002508590344699968,-0.0029682843142797566,0.00589785698016243,-0.0007049189751087148,0.0029090929606834237
2024-12-11,-0.0022460097446472815,0.0025568966710345364,0.01750456282243995,0.008132626411368804,0.002867656298713328,-0.04323442611310657,0.02467489983807436
2024-12-12,-0.005324345220106608,0.0012279481567833983,-0.006612857611765222,-0.005428731461464054,0.008416078653731063,0.024728543874721343,-0.004544816798882856
2024-12-13,-0.0019617139192611432,-0.0013845332146420475,0.0011991526850287926,-2.6466989371698446e-05,-0.020318291563912183,-0.007933662580970946,0.018196425617015954
2024-12-14,0.0,0.0,0.0,0.0,0.0,0.0,0.0
2024-12-15,0.0,0.0,0.0,0.0,0.0,0.0,0.0
2024-12-16,-0.002526186599336455,-0.004612889967832601,0.012327645085647987,0.0037921550087851585,-0.0016366790256832076,0.061773963814810706,-0.007154410821152979
2024-12-17,-0.006139518593304416,-0.008130104373439195,-0.0032187380621557793,-0.003871479480656248,-0.007364177966296737,0.07726356570616977,-0.01018828679864825
2024-12-18,-0.026186379442480145,0.0004757036509630552,-0.03627432423655641,-0.029936505304517524,0.006145880384826441,0.5541096510389649,0.006944964488603489
2024-12-19,0.0003629939604223864,-0.011506199912064474,-0.0010277150922579636,-0.0008654867505377695,-0.0036062285343732015,-0.13674335540527904,-0.009936206659129532
2024-12-20,0.011693226005641932,-0.002557115045236813,0.010262161393740143,0.010810479402397988,-0.0005829140693656143,-0.27162240452496267,-0.005579014542236749
2024-12-21,0.0,0.0,0.0,0.0,0.0,0.0,0.0
2024-12-22,0.0,0.0,0.0,0.0,0.0,0.0,0.0
2024-12-23,0.0015554444912257992,0.0022363340238538143,0.00977605983340979,0.007260849585616569,-0.005004087127490564,-0.0899866764763626,-0.0030170269275613393
2024-12-24,0.00905027103564926,0.004224198141386637,0.01338093749345326,0.010982233165126587,0.01253458740842639,-0.16202827839204215,0.019520460251418292
2024-12-25,0.0,0.0,0.0,0.0,-5.244782980007301e-05,0.0,0.0
2024-12-26,0.0006642482503327329,0.0,-0.0005378818401844399,-0.00040574108825808253,0.0013919924052796517,0.03172673583008656,-0.006938080928724943
2024-12-27,-0.007729360255433804,0.0015718013945313913,-0.015013475124037612,-0.011117304964912478,0.0006075666618521325,0.07957261787497982,0.012706651269114744
2024-12-28,0.0,0.0,0.0,0.0,0.0,0.0,0.0
2024-12-29,0.0,0.0,0.0,0.0,0.0,0.0,0.0
2024-12-30,-0.009781550895304747,-0.0035400638087761394,-0.01199949740175299,-0.010759673941729275,0.0021105763666593447,0.08701136702438106,0.006293286975789236
2024-12-31,-0.0006934311788153735,0.006382739233718127,-0.009072793498939191,-0.00429400645898248,-0.016441340247345337,-0.0028776559173402383,0.009849562876869555
2025-01-01,0.0,0.0,0.0,0.0,0.0,0.0,0.0
2025-01-02,-0.0035779529840720414,0.010600608172548931,-0.0015547436772820333,-0.0022263631494485736,-0.026973977431032026,0.0328827762578463,0.018464588055062237
2025-01-03,0.00798504746113693,-0.004379937993732597,0.01752584663334744,0.012517356707824945,-0.015796181044024138,-0.10579446452967467,0.011453335468813108
2025-01-04,0.0,0.0,0.0,0.0,0.0,0.0,0.0
2025-01-05,0.0,0.0,0.0,0.0,0.0,0.0,0.0
2025-01-06,-0.0005985652170377165,0.0031201510113465503,0.012323344610488007,0.005522766496818932,-0.0014043592363996993,-0.005595180591635884,-0.0044310243697101015
2025-01-07,-0.004181372672869443,-0.0005335423739776246,-0.019073327392673534,-0.011166021516636704,0.007059987459211214,0.10523574540106706,0.009109239143919368
2025-01-08,0.0025090520303194808,0.0006910877720276432,-0.0005542328610488312,0.0015591440938305112,0.0001622108449748083,-0.006756722233491885,-0.013424822375838197
2025-01-09,0.0,0.008291814844415768,0.0,0.0,-0.005829318516742177,0.0,0.0
2025-01-10,-0.016477136236618506,-0.008594854332779178,-0.016420958971421484,-0.015531637650232355,-0.013438979183625577,0.09889901078493857,0.04337583300803338
2025-01-11,0.0,0.0,0.0,0.0,0.0,0.0,0.0
2025-01-12,0.0,0.0,0.0,0.0,0.0,0.0,0.0
2025-01-13,0.008515975882769311,-0.002950314402077936,-0.003844803070778724,0.0015742043780537784,-0.002454954855227953,-0.01807435561904125,0.029331355443950713
2025-01-14,0.0052151060157807905,-0.002763986861360479,-0.002292480939427577,0.0011456233341640143,0.025052507068256347,-0.025331246496121285,-0.01736748983817815
2025-01-15,0.016405101035058323,0.012070924714272735,0.02421761843330117,0.018147132504516605,-0.00427424165793866,-0.1489973022133766,0.03184060585565884
2025-01-16,-0.0015843043252772304,0.010879012375600183,-0.008903201414792505,-0.002114924340865798,0.0027587310207248805,0.029341929202495454,-0.017241806434506124
2025-01-17,0.007726158508974734,0.013410762654025632,0.014982137074960988,0.009941478308393314,0.0017873403477057792,-0.03869073939502865,-0.010005782926207907
2025-01-18,0.0,0.0,0.0,0.0,0.0,0.0,0.0
2025-01-19,0.0,0.0,0.0,0.0,0.0,0.0,0.0
2025-01-20,0.0,0.0017972604510081425,0.0,0.0,0.000788407789547918,0.0,0.0
2025-01-21,0.012294935187439293,0.003257385356505438,0.006427531061296676,0.008730009440595765,-0.0005410459661252531,-0.05866972871283105,-0.022788240703757623
2025-01-22,0.0029693400209716003,-0.0003744363859254918,0.012702468748173601,0.006119181086994274,-0.00898330504991307,0.0026525188490325036,-0.008763380914503571
2025-01-23,0.009205014403399048,0.002349531617062084,0.0022135057403449565,0.005299419459529275,0.005133649700168164,-0.005312092270843838,-0.014423008870311449
2025-01-24,-0.003164883820872433,-0.007358982626685773,-0.004967964365127031,-0.002859215984466701,0.006929733591380938,-0.011382785876024926,-0.000800000042667115
2025-01-25,0.0,0.0,0.0,0.0,0.0,0.0,0.0
2025-01-26,0.0,0.0,0.0,0.0,0.0,0.0,0.0
2025-01-27,0.0064917251669545095,0.00015286334259378975,-0.031174585977950642,-0.014688059032112122,-0.0006227377249405919,0.1868008005986459,-0.01966658212897432
2025-01-28,0.003054210423728776,0.003545126767075857,0.020052139844207062,0.009175644177716435,0.0,-0.08690979573202151,0.008668617197945316
2025-01-29,-0.003055520848677773,0.0027966123166116574,-0.005145048304205702,-0.0046898760569202835,0.0,0.009099220903727279,-0.01645288320340743
2025-01-30,0.0037637893577482373,0.010357795429499106,0.002514606763098115,0.005261548152180495,0.0,-0.044451720687903595,0.002191181375199136
2025-01-31,-0.007547410691667977,0.003129125031128055,-0.002763251147539947,-0.005059603990266837,0.0,0.03657055460412506,-0.0035631118963257435
2025-02-01,0.0,0.0,0.0,0.0,0.0,0.0,0.0
2025-02-02,0.0,0.0,0.0,0.0,0.0,0.0,0.0
2025-02-03,-0.0027594652117155505,-0.010476685001270525,-0.01206996376411773,-0.007637690729495716,0.0,0.12512736629705268,0.009292223188023918
2025-02-04,0.0030148819797446436,-0.0014923060556011336,0.013423278170909825,0.007198907403029864,0.0,-0.07874575989448962,-0.006550241760717945
2025-02-05,0.0070948435510160834,0.006106765035408301,0.0019473501029718676,0.0039010539156141277,-0.006516302925913209,-0.08738112702359535,-0.02284943277234408
2025-02-06,-0.0028040872573971143,0.011988201893382566,0.005048098440102677,0.003637674355266185,0.012667851721626988,-0.017269406077245364,-0.005900550977477437
2025-02-07,-0.009977069708401842,-0.0030755260115977734,-0.013663556084043904,-0.009509845693660424,0.010041587339218339,0.06494172102266127,0.004919540458047322
2025-02-08,0.0,0.0,0.0,0.0,0.0,0.0,0.0
2025-02-09,0.0,0.0,0.0,0.0,0.0,0.0,0.0
2025-02-10,0.0037626394188556844,0.007705402176915399,0.009728949069707227,0.006690112295453687,0.0055850990674208845,-0.04513906718526117,0.01957716117150987
2025-02-11,0.0027674094769114532,0.001094383283042788,-0.0035779257459598313,0.00033952514367463493,-0.001238824442344466,0.01319529245212303,0.0128417065282731
2025-02-12,-0.005060358360893247,0.003412040827559082,0.0003099645474282653,-0.002727583189647831,0.008501325710458474,-0.008147968059884825,-0.026826011957790108
2025-02-13,0.0076980878330026314,-0.004860008528945414,0.014935850395989547,0.010372313214235263,-0.004163016802793962,-0.050995233071065016,-0.0008369368601242044
2025-02-14,-0.0037050497085608924,-0.0036806153332182845,0.004059250734847808,-7.194639557361882e-05,0.004264348283212982,-0.022096641547685092,-0.008548857333698479
2025-02-15,0.0,0.0,0.0,0.0,0.0,0.0,0.0
2025-02-16,0.0,0.0,0.0,0.0,0.0,0.0,0.0
2025-02-17,0.0,0.004057032506809222,0.0,0.0,0.0027171619543864267,0.0,0.0
2025-02-18,0.00023033536079708483,-0.00014825513700245097,0.0007232816417968024,0.0024420036555508062,-0.009382585364727802,0.03851737134856492,0.016194685919980856
2025-02-19,0.001597821836474722,-0.006201698982014392,0.000747689078997027,0.0023741488668242994,0.008103092281690039,-0.005225349676138968,0.00511086132183447
2025-02-20,-0.010155940548109754,-0.00569769317863944,-0.004692356818072341,-0.004343604884288865,-0.00022562434822148703,0.025219531610343182,0.004124851166777965
2025-02-21,-0.017091489473818555,-0.0004156016886387448,-0.022203490847513052,-0.01721139667253979,0.008419222372939572,0.15086116264458127,-0.030085834622314955
2025-02-22,0.0,0.0,0.0,0.0,0.0,0.0,0.0
2025-02-23,0.0,0.0,0.0,0.0,0.0,0.0,0.0
2025-02-24,0.0007639935970278344,-4.623875370057817e-05,-0.012217329979725022,-0.004981493566251771,-0.0018023801584412524,0.04141492560012949,0.004796172263493048
2025-02-25,0.003673519602505948,0.0011196172852105946,-0.013600652541899905,-0.004690715138396584,-0.008033311103183394,0.023432510032201925,-0.027246532482113395
2025-02-26,-0.004320048416797562,0.007218316646888212,0.002565199508239857,0.0001360150295841578,0.010161485295354211,-0.01712992407094971,-0.004057388554159935
2025-02-27,-0.004467879553990528,0.0028248667877424083,-0.02822326423379984,-0.015991742678524545,0.0023190259277363623,0.1010054368855191,0.025092720943632685
2025-02-28,0.013812973950724228,0.0060913661395645136,0.01619963813026004,0.01572978042066353,-0.020023161037933335,-0.07363482637456453,-0.009246811742435135
2025-03-01,0.0,0.0,0.0,0.0,0.0,0.0,0.0
2025-03-02,0.0,0.0,0.0,0.0,0.0,0.0,0.0
2025-03-03,-0.014929746171478797,0.006967915684185755,-0.026728670225256934,-0.017753402648310157,-0.0011967552879017518,0.1488240226257318,-0.019336821837261375
2025-03-04,-0.01563986117379379,-0.012739581828302704,-0.0035500884182120274,-0.012310288231505595,0.0021938765047160302,0.031542884125980386,-0.0023340637875719494
2025-03-05,0.011355560189528546,-0.0003654275679778607,0.014527162852122188,0.011097472528735608,0.005326943504631032,-0.06957029594178676,-0.027991460986092953
2025-03-06,-0.00999034732365267,-0.008372280807689592,-0.02640483436141139,-0.01797967710745496,0.01164149570561257,0.12580671521442044,0.0006006006186547452
2025-03-07,0.005215250683505701,-0.00033398193331990456,0.007001779904527439,0.005505435045455087,-0.0025325607268644745,-0.06220910709864125,0.010006804434693706
2025-03-08,0.0,0.0,0.0,0.0,0.0,0.0,0.0
2025-03-09,0.0,0.0,0.0,0.0,0.0,0.0,0.0
2025-03-10,-0.021012974300703036,-0.009224571358734224,-0.040824946287967734,-0.02734354178842935,-0.001894373068671129,0.17573880579798828,-0.014670921819450733
2025-03-11,-0.011476024212415226,-0.012190017013647747,-0.0018462253404738505,-0.00759664691853601,0.0040512398189189724,-0.034322482648842634,0.0031619389439505596
2025-03-12,-0.0019943563880211457,0.00528263246442684,0.01210516934194139,0.004874967940491359,-0.0023412626112531143,-0.10527799167462559,0.016844700292070414
2025-03-13,-0.013080272782961089,0.00018726842307792424,-0.019767455295314207,-0.013988366806465535,-0.003920892999376591,0.01759097561253009,-0.012344917688187351
2025-03-14,0.01639421051086387,0.010445593741271963,0.025735441849176866,0.021042905953198243,0.01794984635934682,-0.12464959527480435,0.009087585817880495
2025-03-15,0.0,0.0,0.0,0.0,0.0,0.0,0.0
2025-03-16,0.0,0.0,0.0,0.0,0.0,0.0,0.0
2025-03-17,0.008482908474087836,0.005545108657958764,0.0030689615021888272,0.006395634974605713,0.0019185489453850124,-0.059620313029912886,0.006061968737157031
2025-03-18,-0.006240997146781169,0.002864502907758748,-0.017248631918485913,-0.010710667074320668,0.0010589809298036101,0.056399712461100204,-0.005172552728332391
2025-03-19,0.009176340915301395,0.0001722959550711778,0.01399373646236235,0.01074060817295397,-0.0009714081330791657,-0.08659258314379992,-0.00133442083705404
2025-03-20,-0.0002695154951641854,-0.0005399823506611057,-0.003338274203285252,-0.00218728351378239,-0.005114859140087802,-0.0050378133929203095,0.016918388090061853
2025-03-21,0.0007632060607889457,-0.006363596584563425,0.00521033714829322,0.0008243136078327495,-0.013025983520847717,-0.026613574371400883,-0.0004377325524034248
2025-03-22,0.0,0.0,0.0,0.0,0.0,0.0,0.0
2025-03-23,0.0,0.0,0.0,0.0,0.0,0.0,0.0
2025-03-24,0.014141849515935334,-0.0010182131754152834,0.022492433713106053,0.017492117128638185,0.0015433203322992028,-0.09801098075725623,0.013625373860008061
2025-03-25,9.814834442067877e-05,0.002982328324371508,0.0045676714253133355,0.0015730954906540973,-1.5430837123631136e-05,-0.019059192670720204,0.00028789405697704495
2025-03-26,-0.0031210600441546887,0.002973460482399659,-0.020616200686131236,-0.011219640357598593,-0.00037961561024424384,0.0665409063205531,0.008170331410111586
2025-03-27,-0.0036597475838267,-0.002708045820023486,-0.005321139881685255,-0.003312461007132228,0.001498566800506751,0.019449592352613454,0.003562526033602964
2025-03-28,-0.017066939808564996,-0.0008310786914140778,-0.02739026211519935,-0.019934601126852414,-0.0066742112736069,0.1470167867866672,-0.007997757569113695
2025-03-29,0.0,0.0,0.0,0.0,0.0,0.0,0.0
2025-03-30,0.0,0.0,0.0,0.0,0.0,0.0,0.0
2025-03-31,0.009998527537659285,-0.008827561001321982,-0.0013691285529837671,0.005523240357645065,-0.004654014003667939,0.028684009049351644,0.030084890232846107
2025-04-01,-0.0002809986735474723,0.006040349326838168,0.008667974714338555,0.003774104555212432,0.003796719387834102,-0.023156549604275156,-0.0036242024615029678
2025-04-02,0.005589484100056552,-0.0030504399249693392,0.008625223021553552,0.006705661429483811,0.0005051515726108846,-0.01201494235336975,0.007096669316267956
2025-04-03,-0.040584650611677375,-0.0156648097779577,-0.061535682355122745,-0.049605911828995986,-0.002426400679546248,0.33334588753358263,-0.06724137558862608
2025-04-04,-0.0565976037209861,-0.05079226082749422,-0.05993500339669389,-0.06160906189823123,0.0,0.4116639475338917,-0.07720428590385708
2025-04-05,0.0,0.0,0.0,0.0,0.0,0.0,0.0
2025-04-06,0.0,0.0,0.0,0.0,0.0,0.0,0.0
2025-04-07,-0.00915726645602355,-0.04479998500072213,0.0009919337712460674,-0.002334194605962736,-0.07627487929726584,0.03619418049913703,-0.022192536285920106
2025-04-08,-0.008464715965200043,0.02669795927876706,-0.02172660134366211,-0.015825083277055896,0.015691499092779893,0.10784788588768279,-0.016682193791452526
2025-04-09,0.075760342031435,-0.029636550033435682,0.1147844229625985,0.09089487983303712,0.013031974159387616,-0.4424487591644146,0.04223338977206037
2025-04-10,-0.02530714541311596,0.029990422649529336,-0.044030385188838395,-0.03522060702411167,0.011490081830116239,0.19159830601000571,-0.03344467554446506
2025-04-11,0.015514129742655314,0.006411659895892541,0.020365086361595175,0.017930380835776916,0.004515456803479978,-0.08077971131758677,0.021881996538284376
2025-04-12,0.0,0.0,0.0,0.0,0.0,0.0,0.0
2025-04-13,0.0,0.0,0.0,0.0,0.0,0.0,0.0
2025-04-14,0.0077307243661035585,0.021133141597722727,0.00637859583840239,0.007913319326343426,0.007562233164538412,-0.19550720373103703,0.0012913641826877154
2025-04-15,-0.00385266643583293,0.014014391116308644,-0.0004938721363885179,-0.0017292752253013077,0.0014865713005214332,-0.025243056376930806,-0.004041062639815074
2025-04-16,-0.01748132274791736,0.0032073228524343023,-0.031152813505196164,-0.022663253964902097,0.0025495804259598742,0.08034908060172263,0.018296129046937892
2025-04-17,-0.013377926021995279,1.2154445716561213e-05,-0.0012707990002471803,0.0013259586237737153,0.0013230416810472434,-0.09607639881843344,0.03423546538594202
2025-04-18,0.0,0.0,0.0,0.0,-0.001101432125624413,0.0,0.0
2025-04-19,0.0,0.0,0.0,0.0,0.0,0.0,0.0
2025-04-20,0.0,0.0,0.0,0.0,0.0,0.0,0.0
2025-04-21,-0.025141335069253756,0.0,-0.025846217431704233,-0.02384964833401959,0.004477393069679536,0.13159022186892821,-0.024738717848684644
2025-04-22,0.02628394851660154,0.006371794494189231,0.026703601241074182,0.024806952125450366,0.002525492666173079,-0.10103320852701314,0.017489515130347577
2025-04-23,0.010650460750557755,0.008917281003578026,0.02469981640865271,0.016523864366879693,-0.0010315470325021892,-0.07187093853069948,-0.030810359106007823
2025-04-24,0.01221667178610808,0.0004997079525423942,0.02704227289949479,0.020056628082583572,0.00028303184311972984,-0.07213619709070018,0.014422945952914823
2025-04-25,0.0005012427437645073,0.0009391375405112257,0.012556275157592722,0.007346084795701202,-0.000675943496833753,-0.06355672709038407,0.004709584843085146
2025-04-26,0.0,0.0,0.0,0.0,0.0,0.0,0.0
2025-04-27,0.0,0.0,0.0,0.0,0.0,0.0,0.0
2025-04-28,0.00284013873008071,0.0002376341213867761,-0.0009674270367412419,0.0006405015390011926,-0.002018697326047203,0.012402618169858215,-0.008651253328417319
2025-04-29,0.007430669229403719,0.0054737111036562425,0.005466359836987067,0.005785641545557496,-0.0005353584948473156,-0.039745683506018814,-0.023334924870964002
2025-04-30,0.0034912240430173824,0.003703229760695592,-0.0008582912519816688,0.0014788972519319543,-0.002322385451677178,0.021691076650220964,-0.0377341084778573
2025-05-01,0.0020535300776991505,0.00022356963088654425,0.015041372884846638,0.006279345716452056,0.0,-0.00405681607695163,0.01731356715558796
2025-05-02,0.013755939180510879,0.011653957370850065,0.014962547298637219,0.014619191109114027,0.0,-0.08126296612994288,-0.015300481422906742
2025-05-03,0.0,0.0,0.0,0.0,0.0,0.0,0.0
2025-05-04,0.0,0.0,0.0,0.0,0.0,0.0,0.0
2025-05-05,-0.0023892919795649448,0.0,-0.007453015547403297,-0.00640204702931868,0.0,0.04145667440402967,-0.019802627296179764
2025-05-06,-0.009502532054769475,0.00011632099427494325,-0.008700483287599425,-0.007722985278391548,0.011245665867969379,0.04628929034110829,0.032293421720715365
2025-05-07,0.006955322785161755,-0.004441489113567343,0.0027379629833443886,0.004336938106709098,0.00797478513536376,-0.05010366899456509,-0.016689305924064257
2025-05-08,0.006170558101434409,-0.003241516891092644,0.010653320438434477,0.005783021147466982,0.002787612560172903,-0.04649978340350902,0.030332979390374604
2025-05-09,-0.0028824382737493437,0.00271563469963354,4.346685775402648e-05,-0.0007117341348763517,-0.0029868793059595333,-0.026139385258591386,0.018120541113194832
2025-05-10,0.0,0.0,0.0,0.0,0.0,0.0,0.0
2025-05-11,0.0,0.0,0.0,0.0,0.0,0.0,0.0
2025-05-12,0.027750522411652767,0.005850923564807431,0.04255435818867426,0.03203997667701941,0.008119580473614718,-0.17467961397683496,0.01511684447477979
2025-05-13,-0.006378973270873445,-0.0002440285377947049,0.016000477230360133,0.007222059020246974,0.001668410712856172,-0.009287151281461181,0.026801230226744188
2025-05-14,-0.0021230442445698827,-0.002082906776269766,0.007166268058307779,0.0010238912422764201,0.008578804724329814,0.021716462775081435,-0.008647367041182186
2025-05-15,0.006440205789909115,0.005668215659284215,-0.0018029810371285038,0.004123817438756561,-0.006817341179758074,-0.04335388932444717,-0.02274429467335448
2025-05-16,0.007813598095625096,0.005866587225558106,0.005155047009228753,0.00698084936809984,-0.003959273312002409,-0.03365017563674577,0.012769149616534747
2025-05-17,0.0,0.0,0.0,0.0,0.0,0.0,0.0
2025-05-18,0.0,0.0,0.0,0.0,0.0,0.0,0.0
2025-05-19,0.00321444771924817,0.0016912429675617346,0.0002269954990339329,0.0008757295660490882,3.595929987554314e-05,0.050887159080928335,0.0021905813798186458
2025-05-20,-0.0026870955723072854,0.009359099851000252,-0.00379319887644769,-0.003887777069571996,0.0038218490200438993,-0.0027601031981325796,-0.0001563110593263417
2025-05-21,-0.01932445499355495,0.0006148125999203558,-0.014208725951210255,-0.01626671926775991,0.0020968957873357397,0.1429534534594037,-0.0163912259232033
2025-05-22,-3.228786592401889e-05,-0.005386380074755337,0.0028096253383562697,-0.00044497002242138706,-0.002182408799738411,-0.02867754872029593,-0.006056760625922308
2025-05-23,-0.006135003785697535,-0.0024402187618068893,-0.010011476301874822,-0.00673089959147255,-0.009457336125739957,0.09450297588999135,0.005420931642492022
2025-05-24,0.0,0.0,0.0,0.0,0.0,0.0,0.0
2025-05-25,0.0,0.0,0.0,0.0,0.0,0.0,0.0
2025-05-26,0.0,0.0,0.0,0.0,-0.0004579270076998654,0.0,0.0
2025-05-27,0.017644461854551707,0.006870085001656534,0.024355099856634865,0.020252580802184283,-0.0018398735890237106,-0.1618067399316656,-0.020562973528932993
2025-05-28,-0.0058015891930782715,-0.005952864116439471,-0.005129016344575632,-0.005586802576445393,-0.0002260649703398343,0.01829162024380615,0.01498215700321559
2025-05-29,0.0027760687130964357,-0.0010892935002857485,0.003915153115720216,0.004003170870632289,0.007015644007726252,-0.006754983416935367,-0.014170929571690749
2025-05-30,0.0012863664838516087,0.006392692478943474,-0.003243679803581756,-8.118845699556232e-05,-0.004756123837864834,-0.03232072643563022,-0.00324886575566552
2025-05-31,0.0,0.0,0.0,0.0,0.0,0.0,0.0
2025-06-01,0.0,0.0,0.0,0.0,0.0,0.0,0.0
2025-06-02,0.0008373615777124144,0.00021649815050928112,0.0067180652603049396,0.004093651490626016,0.0,-0.011372940494914996,0.029024726456454708
2025-06-03,0.0050494619642478256,0.0014463846831205274,0.008092446269296616,0.005783533535369756,0.004318985261136277,-0.03717488007439673,0.013033080767830718
2025-06-04,-0.0021637484473107094,0.0016260591412589065,0.0031667636283820855,7.368474471824982e-05,0.004222751540456926,-0.004532581194009122,-0.008302702978306264
2025-06-05,-0.002548749835293407,0.001101525229628919,-0.008361527018207582,-0.005291357978697064,0.00233606244899498,0.04822208427528896,0.0076784832326941554
2025-06-06,0.010416625033753846,0.0030483951816915322,0.01192440339640477,0.010228196215376073,0.0003719025237014506,-0.09709743831107742,0.019171892101373267
2025-06-07,0.0,0.0,0.0,0.0,0.0,0.0,0.0
2025-06-08,0.0,0.0,0.0,0.0,0.0,0.0,0.0
2025-06-09,-2.5942818194124584e-05,-0.0006339018305556721,0.0031333947985157096,0.000919525186391823,0.004248727565167698,0.022989482036049225,0.01051117911294508
2025-06-10,0.0024550065635597917,0.002352201812433563,0.006296732472312883,0.0054680125416464165,-0.004408839314855584,-0.012313206330112347,-0.005013303321883988
2025-06-11,-2.5697622096032546e-05,0.0012756633591077815,-0.005039785899507265,-0.002747660318286549,0.005156828894529397,0.01812382007847102,0.04831139329567069
2025-06-12,0.0023732398210754013,0.0023099511770183767,0.0023732856317266737,0.0038151330716758025,0.00010052676824301443,0.04309057866717447,-0.002615520235602631
2025-06-13,-0.018079006442961898,-0.0038680413877951736,-0.013087701730480461,-0.011360668590102208,-0.007570294174321646,0.14443177094572324,0.07171480506108274
2025-06-14,0.0,0.0,0.0,0.0,0.0,0.0,0.0
2025-06-15,0.0,0.0,0.0,0.0,0.0,0.0,0.0
2025-06-16,0.007491240274690725,0.002775683128884765,0.015055032772071542,0.009348823148188856,0.0034683413081495473,-0.08570225833796608,-0.01790032081927606
2025-06-17,-0.007064491002287454,-0.004652979151043013,-0.00918469117772247,-0.008387259723644291,-0.00039077580807500567,0.1224815421597163,0.04172052908746604
2025-06-18,-0.0010461418920613141,0.0010748127183752842,0.0012890398219589372,-0.00030928803471930166,0.00041440625440891665,-0.0699854753657787,0.0035641249530344865
2025-06-19,0.0,-0.005863279218116801,0.0,0.0,-0.007910424951409922,0.0,0.0
2025-06-20,0.0008333915967604355,-0.0019468436826812763,-0.005070544129296195,-0.002181035215588878,-0.0006584021840172483,0.023553662303807954,-0.0022425970746997592
2025-06-21,0.0,0.0,0.0,0.0,0.0,0.0,0.0
2025-06-22,0.0,0.0,0.0,0.0,0.0,0.0,0.0
2025-06-23,0.00884466484787616,-0.0019050346127063023,0.009394549768279248,0.009560655071259916,0.006433927273578277,-0.03906558060447951,-0.08773199386883501
2025-06-24,0.011841705784075174,0.00011417480174635841,0.01424068946903212,0.01106032861695816,0.011462353902176758,-0.12613859464476818,-0.058023840116377734
2025-06-25,-0.002476777124270413,-0.0046001518100382555,0.0030597908776197613,-3.286108348987682e-06,0.010298352328694804,-0.04206223532916509,0.008065173444526508
2025-06-26,0.009364745445985534,0.001924994321116813,0.009683797714934883,0.007988131032517387,-0.002178672671108828,-0.010194995310435662,0.006947618944658451
2025-06-27,0.009917498555072513,0.007220172373731515,0.005219952640825198,0.005205399256150045,-0.007049922492290861,-0.016408782563471114,0.0033057881344999984
2025-06-28,0.0,0.0,0.0,0.0,0.0,0.0,0.0
2025-06-29,0.0,0.0,0.0,0.0,0.0,0.0,0.0
2025-06-30,0.006267506413724533,-0.00431670438153553,0.004737310627437097,0.005151137506128833,0.00588151202646614,0.024812156800422702,-0.005415175687777385
2025-07-01,0.009034335761370471,0.00276979425784063,-0.00822430395968432,-0.0011191571098798647,0.0038599615734593584,0.005959516032616463,0.0051151006667709
2025-07-02,-0.0002364487879233934,-0.0012072449501552285,0.009372427149916263,0.004733874306490193,-0.0008549906997394885,-0.011353604956223062,0.029861790170958358
2025-07-03,0.007705737313116856,0.005512035154129791,0.01014633190006009,0.00830437821066532,0.001838907182779792,-0.01574837152360864,-0.0077491432439691366
2025-07-04,0.0,-3.3979709689546667e-05,0.0,0.0,0.0032215391706458263,0.0,0.0
2025-07-05,0.0,0.0,0.0,0.0,0.0,0.0,0.0
2025-07-06,0.0,0.0,0.0,0.0,0.0,0.0,0.0
2025-07-07,-0.009462106623178812,-0.0018605732461391966,-0.00919603834274696,-0.007893368104245013,0.00023263051114064126,0.08257552595110296,0.015005016029513207
2025-07-08,-0.0037361134085784897,0.005401859583848534,0.00029102442428374786,-0.0007161432504698695,0.0069859800853731,-0.05666263749048417,0.005623257554361771
2025-07-09,0.004905113820525386,0.0014445756238075091,0.009401962641790718,0.006043802776780183,-0.0012660134471840223,-0.053142268612983656,0.0008623168111236978
2025-07-10,0.004316966163473879,0.012184427124175556,0.0009369241992782662,0.002742441072925317,0.004750108205755055,-0.010088348541556602,-0.026641069001669848
2025-07-11,-0.0062710193731589925,-0.0038623670888355832,-0.00218995875217054,-0.0033029717732251385,0.00014106186358198158,0.03853801307405291,0.026928342775550007
2025-07-12,0.0,0.0,0.0,0.0,0.0,0.0,0.0
2025-07-13,0.0,0.0,0.0,0.0,0.0,0.0,0.0
2025-07-14,0.0019843655653328796,0.006354820092868252,0.002658565005475566,0.0014064243309359625,0.0026950609889357935,0.04762811660654798,-0.020897582421894434
2025-07-15,-0.00986321035104254,-0.006668007873457782,0.0018137661417920725,-0.003964145065671332,-0.004171283235454126,0.010410643373586659,-0.006325876188761903
2025-07-16,0.005244625699244665,-0.0013098531051500828,0.002544875930357904,0.003188568525382962,-0.00034868394111953194,-0.012738986382189843,-0.009341012393139003
2025-07-17,0.005177133991017158,0.0051399060605135105,0.007456764268427563,0.005359380240012257,0.0037170221273949977,-0.03800928936525105,0.02399114256398871
2025-07-18,-0.00320392470427322,0.0021709250370456346,0.0004786830473886283,-9.049030280827708e-05,0.00500843141250229,-0.006680899998967149,-0.0033505749169169263
2025-07-19,0.0,0.0,0.0,0.0,0.0,0.0,0.0
2025-07-20,0.0,0.0,0.0,0.0,0.0,0.0,0.0
2025-07-21,-0.0004313097074497563,0.0023216089292432684,0.0037511204994142844,0.0013981570056724735,0.007134828199236054,0.014519297711828028,-0.0020449904877271052
2025-07-22,0.004038734685451573,0.0011975301711046882,-0.003892831680859743,0.000637328496667422,0.006180681531219534,-0.009049812608822982,-0.012210523170405274
2025-07-23,0.011347058739108462,0.004169159519390675,0.006075983773740745,0.007781532145703096,0.00012199944427138121,-0.07094283080176345,-0.02260406097126566
2025-07-24,-0.007053855245123586,0.008450688918278715,0.0018033858141510706,0.0006979799969322187,0.006518908203759111,0.0013004200541875122,0.016665801241005695
2025-07-25,0.0046433430612271565,-0.0019826813161252232,0.0023886099248375814,0.003966451001680582,-0.003353630260050977,-0.030345338167419467,-0.011682025917511218
2025-07-26,0.0,0.0,0.0,0.0,0.0,0.0,0.0
2025-07-27,0.0,0.0,0.0,0.0,0.0,0.0,0.0
2025-07-28,-0.0014344476243923765,-0.00427426810323972,0.003323006871104539,0.0001768424712675909,0.0011908303205938608,0.006675554006955853,0.021313870403922408
2025-07-29,-0.004572916476663025,0.006027059361056075,-0.003798347124085666,-0.0029638301974674874,0.003267067519624689,0.06128972569359581,0.03563528850835507
2025-07-30,-0.003854507023721254,6.573407299015344e-05,0.0014862600943246207,-0.001250213938510214,0.0016624911124516473,-0.03178907310180712,0.011601714737285995
2025-07-31,-0.007456685387493778,-0.0004488947232310636,-0.0003417912919942978,-0.0037016620463745653,-0.011826393617607067,0.07705672799895558,-0.010321760072034891
2025-08-01,-0.01236689434714755,-0.007054453352406398,-0.022614762508604613,-0.01612138718556899,-0.003716759175251383,0.1979484200260746,-0.028398304759352122
2025-08-02,0.0,0.0,0.0,0.0,0.0,0.0,0.0
2025-08-03,0.0,0.0,0.0,0.0,0.0,0.0,0.0
2025-08-04,0.013333098811656896,0.006561602408339695,0.0193489642348883,0.014629564491414726,0.006539663333716916,-0.15121087497900554,-0.015620712552815164
2025-08-05,-0.0014023240237772683,0.0015763114888933671,-0.006529871647799723,-0.0048697037804625865,0.009523544076595059,0.018660417960192355,-0.016925439614227322
2025-08-06,0.0018432243959694006,0.0023597115199258667,0.012016934830931802,0.007255522219853816,0.004522384172245708,-0.0624119264648022,-0.01246406164689784
2025-08-07,-0.005092478859333838,-0.006953179253599728,0.0034555863408520793,-0.0007977981718276794,0.0015595654745386156,-0.011997790110595208,-0.007368777586020059
2025-08-08,0.0046961459282997,-0.0005605044386012281,0.009712285759821526,0.007769454816388688,-0.0012478875728536565,-0.08959330624524542,0.0006161429646551753
2025-08-09,0.0,0.0,0.0,0.0,0.0,0.0,0.0
2025-08-10,0.0,0.0,0.0,0.0,0.0,0.0,0.0
2025-08-11,-0.004549478991902944,0.003731060905503014,-0.0030170914519320746,-0.0025072683938844875,0.0034106153050910137,0.07009240199988831,0.001384935206361071
2025-08-12,0.010935296245945025,0.00198053511599916,0.013769364654526939,0.011281559075170478,0.00502385340662137,-0.09820670937817155,-0.012534013219692497
2025-08-13,0.010375022510187293,0.0019003326447268876,0.0014398069014660564,0.0032248733840454236,0.004775136184282047,-0.016427458860831745,-0.008444147125240775
2025-08-14,-0.00024507135369056243,0.0013084439829551542,-0.00011379485570550685,0.00030304487855481455,-0.004631895424788368,0.023193410468529407,0.02036287037013018
2025-08-15,0.0007758823072219201,-0.0041820976391306885,-0.004047181441130476,-0.0029013399163648756,0.008237721164949363,0.0173801318863398,-0.01879375032434627
2025-08-16,0.0,0.0,0.0,0.0,0.0,0.0,0.0
2025-08-17,0.0,0.0,0.0,0.0,0.0,0.0,0.0
2025-08-18,-0.000763444663414603,0.0020550059247614882,0.000313925128725856,-0.0001007682577363056,0.008419431141339473,-0.006648986046074334,0.011380588962238924
2025-08-19,0.0002326337098832454,0.0034338259085853196,-0.014661917061495444,-0.005875329112207339,-0.00019825149062313585,0.037962669400125826,-0.017671896281375332
2025-08-20,0.0003569766187787593,0.010705066171214028,-0.006688524457612033,-0.00243463063226379,0.010388265875439728,0.00767757375506406,0.01269908106091222
2025-08-21,-0.00340620274346648,0.0022692106072987883,-0.0034323851031512476,-0.004012219728950939,0.0012973226356418621,0.05637917834187345,0.005747588638006285
2025-08-22,0.018719063036748196,0.0013096944459878301,0.018604190103641116,0.015072285158778342,0.014390384619074936,-0.15475327518910964,-0.007462721201589417
2025-08-23,0.0,0.0,0.0,0.0,0.0,0.0,0.0
2025-08-24,0.0,0.0,0.0,0.0,0.0,0.0,0.0
2025-08-25,-0.007683535081346449,0.0,-0.0022004474533705576,-0.004275512539646087,0.014995889102713988,0.03930183098997597,0.017020370649311722
2025-08-26,0.0029900960883448846,-0.005982692518935906,0.004418365279526881,0.004125473710116623,-0.003916424283721298,-0.011560827649531369,-0.024539203063339343
2025-08-27,0.0032348855958392875,-0.0011122119784108264,0.002126891772762818,0.0023881304533031056,-0.017743159013258847,0.015609444442969078,0.013896702676209571
2025-08-28,0.0015716296178887035,-0.004190084866818822,0.005313269558858025,0.0031517474414659574,0.01131543363382903,-0.02869049700242332,0.007261522831136347
2025-08-29,-0.002018376153001711,-0.0032058102152205947,-0.011566637918996037,-0.006418740402791556,0.0037213660051396147,0.06245731143330202,-0.009279373729239815
2025-08-30,0.0,0.0,0.0,0.0,0.0,0.0,0.0
2025-08-31,0.0,0.0,0.0,0.0,0.0,0.0,0.0
2025-09-01,0.0,0.0009791336746083346,0.0,0.0,0.004552694097517573,0.0,0.0
2025-09-02,-0.00548368673773858,-0.008693290086249306,-0.008233072088406956,-0.006946350061031836,-0.004499284796402492,0.11139697398504467,0.024404557039140684
2025-09-03,-0.0005427609394708099,0.006701398048718943,0.010197052479684388,0.0050871123029416765,-0.01162108319820554,-0.04893575867808497,-0.024404557039140684
2025-09-04,0.007702731233813154,0.004229481844218341,0.009719180488113821,0.008311847102874026,-0.012581821904987578,-0.06637507981002333,-0.008582404243926867
2025-09-05,-0.004843439145387762,-0.0009443851791779423,-0.00033628892043324754,-0.003170172669936022,0.012308294741721681,-0.007874048793430344,-0.025233426410764537
2025-09-06,0.0,0.0,0.0,0.0,0.0,0.0,0.0
2025-09-07,0.0,0.0,0.0,0.0,0.0,0.0,0.0
2025-09-08,0.0025097924201062938,0.0014324995822061481,0.0045200376136378395,0.0021037644508883346,0.0037508834899444565,-0.004622038508200976,0.006088786636561316
2025-09-09,0.004305577491068746,0.0022854996087620094,0.0036993798861502114,0.0026845470300731478,-0.005121502297962266,-0.004643437577763088,0.00589314439459887
2025-09-10,-0.004833616924559081,-0.0018518200661539197,0.00030025042217296516,0.002979028229397329,0.001293771873561056,0.020402182899327936,0.016380898653260978
2025-09-11,0.013473683919240642,0.007795668562676994,0.007148351498825534,0.008450087623094404,0.016413477634371176,-0.04258796167804002,-0.020518396598983024
2025-09-12,-0.005955524305026216,-0.0015391943298332933,0.004437311276676681,-0.0004828778814278678,-0.0012164313958962225,0.003393297472611856,0.004931211774199085
2025-09-13,0.0,0.0,0.0,0.0,0.0,0.0,0.0
2025-09-14,0.0,0.0,0.0,0.0,0.0,0.0,0.0
2025-09-15,0.0010735221374087445,-0.0006788473242043125,0.009334798849961246,0.004695577726559819,-0.002611270716327496,0.06110270532150208,0.010104285524818124
2025-09-16,-0.0027400483081603255,-0.00880221394230496,-0.0006619590767762418,-0.0012887604333311486,0.0003525042682408497,0.041815828481424955,0.019137106779131052
2025-09-17,0.0056751646016355295,0.0013801486542810437,-0.003257336007463252,-0.000970639078245128,0.003741459196977104,-0.0399055644945272,-0.007424628074278239
2025-09-18,0.002693156208692926,0.002136981124039039,0.009362063698578282,0.0047776878367074005,-0.011594596828926385,-0.0012731037820805646,-0.007793056896608697
2025-09-19,0.0037389611396534406,-0.0012360573857748136,0.00712871843265539,0.00487352393748175,-0.0030233373341026493,-0.016051709207089093,-0.01402370733306224
2025-09-20,0.0,0.0,0.0,0.0,0.0,0.0,0.0
2025-09-21,0.0,0.0,0.0,0.0,0.0,0.0,0.0
2025-09-22,0.0014298128176193359,0.0010843988384063863,0.006935228222120671,0.004400350714762524,0.0022191636961004235,0.04121030468573306,-0.0004761526952909989
2025-09-23,-0.0019154786210204833,-0.0003686060339838093,-0.009501752284814202,-0.005517351828739692,-0.001762761108516031,0.03299010302909133,0.012150050848122262
2025-09-24,-0.0037115606053443884,0.0029339661347194124,-0.0033551882726996496,-0.002850677165294968,0.008288545981404383,-0.028033468221638103,0.025396223981193344
2025-09-25,-0.0037789461676940306,-0.003942769546792846,-0.005042510925026278,-0.005021648742527418,-8.825492615294195e-05,0.034025120896936656,0.0016805442806324677
2025-09-26,0.0065073177391195,0.007654566904756521,0.004429417488275078,0.005884489130414394,-0.006560290879155772,-0.09060203394250488,0.0149991449180229
2025-09-27,0.0,0.0,0.0,0.0,0.0,0.0,0.0
2025-09-28,0.0,0.0,0.0,0.0,0.0,0.0,0.0
2025-09-29,0.0014861444771199217,0.0016142401313459231,0.0047511815976761795,0.0026320772599124354,0.008952769745368627,0.052861771694031834,-0.03410898827861342
2025-09-30,0.0017650056779690004,0.005426291360647539,0.003043432606499863,0.004082503613508592,0.005227722503974519,0.009876613611529805,-0.017263454472585593
2025-10-01,0.0009308791403732641,0.010214592985162696,0.00419025316920596,0.0033941541712234624,0.0,0.0006140760641177856,-0.009223983973999594
2025-10-02,0.0016914051743164293,-0.0019815727214567147,0.003898784025908597,0.0006181636213824504,0.0,0.020656763924054466,-0.021151995504274268
2025-10-03,0.005115097239434263,0.006723383789204007,-0.002785388218304874,6.551065686721813e-05,0.0,0.0012019507755498537,0.006019704178017449
2025-10-04,0.0,0.0,0.0,0.0,0.0,0.0,0.0
2025-10-05,0.0,0.0,0.0,0.0,0.0,0.0,0.0
2025-10-06,-0.0013549557599414896,-0.0012862351211708756,0.0070495687114870975,0.003639959282761396,0.0,-0.016959750865767287,0.013533314330637758
2025-10-07,-0.0019719256817154474,0.00047461598505194047,-0.006705052395822975,-0.0038186877068522307,0.0,0.05178180930974774,0.00047996161228525125
2025-10-08,-2.5732993206517563e-05,0.006862055693053648,0.011128711895381116,0.005810748494187834,0.0,-0.056067190952723944,0.013504057782149914
2025-10-09,-0.0052357874178969865,-0.00414518135824693,-0.0008140139040442307,-0.002759373980278923,0.013098938208997879,0.007943889616864208,-0.016066519145850222
2025-10-10,-0.01913906910714047,-0.008649874011696923,-0.036272745400077966,-0.027485975439899946,-0.009435352250209306,0.2763582839046803,-0.04275485337795537
2025-10-11,0.0,0.0,0.0,0.0,0.0,0.0,0.0
2025-10-12,0.0,0.0,0.0,0.0,0.0,0.0,0.0
2025-10-13,0.01284549998152329,0.0016322275866222924,0.021835619372694737,0.015478263036934337,-0.0019331140732194996,-0.12945051713783595,0.0
2025-10-14,0.0043943566711668325,0.0010477955160030916,-0.007648169631027102,-0.0015655514969434847,-0.006260185846409527,0.0894168973517111,-0.0038568002867833684
2025-10-15,-0.00037076621571685564,-0.0029664810264797836,0.006566742663874692,0.00401791850342903,0.012081241138062637,-0.008202703699969227,-0.007419932861657763
2025-10-16,-0.006530439711555758,0.0011982255767755134,-0.004755029458653581,-0.006314280275143247,0.0010267805223023174,0.20396864241431123,-0.013461905605720581
2025-10-17,0.005173958295758396,-0.008674558632405294,0.005191219715838358,0.005256873944526674,-0.019720420670418903,-0.19720853474171918,0.00017154129898777626
2025-10-18,0.0,0.0,0.0,0.0,0.0,0.0,0.0
2025-10-19,0.0,0.0,0.0,0.0,0.0,0.0,0.0
2025-10-20,0.011108496816696345,0.005224393970895136,0.013600599085467735,0.010615724136144422,0.006266709680490479,-0.1309224551345447,0.0006858710831290082
2025-10-21,0.004659991110059991,0.002485359272226262,-0.0016049530225537012,3.269591641696934e-05,0.013480267800339618,-0.019945187445519874,0.005470099109730064
2025-10-22,-0.007150275757505042,0.009291588334100709,-0.009334737677512805,-0.00535183477474277,-0.0006574572382174182,0.04003822509368815,0.010851242454374521
2025-10-23,0.0030902609874470244,0.006661901987419228,0.008817512744080602,0.005810479862013551,0.0022081861998994867,-0.07245514382509466,0.05159678964355141
2025-10-24,0.010059761539141121,0.006970409587690796,0.011401525163437398,0.007871361975244184,0.007088327698156149,-0.055256014753595206,-0.0027263267628709897
2025-10-25,0.0,0.0,0.0,0.0,0.0,0.0,0.0
2025-10-26,0.0,0.0,0.0,0.0,0.0,0.0,0.0
2025-10-27,0.007123252416457504,0.0008497876674855576,0.018470648016132074,0.012215141327379442,0.011735770315173255,-0.03607361679793408,-0.0022508048087575006
2025-10-28,0.003396950623438144,0.004434041591970583,0.00800718456431504,0.0022853305022305648,-0.00218428702663509,0.039123282819029104,-0.018847024155878245
2025-10-29,-0.0015601506084532701,0.0061070487819101515,0.005481978145875033,-4.357920473374577e-05,0.007022763537525734,0.029996250016489867,0.004745161484904337
2025-10-30,-0.0023094944039403487,0.0004099158869177444,-0.015874677627817135,-0.009954191424535352,-0.007354605909812406,-0.0005912048002163495,0.0016310556543714938
2025-10-31,0.0008571279558911016,-0.004394824243792783,0.006080431523864505,0.002614500917884399,-0.008086694676222805,0.030861295216443985,0.006335818449086261
2025-11-01,0.0,0.0,0.0,0.0,0.0,0.0,0.0
2025-11-02,0.0,0.0,0.0,0.0,0.0,0.0,0.0
2025-11-03,-0.00476697376793922,-0.001637536751221802,0.004615672632901635,0.0017192339969174242,0.0054798031027747385,-0.015602769750574286,0.0006475635648017786
2025-11-04,-0.005325924446641039,0.0014008375729108735,-0.02060460558211119,-0.0118062503923273,-0.004116312707067138,0.1012752998136115,-0.0066574898812978844
2025-11-05,0.004783286989178848,0.006371793775095114,0.006453178645104529,0.0036468976756882654,0.002285665173630491,-0.053511807269978284,-0.016094944250821364
2025-11-06,-0.008462908750564324,-0.004233083508712099,-0.019153077139687724,-0.011241134514722972,0.009655816275458307,0.07948729367323892,-0.0026525214491313065
2025-11-07,0.001593211356096802,-0.0054793731741558105,-0.002147319579304252,0.0012610463474942435,-0.002549332766756507,-0.021773803548194692,0.004967720101935136
2025-11-08,0.0,0.0,0.0,0.0,0.0,0.0,0.0
2025-11-09,0.0,0.0,0.0,0.0,0.0,0.0,0.0
2025-11-10,0.008087042963573765,0.010745009540444883,0.02246437319061556,0.015283626703501696,0.005249666364479211,-0.08074173830298426,0.006585469963989787
2025-11-11,0.011738897587596497,0.011418883363132792,-0.0025053125561118605,0.0020731999523917466,-0.003949180110177863,-0.018349120606183433,0.0
2025-11-12,0.0067966558881060735,0.0011913363934912269,-0.0026385149431682464,0.0006293191259452158,-0.0006543040214985751,0.01322235625691448,-0.027280467553882914
2025-11-13,-0.016667078334938523,-0.010517837854138179,-0.02317037096444885,-0.01669545163092856,0.007313207482793516,0.13296011418473785,0.004039049583950849
2025-11-14,-0.006548076163985783,-0.011206847637064143,0.0013209458690166542,-0.000501851471272019,-0.009728023758954762,-0.008536334869686524,0.02209208691820219
2025-11-15,0.0,0.0,0.0,0.0,0.0,0.0,0.0
2025-11-16,0.0,0.0,0.0,0.0,0.0,0.0,0.0
2025-11-17,-0.011889530901164846,-0.00237434162402117,-0.008442285918061287,-0.009204497894303998,-0.004635981678193346,0.12097172670021594,-0.0034559402453977484
2025-11-18,-0.010757319290721767,-0.012804679357891757,-0.012193996661489237,-0.008290709844169797,-0.008145278418409063,0.09823065960309085,0.01391526095984208
2025-11-19,0.0010198632793425588,-0.0047114589063017576,0.005839544810037012,0.003746807737265101,0.001757156812068672,-0.04261247288656289,-0.020365295725324195
2025-11-20,-0.008412357258311687,0.002132882071359532,-0.02178199215065213,-0.015689726116315583,-0.003983587479609696,0.11033544988086552,-0.0033239186328826165
2025-11-21,0.010720992193970602,0.0012586929878715125,0.008794840185940345,0.009775103041592459,-0.0247657850826819,-0.12010403643720835,-0.020348806056743385
2025-11-22,0.0,0.0,0.0,0.0,0.0,0.0,0.0
2025-11-23,0.0,0.0,0.0,0.0,0.0,0.0,0.0
2025-11-24,0.004376990956656002,-0.0005032666101900674,0.02653510412523552,0.015348818899081351,0.0004884940963734152,-0.13261722293396572,0.004238372030950899
2025-11-25,0.014198070594932943,0.007793400203999212,0.006692317360050382,0.009020886000833173,0.00863090142853018,-0.10039134402734184,-0.014656022390467704
2025-11-26,0.006656959324415013,0.008507298153290321,0.008179045041631028,0.006882969436150077,-0.0015098815620451234,-0.0766808481207164,0.009567816026054388
2025-11-27,0.0,0.0002373713611518724,0.0,0.0,0.002862204355860598,0.0,0.0
2025-11-28,0.006081372709605404,0.002740195471792717,0.006483439271448788,0.005340487341136679,0.0034353936213200598,-0.05009992978793765,-0.003918567072277668
2025-11-29,0.0,0.0,0.0,0.0,0.0,0.0,0.0
2025-11-30,0.0,0.0,0.0,0.0,0.0,0.0,0.0
2025-12-01,-0.00899096374888586,-0.0018534732176345159,-0.0038493372462404807,-0.0053375487460556315,0.006513274908877875,0.053004331284594475,0.015078642318915314
2025-12-02,0.003907252967845665,-7.216908827878399e-05,0.005900690074341242,0.0024542211959364124,-0.004171736114287228,-0.03843213855940286,-0.011160075246637646
2025-12-03,0.008566512337253585,-0.0010003347871716528,0.0017248501783857506,0.0029753605210860457,-0.0050701354440594315,-0.031223854393763517,0.004749796885718638
2025-12-04,-0.0006676224935535657,0.0019379257984795117,0.0021742605597196984,0.0010797387119740876,-0.0005692778536889875,-0.018832960510421604,0.012278347844218551
2025-12-05,0.002172034992925731,-0.004530982701483666,0.003100476689272824,0.0019347688846789168,0.006946042116990014,-0.023726659065600675,0.006830513853827824
2025-12-06,0.0,0.0,0.0,0.0,0.0,0.0,0.0
2025-12-07,0.0,0.0,0.0,0.0,0.0,0.0,0.0
2025-12-08,-0.004507443275652889,-0.0022680496120095484,-0.0013678996860306825,-0.003483315331648029,0.005435067736206278,0.0779939881496099,-0.019955386763412797
2025-12-09,-0.003757233881366062,-0.0003214178870294404,0.0012983147773777404,-0.0008767431610134935,-0.003716529720238171,0.016076586591024622,-0.010899290458035615
2025-12-10,0.010405263079851679,0.001399145195213336,0.003288552736563588,0.006726880659140733,-0.0023111105281685695,-0.07097778416833789,0.0046126331035871715
2025-12-11,0.013357990117849994,0.004928046962559662,-0.002552109544861736,0.0020771919837176966,-0.006992214764833804,-0.06010953906554084,-0.015632028353198102
2025-12-12,-0.005062911522578872,-0.005601465102955672,-0.01704241822568342,-0.01072091345855597,0.004129472737316675,0.058205337510938815,-0.002600330840278886
2025-12-13,0.0,0.0,0.0,0.0,0.0,0.0,0.0
2025-12-14,0.0,0.0,0.0,0.0,0.0,0.0,0.0
2025-12-15,-0.0008566164097043583,0.010546306387361426,-0.005956864363040992,-0.0015978388918362896,-0.00552387941094068,0.04715515245869062,-0.011171350251987455
2025-12-16,-0.006263240325395714,-0.006842963437234673,0.0023414393578722326,-0.0023867640084400676,-0.011207808325440993,-0.0012128842021312813,-0.027223458610656337
2025-12-17,-0.004756101063025042,0.00919884608340027,-0.018258017145948102,-0.011659856611370145,0.011817039960609677,0.06688717143321998,0.011299555253933669
2025-12-18,0.0013748814959146927,0.00647561690622922,0.013700050453447687,0.007902951520478041,0.001573072098899786,-0.04349772183265843,0.0026716553428043355
2025-12-19,0.0038098759461746567,0.006040046875034122,0.013009636585010753,0.008779407421830143,0.0036248867250474603,-0.1235048277622477,0.01026376024872011
2025-12-20,0.0,0.0,0.0,0.0,0.0,0.0,0.0
2025-12-21,0.0,0.0,0.0,0.0,0.0,0.0,0.0
2025-12-22,0.0047211444778412215,-0.0031776330414903242,0.005187009766114414,0.006415870575560589,0.00689466452540799,-0.05727677323142499,0.024005327339949645
2025-12-23,0.0016472374935450063,0.0023487695137340836,0.005661128946444549,0.004540067046789886,0.0006673155240353168,-0.005698015696034009,0.006339436976670498
2025-12-24,0.005942991472638326,-0.001872479621823686,0.0021821116889899628,0.00321630434470066,0.005334757568991932,-0.038592319369020966,0.0028992942625345464
2025-12-25,0.0,0.0,0.0,0.0,0.00472728208132267,0.0,0.0
2025-12-26,-0.0004144286822462817,0.0,-0.0008562794191711021,-0.0003044098771098902,0.0010242857541431505,0.009604810545013276,-0.036771399097123236
2025-12-27,0.0,0.0,0.0,0.0,0.0,0.0,0.0
2025-12-28,0.0,0.0,0.0,0.0,0.0,0.0,0.0
2025-12-29,-0.0051257009258876,-0.00042561207611413465,-0.005045960804586969,-0.003498162923936121,0.0004038548423981325,0.04317213038393142,0.022535672881776492
2025-12-30,-0.001959560371160407,0.0074922797445609035,-0.002357240970038532,-0.0013766142506543844,-4.137561355221919e-05,0.009113285340826671,-0.0017289077612270276
2025-12-31,-0.0063003098806362345,-0.000935966011866185,-0.007590511440415781,-0.007384867434248932,0.0009387804372984476,0.04235605056250158,-0.00921345065971746
