date,YC_SLOPE_10Y_2Y,D_DGS2,D_DGS10,D_EFFR,D_HY_OAS
2021-01-05,0.83,0.020000000000000004,0.029999999999999916,0.0,-0.010000000000000231
2021-01-06,0.9,0.010000000000000009,0.08000000000000007,0.0,-0.1200000000000001
2021-01-07,0.9400000000000001,0.0,0.040000000000000036,0.0,-0.020000000000000018
2021-01-08,0.9899999999999999,0.0,0.04999999999999982,0.0,-0.020000000000000018
2021-01-09,0.9899999999999999,0.0,0.0,0.0,0.0
2021-01-10,0.9899999999999999,0.0,0.0,0.0,0.0
2021-01-11,1.0099999999999998,0.0,0.020000000000000018,0.0,0.06000000000000005
2021-01-12,1.0099999999999998,0.0,0.0,0.0,0.03000000000000025
2021-01-13,0.9600000000000001,0.0,-0.04999999999999982,0.0,-0.03000000000000025
2021-01-14,0.9899999999999999,0.01999999999999999,0.04999999999999982,0.0,-0.08999999999999986
2021-01-15,0.9800000000000001,-0.03,-0.039999999999999813,0.0,0.010000000000000231
2021-01-16,0.9800000000000001,0.0,0.0,0.0,0.0
2021-01-17,0.9800000000000001,0.0,0.0,0.0,0.0
2021-01-18,0.9800000000000001,0.0,0.0,0.0,-0.010000000000000231
2021-01-19,0.9600000000000001,0.010000000000000009,-0.010000000000000009,0.0,-0.020000000000000018
2021-01-20,0.9700000000000001,-0.010000000000000009,0.0,0.0,-0.040000000000000036
2021-01-21,0.9900000000000001,0.0,0.020000000000000018,-0.009999999999999995,-0.020000000000000018
2021-01-22,0.9700000000000001,0.0,-0.020000000000000018,0.0,0.10000000000000009
2021-01-23,0.9700000000000001,0.0,0.0,0.0,0.0
2021-01-24,0.9700000000000001,0.0,0.0,0.0,0.0
2021-01-25,0.92,0.0,-0.050000000000000044,0.0,0.0
2021-01-26,0.9400000000000001,-0.020000000000000004,0.0,0.0,-0.009999999999999787
2021-01-27,0.92,0.009999999999999995,-0.010000000000000009,0.0,0.10999999999999988
2021-01-28,0.9500000000000001,0.0,0.030000000000000027,-0.009999999999999995,-0.0900000000000003
2021-01-29,1.0,-0.009999999999999995,0.040000000000000036,0.0,0.03000000000000025
2021-01-30,1.0,0.0,0.0,0.0,0.0
2021-01-31,1.0,0.0,0.0,0.0,0.04999999999999982
2021-02-01,0.9800000000000001,0.0,-0.020000000000000018,0.009999999999999995,-0.009999999999999787
2021-02-02,1.01,0.0,0.030000000000000027,0.0,-0.08000000000000007
2021-02-03,1.0399999999999998,0.0,0.029999999999999805,0.0,-0.06999999999999984
2021-02-04,1.0399999999999998,0.0,0.0,0.0,-0.040000000000000036
2021-02-05,1.0999999999999999,-0.020000000000000004,0.040000000000000036,0.0,-0.06000000000000005
2021-02-06,1.0999999999999999,0.0,0.0,0.0,0.0
2021-02-07,1.0999999999999999,0.0,0.0,0.0,0.0
2021-02-08,1.0799999999999998,0.020000000000000004,0.0,-0.009999999999999995,-0.040000000000000036
2021-02-09,1.0699999999999998,0.0,-0.010000000000000009,0.009999999999999995,-0.03000000000000025
2021-02-10,1.0399999999999998,0.0,-0.030000000000000027,0.0,0.0
2021-02-11,1.0499999999999998,0.0,0.010000000000000009,0.0,-0.009999999999999787
2021-02-12,1.0899999999999999,0.0,0.040000000000000036,0.0,-0.020000000000000018
2021-02-13,1.0899999999999999,0.0,0.0,0.0,0.0
2021-02-14,1.0899999999999999,0.0,0.0,0.0,0.0
2021-02-15,1.0899999999999999,0.0,0.0,0.0,-0.009999999999999787
2021-02-16,1.17,0.020000000000000004,0.10000000000000009,0.0,-0.06000000000000005
2021-02-17,1.18,-0.020000000000000004,-0.010000000000000009,0.0,0.029999999999999805
2021-02-18,1.18,0.0,0.0,-0.009999999999999995,0.020000000000000018
2021-02-19,1.23,0.0,0.050000000000000044,0.0,-0.04999999999999982
2021-02-20,1.23,0.0,0.0,0.0,0.0
2021-02-21,1.23,0.0,0.0,0.0,0.0
2021-02-22,1.26,0.0,0.030000000000000027,0.0,0.029999999999999805
2021-02-23,1.26,0.0,0.0,0.0,0.03000000000000025
2021-02-24,1.2599999999999998,0.009999999999999995,0.009999999999999787,0.0,-0.050000000000000266
2021-02-25,1.37,0.05000000000000002,0.16000000000000014,0.0,0.0
2021-02-26,1.2999999999999998,-0.03,-0.10000000000000009,0.0,0.10000000000000009
2021-02-27,1.2999999999999998,0.0,0.0,0.0,0.0
2021-02-28,1.2999999999999998,0.0,0.0,0.0,0.04999999999999982
2021-03-01,1.3199999999999998,-0.010000000000000009,0.010000000000000009,0.0,-0.029999999999999805
2021-03-02,1.29,0.0,-0.030000000000000027,0.0,-0.010000000000000231
2021-03-03,1.33,0.010000000000000009,0.050000000000000044,0.0,-0.020000000000000018
2021-03-04,1.4,0.0,0.07000000000000006,0.0,0.03000000000000025
2021-03-05,1.42,0.0,0.020000000000000018,0.0,0.06000000000000005
2021-03-06,1.42,0.0,0.0,0.0,0.0
2021-03-07,1.42,0.0,0.0,0.0,0.0
2021-03-08,1.4200000000000002,0.03,0.030000000000000027,0.0,-0.03000000000000025
2021-03-09,1.3800000000000001,0.0,-0.040000000000000036,0.0,0.050000000000000266
2021-03-10,1.37,-0.010000000000000009,-0.020000000000000018,0.0,0.009999999999999787
2021-03-11,1.4,-0.01999999999999999,0.010000000000000009,0.0,-0.10999999999999988
2021-03-12,1.5,0.0,0.09999999999999987,0.0,0.029999999999999805
2021-03-13,1.5,0.0,0.0,0.0,0.0
2021-03-14,1.5,0.0,0.0,0.0,0.0
2021-03-15,1.48,0.0,-0.019999999999999796,0.0,0.0
2021-03-16,1.4700000000000002,0.009999999999999981,0.0,0.0,0.0
2021-03-17,1.5,-0.01999999999999999,0.009999999999999787,0.0,0.10000000000000009
2021-03-18,1.55,0.03,0.08000000000000007,0.0,0.010000000000000231
2021-03-19,1.58,0.0,0.030000000000000027,0.0,0.009999999999999787
2021-03-20,1.58,0.0,0.0,0.0,0.0
2021-03-21,1.58,0.0,0.0,0.0,0.0
2021-03-22,1.54,-0.010000000000000009,-0.050000000000000044,0.0,-0.08999999999999986
2021-03-23,1.48,0.0,-0.06000000000000005,0.0,-0.010000000000000231
2021-03-24,1.48,-0.009999999999999981,-0.009999999999999787,0.0,-0.06000000000000005
2021-03-25,1.4899999999999998,0.0,0.009999999999999787,0.0,0.020000000000000018
2021-03-26,1.5299999999999998,0.0,0.040000000000000036,0.0,-0.04999999999999982
2021-03-27,1.5299999999999998,0.0,0.0,0.0,0.0
2021-03-28,1.5299999999999998,0.0,0.0,0.0,0.0
2021-03-29,1.5899999999999999,0.0,0.06000000000000005,0.0,-0.04999999999999982
2021-03-30,1.57,0.01999999999999999,0.0,0.0,0.009999999999999787
2021-03-31,1.58,0.0,0.010000000000000009,-0.010000000000000009,-0.08000000000000007
2021-04-01,1.52,0.010000000000000009,-0.050000000000000044,0.010000000000000009,-0.029999999999999805
2021-04-02,1.53,0.01999999999999999,0.030000000000000027,0.0,0.0
2021-04-03,1.53,0.0,0.0,0.0,0.0
2021-04-04,1.53,0.0,0.0,0.0,0.0
2021-04-05,1.56,-0.01999999999999999,0.010000000000000009,0.0,-0.08000000000000007
2021-04-06,1.51,-0.010000000000000009,-0.06000000000000005,0.0,0.0
2021-04-07,1.52,0.0,0.010000000000000009,0.0,-0.029999999999999805
2021-04-08,1.5,-0.01999999999999999,-0.040000000000000036,0.0,-0.010000000000000231
2021-04-09,1.51,0.01999999999999999,0.030000000000000027,0.0,0.03000000000000025
2021-04-10,1.51,0.0,0.0,0.0,0.0
2021-04-11,1.51,0.0,0.0,0.0,0.0
2021-04-12,1.51,0.01999999999999999,0.020000000000000018,0.0,0.0
2021-04-13,1.48,-0.01999999999999999,-0.050000000000000044,0.0,0.07999999999999963
2021-04-14,1.48,0.0,0.0,0.0,-0.06999999999999984
2021-04-15,1.4000000000000001,0.0,-0.07999999999999985,0.0,0.0
2021-04-16,1.4300000000000002,0.0,0.030000000000000027,0.0,-0.029999999999999805
2021-04-17,1.4300000000000002,0.0,0.0,0.0,0.0
2021-04-18,1.4300000000000002,0.0,0.0,0.0,0.0
2021-04-19,1.4500000000000002,0.0,0.020000000000000018,0.0,0.029999999999999805
2021-04-20,1.4300000000000002,-0.010000000000000009,-0.030000000000000027,0.0,0.10000000000000009
2021-04-21,1.4200000000000002,0.0,-0.010000000000000009,0.0,-0.010000000000000231
2021-04-22,1.4100000000000001,0.010000000000000009,0.0,0.0,0.0
2021-04-23,1.4200000000000002,0.0,0.010000000000000009,0.0,-0.04999999999999982
2021-04-24,1.4200000000000002,0.0,0.0,0.0,0.0
2021-04-25,1.4200000000000002,0.0,0.0,0.0,0.0
2021-04-26,1.4000000000000001,0.01999999999999999,0.0,0.0,-0.03000000000000025
2021-04-27,1.46,-0.009999999999999981,0.04999999999999982,0.0,-0.019999999999999574
2021-04-28,1.46,0.0,0.0,0.0,0.019999999999999574
2021-04-29,1.49,-0.010000000000000009,0.020000000000000018,-0.010000000000000009,-0.019999999999999574
2021-04-30,1.49,0.0,0.0,-0.009999999999999995,0.03999999999999959
2021-05-01,1.49,0.0,0.0,0.0,0.0
2021-05-02,1.49,0.0,0.0,0.0,0.0
2021-05-03,1.47,0.0,-0.020000000000000018,0.009999999999999995,-0.009999999999999787
2021-05-04,1.4500000000000002,0.0,-0.019999999999999796,0.0,0.04999999999999982
2021-05-05,1.4300000000000002,0.0,-0.020000000000000018,0.0,-0.029999999999999805
2021-05-06,1.4200000000000002,0.0,-0.010000000000000009,0.0,0.009999999999999787
2021-05-07,1.46,-0.01999999999999999,0.020000000000000018,0.0,-0.029999999999999805
2021-05-08,1.46,0.0,0.0,0.0,0.0
2021-05-09,1.46,0.0,0.0,0.0,0.0
2021-05-10,1.47,0.01999999999999999,0.029999999999999805,0.0,-0.010000000000000231
2021-05-11,1.48,0.0,0.010000000000000009,0.0,0.10000000000000009
2021-05-12,1.53,0.0,0.050000000000000044,0.0,-0.020000000000000018
2021-05-13,1.5,0.0,-0.030000000000000027,0.0,0.03000000000000025
2021-05-14,1.47,0.0,-0.030000000000000027,0.0,-0.020000000000000018
2021-05-15,1.47,0.0,0.0,0.0,0.0
2021-05-16,1.47,0.0,0.0,0.0,0.0
2021-05-17,1.48,0.0,0.010000000000000009,0.0,0.0
2021-05-18,1.48,0.0,0.0,0.0,0.0
2021-05-19,1.52,0.0,0.040000000000000036,0.0,0.04999999999999982
2021-05-20,1.48,-0.010000000000000009,-0.050000000000000044,0.0,0.020000000000000018
2021-05-21,1.46,0.020000000000000018,0.0,0.0,-0.04999999999999982
2021-05-22,1.46,0.0,0.0,0.0,0.0
2021-05-23,1.46,0.0,0.0,0.0,0.0
2021-05-24,1.4600000000000002,-0.020000000000000018,-0.019999999999999796,0.0,0.0
2021-05-25,1.4100000000000001,0.0,-0.050000000000000044,0.0,-0.03000000000000025
2021-05-26,1.44,-0.009999999999999981,0.020000000000000018,0.0,0.010000000000000231
2021-05-27,1.4700000000000002,0.0,0.030000000000000027,0.0,-0.050000000000000266
2021-05-28,1.44,0.0,-0.030000000000000027,-0.009999999999999995,-0.009999999999999787
2021-05-29,1.44,0.0,0.0,0.0,0.0
2021-05-30,1.44,0.0,0.0,0.0,0.0
2021-05-31,1.44,0.0,0.0,0.0,0.04999999999999982
2021-06-01,1.4600000000000002,0.01999999999999999,0.040000000000000036,0.009999999999999995,-0.009999999999999787
2021-06-02,1.46,-0.03,-0.030000000000000027,0.0,-0.020000000000000018
2021-06-03,1.47,0.03,0.039999999999999813,0.0,-0.03000000000000025
2021-06-04,1.42,-0.01999999999999999,-0.06999999999999984,0.0,0.0
2021-06-05,1.42,0.0,0.0,0.0,0.0
2021-06-06,1.42,0.0,0.0,0.0,0.0
2021-06-07,1.4100000000000001,0.01999999999999999,0.010000000000000009,0.0,-0.009999999999999787
2021-06-08,1.3900000000000001,-0.01999999999999999,-0.040000000000000036,0.0,-0.010000000000000231
2021-06-09,1.34,0.01999999999999999,-0.030000000000000027,0.0,-0.03999999999999959
2021-06-10,1.31,-0.01999999999999999,-0.050000000000000044,0.0,0.009999999999999787
2021-06-11,1.31,0.01999999999999999,0.020000000000000018,0.0,-0.020000000000000018
2021-06-12,1.31,0.0,0.0,0.0,0.0
2021-06-13,1.31,0.0,0.0,0.0,0.0
2021-06-14,1.35,0.0,0.040000000000000036,0.0,-0.040000000000000036
2021-06-15,1.35,0.0,0.0,0.0,0.0
2021-06-16,1.36,0.04999999999999999,0.06000000000000005,0.0,-0.04999999999999982
2021-06-17,1.29,0.020000000000000018,-0.050000000000000044,0.04000000000000001,0.029999999999999805
2021-06-18,1.19,0.03,-0.07000000000000006,0.0,0.03000000000000025
2021-06-19,1.19,0.0,0.0,0.0,0.0
2021-06-20,1.19,0.0,0.0,0.0,0.0
2021-06-21,1.23,0.010000000000000009,0.050000000000000044,0.0,-0.040000000000000036
2021-06-22,1.23,-0.020000000000000018,-0.020000000000000018,0.0,0.009999999999999787
2021-06-23,1.24,0.010000000000000009,0.020000000000000018,0.0,-0.020000000000000018
2021-06-24,1.23,0.0,-0.010000000000000009,0.0,-0.04999999999999982
2021-06-25,1.26,0.020000000000000018,0.050000000000000044,0.0,-0.040000000000000036
2021-06-26,1.26,0.0,0.0,0.0,0.0
2021-06-27,1.26,0.0,0.0,0.0,0.0
2021-06-28,1.24,-0.030000000000000027,-0.050000000000000044,0.0,0.009999999999999787
2021-06-29,1.22,0.020000000000000018,0.0,0.0,-0.020000000000000018
2021-06-30,1.2,-0.020000000000000018,-0.040000000000000036,-0.020000000000000004,0.010000000000000231
2021-07-01,1.23,0.0,0.030000000000000027,0.020000000000000004,-0.020000000000000018
2021-07-02,1.2,-0.010000000000000009,-0.040000000000000036,0.0,0.020000000000000018
2021-07-03,1.2,0.0,0.0,0.0,0.0
2021-07-04,1.2,0.0,0.0,0.0,0.0
2021-07-05,1.2,0.0,0.0,0.0,-0.010000000000000231
2021-07-06,1.1500000000000001,-0.01999999999999999,-0.06999999999999984,0.0,0.020000000000000018
2021-07-07,1.11,0.0,-0.040000000000000036,0.0,0.0
2021-07-08,1.11,-0.03,-0.030000000000000027,0.0,0.0900000000000003
2021-07-09,1.1400000000000001,0.04000000000000001,0.07000000000000006,0.0,-0.07000000000000028
2021-07-10,1.1400000000000001,0.0,0.0,0.0,0.0
2021-07-11,1.1400000000000001,0.0,0.0,0.0,0.0
2021-07-12,1.15,0.0,0.009999999999999787,0.0,-0.020000000000000018
2021-07-13,1.16,0.03,0.040000000000000036,0.0,-0.009999999999999787
2021-07-14,1.1400000000000001,-0.03,-0.04999999999999982,0.0,0.06000000000000005
2021-07-15,1.08,0.0,-0.06000000000000005,0.0,0.040000000000000036
2021-07-16,1.06,0.01999999999999999,0.0,0.0,0.040000000000000036
2021-07-17,1.06,0.0,0.0,0.0,0.0
2021-07-18,1.06,0.0,0.0,0.0,0.0
2021-07-19,0.98,-0.04000000000000001,-0.1200000000000001,0.0,0.2599999999999998
2021-07-20,1.03,-0.009999999999999981,0.040000000000000036,0.0,-0.06000000000000005
2021-07-21,1.08,0.01999999999999999,0.07000000000000006,0.0,-0.13999999999999968
2021-07-22,1.07,-0.01999999999999999,-0.030000000000000027,0.0,0.0
2021-07-23,1.08,0.01999999999999999,0.030000000000000027,0.0,-0.020000000000000018
2021-07-24,1.08,0.0,0.0,0.0,0.0
2021-07-25,1.08,0.0,0.0,0.0,0.0
2021-07-26,1.07,0.0,-0.010000000000000009,0.0,-0.010000000000000231
2021-07-27,1.05,-0.01999999999999999,-0.040000000000000036,0.0,0.06000000000000005
2021-07-28,1.06,0.0,0.010000000000000009,0.0,-0.010000000000000231
2021-07-29,1.08,0.0,0.020000000000000018,0.0,-0.029999999999999805
2021-07-30,1.05,-0.010000000000000009,-0.040000000000000036,-0.03,0.029999999999999805
2021-07-31,1.05,0.0,0.0,0.0,0.06000000000000005
2021-08-01,1.05,0.0,0.0,0.0,0.0
2021-08-02,1.03,-0.01999999999999999,-0.040000000000000036,0.03,0.040000000000000036
2021-08-03,1.02,0.0,-0.010000000000000009,0.0,0.06000000000000005
2021-08-04,1.02,0.0,0.0,0.0,0.0
2021-08-05,1.02,0.03999999999999998,0.040000000000000036,0.0,-0.04999999999999982
2021-08-06,1.1,0.0,0.08000000000000007,0.0,-0.050000000000000266
2021-08-07,1.1,0.0,0.0,0.0,0.0
2021-08-08,1.1,0.0,0.0,0.0,0.0
2021-08-09,1.1,0.020000000000000018,0.020000000000000018,0.0,0.020000000000000018
2021-08-10,1.12,0.009999999999999981,0.030000000000000027,0.0,-0.020000000000000018
2021-08-11,1.12,-0.009999999999999981,-0.010000000000000009,0.0,0.050000000000000266
2021-08-12,1.1300000000000001,0.0,0.010000000000000009,0.0,-0.03000000000000025
2021-08-13,1.06,0.0,-0.07000000000000006,0.0,0.020000000000000018
2021-08-14,1.06,0.0,0.0,0.0,0.0
2021-08-15,1.06,0.0,0.0,0.0,0.0
2021-08-16,1.05,-0.020000000000000018,-0.030000000000000027,0.0,0.020000000000000018
2021-08-17,1.03,0.020000000000000018,0.0,0.0,-0.009999999999999787
2021-08-18,1.04,0.0,0.010000000000000009,-0.010000000000000009,-0.020000000000000018
2021-08-19,1.02,-0.010000000000000009,-0.030000000000000027,0.0,0.06999999999999984
2021-08-20,1.03,0.010000000000000009,0.020000000000000018,0.0,-0.04999999999999982
2021-08-21,1.03,0.0,0.0,0.0,0.0
2021-08-22,1.03,0.0,0.0,0.0,0.0
2021-08-23,1.02,0.0,-0.010000000000000009,0.0,-0.03000000000000025
2021-08-24,1.05,0.009999999999999981,0.040000000000000036,0.0,-0.08000000000000007
2021-08-25,1.12,-0.009999999999999981,0.06000000000000005,0.0,-0.03999999999999959
2021-08-26,1.09,0.01999999999999999,-0.010000000000000009,0.0,-0.020000000000000018
2021-08-27,1.09,-0.03,-0.030000000000000027,-0.009999999999999995,-0.03000000000000025
2021-08-28,1.09,0.0,0.0,0.0,0.0
2021-08-29,1.09,0.0,0.0,0.0,0.0
2021-08-30,1.09,-0.01999999999999999,-0.020000000000000018,0.0,-0.009999999999999787
2021-08-31,1.1,0.0,0.010000000000000009,-0.020000000000000004,0.04999999999999982
2021-09-01,1.11,0.0,0.010000000000000009,0.020000000000000004,-0.020000000000000018
2021-09-02,1.09,0.0,-0.020000000000000018,0.0,-0.029999999999999805
2021-09-03,1.12,0.009999999999999981,0.040000000000000036,0.0,-0.020000000000000018
2021-09-04,1.12,0.0,0.0,0.0,0.0
2021-09-05,1.12,0.0,0.0,0.0,0.0
2021-09-06,1.12,0.0,0.0,0.0,-0.010000000000000231
2021-09-07,1.16,0.010000000000000009,0.04999999999999982,0.0,0.03000000000000025
2021-09-08,1.1300000000000001,0.0,-0.029999999999999805,0.0,0.0
2021-09-09,1.07,0.010000000000000009,-0.050000000000000044,0.0,-0.010000000000000231
2021-09-10,1.12,0.0,0.050000000000000044,0.0,-0.040000000000000036
2021-09-11,1.12,0.0,0.0,0.0,0.0
2021-09-12,1.12,0.0,0.0,0.0,0.0
2021-09-13,1.12,-0.020000000000000018,-0.020000000000000018,0.0,-0.020000000000000018
2021-09-14,1.07,0.0,-0.050000000000000044,0.0,0.020000000000000018
2021-09-15,1.1,0.0,0.030000000000000027,0.0,-0.029999999999999805
2021-09-16,1.11,0.020000000000000018,0.030000000000000027,0.0,-0.020000000000000018
2021-09-17,1.1400000000000001,0.0,0.030000000000000027,0.0,-0.020000000000000018
2021-09-18,1.1400000000000001,0.0,0.0,0.0,0.0
2021-09-19,1.1400000000000001,0.0,0.0,0.0,0.0
2021-09-20,1.08,0.0,-0.06000000000000005,0.0,0.18999999999999995
2021-09-21,1.11,-0.010000000000000009,0.020000000000000018,0.0,-0.06000000000000005
2021-09-22,1.07,0.03,-0.010000000000000009,0.0,-0.08000000000000007
2021-09-23,1.14,0.020000000000000018,0.08999999999999986,0.0,-0.06000000000000005
2021-09-24,1.18,0.019999999999999962,0.06000000000000005,0.0,0.020000000000000018
2021-09-25,1.18,0.0,0.0,0.0,0.0
2021-09-26,1.18,0.0,0.0,0.0,0.0
2021-09-27,1.17,0.020000000000000018,0.010000000000000009,0.0,0.010000000000000231
2021-09-28,1.23,0.0,0.06000000000000005,0.0,0.06999999999999984
2021-09-29,1.25,-0.010000000000000009,0.010000000000000009,0.0,-0.040000000000000036
2021-09-30,1.24,-0.019999999999999962,-0.030000000000000027,-0.020000000000000004,0.06000000000000005
2021-10-01,1.21,-0.010000000000000009,-0.040000000000000036,0.020000000000000004,0.050000000000000266
2021-10-02,1.21,0.0,0.0,0.0,0.0
2021-10-03,1.21,0.0,0.0,0.0,0.0
2021-10-04,1.22,0.0,0.010000000000000009,0.0,0.009999999999999787
2021-10-05,1.26,0.010000000000000009,0.050000000000000044,0.0,-0.040000000000000036
2021-10-06,1.23,0.019999999999999962,-0.010000000000000009,0.0,0.1200000000000001
2021-10-07,1.26,0.020000000000000018,0.050000000000000044,0.0,-0.10000000000000009
2021-10-08,1.29,0.0,0.030000000000000027,0.0,0.010000000000000231
2021-10-09,1.29,0.0,0.0,0.0,0.0
2021-10-10,1.29,0.0,0.0,0.0,0.0
2021-10-11,1.29,0.0,0.0,0.0,0.0
2021-10-12,1.2400000000000002,0.02999999999999997,-0.020000000000000018,0.0,0.07999999999999963
2021-10-13,1.19,0.020000000000000018,-0.030000000000000027,0.0,-0.029999999999999805
2021-10-14,1.1600000000000001,-0.010000000000000009,-0.040000000000000036,0.0,-0.06999999999999984
2021-10-15,1.1800000000000002,0.04999999999999999,0.07000000000000006,0.0,-0.06000000000000005
2021-10-16,1.1800000000000002,0.0,0.0,0.0,0.0
2021-10-17,1.1800000000000002,0.0,0.0,0.0,0.0
2021-10-18,1.1500000000000001,0.030000000000000027,0.0,0.0,-0.010000000000000231
2021-10-19,1.24,-0.030000000000000027,0.05999999999999983,0.0,-0.020000000000000018
2021-10-20,1.25,-0.009999999999999953,0.0,0.0,-0.020000000000000018
2021-10-21,1.23,0.04999999999999999,0.030000000000000027,0.0,-0.040000000000000036
2021-10-22,1.18,0.02999999999999997,-0.020000000000000018,0.0,0.040000000000000036
2021-10-23,1.18,0.0,0.0,0.0,0.0
2021-10-24,1.18,0.0,0.0,0.0,0.0
2021-10-25,1.17,-0.010000000000000009,-0.020000000000000018,0.0,0.040000000000000036
2021-10-26,1.16,0.0,-0.010000000000000009,0.0,-0.020000000000000018
2021-10-27,1.04,0.030000000000000027,-0.08999999999999986,0.0,0.020000000000000018
2021-10-28,1.07,0.0,0.030000000000000027,0.0,-0.029999999999999805
2021-10-29,1.07,-0.020000000000000018,-0.020000000000000018,-0.009999999999999995,0.0
2021-10-30,1.07,0.0,0.0,0.0,0.0
2021-10-31,1.07,0.0,0.0,0.0,0.06999999999999984
2021-11-01,1.08,0.020000000000000018,0.030000000000000027,0.009999999999999995,0.010000000000000231
2021-11-02,1.1,-0.03999999999999998,-0.020000000000000018,0.0,0.04999999999999982
2021-11-03,1.1300000000000001,0.009999999999999953,0.040000000000000036,0.0,-0.029999999999999805
2021-11-04,1.12,-0.06,-0.07000000000000006,0.0,0.009999999999999787
2021-11-05,1.06,-0.019999999999999962,-0.08000000000000007,0.0,-0.06999999999999984
2021-11-06,1.06,0.0,0.0,0.0,0.0
2021-11-07,1.06,0.0,0.0,0.0,0.0
2021-11-08,1.06,0.06,0.06000000000000005,0.0,-0.0900000000000003
2021-11-09,1.05,-0.040000000000000036,-0.050000000000000044,0.0,0.050000000000000266
2021-11-10,1.05,0.10000000000000003,0.10000000000000009,0.0,-0.020000000000000018
2021-11-11,1.05,0.0,0.0,0.0,0.0
2021-11-12,1.05,0.020000000000000018,0.020000000000000018,0.0,0.029999999999999805
2021-11-13,1.05,0.0,0.0,0.0,0.0
2021-11-14,1.05,0.0,0.0,0.0,0.0
2021-11-15,1.0999999999999999,0.0,0.04999999999999982,0.0,0.010000000000000231
2021-11-16,1.0899999999999999,0.010000000000000009,0.0,0.0,0.020000000000000018
2021-11-17,1.08,-0.020000000000000018,-0.029999999999999805,0.0,0.04999999999999982
2021-11-18,1.07,0.0,-0.010000000000000009,0.0,0.020000000000000018
2021-11-19,1.02,0.0,-0.050000000000000044,0.0,0.050000000000000266
2021-11-20,1.02,0.0,0.0,0.0,0.0
2021-11-21,1.02,0.0,0.0,0.0,0.0
2021-11-22,0.9999999999999999,0.10999999999999999,0.08999999999999986,0.0,-0.06000000000000005
2021-11-23,1.0699999999999998,-0.030000000000000027,0.040000000000000036,0.0,0.11999999999999966
2021-11-24,0.9999999999999999,0.040000000000000036,-0.030000000000000027,0.0,0.020000000000000018
2021-11-25,0.9999999999999999,0.0,0.0,0.0,0.0
2021-11-26,0.98,-0.14,-0.15999999999999992,0.0,0.30000000000000027
2021-11-27,0.98,0.0,0.0,0.0,0.0
2021-11-28,0.98,0.0,0.0,0.0,0.0
2021-11-29,1.01,0.010000000000000009,0.040000000000000036,0.0,-0.0900000000000003
2021-11-30,0.9099999999999999,0.010000000000000009,-0.09000000000000008,-0.009999999999999995,0.14000000000000012
2021-12-01,0.8699999999999999,0.040000000000000036,0.0,0.009999999999999995,-0.08999999999999986
2021-12-02,0.8099999999999999,0.06999999999999995,0.010000000000000009,0.0,-0.040000000000000036
2021-12-03,0.7500000000000001,-0.030000000000000027,-0.08999999999999986,0.0,0.020000000000000018
2021-12-04,0.7500000000000001,0.0,0.0,0.0,0.0
2021-12-05,0.7500000000000001,0.0,0.0,0.0,0.0
2021-12-06,0.7799999999999999,0.050000000000000044,0.07999999999999985,0.0,-0.1499999999999999
2021-12-07,0.78,0.04999999999999993,0.050000000000000044,0.0,-0.25
2021-12-08,0.84,-0.019999999999999907,0.040000000000000036,0.0,0.04999999999999982
2021-12-09,0.79,0.019999999999999907,-0.030000000000000027,0.0,0.040000000000000036
2021-12-10,0.8099999999999999,-0.029999999999999916,-0.010000000000000009,0.0,0.040000000000000036
2021-12-11,0.8099999999999999,0.0,0.0,0.0,0.0
2021-12-12,0.8099999999999999,0.0,0.0,0.0,0.0
2021-12-13,0.7599999999999999,-0.010000000000000009,-0.06000000000000005,0.0,0.040000000000000036
2021-12-14,0.7699999999999999,0.010000000000000009,0.020000000000000018,0.0,0.020000000000000018
2021-12-15,0.78,0.019999999999999907,0.030000000000000027,0.0,-0.020000000000000018
2021-12-16,0.7999999999999999,-0.04999999999999993,-0.030000000000000027,0.0,-0.010000000000000231
2021-12-17,0.7499999999999999,0.020000000000000018,-0.030000000000000027,0.0,0.040000000000000036
2021-12-18,0.7499999999999999,0.0,0.0,0.0,0.0
2021-12-19,0.7499999999999999,0.0,0.0,0.0,0.0
2021-12-20,0.7799999999999999,-0.010000000000000009,0.020000000000000018,0.0,0.050000000000000266
2021-12-21,0.78,0.04999999999999993,0.050000000000000044,0.0,-0.16000000000000014
2021-12-22,0.7799999999999999,-0.019999999999999907,-0.020000000000000018,0.0,-0.040000000000000036
2021-12-23,0.79,0.029999999999999916,0.040000000000000036,0.0,-0.08999999999999986
2021-12-24,0.79,0.0,0.0,0.0,0.0
2021-12-25,0.79,0.0,0.0,0.0,0.0
2021-12-26,0.79,0.0,0.0,0.0,0.0
2021-12-27,0.72,0.050000000000000044,-0.020000000000000018,0.0,-0.10000000000000009
2021-12-28,0.75,-0.020000000000000018,0.010000000000000009,0.0,-0.010000000000000231
2021-12-29,0.8,0.010000000000000009,0.06000000000000005,0.0,0.020000000000000018
2021-12-30,0.79,-0.020000000000000018,-0.030000000000000027,0.0,0.06000000000000005
2021-12-31,0.79,0.0,0.0,-0.009999999999999995,0.010000000000000231
2022-01-01,0.79,0.0,0.0,0.0,0.0
2022-01-02,0.79,0.0,0.0,0.0,0.0
2022-01-03,0.8499999999999999,0.050000000000000044,0.10999999999999988,0.009999999999999995,-0.050000000000000266
2022-01-04,0.8899999999999999,-0.010000000000000009,0.030000000000000027,0.0,0.040000000000000036
2022-01-05,0.88,0.05999999999999994,0.050000000000000044,0.0,-0.020000000000000018
2022-01-06,0.85,0.050000000000000044,0.020000000000000018,0.0,0.08000000000000007
2022-01-07,0.89,-0.010000000000000009,0.030000000000000027,0.0,0.050000000000000266
2022-01-08,0.89,0.0,0.0,0.0,0.0
2022-01-09,0.89,0.0,0.0,0.0,0.0
2022-01-10,0.86,0.050000000000000044,0.020000000000000018,0.0,0.040000000000000036
2022-01-11,0.85,-0.020000000000000018,-0.030000000000000027,0.0,-0.06000000000000005
2022-01-12,0.82,0.020000000000000018,-0.010000000000000009,0.0,-0.1200000000000001
2022-01-13,0.7899999999999999,-0.010000000000000009,-0.040000000000000036,0.0,0.040000000000000036
2022-01-14,0.79,0.07999999999999996,0.08000000000000007,0.0,-0.010000000000000231
2022-01-15,0.79,0.0,0.0,0.0,0.0
2022-01-16,0.79,0.0,0.0,0.0,0.0
2022-01-17,0.79,0.0,0.0,0.0,0.0
2022-01-18,0.81,0.07000000000000006,0.09000000000000008,0.0,0.03000000000000025
2022-01-19,0.79,-0.020000000000000018,-0.040000000000000036,0.0,-0.010000000000000231
2022-01-20,0.75,0.040000000000000036,0.0,0.0,-0.009999999999999787
2022-01-21,0.74,-0.07000000000000006,-0.08000000000000007,0.0,0.18999999999999995
2022-01-22,0.74,0.0,0.0,0.0,0.0
2022-01-23,0.74,0.0,0.0,0.0,0.0
2022-01-24,0.76,-0.020000000000000018,0.0,0.0,0.1499999999999999
2022-01-25,0.76,0.030000000000000027,0.030000000000000027,0.0,-0.04999999999999982
2022-01-26,0.7200000000000002,0.10999999999999988,0.07000000000000006,0.0,-0.14000000000000012
2022-01-27,0.6300000000000001,0.050000000000000044,-0.040000000000000036,0.0,0.20999999999999996
2022-01-28,0.6300000000000001,-0.030000000000000027,-0.030000000000000027,0.0,0.1499999999999999
2022-01-29,0.6300000000000001,0.0,0.0,0.0,0.0
2022-01-30,0.6300000000000001,0.0,0.0,0.0,0.0
2022-01-31,0.6100000000000001,0.030000000000000027,0.010000000000000009,0.0,0.020000000000000018
2022-02-01,0.6300000000000001,0.0,0.020000000000000018,0.0,-0.1200000000000001
2022-02-02,0.6200000000000001,-0.020000000000000018,-0.030000000000000027,0.0,-0.05999999999999961
2022-02-03,0.6300000000000001,0.030000000000000027,0.040000000000000036,0.0,0.05999999999999961
2022-02-04,0.6199999999999999,0.1200000000000001,0.10999999999999988,0.0,0.050000000000000266
2022-02-05,0.6199999999999999,0.0,0.0,0.0,0.0
2022-02-06,0.6199999999999999,0.0,0.0,0.0,0.0
2022-02-07,0.6199999999999999,-0.010000000000000009,-0.010000000000000009,0.0,0.040000000000000036
2022-02-08,0.6099999999999999,0.050000000000000044,0.040000000000000036,0.0,-0.050000000000000266
2022-02-09,0.5799999999999998,0.010000000000000009,-0.020000000000000018,0.0,-0.08999999999999986
2022-02-10,0.4199999999999997,0.25,0.08999999999999986,0.0,-0.020000000000000018
2022-02-11,0.41999999999999993,-0.1100000000000001,-0.10999999999999988,0.0,0.2200000000000002
2022-02-12,0.41999999999999993,0.0,0.0,0.0,0.0
2022-02-13,0.41999999999999993,0.0,0.0,0.0,0.0
2022-02-14,0.3999999999999999,0.08000000000000007,0.06000000000000005,0.0,0.08000000000000007
2022-02-15,0.46999999999999975,0.0,0.06999999999999984,0.0,-0.07000000000000028
2022-02-16,0.5099999999999998,-0.06000000000000005,-0.020000000000000018,0.0,0.010000000000000231
2022-02-17,0.48,-0.030000000000000027,-0.05999999999999983,0.0,0.06000000000000005
2022-02-18,0.44999999999999996,-0.020000000000000018,-0.050000000000000044,0.0,0.03999999999999959
2022-02-19,0.44999999999999996,0.0,0.0,0.0,0.0
2022-02-20,0.44999999999999996,0.0,0.0,0.0,0.0
2022-02-21,0.44999999999999996,0.0,0.0,0.0,0.0
2022-02-22,0.3799999999999999,0.09000000000000008,0.020000000000000018,0.0,-0.029999999999999805
2022-02-23,0.4099999999999999,0.020000000000000018,0.050000000000000044,0.0,-0.029999999999999805
2022-02-24,0.41999999999999993,-0.040000000000000036,-0.030000000000000027,0.0,0.20999999999999996
2022-02-25,0.41999999999999993,0.010000000000000009,0.010000000000000009,0.0,-0.31000000000000005
2022-02-26,0.41999999999999993,0.0,0.0,0.0,0.0
2022-02-27,0.41999999999999993,0.0,0.0,0.0,0.0
2022-02-28,0.3900000000000001,-0.1100000000000001,-0.1399999999999999,0.0,0.1499999999999999
2022-03-01,0.4099999999999999,-0.1299999999999999,-0.1100000000000001,0.0,0.1200000000000001
2022-03-02,0.3600000000000001,0.18999999999999995,0.14000000000000012,0.0,-0.18000000000000016
2022-03-03,0.33000000000000007,0.030000000000000027,0.0,0.0,0.0
2022-03-04,0.24,-0.030000000000000027,-0.1200000000000001,0.0,0.18999999999999995
2022-03-05,0.24,0.0,0.0,0.0,0.0
2022-03-06,0.24,0.0,0.0,0.0,0.0
2022-03-07,0.22999999999999998,0.050000000000000044,0.040000000000000036,0.0,0.10999999999999988
2022-03-08,0.2300000000000002,0.07999999999999985,0.08000000000000007,0.0,0.020000000000000462
2022-03-09,0.26,0.050000000000000044,0.07999999999999985,0.0,-0.0900000000000003
2022-03-10,0.26,0.040000000000000036,0.040000000000000036,0.0,0.06000000000000005
2022-03-11,0.25,0.030000000000000027,0.020000000000000018,0.0,0.04999999999999982
2022-03-12,0.25,0.0,0.0,0.0,0.0
2022-03-13,0.25,0.0,0.0,0.0,0.0
2022-03-14,0.27,0.1200000000000001,0.14000000000000012,0.0,0.11000000000000032
2022-03-15,0.2999999999999998,-0.020000000000000018,0.009999999999999787,0.0,0.04999999999999982
2022-03-16,0.24,0.09999999999999987,0.040000000000000036,0.0,-0.25
2022-03-17,0.26000000000000023,-0.010000000000000009,0.010000000000000231,0.25,-0.1499999999999999
2022-03-18,0.17000000000000015,0.030000000000000027,-0.06000000000000005,0.0,0.0
2022-03-19,0.17000000000000015,0.0,0.0,0.0,0.0
2022-03-20,0.17000000000000015,0.0,0.0,0.0,0.0
2022-03-21,0.17999999999999972,0.17000000000000015,0.17999999999999972,0.0,-0.14000000000000012
2022-03-22,0.19999999999999973,0.040000000000000036,0.06000000000000005,0.0,0.03000000000000025
2022-03-23,0.18999999999999995,-0.050000000000000266,-0.06000000000000005,0.0,0.020000000000000018
2022-03-24,0.20999999999999996,0.0,0.020000000000000018,0.0,-0.050000000000000266
2022-03-25,0.18000000000000016,0.16999999999999993,0.14000000000000012,0.0,-0.16000000000000014
2022-03-26,0.18000000000000016,0.0,0.0,0.0,0.0
2022-03-27,0.18000000000000016,0.0,0.0,0.0,0.0
2022-03-28,0.10999999999999988,0.050000000000000266,-0.020000000000000018,0.0,0.03000000000000025
2022-03-29,0.06000000000000005,0.0,-0.04999999999999982,0.0,-0.16000000000000014
2022-03-30,0.040000000000000036,-0.040000000000000036,-0.06000000000000005,0.0,-0.04999999999999982
2022-03-31,0.040000000000000036,-0.03000000000000025,-0.03000000000000025,0.0,0.10000000000000009
2022-04-01,-0.04999999999999982,0.16000000000000014,0.07000000000000028,0.0,-0.03000000000000025
2022-04-02,-0.04999999999999982,0.0,0.0,0.0,0.0
2022-04-03,-0.04999999999999982,0.0,0.0,0.0,0.0
2022-04-04,-0.010000000000000231,-0.009999999999999787,0.029999999999999805,0.0,-0.06999999999999984
2022-04-05,0.03000000000000025,0.07999999999999963,0.1200000000000001,0.0,-0.06000000000000005
2022-04-06,0.10999999999999988,-0.009999999999999787,0.06999999999999984,0.0,0.20999999999999996
2022-04-07,0.18999999999999995,-0.029999999999999805,0.050000000000000266,0.0,0.06000000000000005
2022-04-08,0.1900000000000004,0.05999999999999961,0.06000000000000005,0.0,0.029999999999999805
2022-04-09,0.1900000000000004,0.0,0.0,0.0,0.0
2022-04-10,0.1900000000000004,0.0,0.0,0.0,0.0
2022-04-11,0.29000000000000004,-0.029999999999999805,0.06999999999999984,0.0,0.16000000000000014
2022-04-12,0.33000000000000007,-0.10999999999999988,-0.06999999999999984,0.0,0.020000000000000018
2022-04-13,0.33000000000000007,-0.020000000000000018,-0.020000000000000018,0.0,0.020000000000000018
2022-04-14,0.3599999999999999,0.10000000000000009,0.1299999999999999,0.0,-0.08999999999999986
2022-04-15,0.3599999999999999,0.0,0.0,0.0,0.0
2022-04-16,0.3599999999999999,0.0,0.0,0.0,0.0
2022-04-17,0.3599999999999999,0.0,0.0,0.0,0.0
2022-04-18,0.3900000000000001,-0.010000000000000231,0.020000000000000018,0.0,-0.040000000000000036
2022-04-19,0.3200000000000003,0.1499999999999999,0.08000000000000007,0.0,-0.06000000000000005
2022-04-20,0.25,-0.009999999999999787,-0.08000000000000007,0.0,-0.020000000000000018
2022-04-21,0.21999999999999975,0.08000000000000007,0.04999999999999982,0.0,-0.06000000000000005
2022-04-22,0.17999999999999972,0.040000000000000036,0.0,0.0,0.1499999999999999
2022-04-23,0.17999999999999972,0.0,0.0,0.0,0.0
2022-04-24,0.17999999999999972,0.0,0.0,0.0,0.0
2022-04-25,0.18000000000000016,-0.0900000000000003,-0.08999999999999986,0.0,0.1499999999999999
2022-04-26,0.22999999999999998,-0.08999999999999986,-0.040000000000000036,0.0,0.03000000000000025
2022-04-27,0.23999999999999977,0.040000000000000036,0.04999999999999982,0.0,0.06000000000000005
2022-04-28,0.2200000000000002,0.04999999999999982,0.03000000000000025,0.0,-0.06000000000000005
2022-04-29,0.18999999999999995,0.07000000000000028,0.040000000000000036,0.0,0.10000000000000009
2022-04-30,0.18999999999999995,0.0,0.0,0.0,0.040000000000000036
2022-05-01,0.18999999999999995,0.0,0.0,0.0,0.0
2022-05-02,0.26000000000000023,0.029999999999999805,0.10000000000000009,0.0,0.07999999999999963
2022-05-03,0.1900000000000004,0.04999999999999982,-0.020000000000000018,0.0,-0.07999999999999963
2022-05-04,0.27,-0.11999999999999966,-0.040000000000000036,0.0,0.12999999999999945
2022-05-05,0.33999999999999986,0.04999999999999982,0.11999999999999966,0.49999999999999994,-0.0699999999999994
2022-05-06,0.3999999999999999,0.010000000000000231,0.07000000000000028,0.0,0.14999999999999947
2022-05-07,0.3999999999999999,0.0,0.0,0.0,0.0
2022-05-08,0.3999999999999999,0.0,0.0,0.0,0.0
2022-05-09,0.43999999999999995,-0.11000000000000032,-0.07000000000000028,0.0,0.29000000000000004
2022-05-10,0.3700000000000001,0.010000000000000231,-0.05999999999999961,0.0,0.04999999999999982
2022-05-11,0.25,0.040000000000000036,-0.08000000000000007,0.0,0.03000000000000025
2022-05-12,0.2799999999999998,-0.10000000000000009,-0.07000000000000028,0.0,0.21999999999999975
2022-05-13,0.3200000000000003,0.04999999999999982,0.0900000000000003,0.0,-0.13999999999999968
2022-05-14,0.3200000000000003,0.0,0.0,0.0,0.0
2022-05-15,0.3200000000000003,0.0,0.0,0.0,0.0
2022-05-16,0.2999999999999998,-0.029999999999999805,-0.050000000000000266,0.0,0.08000000000000007
2022-05-17,0.27,0.1299999999999999,0.10000000000000009,0.0,-0.11000000000000032
2022-05-18,0.20999999999999996,-0.029999999999999805,-0.08999999999999986,0.0,0.2400000000000002
2022-05-19,0.20999999999999996,-0.050000000000000266,-0.050000000000000266,0.0,0.08000000000000007
2022-05-20,0.17999999999999972,-0.029999999999999805,-0.06000000000000005,0.0,-0.009999999999999787
2022-05-21,0.17999999999999972,0.0,0.0,0.0,0.0
2022-05-22,0.17999999999999972,0.0,0.0,0.0,0.0
2022-05-23,0.20999999999999996,0.04999999999999982,0.08000000000000007,0.0,-0.08999999999999986
2022-05-24,0.2599999999999998,-0.1499999999999999,-0.10000000000000009,0.0,0.1200000000000001
2022-05-25,0.27,-0.020000000000000018,-0.009999999999999787,0.0,-0.20000000000000018
2022-05-26,0.29000000000000004,-0.020000000000000018,0.0,0.0,-0.3600000000000003
2022-05-27,0.27,0.010000000000000231,-0.009999999999999787,0.0,-0.1899999999999995
2022-05-28,0.27,0.0,0.0,0.0,0.0
2022-05-29,0.27,0.0,0.0,0.0,0.0
2022-05-30,0.27,0.0,0.0,0.0,0.0
2022-05-31,0.3200000000000003,0.05999999999999961,0.10999999999999988,0.0,0.02999999999999936
2022-06-01,0.2799999999999998,0.13000000000000034,0.08999999999999986,0.0,-0.08999999999999986
2022-06-02,0.27,-0.010000000000000231,-0.020000000000000018,0.0,0.020000000000000462
2022-06-03,0.2999999999999998,0.010000000000000231,0.040000000000000036,0.0,0.05999999999999961
2022-06-04,0.2999999999999998,0.0,0.0,0.0,0.0
2022-06-05,0.2999999999999998,0.0,0.0,0.0,0.0
2022-06-06,0.31000000000000005,0.06999999999999984,0.08000000000000007,0.0,-0.019999999999999574
2022-06-07,0.22999999999999998,0.020000000000000018,-0.06000000000000005,0.0,0.14999999999999947
2022-06-08,0.25,0.029999999999999805,0.04999999999999982,0.0,0.0
2022-06-09,0.20999999999999996,0.050000000000000266,0.010000000000000231,0.0,0.08000000000000007
2022-06-10,0.08999999999999986,0.22999999999999998,0.10999999999999988,0.0,0.08999999999999986
2022-06-11,0.08999999999999986,0.0,0.0,0.0,0.0
2022-06-12,0.08999999999999986,0.0,0.0,0.0,0.0
2022-06-13,0.03000000000000025,0.33999999999999986,0.28000000000000025,0.0,0.3600000000000003
2022-06-14,0.040000000000000036,0.050000000000000266,0.06000000000000005,0.0,0.03000000000000025
2022-06-15,0.1299999999999999,-0.25,-0.16000000000000014,0.0,-0.08000000000000007
2022-06-16,0.13999999999999968,-0.06000000000000005,-0.050000000000000266,0.7500000000000001,0.34999999999999964
2022-06-17,0.08000000000000007,0.029999999999999805,-0.029999999999999805,0.0,-0.019999999999999574
2022-06-18,0.08000000000000007,0.0,0.0,0.0,0.0
2022-06-19,0.08000000000000007,0.0,0.0,0.0,0.0
2022-06-20,0.08000000000000007,0.0,0.0,0.0,0.0
2022-06-21,0.10000000000000009,0.040000000000000036,0.06000000000000005,0.0,-0.10000000000000053
2022-06-22,0.10000000000000009,-0.1499999999999999,-0.1499999999999999,0.0,0.27000000000000046
2022-06-23,0.08000000000000007,-0.050000000000000266,-0.07000000000000028,0.0,0.05999999999999961
2022-06-24,0.08999999999999986,0.03000000000000025,0.040000000000000036,0.0,-0.20000000000000018
2022-06-25,0.08999999999999986,0.0,0.0,0.0,0.0
2022-06-26,0.08999999999999986,0.0,0.0,0.0,0.0
2022-06-27,0.1200000000000001,0.040000000000000036,0.07000000000000028,0.0,-0.0699999999999994
2022-06-28,0.10000000000000009,0.020000000000000018,0.0,0.0,0.14999999999999947
2022-06-29,0.040000000000000036,-0.040000000000000036,-0.10000000000000009,0.0,0.3600000000000003
2022-06-30,0.06000000000000005,-0.14000000000000012,-0.1200000000000001,0.0,0.25
2022-07-01,0.040000000000000036,-0.08000000000000007,-0.10000000000000009,0.0,0.04999999999999982
2022-07-02,0.040000000000000036,0.0,0.0,0.0,0.0
2022-07-03,0.040000000000000036,0.0,0.0,0.0,0.0
2022-07-04,0.040000000000000036,0.0,0.0,0.0,0.009999999999999787
2022-07-05,0.0,-0.020000000000000018,-0.06000000000000005,0.0,0.0600000000000005
2022-07-06,-0.040000000000000036,0.15000000000000036,0.11000000000000032,0.0,-0.1900000000000004
2022-07-07,-0.020000000000000018,0.05999999999999961,0.07999999999999963,0.0,-0.2999999999999998
2022-07-08,-0.03000000000000025,0.0900000000000003,0.08000000000000007,0.0,-0.13999999999999968
2022-07-09,-0.03000000000000025,0.0,0.0,0.0,0.0
2022-07-10,-0.03000000000000025,0.0,0.0,0.0,0.0
2022-07-11,-0.07999999999999963,-0.050000000000000266,-0.09999999999999964,0.0,0.08000000000000007
2022-07-12,-0.06999999999999984,-0.040000000000000036,-0.03000000000000025,0.0,-0.010000000000000675
2022-07-13,-0.21999999999999975,0.10000000000000009,-0.04999999999999982,0.0,0.040000000000000036
2022-07-14,-0.18999999999999995,0.020000000000000018,0.04999999999999982,0.0,0.0600000000000005
2022-07-15,-0.19999999999999973,-0.020000000000000018,-0.029999999999999805,0.0,-0.14000000000000057
2022-07-16,-0.19999999999999973,0.0,0.0,0.0,0.0
2022-07-17,-0.19999999999999973,0.0,0.0,0.0,0.0
2022-07-18,-0.18999999999999995,0.020000000000000018,0.029999999999999805,0.0,-0.13999999999999968
2022-07-19,-0.2200000000000002,0.08000000000000007,0.04999999999999982,0.0,-0.15000000000000036
2022-07-20,-0.20999999999999996,0.020000000000000018,0.03000000000000025,0.0,-0.1999999999999993
2022-07-21,-0.18999999999999995,-0.1499999999999999,-0.1299999999999999,0.0,0.08999999999999986
2022-07-22,-0.20999999999999996,-0.1200000000000001,-0.14000000000000012,0.0,-0.03000000000000025
2022-07-23,-0.20999999999999996,0.0,0.0,0.0,0.0
2022-07-24,-0.20999999999999996,0.0,0.0,0.0,0.0
2022-07-25,-0.18999999999999995,0.020000000000000018,0.040000000000000036,0.0,-0.009999999999999787
2022-07-26,-0.20999999999999996,0.020000000000000018,0.0,0.0,0.10999999999999943
2022-07-27,-0.18000000000000016,-0.06000000000000005,-0.03000000000000025,0.0,0.010000000000000675
2022-07-28,-0.16999999999999993,-0.10999999999999988,-0.09999999999999964,0.75,-0.08999999999999986
2022-07-29,-0.2200000000000002,0.040000000000000036,-0.010000000000000231,-0.010000000000000231,-0.21000000000000085
2022-07-30,-0.2200000000000002,0.0,0.0,0.0,0.0
2022-07-31,-0.2200000000000002,0.0,0.0,0.0,0.0600000000000005
2022-08-01,-0.2999999999999998,0.009999999999999787,-0.06999999999999984,0.010000000000000231,-0.03000000000000025
2022-08-02,-0.31000000000000005,0.16000000000000014,0.1499999999999999,0.0,-0.1899999999999995
2022-08-03,-0.3700000000000001,0.040000000000000036,-0.020000000000000018,0.0,-0.07000000000000028
2022-08-04,-0.34999999999999964,-0.07000000000000028,-0.04999999999999982,0.0,0.009999999999999787
2022-08-05,-0.41000000000000014,0.2100000000000004,0.1499999999999999,0.0,-0.10999999999999943
2022-08-06,-0.41000000000000014,0.0,0.0,0.0,0.0
2022-08-07,-0.41000000000000014,0.0,0.0,0.0,0.0
2022-08-08,-0.43999999999999995,-0.03000000000000025,-0.06000000000000005,0.0,-0.03000000000000025
2022-08-09,-0.48,0.06999999999999984,0.029999999999999805,0.0,0.04999999999999982
2022-08-10,-0.4500000000000002,-0.04999999999999982,-0.020000000000000018,0.0,-0.1299999999999999
2022-08-11,-0.3599999999999999,0.0,0.0900000000000003,0.0,-0.1200000000000001
2022-08-12,-0.41000000000000014,0.020000000000000018,-0.03000000000000025,0.0,0.040000000000000036
2022-08-13,-0.41000000000000014,0.0,0.0,0.0,0.0
2022-08-14,-0.41000000000000014,0.0,0.0,0.0,0.0
2022-08-15,-0.41000000000000014,-0.04999999999999982,-0.04999999999999982,0.0,-0.009999999999999787
2022-08-16,-0.43000000000000016,0.04999999999999982,0.029999999999999805,0.0,0.009999999999999787
2022-08-17,-0.3899999999999997,0.029999999999999805,0.07000000000000028,0.0,0.08000000000000007
2022-08-18,-0.3400000000000003,-0.05999999999999961,-0.010000000000000231,0.0,0.040000000000000036
2022-08-19,-0.27,0.029999999999999805,0.10000000000000009,0.0,0.08000000000000007
2022-08-20,-0.27,0.0,0.0,0.0,0.0
2022-08-21,-0.27,0.0,0.0,0.0,0.0
2022-08-22,-0.29000000000000004,0.06999999999999984,0.04999999999999982,0.0,0.16999999999999993
2022-08-23,-0.2400000000000002,-0.029999999999999805,0.020000000000000018,0.0,0.05999999999999961
2022-08-24,-0.25,0.06999999999999984,0.06000000000000005,0.0,-0.0699999999999994
2022-08-25,-0.3200000000000003,-0.009999999999999787,-0.08000000000000007,0.0,-0.010000000000000675
2022-08-26,-0.33000000000000007,0.020000000000000018,0.010000000000000231,0.0,0.05000000000000071
2022-08-27,-0.33000000000000007,0.0,0.0,0.0,0.0
2022-08-28,-0.33000000000000007,0.0,0.0,0.0,0.0
2022-08-29,-0.2999999999999998,0.04999999999999982,0.08000000000000007,0.0,0.1299999999999999
2022-08-30,-0.3500000000000001,0.040000000000000036,-0.010000000000000231,0.0,0.1200000000000001
2022-08-31,-0.30000000000000027,-0.009999999999999787,0.040000000000000036,0.0,0.1299999999999999
2022-09-01,-0.25,0.05999999999999961,0.10999999999999988,0.0,0.04999999999999982
2022-09-02,-0.19999999999999973,-0.10999999999999988,-0.05999999999999961,0.0,-0.020000000000000462
2022-09-03,-0.19999999999999973,0.0,0.0,0.0,0.0
2022-09-04,-0.19999999999999973,0.0,0.0,0.0,0.0
2022-09-05,-0.19999999999999973,0.0,0.0,0.0,0.010000000000000675
2022-09-06,-0.16999999999999993,0.10000000000000009,0.1299999999999999,0.0,-0.08999999999999986
2022-09-07,-0.18000000000000016,-0.04999999999999982,-0.06000000000000005,0.0,-0.010000000000000675
2022-09-08,-0.18999999999999995,0.029999999999999805,0.020000000000000018,0.0,-0.16999999999999993
2022-09-09,-0.22999999999999998,0.08000000000000007,0.040000000000000036,0.0,-0.22999999999999954
2022-09-10,-0.22999999999999998,0.0,0.0,0.0,0.0
2022-09-11,-0.22999999999999998,0.0,0.0,0.0,0.0
2022-09-12,-0.20999999999999996,0.020000000000000018,0.040000000000000036,0.0,-0.07000000000000028
2022-09-13,-0.33000000000000007,0.16999999999999993,0.04999999999999982,0.0,0.17999999999999972
2022-09-14,-0.36999999999999966,0.029999999999999805,-0.009999999999999787,0.0,0.0600000000000005
2022-09-15,-0.41999999999999993,0.0900000000000003,0.040000000000000036,0.0,0.02999999999999936
2022-09-16,-0.3999999999999999,-0.020000000000000018,0.0,0.0,0.23000000000000043
2022-09-17,-0.3999999999999999,0.0,0.0,0.0,0.0
2022-09-18,-0.3999999999999999,0.0,0.0,0.0,0.0
2022-09-19,-0.45999999999999996,0.10000000000000009,0.040000000000000036,0.0,-0.1200000000000001
2022-09-20,-0.3900000000000001,0.009999999999999787,0.07999999999999963,0.0,0.0
2022-09-21,-0.5099999999999998,0.05999999999999961,-0.06000000000000005,0.0,-0.009999999999999787
2022-09-22,-0.41000000000000014,0.09000000000000075,0.1900000000000004,0.75,0.040000000000000036
2022-09-23,-0.5100000000000002,0.08999999999999986,-0.010000000000000231,0.0,0.20999999999999996
2022-09-24,-0.5100000000000002,0.0,0.0,0.0,0.0
2022-09-25,-0.5100000000000002,0.0,0.0,0.0,0.0
2022-09-26,-0.3899999999999997,0.0699999999999994,0.18999999999999995,0.0,0.05999999999999961
2022-09-27,-0.3299999999999996,0.03000000000000025,0.0900000000000003,0.0,0.040000000000000036
2022-09-28,-0.3500000000000001,-0.22999999999999954,-0.25,0.0,0.25
2022-09-29,-0.40000000000000036,0.08999999999999986,0.03999999999999959,0.0,0.03000000000000025
2022-09-30,-0.3899999999999997,0.05999999999999961,0.07000000000000028,0.0,-0.07000000000000028
2022-10-01,-0.3899999999999997,0.0,0.0,0.0,0.0
2022-10-02,-0.3899999999999997,0.0,0.0,0.0,0.0
2022-10-03,-0.4500000000000002,-0.09999999999999964,-0.16000000000000014,0.0,0.0
2022-10-04,-0.47999999999999954,-0.020000000000000462,-0.04999999999999982,0.0,-0.3099999999999996
2022-10-05,-0.39000000000000057,0.05000000000000071,0.13999999999999968,0.0,-0.03000000000000025
2022-10-06,-0.40000000000000036,0.08000000000000007,0.07000000000000028,0.0,-0.13999999999999968
2022-10-07,-0.4099999999999997,0.0699999999999994,0.06000000000000005,0.0,0.0699999999999994
2022-10-08,-0.4099999999999997,0.0,0.0,0.0,0.0
2022-10-09,-0.4099999999999997,0.0,0.0,0.0,0.0
2022-10-10,-0.4099999999999997,0.0,0.0,0.0,0.010000000000000675
2022-10-11,-0.36999999999999966,0.0,0.040000000000000036,0.0,0.21999999999999975
2022-10-12,-0.3700000000000001,-0.019999999999999574,-0.020000000000000018,0.0,0.05999999999999961
2022-10-13,-0.49999999999999956,0.1899999999999995,0.06000000000000005,0.0,-0.05999999999999961
2022-10-14,-0.4800000000000004,0.010000000000000675,0.029999999999999805,0.0,-0.09999999999999964
2022-10-15,-0.4800000000000004,0.0,0.0,0.0,0.0
2022-10-16,-0.4800000000000004,0.0,0.0,0.0,0.0
2022-10-17,-0.4300000000000006,-0.03000000000000025,0.019999999999999574,0.0,-0.11000000000000032
2022-10-18,-0.41999999999999993,-0.020000000000000462,-0.009999999999999787,0.0,-0.08999999999999986
2022-10-19,-0.41000000000000014,0.1200000000000001,0.1299999999999999,0.0,0.019999999999999574
2022-10-20,-0.3799999999999999,0.07000000000000028,0.10000000000000053,0.0,-0.08000000000000007
2022-10-21,-0.28000000000000025,-0.1299999999999999,-0.03000000000000025,0.0,0.10000000000000053
2022-10-22,-0.28000000000000025,0.0,0.0,0.0,0.0
2022-10-23,-0.28000000000000025,0.0,0.0,0.0,0.0
2022-10-24,-0.25,0.009999999999999787,0.040000000000000036,0.0,-0.08000000000000007
2022-10-25,-0.3200000000000003,-0.08000000000000007,-0.15000000000000036,0.0,-0.03000000000000025
2022-10-26,-0.34999999999999964,-0.03000000000000025,-0.05999999999999961,0.0,-0.08000000000000007
2022-10-27,-0.33999999999999986,-0.08999999999999986,-0.08000000000000007,0.0,-0.040000000000000036
2022-10-28,-0.39000000000000057,0.11000000000000032,0.05999999999999961,0.0,-0.21999999999999975
2022-10-29,-0.39000000000000057,0.0,0.0,0.0,0.0
2022-10-30,-0.39000000000000057,0.0,0.0,0.0,0.0
2022-10-31,-0.41000000000000014,0.09999999999999964,0.08000000000000007,0.0,0.08999999999999986
2022-11-01,-0.46999999999999975,0.03000000000000025,-0.02999999999999936,0.0,-0.019999999999999574
2022-11-02,-0.5100000000000007,0.07000000000000028,0.02999999999999936,0.0,0.009999999999999787
2022-11-03,-0.5700000000000003,0.09999999999999964,0.040000000000000036,0.75,0.1899999999999995
2022-11-04,-0.4900000000000002,-0.04999999999999982,0.03000000000000025,0.0,-0.040000000000000036
2022-11-05,-0.4900000000000002,0.0,0.0,0.0,0.0
2022-11-06,-0.4900000000000002,0.0,0.0,0.0,0.0
2022-11-07,-0.5,0.05999999999999961,0.04999999999999982,0.0,-0.05999999999999961
2022-11-08,-0.5300000000000002,-0.04999999999999982,-0.08000000000000007,0.0,0.08000000000000007
2022-11-09,-0.4900000000000002,-0.05999999999999961,-0.019999999999999574,0.0,0.20000000000000018
2022-11-10,-0.52,-0.27000000000000046,-0.30000000000000027,0.0,-0.1900000000000004
2022-11-11,-0.52,0.0,0.0,0.0,0.009999999999999787
2022-11-12,-0.52,0.0,0.0,0.0,0.0
2022-11-13,-0.52,0.0,0.0,0.0,0.0
2022-11-14,-0.5200000000000005,0.0600000000000005,0.06000000000000005,0.0,-0.13999999999999968
2022-11-15,-0.5700000000000003,-0.03000000000000025,-0.08000000000000007,0.0,-0.03000000000000025
2022-11-16,-0.6799999999999997,-0.020000000000000462,-0.1299999999999999,0.0,0.07000000000000028
2022-11-17,-0.6599999999999997,0.08000000000000007,0.10000000000000009,0.0,0.040000000000000036
2022-11-18,-0.69,0.08000000000000007,0.04999999999999982,0.0,-0.09999999999999964
2022-11-19,-0.69,0.0,0.0,0.0,0.0
2022-11-20,-0.69,0.0,0.0,0.0,0.0
2022-11-21,-0.6500000000000004,-0.02999999999999936,0.010000000000000231,0.0,-0.010000000000000675
2022-11-22,-0.71,-0.010000000000000675,-0.07000000000000028,0.0,-0.0699999999999994
2022-11-23,-0.75,-0.009999999999999787,-0.04999999999999982,0.0,-0.0600000000000005
2022-11-24,-0.75,0.0,0.0,0.0,0.0
2022-11-25,-0.7399999999999998,-0.040000000000000036,-0.029999999999999805,0.0,0.009999999999999787
2022-11-26,-0.7399999999999998,0.0,0.0,0.0,0.0
2022-11-27,-0.7399999999999998,0.0,0.0,0.0,0.0
2022-11-28,-0.77,0.040000000000000036,0.009999999999999787,0.0,0.11000000000000032
2022-11-29,-0.7300000000000004,0.020000000000000462,0.06000000000000005,0.0,0.0
2022-11-30,-0.6999999999999997,-0.10000000000000053,-0.06999999999999984,0.0,-0.08000000000000007
2022-12-01,-0.7200000000000002,-0.1299999999999999,-0.15000000000000036,0.0,-0.0699999999999994
2022-12-02,-0.7700000000000005,0.03000000000000025,-0.020000000000000018,0.0,0.019999999999999574
2022-12-03,-0.7700000000000005,0.0,0.0,0.0,0.0
2022-12-04,-0.7700000000000005,0.0,0.0,0.0,0.0
2022-12-05,-0.81,0.1299999999999999,0.0900000000000003,0.0,-0.07000000000000028
2022-12-06,-0.8300000000000001,-0.07000000000000028,-0.0900000000000003,0.0,0.14000000000000057
2022-12-07,-0.8399999999999999,-0.08000000000000007,-0.08999999999999986,0.0,0.10999999999999943
2022-12-08,-0.8299999999999996,0.04999999999999982,0.06000000000000005,0.0,-0.1299999999999999
2022-12-09,-0.7600000000000002,0.020000000000000462,0.08999999999999986,0.0,-0.08999999999999986
2022-12-10,-0.7600000000000002,0.0,0.0,0.0,0.0
2022-12-11,-0.7600000000000002,0.0,0.0,0.0,0.0
2022-12-12,-0.7799999999999998,0.05999999999999961,0.040000000000000036,0.0,-0.05999999999999961
2022-12-13,-0.71,-0.16999999999999993,-0.10000000000000009,0.0,-0.0600000000000005
2022-12-14,-0.7400000000000002,0.010000000000000675,-0.019999999999999574,0.0,0.03000000000000025
2022-12-15,-0.7900000000000005,0.0,-0.050000000000000266,0.5,0.16999999999999993
2022-12-16,-0.69,-0.0600000000000005,0.040000000000000036,0.0,0.1299999999999999
2022-12-17,-0.69,0.0,0.0,0.0,0.0
2022-12-18,-0.69,0.0,0.0,0.0,0.0
2022-12-19,-0.6800000000000002,0.08000000000000007,0.08999999999999986,0.0,0.0
2022-12-20,-0.56,0.0,0.1200000000000001,0.0,0.009999999999999787
2022-12-21,-0.5299999999999998,-0.040000000000000036,-0.009999999999999787,0.0,-0.1200000000000001
2022-12-22,-0.5700000000000003,0.03000000000000025,-0.010000000000000231,0.0,0.05000000000000071
2022-12-23,-0.5599999999999996,0.0699999999999994,0.08000000000000007,0.0,-0.020000000000000462
2022-12-24,-0.5599999999999996,0.0,0.0,0.0,0.0
2022-12-25,-0.5599999999999996,0.0,0.0,0.0,0.0
2022-12-26,-0.5599999999999996,0.0,0.0,0.0,0.0
2022-12-27,-0.4800000000000004,0.010000000000000675,0.08999999999999986,0.0,-0.040000000000000036
2022-12-28,-0.4299999999999997,-0.010000000000000675,0.040000000000000036,0.0,0.21999999999999975
2022-12-29,-0.5099999999999998,0.03000000000000025,-0.04999999999999982,0.0,0.040000000000000036
2022-12-30,-0.5300000000000002,0.07000000000000028,0.04999999999999982,0.0,-0.019999999999999574
2022-12-31,-0.5300000000000002,0.0,0.0,0.0,0.019999999999999574
2023-01-01,-0.5300000000000002,0.0,0.0,0.0,0.0
2023-01-02,-0.5300000000000002,0.0,0.0,0.0,0.0
2023-01-03,-0.6100000000000003,-0.009999999999999787,-0.08999999999999986,0.0,-0.10999999999999943
2023-01-04,-0.6700000000000004,-0.040000000000000036,-0.10000000000000009,0.0,-0.08000000000000007
2023-01-05,-0.7400000000000002,0.08999999999999986,0.020000000000000018,0.0,-0.040000000000000036
2023-01-06,-0.6900000000000004,-0.20999999999999996,-0.16000000000000014,0.0,-0.11000000000000032
2023-01-07,-0.6900000000000004,0.0,0.0,0.0,0.0
2023-01-08,-0.6900000000000004,0.0,0.0,0.0,0.0
2023-01-09,-0.6600000000000006,-0.04999999999999982,-0.020000000000000018,0.0,-0.09999999999999964
2023-01-10,-0.6300000000000003,0.04999999999999982,0.08000000000000007,0.0,-0.040000000000000036
2023-01-11,-0.6600000000000001,-0.040000000000000036,-0.06999999999999984,0.0,-0.03000000000000025
2023-01-12,-0.69,-0.08000000000000007,-0.10999999999999988,0.0,-0.009999999999999787
2023-01-13,-0.7299999999999995,0.09999999999999964,0.06000000000000005,0.0,-0.08000000000000007
2023-01-14,-0.7299999999999995,0.0,0.0,0.0,0.0
2023-01-15,-0.7299999999999995,0.0,0.0,0.0,0.0
2023-01-16,-0.7299999999999995,0.0,0.0,0.0,-0.019999999999999574
2023-01-17,-0.6499999999999999,-0.040000000000000036,0.03999999999999959,0.0,0.0
2023-01-18,-0.6899999999999995,-0.1200000000000001,-0.1599999999999997,0.0,0.05999999999999961
2023-01-19,-0.6999999999999997,0.03000000000000025,0.020000000000000018,0.0,0.13999999999999968
2023-01-20,-0.6599999999999997,0.04999999999999982,0.08999999999999986,0.0,-0.040000000000000036
2023-01-21,-0.6599999999999997,0.0,0.0,0.0,0.0
2023-01-22,-0.6599999999999997,0.0,0.0,0.0,0.0
2023-01-23,-0.69,0.07000000000000028,0.040000000000000036,0.0,-0.08000000000000007
2023-01-24,-0.6600000000000001,-0.08999999999999986,-0.06000000000000005,0.0,0.0600000000000005
2023-01-25,-0.6500000000000004,-0.009999999999999787,0.0,0.0,0.019999999999999574
2023-01-26,-0.6799999999999997,0.05999999999999961,0.03000000000000025,0.0,-0.10999999999999943
2023-01-27,-0.6700000000000004,0.020000000000000462,0.029999999999999805,0.0,-0.009999999999999787
2023-01-28,-0.6700000000000004,0.0,0.0,0.0,0.0
2023-01-29,-0.6700000000000004,0.0,0.0,0.0,0.0
2023-01-30,-0.7000000000000002,0.05999999999999961,0.029999999999999805,0.0,0.02999999999999936
2023-01-31,-0.69,-0.040000000000000036,-0.029999999999999805,0.0,0.040000000000000036
2023-02-01,-0.6999999999999997,-0.1200000000000001,-0.1299999999999999,0.0,0.009999999999999787
2023-02-02,-0.69,0.0,0.009999999999999787,0.25,-0.36999999999999966
2023-02-03,-0.77,0.20999999999999996,0.1299999999999999,0.0,0.010000000000000231
2023-02-04,-0.77,0.0,0.0,0.0,0.0
2023-02-05,-0.77,0.0,0.0,0.0,0.0
2023-02-06,-0.8100000000000005,0.14000000000000057,0.10000000000000009,0.0,0.040000000000000036
2023-02-07,-0.7999999999999998,0.02999999999999936,0.040000000000000036,0.0,0.0
2023-02-08,-0.8200000000000003,-0.019999999999999574,-0.040000000000000036,0.0,0.08000000000000007
2023-02-09,-0.8100000000000005,0.03000000000000025,0.040000000000000036,-0.009999999999999787,-0.020000000000000462
2023-02-10,-0.7599999999999998,0.019999999999999574,0.07000000000000028,0.009999999999999787,0.1900000000000004
2023-02-11,-0.7599999999999998,0.0,0.0,0.0,0.0
2023-02-12,-0.7599999999999998,0.0,0.0,0.0,0.0
2023-02-13,-0.7999999999999994,0.019999999999999574,-0.020000000000000018,0.0,-0.009999999999999787
2023-02-14,-0.8299999999999996,0.08000000000000007,0.04999999999999982,0.0,-0.08000000000000007
2023-02-15,-0.81,0.020000000000000462,0.040000000000000036,0.0,0.02999999999999936
2023-02-16,-0.7600000000000002,0.0,0.04999999999999982,0.0,0.0600000000000005
2023-02-17,-0.7799999999999998,-0.020000000000000462,-0.040000000000000036,0.0,0.13999999999999968
2023-02-18,-0.7799999999999998,0.0,0.0,0.0,0.0
2023-02-19,-0.7799999999999998,0.0,0.0,0.0,0.0
2023-02-20,-0.7799999999999998,0.0,0.0,0.0,0.0
2023-02-21,-0.7199999999999998,0.07000000000000028,0.13000000000000034,0.0,0.11000000000000032
2023-02-22,-0.73,-0.009999999999999787,-0.020000000000000018,0.0,-0.08000000000000007
2023-02-23,-0.7800000000000002,0.0,-0.050000000000000266,0.0,-0.11000000000000032
2023-02-24,-0.8300000000000001,0.1200000000000001,0.07000000000000028,0.0,-0.019999999999999574
2023-02-25,-0.8300000000000001,0.0,0.0,0.0,0.0
2023-02-26,-0.8300000000000001,0.0,0.0,0.0,0.0
2023-02-27,-0.8600000000000003,0.0,-0.03000000000000025,-0.009999999999999787,-0.07000000000000028
2023-02-28,-0.8899999999999997,0.02999999999999936,0.0,0.0,0.009999999999999787
2023-03-01,-0.8799999999999999,0.08000000000000007,0.08999999999999986,0.009999999999999787,-0.04999999999999982
2023-03-02,-0.8099999999999996,0.0,0.07000000000000028,-0.009999999999999787,0.009999999999999787
2023-03-03,-0.8900000000000001,-0.02999999999999936,-0.10999999999999988,0.0,-0.1299999999999999
2023-03-04,-0.8900000000000001,0.0,0.0,0.0,0.0
2023-03-05,-0.8900000000000001,0.0,0.0,0.0,0.0
2023-03-06,-0.9099999999999997,0.02999999999999936,0.009999999999999787,0.0,-0.07999999999999963
2023-03-07,-1.0299999999999998,0.11000000000000032,-0.009999999999999787,0.0,0.009999999999999787
2023-03-08,-1.0699999999999998,0.04999999999999982,0.009999999999999787,0.0,0.10999999999999988
2023-03-09,-0.9700000000000002,-0.14999999999999947,-0.04999999999999982,0.0,0.17999999999999972
2023-03-10,-0.8999999999999995,-0.3000000000000007,-0.22999999999999998,0.0,0.34000000000000075
2023-03-11,-0.8999999999999995,0.0,0.0,0.0,0.0
2023-03-12,-0.8999999999999995,0.0,0.0,0.0,0.0
2023-03-13,-0.4800000000000004,-0.5699999999999994,-0.15000000000000036,0.009999999999999787,0.41999999999999993
2023-03-14,-0.56,0.16999999999999993,0.0900000000000003,0.0,-0.29000000000000004
2023-03-15,-0.4200000000000004,-0.27,-0.13000000000000034,0.0,0.45999999999999996
2023-03-16,-0.5799999999999996,0.20999999999999952,0.050000000000000266,0.0,-0.27000000000000046
2023-03-17,-0.41999999999999993,-0.3299999999999996,-0.16999999999999993,0.0,0.2400000000000002
2023-03-18,-0.41999999999999993,0.0,0.0,0.0,0.0
2023-03-19,-0.41999999999999993,0.0,0.0,0.0,0.0
2023-03-20,-0.44999999999999973,0.10999999999999988,0.08000000000000007,0.0,-0.019999999999999574
2023-03-21,-0.5800000000000001,0.25,0.11999999999999966,0.0,-0.3000000000000007
2023-03-22,-0.48,-0.20999999999999996,-0.10999999999999988,0.0,0.15000000000000036
2023-03-23,-0.3799999999999999,-0.20000000000000018,-0.10000000000000009,0.25,0.09999999999999964
2023-03-24,-0.3799999999999999,0.0,0.0,0.0,0.1200000000000001
2023-03-25,-0.3799999999999999,0.0,0.0,0.0,0.0
2023-03-26,-0.3799999999999999,0.0,0.0,0.0,0.0
2023-03-27,-0.41000000000000014,0.18000000000000016,0.1499999999999999,0.0,-0.1899999999999995
2023-03-28,-0.46999999999999975,0.07999999999999963,0.020000000000000018,0.0,-0.020000000000000462
2023-03-29,-0.5100000000000002,0.0600000000000005,0.020000000000000018,0.0,-0.17999999999999972
2023-03-30,-0.5499999999999998,0.019999999999999574,-0.020000000000000018,0.0,-0.08999999999999986
2023-03-31,-0.5799999999999996,-0.040000000000000036,-0.06999999999999984,0.0,-0.16000000000000014
2023-04-01,-0.5799999999999996,0.0,0.0,0.0,0.0
2023-04-02,-0.5799999999999996,0.0,0.0,0.0,0.0
2023-04-03,-0.54,-0.08999999999999941,-0.04999999999999982,0.0,0.0
2023-04-04,-0.48999999999999977,-0.13000000000000034,-0.08000000000000007,0.0,0.15000000000000036
2023-04-05,-0.4900000000000002,-0.04999999999999982,-0.050000000000000266,0.0,0.10999999999999943
2023-04-06,-0.52,0.029999999999999805,0.0,0.0,0.0
2023-04-07,-0.5800000000000001,0.15000000000000036,0.0900000000000003,0.0,0.0
2023-04-08,-0.5800000000000001,0.0,0.0,0.0,0.0
2023-04-09,-0.5800000000000001,0.0,0.0,0.0,0.0
2023-04-10,-0.5899999999999999,0.029999999999999805,0.020000000000000018,0.0,-0.13999999999999968
2023-04-11,-0.6000000000000001,0.03000000000000025,0.020000000000000018,0.0,-0.07000000000000028
2023-04-12,-0.54,-0.08000000000000007,-0.020000000000000018,0.0,-0.009999999999999787
2023-04-13,-0.5099999999999998,0.009999999999999787,0.040000000000000036,0.0,-0.1299999999999999
2023-04-14,-0.56,0.1200000000000001,0.06999999999999984,0.0,-0.0600000000000005
2023-04-15,-0.56,0.0,0.0,0.0,0.0
2023-04-16,-0.56,0.0,0.0,0.0,0.0
2023-04-17,-0.5799999999999996,0.09999999999999964,0.08000000000000007,0.0,-0.019999999999999574
2023-04-18,-0.6100000000000003,0.010000000000000675,-0.020000000000000018,0.0,-0.040000000000000036
2023-04-19,-0.6400000000000001,0.04999999999999982,0.020000000000000018,0.0,0.040000000000000036
2023-04-20,-0.5999999999999996,-0.10000000000000053,-0.06000000000000005,0.0,0.1299999999999999
2023-04-21,-0.6000000000000001,0.03000000000000025,0.029999999999999805,0.0,-0.08000000000000007
2023-04-22,-0.6000000000000001,0.0,0.0,0.0,0.0
2023-04-23,-0.6000000000000001,0.0,0.0,0.0,0.0
2023-04-24,-0.6000000000000001,-0.04999999999999982,-0.04999999999999982,0.0,0.020000000000000462
2023-04-25,-0.45999999999999996,-0.26000000000000023,-0.1200000000000001,0.0,0.15999999999999925
2023-04-26,-0.46999999999999975,0.040000000000000036,0.03000000000000025,0.0,-0.009999999999999787
2023-04-27,-0.5400000000000005,0.17000000000000037,0.09999999999999964,0.0,-0.14999999999999947
2023-04-28,-0.6000000000000001,-0.03000000000000025,-0.08999999999999986,0.0,0.019999999999999574
2023-04-29,-0.6000000000000001,0.0,0.0,0.0,0.0
2023-04-30,-0.6000000000000001,0.0,0.0,0.0,0.03000000000000025
2023-05-01,-0.5499999999999998,0.09999999999999964,0.1499999999999999,0.0,-0.08000000000000007
2023-05-02,-0.5300000000000002,-0.16999999999999948,-0.1499999999999999,0.0,0.25
2023-05-03,-0.5100000000000002,-0.08000000000000007,-0.06000000000000005,0.0,0.08999999999999986
2023-05-04,-0.3799999999999999,-0.14000000000000012,-0.009999999999999787,0.25,0.16000000000000014
2023-05-05,-0.48,0.16999999999999993,0.06999999999999984,0.0,-0.1800000000000006
2023-05-06,-0.48,0.0,0.0,0.0,0.0
2023-05-07,-0.48,0.0,0.0,0.0,0.0
2023-05-08,-0.48,0.08000000000000007,0.08000000000000007,0.0,-0.04999999999999982
2023-05-09,-0.48,0.009999999999999787,0.009999999999999787,0.0,0.020000000000000462
2023-05-10,-0.46999999999999975,-0.10999999999999988,-0.09999999999999964,0.0,0.040000000000000036
2023-05-11,-0.5,-0.009999999999999787,-0.040000000000000036,0.0,0.02999999999999936
2023-05-12,-0.52,0.08999999999999986,0.06999999999999984,0.0,-0.04999999999999982
2023-05-13,-0.52,0.0,0.0,0.0,0.0
2023-05-14,-0.52,0.0,0.0,0.0,0.0
2023-05-15,-0.4900000000000002,0.010000000000000231,0.040000000000000036,0.0,0.009999999999999787
2023-05-16,-0.5199999999999996,0.0699999999999994,0.040000000000000036,0.0,0.020000000000000462
2023-05-17,-0.5500000000000003,0.0600000000000005,0.029999999999999805,0.0,-0.040000000000000036
2023-05-18,-0.5900000000000003,0.1200000000000001,0.08000000000000007,0.0,-0.05999999999999961
2023-05-19,-0.5800000000000001,0.040000000000000036,0.050000000000000266,0.0,-0.07000000000000028
2023-05-20,-0.5800000000000001,0.0,0.0,0.0,0.0
2023-05-21,-0.5800000000000001,0.0,0.0,0.0,0.0
2023-05-22,-0.5699999999999998,0.009999999999999787,0.020000000000000018,0.0,-0.08000000000000007
2023-05-23,-0.5599999999999996,-0.03000000000000025,-0.020000000000000018,0.0,0.05999999999999961
2023-05-24,-0.5799999999999996,0.04999999999999982,0.029999999999999805,0.0,0.08000000000000007
2023-05-25,-0.6699999999999999,0.1900000000000004,0.10000000000000009,0.0,-0.09999999999999964
2023-05-26,-0.7400000000000002,0.040000000000000036,-0.03000000000000025,0.0,-0.04999999999999982
2023-05-27,-0.7400000000000002,0.0,0.0,0.0,0.0
2023-05-28,-0.7400000000000002,0.0,0.0,0.0,0.0
2023-05-29,-0.7400000000000002,0.0,0.0,0.0,0.009999999999999787
2023-05-30,-0.77,-0.08000000000000007,-0.10999999999999988,0.0,0.040000000000000036
2023-05-31,-0.7600000000000002,-0.05999999999999961,-0.04999999999999982,0.0,0.11000000000000032
2023-06-01,-0.7200000000000002,-0.07000000000000028,-0.03000000000000025,0.0,-0.040000000000000036
2023-06-02,-0.81,0.16999999999999993,0.08000000000000007,0.0,-0.28000000000000025
2023-06-03,-0.81,0.0,0.0,0.0,0.0
2023-06-04,-0.81,0.0,0.0,0.0,0.0
2023-06-05,-0.77,-0.040000000000000036,0.0,0.0,0.019999999999999574
2023-06-06,-0.8099999999999996,0.04999999999999982,0.010000000000000231,0.0,0.0
2023-06-07,-0.7699999999999996,0.04999999999999982,0.08999999999999986,0.0,-0.05999999999999961
2023-06-08,-0.7899999999999996,-0.040000000000000036,-0.06000000000000005,0.0,0.05999999999999961
2023-06-09,-0.8399999999999999,0.07000000000000028,0.020000000000000018,0.0,-0.09999999999999964
2023-06-10,-0.8399999999999999,0.0,0.0,0.0,0.0
2023-06-11,-0.8399999999999999,0.0,0.0,0.0,0.0
2023-06-12,-0.8199999999999998,-0.040000000000000036,-0.020000000000000018,0.0,0.04999999999999982
2023-06-13,-0.8300000000000001,0.1200000000000001,0.10999999999999988,0.0,-0.16000000000000014
2023-06-14,-0.9100000000000001,0.07000000000000028,-0.009999999999999787,0.0,0.0
2023-06-15,-0.8999999999999999,-0.1200000000000001,-0.10999999999999988,-0.009999999999999787,0.03000000000000025
2023-06-16,-0.9300000000000002,0.08000000000000007,0.04999999999999982,0.009999999999999787,-0.05999999999999961
2023-06-17,-0.9300000000000002,0.0,0.0,0.0,0.0
2023-06-18,-0.9300000000000002,0.0,0.0,0.0,0.0
2023-06-19,-0.9300000000000002,0.0,0.0,0.0,0.0
2023-06-20,-0.9399999999999995,-0.020000000000000462,-0.029999999999999805,-0.009999999999999787,0.0699999999999994
2023-06-21,-0.9599999999999995,0.0,-0.020000000000000018,0.0,0.10000000000000053
2023-06-22,-0.9699999999999998,0.08999999999999986,0.07999999999999963,0.0,-0.020000000000000462
2023-06-23,-0.9699999999999998,-0.05999999999999961,-0.05999999999999961,0.0,0.10000000000000053
2023-06-24,-0.9699999999999998,0.0,0.0,0.0,0.0
2023-06-25,-0.9699999999999998,0.0,0.0,0.0,0.0
2023-06-26,-0.9300000000000002,-0.05999999999999961,-0.020000000000000018,0.0,0.04999999999999982
2023-06-27,-0.9700000000000002,0.08999999999999986,0.04999999999999982,0.0,-0.15000000000000036
2023-06-28,-1.0,-0.03000000000000025,-0.06000000000000005,0.0,-0.03000000000000025
2023-06-29,-1.02,0.16000000000000014,0.14000000000000012,0.0,-0.1299999999999999
2023-06-30,-1.06,0.0,-0.040000000000000036,0.009999999999999787,-0.08999999999999986
2023-07-01,-1.06,0.0,0.0,0.0,0.0
2023-07-02,-1.06,0.0,0.0,0.0,0.0
2023-07-03,-1.0800000000000005,0.07000000000000028,0.04999999999999982,0.0,-0.05999999999999961
2023-07-04,-1.0800000000000005,0.0,0.0,0.0,0.0
2023-07-05,-0.9900000000000002,0.0,0.0900000000000003,0.0,0.019999999999999574
2023-07-06,-0.9400000000000004,0.04999999999999982,0.09999999999999964,0.0,0.08999999999999986
2023-07-07,-0.8800000000000008,-0.04999999999999982,0.009999999999999787,0.0,-0.019999999999999574
2023-07-08,-0.8800000000000008,0.0,0.0,0.0,0.0
2023-07-09,-0.8800000000000008,0.0,0.0,0.0,0.0
2023-07-10,-0.8399999999999999,-0.09000000000000075,-0.04999999999999982,-0.009999999999999787,0.04999999999999982
2023-07-11,-0.8899999999999997,0.03000000000000025,-0.019999999999999574,0.009999999999999787,-0.08000000000000007
2023-07-12,-0.8599999999999999,-0.16000000000000014,-0.13000000000000034,0.0,-0.09999999999999964
2023-07-13,-0.8300000000000001,-0.1299999999999999,-0.10000000000000009,0.0,0.020000000000000018
2023-07-14,-0.9100000000000001,0.15000000000000036,0.07000000000000028,0.0,-0.07000000000000028
2023-07-15,-0.9100000000000001,0.0,0.0,0.0,0.0
2023-07-16,-0.9100000000000001,0.0,0.0,0.0,0.0
2023-07-17,-0.9300000000000002,0.0,-0.020000000000000018,0.0,0.07000000000000028
2023-07-18,-0.9400000000000004,0.0,-0.010000000000000231,0.0,-0.07000000000000028
2023-07-19,-0.9900000000000002,0.0,-0.04999999999999982,0.0,-0.009999999999999787
2023-07-20,-0.9499999999999997,0.05999999999999961,0.10000000000000009,0.0,0.009999999999999787
2023-07-21,-0.9800000000000004,0.020000000000000462,-0.010000000000000231,0.0,-0.009999999999999787
2023-07-22,-0.9800000000000004,0.0,0.0,0.0,0.0
2023-07-23,-0.9800000000000004,0.0,0.0,0.0,0.0
2023-07-24,-0.9499999999999997,-0.010000000000000675,0.020000000000000018,0.0,-0.07000000000000028
2023-07-25,-0.9399999999999995,0.040000000000000036,0.050000000000000266,0.0,0.020000000000000018
2023-07-26,-0.9600000000000004,-0.02999999999999936,-0.050000000000000266,0.0,0.07000000000000028
2023-07-27,-0.9000000000000004,0.08999999999999986,0.1499999999999999,0.25,-0.13000000000000034
2023-07-28,-0.9100000000000001,-0.040000000000000036,-0.04999999999999982,0.0,0.040000000000000036
2023-07-29,-0.9100000000000001,0.0,0.0,0.0,0.0
2023-07-30,-0.9100000000000001,0.0,0.0,0.0,0.0
2023-07-31,-0.9099999999999997,0.009999999999999787,0.010000000000000231,0.0,-0.029999999999999805
2023-08-01,-0.8700000000000001,0.040000000000000036,0.07999999999999963,0.0,0.029999999999999805
2023-08-02,-0.7999999999999998,-0.040000000000000036,0.03000000000000025,0.0,0.14000000000000012
2023-08-03,-0.7000000000000002,0.020000000000000462,0.1200000000000001,0.0,0.020000000000000018
2023-08-04,-0.7300000000000004,-0.1200000000000001,-0.15000000000000036,0.0,0.029999999999999805
2023-08-05,-0.7300000000000004,0.0,0.0,0.0,0.0
2023-08-06,-0.7300000000000004,0.0,0.0,0.0,0.0
2023-08-07,-0.6699999999999999,-0.020000000000000462,0.040000000000000036,0.0,-0.03999999999999959
2023-08-08,-0.7200000000000006,-0.019999999999999574,-0.07000000000000028,0.0,0.029999999999999805
2023-08-09,-0.79,0.04999999999999982,-0.019999999999999574,0.0,-0.06000000000000005
2023-08-10,-0.7300000000000004,0.03000000000000025,0.08999999999999986,0.0,-0.10999999999999988
2023-08-11,-0.7299999999999995,0.0699999999999994,0.07000000000000028,0.0,0.0
2023-08-12,-0.7299999999999995,0.0,0.0,0.0,0.0
2023-08-13,-0.7299999999999995,0.0,0.0,0.0,0.0
2023-08-14,-0.7699999999999996,0.07000000000000028,0.03000000000000025,0.0,-0.040000000000000036
2023-08-15,-0.71,-0.040000000000000036,0.019999999999999574,0.0,0.06000000000000005
2023-08-16,-0.6899999999999995,0.04999999999999982,0.07000000000000028,0.0,-0.040000000000000036
2023-08-17,-0.6400000000000006,-0.02999999999999936,0.019999999999999574,0.0,0.14000000000000012
2023-08-18,-0.6600000000000001,-0.020000000000000462,-0.040000000000000036,0.0,0.0699999999999994
2023-08-19,-0.6600000000000001,0.0,0.0,0.0,0.0
2023-08-20,-0.6600000000000001,0.0,0.0,0.0,0.0
2023-08-21,-0.6299999999999999,0.04999999999999982,0.08000000000000007,0.0,-0.04999999999999938
2023-08-22,-0.6799999999999997,0.04999999999999982,0.0,0.0,-0.040000000000000036
2023-08-23,-0.7599999999999998,-0.0699999999999994,-0.14999999999999947,0.0,-0.010000000000000231
2023-08-24,-0.75,0.03000000000000025,0.040000000000000036,0.0,-0.009999999999999787
2023-08-25,-0.7800000000000002,0.04999999999999982,0.019999999999999574,0.0,-0.010000000000000231
2023-08-26,-0.7800000000000002,0.0,0.0,0.0,0.0
2023-08-27,-0.7800000000000002,0.0,0.0,0.0,0.0
2023-08-28,-0.7800000000000002,-0.04999999999999982,-0.04999999999999982,0.0,-0.040000000000000036
2023-08-29,-0.75,-0.11000000000000032,-0.08000000000000007,0.0,0.010000000000000231
2023-08-30,-0.7800000000000002,0.03000000000000025,0.0,0.0,-0.07000000000000028
2023-08-31,-0.7599999999999998,-0.05000000000000071,-0.03000000000000025,0.0,0.050000000000000266
2023-09-01,-0.6900000000000004,0.020000000000000462,0.08999999999999986,0.0,-0.040000000000000036
2023-09-02,-0.6900000000000004,0.0,0.0,0.0,0.0
2023-09-03,-0.6900000000000004,0.0,0.0,0.0,0.0
2023-09-04,-0.6900000000000004,0.0,0.0,0.0,0.0
2023-09-05,-0.6700000000000008,0.07000000000000028,0.08999999999999986,0.0,0.020000000000000018
2023-09-06,-0.71,0.0699999999999994,0.03000000000000025,0.0,0.029999999999999805
2023-09-07,-0.6700000000000008,-0.0699999999999994,-0.03000000000000025,0.0,0.040000000000000036
2023-09-08,-0.7200000000000006,0.040000000000000036,-0.009999999999999787,0.0,-0.04999999999999982
2023-09-09,-0.7200000000000006,0.0,0.0,0.0,0.0
2023-09-10,-0.7200000000000006,0.0,0.0,0.0,0.0
2023-09-11,-0.6799999999999997,-0.010000000000000675,0.03000000000000025,0.0,-0.03000000000000025
2023-09-12,-0.7100000000000009,0.010000000000000675,-0.020000000000000462,0.0,0.020000000000000018
2023-09-13,-0.71,-0.020000000000000462,-0.019999999999999574,0.0,0.010000000000000231
2023-09-14,-0.71,0.040000000000000036,0.040000000000000036,0.0,-0.07000000000000028
2023-09-15,-0.6899999999999995,0.019999999999999574,0.040000000000000036,0.0,0.010000000000000231
2023-09-16,-0.6899999999999995,0.0,0.0,0.0,0.0
2023-09-17,-0.6899999999999995,0.0,0.0,0.0,0.0
2023-09-18,-0.7299999999999995,0.03000000000000025,-0.009999999999999787,0.0,0.029999999999999805
2023-09-19,-0.71,0.03000000000000025,0.04999999999999982,0.0,0.0
2023-09-20,-0.7700000000000005,0.040000000000000036,-0.020000000000000462,0.0,-0.04999999999999982
2023-09-21,-0.6299999999999999,0.0,0.14000000000000057,0.0,0.1200000000000001
2023-09-22,-0.6599999999999993,-0.020000000000000462,-0.04999999999999982,0.0,0.040000000000000036
2023-09-23,-0.6599999999999993,0.0,0.0,0.0,0.0
2023-09-24,-0.6599999999999993,0.0,0.0,0.0,0.0
2023-09-25,-0.54,-0.009999999999999787,0.10999999999999943,0.0,0.040000000000000036
2023-09-26,-0.4800000000000004,-0.04999999999999982,0.009999999999999787,0.0,0.06999999999999984
2023-09-27,-0.4899999999999993,0.05999999999999961,0.05000000000000071,0.0,-0.009999999999999787
2023-09-28,-0.4500000000000002,-0.05999999999999961,-0.020000000000000462,0.0,0.05999999999999961
2023-09-29,-0.4400000000000004,-0.009999999999999787,0.0,0.0,-0.05999999999999961
2023-09-30,-0.4400000000000004,0.0,0.0,0.0,0.0
2023-10-01,-0.4400000000000004,0.0,0.0,0.0,0.0
2023-10-02,-0.4299999999999997,0.08999999999999986,0.10000000000000053,0.0,0.08000000000000007
2023-10-03,-0.34000000000000075,0.03000000000000025,0.11999999999999922,0.0,0.14999999999999947
2023-10-04,-0.3199999999999994,-0.10000000000000053,-0.07999999999999918,0.0,0.11000000000000032
2023-10-05,-0.3100000000000005,-0.019999999999999574,-0.010000000000000675,0.0,0.009999999999999787
2023-10-06,-0.2999999999999998,0.04999999999999982,0.0600000000000005,0.0,-0.04999999999999982
2023-10-07,-0.2999999999999998,0.0,0.0,0.0,0.0
2023-10-08,-0.2999999999999998,0.0,0.0,0.0,0.0
2023-10-09,-0.2999999999999998,0.0,0.0,0.0,0.009999999999999787
2023-10-10,-0.2999999999999998,-0.1200000000000001,-0.1200000000000001,0.0,-0.08000000000000007
2023-10-11,-0.41000000000000014,0.03000000000000025,-0.08000000000000007,0.0,-0.009999999999999787
2023-10-12,-0.35999999999999943,0.0699999999999994,0.1200000000000001,0.0,0.0
2023-10-13,-0.41000000000000014,-0.019999999999999574,-0.07000000000000028,0.0,0.04999999999999982
2023-10-14,-0.41000000000000014,0.0,0.0,0.0,0.0
2023-10-15,-0.41000000000000014,0.0,0.0,0.0,0.0
2023-10-16,-0.3799999999999999,0.04999999999999982,0.08000000000000007,0.0,-0.03000000000000025
2023-10-17,-0.3600000000000003,0.10000000000000053,0.1200000000000001,0.0,-0.019999999999999574
2023-10-18,-0.28000000000000025,0.0,0.08000000000000007,0.0,0.07000000000000028
2023-10-19,-0.15999999999999925,-0.05000000000000071,0.07000000000000028,0.0,0.04999999999999982
2023-10-20,-0.14000000000000057,-0.0699999999999994,-0.05000000000000071,0.0,0.14999999999999947
2023-10-21,-0.14000000000000057,0.0,0.0,0.0,0.0
2023-10-22,-0.14000000000000057,0.0,0.0,0.0,0.0
2023-10-23,-0.1899999999999995,-0.020000000000000462,-0.0699999999999994,0.0,-0.009999999999999787
2023-10-24,-0.1899999999999995,-0.03000000000000025,-0.03000000000000025,0.0,-0.09999999999999964
2023-10-25,-0.1299999999999999,0.0600000000000005,0.1200000000000001,0.0,-0.040000000000000036
2023-10-26,-0.15999999999999925,-0.0600000000000005,-0.08999999999999986,0.0,0.1299999999999999
2023-10-27,-0.15000000000000036,-0.02999999999999936,-0.020000000000000462,0.0,0.03000000000000025
2023-10-28,-0.15000000000000036,0.0,0.0,0.0,0.0
2023-10-29,-0.15000000000000036,0.0,0.0,0.0,0.0
2023-10-30,-0.15000000000000036,0.040000000000000036,0.040000000000000036,0.0,-0.03000000000000025
2023-10-31,-0.1900000000000004,0.040000000000000036,0.0,0.0,-0.08000000000000007
2023-11-01,-0.1800000000000006,-0.1200000000000001,-0.11000000000000032,0.0,0.04999999999999982
2023-11-02,-0.3100000000000005,0.03000000000000025,-0.09999999999999964,0.0,-0.3199999999999994
2023-11-03,-0.2599999999999998,-0.15000000000000036,-0.09999999999999964,0.0,-0.11000000000000032
2023-11-04,-0.2599999999999998,0.0,0.0,0.0,0.0
2023-11-05,-0.2599999999999998,0.0,0.0,0.0,0.0
2023-11-06,-0.2599999999999998,0.09999999999999964,0.09999999999999964,0.0,-0.040000000000000036
2023-11-07,-0.33000000000000007,-0.019999999999999574,-0.08999999999999986,0.0,0.08000000000000007
2023-11-08,-0.4399999999999995,0.019999999999999574,-0.08999999999999986,0.0,0.0
2023-11-09,-0.41000000000000014,0.10000000000000053,0.1299999999999999,0.0,-0.040000000000000036
2023-11-10,-0.4299999999999997,0.009999999999999787,-0.009999999999999787,0.0,-0.009999999999999787
2023-11-11,-0.4299999999999997,0.0,0.0,0.0,0.0
2023-11-12,-0.4299999999999997,0.0,0.0,0.0,0.0
2023-11-13,-0.3899999999999997,-0.020000000000000462,0.019999999999999574,0.0,0.0
2023-11-14,-0.35999999999999943,-0.21999999999999975,-0.1899999999999995,0.0,-0.11000000000000032
2023-11-15,-0.3700000000000001,0.10000000000000053,0.08999999999999986,0.0,-0.029999999999999805
2023-11-16,-0.3799999999999999,-0.07000000000000028,-0.08000000000000007,0.0,0.12999999999999945
2023-11-17,-0.4399999999999995,0.04999999999999982,-0.009999999999999787,0.0,-0.02999999999999936
2023-11-18,-0.4399999999999995,0.0,0.0,0.0,0.0
2023-11-19,-0.4399999999999995,0.0,0.0,0.0,0.0
2023-11-20,-0.46999999999999975,0.009999999999999787,-0.020000000000000462,0.0,-0.07000000000000028
2023-11-21,-0.4500000000000002,-0.02999999999999936,-0.009999999999999787,0.0,0.03000000000000025
2023-11-22,-0.46999999999999975,0.02999999999999936,0.009999999999999787,0.0,-0.050000000000000266
2023-11-23,-0.46999999999999975,0.0,0.0,0.0,0.0
2023-11-24,-0.4500000000000002,0.03000000000000025,0.04999999999999982,0.0,-0.04999999999999982
2023-11-25,-0.4500000000000002,0.0,0.0,0.0,0.0
2023-11-26,-0.4500000000000002,0.0,0.0,0.0,0.0
2023-11-27,-0.4500000000000002,-0.08000000000000007,-0.08000000000000007,0.0,0.040000000000000036
2023-11-28,-0.39000000000000057,-0.10999999999999943,-0.04999999999999982,0.0,0.009999999999999787
2023-11-29,-0.3700000000000001,-0.09000000000000075,-0.07000000000000028,0.0,-0.10000000000000009
2023-11-30,-0.3600000000000003,0.09000000000000075,0.10000000000000053,0.0,0.040000000000000036
2023-12-01,-0.33999999999999986,-0.17000000000000082,-0.15000000000000036,0.0,0.03000000000000025
2023-12-02,-0.33999999999999986,0.0,0.0,0.0,0.0
2023-12-03,-0.33999999999999986,0.0,0.0,0.0,0.0
2023-12-04,-0.35999999999999943,0.08000000000000007,0.0600000000000005,0.0,-0.07000000000000028
2023-12-05,-0.39000000000000057,-0.0699999999999994,-0.10000000000000053,0.0,0.0
2023-12-06,-0.47999999999999954,0.02999999999999936,-0.05999999999999961,0.0,-0.009999999999999787
2023-12-07,-0.4400000000000004,-0.019999999999999574,0.019999999999999574,0.0,-0.020000000000000018
2023-12-08,-0.47999999999999954,0.1299999999999999,0.09000000000000075,0.0,-0.020000000000000018
2023-12-09,-0.47999999999999954,0.0,0.0,0.0,0.0
2023-12-10,-0.47999999999999954,0.0,0.0,0.0,0.0
2023-12-11,-0.47999999999999954,0.0,0.0,0.0,0.040000000000000036
2023-12-12,-0.5300000000000002,0.020000000000000462,-0.03000000000000025,0.0,-0.03000000000000025
2023-12-13,-0.41999999999999993,-0.27000000000000046,-0.16000000000000014,0.0,0.03000000000000025
2023-12-14,-0.4500000000000002,-0.08999999999999986,-0.1200000000000001,0.0,-0.31999999999999984
2023-12-15,-0.5300000000000002,0.07000000000000028,-0.009999999999999787,0.0,0.03999999999999959
2023-12-16,-0.5300000000000002,0.0,0.0,0.0,0.0
2023-12-17,-0.5300000000000002,0.0,0.0,0.0,0.0
2023-12-18,-0.47999999999999954,-0.010000000000000675,0.040000000000000036,0.0,0.0
2023-12-19,-0.48,-0.019999999999999574,-0.020000000000000018,0.0,-0.04999999999999982
2023-12-20,-0.48,-0.07000000000000028,-0.07000000000000028,0.0,-0.029999999999999805
2023-12-21,-0.43999999999999995,-0.009999999999999787,0.03000000000000025,0.0,-0.020000000000000018
2023-12-22,-0.4099999999999997,-0.020000000000000462,0.009999999999999787,0.0,-0.020000000000000018
2023-12-23,-0.4099999999999997,0.0,0.0,0.0,0.0
2023-12-24,-0.4099999999999997,0.0,0.0,0.0,0.0
2023-12-25,-0.4099999999999997,0.0,0.0,0.0,0.0
2023-12-26,-0.36999999999999966,-0.04999999999999982,-0.009999999999999787,0.0,-0.020000000000000018
2023-12-27,-0.41000000000000014,-0.05999999999999961,-0.10000000000000009,0.0,-0.03000000000000025
2023-12-28,-0.41999999999999993,0.05999999999999961,0.04999999999999982,0.0,-0.020000000000000018
2023-12-29,-0.35000000000000053,-0.02999999999999936,0.040000000000000036,0.0,0.020000000000000018
2023-12-30,-0.35000000000000053,0.0,0.0,0.0,0.0
2023-12-31,-0.35000000000000053,0.0,0.0,0.0,0.050000000000000266
2024-01-01,-0.35000000000000053,0.0,0.0,0.0,0.0
2024-01-02,-0.3799999999999999,0.09999999999999964,0.07000000000000028,0.0,0.1499999999999999
2024-01-03,-0.41999999999999993,0.0,-0.040000000000000036,0.0,0.16999999999999993
2024-01-04,-0.3899999999999997,0.04999999999999982,0.08000000000000007,0.0,-0.020000000000000018
2024-01-05,-0.35000000000000053,0.020000000000000462,0.05999999999999961,0.0,-0.009999999999999787
2024-01-06,-0.35000000000000053,0.0,0.0,0.0,0.0
2024-01-07,-0.35000000000000053,0.0,0.0,0.0,0.0
2024-01-08,-0.35000000000000053,-0.040000000000000036,-0.040000000000000036,0.0,-0.050000000000000266
2024-01-09,-0.34000000000000075,0.0,0.009999999999999787,0.0,-0.040000000000000036
2024-01-10,-0.33000000000000007,0.009999999999999787,0.020000000000000462,0.0,-0.08999999999999986
2024-01-11,-0.2799999999999998,-0.11000000000000032,-0.06000000000000005,0.0,0.04999999999999982
2024-01-12,-0.17999999999999972,-0.1200000000000001,-0.020000000000000018,0.0,0.010000000000000231
2024-01-13,-0.17999999999999972,0.0,0.0,0.0,0.0
2024-01-14,-0.17999999999999972,0.0,0.0,0.0,0.0
2024-01-15,-0.17999999999999972,0.0,0.0,0.0,-0.020000000000000018
2024-01-16,-0.14999999999999947,0.08000000000000007,0.11000000000000032,0.0,0.040000000000000036
2024-01-17,-0.2400000000000002,0.1200000000000001,0.02999999999999936,0.0,0.040000000000000036
2024-01-18,-0.20000000000000018,0.0,0.040000000000000036,0.0,-0.040000000000000036
2024-01-19,-0.23999999999999932,0.04999999999999982,0.010000000000000675,0.0,-0.040000000000000036
2024-01-20,-0.23999999999999932,0.0,0.0,0.0,0.0
2024-01-21,-0.23999999999999932,0.0,0.0,0.0,0.0
2024-01-22,-0.2599999999999998,-0.019999999999999574,-0.040000000000000036,0.0,-0.04999999999999982
2024-01-23,-0.16999999999999993,-0.0600000000000005,0.02999999999999936,0.0,0.019999999999999574
2024-01-24,-0.16000000000000014,0.03000000000000025,0.040000000000000036,0.0,-0.06999999999999984
2024-01-25,-0.14000000000000057,-0.05999999999999961,-0.040000000000000036,0.0,0.010000000000000231
2024-01-26,-0.1899999999999995,0.05999999999999961,0.010000000000000675,0.0,-0.06000000000000005
2024-01-27,-0.1899999999999995,0.0,0.0,0.0,0.0
2024-01-28,-0.1899999999999995,0.0,0.0,0.0,0.0
2024-01-29,-0.20999999999999996,-0.04999999999999982,-0.07000000000000028,0.0,0.020000000000000018
2024-01-30,-0.3000000000000007,0.07000000000000028,-0.020000000000000462,0.0,0.009999999999999787
2024-01-31,-0.27999999999999936,-0.09000000000000075,-0.0699999999999994,0.0,0.16999999999999993
2024-02-01,-0.33000000000000007,-0.0699999999999994,-0.1200000000000001,0.0,-0.029999999999999805
2024-02-02,-0.33000000000000007,0.16000000000000014,0.16000000000000014,0.0,-0.08999999999999986
2024-02-03,-0.33000000000000007,0.0,0.0,0.0,0.0
2024-02-04,-0.33000000000000007,0.0,0.0,0.0,0.0
2024-02-05,-0.29000000000000004,0.09999999999999964,0.13999999999999968,0.0,0.029999999999999805
2024-02-06,-0.2999999999999998,-0.07000000000000028,-0.08000000000000007,0.0,0.020000000000000018
2024-02-07,-0.3200000000000003,0.020000000000000462,0.0,0.0,-0.08999999999999986
2024-02-08,-0.3099999999999996,0.04999999999999982,0.0600000000000005,0.0,-0.050000000000000266
2024-02-09,-0.3100000000000005,0.020000000000000462,0.019999999999999574,0.0,-0.04999999999999982
2024-02-10,-0.3100000000000005,0.0,0.0,0.0,0.0
2024-02-11,-0.3100000000000005,0.0,0.0,0.0,0.0
2024-02-12,-0.29000000000000004,-0.020000000000000462,0.0,0.0,0.020000000000000018
2024-02-13,-0.33000000000000007,0.17999999999999972,0.13999999999999968,0.0,0.009999999999999787
2024-02-14,-0.29000000000000004,-0.08000000000000007,-0.040000000000000036,0.0,0.020000000000000018
2024-02-15,-0.3199999999999994,0.0,-0.02999999999999936,0.0,-0.029999999999999805
2024-02-16,-0.33999999999999986,0.08000000000000007,0.05999999999999961,0.0,-0.010000000000000231
2024-02-17,-0.33999999999999986,0.0,0.0,0.0,0.0
2024-02-18,-0.33999999999999986,0.0,0.0,0.0,0.0
2024-02-19,-0.33999999999999986,0.0,0.0,0.0,0.0
2024-02-20,-0.3200000000000003,-0.04999999999999982,-0.03000000000000025,0.0,0.03000000000000025
2024-02-21,-0.3199999999999994,0.04999999999999982,0.05000000000000071,0.0,-0.03000000000000025
2024-02-22,-0.3600000000000003,0.05000000000000071,0.009999999999999787,0.0,-0.11999999999999966
2024-02-23,-0.41000000000000014,-0.020000000000000462,-0.07000000000000028,0.0,0.009999999999999787
2024-02-24,-0.41000000000000014,0.0,0.0,0.0,0.0
2024-02-25,-0.41000000000000014,0.0,0.0,0.0,0.0
2024-02-26,-0.41000000000000014,0.020000000000000462,0.020000000000000462,0.0,0.0
2024-02-27,-0.39000000000000057,0.009999999999999787,0.02999999999999936,0.0,0.029999999999999805
2024-02-28,-0.3700000000000001,-0.0600000000000005,-0.040000000000000036,0.0,0.050000000000000266
2024-02-29,-0.3899999999999997,0.0,-0.019999999999999574,0.0,-0.020000000000000018
2024-03-01,-0.34999999999999964,-0.09999999999999964,-0.05999999999999961,0.0,0.029999999999999805
2024-03-02,-0.34999999999999964,0.0,0.0,0.0,0.0
2024-03-03,-0.34999999999999964,0.0,0.0,0.0,0.0
2024-03-04,-0.39000000000000057,0.07000000000000028,0.02999999999999936,0.0,-0.06000000000000005
2024-03-05,-0.41000000000000014,-0.07000000000000028,-0.08999999999999986,0.0,0.050000000000000266
2024-03-06,-0.4399999999999995,0.009999999999999787,-0.019999999999999574,0.0,-0.040000000000000036
2024-03-07,-0.41000000000000014,-0.04999999999999982,-0.020000000000000462,0.0,0.0
2024-03-08,-0.39000000000000057,-0.019999999999999574,0.0,0.0,-0.010000000000000231
2024-03-09,-0.39000000000000057,0.0,0.0,0.0,0.0
2024-03-10,-0.39000000000000057,0.0,0.0,0.0,0.0
2024-03-11,-0.41000000000000014,0.02999999999999936,0.009999999999999787,0.0,0.0
2024-03-12,-0.41999999999999993,0.07000000000000028,0.0600000000000005,0.0,-0.05999999999999961
2024-03-13,-0.41999999999999993,0.03000000000000025,0.03000000000000025,0.0,-0.050000000000000266
2024-03-14,-0.3899999999999997,0.0699999999999994,0.09999999999999964,0.0,0.0
2024-03-15,-0.41000000000000014,0.040000000000000036,0.019999999999999574,0.0,0.010000000000000231
2024-03-16,-0.41000000000000014,0.0,0.0,0.0,0.0
2024-03-17,-0.41000000000000014,0.0,0.0,0.0,0.0
2024-03-18,-0.39000000000000057,0.010000000000000675,0.03000000000000025,0.0,-0.03000000000000025
2024-03-19,-0.3799999999999999,-0.05000000000000071,-0.040000000000000036,0.0,-0.029999999999999805
2024-03-20,-0.3200000000000003,-0.08999999999999986,-0.03000000000000025,0.0,0.040000000000000036
2024-03-21,-0.35000000000000053,0.03000000000000025,0.0,0.0,-0.0900000000000003
2024-03-22,-0.3700000000000001,-0.03000000000000025,-0.04999999999999982,0.0,0.03000000000000025
2024-03-23,-0.3700000000000001,0.0,0.0,0.0,0.0
2024-03-24,-0.3700000000000001,0.0,0.0,0.0,0.0
2024-03-25,-0.29000000000000004,-0.04999999999999982,0.03000000000000025,0.0,0.029999999999999805
2024-03-26,-0.3199999999999994,0.019999999999999574,-0.009999999999999787,0.0,0.040000000000000036
2024-03-27,-0.33999999999999986,-0.019999999999999574,-0.040000000000000036,0.0,0.0
2024-03-28,-0.3899999999999997,0.04999999999999982,0.0,0.0,-0.029999999999999805
2024-03-29,-0.3899999999999997,0.0,0.0,0.0,0.0
2024-03-30,-0.3899999999999997,0.0,0.0,0.0,0.0
2024-03-31,-0.3899999999999997,0.0,0.0,0.0,0.029999999999999805
2024-04-01,-0.3899999999999997,0.1299999999999999,0.1299999999999999,0.0,-0.029999999999999805
2024-04-02,-0.33999999999999986,-0.019999999999999574,0.03000000000000025,0.0,0.10999999999999988
2024-04-03,-0.3199999999999994,-0.020000000000000462,0.0,0.0,0.0
2024-04-04,-0.34000000000000075,-0.02999999999999936,-0.05000000000000071,0.0,0.010000000000000231
2024-04-05,-0.34000000000000075,0.08000000000000007,0.08000000000000007,0.0,-0.06000000000000005
2024-04-06,-0.34000000000000075,0.0,0.0,0.0,0.0
2024-04-07,-0.34000000000000075,0.0,0.0,0.0,0.0
2024-04-08,-0.3600000000000003,0.04999999999999982,0.03000000000000025,0.0,-0.03000000000000025
2024-04-09,-0.3799999999999999,-0.040000000000000036,-0.05999999999999961,0.0,-0.009999999999999787
2024-04-10,-0.41999999999999993,0.22999999999999954,0.1899999999999995,0.0,-0.040000000000000036
2024-04-11,-0.3700000000000001,-0.040000000000000036,0.009999999999999787,0.0,0.06000000000000005
2024-04-12,-0.3799999999999999,-0.04999999999999982,-0.05999999999999961,0.0,0.08999999999999986
2024-04-13,-0.3799999999999999,0.0,0.0,0.0,0.0
2024-04-14,-0.3799999999999999,0.0,0.0,0.0,0.0
2024-04-15,-0.2999999999999998,0.04999999999999982,0.1299999999999999,0.0,0.029999999999999805
2024-04-16,-0.2999999999999998,0.040000000000000036,0.040000000000000036,0.0,0.08000000000000007
2024-04-17,-0.33999999999999986,-0.040000000000000036,-0.08000000000000007,0.0,0.06000000000000005
2024-04-18,-0.34000000000000075,0.05000000000000071,0.04999999999999982,0.0,-0.029999999999999805
2024-04-19,-0.34999999999999964,-0.010000000000000675,-0.019999999999999574,0.0,-0.020000000000000018
2024-04-20,-0.34999999999999964,0.0,0.0,0.0,0.0
2024-04-21,-0.34999999999999964,0.0,0.0,0.0,0.0
2024-04-22,-0.34999999999999964,0.0,0.0,0.0,-0.08000000000000007
2024-04-23,-0.25,-0.10999999999999943,-0.009999999999999787,0.0,-0.08999999999999986
2024-04-24,-0.23999999999999932,0.02999999999999936,0.040000000000000036,0.0,-0.010000000000000231
2024-04-25,-0.2599999999999998,0.07000000000000028,0.04999999999999982,0.0,0.050000000000000266
2024-04-26,-0.29000000000000004,0.0,-0.03000000000000025,0.0,-0.08000000000000007
2024-04-27,-0.29000000000000004,0.0,0.0,0.0,0.0
2024-04-28,-0.29000000000000004,0.0,0.0,0.0,0.0
2024-04-29,-0.33999999999999986,0.009999999999999787,-0.040000000000000036,0.0,-0.040000000000000036
2024-04-30,-0.34999999999999964,0.07000000000000028,0.0600000000000005,0.0,0.06000000000000005
2024-05-01,-0.33000000000000007,-0.08000000000000007,-0.0600000000000005,0.0,0.029999999999999805
2024-05-02,-0.29000000000000004,-0.08999999999999986,-0.04999999999999982,0.0,-0.04999999999999982
2024-05-03,-0.3099999999999996,-0.0600000000000005,-0.08000000000000007,0.0,-0.08000000000000007
2024-05-04,-0.3099999999999996,0.0,0.0,0.0,0.0
2024-05-05,-0.3099999999999996,0.0,0.0,0.0,0.0
2024-05-06,-0.33000000000000007,0.010000000000000675,-0.009999999999999787,0.0,-0.050000000000000266
2024-05-07,-0.35000000000000053,0.0,-0.020000000000000462,0.0,0.03000000000000025
2024-05-08,-0.35999999999999943,0.019999999999999574,0.010000000000000675,0.0,0.040000000000000036
2024-05-09,-0.34999999999999964,-0.040000000000000036,-0.03000000000000025,0.0,0.040000000000000036
2024-05-10,-0.3700000000000001,0.07000000000000028,0.04999999999999982,0.0,-0.020000000000000018
2024-05-11,-0.3700000000000001,0.0,0.0,0.0,0.0
2024-05-12,-0.3700000000000001,0.0,0.0,0.0,0.0
2024-05-13,-0.3699999999999992,-0.020000000000000462,-0.019999999999999574,0.0,0.020000000000000018
2024-05-14,-0.35999999999999943,-0.040000000000000036,-0.03000000000000025,0.0,0.0
2024-05-15,-0.3700000000000001,-0.07999999999999918,-0.08999999999999986,0.0,-0.010000000000000231
2024-05-16,-0.40000000000000036,0.04999999999999982,0.019999999999999574,0.0,-0.04999999999999982
2024-05-17,-0.41000000000000014,0.04999999999999982,0.040000000000000036,0.0,0.009999999999999787
2024-05-18,-0.41000000000000014,0.0,0.0,0.0,0.0
2024-05-19,-0.41000000000000014,0.0,0.0,0.0,0.0
2024-05-20,-0.3799999999999999,-0.009999999999999787,0.020000000000000462,0.0,-0.020000000000000018
2024-05-21,-0.41000000000000014,0.0,-0.03000000000000025,0.0,0.0
2024-05-22,-0.4300000000000006,0.040000000000000036,0.019999999999999574,0.0,0.040000000000000036
2024-05-23,-0.4400000000000004,0.04999999999999982,0.040000000000000036,0.0,-0.009999999999999787
2024-05-24,-0.46999999999999975,0.019999999999999574,-0.009999999999999787,0.0,0.009999999999999787
2024-05-25,-0.46999999999999975,0.0,0.0,0.0,0.0
2024-05-26,-0.46999999999999975,0.0,0.0,0.0,0.0
2024-05-27,-0.46999999999999975,0.0,0.0,0.0,0.010000000000000231
2024-05-28,-0.40000000000000036,0.010000000000000675,0.08000000000000007,0.0,-0.03000000000000025
2024-05-29,-0.34999999999999964,0.019999999999999574,0.07000000000000028,0.0,0.06000000000000005
2024-05-30,-0.3700000000000001,-0.040000000000000036,-0.0600000000000005,0.0,0.040000000000000036
2024-05-31,-0.3799999999999999,-0.03000000000000025,-0.040000000000000036,0.0,0.010000000000000231
2024-06-01,-0.3799999999999999,0.0,0.0,0.0,0.0
2024-06-02,-0.3799999999999999,0.0,0.0,0.0,0.0
2024-06-03,-0.41000000000000014,-0.0699999999999994,-0.09999999999999964,0.0,-0.03000000000000025
2024-06-04,-0.4399999999999995,-0.05000000000000071,-0.08000000000000007,0.0,0.050000000000000266
2024-06-05,-0.4299999999999997,-0.04999999999999982,-0.040000000000000036,0.0,-0.020000000000000018
2024-06-06,-0.4399999999999995,0.0,-0.009999999999999787,0.0,0.0
2024-06-07,-0.4400000000000004,0.15000000000000036,0.14999999999999947,0.0,-0.050000000000000266
2024-06-08,-0.4400000000000004,0.0,0.0,0.0,0.0
2024-06-09,-0.4400000000000004,0.0,0.0,0.0,0.0
2024-06-10,-0.40000000000000036,0.0,0.040000000000000036,0.0,0.0
2024-06-11,-0.41999999999999993,-0.0600000000000005,-0.08000000000000007,0.0,0.040000000000000036
2024-06-12,-0.4400000000000004,-0.05999999999999961,-0.08000000000000007,0.0,-0.10000000000000009
2024-06-13,-0.4399999999999995,-0.07000000000000028,-0.0699999999999994,0.0,0.11000000000000032
2024-06-14,-0.46999999999999975,-0.009999999999999787,-0.040000000000000036,0.0,0.08999999999999986
2024-06-15,-0.46999999999999975,0.0,0.0,0.0,0.0
2024-06-16,-0.46999999999999975,0.0,0.0,0.0,0.0
2024-06-17,-0.46999999999999975,0.08000000000000007,0.08000000000000007,0.0,-0.03000000000000025
2024-06-18,-0.47000000000000064,-0.05999999999999961,-0.0600000000000005,0.0,-0.019999999999999574
2024-06-19,-0.47000000000000064,0.0,0.0,0.0,0.0
2024-06-20,-0.4500000000000002,0.009999999999999787,0.03000000000000025,0.0,-0.010000000000000231
2024-06-21,-0.4500000000000002,0.0,0.0,0.0,-0.020000000000000018
2024-06-22,-0.4500000000000002,0.0,0.0,0.0,0.0
2024-06-23,-0.4500000000000002,0.0,0.0,0.0,0.0
2024-06-24,-0.45999999999999996,0.009999999999999787,0.0,0.0,-0.020000000000000018
2024-06-25,-0.41999999999999993,-0.05999999999999961,-0.019999999999999574,0.0,0.0
2024-06-26,-0.3899999999999997,0.05999999999999961,0.08999999999999986,0.0,-0.009999999999999787
2024-06-27,-0.41000000000000014,-0.009999999999999787,-0.03000000000000025,0.0,0.029999999999999805
2024-06-28,-0.34999999999999964,0.009999999999999787,0.07000000000000028,0.0,-0.029999999999999805
2024-06-29,-0.34999999999999964,0.0,0.0,0.0,0.0
2024-06-30,-0.34999999999999964,0.0,0.0,0.0,0.029999999999999805
2024-07-01,-0.28999999999999915,0.05999999999999961,0.1200000000000001,0.0,0.0
2024-07-02,-0.3100000000000005,-0.02999999999999936,-0.05000000000000071,0.0,0.020000000000000018
2024-07-03,-0.34999999999999964,-0.03000000000000025,-0.0699999999999994,0.0,0.020000000000000018
2024-07-04,-0.34999999999999964,0.0,0.0,0.0,0.0
2024-07-05,-0.3199999999999994,-0.11000000000000032,-0.08000000000000007,0.0,0.020000000000000018
2024-07-06,-0.3199999999999994,0.0,0.0,0.0,0.0
2024-07-07,-0.3199999999999994,0.0,0.0,0.0,0.0
2024-07-08,-0.33999999999999986,0.020000000000000462,0.0,0.0,-0.06999999999999984
2024-07-09,-0.3200000000000003,0.0,0.019999999999999574,0.0,0.009999999999999787
2024-07-10,-0.33999999999999986,0.0,-0.019999999999999574,0.0,-0.040000000000000036
2024-07-11,-0.2999999999999998,-0.1200000000000001,-0.08000000000000007,0.0,0.010000000000000231
2024-07-12,-0.27000000000000046,-0.04999999999999982,-0.020000000000000462,0.0,0.009999999999999787
2024-07-13,-0.27000000000000046,0.0,0.0,0.0,0.0
2024-07-14,-0.27000000000000046,0.0,0.0,0.0,0.0
2024-07-15,-0.20999999999999996,-0.009999999999999787,0.05000000000000071,0.0,-0.06000000000000005
2024-07-16,-0.2599999999999998,-0.010000000000000675,-0.0600000000000005,0.0,-0.04999999999999982
2024-07-17,-0.2599999999999998,-0.009999999999999787,-0.009999999999999787,0.0,0.009999999999999787
2024-07-18,-0.2599999999999998,0.040000000000000036,0.040000000000000036,0.0,0.0
2024-07-19,-0.2400000000000002,0.03000000000000025,0.04999999999999982,0.0,0.0
2024-07-20,-0.2400000000000002,0.0,0.0,0.0,0.0
2024-07-21,-0.2400000000000002,0.0,0.0,0.0,0.0
2024-07-22,-0.2400000000000002,0.009999999999999787,0.009999999999999787,0.0,-0.040000000000000036
2024-07-23,-0.15000000000000036,-0.09999999999999964,-0.009999999999999787,0.0,-0.029999999999999805
2024-07-24,-0.08999999999999986,-0.03000000000000025,0.03000000000000025,0.0,0.08000000000000007
2024-07-25,-0.14000000000000057,0.040000000000000036,-0.010000000000000675,0.0,-0.020000000000000018
2024-07-26,-0.16000000000000014,-0.04999999999999982,-0.0699999999999994,0.0,0.020000000000000018
2024-07-27,-0.16000000000000014,0.0,0.0,0.0,0.0
2024-07-28,-0.16000000000000014,0.0,0.0,0.0,0.0
2024-07-29,-0.1900000000000004,0.0,-0.03000000000000025,0.0,0.029999999999999805
2024-07-30,-0.1999999999999993,-0.010000000000000675,-0.019999999999999574,0.0,0.07000000000000028
2024-07-31,-0.20000000000000018,-0.05999999999999961,-0.0600000000000005,0.0,0.04999999999999982
2024-08-01,-0.16999999999999993,-0.1299999999999999,-0.09999999999999964,0.0,0.10000000000000009
2024-08-02,-0.08000000000000007,-0.28000000000000025,-0.1900000000000004,0.0,0.3700000000000001
2024-08-03,-0.08000000000000007,0.0,0.0,0.0,0.0
2024-08-04,-0.08000000000000007,0.0,0.0,0.0,0.0
2024-08-05,-0.11000000000000032,0.010000000000000231,-0.020000000000000018,0.0,0.20999999999999996
2024-08-06,-0.0900000000000003,0.10000000000000009,0.1200000000000001,0.0,-0.26000000000000023
2024-08-07,-0.040000000000000036,0.009999999999999787,0.06000000000000005,0.0,-0.10000000000000009
2024-08-08,-0.04999999999999982,0.040000000000000036,0.03000000000000025,0.0,-0.08999999999999986
2024-08-09,-0.10999999999999988,0.009999999999999787,-0.050000000000000266,0.0,0.010000000000000231
2024-08-10,-0.10999999999999988,0.0,0.0,0.0,0.0
2024-08-11,-0.10999999999999988,0.0,0.0,0.0,0.0
2024-08-12,-0.10999999999999988,-0.040000000000000036,-0.040000000000000036,0.0,0.029999999999999805
2024-08-13,-0.08000000000000007,-0.07999999999999963,-0.04999999999999982,0.0,0.020000000000000018
2024-08-14,-0.10999999999999988,0.009999999999999787,-0.020000000000000018,0.0,-0.08000000000000007
2024-08-15,-0.16000000000000014,0.14000000000000012,0.08999999999999986,0.0,-0.1499999999999999
2024-08-16,-0.16999999999999948,-0.020000000000000462,-0.029999999999999805,0.0,-0.020000000000000018
2024-08-17,-0.16999999999999948,0.0,0.0,0.0,0.0
2024-08-18,-0.16999999999999948,0.0,0.0,0.0,0.0
2024-08-19,-0.19999999999999973,0.0,-0.03000000000000025,0.0,-0.08000000000000007
2024-08-20,-0.17000000000000037,-0.0699999999999994,-0.040000000000000036,0.0,0.040000000000000036
2024-08-21,-0.1299999999999999,-0.07000000000000028,-0.029999999999999805,0.0,0.020000000000000018
2024-08-22,-0.13000000000000034,0.07000000000000028,0.06999999999999984,0.0,-0.06000000000000005
2024-08-23,-0.08999999999999986,-0.0900000000000003,-0.04999999999999982,0.0,-0.020000000000000018
2024-08-24,-0.08999999999999986,0.0,0.0,0.0,0.0
2024-08-25,-0.08999999999999986,0.0,0.0,0.0,0.0
2024-08-26,-0.0900000000000003,0.010000000000000231,0.009999999999999787,0.0,-0.040000000000000036
2024-08-27,0.0,-0.08000000000000007,0.010000000000000231,0.0,0.020000000000000018
2024-08-28,0.009999999999999787,0.0,0.009999999999999787,0.0,0.020000000000000018
2024-08-29,0.0,0.040000000000000036,0.03000000000000025,0.0,-0.040000000000000036
2024-08-30,0.0,0.040000000000000036,0.040000000000000036,0.0,-0.020000000000000018
2024-08-31,0.0,0.0,0.0,0.0,0.040000000000000036
2024-09-01,0.0,0.0,0.0,0.0,0.0
2024-09-02,0.0,0.0,0.0,0.0,0.0
2024-09-03,-0.040000000000000036,-0.03000000000000025,-0.07000000000000028,0.0,0.14000000000000012
2024-09-04,0.010000000000000231,-0.1200000000000001,-0.06999999999999984,0.0,0.040000000000000036
2024-09-05,-0.020000000000000018,-0.009999999999999787,-0.040000000000000036,0.0,-0.06000000000000005
2024-09-06,0.06000000000000005,-0.08999999999999986,-0.009999999999999787,0.0,0.10000000000000009
2024-09-07,0.06000000000000005,0.0,0.0,0.0,0.0
2024-09-08,0.06000000000000005,0.0,0.0,0.0,0.0
2024-09-09,0.020000000000000018,0.020000000000000018,-0.020000000000000018,0.0,-0.03000000000000025
2024-09-10,0.06000000000000005,-0.0900000000000003,-0.050000000000000266,0.0,0.10000000000000009
2024-09-11,0.029999999999999805,0.03000000000000025,0.0,0.0,-0.020000000000000018
2024-09-12,0.040000000000000036,0.020000000000000018,0.03000000000000025,0.0,-0.04999999999999982
2024-09-13,0.0900000000000003,-0.07000000000000028,-0.020000000000000018,0.0,-0.020000000000000018
2024-09-14,0.0900000000000003,0.0,0.0,0.0,0.0
2024-09-15,0.0900000000000003,0.0,0.0,0.0,0.0
2024-09-16,0.06999999999999984,-0.009999999999999787,-0.03000000000000025,0.0,-0.050000000000000266
2024-09-17,0.06000000000000005,0.029999999999999805,0.020000000000000018,0.0,-0.06999999999999984
2024-09-18,0.0900000000000003,0.020000000000000018,0.050000000000000266,0.0,-0.040000000000000036
2024-09-19,0.14000000000000012,-0.020000000000000018,0.029999999999999805,-0.5,-0.10999999999999988
2024-09-20,0.18000000000000016,-0.040000000000000036,0.0,0.0,0.04999999999999982
2024-09-21,0.18000000000000016,0.0,0.0,0.0,0.0
2024-09-22,0.18000000000000016,0.0,0.0,0.0,0.0
2024-09-23,0.18000000000000016,0.020000000000000018,0.020000000000000018,0.0,0.0
2024-09-24,0.25,-0.07999999999999963,-0.009999999999999787,0.0,0.06000000000000005
2024-09-25,0.26000000000000023,0.03999999999999959,0.04999999999999982,0.0,-0.020000000000000018
2024-09-26,0.18999999999999995,0.07000000000000028,0.0,0.0,-0.04999999999999982
2024-09-27,0.20000000000000018,-0.050000000000000266,-0.040000000000000036,0.0,0.0
2024-09-28,0.20000000000000018,0.0,0.0,0.0,0.0
2024-09-29,0.20000000000000018,0.0,0.0,0.0,0.0
2024-09-30,0.1499999999999999,0.11000000000000032,0.06000000000000005,0.0,-0.11000000000000032
2024-10-01,0.13000000000000034,-0.050000000000000266,-0.06999999999999984,0.0,0.040000000000000036
2024-10-02,0.16000000000000014,0.020000000000000018,0.04999999999999982,0.0,-0.009999999999999787
2024-10-03,0.1499999999999999,0.07000000000000028,0.06000000000000005,0.0,-0.020000000000000018
2024-10-04,0.04999999999999982,0.22999999999999998,0.1299999999999999,0.0,-0.1499999999999999
2024-10-05,0.04999999999999982,0.0,0.0,0.0,0.0
2024-10-06,0.04999999999999982,0.0,0.0,0.0,0.0
2024-10-07,0.040000000000000036,0.06000000000000005,0.050000000000000266,0.0,0.06000000000000005
2024-10-08,0.06000000000000005,-0.010000000000000231,0.009999999999999787,0.0,0.040000000000000036
2024-10-09,0.0699999999999994,0.010000000000000231,0.019999999999999574,0.0,-0.050000000000000266
2024-10-10,0.10999999999999988,-0.010000000000000231,0.03000000000000025,0.0,0.050000000000000266
2024-10-11,0.1299999999999999,-0.029999999999999805,-0.009999999999999787,0.0,-0.010000000000000231
2024-10-12,0.1299999999999999,0.0,0.0,0.0,0.0
2024-10-13,0.1299999999999999,0.0,0.0,0.0,0.0
2024-10-14,0.1299999999999999,0.0,0.0,0.0,-0.009999999999999787
2024-10-15,0.08000000000000007,0.0,-0.04999999999999982,0.0,-0.040000000000000036
2024-10-16,0.08999999999999941,-0.020000000000000018,-0.010000000000000675,0.0,-0.03000000000000025
2024-10-17,0.1299999999999999,0.029999999999999805,0.07000000000000028,0.0,-0.009999999999999787
2024-10-18,0.1299999999999999,-0.009999999999999787,-0.009999999999999787,0.0,-0.010000000000000231
2024-10-19,0.1299999999999999,0.0,0.0,0.0,0.0
2024-10-20,0.1299999999999999,0.0,0.0,0.0,0.0
2024-10-21,0.17000000000000082,0.0699999999999994,0.11000000000000032,0.0,0.0
2024-10-22,0.16999999999999993,0.010000000000000675,0.009999999999999787,0.0,0.040000000000000036
2024-10-23,0.16999999999999993,0.040000000000000036,0.040000000000000036,0.0,0.03000000000000025
2024-10-24,0.13999999999999968,0.0,-0.03000000000000025,0.0,-0.020000000000000018
2024-10-25,0.13999999999999968,0.040000000000000036,0.040000000000000036,0.0,-0.040000000000000036
2024-10-26,0.13999999999999968,0.0,0.0,0.0,0.0
2024-10-27,0.13999999999999968,0.0,0.0,0.0,0.0
2024-10-28,0.16000000000000014,0.009999999999999787,0.03000000000000025,0.0,-0.07000000000000028
2024-10-29,0.16999999999999993,-0.009999999999999787,0.0,0.0,0.03000000000000025
2024-10-30,0.13999999999999968,0.040000000000000036,0.009999999999999787,0.0,-0.050000000000000266
2024-10-31,0.1200000000000001,0.009999999999999787,-0.009999999999999787,0.0,0.08000000000000007
2024-11-01,0.16000000000000014,0.04999999999999982,0.08999999999999986,0.0,-0.04999999999999982
2024-11-02,0.16000000000000014,0.0,0.0,0.0,0.0
2024-11-03,0.16000000000000014,0.0,0.0,0.0,0.0
2024-11-04,0.13999999999999968,-0.040000000000000036,-0.0600000000000005,0.0,0.040000000000000036
2024-11-05,0.0699999999999994,0.020000000000000462,-0.04999999999999982,0.0,-0.010000000000000231
2024-11-06,0.15000000000000036,0.07999999999999918,0.16000000000000014,0.0,-0.11999999999999966
2024-11-07,0.09999999999999964,-0.05999999999999961,-0.11000000000000032,0.0,-0.010000000000000231
2024-11-08,0.040000000000000036,0.04999999999999982,-0.009999999999999787,-0.25,-0.10000000000000009
2024-11-09,0.040000000000000036,0.0,0.0,0.0,0.0
2024-11-10,0.040000000000000036,0.0,0.0,0.0,0.0
2024-11-11,0.040000000000000036,0.0,0.0,0.0,0.0
2024-11-12,0.08999999999999986,0.08000000000000007,0.1299999999999999,0.0,-0.020000000000000018
2024-11-13,0.17000000000000082,-0.07000000000000028,0.010000000000000675,0.0,0.03000000000000025
2024-11-14,0.08999999999999986,0.07000000000000028,-0.010000000000000675,0.0,-0.040000000000000036
2024-11-15,0.1200000000000001,-0.03000000000000025,0.0,0.0,0.1200000000000001
2024-11-16,0.1200000000000001,0.0,0.0,0.0,0.0
2024-11-17,0.1200000000000001,0.0,0.0,0.0,0.0
2024-11-18,0.1299999999999999,-0.019999999999999574,-0.009999999999999787,0.0,0.0
2024-11-19,0.1200000000000001,-0.020000000000000462,-0.03000000000000025,0.0,-0.03000000000000025
2024-11-20,0.10000000000000053,0.040000000000000036,0.020000000000000462,0.0,-0.020000000000000018
2024-11-21,0.08999999999999986,0.03000000000000025,0.019999999999999574,0.0,-0.06000000000000005
2024-11-22,0.040000000000000036,0.03000000000000025,-0.019999999999999574,0.0,0.0
2024-11-23,0.040000000000000036,0.0,0.0,0.0,0.0
2024-11-24,0.040000000000000036,0.0,0.0,0.0,0.0
2024-11-25,0.05999999999999961,-0.16000000000000014,-0.14000000000000057,0.0,0.03000000000000025
2024-11-26,0.08999999999999986,0.0,0.03000000000000025,0.0,0.040000000000000036
2024-11-27,0.05999999999999961,-0.019999999999999574,-0.04999999999999982,0.0,0.009999999999999787
2024-11-28,0.05999999999999961,0.0,0.0,0.0,0.0
2024-11-29,0.04999999999999982,-0.0600000000000005,-0.07000000000000028,0.0,0.03000000000000025
2024-11-30,0.04999999999999982,0.0,0.0,0.0,0.020000000000000018
2024-12-01,0.04999999999999982,0.0,0.0,0.0,0.0
2024-12-02,0.020000000000000462,0.040000000000000036,0.010000000000000675,0.0,-0.06000000000000005
2024-12-03,0.0600000000000005,0.0,0.040000000000000036,0.0,-0.020000000000000018
2024-12-04,0.0600000000000005,-0.040000000000000036,-0.040000000000000036,0.0,0.0
2024-12-05,0.019999999999999574,0.020000000000000462,-0.020000000000000462,0.0,0.0
2024-12-06,0.05000000000000071,-0.05000000000000071,-0.019999999999999574,0.0,0.009999999999999787
2024-12-07,0.05000000000000071,0.0,0.0,0.0,0.0
2024-12-08,0.05000000000000071,0.0,0.0,0.0,0.0
2024-12-09,0.07000000000000028,0.03000000000000025,0.04999999999999982,0.0,0.0
2024-12-10,0.0699999999999994,0.020000000000000462,0.019999999999999574,0.0,0.0
2024-12-11,0.10999999999999943,0.0,0.040000000000000036,0.0,-0.029999999999999805
2024-12-12,0.14000000000000057,0.02999999999999936,0.0600000000000005,0.0,0.020000000000000018
2024-12-13,0.15000000000000036,0.07000000000000028,0.08000000000000007,0.0,0.020000000000000018
2024-12-14,0.15000000000000036,0.0,0.0,0.0,0.0
2024-12-15,0.15000000000000036,0.0,0.0,0.0,0.0
2024-12-16,0.13999999999999968,0.0,-0.010000000000000675,0.0,0.009999999999999787
2024-12-17,0.15000000000000036,0.0,0.010000000000000675,0.0,0.06000000000000005
2024-12-18,0.15000000000000036,0.09999999999999964,0.09999999999999964,0.0,-0.020000000000000018
2024-12-19,0.25,-0.02999999999999936,0.07000000000000028,-0.25,0.18000000000000016
2024-12-20,0.21999999999999975,-0.020000000000000462,-0.05000000000000071,0.0,-0.050000000000000266
2024-12-21,0.21999999999999975,0.0,0.0,0.0,0.0
2024-12-22,0.21999999999999975,0.0,0.0,0.0,0.0
2024-12-23,0.29000000000000004,0.0,0.07000000000000028,0.0,-0.009999999999999787
2024-12-24,0.2999999999999998,-0.009999999999999787,0.0,0.0,0.009999999999999787
2024-12-25,0.2999999999999998,0.0,0.0,0.0,0.0
2024-12-26,0.28000000000000025,0.009999999999999787,-0.009999999999999787,0.0,0.0
2024-12-27,0.3100000000000005,0.009999999999999787,0.040000000000000036,0.0,-0.020000000000000018
2024-12-28,0.3100000000000005,0.0,0.0,0.0,0.0
2024-12-29,0.3100000000000005,0.0,0.0,0.0,0.0
2024-12-30,0.3099999999999996,-0.0699999999999994,-0.07000000000000028,0.0,0.10000000000000009
2024-12-31,0.33000000000000007,0.009999999999999787,0.03000000000000025,0.0,-0.020000000000000018
2025-01-01,0.33000000000000007,0.0,0.0,0.0,0.0
2025-01-02,0.3200000000000003,0.0,-0.009999999999999787,0.0,-0.040000000000000036
2025-01-03,0.3199999999999994,0.03000000000000025,0.02999999999999936,0.0,-0.06999999999999984
2025-01-04,0.3199999999999994,0.0,0.0,0.0,0.0
2025-01-05,0.3199999999999994,0.0,0.0,0.0,0.0
2025-01-06,0.33999999999999986,0.0,0.020000000000000462,0.0,-0.050000000000000266
2025-01-07,0.3700000000000001,0.019999999999999574,0.04999999999999982,0.0,0.03000000000000025
2025-01-08,0.3899999999999997,-0.019999999999999574,0.0,0.0,0.04999999999999982
2025-01-09,0.41000000000000014,-0.010000000000000675,0.009999999999999787,0.0,-0.020000000000000018
2025-01-10,0.3699999999999992,0.13000000000000078,0.08999999999999986,0.0,-0.009999999999999787
2025-01-11,0.3699999999999992,0.0,0.0,0.0,0.0
2025-01-12,0.3699999999999992,0.0,0.0,0.0,0.0
2025-01-13,0.3899999999999997,0.0,0.020000000000000462,0.0,0.040000000000000036
2025-01-14,0.41000000000000014,-0.03000000000000025,-0.009999999999999787,0.0,-0.050000000000000266
2025-01-15,0.39000000000000057,-0.10000000000000053,-0.1200000000000001,0.0,-0.07999999999999963
2025-01-16,0.3799999999999999,-0.03999999999999915,-0.04999999999999982,0.0,0.009999999999999787
2025-01-17,0.34000000000000075,0.03999999999999915,0.0,0.0,-0.08999999999999986
2025-01-18,0.34000000000000075,0.0,0.0,0.0,0.0
2025-01-19,0.34000000000000075,0.0,0.0,0.0,0.0
2025-01-20,0.34000000000000075,0.0,0.0,0.0,0.0
2025-01-21,0.28000000000000025,0.020000000000000462,-0.040000000000000036,0.0,-0.03000000000000025
2025-01-22,0.3099999999999996,0.0,0.02999999999999936,0.0,-0.020000000000000018
2025-01-23,0.3600000000000003,0.0,0.05000000000000071,0.0,0.020000000000000018
2025-01-24,0.3600000000000003,-0.020000000000000462,-0.020000000000000462,0.0,-0.009999999999999787
2025-01-25,0.3600000000000003,0.0,0.0,0.0,0.0
2025-01-26,0.3600000000000003,0.0,0.0,0.0,0.0
2025-01-27,0.3600000000000003,-0.09999999999999964,-0.09999999999999964,0.0,0.06000000000000005
2025-01-28,0.35999999999999943,0.020000000000000462,0.019999999999999574,0.0,0.0
2025-01-29,0.33999999999999986,0.019999999999999574,0.0,0.0,0.020000000000000018
2025-01-30,0.33999999999999986,-0.03000000000000025,-0.03000000000000025,0.0,-0.010000000000000231
2025-01-31,0.3600000000000003,0.040000000000000036,0.0600000000000005,0.0,0.010000000000000231
2025-02-01,0.3600000000000003,0.0,0.0,0.0,0.0
2025-02-02,0.3600000000000003,0.0,0.0,0.0,0.0
2025-02-03,0.28000000000000025,0.040000000000000036,-0.040000000000000036,0.0,0.04999999999999982
2025-02-04,0.3099999999999996,-0.04999999999999982,-0.020000000000000462,0.0,-0.020000000000000018
2025-02-05,0.2599999999999998,-0.040000000000000036,-0.08999999999999986,0.0,-0.020000000000000018
2025-02-06,0.2400000000000002,0.040000000000000036,0.020000000000000462,0.0,-0.029999999999999805
2025-02-07,0.20000000000000018,0.08000000000000007,0.040000000000000036,0.0,0.009999999999999787
2025-02-08,0.20000000000000018,0.0,0.0,0.0,0.0
2025-02-09,0.20000000000000018,0.0,0.0,0.0,0.0
2025-02-10,0.22999999999999954,-0.009999999999999787,0.019999999999999574,0.0,-0.009999999999999787
2025-02-11,0.25,0.009999999999999787,0.03000000000000025,0.0,0.0
2025-02-12,0.2599999999999998,0.07000000000000028,0.08000000000000007,0.0,-0.010000000000000231
2025-02-13,0.20999999999999996,-0.05000000000000071,-0.10000000000000053,0.0,0.0
2025-02-14,0.20999999999999996,-0.04999999999999982,-0.04999999999999982,0.0,-0.029999999999999805
2025-02-15,0.20999999999999996,0.0,0.0,0.0,0.0
2025-02-16,0.20999999999999996,0.0,0.0,0.0,0.0
2025-02-17,0.20999999999999996,0.0,0.0,0.0,0.0
2025-02-18,0.2599999999999998,0.03000000000000025,0.08000000000000007,0.0,0.0
2025-02-19,0.25,-0.009999999999999787,-0.019999999999999574,0.0,0.06000000000000005
2025-02-20,0.21999999999999975,0.0,-0.03000000000000025,0.0,-0.020000000000000018
2025-02-21,0.22999999999999954,-0.08999999999999986,-0.08000000000000007,0.0,0.11999999999999966
2025-02-22,0.22999999999999954,0.0,0.0,0.0,0.0
2025-02-23,0.22999999999999954,0.0,0.0,0.0,0.0
2025-02-24,0.27000000000000046,-0.0600000000000005,-0.019999999999999574,0.0,0.0
2025-02-25,0.22999999999999954,-0.05999999999999961,-0.10000000000000053,0.0,0.06000000000000005
2025-02-26,0.20000000000000018,-0.020000000000000462,-0.04999999999999982,0.0,-0.029999999999999805
2025-02-27,0.21999999999999975,0.020000000000000462,0.040000000000000036,0.0,0.0
2025-02-28,0.25,-0.08000000000000007,-0.04999999999999982,0.0,0.06000000000000005
2025-03-01,0.25,0.0,0.0,0.0,0.0
2025-03-02,0.25,0.0,0.0,0.0,0.0
2025-03-03,0.20000000000000018,-0.03000000000000025,-0.08000000000000007,0.0,0.06999999999999984
2025-03-04,0.2599999999999998,0.0,0.05999999999999961,0.0,0.050000000000000266
2025-03-05,0.29000000000000004,0.03000000000000025,0.0600000000000005,0.0,-0.11000000000000032
2025-03-06,0.33000000000000007,-0.03000000000000025,0.009999999999999787,0.0,0.11000000000000032
2025-03-07,0.33000000000000007,0.03000000000000025,0.03000000000000025,0.0,-0.020000000000000018
2025-03-08,0.33000000000000007,0.0,0.0,0.0,0.0
2025-03-09,0.33000000000000007,0.0,0.0,0.0,0.0
2025-03-10,0.3299999999999996,-0.10000000000000009,-0.10000000000000053,0.0,0.18999999999999995
2025-03-11,0.3400000000000003,0.04999999999999982,0.0600000000000005,0.0,0.06000000000000005
2025-03-12,0.3100000000000005,0.06999999999999984,0.040000000000000036,0.0,-0.020000000000000018
2025-03-13,0.3299999999999996,-0.06999999999999984,-0.05000000000000071,0.0,0.19999999999999973
2025-03-14,0.29000000000000004,0.07999999999999963,0.040000000000000036,0.0,-0.1499999999999999
2025-03-15,0.29000000000000004,0.0,0.0,0.0,0.0
2025-03-16,0.29000000000000004,0.0,0.0,0.0,0.0
2025-03-17,0.25,0.040000000000000036,0.0,0.0,-0.06999999999999984
2025-03-18,0.25,-0.019999999999999574,-0.019999999999999574,0.0,0.04999999999999982
2025-03-19,0.2599999999999998,-0.04999999999999982,-0.040000000000000036,0.0,-0.040000000000000036
2025-03-20,0.29000000000000004,-0.040000000000000036,-0.009999999999999787,0.0,-0.020000000000000018
2025-03-21,0.31000000000000005,-0.010000000000000231,0.009999999999999787,0.0,0.040000000000000036
2025-03-22,0.31000000000000005,0.0,0.0,0.0,0.0
2025-03-23,0.31000000000000005,0.0,0.0,0.0,0.0
2025-03-24,0.2999999999999998,0.10000000000000009,0.08999999999999986,0.0,-0.16000000000000014
2025-03-25,0.34999999999999964,-0.08000000000000007,-0.03000000000000025,0.0,0.040000000000000036
2025-03-26,0.36999999999999966,0.020000000000000018,0.040000000000000036,0.0,0.10000000000000009
2025-03-27,0.4099999999999997,-0.009999999999999787,0.03000000000000025,0.0,0.08000000000000007
2025-03-28,0.37999999999999945,-0.08000000000000007,-0.11000000000000032,0.0,0.20000000000000018
2025-03-29,0.37999999999999945,0.0,0.0,0.0,0.0
2025-03-30,0.37999999999999945,0.0,0.0,0.0,0.0
2025-03-31,0.3400000000000003,0.0,-0.03999999999999915,0.0,0.07999999999999963
2025-04-01,0.2999999999999998,-0.020000000000000018,-0.0600000000000005,0.0,-0.04999999999999982
2025-04-02,0.29000000000000004,0.040000000000000036,0.03000000000000025,0.0,-0.08000000000000007
2025-04-03,0.34999999999999964,-0.20000000000000018,-0.14000000000000057,0.0,0.5899999999999999
2025-04-04,0.3299999999999996,-0.029999999999999805,-0.04999999999999982,0.0,0.4400000000000004
2025-04-05,0.3299999999999996,0.0,0.0,0.0,0.0
2025-04-06,0.3299999999999996,0.0,0.0,0.0,0.0
2025-04-07,0.4200000000000004,0.04999999999999982,0.14000000000000057,0.0,0.16000000000000014
2025-04-08,0.5499999999999998,-0.020000000000000018,0.10999999999999943,0.0,-0.040000000000000036
2025-04-09,0.4299999999999997,0.20000000000000018,0.08000000000000007,0.0,-0.20000000000000018
2025-04-10,0.5600000000000005,-0.07000000000000028,0.0600000000000005,0.0,0.04999999999999982
2025-04-11,0.5200000000000005,0.1200000000000001,0.08000000000000007,0.0,-0.16000000000000014
2025-04-12,0.5200000000000005,0.0,0.0,0.0,0.0
2025-04-13,0.5200000000000005,0.0,0.0,0.0,0.0
2025-04-14,0.54,-0.1200000000000001,-0.10000000000000053,0.0,-0.1200000000000001
2025-04-15,0.5099999999999998,0.0,-0.03000000000000025,0.0,-0.04999999999999982
2025-04-16,0.52,-0.06999999999999984,-0.05999999999999961,0.0,0.07000000000000028
2025-04-17,0.5299999999999998,0.040000000000000036,0.04999999999999982,0.0,-0.14000000000000057
2025-04-18,0.5299999999999998,0.0,0.0,0.0,0.0
2025-04-19,0.5299999999999998,0.0,0.0,0.0,0.0
2025-04-20,0.5299999999999998,0.0,0.0,0.0,0.0
2025-04-21,0.6699999999999999,-0.06000000000000005,0.08000000000000007,0.0,0.14000000000000057
2025-04-22,0.6500000000000004,0.009999999999999787,-0.009999999999999787,0.0,-0.16999999999999993
2025-04-23,0.5900000000000003,0.050000000000000266,-0.009999999999999787,0.0,-0.2400000000000002
2025-04-24,0.5500000000000003,-0.040000000000000036,-0.08000000000000007,0.0,-0.020000000000000018
2025-04-25,0.5499999999999998,-0.029999999999999805,-0.03000000000000025,0.0,-0.06000000000000005
2025-04-26,0.5499999999999998,0.0,0.0,0.0,0.0
2025-04-27,0.5499999999999998,0.0,0.0,0.0,0.0
2025-04-28,0.5600000000000005,-0.07000000000000028,-0.05999999999999961,0.0,0.06000000000000005
2025-04-29,0.5400000000000005,-0.020000000000000018,-0.040000000000000036,0.0,0.010000000000000231
2025-04-30,0.5699999999999998,-0.04999999999999982,-0.020000000000000462,0.0,0.19999999999999973
2025-05-01,0.5499999999999998,0.10000000000000009,0.08000000000000007,0.0,-0.16000000000000014
2025-05-02,0.5,0.1299999999999999,0.08000000000000007,0.0,-0.17999999999999972
2025-05-03,0.5,0.0,0.0,0.0,0.0
2025-05-04,0.5,0.0,0.0,0.0,0.0
2025-05-05,0.5300000000000002,0.0,0.03000000000000025,0.0,0.0
2025-05-06,0.52,-0.050000000000000266,-0.0600000000000005,0.0,0.06000000000000005
2025-05-07,0.48,0.0,-0.040000000000000036,0.0,0.009999999999999787
2025-05-08,0.4700000000000002,0.1200000000000001,0.11000000000000032,0.0,-0.16000000000000014
2025-05-09,0.4900000000000002,-0.020000000000000018,0.0,0.0,0.020000000000000018
2025-05-10,0.4900000000000002,0.0,0.0,0.0,0.0
2025-05-11,0.4900000000000002,0.0,0.0,0.0,0.0
2025-05-12,0.4700000000000002,0.10000000000000009,0.08000000000000007,0.0,-0.3799999999999999
2025-05-13,0.47000000000000064,0.03999999999999959,0.040000000000000036,0.0,-0.06000000000000005
2025-05-14,0.4800000000000004,0.03000000000000025,0.040000000000000036,0.0,0.010000000000000231
2025-05-15,0.4900000000000002,-0.08999999999999986,-0.08000000000000007,0.0,0.10000000000000009
2025-05-16,0.44999999999999973,0.020000000000000018,-0.020000000000000462,0.0,-0.040000000000000036
2025-05-17,0.44999999999999973,0.0,0.0,0.0,0.0
2025-05-18,0.44999999999999973,0.0,0.0,0.0,0.0
2025-05-19,0.48999999999999977,-0.009999999999999787,0.03000000000000025,0.0,0.04999999999999982
2025-05-20,0.5100000000000002,0.0,0.020000000000000462,0.0,-0.009999999999999787
2025-05-21,0.5800000000000001,0.029999999999999805,0.09999999999999964,0.0,0.04999999999999982
2025-05-22,0.54,0.0,-0.040000000000000036,0.0,0.06999999999999984
2025-05-23,0.5099999999999998,0.0,-0.03000000000000025,0.0,0.08000000000000007
2025-05-24,0.5099999999999998,0.0,0.0,0.0,0.0
2025-05-25,0.5099999999999998,0.0,0.0,0.0,0.0
2025-05-26,0.5099999999999998,0.0,0.0,0.0,0.0
2025-05-27,0.5099999999999998,-0.08000000000000007,-0.08000000000000007,0.0,-0.1599999999999997
2025-05-28,0.5099999999999998,0.040000000000000036,0.040000000000000036,0.0,-0.010000000000000231
2025-05-29,0.5099999999999998,-0.040000000000000036,-0.040000000000000036,0.0,-0.009999999999999787
2025-05-30,0.52,-0.029999999999999805,-0.019999999999999574,0.0,0.08999999999999986
2025-05-31,0.52,0.0,0.0,0.0,0.009999999999999787
2025-06-01,0.52,0.0,0.0,0.0,0.0
2025-06-02,0.52,0.04999999999999982,0.04999999999999982,0.0,-0.04999999999999982
2025-06-03,0.5,0.020000000000000018,0.0,0.0,-0.08000000000000007
2025-06-04,0.5,-0.08999999999999986,-0.08999999999999986,0.0,0.040000000000000036
2025-06-05,0.4800000000000004,0.04999999999999982,0.03000000000000025,0.0,-0.04999999999999982
2025-06-06,0.46999999999999975,0.1200000000000001,0.10999999999999943,0.0,-0.0900000000000003
2025-06-07,0.46999999999999975,0.0,0.0,0.0,0.0
2025-06-08,0.46999999999999975,0.0,0.0,0.0,0.0
2025-06-09,0.4800000000000004,-0.03000000000000025,-0.019999999999999574,0.0,0.03000000000000025
2025-06-10,0.45999999999999996,0.0,-0.020000000000000462,0.0,0.0
2025-06-11,0.4700000000000002,-0.06999999999999984,-0.05999999999999961,0.0,0.0
2025-06-12,0.4600000000000004,-0.040000000000000036,-0.04999999999999982,0.0,0.04999999999999982
2025-06-13,0.4500000000000002,0.06000000000000005,0.04999999999999982,0.0,0.010000000000000231
2025-06-14,0.4500000000000002,0.0,0.0,0.0,0.0
2025-06-15,0.4500000000000002,0.0,0.0,0.0,0.0
2025-06-16,0.48999999999999977,0.010000000000000231,0.04999999999999982,0.0,-0.08000000000000007
2025-06-17,0.44999999999999973,-0.03000000000000025,-0.07000000000000028,0.0,0.06999999999999984
2025-06-18,0.43999999999999995,0.0,-0.009999999999999787,0.0,-0.009999999999999787
2025-06-19,0.43999999999999995,0.0,0.0,0.0,0.0
2025-06-20,0.48,-0.040000000000000036,0.0,0.0,-0.03000000000000025
2025-06-21,0.48,0.0,0.0,0.0,0.0
2025-06-22,0.48,0.0,0.0,0.0,0.0
2025-06-23,0.5,-0.06000000000000005,-0.040000000000000036,0.0,-0.009999999999999787
2025-06-24,0.5499999999999998,-0.08999999999999986,-0.040000000000000036,0.0,-0.06000000000000005
2025-06-25,0.5499999999999998,-0.009999999999999787,-0.009999999999999787,0.0,-0.020000000000000018
2025-06-26,0.5599999999999996,-0.040000000000000036,-0.03000000000000025,0.0,0.0
2025-06-27,0.56,0.029999999999999805,0.03000000000000025,0.0,-0.020000000000000018
2025-06-28,0.56,0.0,0.0,0.0,0.0
2025-06-29,0.56,0.0,0.0,0.0,0.0
2025-06-30,0.52,-0.009999999999999787,-0.04999999999999982,0.0,-0.06000000000000005
2025-07-01,0.48,0.05999999999999961,0.019999999999999574,0.0,-0.04999999999999982
2025-07-02,0.52,0.0,0.040000000000000036,0.0,-0.03000000000000025
2025-07-03,0.46999999999999975,0.10000000000000009,0.04999999999999982,0.0,-0.08000000000000007
2025-07-04,0.46999999999999975,0.0,0.0,0.0,0.0
2025-07-05,0.46999999999999975,0.0,0.0,0.0,0.0
2025-07-06,0.46999999999999975,0.0,0.0,0.0,0.0
2025-07-07,0.5000000000000004,0.020000000000000018,0.05000000000000071,0.0,0.06000000000000005
2025-07-08,0.52,0.0,0.019999999999999574,0.0,0.06000000000000005
2025-07-09,0.48,-0.040000000000000036,-0.08000000000000007,0.0,0.020000000000000018
2025-07-10,0.48999999999999977,0.0,0.009999999999999787,0.0,-0.020000000000000018
2025-07-11,0.5299999999999998,0.040000000000000036,0.08000000000000007,0.0,0.050000000000000266
2025-07-12,0.5299999999999998,0.0,0.0,0.0,0.0
2025-07-13,0.5299999999999998,0.0,0.0,0.0,0.0
2025-07-14,0.5299999999999998,0.0,0.0,0.0,-0.020000000000000018
2025-07-15,0.5499999999999998,0.050000000000000266,0.07000000000000028,0.0,0.0
2025-07-16,0.5800000000000001,-0.07000000000000028,-0.040000000000000036,0.0,0.04999999999999982
2025-07-17,0.5599999999999996,0.03000000000000025,0.009999999999999787,0.0,-0.08999999999999986
2025-07-18,0.5600000000000005,-0.03000000000000025,-0.02999999999999936,0.0,0.020000000000000018
2025-07-19,0.5600000000000005,0.0,0.0,0.0,0.0
2025-07-20,0.5600000000000005,0.0,0.0,0.0,0.0
2025-07-21,0.5299999999999998,-0.029999999999999805,-0.0600000000000005,0.0,-0.040000000000000036
2025-07-22,0.5199999999999996,-0.020000000000000018,-0.03000000000000025,0.0,0.009999999999999787
2025-07-23,0.5200000000000005,0.04999999999999982,0.05000000000000071,0.0,-0.06999999999999984
2025-07-24,0.5199999999999996,0.03000000000000025,0.02999999999999936,0.0,-0.010000000000000231
2025-07-25,0.4900000000000002,0.0,-0.02999999999999936,0.0,0.020000000000000018
2025-07-26,0.4900000000000002,0.0,0.0,0.0,0.0
2025-07-27,0.4900000000000002,0.0,0.0,0.0,0.0
2025-07-28,0.5099999999999998,0.0,0.019999999999999574,0.0,-0.020000000000000018
2025-07-29,0.48,-0.050000000000000266,-0.08000000000000007,0.0,0.040000000000000036
2025-07-30,0.43999999999999995,0.08000000000000007,0.040000000000000036,0.0,0.03000000000000025
2025-07-31,0.43000000000000016,0.0,-0.009999999999999787,0.0,-0.03000000000000025
2025-08-01,0.5400000000000005,-0.25,-0.13999999999999968,0.0,0.27
2025-08-02,0.5400000000000005,0.0,0.0,0.0,0.0
2025-08-03,0.5400000000000005,0.0,0.0,0.0,0.0
2025-08-04,0.5299999999999998,0.0,-0.010000000000000675,0.0,-0.10999999999999988
2025-08-05,0.49999999999999956,0.03000000000000025,0.0,0.0,-0.040000000000000036
2025-08-06,0.5299999999999998,-0.03000000000000025,0.0,0.0,0.0
2025-08-07,0.5100000000000002,0.03000000000000025,0.010000000000000675,0.0,-0.029999999999999805
2025-08-08,0.5099999999999998,0.03999999999999959,0.03999999999999915,0.0,-0.010000000000000231
2025-08-09,0.5099999999999998,0.0,0.0,0.0,0.0
2025-08-10,0.5099999999999998,0.0,0.0,0.0,0.0
2025-08-11,0.5099999999999998,0.0,0.0,0.0,0.0
2025-08-12,0.5699999999999998,-0.03999999999999959,0.020000000000000462,0.0,-0.009999999999999787
2025-08-13,0.5700000000000003,-0.050000000000000266,-0.04999999999999982,0.0,-0.03000000000000025
2025-08-14,0.5499999999999998,0.07000000000000028,0.04999999999999982,0.0,-0.009999999999999787
2025-08-15,0.5800000000000001,0.009999999999999787,0.040000000000000036,0.0,-0.010000000000000231
2025-08-16,0.5800000000000001,0.0,0.0,0.0,0.0
2025-08-17,0.5800000000000001,0.0,0.0,0.0,0.0
2025-08-18,0.5699999999999998,0.020000000000000018,0.009999999999999787,0.0,0.0
2025-08-19,0.5499999999999998,-0.020000000000000018,-0.040000000000000036,0.0,0.020000000000000018
2025-08-20,0.5499999999999998,-0.009999999999999787,-0.009999999999999787,0.0,0.040000000000000036
2025-08-21,0.54,0.04999999999999982,0.040000000000000036,0.0,0.010000000000000231
2025-08-22,0.5799999999999996,-0.10999999999999988,-0.07000000000000028,0.0,-0.07000000000000028
2025-08-23,0.5799999999999996,0.0,0.0,0.0,0.0
2025-08-24,0.5799999999999996,0.0,0.0,0.0,0.0
2025-08-25,0.5500000000000003,0.04999999999999982,0.020000000000000462,0.0,-0.08000000000000007
2025-08-26,0.6499999999999999,-0.1200000000000001,-0.020000000000000462,0.0,-0.020000000000000018
2025-08-27,0.6500000000000004,-0.020000000000000018,-0.019999999999999574,0.0,0.0
2025-08-28,0.5999999999999996,0.03000000000000025,-0.020000000000000462,0.0,-0.029999999999999805
2025-08-29,0.6400000000000006,-0.03000000000000025,0.010000000000000675,0.0,0.06999999999999984
2025-08-30,0.6400000000000006,0.0,0.0,0.0,0.0
2025-08-31,0.6400000000000006,0.0,0.0,0.0,0.020000000000000018
2025-09-01,0.6400000000000006,0.0,0.0,0.0,0.0
2025-09-02,0.6200000000000001,0.07000000000000028,0.04999999999999982,0.0,0.08000000000000007
2025-09-03,0.6099999999999999,-0.050000000000000266,-0.0600000000000005,0.0,-0.040000000000000036
2025-09-04,0.5800000000000001,-0.020000000000000018,-0.04999999999999982,0.0,-0.040000000000000036
2025-09-05,0.5899999999999999,-0.08000000000000007,-0.07000000000000028,0.0,-0.009999999999999787
2025-09-06,0.5899999999999999,0.0,0.0,0.0,0.0
2025-09-07,0.5899999999999999,0.0,0.0,0.0,0.0
2025-09-08,0.5599999999999996,-0.019999999999999574,-0.04999999999999982,0.0,0.009999999999999787
2025-09-09,0.54,0.04999999999999982,0.03000000000000025,0.0,0.03000000000000025
2025-09-10,0.5,0.0,-0.040000000000000036,0.0,-0.03000000000000025
2025-09-11,0.48999999999999977,-0.020000000000000018,-0.03000000000000025,0.0,-0.06000000000000005
2025-09-12,0.49999999999999956,0.040000000000000036,0.04999999999999982,0.0,0.010000000000000231
2025-09-13,0.49999999999999956,0.0,0.0,0.0,0.0
2025-09-14,0.49999999999999956,0.0,0.0,0.0,0.0
2025-09-15,0.5099999999999998,-0.020000000000000018,-0.009999999999999787,0.0,-0.040000000000000036
2025-09-16,0.5300000000000002,-0.03000000000000025,-0.009999999999999787,0.0,0.040000000000000036
2025-09-17,0.5399999999999996,0.010000000000000231,0.019999999999999574,0.0,0.0
2025-09-18,0.5400000000000005,0.04999999999999982,0.05000000000000071,-0.25,-0.08000000000000007
2025-09-19,0.5699999999999998,0.0,0.02999999999999936,0.0,0.010000000000000231
2025-09-20,0.5699999999999998,0.0,0.0,0.0,0.0
2025-09-21,0.5699999999999998,0.0,0.0,0.0,0.0
2025-09-22,0.5400000000000005,0.040000000000000036,0.010000000000000675,0.009999999999999787,-0.03000000000000025
2025-09-23,0.5900000000000003,-0.08000000000000007,-0.03000000000000025,0.0,0.020000000000000018
2025-09-24,0.5900000000000003,0.040000000000000036,0.040000000000000036,0.0,-0.009999999999999787
2025-09-25,0.5399999999999996,0.07000000000000028,0.019999999999999574,0.0,0.05999999999999961
2025-09-26,0.5700000000000003,-0.010000000000000231,0.020000000000000462,0.0,-0.009999999999999787
2025-09-27,0.5700000000000003,0.0,0.0,0.0,0.0
2025-09-28,0.5700000000000003,0.0,0.0,0.0,0.0
2025-09-29,0.5200000000000005,0.0,-0.04999999999999982,0.0,-0.009999999999999787
2025-09-30,0.56,-0.029999999999999805,0.009999999999999787,0.0,0.05999999999999961
2025-10-01,0.5700000000000003,-0.050000000000000266,-0.040000000000000036,0.0,0.010000000000000231
2025-10-02,0.5499999999999998,0.0,-0.020000000000000462,0.0,0.0
2025-10-03,0.5499999999999998,0.03000000000000025,0.03000000000000025,0.0,-0.010000000000000231
2025-10-04,0.5499999999999998,0.0,0.0,0.0,0.0
2025-10-05,0.5499999999999998,0.0,0.0,0.0,0.0
2025-10-06,0.5799999999999996,0.020000000000000018,0.04999999999999982,0.0,-0.040000000000000036
2025-10-07,0.5699999999999998,-0.03000000000000025,-0.040000000000000036,0.0,0.06000000000000005
2025-10-08,0.5499999999999998,0.010000000000000231,-0.009999999999999787,0.009999999999999787,0.020000000000000018
2025-10-09,0.5399999999999996,0.020000000000000018,0.009999999999999787,0.0,0.11000000000000032
2025-10-10,0.5299999999999998,-0.08000000000000007,-0.08999999999999986,0.0,0.22999999999999998
2025-10-11,0.5299999999999998,0.0,0.0,0.0,0.0
2025-10-12,0.5299999999999998,0.0,0.0,0.0,0.0
2025-10-13,0.5299999999999998,0.0,0.0,0.0,0.0
2025-10-14,0.5500000000000003,-0.040000000000000036,-0.019999999999999574,0.0,-0.07000000000000028
2025-10-15,0.5499999999999998,0.020000000000000018,0.019999999999999574,0.0,-0.1599999999999997
2025-10-16,0.5800000000000001,-0.08999999999999986,-0.05999999999999961,0.010000000000000675,0.08999999999999986
2025-10-17,0.5599999999999996,0.04999999999999982,0.02999999999999936,0.0,0.0
2025-10-18,0.5599999999999996,0.0,0.0,0.0,0.0
2025-10-19,0.5599999999999996,0.0,0.0,0.0,0.0
2025-10-20,0.54,0.0,-0.019999999999999574,0.0,-0.04999999999999982
2025-10-21,0.5299999999999998,-0.009999999999999787,-0.020000000000000018,0.0,-0.020000000000000018
2025-10-22,0.52,0.0,-0.009999999999999787,0.0,0.03999999999999959
2025-10-23,0.5299999999999998,0.029999999999999805,0.03999999999999959,0.0,-0.04999999999999982
2025-10-24,0.5399999999999996,0.0,0.009999999999999787,0.0,-0.08000000000000007
2025-10-25,0.5399999999999996,0.0,0.0,0.0,0.0
2025-10-26,0.5399999999999996,0.0,0.0,0.0,0.0
2025-10-27,0.5299999999999998,0.0,-0.009999999999999787,0.009999999999999787,-0.08000000000000007
2025-10-28,0.52,-0.009999999999999787,-0.019999999999999574,0.0,0.020000000000000018
2025-10-29,0.4900000000000002,0.11999999999999966,0.08999999999999986,0.0,-0.06000000000000005
2025-10-30,0.5000000000000004,0.020000000000000018,0.03000000000000025,-0.25,0.0900000000000003
2025-10-31,0.5100000000000002,-0.009999999999999787,0.0,-0.010000000000000231,0.08999999999999986
2025-11-01,0.5100000000000002,0.0,0.0,0.0,0.0
2025-11-02,0.5100000000000002,0.0,0.0,0.0,0.0
2025-11-03,0.5299999999999998,0.0,0.019999999999999574,0.010000000000000231,0.10000000000000009
2025-11-04,0.5199999999999996,-0.020000000000000018,-0.03000000000000025,0.0,0.08999999999999986
2025-11-05,0.54,0.04999999999999982,0.07000000000000028,0.0,-0.08000000000000007
2025-11-06,0.5400000000000005,-0.06000000000000005,-0.05999999999999961,0.0,0.08000000000000007
2025-11-07,0.5600000000000005,-0.020000000000000018,0.0,0.0,0.020000000000000018
2025-11-08,0.5600000000000005,0.0,0.0,0.0,0.0
2025-11-09,0.5600000000000005,0.0,0.0,0.0,0.0
2025-11-10,0.5499999999999998,0.03000000000000025,0.019999999999999574,0.0,-0.1299999999999999
2025-11-11,0.5499999999999998,0.0,0.0,0.0,0.0
2025-11-12,0.52,-0.020000000000000018,-0.04999999999999982,0.0,0.0
2025-11-13,0.5300000000000002,0.020000000000000018,0.03000000000000025,0.009999999999999787,0.06999999999999984
2025-11-14,0.5199999999999996,0.040000000000000036,0.02999999999999936,0.0,-0.020000000000000018
2025-11-15,0.5199999999999996,0.0,0.0,0.0,0.0
2025-11-16,0.5199999999999996,0.0,0.0,0.0,0.0
2025-11-17,0.5299999999999998,-0.020000000000000018,-0.009999999999999787,0.0,0.06000000000000005
2025-11-18,0.54,-0.020000000000000018,-0.009999999999999787,0.0,0.07000000000000028
2025-11-19,0.5499999999999998,0.0,0.009999999999999787,0.0,-0.03000000000000025
2025-11-20,0.5499999999999998,-0.03000000000000025,-0.03000000000000025,0.0,0.0
2025-11-21,0.5499999999999998,-0.040000000000000036,-0.040000000000000036,0.0,0.020000000000000018
2025-11-22,0.5499999999999998,0.0,0.0,0.0,0.0
2025-11-23,0.5499999999999998,0.0,0.0,0.0,0.0
2025-11-24,0.5800000000000001,-0.04999999999999982,-0.019999999999999574,0.0,-0.040000000000000036
2025-11-25,0.5799999999999996,-0.029999999999999805,-0.03000000000000025,0.0,-0.04999999999999982
2025-11-26,0.5499999999999998,0.020000000000000018,-0.009999999999999787,0.0,-0.10000000000000009
2025-11-27,0.5499999999999998,0.0,0.0,0.0,0.0
2025-11-28,0.5499999999999994,0.020000000000000018,0.019999999999999574,0.010000000000000231,-0.04999999999999982
2025-11-29,0.5499999999999994,0.0,0.0,0.0,0.0
2025-11-30,0.5499999999999994,0.0,0.0,0.0,-0.03000000000000025
2025-12-01,0.5499999999999998,0.06999999999999984,0.07000000000000028,0.0,0.020000000000000018
2025-12-02,0.5800000000000001,-0.03000000000000025,0.0,0.0,-0.020000000000000018
2025-12-03,0.5699999999999994,-0.019999999999999574,-0.03000000000000025,0.0,-0.029999999999999805
2025-12-04,0.5900000000000003,0.029999999999999805,0.05000000000000071,0.0,-0.010000000000000231
2025-12-05,0.5799999999999996,0.040000000000000036,0.02999999999999936,0.0,-0.029999999999999805
2025-12-06,0.5799999999999996,0.0,0.0,0.0,0.0
2025-12-07,0.5799999999999996,0.0,0.0,0.0,0.0
2025-12-08,0.6000000000000001,0.009999999999999787,0.03000000000000025,0.0,0.040000000000000036
2025-12-09,0.5699999999999998,0.040000000000000036,0.009999999999999787,0.0,0.0
2025-12-10,0.5899999999999999,-0.06999999999999984,-0.04999999999999982,0.0,0.020000000000000018
2025-12-11,0.6199999999999997,-0.020000000000000018,0.009999999999999787,-0.25,-0.03000000000000025
2025-12-12,0.6700000000000004,0.0,0.05000000000000071,0.0,0.03000000000000025
2025-12-13,0.6700000000000004,0.0,0.0,0.0,0.0
2025-12-14,0.6700000000000004,0.0,0.0,0.0,0.0
2025-12-15,0.6699999999999999,-0.010000000000000231,-0.010000000000000675,0.0,0.0
2025-12-16,0.6700000000000004,-0.029999999999999805,-0.02999999999999936,0.0,0.06999999999999984
2025-12-17,0.6699999999999999,0.010000000000000231,0.009999999999999787,0.0,0.010000000000000231
2025-12-18,0.6600000000000001,-0.03000000000000025,-0.040000000000000036,0.0,-0.040000000000000036
2025-12-19,0.6800000000000002,0.020000000000000018,0.040000000000000036,0.0,-0.050000000000000266
2025-12-20,0.6800000000000002,0.0,0.0,0.0,0.0
2025-12-21,0.6800000000000002,0.0,0.0,0.0,0.0
2025-12-22,0.73,-0.040000000000000036,0.009999999999999787,0.0,-0.020000000000000018
2025-12-23,0.6999999999999997,0.040000000000000036,0.009999999999999787,0.0,-0.04999999999999982
2025-12-24,0.6800000000000002,-0.009999999999999787,-0.02999999999999936,0.0,0.009999999999999787
2025-12-25,0.6800000000000002,0.0,0.0,0.0,0.0
2025-12-26,0.6799999999999997,-0.010000000000000231,-0.010000000000000675,0.0,0.020000000000000018
2025-12-27,0.6799999999999997,0.0,0.0,0.0,0.0
2025-12-28,0.6799999999999997,0.0,0.0,0.0,0.0
2025-12-29,0.6699999999999999,-0.009999999999999787,-0.019999999999999574,0.0,0.010000000000000231
2025-12-30,0.6899999999999995,0.0,0.019999999999999574,0.0,-0.03000000000000025
2025-12-31,0.7099999999999995,0.020000000000000018,0.040000000000000036,0.0,-0.029999999999999805
