date,DOW30,FTSE100,NASDAQ,SP500,SSE,VIX
5/1/21,0.00553355,0.006128552,0.009445368,0.007057631,0.007315257,-0.062340931
6/1/21,0.014302551,0.034133935,-0.006116661,0.005693603,0.006271588,-0.010712281
7/1/21,0.006844334,0.002204572,0.025318076,0.01473826,0.007107602,-0.113951087
8/1/21,0.001829439,0.002374284,0.010240117,0.005476837,-0.001705766,-0.036881092
9/1/21,0,0,0,0,0,0
10/1/21,0,0,0,0,0,0
11/1/21,-0.002875096,-0.010942312,-0.012619132,-0.006576328,-0.010874281,0.110541896
12/1/21,0.001933072,-0.006552257,0.002757686,0.000415702,0.0215257,-0.031641535
13/1/21,-0.00026457,-0.001274126,0.004314322,0.002273056,-0.002688499,-0.049197486
14/1/21,-0.002222369,0.008341071,-0.001243107,-0.003760513,-0.009141472,0.045762535
15/1/21,-0.005736041,-0.009794918,-0.008742658,-0.007216001,0.000132608,0.045815962
16/1/21,0,0,0,0,0,0
17/1/21,0,0,0,0,0,0
18/1/21,0,-0.002229423,0,0,0.00833279,0
19/1/21,0.003765821,-0.0011464,0.015169181,0.008103458,-0.008332243,-0.046246172
20/1/21,0.008302234,0.004073311,0.019514848,0.013839417,0.004675083,-0.074107966
21/1/21,-0.000396736,-0.003715874,0.005458715,0.000316673,0.010596987,-0.012121371
22/1/21,-0.005759086,-0.003027452,0.000897498,-0.003015153,-0.004016023,0.027297562
23/1/21,0,0,0,0,0,0
24/1/21,0,0,0,0,0,0
25/1/21,-0.001193747,-0.008429658,0.006838431,0.003609318,0.00483698,0.056778028
26/1/21,-0.000741907,0.002271905,-0.000728534,-0.001489943,-0.015238443,-0.007357751
27/1/21,-0.020701816,-0.013100176,-0.026433071,-0.026013315,0.001095131,0.480214095
28/1/21,0.009857462,-0.006293127,0.005003103,0.009713299,-0.019260017,-0.208404553
29/1/21,-0.020491935,-0.018355695,-0.020181784,-0.019500378,-0.006326912,0.091058161
30/1/21,0,0,0,0,0,0
31/1/21,0,0,0,0,0,0
1/2/21,0.007618371,0.009150345,0.025135282,0.0159243,0.006357698,-0.090065583
2/2/21,0.015618546,0.007748618,0.015501444,0.013802529,0.008069726,-0.168136935
3/2/21,0.001176307,-0.001366715,-0.000164582,0.001008261,-0.004645298,-0.109455119
4/2/21,0.010756422,-0.000630152,0.012209768,0.010794848,-0.004402016,-0.051040594
5/2/21,0.002970252,-0.002216639,0.005685725,0.00388992,-0.001580069,-0.042220135
6/2/21,0,0,0,0,0,0
7/2/21,0,0,0,0,0,0
8/2/21,0.007596529,0.005256405,0.009434069,0.007372107,0.010276969,0.017573424
9/2/21,-0.000316426,0.001240909,0.001433135,-0.001114145,0.019911709,0.018195016
10/2/21,0.001973162,-0.001102971,-0.002513914,-0.000345245,0.014217593,0.016506593
11/2/21,-0.000225918,0.000658892,0.00380304,0.001661075,0,-0.034230899
12/2/21,0.000880953,0.009315097,0.004957131,0.004699971,0,-0.062125782
13/2/21,0,0,0,0,0,0
14/2/21,0,0,0,0,0,0
15/2/21,0,0.024922846,0,0,0,0
16/2/21,0.002043457,-0.001066301,-0.003409006,-0.000569435,0,0.071959581
17/2/21,0.002859539,-0.005646459,-0.005855141,-0.000320453,0,0.001862241
18/2/21,-0.003792956,-0.014060706,-0.007195635,-0.004425614,0.005530113,0.045017821
19/2/21,3.11E-05,0.001027068,0.000656068,-0.001856619,0.005646346,-0.019758189
20/2/21,0,0,0,0,0,0
21/2/21,0,0,0,0,0,0
22/2/21,0.000868641,-0.00178296,-0.02491491,-0.007762893,-0.014642828,0.06155796
23/2/21,0.000496682,0.00206974,-0.005026233,0.00125553,-0.00167056,-0.014605077
24/2/21,0.013370752,0.004983126,0.009811903,0.011287668,-0.020077233,-0.079682198
25/2/21,-0.017671401,-0.001051762,-0.035826183,-0.024783394,0.005866457,0.30291224
26/2/21,-0.015068716,-0.025672512,0.005542773,-0.004761532,-0.021418517,-0.033078266
27/2/21,0,0,0,0,0,0
28/2/21,0,0,0,0,0,0
1/3/21,0.019311024,0.016080656,0.029611051,0.023512173,0.011987947,-0.179820226
2/3/21,-0.004576427,0.003832641,-0.017073539,-0.008113679,-0.012127314,0.031614856
3/3/21,-0.003875733,0.009285762,-0.027398333,-0.013152336,0.019281925,0.101327485
4/3/21,-0.011124916,-0.003691939,-0.021327968,-0.013508038,-0.020736864,0.068817865
5/3/21,0.018332975,-0.003071953,0.01533984,0.019308356,-0.000429073,-0.147174714
6/3/21,0,0,0,0,0,0
7/3/21,0,0,0,0,0,0
8/3/21,0.009672896,0.013274015,-0.024364592,-0.005373643,-0.023277818,0.03231877
9/3/21,0.000952328,0.001665459,0.036188235,0.014055401,-0.018323067,-0.058198184
10/3/21,0.014479624,-0.000698535,-0.00038177,0.006012204,-0.000461528,-0.063124675
11/3/21,0.00582165,0.001693567,0.024925431,0.010341826,0.023281432,-0.029235256
12/3/21,0.008980501,0.003630037,-0.005899262,0.001014883,0.004717051,-0.057292629
13/3/21,0,0,0,0,0,0
14/3/21,0,0,0,0,0,0
15/3/21,0.005319189,-0.001746671,0.010444595,0.00647094,-0.009640692,-0.032419334
16/3/21,-0.003876954,0.00795381,0.000880786,-0.001570917,0.007800883,-0.012054378
17/3/21,0.005753906,-0.006029651,0.003973064,0.002875245,-0.000342959,-0.02870527
18/3/21,-0.004647116,0.002510635,-0.030708812,-0.01487056,0.005071094,0.11529542
19/3/21,-0.00715621,-0.010527661,0.007524913,-0.000602886,-0.017009879,-0.029628274
20/3/21,0,0,0,0,0,0
21/3/21,0,0,0,0,0,0
22/3/21,0.00315881,0.002590275,0.012206457,0.007000557,0.011325899,-0.104035567
23/3/21,-0.009456042,-0.00400735,-0.011264054,-0.007660118,-0.009315943,0.072517732
24/3/21,-9.53E-05,0.002042888,-0.020299644,-0.005482337,-0.013115034,0.043380369
25/3/21,0.006132286,-0.005691822,0.001217448,0.005226583,-0.001031095,-0.067814384
26/3/21,0.013803908,0.009809744,0.012333458,0.016494419,0.01614234,-0.049143524
27/3/21,0,0,0,0,0,0
28/3/21,0,0,0,0,0,0
29/3/21,0.002973609,-0.00065296,-0.006037039,-0.00086839,0.00495305,0.095020882
30/3/21,-0.003152563,0.005315249,-0.001092566,-0.003162829,0.006204299,-0.05602452
31/3/21,-0.002586287,-0.008675911,0.015326519,0.003615954,-0.004282047,-0.010766625
1/4/21,0.005191235,0.003523888,0.017453985,0.01175583,0.007069896,-0.112833947
2/4/21,0,0,0,0,0.005197173,0
3/4/21,0,0,0,0,0,0
4/4/21,0,0,0,0,0,0
5/4/21,0.011217221,0,0.016588476,0.014334988,0,0.032920108
6/4/21,-0.002895965,0.012727984,-0.000526198,-0.000974005,-0.000408223,0.011657139
7/4/21,0.000479195,0.00900147,-0.000696678,0.001474146,-0.000959437,-0.054435262
8/4/21,0.001711987,0.008230079,0.010209331,0.004211751,0.000838865,-0.012313206
9/4/21,0.00882659,-0.003810135,0.005112318,0.007690288,-0.009193505,-0.015458109
10/4/21,0,0,0,0,0,0
11/4/21,0,0,0,0,0,0
12/4/21,-0.001634535,-0.003868154,-0.003617307,-0.000196098,-0.010994288,0.013095384
13/4/21,-0.00202095,0.000203185,0.010493459,0.003289072,-0.004840357,-0.01549496
14/4/21,0.001590938,0.007100499,-0.009927565,-0.004096104,0.00594437,0.020214729
15/4/21,0.00900439,0.006306074,0.012970933,0.011033101,-0.005202692,-0.025031109
16/4/21,0.004826846,0.005141767,0.00096686,0.003602323,0.008096061,-0.019500904
17/4/21,0,0,0,0,0,0
18/4/21,0,0,0,0,0,0
19/4/21,-0.003604164,-0.002767542,-0.009838087,-0.00532069,0.01475365,0.062035444
20/4/21,-0.007550321,-0.020231598,-0.009277697,-0.006825561,-0.001326556,0.077325096
21/4/21,0.009300075,0.005147142,0.011822124,0.009263021,-2.88E-06,-0.065252568
22/4/21,-0.00945982,0.006202411,-0.009493487,-0.009253338,-0.002254189,0.06685721
23/4/21,0.006707715,5.76E-05,0.014255521,0.01086941,0.00261117,-0.076618992
24/4/21,0,0,0,0,0,0
25/4/21,0,0,0,0,0,0
26/4/21,-0.001820446,0.003524752,0.008664103,0.001780685,-0.009544072,0.017729917
27/4/21,9.89E-05,-0.002602815,-0.003440476,-0.000214919,0.000418429,-0.004545458
28/4/21,-0.004853635,0.002688994,-0.002785198,-0.000845898,0.004191493,-0.016073755
29/4/21,0.007070679,-0.000316002,0.002240706,0.006740042,0.005144244,0.018917154
30/4/21,-0.005461329,0.001191534,-0.008548395,-0.007220713,-0.008101971,0.055232146
1/5/21,0,0,0,0,0,0
2/5/21,0,0,0,0,0,0
3/5/21,0.007012402,0,-0.004850326,0.002744322,0,-0.016251774
4/5/21,0.000580274,-0.006708383,-0.019007709,-0.006700737,0,0.061940945
5/5/21,0.002846807,0.016630587,-0.003753696,0.000703216,0,-0.017085579
6/5/21,0.009252658,0.005228362,0.003705273,0.008132299,-0.001620199,-0.04049569
7/5/21,0.006613113,0.007532117,0.008720161,0.007346291,-0.006533382,-0.096997236
8/5/21,0,0,0,0,0,0
9/5/21,0,0,0,0,0,0
10/5/21,-0.00100521,-0.000841904,-0.025808207,-0.010490481,0.002663959,0.163776337
11/5/21,-0.013727112,-0.024973432,-0.000927963,-0.00871175,0.004035065,0.105157051
12/5/21,-0.020087087,0.008113242,-0.027082274,-0.021682782,0.006053925,0.233710236
13/5/21,0.012832443,-0.005913618,0.007134772,0.012099645,-0.009636918,-0.176322954
14/5/21,0.010545736,0.011465945,0.022971492,0.014807779,0.017584426,-0.206741825
15/5/21,0,0,0,0,0,0
16/5/21,0,0,0,0,0,0
17/5/21,-0.001581718,-0.001520292,-0.00379952,-0.002533258,0.007774079,0.047244699
18/5/21,-0.007812146,0.00018487,-0.005652381,-0.008553772,0.003232723,0.078949939
19/5/21,-0.004844891,-0.01201353,-0.000293152,-0.002947752,-0.005127888,0.038607743
20/5/21,0.005534255,0.009964236,0.017589108,0.010499429,-0.001145648,-0.070507618
21/5/21,0.003622432,-0.00024216,-0.00479511,-0.000784188,-0.005828252,-0.025479108
22/5/21,0,0,0,0,0,0
23/5/21,0,0,0,0,0,0
24/5/21,0.00542671,0.004762015,0.014018995,0.009862497,0.003069938,-0.090853626
25/5/21,-0.002372982,-0.003096327,-0.000292844,-0.002127545,0.023751525,0.023631633
26/5/21,0.000308582,-0.000412601,0.005901063,0.001875058,0.003350671,-0.081813533
27/5/21,0.004116726,-0.001025117,-0.000125188,0.001164636,0.004301461,-0.036367693
28/5/21,0.001878671,0.000413024,0.000906673,0.000768586,-0.002238692,0.001194057
29/5/21,0,0,0,0,0,0
30/5/21,0,0,0,0,0,0
31/5/21,0,0,0,0,0.004074125,0
1/6/21,0.001327242,0.008210993,-0.000892099,-0.000492455,0.002549653,0.065805583
2/6/21,0.00072483,0.003876384,0.001443986,0.001445889,-0.007635219,-0.023743347
3/6/21,-0.000674782,-0.006152837,-0.010362969,-0.003635303,-0.003600979,0.031534221
4/6/21,0.005173607,0.000650954,0.01458194,0.008795303,0.002126554,-0.094091457
5/6/21,0,0,0,0,0,0
6/6/21,0,0,0,0,0,0
7/6/21,-0.003636219,0.00115935,0.004854789,-0.000797056,0.00214144,0
8/6/21,-0.00087875,0.002526042,0.003106487,0.00017501,-0.005412514,0.03882241
9/6/21,-0.004422495,-0.001989278,-0.000945527,-0.001825533,0.003148515,0.046919344
10/6/21,0.000554251,0.001016316,0.007774618,0.004641455,0.005403929,-0.105422568
11/6/21,0.000387646,0.006454661,0.003495218,0.001946539,-0.005863439,-0.028348403
12/6/21,0,0,0,0,0,0
13/6/21,0,0,0,0,0,0
14/6/21,-0.002493028,0.001764621,0.007415511,0.001813556,0,0.046200463
15/6/21,-0.002749096,0.00360353,-0.007171008,-0.00201372,-0.00928876,0.037717795
16/6/21,-0.007775382,0.001741251,-0.002360561,-0.005404704,-0.010807335,0.06428139
17/6/21,-0.006196058,-0.004407765,0.008628811,-0.000435811,0.002064195,-0.022285024
18/6/21,-0.015894927,-0.019180725,-0.009291425,-0.013211356,-0.00014183,0.153748221
19/6/21,0,0,0,0,0,0
20/6/21,0,0,0,0,0,0
21/6/21,0.017475997,0.006363721,0.007887386,0.013905164,0.001156698,-0.145891874
22/6/21,0.002023203,0.003914591,0.007873965,0.005111406,0.007967197,-0.071231236
23/6/21,-0.002103806,-0.0022451,0.001294369,-0.001083871,0.002473476,-0.020619297
24/6/21,0.009477874,0.005062003,0.006841826,0.00579443,0.000120549,-0.021679352
25/6/21,0.006907131,0.003664179,-0.000648819,0.003325063,0.011404907,-0.022159842
26/6/21,0,0,0,0,0,0
27/6/21,0,0,0,0,0,0
28/6/21,-0.004382331,-0.008881704,0.009710108,0.002312289,-0.000329901,0.008922962
29/6/21,0.000263054,0.002062074,0.001916737,0.000277298,-0.009245822,0.016362871
30/6/21,0.006111605,-0.007093799,-0.001679502,0.001327278,0.005030458,-0.011931101
1/7/21,0.003790199,0.01238483,0.00126986,0.005208041,-0.000674075,-0.02235803
2/7/21,0.004402789,-0.00026675,0.008020848,0.007472096,-0.019703662,-0.026842846
3/7/21,0,0,0,0,0,0
4/7/21,0,0,0,0,0,0
5/7/21,0,0.005823017,0,0,0.00441228,0
6/7/21,-0.00602566,-0.008972568,0.001659189,-0.002023903,-0.001149413,0.08701143
7/7/21,0.003015285,0.007030684,9.68E-05,0.003353347,0.006623409,-0.014706133
8/7/21,-0.007520886,-0.016965905,-0.007204813,-0.008597881,-0.007972664,0.15942769
9/7/21,0.012937601,0.012888228,0.009715141,0.011214826,-0.000399998,-0.160663049
10/7/21,0,0,0,0,0,0
11/7/21,0,0,0,0,0,0
12/7/21,0.00360745,0.000491321,0.002128089,0.003445233,0.006716721,-0.000618252
13/7/21,-0.003073356,-9.82E-05,-0.003780226,-0.003523011,0.005251344,0.057089741
14/7/21,0.001272991,-0.004713041,-0.002230376,0.001164257,-0.010717484,-0.047243517
15/7/21,0.001538584,-0.011231639,-0.00697687,-0.003267574,0.010176213,0.040797518
16/7/21,-0.008587596,-0.00055633,-0.008000607,-0.007567415,-0.007120084,0.081262992
17/7/21,0,0,0,0,0,0
18/7/21,0,0,0,0,0,0
19/7/21,-0.021146124,-0.023635851,-0.010609715,-0.015996781,-5.08E-05,0.198450897
20/7/21,0.016063347,0.005347752,0.01556301,0.015048806,-0.000658595,-0.131375012
21/7/21,0.008253164,0.016888697,0.00913611,0.008208042,0.007288159,-0.096781089
22/7/21,0.00072827,-0.00429597,0.003591792,0.002014639,0.00338303,-0.012359669
23/7/21,0.006816927,0.008474003,0.010324104,0.010094332,-0.00683049,-0.02809011
24/7/21,0,0,0,0,0,0
25/7/21,0,0,0,0,0,0
26/7/21,0.002357577,-0.000313128,0.000250675,0.002379367,-0.023643693,0.02185246
27/7/21,-0.002444036,-0.004179274,-0.012211813,-0.004723583,-0.025191812,0.096447225
28/7/21,-0.003645978,0.002925919,0.006933341,-0.000186279,-0.005810638,-0.055761784
29/7/21,0.004387654,0.008769096,0.00106156,0.004197332,0.014802452,-0.033882647
30/7/21,-0.004257719,-0.006534086,-0.007169926,-0.005420714,-0.004217863,0.030052289
31/7/21,0,0,0,0,0,0
1/8/21,0,0,0,0,0,0
2/8/21,-0.002789267,0.007000226,0.00057169,-0.001844506,0.019509026,0.064744058
3/8/21,0.007954871,0.003383287,0.005449286,0.008169961,-0.004716267,-0.075769464
4/8/21,-0.009261427,0.002558008,0.001302576,-0.004643151,0.008441666,-0.003887903
5/8/21,0.007775307,-0.000491425,0.007722858,0.005987486,-0.003073238,-0.039153859
6/8/21,0.004105771,0.000365095,-0.003993184,0.001673865,-0.002402985,-0.067629777
7/8/21,0,0,0,0,0,0
8/8/21,0,0,0,0,0,0
9/8/21,-0.003033983,0.001304751,0.001644664,-0.00094035,0.010470579,0.034685541
10/8/21,0.004627786,0.0040159,-0.004863015,0.000992187,0.01005055,0.004177959
11/8/21,0.006227525,0.008219181,-0.001553143,0.001274931,0.000761817,-0.037625847
12/8/21,0.000419324,-0.003732654,0.003456237,0.004137808,-0.002233167,-0.036527985
13/8/21,0.000437296,0.003538746,0.000448098,0.001606016,-0.002397358,-0.009020702
14/8/21,0,0,0,0,0,0
15/8/21,0,0,0,0,0,0
16/8/21,0.003093011,-0.009003268,-0.001967854,0.002617422,0.000295733,0.042451798
17/8/21,-0.007950512,0.003780947,-0.009343386,-0.007085744,-0.020207701,0.105298418
18/8/21,-0.010883983,-0.001644595,-0.008928106,-0.010806653,0.011052728,0.185944239
19/8/21,-0.001905963,-0.015518775,0.001092614,0.001255903,-0.005677302,0.004625373
20/8/21,0.006454628,0.004099873,0.01181771,0.008108604,-0.011090078,-0.15492012
21/8/21,0,0,0,0,0,0
22/8/21,0,0,0,0,0,0
23/8/21,0.006121101,0.002972496,0.01537528,0.008487668,0.014424512,-0.079010547
24/8/21,0.000864213,0.002360386,0.005149751,0.001494619,0.010681794,0.004073308
25/8/21,0.001108868,0.003404383,0.001467687,0.002217657,0.007345032,-0.025287934
26/8/21,-0.005448404,-0.00351663,-0.00640604,-0.00584195,-0.010995731,0.115198752
27/8/21,0.006868101,0.003222871,0.012215516,0.008769072,0.005835279,-0.139310922
28/8/21,0,0,0,0,0,0
29/8/21,0,0,0,0,0,0
30/8/21,-0.001579576,0,0.008974424,0.004297324,0.001700322,-0.012277555
31/8/21,-0.0011054,-0.00396698,-0.000435668,-0.001350027,0.004465183,0.017753696
1/9/21,-0.001364002,0.00421874,0.003280468,0.00031164,0.006513882,-0.022707262
2/9/21,0.003711023,0.001970155,0.001422938,0.002838606,0.008358328,0.018450661
3/9/21,-0.002110646,-0.003565864,0.002107195,-0.000335087,-0.004265377,0
4/9/21,0,0,0,0,0,0
5/9/21,0,0,0,0,0,0
6/9/21,0,0.006813045,0,0,0.011141817,0
7/9/21,-0.00763714,-0.00527327,0.000703403,-0.003401352,0.01499798,0.100228515
8/9/21,-0.00196574,-0.007567643,-0.005720019,-0.001319437,-0.0003809,-0.009972399
9/9/21,-0.004339599,-0.010099423,-0.002514479,-0.004616247,0.004869489,0.045709817
10/9/21,-0.00781905,0.000711572,-0.008744681,-0.007752552,0.002698731,0.108281854
11/9/21,0,0,0,0,0,0
12/9/21,0,0,0,0,0,0
13/9/21,0.007539476,0.005561203,-0.000655844,0.0022739,0.003305265,-0.078413162
14/9/21,-0.008411003,-0.004864368,-0.004499861,-0.005763214,-0.014304997,0.004635509
15/9/21,0.00682561,-0.002505246,0.008196961,0.008438294,-0.001743486,-0.068038924
16/9/21,-0.001813259,0.001566506,0.001343924,-0.001552345,-0.013528441,0.027666545
17/9/21,-0.004801005,-0.009134428,-0.009128013,-0.00915263,0.001905506,0.107444965
18/9/21,0,0,0,0,0,0
19/9/21,0,0,0,0,0,0
20/9/21,-0.01792498,-0.008610141,-0.022184576,-0.017123078,0,0.211446371
21/9/21,-0.001491492,0.011105718,0.00220636,-0.000812689,0,-0.053937518
22/9/21,0.009929375,0.014561832,0.010150743,0.009474585,0.004009698,-0.154629707
23/9/21,0.014676501,-0.000706125,0.010377078,0.01206168,0.003776797,-0.113539622
24/9/21,0.000953949,-0.00380752,-0.000301664,0.001459943,-0.008035532,-0.048387624
25/9/21,0,0,0,0,0,0
26/9/21,0,0,0,0,0,0
27/9/21,0.002048911,0.001686148,-0.005178992,-0.002780244,-0.008404833,0.05534144
28/9/21,-0.016463812,-0.005010095,-0.028683409,-0.020574318,0.005397301,0.214578176
29/9/21,0.002641712,0.011332662,-0.002356525,0.001567954,-0.018472148,-0.030126729
30/9/21,-0.016027302,-0.003071634,-0.004410097,-0.011981203,0.008974671,0.025384292
1/10/21,0.01415709,-0.008403324,0.00814197,0.011425952,0,-0.092289637
2/10/21,0,0,0,0,0,0
3/10/21,0,0,0,0,0,0
4/10/21,-0.009470054,-0.002293773,-0.021596688,-0.013070952,0,0.084480473
5/10/21,0.009126556,0.009383889,0.012433335,0.010469517,0,-0.075046495
6/10/21,0.002977274,-0.011539984,0.004705613,0.004094399,0,-0.014184599
7/10/21,0.009771473,0.011667133,0.010434293,0.008264039,0,-0.072058744
8/10/21,-0.000250108,0.002483505,-0.00509549,-0.001915557,0.006703618,-0.040203818
9/10/21,0,0,0,0,0,0
10/10/21,0,0,0,0,0,0
11/10/21,-0.007226579,0.007203795,-0.006422693,-0.006889442,-0.000128054,0.063472399
12/10/21,-0.003418363,-0.002339371,-0.001400953,-0.002419706,-0.012543158,-0.007528247
13/10/21,-1.55E-05,0.001625506,0.007281617,0.003017956,0.004169564,-0.06289425
14/10/21,0.015435352,0.009185108,0.017131866,0.016919162,-0.000977517,-0.100365788
15/10/21,0.01088795,0.003642207,0.004973647,0.007432521,0.003951984,-0.033778928
16/10/21,0,0,0,0,0,0
17/10/21,0,0,0,0,0,0
18/10/21,-0.001024823,-0.004183496,0.008320453,0.003369088,-0.001184852,0.000613323
19/10/21,0.005619661,0.001899995,0.007116254,0.007366143,0.006984806,-0.038117684
20/10/21,0.004278561,0.000775605,-0.000489915,0.003657334,-0.001713029,-0.013466061
21/10/21,-0.00017586,-0.004551369,0.006198347,0.002991393,0.002166603,-0.031477979
22/10/21,0.002074673,0.001986856,-0.008282263,-0.001073129,-0.00339398,0.027597025
23/10/21,0,0,0,0,0,0
24/10/21,0,0,0,0,0,0
25/10/21,0.001795871,0.002522938,0.009005581,0.004736959,0.007580199,-0.012390151
26/10/21,0.000440025,0.007558489,0.000590892,0.001818141,-0.003390975,0.047414376
27/10/21,-0.007472219,-0.00334464,8.52E-06,-0.00506437,-0.009868818,0.060698242
28/10/21,0.006733671,-0.00052401,0.013836784,0.009781288,-0.012397224,-0.026859201
29/10/21,0.002489955,-0.001642828,0.003248804,0.001947437,0.008186049,-0.016468835
30/10/21,0,0,0,0,0,0
31/10/21,0,0,0,0,0,0
1/11/21,0.002628659,0.007021824,0.006273212,0.001798459,-0.000806593,0.009182778
2/11/21,0.003857053,-0.001895203,0.003435996,0.003673607,-0.011021244,-0.023428886
3/11/21,0.002906772,-0.003566575,0.010297255,0.006440495,-0.002024464,-0.05976724
4/11/21,-0.000922712,0.004267393,0.008108506,0.004173222,0.008065076,0.022266748
5/11/21,0.005623552,0.003305031,0.001960415,0.00372585,-0.010059314,0.065185979
6/11/21,0,0,0,0,0,0
7/11/21,0,0,0,0,0,0
8/11/21,0.002866118,-0.000493015,0.000674127,0.000887394,0.002019918,0.043923962
9/11/21,-0.003085498,-0.003622781,-0.006013424,-0.003504911,0.002389541,0.03200281
10/11/21,-0.006630945,0.00905977,-0.01674659,-0.008259842,-0.004154623,0.052052223
11/11/21,-0.004408573,0.005976492,0.005207682,0.000550788,0.01148159,-0.058824305
12/11/21,0.004972915,-0.004928064,0.009927437,0.007196698,0.001784547,-0.080750708
13/11/21,0,0,0,0,0,0
14/11/21,0,0,0,0,0,0
15/11/21,-0.000356276,0.000544225,-0.000448393,-1.07E-05,-0.001640193,0.012202644
16/11/21,0.001516539,-0.003392615,0.00754131,0.003857779,-0.003262898,-0.00730368
17/11/21,-0.005859831,-0.004897987,-0.003278845,-0.002605015,0.004414152,0.044212681
18/11/21,-0.001674092,-0.004839456,0.004520704,0.003379065,-0.004720884,0.027667444
19/11/21,-0.007526486,-0.004475256,0.003976803,-0.001399645,0.011201842,0.01802864
20/11/21,0,0,0,0,0,0
21/11/21,0,0,0,0,0,0
22/11/21,0.000484955,0.004406345,-0.012702564,-0.003202258,0.006079154,0.067987353
23/11/21,0.005447094,0.001542493,-0.005034495,0.001655761,0.001954782,0.010895002
24/11/21,-0.000263114,0.002693551,0.004433277,0.002291224,0.00100637,-0.042155834
25/11/21,0,0.003302133,0,0,-0.002375113,0
26/11/21,-0.025602288,-0.037121788,-0.022566714,-0.022987011,-0.005620912,0.432020074
27/11/21,0,0,0,0,0,0
28/11/21,0,0,0,0,0,0
29/11/21,0.006756665,0.009326053,0.018620821,0.013113836,-0.000390116,-0.220352272
30/11/21,-0.018737286,-0.007128016,-0.015653932,-0.019143381,0.000333944,0.169095747
1/12/21,-0.01347877,0.015350127,-0.018423684,-0.011885541,0.003641063,0.135001448
2/12/21,0.017994472,-0.005525301,0.008308778,0.014094638,-0.000853005,-0.107433499
3/12/21,-0.001725255,-0.000968374,-0.019421796,-0.008484455,0.009354916,0.092867754
4/12/21,0,0,0,0,0,0
5/12/21,0,0,0,0,0,0
6/12/21,0.018535982,0.015326398,0.009216681,0.011662599,-0.005035589,-0.120803561
7/12/21,0.013881069,0.014768128,0.029878548,0.020495603,0.00160905,-0.216451536
8/12/21,0.000988338,-0.000340662,0.006358959,0.003080536,0.011746845,-0.095310171
9/12/21,-1.64E-06,-0.002196662,-0.017226149,-0.007206988,0.009703773,0.081047244
10/12/21,0.006031244,-0.004037479,0.007270457,0.009503769,-0.001823024,-0.143778306
11/12/21,0,0,0,0,0,0
12/12/21,0,0,0,0,0,0
13/12/21,-0.00893696,-0.008317761,-0.014001013,-0.009178158,0.004009565,0.083124699
14/12/21,-0.002999352,-0.0017716,-0.011460834,-0.007498723,-0.005325108,0.074916534
15/12/21,0.010724641,-0.006643845,0.021293412,0.016216267,-0.003803491,-0.126443009
16/12/21,-0.000829489,0.012445286,-0.025054994,-0.008781863,0.007480971,0.064246814
17/12/21,-0.014936461,0.001280039,-0.000708399,-0.010340965,-0.011675976,0.047469757
18/12/21,0,0,0,0,0,0
19/12/21,0,0,0,0,0,0
20/12/21,-0.012327213,-0.009939313,-0.012519923,-0.011453398,-0.010728092,0.058522598
21/12/21,0.01591912,0.013714897,0.023756084,0.017621755,0.008735605,-0.084827519
22/12/21,0.007332072,0.006052343,0.011716424,0.010128728,-0.000692564,-0.120225386
23/12/21,0.00548553,0.004294891,0.008434974,0.006204413,0.005703314,-0.036626128
24/12/21,0,-0.000162723,0,0,-0.006964568,0
25/12/21,0,0,0,0,0,0
26/12/21,0,0,0,0,0,0
27/12/21,0.009738652,0,0.013823675,0.013744052,-0.000576162,-0.015712937
28/12/21,0.00263635,0,-0.005657621,-0.001010665,0.003903381,-0.007950035
29/12/21,0.002481052,0.006570801,-0.000982632,0.001400913,-0.009163354,-0.03421616
30/12/21,-0.002484701,-0.002388095,-0.001565338,-0.002994234,0.006150063,0.02217122
31/12/21,-0.001643672,-0.002502115,-0.006154879,-0.002629634,0.005673021,-0.00636764
1/1/22,0,0,0,0,0,0
2/1/22,0,0,0,0,0,0
3/1/22,0.006767619,0,0.011934283,0.006353824,0,-0.036668741
4/1/22,0.00584837,0.016212931,-0.013357478,-0.00062982,-0.002048911,0.018502436
5/1/22,-0.010724224,0.001557666,-0.034020251,-0.019583264,-0.010280297,0.154235143
6/1/22,-0.004698032,-0.008886097,-0.001279583,-0.000964234,-0.002534335,-0.006100626
7/1/22,-0.000132709,0.004673362,-0.009658676,-0.004058441,-0.001825394,-0.044312716
8/1/22,0,0,0,0,0,0
9/1/22,0,0,0,0,0,0
10/1/22,-0.00450313,-0.005358137,0.000463854,-0.001442071,0.003897918,0.033546091
11/1/22,0.005064894,0.006172748,0.01399665,0.009118286,-0.007283994,-0.052379059
12/1/22,0.001055957,0.008017046,0.002303055,0.002813792,0.008371447,-0.043859319
13/1/22,-0.004880938,0.001614188,-0.025444116,-0.014346029,-0.011791483,0.142078681
14/1/22,-0.005603938,-0.002766936,0.005854481,0.000819644,-0.009609317,-0.056724011
15/1/22,0,0,0,0,0,0
16/1/22,0,0,0,0,0,0
17/1/22,0,0.009000891,0,0,0.005779462,0
18/1/22,-0.015245462,-0.006273592,-0.026317237,-0.018559105,0.007942016,0.171932546
19/1/22,-0.009654456,0.00344481,-0.011553475,-0.009736791,-0.003291202,0.04546235
20/1/22,-0.008983131,-0.000619478,-0.0130723,-0.011098742,-0.000877202,0.070417423
21/1/22,-0.013047867,-0.012056555,-0.027584777,-0.019095995,-0.009181101,0.11990835
22/1/22,0,0,0,0,0,0
23/1/22,0,0,0,0,0,0
24/1/22,0.0028888,-0.026625318,0.00624168,0.002767905,0.000437096,0.035748461
25/1/22,-0.00194487,0.010130474,-0.023059721,-0.012246591,-0.026175944,0.041276748
26/1/22,-0.003787022,0.013246986,0.000209005,-0.001497757,0.006564329,0.025349876
27/1/22,-0.000213924,0.011248713,-0.014080214,-0.005398635,-0.017933514,-0.047086339
28/1/22,0.016395148,-0.011744124,0.030809106,0.024055968,-0.009713387,-0.097411433
29/1/22,0,0,0,0,0,0
30/1/22,0,0,0,0,0,0
31/1/22,0.011635006,-0.000227748,0.033512742,0.018709826,0,-0.107934724
1/2/22,0.00775139,0.009519932,0.007424687,0.00683956,0,-0.122830021
2/2/22,0.006309339,0.006243928,0.004975043,0.0093784,0,0.005902449
3/2/22,-0.014650089,-0.007173259,-0.038082241,-0.024693472,0,0.097406841
4/2/22,-0.000610302,-0.001648354,0.015669676,0.005143678,0,-0.047517918
5/2/22,0,0,0,0,0,0
6/2/22,0,0,0,0,0,0
7/2/22,3.96E-05,0.007568025,-0.005857652,-0.003708581,0.020068391,-0.015625262
8/2/22,0.01053537,-0.000845396,0.012675073,0.008366113,0.006698398,-0.064130324
9/2/22,0.008571546,0.010032602,0.020633242,0.014412842,0.007881686,-0.071528136
10/2/22,-0.014828362,0.003786944,-0.021254138,-0.018281824,0.001711192,0.18056655
11/2/22,-0.014391039,-0.001486938,-0.02820305,-0.019151683,-0.006608291,0.13478534
12/2/22,0,0,0,0,0,0
13/2/22,0,0,0,0,0,0
14/2/22,-0.004960363,-0.017035008,-1.67E-05,-0.003847991,-0.00988717,0.034839196
15/2/22,0.012153637,0.010211086,0.024980272,0.015643718,0.005006637,-0.09743029
16/2/22,-0.001560867,-0.000670505,-0.001108832,0.00088082,0.005711884,-0.056426241
17/2/22,-0.017972224,-0.008770815,-0.029266332,-0.021400504,0.000637439,0.146060626
18/2/22,-0.006809427,-0.003162557,-0.012371382,-0.007191962,0.006529876,-0.012889566
19/2/22,0,0,0,0,0,0
20/2/22,0,0,0,0,0,0
21/2/22,0,-0.003907258,0,0,-4.29E-05,0
22/2/22,-0.014261481,0.001321947,-0.012369509,-0.010194735,-0.009632015,0.03748669
23/2/22,-0.01393276,0.000533604,-0.026045544,-0.018583736,0.009213604,0.073909642
24/2/22,0.002774942,-0.039610242,0.03290239,0.014846105,-0.017109538,-0.022824622
25/2/22,0.024819642,0.038449264,0.016271602,0.022126081,0.00623423,-0.094354157
26/2/22,0,0,0,0,0,0
27/2/22,0,0,0,0,0,0
28/2/22,-0.004890227,-0.00417456,0.004137602,-0.002445591,0.003153196,0.088731517
1/3/22,-0.017791037,-0.017324653,-0.016049425,-0.015594468,0.007630446,0.099972898
2/3/22,0.017754155,0.013469207,0.016094447,0.018471047,-0.001330883,-0.080593077
3/3/22,-0.002857059,-0.026002787,-0.015689542,-0.005268521,-0.000884336,-0.008494015
4/3/22,-0.005336337,-0.035403642,-0.016722062,-0.007965685,-0.009658428,0.048039977
5/3/22,0,0,0,0,0,0
6/3/22,0,0,0,0,0,0
7/3/22,-0.02400825,-0.003957973,-0.036913086,-0.029962587,-0.02193173,0.130830786
8/3/22,-0.005645186,0.000660763,-0.002763558,-0.007260044,-0.023801134,-0.036885983
9/3/22,0.019831365,0.032020156,0.035318879,0.025373598,-0.01134076,-0.07935503
10/3/22,-0.003375843,-0.012820522,-0.009519679,-0.00430105,0.012117757,-0.070865673
11/3/22,-0.006953596,0.007927251,-0.022034689,-0.013046279,0.004135714,0.017055201
12/3/22,0,0,0,0,0,0
13/3/22,0,0,0,0,0,0
14/3/22,3.18E-05,0.00528256,-0.020656746,-0.007448675,-0.026395616,0.032632468
15/3/22,0.018021404,-0.002477495,0.028784024,0.02118263,-0.05076559,-0.063007867
16/3/22,0.015346592,0.016036397,0.036989363,0.022136922,0.034244074,-0.111975255
17/3/22,0.012186804,0.01275477,0.013177396,0.012272205,0.013884286,-0.038216343
18/3/22,0.007919886,0.002623449,0.020289578,0.011594814,0.011144383,-0.072700522
19/3/22,0,0,0,0,0,0
20/3/22,0,0,0,0,0,0
21/3/22,-0.005827385,0.005078404,-0.003993896,-0.000434755,0.000805525,-0.014346244
22/3/22,0.007337721,0.00459818,0.019348486,0.0112407,0.001894564,-0.025394097
23/3/22,-0.012982318,-0.002155691,-0.013286765,-0.01234863,0.003420646,0.027092569
24/3/22,0.010119079,0.000911014,0.01915375,0.014242012,-0.006369933,-0.084045885
25/3/22,0.004407041,0.002140355,-0.001589502,0.005053381,-0.011766486,-0.040495204
26/3/22,0,0,0,0,0,0
27/3/22,0,0,0,0,0,0
28/3/22,0.002711438,-0.001377302,0.013013736,0.007119551,0.000703315,-0.058374649
29/3/22,0.009631402,0.008554082,0.018274432,0.012182044,-0.00329054,-0.037897064
30/3/22,-0.001854227,0.005490848,-0.012206515,-0.006313589,0.019368434,0.022496387
31/3/22,-0.015748556,-0.008360658,-0.015473332,-0.015776335,-0.004418043,0.061689125
1/4/22,0.004026618,0.002949424,0.00287764,0.003404421,0.009340663,-0.046288449
2/4/22,0,0,0,0,0,0
3/4/22,0,0,0,0,0,0
4/4/22,0.0029713,0.002782048,0.018827349,0.008058383,0,-0.055511607
5/4/22,-0.008070397,0.007223618,-0.02285537,-0.012631159,0,0.124402663
6/4/22,-0.004184929,-0.003420741,-0.022451356,-0.009764434,0.000216249,0.049627603
7/4/22,0.002520514,-0.004742621,0.00061034,0.004244366,-0.01433431,-0.025201845
8/4/22,0.003969456,0.015478556,-0.013496132,-0.002654547,0.004669818,-0.018263181
9/4/22,0,0,0,0,0,0
10/4/22,0,0,0,0,0,0
11/4/22,-0.011967339,-0.006711253,-0.022051587,-0.017021335,-0.026398317,0.141240302
12/4/22,-0.00256007,-0.005475448,-0.003016009,-0.003423301,0.014482029,-0.004523989
13/4/22,0.010008973,0.000540935,0.020138968,0.011112603,-0.008284231,-0.106001947
14/4/22,-0.003285029,0.004685095,-0.021672517,-0.01221848,0.012107771,0.039537992
15/4/22,0,0,0,0,-0.004472598,0
16/4/22,0,0,0,0,0,0
17/4/22,0,0,0,0,0,0
18/4/22,-0.001148341,0,-0.001403097,-0.000204889,-0.004908914,-0.023624931
19/4/22,0.014411299,-0.001984545,0.021320159,0.015930045,-0.000466383,-0.036751918
20/4/22,0.007123842,0.003663757,-0.012306993,-0.000618666,-0.013547705,-0.050382501
21/4/22,-0.010522146,-0.000157328,-0.020912798,-0.014862856,-0.02286782,0.109877885
22/4/22,-0.028611391,-0.014033486,-0.025784554,-0.028132076,0.002305879,0.218193
23/4/22,0,0,0,0,0,0
24/4/22,0,0,0,0,0,0
25/4/22,0.007016223,-0.018950815,0.012812331,0.005681765,-0.05268004,-0.043099143
26/4/22,-0.024054825,0.000772034,-0.040334746,-0.028550009,-0.014473344,0.21556494
27/4/22,0.001855968,0.005320082,-0.000144962,0.002095849,0.024587608,-0.058985157
28/4/22,0.018283053,0.011195459,0.03017529,0.024445655,0.005797336,-0.052293148
29/4/22,-0.028081652,0.004703127,-0.042606381,-0.03695916,0.023771847,0.107691961
30/4/22,0,0,0,0,0,0
1/5/22,0,0,0,0,0,0
2/5/22,0.002552718,0,0.016194527,0.005659199,0,-0.032251087
3/5/22,0.002033201,0.002211019,0.002210398,0.004825465,0,-0.100425285
4/5/22,0.02775209,-0.009007129,0.031426187,0.029425222,0,-0.140343305
5/5/22,-0.031708748,0.00130692,-0.051206172,-0.036300678,0.006770446,0.204881851
6/5/22,-0.002992465,-0.015499384,-0.014146896,-0.005690384,-0.021815484,-0.032907358
7/5/22,0,0,0,0,0,0
8/5/22,0,0,0,0,0,0
9/5/22,-0.020068865,-0.023459572,-0.043882177,-0.03256152,0.000859129,0.140668811
10/5/22,-0.002638216,0.003679183,0.009795919,0.002454882,0.010496885,-0.051975036
11/5/22,-0.010208124,0.014324241,-0.032331718,-0.016600232,0.007501787,-0.013119953
12/5/22,-0.003266252,-0.015692029,0.00059113,-0.001296805,-0.001213657,-0.024562121
13/5/22,0.01459064,0.02524113,0.037460437,0.023589268,0.009541936,-0.09571944
14/5/22,0,0,0,0,0,0
15/5/22,0,0,0,0,0,0
16/5/22,0.00083079,0.006262146,-0.012119735,-0.003954209,-0.003419938,-0.049708548
17/5/22,0.013291908,0.007154724,0.027212343,0.01996892,0.006469455,-0.051159146
18/5/22,-0.036313155,-0.010737883,-0.048411549,-0.041233809,-0.002498503,0.17076069
19/5/22,-0.007552709,-0.018371283,-0.002600155,-0.005850865,0.003551706,-0.05340346
20/5/22,0.000280558,0.011883565,-0.002979354,0.000146131,0.01589202,0.002722013
21/5/22,0,0,0,0,0,0
22/5/22,0,0,0,0,0,0
23/5/22,0.019586273,0.016560345,0.015784538,0.018384995,9.22E-05,-0.032812502
24/5/22,0.00151637,-0.003867239,-0.023757491,-0.008153951,-0.024424739,0.033491866
25/5/22,0.005984825,0.005117542,0.015004344,0.009406386,0.011825235,-0.037361658
26/5/22,0.015964834,0.005580732,0.026401102,0.019688166,0.005023675,-0.031146274
27/5/22,0.01748777,0.002719415,0.032717654,0.02444113,0.002280341,-0.066917132
28/5/22,0,0,0,0,0,0
29/5/22,0,0,0,0,0,0
30/5/22,0,0.001922888,0,0,0.005994338,0
31/5/22,-0.006732034,0.0009995,-0.004108643,-0.006294135,0.011797132,0.018108806
1/6/22,-0.005376354,-0.009867549,-0.00722135,-0.007510905,-0.001340963,-0.019275847
2/6/22,0.013171272,0,0.026527462,0.018263225,0.004170856,-0.038489227
3/6/22,-0.010539559,0,-0.025005375,-0.016482406,0,0.002827778
4/6/22,0,0,0,0,0,0
5/6/22,0,0,0,0,0,0
6/6/22,0.000488701,0.00993327,0.004040833,0.003132489,0.012721327,0.011231517
7/6/22,0.007999307,-0.001223152,0.009395805,0.009478332,0.001664028,-0.042785064
8/6/22,-0.008147661,-0.000776717,-0.00733354,-0.010852623,0.006772714,-0.002501101
9/6/22,-0.019579431,-0.015502103,-0.027856843,-0.024086458,-0.007639921,0.08516637
10/6/22,-0.027646212,-0.021455928,-0.035875195,-0.029542415,0.014065736,0.061683735
11/6/22,0,0,0,0,0,0
12/6/22,0,0,0,0,0,0
13/6/22,-0.028302826,-0.015382509,-0.047937578,-0.039539932,-0.008953677,0.20371276
14/6/22,-0.00499036,-0.002542824,0.001767217,-0.003780818,0.010194929,-0.039879422
15/6/22,0.009951991,0.011880438,0.024700905,0.014487059,0.005004317,-0.098619342
16/6/22,-0.024473592,-0.031905699,-0.041674973,-0.033052207,-0.006078207,0.106541447
17/6/22,-0.001280297,-0.00408216,0.014199717,0.002198447,0.009515173,-0.056819327
18/6/22,0,0,0,0,0,0
19/6/22,0,0,0,0,0,0
20/6/22,0,0.014924489,0,0,-0.000410151,0
21/6/22,0.02123486,0.004245558,0.024782185,0.024182475,-0.002630555,-0.030661196
22/6/22,-0.001544551,-0.008833507,-0.001466364,-0.00130242,-0.012023419,-0.041940531
23/6/22,0.006351459,-0.009738086,0.016074672,0.009487072,0.016076599,0.003448227
24/6/22,0.02648422,0.026468034,0.032877988,0.03010554,0.008875783,-0.064699167
25/6/22,0,0,0,0,0,0
26/6/22,0,0,0,0,0,0
27/6/22,-0.001983508,0.00684314,-0.007182263,-0.0029775,0.008750302,-0.010335964
28/6/22,-0.015749867,0.008929073,-0.030215318,-0.020348673,0.008844563,0.050996398
29/6/22,0.002656511,-0.001516853,-0.000326519,-0.000711999,-0.014087323,-0.007077197
30/6/22,-0.008215625,-0.019749841,-0.013433075,-0.008797866,0.010976243,0.019342936
1/7/22,0.010403071,-8.36E-05,0.008946326,0.010498511,-0.003236019,-0.072581868
2/7/22,0,0,0,0,0,0
3/7/22,0,0,0,0,0,0
4/7/22,0,0.008888083,0,0,0.005237714,0
5/7/22,-0.004171094,-0.02906605,0.017318014,0.001582875,-0.000411164,0.030975933
6/7/22,0.002253329,0.011646358,0.003492264,0.003566796,-0.014403916,-0.029853014
7/7/22,0.011113818,0.011373259,0.022582672,0.014853723,0.002693496,-0.024617779
8/7/22,-0.001479541,0.000987132,0.001200513,-0.000830616,-0.002475963,-0.05679762
9/7/22,0,0,0,0,0,0
10/7/22,0,0,0,0,0,0
11/7/22,-0.005256941,5.56E-05,-0.022837484,-0.011594418,-0.01274445,0.060242606
12/7/22,-0.006194509,0.001846362,-0.009530272,-0.009286868,-0.009737716,0.041906649
13/7/22,-0.00675394,-0.00744802,-0.001523646,-0.004466864,0.000859023,-0.017372502
14/7/22,-0.004645359,-0.016427315,0.000320938,-0.003003139,-0.00077674,-0.015783871
15/7/22,0.021257471,0.016790573,0.017727116,0.019019232,-0.016492411,-0.08577248
16/7/22,0,0,0,0,0,0
17/7/22,0,0,0,0,0,0
18/7/22,-0.006916236,0.008927789,-0.008098257,-0.008398742,0.01538266,0.04321285
19/7/22,0.023989878,0.010069249,0.030609378,0.027253518,0.00040559,-0.032131248
20/7/22,0.001500397,-0.00439543,0.015628759,0.005878494,0.007682135,-0.025631864
21/7/22,0.005071397,0.000853152,0.013520947,0.009813067,-0.009950322,-0.032775803
22/7/22,-0.004304653,0.000811156,-0.018875812,-0.009376287,-0.000620617,-0.003467707
23/7/22,0,0,0,0,0,0
24/7/22,0,0,0,0,0,0
25/7/22,0.002840852,0.004100742,-0.004356268,0.001314303,-0.006005846,0.01422744
26/7/22,-0.007168481,0,-0.018856617,-0.011610343,0.008287656,0.055373141
27/7/22,0.013635506,0.005718449,0.039831483,0.025820049,-0.000512706,-0.060523403
28/7/22,0.010259793,-0.000394786,0.010760167,0.01206032,0.002079816,-0.03994386
29/7/22,0.009652058,0.010576534,0.018580584,0.014107776,-0.008978303,-0.045816534
30/7/22,0,0,0,0,0,0
31/7/22,0,0,0,0,0,0
1/8/22,-0.001423765,-0.001348,-0.001753655,-0.002827077,0.002063494,0.068398863
2/8/22,-0.012339483,-0.000580173,-0.001636129,-0.006684688,-0.022863954,0.046619523
3/8/22,0.012769337,0.004927723,0.025536137,0.015517456,-0.007118238,-0.08636574
4/8/22,-0.002614606,0.000322269,0.004129389,-0.000777642,0.007987222,-0.023508813
5/8/22,0.00233933,-0.001128428,-0.004967301,-0.001627069,0.011842275,-0.013618474
6/8/22,0,0,0,0,0,0
7/8/22,0,0,0,0,0,0
8/8/22,0.000885804,0.005723031,-0.001034688,-0.001238317,0.00306311,0.006597634
9/8/22,-0.001772035,0.000774891,-0.01197627,-0.004257744,0.003238565,0.022295374
10/8/22,0.016194961,0.002520778,0.028474366,0.021067158,-0.005375558,-0.097885874
11/8/22,0.000815055,-0.005503279,-0.005842848,-0.000705723,0.01586408,0.02303562
12/8/22,0.012649746,0.004677027,0.020698399,0.017174047,-0.001457646,-0.033730862
13/8/22,0,0,0,0,0,0
14/8/22,0,0,0,0,0,0
15/8/22,0.004474156,0.001105961,0.00617833,0.003961684,-0.000244104,0.021277402
16/8/22,0.007039542,0.003575858,-0.001944295,0.001873923,0.000546171,-0.013118262
17/8/22,-0.00503995,-0.002697374,-0.012628851,-0.007264115,0.004459439,0.010608793
18/8/22,0.000550719,0.003466681,0.002101629,0.00226699,-0.004563122,-0.017233075
19/8/22,-0.008634495,0.001126402,-0.02026672,-0.012983929,-0.005955064,0.051804457
20/8/22,0,0,0,0,0,0
21/8/22,0,0,0,0,0,0
22/8/22,-0.019264503,-0.002200992,-0.025803809,-0.021632366,0.006031338,0.144394454
23/8/22,-0.004669163,-0.00608443,-2.18E-05,-0.00224037,-0.000479117,0.012941169
24/8/22,0.001810617,-0.002219325,0.004048755,0.002911917,-0.018800761,-0.054989386
25/8/22,0.009735841,0.001096928,0.016572588,0.013993242,0.009610935,-0.046645182
26/8/22,-0.030757379,-0.007030336,-0.040161968,-0.034268576,-0.003094511,0.16003646
27/8/22,0,0,0,0,0,0
28/8/22,0,0,0,0,0,0
29/8/22,-0.005728606,0,-0.010268569,-0.006688675,0.001392634,0.025112374
30/8/22,-0.009645458,-0.008885061,-0.011257501,-0.011089416,-0.004177531,0
31/8/22,-0.008860522,-0.010569668,-0.005649071,-0.007847738,-0.007801774,-0.013056954
1/9/22,0.004622377,-0.018805101,-0.00263293,0.002991752,-0.005373299,-0.01205542
2/9/22,-0.010733925,0.018393166,-0.013176617,-0.010794553,0.00047085,-0.003527347
3/9/22,0,0,0,0,0,0
4/9/22,0,0,0,0,0,0
5/9/22,0,0.000851105,0,0,0.00420649,0
6/9/22,-0.005543668,0.001782312,-0.00741728,-0.004103465,0.013514219,0.054996697
7/9/22,0.013901142,-0.008611862,0.021168227,0.018174849,0.000875255,-0.088126845
8/9/22,0.006100178,0.003351791,0.005938075,0.006588967,-0.003301499,-0.042700737
9/9/22,0.011800971,0.012180919,0.020871293,0.015156015,0.008144528,-0.035348494
10/9/22,0,0,0,0,0,0
11/9/22,0,0,0,0,0,0
12/9/22,0.00711666,0.01644655,0.01264239,0.010528651,0,0.046300592
13/9/22,-0.04021469,-0.011723761,-0.052969734,-0.044199163,0.000536329,0.133164738
14/9/22,0.000967838,-0.014812877,0.007374542,0.003381289,-0.008078381,-0.041555693
15/9/22,-0.005580631,0.000659408,-0.014379678,-0.011382272,-0.011688009,0.0041961
16/9/22,-0.004512498,-0.006253967,-0.009039759,-0.00720805,-0.023243633,0.001141289
17/9/22,0,0,0,0,0,0
18/9/22,0,0,0,0,0,0
19/9/22,0.006379487,0,0.007537568,0.006833698,-0.00346037,-0.020746
20/9/22,-0.010156251,-0.006098678,-0.009579289,-0.011336115,0.00218333,0.052922387
21/9/22,-0.01716091,0.006223023,-0.018093424,-0.017264674,-0.001676386,0.030101998
22/9/22,-0.00355456,-0.010849527,-0.013764372,-0.008463294,-0.002656571,-0.023130753
23/9/22,-0.016299783,-0.019876364,-0.018134278,-0.017382829,-0.006628673,0.089810613
24/9/22,0,0,0,0,0,0
25/9/22,0,0,0,0,0,0
26/9/22,-0.011201231,0.000341876,-0.005999761,-0.010394361,-0.0120987,0.075300865
27/9/22,-0.004309231,-0.005197919,0.002457431,-0.002122611,0.013874755,0.010484221
28/9/22,0.018659564,0.002973527,0.02030491,0.019481144,-0.015895625,-0.077132778
29/9/22,-0.015554071,-0.017830069,-0.028835605,-0.021352795,-0.001271754,0.053543902
30/9/22,-0.017259788,0.001771231,-0.015191834,-0.015181352,-0.005542776,-0.006933507
1/10/22,0,0,0,0,0,0
2/10/22,0,0,0,0,0,0
3/10/22,0.026295853,0.002173504,0.022422426,0.025554578,0,-0.049264674
4/10/22,0.027604768,0.025395633,0.032831532,0.030125341,0,-0.03481848
5/10/22,-0.001401256,-0.004795209,-0.002487835,-0.002019988,0,-0.018049795
6/10/22,-0.011525876,-0.007872025,-0.006779816,-0.010297923,0,0.066725312
7/10/22,-0.021281138,-0.000886407,-0.038752414,-0.028403197,0,0.027150994
8/10/22,0,0,0,0,0,0
9/10/22,0,0,0,0,0,0
10/10/22,-0.003210558,-0.004559059,-0.010408528,-0.007520673,-0.016751132,0.034167252
11/10/22,0.00124255,-0.010704658,-0.011055776,-0.006540518,0.00189459,0.035718091
12/10/22,-0.000969712,-0.00860603,-0.000872302,-0.0032962,0.015226834,-0.001785756
13/10/22,0.027947037,0.00352424,0.022031464,0.025634259,-0.003028834,-0.049773642
14/10/22,-0.013536878,0.001240052,-0.031261707,-0.023947121,0.018274715,0.002501562
15/10/22,0,0,0,0,0,0
16/10/22,0,0,0,0,0,0
17/10/22,0.018421927,0.008912228,0.033761073,0.026135525,0.004206632,-0.020508673
18/10/22,0.011134445,0.002381486,0.009007864,0.011362768,-0.001290965,-0.028125365
19/10/22,-0.003281189,-0.001688133,-0.008566781,-0.006694455,-0.011943995,0.008488468
20/10/22,-0.002969869,0.00272551,-0.006167556,-0.007982687,-0.003069315,-0.025684675
21/10/22,0.024391234,0.003708648,0.022807499,0.02344776,0.001277542,-0.009720171
22/10/22,0,0,0,0,0,0
23/10/22,0,0,0,0,0,0
24/10/22,0.013328547,0.006335941,0.00851731,0.01181194,-0.020401264,0.005374546
25/10/22,0.010645521,-7.13E-05,0.022257398,0.01613577,-0.000429984,-0.047685292
26/10/22,7.44E-05,0.006055642,-0.020580677,-0.00741514,0.0077714,-0.042345702
27/10/22,0.006079952,0.002491204,-0.016387345,-0.006101185,-0.005549659,0.004024103
28/10/22,0.025535572,-0.003682358,0.02829863,0.024328037,-0.022707164,-0.061743334
29/10/22,0,0,0,0,0,0
30/10/22,0,0,0,0,0,0
31/10/22,-0.003928721,0.006618486,-0.010348367,-0.007482327,-0.007728862,0.00503581
1/11/22,-0.002439356,0.012842711,-0.008894504,-0.004109664,0.025832617,-0.002708444
2/11/22,-0.015600069,-0.005875692,-0.034188593,-0.025319844,0.011442491,0.001935404
3/11/22,-0.004567803,0.006209597,-0.017430156,-0.010642423,-0.001852989,-0.021893031
4/11/22,0.012482858,0.020133667,0.012711129,0.013526823,0.024056088,-0.030092542
5/11/22,0,0,0,0,0,0
6/11/22,0,0,0,0,0,0
7/11/22,0.012993525,-0.00475577,0.008485841,0.009568062,0.002283447,-0.008179958
8/11/22,0.010117956,0.000835281,0.004879982,0.005582283,-0.004340419,0.047714021
9/11/22,-0.0197004,-0.001342285,-0.025088409,-0.020996785,-0.005339773,0.021306219
10/11/22,0.036284945,0.010769209,0.070926361,0.053952516,-0.003957745,-0.103275873
11/11/22,0.00096314,-0.007799486,0.0186461,0.009198312,0.016710057,-0.043872408
12/11/22,0,0,0,0,0,0
13/11/22,0,0,0,0,0,0
14/11/22,-0.006276651,0.009140957,-0.011289009,-0.008975941,-0.001260844,0.052336228
15/11/22,0.001675048,-0.002141745,0.014382256,0.008675376,0.016302842,0.033564425
16/11/22,-0.001164427,-0.002472687,-0.015504654,-0.008286283,-0.00450911,-0.017677759
17/11/22,-0.000223779,-0.000639582,-0.003466424,-0.003094105,-0.001459423,-0.007493803
18/11/22,0.005925567,0.005294609,9.87E-05,0.004747296,-0.005855773,-0.034434835
19/11/22,0,0,0,0,0,0
20/11/22,0,0,0,0,0,0
21/11/22,-0.001346564,-0.001165136,-0.010965079,-0.00389125,-0.003945487,-0.033424405
22/11/22,0.011735527,0.010236292,0.013505402,0.013488606,0.001263096,-0.049036154
23/11/22,0.002810194,0.001662474,0.009876437,0.005897266,0.002574867,-0.045156591
24/11/22,0,0.000187506,0,0,-0.002456082,0
25/11/22,0.004463685,0.002688384,-0.005238178,-0.000283084,0.003999321,0.007343956
26/11/22,0,0,0,0,0,0
27/11/22,0,0,0,0,0,0
28/11/22,-0.014592514,-0.001697808,-0.015879438,-0.015564697,-0.007488383,0.080117711
29/11/22,9.07E-05,0.005071411,-0.005965514,-0.001593134,0.022864362,-0.014512713
30/11/22,0.021544185,0.008100766,0.043140884,0.030478644,0.000504702,-0.061710157
1/12/22,-0.005646414,-0.00192975,0.001259252,-0.00086801,0.004473747,-0.036619617
2/12/22,0.001013215,-0.000304314,-0.001826207,-0.001195375,-0.002951807,-0.040108239
3/12/22,0,0,0,0,0,0
4/12/22,0,0,0,0,0,0
5/12/22,-0.014121284,0.001494318,-0.019520048,-0.01805625,0.017484931,0.084954376
6/12/22,-0.010386349,-0.006110484,-0.020225583,-0.014503869,0.000224138,0.06619378
7/12/22,4.71E-05,-0.004290269,-0.005128006,-0.001864107,-0.004026708,0.022743465
8/12/22,0.005448521,-0.002272516,0.011202215,0.007493634,-0.000709717,-0.017345304
9/12/22,-0.009070204,0.000588663,-0.007006975,-0.007376719,0.002997942,0.023937269
10/12/22,0,0,0,0,0,0
11/12/22,0,0,0,0,0,0
12/12/22,0.015666188,-0.004101181,0.012562731,0.014178307,-0.008741038,0.090800368
13/12/22,0.003042022,0.007612624,0.010095314,0.007263223,-0.00085281,-0.103140793
14/12/22,-0.004180368,-0.000933408,-0.007661985,-0.006071117,6.29E-05,-0.064568081
15/12/22,-0.022753671,-0.009341877,-0.032790572,-0.025237478,-0.002483816,0.076908506
16/12/22,-0.008522326,-0.012752332,-0.009771449,-0.01120024,-0.000249978,-0.009240949
17/12/22,0,0,0,0,0,0
18/12/22,0,0,0,0,0,0
19/12/22,-0.004961241,0.003974539,-0.014999724,-0.009048329,-0.019359332,-0.008881087
20/12/22,0.002810642,0.001262606,0.00010241,0.001036801,-0.010791462,-0.042831173
21/12/22,0.015907697,0.017043802,0.015267148,0.014758549,-0.001745344,-0.067896101
22/12/22,-0.010511281,-0.003741669,-0.022020678,-0.014557142,-0.00456651,0.090451708
23/12/22,0.00532804,0.000495265,0.002073068,0.005850952,-0.002807723,-0.051365094
24/12/22,0,0,0,0,0,0
25/12/22,0,0,0,0,0,0
26/12/22,0,0,0,0,0.006445985,0
27/12/22,0.001132625,0,-0.013872867,-0.004057844,0.009740844,0.036692676
28/12/22,-0.011066742,0.003233119,-0.013608776,-0.01209347,-0.002642798,0.022380463
29/12/22,0.010442094,0.002065304,0.025596578,0.017310634,-0.004447249,-0.032127539
30/12/22,-0.002216452,-0.008152727,-0.001108581,-0.002543976,0.005049551,0.010670458
31/12/22,0,0,0,0,0,0
1/1/23,0,0,0,0,0,0
2/1/23,0,0,0,0,0,0
3/1/23,-0.000328253,0.013648255,-0.007624671,-0.004008572,0.008782206,0.055208075
4/1/23,0.004017659,0.004108531,0.006886738,0.007510695,0.002246788,-0.039639988
5/1/23,-0.010262694,0.00634745,-0.014787356,-0.011713869,0.010097638,0.020239003
6/1/23,0.021050177,0.008608936,0.025300104,0.022583836,0.000766664,-0.061042117
7/1/23,0,0,0,0,0,0
8/1/23,0,0,0,0,0,0
9/1/23,-0.003364526,0.003293473,0.006258972,-0.000767927,0.005822877,0.038984063
10/1/23,0.005547419,-0.003943077,0.010008325,0.006953998,-0.002070752,-0.065358128
11/1/23,0.007946898,0.003956035,0.017444147,0.012767571,-0.00242284,0.024479275
12/1/23,0.006365853,0.008892384,0.006331158,0.003410085,0.000509024,-0.113347663
13/1/23,0.003289137,0.006407462,0.007070648,0.003988892,0.010020939,-0.025821743
14/1/23,0,0,0,0,0,0
15/1/23,0,0,0,0,0,0
16/1/23,0,0.002037672,0,0,0.010052233,0
17/1/23,-0.011486358,-0.001158429,0.001438622,-0.002032555,-0.001039101,0.053579518
18/1/23,-0.018268939,-0.002588982,-0.01252509,-0.015684967,5.27E-05,0.049380285
19/1/23,-0.007609219,-0.01070756,-0.009605181,-0.007667672,0.004909794,0.008810644
20/1/23,0.009964836,0.003003024,0.026206574,0.018741674,0.007541831,-0.033196016
21/1/23,0,0,0,0,0,0
22/1/23,0,0,0,0,0,0
23/1/23,0.007583654,0.0018129,0.019905751,0.011811316,0,-0.002017193
24/1/23,0.003099673,-0.00351308,-0.002655718,-0.000711756,0,-0.031276515
25/1/23,0.000292805,-0.001612664,-0.001846479,-0.000181742,0,-0.006269657
26/1/23,0.006073602,0.00208954,0.017441238,0.010947708,0,-0.01851417
27/1/23,0.000844076,0.000528149,0.0094493,0.002491734,0,-0.011815353
28/1/23,0,0,0,0,0,0
29/1/23,0,0,0,0,0,0
30/1/23,-0.00771073,0.002533709,-0.01980471,-0.013053569,0.001380447,0.074416652
31/1/23,0.010883063,-0.001696992,0.016602109,0.014536304,-0.004183965,-0.027454745
1/2/23,0.00020305,-0.001364866,0.019809356,0.010398056,0.008944207,-0.08214967
2/2/23,-0.001145159,0.007586065,0.032021535,0.014592385,0.00022829,0.047003116
3/2/23,-0.003763752,0.010380402,-0.016017523,-0.010408593,-0.006797931,-0.021587434
4/2/23,0,0,0,0,0,0
5/2/23,0,0,0,0,0,0
6/2/23,-0.001031959,-0.008272705,-0.010002427,-0.006159393,-0.007600634,0.058279221
7/2/23,0.00780844,0.003566565,0.018861238,0.012790364,0.002895159,-0.040436092
8/2/23,-0.006098765,0.002603193,-0.016922472,-0.011142573,-0.00493195,0.050676778
9/2/23,-0.0073655,0.003291892,-0.010205907,-0.00886901,0.011770942,0.053557666
10/2/23,0.005013856,-0.003634389,-0.006079725,0.002192856,-0.002973479,-0.008729367
11/2/23,0,0,0,0,0,0
12/2/23,0,0,0,0,0,0
13/2/23,0.011059617,0.008224896,0.014711878,0.01138357,0.007178213,-0.009297866
14/2/23,-0.004585058,0.000792354,0.005732074,-0.000280454,0.002773153,-0.072898524
15/2/23,0.001136991,0.005504117,0.00919158,0.002769338,-0.003891239,-0.036622311
16/2/23,-0.012715242,0.001836343,-0.017952166,-0.013884689,-0.009636299,0.101127792
17/2/23,0.00384577,-0.001011444,-0.005799641,-0.002771242,-0.007727465,-0.007464559
18/2/23,0,0,0,0,0,0
19/2/23,0,0,0,0,0,0
20/2/23,0,0.001236043,0,0,0.020361895,0
21/2/23,-0.020823341,-0.004564762,-0.025342867,-0.020244784,0.004905353,0.133094248
22/2/23,-0.002553848,-0.005933953,0.001284427,-0.001574795,-0.004659265,-0.025687856
23/2/23,0.003287675,-0.002891714,0.007215547,0.005315278,-0.00111571,-0.052971237
24/2/23,-0.01021637,-0.003674053,-0.017007768,-0.010593465,-0.006200229,0.024761867
25/2/23,0,0,0,0,0,0
26/2/23,0,0,0,0,0,0
27/2/23,0.002196694,0.007133028,0.006302207,0.003068293,-0.002798352,-0.033790136
28/2/23,-0.00709097,-0.007437743,-0.000998183,-0.00304062,0.006601818,-0.012004946
1/3/23,0.000157402,0.004888821,-0.006661685,-0.004736464,0.009933391,-0.00581401
2/3/23,0.010408328,0.00366988,0.007310979,0.007553594,-0.000513422,-0.049300487
3/3/23,0.01166972,0.000390168,0.019526311,0.016018749,0.005344156,-0.057789207
4/3/23,0,0,0,0,0,0
5/3/23,0,0,0,0,0,0
6/3/23,0.00121135,-0.002179305,-0.001135859,0.000686931,-0.001912621,0.00646907
7/3/23,-0.017348411,-0.001299717,-0.012532243,-0.01544559,-0.011178928,0.051320136
8/3/23,-0.00176872,0.00131234,0.003953028,0.001413794,-0.000563337,-0.02480745
9/3/23,-0.016710976,-0.006312509,-0.020743239,-0.018631858,-0.002183121,0.168180523
10/3/23,-0.010760532,-0.016841546,-0.017748194,-0.014583969,-0.014143736,0.092451309
11/3/23,0,0,0,0,0,0
12/3/23,0,0,0,0,0,0
13/3/23,-0.002840163,-0.026124229,0.004474282,-0.001510902,0.011885408,0.06705556
14/3/23,0.010512396,0.011655834,0.021162805,0.016342388,-0.007181442,-0.111159131
15/3/23,-0.008771888,-0.039066229,0.000516085,-0.007005364,0.00553114,0.096726634
16/3/23,0.011602562,0.008878706,0.02446897,0.017409576,-0.011223244,-0.128407356
17/3/23,-0.011997621,-0.010118509,-0.007432901,-0.011080621,0.007305436,0.104011212
18/3/23,0,0,0,0,0,0
19/3/23,0,0,0,0,0,0
20/3/23,0.011936505,0.009294945,0.003864261,0.00887887,-0.004823148,-0.054786177
21/3/23,0.009752987,0.017711227,0.01568464,0.012898648,0.006390839,-0.121828498
22/3/23,-0.016426578,0.004052129,-0.016162683,-0.016600249,0.003097527,0.04033549
23/3/23,0.00234319,-0.008920532,0.010013182,0.002980084,0.006379334,0.015600957
24/3/23,0.004111712,-0.012626731,0.00309678,0.005623963,-0.006409985,-0.039238442
25/3/23,0,0,0,0,0,0
26/3/23,0,0,0,0,0,0
27/3/23,0.006016779,0.00891294,-0.00467263,0.0016456,-0.004373151,-0.053862777
28/3/23,-0.001167121,0.001671559,-0.004493084,-0.001575083,-0.001853232,-0.031059981
29/3/23,0.00993221,0.010632319,0.01777877,0.014136871,-0.001640544,-0.043496162
30/3/23,0.004313484,0.007389063,0.007287463,0.005698999,0.006518691,-0.00524387
31/3/23,0.012554141,0.001481802,0.017201758,0.014333328,0.003553696,-0.016967517
1/4/23,0,0,0,0,0,0
2/4/23,0,0,0,0,0,0
3/4/23,0.009779474,0.005397022,-0.002659416,0.003692023,0.007166681,-0.008053817
4/4/23,-0.005933124,-0.005030225,-0.005191712,-0.00581384,0.004890388,0.023969231
5/4/23,0.002402325,0.003713041,-0.01073415,-0.002495482,0,0.004201683
6/4/23,7.68E-05,0.010217908,0.007564934,0.003572773,2.11E-05,-0.036290018
7/4/23,0,0,0,0,0.004523919,0
8/4/23,0,0,0,0,0,0
9/4/23,0,0,0,0,0,0
10/4/23,0.003018572,0,-0.000297829,0.000995807,-0.003700072,0.030508104
11/4/23,0.00292159,0.005680346,-0.0043523,-4.14E-05,-0.000540069,0.006829607
12/4/23,-0.001137334,0.005009409,-0.008558885,-0.004143456,0.004098899,-0.000523709
13/4/23,0.011324381,0.002374249,0.019666431,0.01317551,-0.00265436,-0.069966231
14/4/23,-0.004217637,0.003627043,-0.003524109,-0.002071518,0.005946015,-0.041875896
15/4/23,0,0,0,0,0,0
16/4/23,0,0,0,0,0,0
17/4/23,0.002967603,0.000965006,0.002821116,0.003300704,0.014117397,-0.00705464
18/4/23,-0.000310482,0.003787463,-0.000354535,0.000854855,0.002277635,-0.007104875
19/4/23,-0.002346043,-0.001341089,0.000314291,-8.43E-05,-0.006860479,-0.022229864
20/4/23,-0.003261962,0.000481007,-0.008066422,-0.005970335,-0.000920226,0.04223054
21/4/23,0.000660985,0.001454159,0.001069151,0.000902781,-0.019726842,-0.023572076
22/4/23,0,0,0,0,0,0
23/4/23,0,0,0,0,0,0
24/4/23,0.001963157,-0.000240094,-0.002924951,0.000851217,-0.007861191,0.007130092
25/4/23,-0.010223783,-0.002670342,-0.019973515,-0.015937184,-0.003223044,0.105005261
26/4/23,-0.006851674,-0.004890855,0.0046665,-0.003848584,-0.000235878,0.004255321
27/4/23,0.015620888,-0.002677856,0.023995446,0.019377193,0.006650361,-0.101005742
28/4/23,0.008008956,0.004967467,0.006921975,0.008219331,0.011314779,-0.076233236
29/4/23,0,0,0,0,0,0
30/4/23,0,0,0,0,0,0
1/5/23,-0.001363493,0,-0.001144103,-0.000386181,0,0.018832961
2/5/23,-0.010841216,-0.012478121,-0.010874783,-0.011653907,0,0.10049801
3/5/23,-0.008056614,0.001979244,-0.004578126,-0.007022908,0,0.031010206
4/5/23,-0.008611159,-0.011077488,-0.00491251,-0.007244913,0.008148394,0.091137711
5/5/23,0.016366332,0.009792702,0.022231464,0.018306166,-0.004774895,-0.155894336
6/5/23,0,0,0,0,0,0
7/5/23,0,0,0,0,0,0
8/5/23,-0.001655074,0,0.00175645,0.000452026,0.017981018,-0.012291697
9/5/23,-0.001693433,-0.001840091,-0.006332369,-0.004589939,-0.011056503,0.042093246
10/5/23,-0.000908602,-0.002940951,0.010364438,0.004473942,-0.011538561,-0.044451679
11/5/23,-0.006637176,-0.001383115,0.00179171,-0.001698065,-0.002896453,-0.000590507
12/5/23,-0.000266945,0.003099736,-0.003556587,-0.001584562,-0.011300773,0.005889321
13/5/23,0,0,0,0,0,0
14/5/23,0,0,0,0,0,0
15/5/23,0.001439791,0.002974462,0.00652902,0.002953798,0.011660256,0.005270885
16/5/23,-0.010140448,-0.003425908,-0.001793745,-0.006398108,-0.005983298,0.049568616
17/5/23,0.012302157,-0.00360597,0.012681132,0.011820689,-0.002056209,-0.064279089
18/5/23,0.003439261,0.002469965,0.014948586,0.009400723,0.003977818,-0.049828144
19/5/23,-0.003263955,0.001883981,-0.002441298,-0.001446914,-0.004187917,0.046265114
20/5/23,0,0,0,0,0,0
21/5/23,0,0,0,0,0,0
22/5/23,-0.004198599,0.001816099,0.004955341,0.000155023,0.003930069,0.023516641
23/5/23,-0.006965935,-0.001029999,-0.012699833,-0.011285469,-0.01535479,0.07390052
24/5/23,-0.007762188,-0.01766115,-0.006076412,-0.007345513,-0.012863316,0.077840107
25/5/23,-0.001075931,-0.007395769,0.016990923,0.008719456,-0.001089599,-0.04545083
26/5/23,0.009981847,0.007408893,0.021626064,0.012964681,0.003504965,-0.064190197
27/5/23,0,0,0,0,0,0
28/5/23,0,0,0,0,0,0
29/5/23,0,0,0,0,0.002782103,0
30/5/23,-0.001528926,-0.013875464,0.003211565,1.66E-05,0.000856393,-0.027677659
31/5/23,-0.004079144,-0.010154949,-0.006329966,-0.006127358,-0.006113133,0.027120388
1/6/23,0.00464761,0.005918406,0.012727834,0.009806215,2.18E-05,-0.136561994
2/6/23,0.020986881,0.015499463,0.010613598,0.014429812,0.007907227,-0.069449338
3/6/23,0,0,0,0,0,0
4/6/23,0,0,0,0,0,0
5/6/23,-0.005938391,-0.00096004,-0.000856801,-0.002005591,0.000733422,0.008864645
6/6/23,0.00031047,0.003690563,0.003545654,0.00235113,-0.011543726,-0.053690099
7/6/23,0.002728752,-0.000498321,-0.013003288,-0.003819294,0.000757042,-0.001433725
8/6/23,0.004995366,-0.003231691,0.01014449,0.006169572,0.004938152,-0.021022882
9/6/23,0.001275192,-0.004920211,0.001556373,0.001147401,0.005529828,0.013100646
10/6/23,0,0,0,0,0,0
11/6/23,0,0,0,0,0,0
12/6/23,0.005579591,0.001096972,0.015177854,0.009277975,-0.000798681,0.081876521
13/6/23,0.004270548,0.003178218,0.008241171,0.006908571,0.001497824,-0.027010459
14/6/23,-0.006827656,0.001039696,0.003908869,0.00081909,-0.001448299,-0.051257239
15/6/23,0.012538455,0.003361517,0.011407919,0.01210458,0.007402101,0.043699686
16/6/23,-0.003171069,0.001885979,-0.00678866,-0.003678376,0.006236346,-0.068500385
17/6/23,0,0,0,0,0,0
18/6/23,0,0,0,0,0,0
19/6/23,0,-0.007117026,0,0,-0.005366729,0
20/6/23,-0.007176015,-0.002533376,-0.001628862,-0.004746354,-0.004756643,0.024800699
21/6/23,-0.003010104,-0.001335177,-0.01215274,-0.005259086,-0.013190154,-0.050232148
22/6/23,-0.000141641,-0.007595739,0.009465375,0.00370393,0,-0.022214622
23/6/23,-0.006480526,-0.005359591,-0.010182602,-0.007688288,0,0.040233111
24/6/23,0,0,0,0,0,0
25/6/23,0,0,0,0,0,0
26/6/23,-0.000377175,-0.00111291,-0.011684754,-0.004496934,-0.014895018,0.058521603
27/6/23,0.006269175,0.001059316,0.016354235,0.011390734,0.012246038,-0.036445637
28/6/23,-0.00218586,0.005213219,0.002658087,-0.000354139,-1.88E-05,-0.022820237
29/6/23,0.007937118,-0.003847109,-3.09E-05,0.004463568,-0.002197196,0.008157231
30/6/23,0.008322814,0.007971649,0.014360746,0.01219435,0.006165063,0.003685975
1/7/23,0,0,0,0,0,0
2/7/23,0,0,0,0,0,0
3/7/23,0.000315787,-0.000557839,0.002090197,0.001169993,0.013006594,-0.001472788
4/7/23,0,-0.001010116,0,0,0.000422268,0
5/7/23,-0.00377918,-0.010373189,-0.001819673,-0.001970258,-0.006926159,0.043971091
6/7/23,-0.010742635,-0.021953539,-0.008198628,-0.007954061,-0.005407131,0.085128975
7/7/23,-0.005539202,-0.003246814,-0.001340196,-0.002869213,-0.002799036,-0.040309366
8/7/23,0,0,0,0,0,0
9/7/23,0,0,0,0,0,0
10/7/23,0.006191561,0.002326097,0.00181091,0.002402139,0.00221547,0.016053841
11/7/23,0.009296149,0.001195386,0.005481266,0.006719584,0.005500395,-0.015379744
12/7/23,0.002507194,0.018179116,0.011435219,0.007383905,-0.007866105,-0.091677983
13/7/23,0.001388105,0.003244431,0.015654609,0.008434483,0.012545647,0.005156527
14/7/23,0.003305772,-0.000752964,-0.001760575,-0.001024932,0.000376873,-0.02003774
15/7/23,0,0,0,0,0,0
16/7/23,0,0,0,0,0,0
17/7/23,0.002209162,-0.003800314,0.009256501,0.00384797,-0.008707557,0.01044002
18/7/23,0.010543453,0.006366101,0.007601072,0.007092067,-0.00368628,-0.013443022
19/7/23,0.003121738,0.017883855,0.000305094,0.002355135,0.000318923,0.0340018
20/7/23,0.004665741,0.007601292,-0.020739391,-0.006779827,-0.009208109,0.016576923
21/7/23,7.13E-05,0.002299195,-0.002171119,0.000324042,-0.000558606,-0.028272952
22/7/23,0,0,0,0,0,0
23/7/23,0,0,0,0,0,0
24/7/23,0.005196774,0.00194233,0.001855393,0.004026038,-0.001133967,0.022538174
25/7/23,0.00075744,0.001717549,0.006076546,0.00281072,0.021065031,-0.003601026
26/7/23,0.002312652,-0.001938994,-0.001222368,-0.000155451,-0.002630701,-0.049548034
27/7/23,-0.006706037,0.002068994,-0.005477449,-0.006445393,-0.001975281,0.088463465
28/7/23,0.004991961,0.000194969,0.018793655,0.009829376,0.018255139,-0.077905271
29/7/23,0,0,0,0,0,0
30/7/23,0,0,0,0,0,0
31/7/23,0.002822977,0.000662621,0.002048614,0.001467635,0.004601859,0.022256126
1/8/23,0.001998827,-0.004308317,-0.004338779,-0.002668645,-2.77E-05,0.021771556
2/8/23,-0.009819412,-0.013751254,-0.021974625,-0.013936201,-0.008930517,0.144153161
3/8/23,-0.001890225,-0.004294001,-0.000983094,-0.002551225,0.00573909,-0.010621785
4/8/23,-0.004276224,0.004664198,-0.003622636,-0.005314169,0.002320482,0.071502301
5/8/23,0,0,0,0,0,0
6/8/23,0,0,0,0,0,0
7/8/23,0.011554283,-0.001309606,0.006103893,0.008983619,-0.005872574,-0.080969056
8/8/23,-0.004482165,-0.003593729,-0.007897109,-0.004227205,-0.002515048,0.013854083
9/8/23,-0.005426894,0.007926087,-0.011758361,-0.007063619,-0.004959227,-0.001877918
10/8/23,0.001501833,0.004116867,0.001163197,0.000250683,0.003098938,-0.00691607
11/8/23,0.002987617,-0.01246812,-0.006802873,-0.001070265,-0.020271328,-0.065843276
12/8/23,0,0,0,0,0,0
13/8/23,0,0,0,0,0,0
14/8/23,0.000743188,-0.002261933,0.010460455,0.005734005,-0.003398437,-0.001348649
15/8/23,-0.010283866,-0.015788967,-0.011472324,-0.011618139,-0.000708147,0.10495554
16/8/23,-0.005182821,-0.004434984,-0.011541615,-0.007584082,-0.008235511,0.019254602
17/8/23,-0.008402931,-0.006367975,-0.011772515,-0.007742811,0.004311184,0.064054121
18/8/23,0.000749021,-0.006560321,-0.001965552,-0.000148718,-0.010099071,-0.033535406
19/8/23,0,0,0,0,0,0
20/8/23,0,0,0,0,0,0
21/8/23,-0.001072112,-0.000633614,0.015440557,0.006855635,-0.012520777,-0.009875194
22/8/23,-0.005086756,0.001789574,0.000613275,-0.002781331,0.008803769,-0.009384225
23/8/23,0.005356252,0.006812332,0.015805298,0.010984331,-0.013528841,-0.060109127
24/8/23,-0.010895412,0.001787909,-0.018912504,-0.013549354,0.001246652,0.073571516
25/8/23,0.007231291,0.000681561,0.009364877,0.006695501,-0.005912482,-0.092523394
26/8/23,0,0,0,0,0,0
27/8/23,0,0,0,0,0,0
28/8/23,0.006184657,0,0.008388122,0.006245079,0.011219151,-0.039016677
29/8/23,0.008433423,0.017077329,0.017261873,0.014404069,0.01194972,-0.042674956
30/8/23,0.001077283,0.001164786,0.005403555,0.003825854,0.000398532,-0.040245438
31/8/23,-0.00483618,-0.00464033,0.001116418,-0.001598213,-0.005517021,-0.022587512
1/9/23,0.003329543,0.003408563,-0.000225188,0.001797513,0.004276303,-0.03601286
2/9/23,0,0,0,0,0,0
3/9/23,0,0,0,0,0,0
4/9/23,0,-0.001568675,0,0,0.013885455,0
5/9/23,-0.005634531,-0.002001237,-0.000774211,-0.004202998,-0.007167429,0.067922785
6/9/23,-0.005754576,-0.001587703,-0.010646373,-0.006996014,0.001175443,0.030923025
7/9/23,0.001669156,0.002098509,-0.008952546,-0.003216433,-0.011378318,-0.003466221
8/9/23,0.002196362,0.004892804,0.000923303,0.001425606,-0.001804797,-0.039665219
9/9/23,0,0,0,0,0,0
10/9/23,0,0,0,0,0,0
11/9/23,0.002516712,0.002497441,0.011298,0.006700951,0.00832661,-0.002894355
12/9/23,-0.00051163,0.004073393,-0.01042057,-0.005712169,-0.001821694,0.030683774
13/9/23,-0.002035698,-0.000199289,0.002898411,0.001240862,-0.00446956,-0.054145308
14/9/23,0.009544273,0.019357026,0.008108294,0.008394586,0.001113662,-0.050200644
15/9/23,-0.008309854,0.004979022,-0.01575749,-0.012234146,-0.002821799,0.072937261
16/9/23,0,0,0,0,0,0
17/9/23,0,0,0,0,0,0
18/9/23,0.000175109,-0.007615093,0.000139333,0.000721028,0.00262344,0.015113641
19/9/23,-0.003082652,0.00095347,-0.002340391,-0.002153327,-0.000310346,0.007826412
20/9/23,-0.002228919,0.009290667,-0.015402233,-0.009439204,-0.005259264,0.070456529
21/9/23,-0.010814585,-0.006891534,-0.018368508,-0.016536918,-0.007707498,0.147143768
22/9/23,-0.00313319,0.000689966,-0.00092079,-0.002298237,0.015354954,-0.019574611
23/9/23,0,0,0,0,0,0
24/9/23,0,0,0,0,0,0
25/9/23,0.0012664,-0.007826052,0.004494245,0.004014994,-0.005385687,-0.017595829
26/9/23,-0.011475044,0.000222981,-0.01577481,-0.014844165,-0.004288923,0.113962517
27/9/23,-0.002042884,-0.004271012,0.002235721,0.000229288,0.001624252,-0.038756262
28/9/23,0.003453623,0.001145068,0.008247565,0.005875877,0.001016174,-0.049503874
29/9/23,-0.004729226,0.000815279,0.001365604,-0.00271326,0,0.010327131
30/9/23,0,0,0,0,0,0
1/10/23,0,0,0,0,0,0
2/10/23,-0.002215343,-0.012884786,0.00666862,7.94E-05,0,0.005123846
3/10/23,-0.012974305,-0.005406898,-0.01883452,-0.013839396,0,0.116204404
4/10/23,0.00384601,-0.007754034,0.013427608,0.008077048,0,-0.062585632
5/10/23,-0.000301301,0.00524759,-0.001223147,-0.001304881,0,-0.004855696
6/10/23,0.008658408,0.00576742,0.01587279,0.011745642,0,-0.057890341
7/10/23,0,0,0,0,0,0
8/10/23,0,0,0,0,0,0
9/10/23,0.00588164,-0.000320269,0.003930843,0.006284068,-0.004366726,0.01422499
10/10/23,0.003998949,0.017989427,0.005812075,0.005194476,-0.00702581,-0.038588148
11/10/23,0.001941554,-0.001075562,0.007114716,0.00428382,0.001207652,-0.056778565
12/10/23,-0.005152465,0.003249283,-0.006276019,-0.006266025,0.009356944,0.036611799
13/10/23,0.001163376,-0.005930025,-0.012378237,-0.005031496,-0.006391493,0.146331043
14/10/23,0,0,0,0,0,0
15/10/23,0,0,0,0,0,0
16/10/23,0.009289869,0.004070865,0.011918491,0.010538642,-0.00463724,-0.115650256
17/10/23,0.000385671,0.005827885,-0.002526074,-9.82E-05,0.003146509,0.038192166
18/10/23,-0.009830316,-0.011426325,-0.016347935,-0.013490408,-0.00807207,0.072268645
19/10/23,-0.007480925,-0.0117317,-0.009669343,-0.008519032,-0.017584882,0.107439536
20/10/23,-0.008622968,-0.013072595,-0.015466124,-0.012665149,-0.007458725,0.014382038
21/10/23,0,0,0,0,0,0
22/10/23,0,0,0,0,0,0
23/10/23,-0.005778412,-0.003695,0.002655207,-0.001686992,-0.014781238,-0.06370967
24/10/23,0.006203882,0.002018408,0.009292758,0.007239524,0.007778653,-0.071204524
25/10/23,-0.003186872,0.003323376,-0.024549539,-0.014443435,0.00399913,0.062328711
26/10/23,-0.007645981,-0.00808456,-0.017753221,-0.011903081,0.004758169,0.023979606
27/10/23,-0.011248594,-0.008644151,0.003756106,-0.004811839,0.009818412,0.028130586
28/10/23,0,0,0,0,0,0
29/10/23,0,0,0,0,0,0
30/10/23,0.01565137,0.004938903,0.01151852,0.011938474,0.001248165,-0.074144159
31/10/23,0.003755892,-0.000778165,0.004817328,0.006454085,-0.000921137,-0.08503408
1/11/23,0.006685252,0.002823183,0.016226331,0.010451195,0.001425362,-0.072582465
2/11/23,0.016822606,0.014078372,0.017660476,0.018682939,-0.004532436,-0.074427265
3/11/23,0.006546147,-0.003875061,0.013752391,0.009349884,0.007083264,-0.049077562
4/11/23,0,0,0,0,0,0
5/11/23,0,0,0,0,0,0
6/11/23,0.001013512,1.34E-05,0.003000329,0.001751458,0.009069481,-0.001342249
7/11/23,0.001662813,-0.001052052,0.008916564,0.002836093,-0.000373096,-0.005387213
8/11/23,-0.001181634,-0.001120709,0.000773155,0.001004411,-0.001603031,-0.024608255
9/11/23,-0.00647986,0.007269137,-0.009492241,-0.008116691,0.000296776,0.056504616
10/11/23,0.011475297,-0.012837402,0.020254324,0.015495759,-0.00469748,-0.076071958
11/11/23,0,0,0,0,0,0
12/11/23,0,0,0,0,0,0
13/11/23,0.001596292,0.008818932,-0.00220346,-0.000836188,0.002485577,0.040793776
14/11/23,0.014164166,0.001977654,0.023447937,0.01889537,0.00312559,-0.041499757
15/11/23,0.004683889,0.006216763,0.000670962,0.001595738,0.005470776,0.001411465
16/11/23,-0.001308103,-0.010189431,0.000696736,0.001189719,-0.007155416,0.009824598
17/11/23,5.19E-05,0.012510781,0.000836466,0.001281228,0.001128231,-0.036988534
18/11/23,0,0,0,0,0,0
19/11/23,0,0,0,0,0,0
20/11/23,0.005813503,-0.001053271,0.011196861,0.007363104,0.004556494,-0.02866792
21/11/23,-0.001786749,-0.001922756,-0.005936563,-0.002022976,-0.000125805,-0.004484272
22/11/23,0.005251255,-0.001672073,0.004628706,0.004052905,-0.007959412,-0.038172572
23/11/23,0,0.00188591,0,0,0.005976587,0
24/11/23,0.003314804,0.000614502,-0.001052768,0.000596696,-0.006844078,-0.030820325
25/11/23,0,0,0,0,0,0
26/11/23,0,0,0,0,0,0
27/11/23,-0.001602851,-0.003679205,-0.000690027,-0.001956069,-0.003053674,0.018290732
28/11/23,0.002360741,-0.000737468,0.002856682,0.000979639,0.002256942,0
29/11/23,0.000379447,-0.004261158,-0.001630647,-0.000946697,-0.005565155,0.022595427
30/11/23,0.014583032,0.004073299,-0.002265814,0.003776931,0.002639436,-0.004633172
1/12/23,0.008161378,0.010091401,0.005524521,0.005856559,0.000647679,-0.022701559
2/12/23,0,0,0,0,0,0
3/12/23,0,0,0,0,0,0
4/12/23,-0.001133434,-0.002180491,-0.008391615,-0.005423188,-0.002881116,0.035009395
5/12/23,-0.002208875,-0.003092785,0.003126471,-0.000569032,-0.016886604,-0.017740499
6/12/23,-0.001943195,0.003412167,-0.005864013,-0.003913852,-0.001132019,0.009295178
7/12/23,0.001744427,-0.000226189,0.013570069,0.007936611,-0.000918951,0.006915137
8/12/23,0.003606491,0.005415365,0.00445169,0.004087134,0.001129771,-0.055898062
9/12/23,0,0,0,0,0,0
10/12/23,0,0,0,0,0,0
11/12/23,0.004323545,-0.001271587,0.001978087,0.003916814,0.007341046,0.022418851
12/12/23,0.004741168,-0.000278385,0.006967544,0.004588813,0.004003098,-0.045351936
13/12/23,0.013908451,0.000742167,0.013705555,0.013558345,-0.011612939,0.009892899
14/12/23,0.004253875,0.013239313,0.001871445,0.002643565,-0.003298019,0.023511417
15/12/23,0.001523969,-0.00953678,0.003540798,-7.63E-05,-0.005567778,-0.016155425
16/12/23,0,0,0,0,0,0
17/12/23,0,0,0,0,0,0
18/12/23,2.30E-05,0.005016184,0.006116677,0.004518122,-0.004003452,0.022545293
19/12/23,0.00672963,0.003081464,0.006580876,0.005849267,0.00054273,-0.002391447
20/12/23,-0.012752648,0.010121451,-0.015129269,-0.014793148,-0.010380074,0.087077909
21/12/23,0.008655373,-0.002725434,0.012503079,0.010248769,0.005705385,-0.001464163
22/12/23,-0.000491583,0.000363795,0.00194277,0.001658682,-0.001350885,-0.046485123
23/12/23,0,0,0,0,0,0
24/12/23,0,0,0,0,0,0
25/12/23,0,0,0,0,0.001384426,0
26/12/23,0.004253486,0,0.005427833,0.004222761,-0.006852608,-0.003074558
27/12/23,0.002957148,0.003566222,0.001631178,0.001429436,0.005412982,-0.044066883
28/12/23,0.001421904,-0.000297754,-0.000267603,0.000370106,0.013661114,0.003212851
29/12/23,-0.000545427,0.001358705,-0.005566259,-0.002830477,0.006823699,-0.001605174
30/12/23,0,0,0,0,0,0
31/12/23,0,0,0,0,0,0
1/1/24,0,0,0,0,0,0
2/1/24,0.000676352,-0.001514128,-0.016483349,-0.005676661,-0.004264359,0.058496208
3/1/24,-0.007581293,-0.00508969,-0.011835384,-0.008048618,0.00167676,0.061693581
4/1/24,0.000271093,0.005296894,-0.005629093,-0.003434272,-0.004356248,0.006389809
5/1/24,0.000688046,-0.004347071,0.000948566,0.001824022,-0.008555866,-0.056783791
6/1/24,0,0,0,0,0,0
7/1/24,0,0,0,0,0,0
8/1/24,0.005772601,0.000598044,0.021772922,0.014015945,-0.014318231,-0.020432073
9/1/24,-0.00419773,-0.001326579,0.000938703,-0.001478994,0.001976172,-0.024769044
10/1/24,0.004535192,-0.004199356,0.007505924,0.005649981,-0.005388412,-0.005501047
11/1/24,0.000405509,-0.009876326,3.61E-05,-0.000671281,0.003104601,-0.019897195
12/1/24,-0.003135004,0.006354632,0.000171615,0.000750694,-0.001620092,0.020684925
13/1/24,0,0,0,0,0,0
14/1/24,0,0,0,0,0,0
15/1/24,0,-0.003942238,0,0,0.001495419,0
16/1/24,-0.006186723,-0.004830685,-0.001899259,-0.003738319,0.002663878,0.085960983
17/1/24,-0.002531209,-0.014929033,-0.005955023,-0.005632731,-0.021082554,0.066388313
18/1/24,0.005404087,0.001717538,0.013375109,0.008766721,0.004283927,-0.045651069
19/1/24,0.010492032,0.000375284,0.016816185,0.012238308,-0.004755499,-0.060536155
20/1/24,0,0,0,0,0,0
21/1/24,0,0,0,0,0,0
22/1/24,0.003638222,0.00345164,0.003216063,0.002191921,-0.027177962,-0.008305115
23/1/24,-0.002538873,-0.00026714,0.004264926,0.002917115,0.005295887,-0.049738254
24/1/24,-0.002616728,0.005595016,0.003622351,0.000811599,0.017810965,0.045940358
25/1/24,0.006400038,0.00026565,0.001844328,0.005246578,0.029804437,0.023318053
26/1/24,0.001583559,0.013900823,-0.003561322,-0.000651998,0.001414642,-0.01422709
27/1/24,0,0,0,0,0,0
28/1/24,0,0,0,0,0,0
29/1/24,0.005861113,-0.000314374,0.011110848,0.007528366,-0.009273358,0.025317819
30/1/24,0.00348589,0.0043924,-0.007588184,-0.00060083,-0.018493369,-0.021554157
31/1/24,-0.008275111,-0.004667583,-0.022553713,-0.016236852,-0.014941884,0.075234305
1/2/24,0.009639787,-0.001101424,0.012948628,0.012416286,-0.006406636,-0.033301005
2/2/24,0.003487747,-0.000879423,0.017251506,0.010627771,-0.014757107,-0.002163703
3/2/24,0,0,0,0,0,0
4/2/24,0,0,0,0,0,0
5/2/24,-0.007121531,-0.00034148,-0.002002811,-0.003191425,-0.010296595,-0.013081604
6/2/24,0.003673231,0.008905583,0.000725506,0.002307746,0.031796653,-0.0456495
7/2/24,0.004041523,-0.006819214,0.00941417,0.008207683,0.014311922,-0.017767983
8/2/24,0.001265282,-0.004374567,0.002349916,0.000570421,0.012714209,-0.00312256
9/2/24,-0.001411838,-0.003019484,0.012393055,0.005725917,0,0.010886604
10/2/24,0,0,0,0,0,0
11/2/24,0,0,0,0,0,0
12/2/24,0.003244846,0.000145263,-0.003013188,-0.000949404,0,0.074494593
13/2/24,-0.013614536,-0.008140094,-0.018162968,-0.013768609,0,0.129124715
14/2/24,0.003951124,0.00744002,0.01291799,0.009534168,0,-0.097331164
15/2/24,0.009037972,0.003837574,0.002960434,0.005804373,0,-0.026066984
16/2/24,-0.003750153,0.014919436,-0.008239443,-0.004815044,0,0.016283513
17/2/24,0,0,0,0,0,0
18/2/24,0,0,0,0,0,0
19/2/24,0,0.002176113,0,0,0.015456476,0
20/2/24,-0.001663066,-0.001204038,-0.009225572,-0.006023426,0.004178118,0.079610483
21/2/24,0.001255247,-0.007372456,-0.003198177,0.001263401,0.0096111,-0.005201567
22/2/24,0.011762833,0.002867012,0.029142715,0.020902889,0.012594838,-0.053560336
23/2/24,0.001596455,0.002832838,-0.00279663,0.000347887,0.005513958,-0.055864645
24/2/24,0,0,0,0,0,0
25/2/24,0,0,0,0,0,0
26/2/24,-0.001593355,-0.00285889,-0.001286728,-0.003793939,-0.009314538,-0.000727554
27/2/24,-0.002481249,-0.000169165,0.003689285,0.001704896,0.012835876,-0.022820237
28/2/24,-0.000600364,-0.007577773,-0.005475389,-0.001659531,-0.019295992,0.030071928
29/2/24,0.001215494,0.000655523,0.009000137,0.00521547,0.019193165,-0.032308283
1/3/24,0.002330531,0.00685717,0.01130925,0.007975936,0.003922132,-0.021879407
2/3/24,0,0,0,0,0,0
3/3/24,0,0,0,0,0,0
4/3/24,-0.00249883,-0.005508171,-0.004151827,-0.001193975,0.004050526,0.028573382
5/3/24,-0.010432234,0.000771974,-0.016668759,-0.010245406,0.002788542,0.069437566
6/3/24,0.001964093,0.004319554,0.005752093,0.005127933,-0.002582924,0.00276243
7/3/24,0.00336467,0.001717456,0.014972602,0.010251402,-0.004130332,-0.004146545
8/3/24,-0.001771554,-0.004272984,-0.011636616,-0.006549923,0.006131051,0.020562767
9/3/24,0,0,0,0,0,0
10/3/24,0,0,0,0,0,0
11/3/24,0.001212217,0.001239489,-0.004101678,-0.001122868,0.007338697,0.032045499
12/3/24,0.006064375,0.010196574,0.015262543,0.011139513,-0.004088582,-0.095047409
13/3/24,0.000969446,0.003144383,-0.005416837,-0.001926384,-0.0039674,-0.006524137
14/3/24,-0.003532062,-0.003738226,-0.003048278,-0.002875221,-0.001841832,0.046189356
15/3/24,-0.004918576,-0.002042623,-0.009679336,-0.006504023,0.005384044,0.000694219
16/3/24,0,0,0,0,0,0
17/3/24,0,0,0,0,0,0
18/3/24,0.00195239,-0.000621334,0.008123112,0.006298184,0.009867246,-0.005567163
19/3/24,0.008224106,0.002030892,0.003925594,0.005633253,-0.00721248,-0.03623844
20/3/24,0.010210021,-0.000116299,0.012455218,0.008864766,0.005512457,-0.058095243
21/3/24,0.006791054,0.01859211,0.001979155,0.003231309,-0.000835823,-0.009245049
22/3/24,-0.00770842,0.006108699,0.001643615,-0.001403172,-0.00949506,0.010777652
23/3/24,0,0,0,0,0,0
24/3/24,0,0,0,0,0,0
25/3/24,-0.004118771,-0.001678368,-0.002703151,-0.00305964,-0.007154068,0.009904779
26/3/24,-0.000796797,0.001690989,-0.004206131,-0.002803722,0.001708561,0.003783598
27/3/24,0.012088595,0.00012608,0.005124191,0.008593596,-0.012728623,-0.035361105
28/3/24,0.001188752,0.002593721,-0.001223929,0.001115863,0.005838032,0.017836882
29/3/24,0,0,0,0,0.010080648,0
30/3/24,0,0,0,0,0,0
31/3/24,0,0,0,0,0,0
1/4/24,-0.006060413,0,0.00105992,-0.002015615,0.011836909,0.048021184
2/4/24,-0.010074455,-0.002202963,-0.009582972,-0.007265388,-0.000786667,0.067966709
3/4/24,-0.001100871,0.000289785,0.002276271,0.001090528,-0.001843377,-0.019350966
4/4/24,-0.013642313,0.004838729,-0.014129794,-0.012411036,0,0.131872684
5/4/24,0.00792403,-0.008144981,0.012350267,0.01103805,0,-0.019765911
6/4/24,0,0,0,0,0,0
7/4/24,0,0,0,0,0,0
8/4/24,-0.000288914,0.004074483,0.00033477,-0.000374701,-0.007273299,-0.05382472
9/4/24,-0.000234747,-0.00109586,0.003235796,0.001444449,0.000486952,-0.013921341
10/4/24,-0.010916371,0.003321643,-0.008392407,-0.009501982,-0.006979158,0.053294005
11/4/24,-6.33E-05,-0.004708903,0.016671195,0.007417222,0.002280308,-0.057977834
12/4/24,-0.012449806,0.009020538,-0.016378758,-0.014657588,-0.004880305,0.14925222
13/4/24,0,0,0,0,0,0
14/4/24,0,0,0,0,0,0
15/4/24,-0.00655402,-0.003771687,-0.018095898,-0.012094196,0.012474979,0.105187197
16/4/24,0.001690876,-0.018384024,-0.001245314,-0.002058625,-0.016592107,-0.044120892
17/4/24,-0.001208704,0.003523031,-0.01153026,-0.005797375,0.021161775,-0.0103798
18/4/24,0.000584422,0.003701106,-0.005233859,-0.002210602,0.000925537,-0.011599086
19/4/24,0.005570621,0.002383797,-0.020690759,-0.00879713,-0.002920152,0.038686333
20/4/24,0,0,0,0,0,0
21/4/24,0,0,0,0,0,0
22/4/24,0.006653418,0.016080951,0.011017457,0.008693351,-0.006764839,-0.099380371
23/4/24,0.00687254,0.00260132,0.015752893,0.011893567,-0.007456285,-0.076654181
24/4/24,-0.001111408,-0.000547075,0.00102583,0.000212987,0.007530857,0.017688439
25/4/24,-0.00980118,0.004776892,-0.006448023,-0.004586934,0.002649477,-0.038294429
26/4/24,0.004031671,0.007509873,0.020047852,0.010157381,0.011637639,-0.022369364
27/4/24,0,0,0,0,0,0
28/4/24,0,0,0,0,0,0
29/4/24,0.003821949,0.000884176,0.003458355,0.003173408,0.007871129,-0.024243589
30/4/24,-0.014964923,-0.000356011,-0.020560175,-0.015855551,-0.002643357,0.064666295
1/5/24,0.002307663,-0.0028158,-0.003348328,-0.003441353,0,-0.016752922
2/5/24,0.008469131,0.006260224,0.014976823,0.009087025,0,-0.047231926
3/5/24,0.011703949,0.005040968,0.01971294,0.012478558,0,-0.084537391
4/5/24,0,0,0,0,0,0
5/5/24,0,0,0,0,0,0
6/5/24,0.004555522,0,0.011870097,0.010273174,0.011494726,0
7/5/24,0.000823093,0.012125638,-0.00102139,0.001342528,0.002232048,-0.01946171
8/5/24,0.00441693,0.00484761,-0.001826231,-5.84E-06,-0.006136854,-0.017537586
9/5/24,0.008448637,0.003262622,0.002664706,0.005078033,0.008225706,-0.024135109
10/5/24,0.003170527,0.006232407,-0.000329772,0.00164804,7.20E-05,-0.011093568
11/5/24,0,0,0,0,0,0
12/5/24,0,0,0,0,0,0
13/5/24,-0.002060392,-0.002231591,0.00289468,-0.000241333,-0.002070942,0.08034914
14/5/24,0.003205428,0.001555487,0.00747369,0.004826149,-0.000714059,-0.013323684
15/5/24,0.008806091,0.002097939,0.013906156,0.011647828,-0.008258318,-0.07502553
16/5/24,-0.000968222,-0.000840962,-0.00263573,-0.002083837,0.000800595,-0.002412525
17/5/24,0.003360613,-0.002182858,-0.000739846,0.001164096,0.010077475,-0.035235133
18/5/24,0,0,0,0,0,0
19/5/24,0,0,0,0,0,0
20/5/24,-0.00493221,0.000463106,0.006505143,0.00091597,0.005413034,0.013256188
21/5/24,0.001662123,-0.000914475,0.002245188,0.00249875,-0.004164558,-0.024157774
22/5/24,-0.005077682,-0.005504362,-0.001848126,-0.002709791,0.000181738,0.035614556
23/5/24,-0.015387802,-0.003722391,-0.003906655,-0.007408162,-0.013435602,0.038312785
24/5/24,0.000110786,-0.002593607,0.01097915,0.006976649,-0.008868624,-0.068042444
25/5/24,0,0,0,0,0,0
26/5/24,0,0,0,0,0,0
27/5/24,0,0,0,0,0.011322304,0
28/5/24,-0.005562737,-0.007651519,0.005839135,0.000248771,-0.004642883,0.079720243
29/5/24,-0.010643053,-0.008651122,-0.005851486,-0.007394317,0.000464922,0.100083434
30/5/24,-0.00862306,0.005848552,-0.010904015,-0.005992958,-0.006236047,0.013217621
31/5/24,0.014970496,0.00536769,-0.00012312,0.007995824,-0.001574815,-0.113301055
1/6/24,0,0,0,0,0,0
2/6/24,0,0,0,0,0,0
3/6/24,-0.002984548,-0.001523816,0.005580473,0.00111546,-0.002700267,0.014598767
4/6/24,0.003629756,-0.003734491,0.001685038,0.001501681,0.004120137,0.003806643
5/6/24,0.002477833,0.001820499,0.019436657,0.011778016,-0.008379963,-0.041106969
6/6/24,0.002029611,0.004633339,-0.00086035,-0.000199837,-0.005432985,-0.0039667
7/6/24,-0.002244538,-0.00482732,-0.002331254,-0.001115842,0.00081478,-0.02903427
8/6/24,0,0,0,0,0,0
9/6/24,0,0,0,0,0,0
10/6/24,0.001778124,-0.002051778,0.00346088,0.00257753,0,0.041672657
11/6/24,-0.003108074,-0.00985581,0.008745778,0.002706715,-0.007643693,0.008597209
12/6/24,-0.000909143,0.008274686,0.015157577,0.00846772,0.003107108,-0.065109404
13/6/24,-0.001683298,-0.006325092,0.003351919,0.002341911,-0.002818507,-0.008340364
14/6/24,-0.001500368,-0.002060047,0.001206022,-0.000393938,0.001225466,0.058553332
15/6/24,0,0,0,0,0,0
16/6/24,0,0,0,0,0,0
17/6/24,0.004884283,-0.000577037,0.00946044,0.007635164,-0.005535891,0.007083867
18/6/24,0.001462586,0.006012154,0.000291772,0.002518154,0.004748489,-0.035931994
19/6/24,0,0.001683273,0,0,-0.004033215,0
20/6/24,0.007692838,0.008180896,-0.007904792,-0.002529127,-0.004187634,0.076659846
21/6/24,0.000397685,-0.004215558,-0.001820368,-0.001563352,-0.002431576,-0.006042309
22/6/24,0,0,0,0,0,0
23/6/24,0,0,0,0,0,0
24/6/24,0.006641514,0.005314937,-0.010944126,-0.003069879,-0.011755688,0.009800313
25/6/24,-0.007616897,-0.004089665,0.012542172,0.003925874,-0.004431875,-0.037451818
26/6/24,0.000399812,-0.002731728,0.004926972,0.001571196,0.007607881,-0.022844629
27/6/24,0.000926222,-0.005559247,0.003001335,0.00090691,-0.009013631,-0.025011422
28/6/24,-0.001154766,-0.001908993,-0.007084916,-0.004092013,0.007289089,0.016207795
29/6/24,0,0,0,0,0,0
30/6/24,0,0,0,0,0,0
1/7/24,0.001294194,0.000330626,0.008238931,0.002671991,0.009166886,-0.017843078
2/7/24,0.004135782,-0.005599181,0.008324585,0.006176206,0.000761383,-0.015670468
3/7/24,-0.000606602,0.0061256,0.008810326,0.005071562,-0.004895164,0.004975169
4/7/24,0,0.008554524,0,0,-0.008353355,0
5/7/24,0.001725159,-0.004548376,0.009001386,0.005433974,-0.002584441,0.031748649
6/7/24,0,0,0,0,0,0
7/7/24,0,0,0,0,0,0
8/7/24,-0.000789679,-0.001268542,0.002773958,0.001016182,-0.009360205,-0.008853149
9/7/24,-0.0013434,-0.006575571,0.001387278,0.000740797,0.012554819,0.011254166
10/7/24,0.010868922,0.006575571,0.01176817,0.010156315,-0.006783871,0.026815498
11/7/24,0.000815114,0.003630408,-0.019715266,-0.00880165,0.010498999,0.005432663
12/7/24,0.006197739,0.003593136,0.00627228,0.005501864,0.000305624,-0.036252988
13/7/24,0,0,0,0,0,0
14/7/24,0,0,0,0,0,0
15/7/24,0.00525655,-0.00850587,0.004020567,0.002822216,0.000913684,0.051614258
16/7/24,0.018302753,-0.002214365,0.001988515,0.00636905,0.000770705,0.00532116
17/7/24,0.00593039,0.002764134,-0.028074833,-0.014025442,-0.004528923,0.09330942
18/7/24,-0.013023356,0.002122983,-0.007008991,-0.007847112,0.004807452,0.095435788
19/7/24,-0.009326229,-0.006014491,-0.008106152,-0.007165879,0.001737084,0.036367653
20/7/24,0,0,0,0,0,0
21/7/24,0,0,0,0,0,0
22/7/24,0.003169902,0.005270685,0.015706757,0.010734217,-0.006085259,-0.102539677
23/7/24,-0.001420059,-0.003837169,-0.000567739,-0.001559318,-0.016616238,-0.012824987
24/7/24,-0.012572324,-0.001678773,-0.037069547,-0.023421242,-0.004612782,0.203384434
25/7/24,0.002035351,0.004002393,-0.009308887,-0.005155889,-0.00525507,0.023014614
26/7/24,0.016250574,0.012056932,0.010200563,0.01102942,0.001438314,-0.118934824
27/7/24,0,0,0,0,0,0
28/7/24,0,0,0,0,0,0
29/7/24,-0.00121806,0.000808319,0.000709418,0.00081298,0.000327871,0.012731363
30/7/24,0.005004693,-0.002173021,-0.012908329,-0.004972514,-0.004347471,0.06359682
31/7/24,0.002438184,0.011248449,0.026017112,0.015669981,0.020436763,-0.07816017
1/8/24,-0.012189231,-0.010161348,-0.0232956,-0.013788124,-0.002167234,0.127784441
2/8/24,-0.015251723,-0.013209517,-0.024610392,-0.018552907,-0.009267057,0.229684745
3/8/24,0,0,0,0,0,0
4/8/24,0,0,0,0,0,0
5/8/24,-0.026365249,-0.020578002,-0.034942655,-0.030427041,-0.015484047,0.50016621
6/8/24,0.007577568,0.002307468,0.010241739,0.010300849,0.002299567,-0.330681438
7/8/24,-0.006023876,0.017315879,-0.010505384,-0.007764715,0.000888965,0.005039654
8/8/24,0.017467254,-0.002685146,0.028259269,0.02278114,2.33E-05,-0.157567617
9/8/24,0.001293341,0.002832094,0.005105859,0.004660798,-0.002688997,-0.155202091
10/8/24,0,0,0,0,0,0
11/8/24,0,0,0,0,0,0
12/8/24,-0.00356422,0.005153104,0.002106347,4.30E-05,-0.001394663,0.01655336
13/8/24,0.010329091,0.003028234,0.023964723,0.016707233,0.003402277,-0.133600284
14/8/24,0.006085959,0.005558089,0.000290297,0.003816437,-0.00604765,-0.112622546
15/8/24,0.013768568,0.007974397,0.023107317,0.01600449,0.009324021,-0.061126664
16/8/24,0.002381182,-0.004322047,0.002113239,0.001987802,0.000719853,-0.028639943
17/8/24,0,0,0,0,0,0
18/8/24,0,0,0,0,0,0
19/8/24,0.005806301,0.005459478,0.013802486,0.009675327,0.004934666,-0.010186884
20/8/24,-0.001506457,-0.010054153,-0.003352419,-0.001986527,-0.009379101,0.080620154
21/8/24,0.001358684,0.001220121,0.005711398,0.004230715,-0.003521399,0.024262486
22/8/24,-0.004355397,0.000555126,-0.01686335,-0.008972942,-0.002738485,0.075730957
23/8/24,0.011291095,0.004790607,0.0145614,0.011417937,0.00196241,-0.101253712
24/8/24,0,0,0,0,0,0
25/8/24,0,0,0,0,0,0
26/8/24,0.001588083,0,-0.008539621,-0.00315871,0.000403545,0.018119831
27/8/24,0.000241977,0.002123179,0.001637559,0.001593925,-0.002380353,-0.04560634
28/8/24,-0.003863848,-0.000191692,-0.011259605,-0.005993901,-0.003975272,0.103349437
29/8/24,0.005911441,0.004269354,-0.002258161,-3.94E-05,-0.005060663,-0.089192231
30/8/24,0.005501401,-0.000358076,0.011194507,0.010042457,0.006745683,-0.042420692
31/8/24,0,0,0,0,0,0
1/9/24,0,0,0,0,0,0
2/9/24,0,-0.001529212,0,0,-0.011030653,0
3/9/24,-0.015179646,-0.00783807,-0.033134721,-0.021377963,-0.00286993,0.323049183
4/9/24,0.00092878,-0.003488683,-0.003039107,-0.001603829,-0.00669416,0.028546201
5/9/24,-0.005364428,-0.003379436,0.002534751,-0.003022581,0.001448478,-0.068925872
6/9/24,-0.010119297,-0.007331149,-0.025835238,-0.017410945,-0.008104686,0.117447953
7/9/24,0,0,0,0,0,0
8/9/24,0,0,0,0,0,0
9/9/24,0.011929422,0.010855708,0.011542469,0.011513534,-0.010657053,-0.140320556
10/9/24,-0.002271248,-0.007865622,0.008332649,0.0044627,0.00281128,-0.019206447
11/9/24,0.00305765,-0.001475571,0.021478646,0.010608556,-0.008195079,-0.075641124
12/9/24,0.005736057,0.005731673,0.009961435,0.007467352,-0.001717943,-0.035677019
13/9/24,0.00720114,0.003887545,0.0064845,0.005393142,-0.004808143,-0.030332402
14/9/24,0,0,0,0,0,0
15/9/24,0,0,0,0,0,0
16/9/24,0.005500092,0.00064052,-0.00520748,0.001255841,0,0.034424761
17/9/24,-0.000382044,0.003797862,0.00204029,0.000264515,0,0.02705208
18/9/24,-0.002480546,-0.006786014,-0.003111233,-0.002900659,0.004866276,0.034601606
19/9/24,0.012501073,0.009045797,0.0247674,0.016834357,0.006873281,-0.110064661
20/9/24,0.000907804,-0.01192139,-0.003651614,-0.001942914,0.000289427,-0.011083876
21/9/24,0,0,0,0,0,0
22/9/24,0,0,0,0,0,0
23/9/24,0.001456005,0.003602276,0.00144473,0.002805334,0.004412911,-0.016230024
24/9/24,0.001981916,0.002792761,0.005561921,0.002508031,0.040706658,-0.031972032
25/9/24,-0.006977166,-0.001703726,0.000425448,-0.001862983,0.011522073,0.001298669
26/9/24,0.006192428,0.001957302,0.00595925,0.004030542,0.035493765,-0.002599089
27/9/24,0.003264146,0.004323753,-0.003894219,-0.001254003,0.028441247,0.098440026
28/9/24,0,0,0,0,0,0
29/9/24,0,0,0,0,0,0
30/9/24,0.000405194,-0.010122181,0.003832693,0.004227604,0.077550364,-0.013654089
1/10/24,-0.004099558,0.004808162,-0.015447076,-0.009367849,0,0.140826931
2/10/24,0.000937739,0.001714213,0.000823752,0.000138381,0,-0.018868516
3/10/24,-0.004392213,-0.00101372,-0.000370424,-0.001682829,0,0.080775049
4/10/24,0.008087825,-0.000229473,0.012168285,0.008930256,0,-0.064506022
5/10/24,0,0,0,0,0,0
6/10/24,0,0,0,0,0,0
7/10/24,-0.009453895,0.002773726,-0.011865854,-0.009632264,0,0.164287297
8/10/24,0.003001928,-0.013701941,0.014347648,0.009642707,0.044915761,-0.055393158
9/10/24,0.010205002,0.006462129,0.005960297,0.007088231,-0.068460437,-0.02649159
10/10/24,-0.0013624,-0.000728094,-0.000523238,-0.002072269,0.013129143,0.003350072
11/10/24,0.009605043,0.001940406,0.003324983,0.006033609,-0.025827303,-0.022711835
12/10/24,0,0,0,0,0,0
13/10/24,0,0,0,0,0,0
14/10/24,0.00468665,0.004714025,0.008671368,0.007678115,0.020481902,-0.037853041
15/10/24,-0.007570561,-0.005247309,-0.010163496,-0.007638566,-0.025606066,0.046612237
16/10/24,0.007860323,0.009627036,0.002807335,0.004668233,0.000517159,-0.052722278
17/10/24,0.003738597,0.006700914,0.000355426,-0.000171175,-0.010534377,-0.024296843
18/10/24,0.000852093,-0.003201241,0.006290388,0.003963687,0.028669267,-0.058174715
19/10/24,0,0,0,0,0,0
20/10/24,0,0,0,0,0,0
21/10/24,-0.007987945,-0.004809125,0.002725337,-0.001824433,0.002005344,0.01868187
22/10/24,-0.000156329,-0.001407568,0.002142242,-0.000474967,0.005418658,-0.009297309
23/10/24,-0.009596098,-0.005783307,-0.016449019,-0.009233824,0.005140969,0.055569797
24/10/24,-0.003312313,0.001306968,0.007567861,0.002143473,-0.006847912,-0.008350771
25/10/24,-0.00615376,-0.002494291,0.005583968,-0.000299492,0.005907957,0.063456962
26/10/24,0,0,0,0,0,0
27/10/24,0,0,0,0,0,0
28/10/24,0.006465478,0.00445131,0.002619876,0.002647935,0.006795071,-0.026415725
29/10/24,-0.003652058,-0.007997523,0.007809095,0.001612826,-0.010831746,-0.023506401
30/10/24,-0.002169178,-0.007326338,-0.005617293,-0.003305692,-0.00615599,0.050905433
31/10/24,-0.009012113,-0.00608495,-0.027943849,-0.018790135,0.004150879,0.129345715
1/11/24,0.006889682,0.008239607,0.007968626,0.004084158,-0.002384083,-0.056853707
2/11/24,0,0,0,0,0,0
3/11/24,0,0,0,0,0,0
4/11/24,-0.006144317,0.000855673,-0.00329158,-0.002816045,0.011605063,0.004559989
5/11/24,0.010171362,-0.001442879,0.014156188,0.012191031,0.022930019,-0.070195977
6/11/24,0.035094213,-0.000697677,0.029091436,0.024981281,-0.000939669,-0.230614002
7/11/24,-1.35E-05,-0.003188739,0.01495287,0.007403754,0.025343949,-0.068027534
8/11/24,0.005920067,-0.008425372,0.000898343,0.003749794,-0.005305193,-0.017253264
9/11/24,0,0,0,0,0,0
10/11/24,0,0,0,0,0,0
11/11/24,0.006890225,0.006519544,0.000620982,0.000968594,0.005133749,0.002006065
12/11/24,-0.008665148,-0.012309039,-0.000899912,-0.002896851,-0.01395719,-0.017520679
13/11/24,0.001074574,0.000560535,-0.002631884,0.000232201,0.005045188,-0.048042623
14/11/24,-0.004727731,0.005080331,-0.006420238,-0.006068109,-0.01743348,0.020473709
15/11/24,-0.007015755,-0.000942075,-0.022628988,-0.013291431,-0.014637788,0.120342002
16/11/24,0,0,0,0,0,0
17/11/24,0,0,0,0,0,0
18/11/24,-0.001275683,0.005651408,0.005961355,0.00391016,-0.002066835,-0.035312589
19/11/24,-0.002784728,-0.00127093,0.010358159,0.003955751,0.006645109,0.048239885
20/11/24,0.003219465,-0.001717724,-0.001124008,2.20E-05,0.00654724,0.048353164
21/11/24,0.010584174,0.007909136,0.000331025,0.005326252,0.0007168,-0.017044139
22/11/24,0.009667203,0.013746735,0.001644745,0.00346196,-0.031101766,-0.101613411
23/11/24,0,0,0,0,0,0
24/11/24,0,0,0,0,0,0
25/11/24,0.009885363,0.003576293,0.002690043,0.003015928,-0.00105096,-0.04290198
26/11/24,0.002762113,-0.004000004,0.006249752,0.005705697,-0.001227231,-0.03484673
27/11/24,-0.003086547,0.001959694,-0.005953775,-0.003808481,0.015228758,0
28/11/24,0,0.000773181,0,0,-0.004263455,0
29/11/24,0.004208065,0.00073629,0.008239075,0.00559212,0.009289508,-0.042744656
30/11/24,0,0,0,0,0,0
1/12/24,0,0,0,0,0,0
2/12/24,-0.002868653,0.003084373,0.009620432,0.002445464,0.011217882,-0.012663117
3/12/24,-0.001709037,0.005578129,0.003958406,0.000451347,0.004396994,-0.003003002
4/12/24,0.006877185,-0.002827232,0.012964726,0.006033182,-0.004198449,0.011215042
5/12/24,-0.005531955,0.001630258,-0.001767924,-0.001871526,0.001249001,0.006669173
6/12/24,-0.002755708,-0.004898651,0.008064232,0.002492345,0.010400598,-0.058549559
7/12/24,0,0,0,0,0,0
8/12/24,0,0,0,0,0,0
9/12/24,-0.005403828,0.005221882,-0.006216741,-0.006163167,-0.000453087,0.105438756
10/12/24,-0.003476642,-0.008621634,-0.00250859,-0.002968284,0.005897857,-0.000704919
11/12/24,-0.00224601,0.002556897,0.017504563,0.008132626,0.002867656,-0.043234426
12/12/24,-0.005324345,0.001227948,-0.006612858,-0.005428731,0.008416079,0.024728544
13/12/24,-0.001961714,-0.001384533,0.001199153,-2.65E-05,-0.020318292,-0.007933663
14/12/24,0,0,0,0,0,0
15/12/24,0,0,0,0,0,0
16/12/24,-0.002526187,-0.00461289,0.012327645,0.003792155,-0.001636679,0.061773964
17/12/24,-0.006139519,-0.008130104,-0.003218738,-0.003871479,-0.007364178,0.077263566
18/12/24,-0.026186379,0.000475704,-0.036274324,-0.029936505,0.00614588,0.554109651
19/12/24,0.000362994,-0.0115062,-0.001027715,-0.000865487,-0.003606229,-0.136743355
20/12/24,0.011693226,-0.002557115,0.010262161,0.010810479,-0.000582914,-0.271622405
21/12/24,0,0,0,0,0,0
22/12/24,0,0,0,0,0,0
23/12/24,0.001555444,0.002236334,0.00977606,0.00726085,-0.005004087,-0.089986676
24/12/24,0.009050271,0.004224198,0.013380937,0.010982233,0.012534587,-0.162028278
25/12/24,0,0,0,0,-5.24E-05,0
26/12/24,0.000664248,0,-0.000537882,-0.000405741,0.001391992,0.031726736
27/12/24,-0.00772936,0.001571801,-0.015013475,-0.011117305,0.000607567,0.079572618
28/12/24,0,0,0,0,0,0
29/12/24,0,0,0,0,0,0
30/12/24,-0.009781551,-0.003540064,-0.011999497,-0.010759674,0.002110576,0.087011367
31/12/24,-0.000693431,0.006382739,-0.009072793,-0.004294006,-0.01644134,-0.002877656
1/1/25,0,0,0,0,0,0
2/1/25,-0.003577953,0.010600608,-0.001554744,-0.002226363,-0.026973977,0.032882776
3/1/25,0.007985047,-0.004379938,0.017525847,0.012517357,-0.015796181,-0.105794465
4/1/25,0,0,0,0,0,0
5/1/25,0,0,0,0,0,0
6/1/25,-0.000598565,0.003120151,0.012323345,0.005522766,-0.001404359,-0.005595181
7/1/25,-0.004181373,-0.000533542,-0.019073327,-0.011166022,0.007059987,0.105235745
8/1/25,0.002509052,0.000691088,-0.000554233,0.001559144,0.000162211,-0.006756722
9/1/25,0,0.008291815,0,0,-0.005829319,0
10/1/25,-0.016477136,-0.008594854,-0.016420959,-0.015531638,-0.013438979,0.098899011
11/1/25,0,0,0,0,0,0
12/1/25,0,0,0,0,0,0
13/1/25,0.008515976,-0.002950314,-0.003844803,0.001574204,-0.002454955,-0.018074356
14/1/25,0.005215106,-0.002763987,-0.002292481,0.001145623,0.025052507,-0.025331246
15/1/25,0.016405101,0.012070925,0.024217618,0.018147133,-0.004274242,-0.148997302
16/1/25,-0.001584304,0.010879012,-0.008903201,-0.002114924,0.002758731,0.029341929
17/1/25,0.007726159,0.013410763,0.014982137,0.009941478,0.00178734,-0.038690739
18/1/25,0,0,0,0,0,0
19/1/25,0,0,0,0,0,0
20/1/25,0,0.00179726,0,0,0.000788408,0
21/1/25,0.012294935,0.003257385,0.006427531,0.008730009,-0.000541046,-0.058669729
22/1/25,0.00296934,-0.000374436,0.012702469,0.006119181,-0.008983305,0.002652519
23/1/25,0.009205014,0.002349532,0.002213506,0.005299419,0.00513365,-0.005312092
24/1/25,-0.003164884,-0.007358983,-0.004967964,-0.002859216,0.006929734,-0.011382786
25/1/25,0,0,0,0,0,0
26/1/25,0,0,0,0,0,0
27/1/25,0.006491725,0.000152863,-0.031174586,-0.014688059,-0.000622738,0.186800801
28/1/25,0.00305421,0.003545127,0.02005214,0.009175644,0,-0.086909796
29/1/25,-0.003055521,0.002796612,-0.005145048,-0.004689876,0,0.009099221
30/1/25,0.003763789,0.010357795,0.002514607,0.005261548,0,-0.044451721
31/1/25,-0.007547411,0.003129125,-0.002763251,-0.005059604,0,0.036570555
1/2/25,0,0,0,0,0,0
2/2/25,0,0,0,0,0,0
3/2/25,-0.002759465,-0.010476685,-0.012069964,-0.007637691,0,0.125127366
4/2/25,0.003014882,-0.001492306,0.013423278,0.007198907,0,-0.07874576
5/2/25,0.007094844,0.006106765,0.00194735,0.003901054,-0.006516303,-0.087381127
6/2/25,-0.002804087,0.011988202,0.005048098,0.003637674,0.012667852,-0.017269406
7/2/25,-0.00997707,-0.003075526,-0.013663556,-0.009509846,0.010041587,0.064941721
8/2/25,0,0,0,0,0,0
9/2/25,0,0,0,0,0,0
10/2/25,0.003762639,0.007705402,0.009728949,0.006690112,0.005585099,-0.045139067
11/2/25,0.002767409,0.001094383,-0.003577926,0.000339525,-0.001238824,0.013195292
12/2/25,-0.005060358,0.003412041,0.000309965,-0.002727583,0.008501326,-0.008147968
13/2/25,0.007698088,-0.004860009,0.01493585,0.010372313,-0.004163017,-0.050995233
14/2/25,-0.00370505,-0.003680615,0.004059251,-7.19E-05,0.004264348,-0.022096642
15/2/25,0,0,0,0,0,0
16/2/25,0,0,0,0,0,0
17/2/25,0,0.004057033,0,0,0.002717162,0
18/2/25,0.000230335,-0.000148255,0.000723282,0.002442004,-0.009382585,0.038517371
19/2/25,0.001597822,-0.006201699,0.000747689,0.002374149,0.008103092,-0.00522535
20/2/25,-0.010155941,-0.005697693,-0.004692357,-0.004343605,-0.000225624,0.025219532
21/2/25,-0.017091489,-0.000415602,-0.022203491,-0.017211397,0.008419222,0.150861163
22/2/25,0,0,0,0,0,0
23/2/25,0,0,0,0,0,0
24/2/25,0.000763994,-4.62E-05,-0.01221733,-0.004981494,-0.00180238,0.041414926
25/2/25,0.00367352,0.001119617,-0.013600653,-0.004690715,-0.008033311,0.02343251
26/2/25,-0.004320048,0.007218317,0.0025652,0.000136015,0.010161485,-0.017129924
27/2/25,-0.00446788,0.002824867,-0.028223264,-0.015991743,0.002319026,0.101005437
28/2/25,0.013812974,0.006091366,0.016199638,0.01572978,-0.020023161,-0.073634826
1/3/25,0,0,0,0,0,0
2/3/25,0,0,0,0,0,0
3/3/25,-0.014929746,0.006967916,-0.02672867,-0.017753403,-0.001196755,0.148824023
4/3/25,-0.015639861,-0.012739582,-0.003550088,-0.012310288,0.002193877,0.031542884
5/3/25,0.01135556,-0.000365428,0.014527163,0.011097473,0.005326944,-0.069570296
6/3/25,-0.009990347,-0.008372281,-0.026404834,-0.017979677,0.011641496,0.125806715
7/3/25,0.005215251,-0.000333982,0.00700178,0.005505435,-0.002532561,-0.062209107
8/3/25,0,0,0,0,0,0
9/3/25,0,0,0,0,0,0
10/3/25,-0.021012974,-0.009224571,-0.040824946,-0.027343542,-0.001894373,0.175738806
11/3/25,-0.011476024,-0.012190017,-0.001846225,-0.007596647,0.00405124,-0.034322483
12/3/25,-0.001994356,0.005282632,0.012105169,0.004874968,-0.002341263,-0.105277992
13/3/25,-0.013080273,0.000187268,-0.019767455,-0.013988367,-0.003920893,0.017590976
14/3/25,0.016394211,0.010445594,0.025735442,0.021042906,0.017949846,-0.124649595
15/3/25,0,0,0,0,0,0
16/3/25,0,0,0,0,0,0
17/3/25,0.008482908,0.005545109,0.003068962,0.006395635,0.001918549,-0.059620313
18/3/25,-0.006240997,0.002864503,-0.017248632,-0.010710667,0.001058981,0.056399712
19/3/25,0.009176341,0.000172296,0.013993736,0.010740608,-0.000971408,-0.086592583
20/3/25,-0.000269515,-0.000539982,-0.003338274,-0.002187284,-0.005114859,-0.005037813
21/3/25,0.000763206,-0.006363597,0.005210337,0.000824314,-0.013025984,-0.026613574
22/3/25,0,0,0,0,0,0
23/3/25,0,0,0,0,0,0
24/3/25,0.01414185,-0.001018213,0.022492434,0.017492117,0.00154332,-0.098010981
25/3/25,9.81E-05,0.002982328,0.004567671,0.001573095,-1.54E-05,-0.019059193
26/3/25,-0.00312106,0.00297346,-0.020616201,-0.01121964,-0.000379616,0.066540906
27/3/25,-0.003659748,-0.002708046,-0.00532114,-0.003312461,0.001498567,0.019449592
28/3/25,-0.01706694,-0.000831079,-0.027390262,-0.019934601,-0.006674211,0.147016787
29/3/25,0,0,0,0,0,0
30/3/25,0,0,0,0,0,0
31/3/25,0.009998528,-0.008827561,-0.001369129,0.00552324,-0.004654014,0.028684009
1/4/25,-0.000280999,0.006040349,0.008667975,0.003774105,0.003796719,-0.02315655
2/4/25,0.005589484,-0.00305044,0.008625223,0.006705661,0.000505152,-0.012014942
3/4/25,-0.040584651,-0.01566481,-0.061535682,-0.049605912,-0.002426401,0.333345888
4/4/25,-0.056597604,-0.050792261,-0.059935003,-0.061609062,0,0.411663948
5/4/25,0,0,0,0,0,0
6/4/25,0,0,0,0,0,0
7/4/25,-0.009157266,-0.044799985,0.000991934,-0.002334195,-0.076274879,0.03619418
8/4/25,-0.008464716,0.026697959,-0.021726601,-0.015825083,0.015691499,0.107847886
9/4/25,0.075760342,-0.02963655,0.114784423,0.09089488,0.013031974,-0.442448759
10/4/25,-0.025307145,0.029990423,-0.044030385,-0.035220607,0.011490082,0.191598306
11/4/25,0.01551413,0.00641166,0.020365086,0.017930381,0.004515457,-0.080779711
12/4/25,0,0,0,0,0,0
13/4/25,0,0,0,0,0,0
14/4/25,0.007730724,0.021133142,0.006378596,0.007913319,0.007562233,-0.195507204
15/4/25,-0.003852666,0.014014391,-0.000493872,-0.001729275,0.001486571,-0.025243056
16/4/25,-0.017481323,0.003207323,-0.031152814,-0.022663254,0.00254958,0.080349081
17/4/25,-0.013377926,1.22E-05,-0.001270799,0.001325959,0.001323042,-0.096076399
18/4/25,0,0,0,0,-0.001101432,0
19/4/25,0,0,0,0,0,0
20/4/25,0,0,0,0,0,0
21/4/25,-0.025141335,0,-0.025846217,-0.023849648,0.004477393,0.131590222
22/4/25,0.026283949,0.006371794,0.026703601,0.024806952,0.002525493,-0.101033209
23/4/25,0.010650461,0.008917281,0.024699816,0.016523864,-0.001031547,-0.071870939
24/4/25,0.012216672,0.000499708,0.027042273,0.020056628,0.000283032,-0.072136197
25/4/25,0.000501243,0.000939138,0.012556275,0.007346085,-0.000675943,-0.063556727
26/4/25,0,0,0,0,0,0
27/4/25,0,0,0,0,0,0
28/4/25,0.002840139,0.000237634,-0.000967427,0.000640502,-0.002018697,0.012402618
29/4/25,0.007430669,0.005473711,0.00546636,0.005785642,-0.000535358,-0.039745684
30/4/25,0.003491224,0.00370323,-0.000858291,0.001478897,-0.002322385,0.021691077
1/5/25,0.00205353,0.00022357,0.015041373,0.006279346,0,-0.004056816
2/5/25,0.013755939,0.011653957,0.014962547,0.014619191,0,-0.081262966
3/5/25,0,0,0,0,0,0
4/5/25,0,0,0,0,0,0
5/5/25,-0.002389292,0,-0.007453016,-0.006402047,0,0.041456674
6/5/25,-0.009502532,0.000116321,-0.008700483,-0.007722985,0.011245666,0.04628929
7/5/25,0.006955323,-0.004441489,0.002737963,0.004336938,0.007974785,-0.050103669
8/5/25,0.006170558,-0.003241517,0.01065332,0.005783021,0.002787613,-0.046499783
9/5/25,-0.002882438,0.002715635,4.35E-05,-0.000711734,-0.002986879,-0.026139385
10/5/25,0,0,0,0,0,0
11/5/25,0,0,0,0,0,0
12/5/25,0.027750522,0.005850924,0.042554358,0.032039977,0.00811958,-0.174679614
13/5/25,-0.006378973,-0.000244029,0.016000477,0.007222059,0.001668411,-0.009287151
14/5/25,-0.002123044,-0.002082907,0.007166268,0.001023891,0.008578805,0.021716463
15/5/25,0.006440206,0.005668216,-0.001802981,0.004123817,-0.006817341,-0.043353889
16/5/25,0.007813598,0.005866587,0.005155047,0.006980849,-0.003959273,-0.033650176
17/5/25,0,0,0,0,0,0
18/5/25,0,0,0,0,0,0
19/5/25,0.003214448,0.001691243,0.000226995,0.00087573,3.60E-05,0.050887159
20/5/25,-0.002687096,0.0093591,-0.003793199,-0.003887777,0.003821849,-0.002760103
21/5/25,-0.019324455,0.000614813,-0.014208726,-0.016266719,0.002096896,0.142953453
22/5/25,-3.23E-05,-0.00538638,0.002809625,-0.00044497,-0.002182409,-0.028677549
23/5/25,-0.006135004,-0.002440219,-0.010011476,-0.0067309,-0.009457336,0.094502976
24/5/25,0,0,0,0,0,0
25/5/25,0,0,0,0,0,0
26/5/25,0,0,0,0,-0.000457927,0
27/5/25,0.017644462,0.006870085,0.0243551,0.020252581,-0.001839874,-0.16180674
28/5/25,-0.005801589,-0.005952864,-0.005129016,-0.005586803,-0.000226065,0.01829162
29/5/25,0.002776069,-0.001089294,0.003915153,0.004003171,0.007015644,-0.006754983
30/5/25,0.001286366,0.006392692,-0.00324368,-8.12E-05,-0.004756124,-0.032320726
31/5/25,0,0,0,0,0,0
1/6/25,0,0,0,0,0,0
2/6/25,0.000837362,0.000216498,0.006718065,0.004093651,0,-0.01137294
3/6/25,0.005049462,0.001446385,0.008092446,0.005783534,0.004318985,-0.03717488
4/6/25,-0.002163748,0.001626059,0.003166764,7.37E-05,0.004222752,-0.004532581
5/6/25,-0.00254875,0.001101525,-0.008361527,-0.005291358,0.002336062,0.048222084
6/6/25,0.010416625,0.003048395,0.011924403,0.010228196,0.000371903,-0.097097438
7/6/25,0,0,0,0,0,0
8/6/25,0,0,0,0,0,0
9/6/25,-2.59E-05,-0.000633902,0.003133395,0.000919525,0.004248728,0.022989482
10/6/25,0.002455007,0.002352202,0.006296732,0.005468013,-0.004408839,-0.012313206
11/6/25,-2.57E-05,0.001275663,-0.005039786,-0.00274766,0.005156829,0.01812382
12/6/25,0.00237324,0.002309951,0.002373286,0.003815133,0.000100527,0.043090579
13/6/25,-0.018079006,-0.003868041,-0.013087702,-0.011360669,-0.007570294,0.144431771
14/6/25,0,0,0,0,0,0
15/6/25,0,0,0,0,0,0
16/6/25,0.00749124,0.002775683,0.015055033,0.009348823,0.003468341,-0.085702258
17/6/25,-0.007064491,-0.004652979,-0.009184691,-0.00838726,-0.000390776,0.122481542
18/6/25,-0.001046142,0.001074813,0.00128904,-0.000309288,0.000414406,-0.069985475
19/6/25,0,-0.005863279,0,0,-0.007910425,0
20/6/25,0.000833392,-0.001946844,-0.005070544,-0.002181035,-0.000658402,0.023553662
21/6/25,0,0,0,0,0,0
22/6/25,0,0,0,0,0,0
23/6/25,0.008844665,-0.001905035,0.00939455,0.009560655,0.006433927,-0.039065581
24/6/25,0.011841706,0.000114175,0.014240689,0.011060329,0.011462354,-0.126138595
25/6/25,-0.002476777,-0.004600152,0.003059791,-3.29E-06,0.010298352,-0.042062235
26/6/25,0.009364745,0.001924994,0.009683798,0.007988131,-0.002178673,-0.010194995
27/6/25,0.009917499,0.007220172,0.005219953,0.005205399,-0.007049922,-0.016408783
28/6/25,0,0,0,0,0,0
29/6/25,0,0,0,0,0,0
30/6/25,0.006267506,-0.004316704,0.004737311,0.005151138,0.005881512,0.024812157
1/7/25,0.009034336,0.002769794,-0.008224304,-0.001119157,0.003859962,0.005959516
2/7/25,-0.000236449,-0.001207245,0.009372427,0.004733874,-0.000854991,-0.011353605
3/7/25,0.007705737,0.005512035,0.010146332,0.008304378,0.001838907,-0.015748372
4/7/25,0,-3.40E-05,0,0,0.003221539,0
5/7/25,0,0,0,0,0,0
6/7/25,0,0,0,0,0,0
7/7/25,-0.009462107,-0.001860573,-0.009196038,-0.007893368,0.000232631,0.082575526
8/7/25,-0.003736113,0.00540186,0.000291024,-0.000716143,0.00698598,-0.056662637
9/7/25,0.004905114,0.001444576,0.009401963,0.006043803,-0.001266013,-0.053142269
10/7/25,0.004316966,0.012184427,0.000936924,0.002742441,0.004750108,-0.010088349
11/7/25,-0.006271019,-0.003862367,-0.002189959,-0.003302972,0.000141062,0.038538013
12/7/25,0,0,0,0,0,0
13/7/25,0,0,0,0,0,0
14/7/25,0.001984366,0.00635482,0.002658565,0.001406424,0.002695061,0.047628117
15/7/25,-0.00986321,-0.006668008,0.001813766,-0.003964145,-0.004171283,0.010410643
16/7/25,0.005244626,-0.001309853,0.002544876,0.003188569,-0.000348684,-0.012738986
17/7/25,0.005177134,0.005139906,0.007456764,0.00535938,0.003717022,-0.038009289
18/7/25,-0.003203925,0.002170925,0.000478683,-9.05E-05,0.005008431,-0.0066809
19/7/25,0,0,0,0,0,0
20/7/25,0,0,0,0,0,0
21/7/25,-0.00043131,0.002321609,0.00375112,0.001398157,0.007134828,0.014519298
22/7/25,0.004038735,0.00119753,-0.003892832,0.000637328,0.006180682,-0.009049813
23/7/25,0.011347059,0.00416916,0.006075984,0.007781532,0.000121999,-0.070942831
24/7/25,-0.007053855,0.008450689,0.001803386,0.00069798,0.006518908,0.00130042
25/7/25,0.004643343,-0.001982681,0.00238861,0.003966451,-0.00335363,-0.030345338
26/7/25,0,0,0,0,0,0
27/7/25,0,0,0,0,0,0
28/7/25,-0.001434448,-0.004274268,0.003323007,0.000176842,0.00119083,0.006675554
29/7/25,-0.004572916,0.006027059,-0.003798347,-0.00296383,0.003267068,0.061289726
30/7/25,-0.003854507,6.57E-05,0.00148626,-0.001250214,0.001662491,-0.031789073
31/7/25,-0.007456685,-0.000448895,-0.000341791,-0.003701662,-0.011826394,0.077056728
1/8/25,-0.012366894,-0.007054453,-0.022614763,-0.016121387,-0.003716759,0.19794842
2/8/25,0,0,0,0,0,0
3/8/25,0,0,0,0,0,0
4/8/25,0.013333099,0.006561602,0.019348964,0.014629564,0.006539663,-0.151210875
5/8/25,-0.001402324,0.001576311,-0.006529872,-0.004869704,0.009523544,0.018660418
6/8/25,0.001843224,0.002359712,0.012016935,0.007255522,0.004522384,-0.062411926
7/8/25,-0.005092479,-0.006953179,0.003455586,-0.000797798,0.001559565,-0.01199779
8/8/25,0.004696146,-0.000560504,0.009712286,0.007769455,-0.001247888,-0.089593306
9/8/25,0,0,0,0,0,0
10/8/25,0,0,0,0,0,0
11/8/25,-0.004549479,0.003731061,-0.003017091,-0.002507268,0.003410615,0.070092402
12/8/25,0.010935296,0.001980535,0.013769365,0.011281559,0.005023853,-0.098206709
13/8/25,0.010375023,0.001900333,0.001439807,0.003224873,0.004775136,-0.016427459
14/8/25,-0.000245071,0.001308444,-0.000113795,0.000303045,-0.004631895,0.02319341
15/8/25,0.000775882,-0.004182098,-0.004047181,-0.00290134,0.008237721,0.017380132
16/8/25,0,0,0,0,0,0
17/8/25,0,0,0,0,0,0
18/8/25,-0.000763445,0.002055006,0.000313925,-0.000100768,0.008419431,-0.006648986
19/8/25,0.000232634,0.003433826,-0.014661917,-0.005875329,-0.000198251,0.037962669
20/8/25,0.000356977,0.010705066,-0.006688524,-0.002434631,0.010388266,0.007677574
21/8/25,-0.003406203,0.002269211,-0.003432385,-0.00401222,0.001297323,0.056379178
22/8/25,0.018719063,0.001309694,0.01860419,0.015072285,0.014390385,-0.154753275
23/8/25,0,0,0,0,0,0
24/8/25,0,0,0,0,0,0
25/8/25,-0.007683535,0,-0.002200447,-0.004275513,0.014995889,0.039301831
26/8/25,0.002990096,-0.005982693,0.004418365,0.004125474,-0.003916424,-0.011560828
27/8/25,0.003234886,-0.001112212,0.002126892,0.00238813,-0.017743159,0.015609444
28/8/25,0.00157163,-0.004190085,0.00531327,0.003151747,0.011315434,-0.028690497
29/8/25,-0.002018376,-0.00320581,-0.011566638,-0.00641874,0.003721366,0.062457311
30/8/25,0,0,0,0,0,0
31/8/25,0,0,0,0,0,0
1/9/25,0,0.000979134,0,0,0.004552694,0
2/9/25,-0.005483687,-0.00869329,-0.008233072,-0.00694635,-0.004499285,0.111396974
3/9/25,-0.000542761,0.006701398,0.010197052,0.005087112,-0.011621083,-0.048935759
4/9/25,0.007702731,0.004229482,0.00971918,0.008311847,-0.012581822,-0.06637508
5/9/25,-0.004843439,-0.000944385,-0.000336289,-0.003170173,0.012308295,-0.007874049
6/9/25,0,0,0,0,0,0
7/9/25,0,0,0,0,0,0
8/9/25,0.002509792,0.0014325,0.004520038,0.002103764,0.003750883,-0.004622039
9/9/25,0.004305577,0.0022855,0.00369938,0.002684547,-0.005121502,-0.004643438
10/9/25,-0.004833617,-0.00185182,0.00030025,0.002979028,0.001293772,0.020402183
11/9/25,0.013473684,0.007795669,0.007148351,0.008450088,0.016413478,-0.042587962
12/9/25,-0.005955524,-0.001539194,0.004437311,-0.000482878,-0.001216431,0.003393297
13/9/25,0,0,0,0,0,0
14/9/25,0,0,0,0,0,0
15/9/25,0.001073522,-0.000678847,0.009334799,0.004695578,-0.002611271,0.061102705
16/9/25,-0.002740048,-0.008802214,-0.000661959,-0.00128876,0.000352504,0.041815828
17/9/25,0.005675165,0.001380149,-0.003257336,-0.000970639,0.003741459,-0.039905564
18/9/25,0.002693156,0.002136981,0.009362064,0.004777688,-0.011594597,-0.001273104
19/9/25,0.003738961,-0.001236057,0.007128718,0.004873524,-0.003023337,-0.016051709
20/9/25,0,0,0,0,0,0
21/9/25,0,0,0,0,0,0
22/9/25,0.001429813,0.001084399,0.006935228,0.004400351,0.002219164,0.041210305
23/9/25,-0.001915479,-0.000368606,-0.009501752,-0.005517352,-0.001762761,0.032990103
24/9/25,-0.003711561,0.002933966,-0.003355188,-0.002850677,0.008288546,-0.028033468
25/9/25,-0.003778946,-0.00394277,-0.005042511,-0.005021649,-8.83E-05,0.034025121
26/9/25,0.006507318,0.007654567,0.004429417,0.005884489,-0.006560291,-0.090602034
27/9/25,0,0,0,0,0,0
28/9/25,0,0,0,0,0,0
29/9/25,0.001486144,0.00161424,0.004751182,0.002632077,0.00895277,0.052861772
30/9/25,0.001765006,0.005426291,0.003043433,0.004082504,0.005227723,0.009876614
1/10/25,0.000930879,0.010214593,0.004190253,0.003394154,0,0.000614076
2/10/25,0.001691405,-0.001981573,0.003898784,0.000618164,0,0.020656764
3/10/25,0.005115097,0.006723384,-0.002785388,6.55E-05,0,0.001201951
4/10/25,0,0,0,0,0,0
5/10/25,0,0,0,0,0,0
6/10/25,-0.001354956,-0.001286235,0.007049569,0.003639959,0,-0.016959751
7/10/25,-0.001971926,0.000474616,-0.006705052,-0.003818688,0,0.051781809
8/10/25,-2.57E-05,0.006862056,0.011128712,0.005810748,0,-0.056067191
9/10/25,-0.005235787,-0.004145181,-0.000814014,-0.002759374,0.013098938,0.00794389
10/10/25,-0.019139069,-0.008649874,-0.036272745,-0.027485975,-0.009435352,0.276358284
11/10/25,0,0,0,0,0,0
12/10/25,0,0,0,0,0,0
13/10/25,0.0128455,0.001632228,0.021835619,0.015478263,-0.001933114,-0.129450517
14/10/25,0.004394357,0.001047796,-0.00764817,-0.001565551,-0.006260186,0.089416897
15/10/25,-0.000370766,-0.002966481,0.006566743,0.004017919,0.012081241,-0.008202704
16/10/25,-0.00653044,0.001198226,-0.004755029,-0.00631428,0.001026781,0.203968642
17/10/25,0.005173958,-0.008674559,0.00519122,0.005256874,-0.019720421,-0.197208535
18/10/25,0,0,0,0,0,0
19/10/25,0,0,0,0,0,0
20/10/25,0.011108497,0.005224394,0.013600599,0.010615724,0.00626671,-0.130922455
21/10/25,0.004659991,0.002485359,-0.001604953,3.27E-05,0.013480268,-0.019945187
22/10/25,-0.007150276,0.009291588,-0.009334738,-0.005351835,-0.000657457,0.040038225
23/10/25,0.003090261,0.006661902,0.008817513,0.00581048,0.002208186,-0.072455144
24/10/25,0.010059762,0.00697041,0.011401525,0.007871362,0.007088328,-0.055256015
25/10/25,0,0,0,0,0,0
26/10/25,0,0,0,0,0,0
27/10/25,0.007123252,0.000849788,0.018470648,0.012215141,0.01173577,-0.036073617
28/10/25,0.003396951,0.004434042,0.008007185,0.002285331,-0.002184287,0.039123283
29/10/25,-0.001560151,0.006107049,0.005481978,-4.36E-05,0.007022764,0.02999625
30/10/25,-0.002309494,0.000409916,-0.015874678,-0.009954191,-0.007354606,-0.000591205
31/10/25,0.000857128,-0.004394824,0.006080432,0.002614501,-0.008086695,0.030861295
1/11/25,0,0,0,0,0,0
2/11/25,0,0,0,0,0,0
3/11/25,-0.004766974,-0.001637537,0.004615673,0.001719234,0.005479803,-0.01560277
4/11/25,-0.005325924,0.001400838,-0.020604606,-0.01180625,-0.004116313,0.1012753
5/11/25,0.004783287,0.006371794,0.006453179,0.003646898,0.002285665,-0.053511807
6/11/25,-0.008462909,-0.004233084,-0.019153077,-0.011241135,0.009655816,0.079487294
7/11/25,0.001593211,-0.005479373,-0.00214732,0.001261046,-0.002549333,-0.021773804
8/11/25,0,0,0,0,0,0
9/11/25,0,0,0,0,0,0
10/11/25,0.008087043,0.01074501,0.022464373,0.015283627,0.005249666,-0.080741738
11/11/25,0.011738898,0.011418883,-0.002505313,0.0020732,-0.00394918,-0.018349121
12/11/25,0.006796656,0.001191336,-0.002638515,0.000629319,-0.000654304,0.013222356
13/11/25,-0.016667078,-0.010517838,-0.023170371,-0.016695452,0.007313207,0.132960114
14/11/25,-0.006548076,-0.011206848,0.001320946,-0.000501851,-0.009728024,-0.008536335
15/11/25,0,0,0,0,0,0
16/11/25,0,0,0,0,0,0
17/11/25,-0.011889531,-0.002374342,-0.008442286,-0.009204498,-0.004635982,0.120971727
18/11/25,-0.010757319,-0.012804679,-0.012193997,-0.00829071,-0.008145278,0.09823066
19/11/25,0.001019863,-0.004711459,0.005839545,0.003746808,0.001757157,-0.042612473
20/11/25,-0.008412357,0.002132882,-0.021781992,-0.015689726,-0.003983587,0.11033545
21/11/25,0.010720992,0.001258693,0.00879484,0.009775103,-0.024765785,-0.120104036
22/11/25,0,0,0,0,0,0
23/11/25,0,0,0,0,0,0
24/11/25,0.004376991,-0.000503267,0.026535104,0.015348819,0.000488494,-0.132617223
25/11/25,0.014198071,0.0077934,0.006692317,0.009020886,0.008630901,-0.100391344
26/11/25,0.006656959,0.008507298,0.008179045,0.006882969,-0.001509882,-0.076680848
27/11/25,0,0.000237371,0,0,0.002862204,0
28/11/25,0.006081373,0.002740195,0.006483439,0.005340487,0.003435394,-0.05009993
29/11/25,0,0,0,0,0,0
30/11/25,0,0,0,0,0,0
1/12/25,-0.008990964,-0.001853473,-0.003849337,-0.005337549,0.006513275,0.053004331
2/12/25,0.003907253,-7.22E-05,0.00590069,0.002454221,-0.004171736,-0.038432139
3/12/25,0.008566512,-0.001000335,0.00172485,0.002975361,-0.005070135,-0.031223854
4/12/25,-0.000667622,0.001937926,0.002174261,0.001079739,-0.000569278,-0.018832961
5/12/25,0.002172035,-0.004530983,0.003100477,0.001934769,0.006946042,-0.023726659
6/12/25,0,0,0,0,0,0
7/12/25,0,0,0,0,0,0
8/12/25,-0.004507443,-0.00226805,-0.0013679,-0.003483315,0.005435068,0.077993988
9/12/25,-0.003757234,-0.000321418,0.001298315,-0.000876743,-0.00371653,0.016076587
10/12/25,0.010405263,0.001399145,0.003288553,0.006726881,-0.002311111,-0.070977784
11/12/25,0.01335799,0.004928047,-0.00255211,0.002077192,-0.006992215,-0.060109539
12/12/25,-0.005062912,-0.005601465,-0.017042418,-0.010720913,0.004129473,0.058205338
13/12/25,0,0,0,0,0,0
14/12/25,0,0,0,0,0,0
15/12/25,-0.000856616,0.010546306,-0.005956864,-0.001597839,-0.005523879,0.047155152
16/12/25,-0.00626324,-0.006842963,0.002341439,-0.002386764,-0.011207808,-0.001212884
17/12/25,-0.004756101,0.009198846,-0.018258017,-0.011659857,0.01181704,0.066887171
18/12/25,0.001374881,0.006475617,0.01370005,0.007902952,0.001573072,-0.043497722
19/12/25,0.003809876,0.006040047,0.013009637,0.008779407,0.003624887,-0.123504828
20/12/25,0,0,0,0,0,0
21/12/25,0,0,0,0,0,0
22/12/25,0.004721144,-0.003177633,0.00518701,0.006415871,0.006894665,-0.057276773
23/12/25,0.001647237,0.00234877,0.005661129,0.004540067,0.000667316,-0.005698016
24/12/25,0.005942991,-0.00187248,0.002182112,0.003216304,0.005334758,-0.038592319
25/12/25,0,0,0,0,0.004727282,0
26/12/25,-0.000414429,0,-0.000856279,-0.00030441,0.001024286,0.009604811
27/12/25,0,0,0,0,0,0
28/12/25,0,0,0,0,0,0
29/12/25,-0.005125701,-0.000425612,-0.005045961,-0.003498163,0.000403855,0.04317213
30/12/25,-0.00195956,0.00749228,-0.002357241,-0.001376614,-4.14E-05,0.009113285
31/12/25,-0.00630031,-0.000935966,-0.007590511,-0.007384867,0.00093878,0.042356051