date,LOG_HASH_RATE,LOG_DIFFICULTY,DLOG_HASH_RATE,DLOG_DIFFICULTY,DLOG_MINERS_REV_USD,DLOG_TX_COUNT,DLOG_UNIQUE_ADDR,DLOG_EST_TX_VOL_USD,DLOG_FEES_USD,DLOG_FEES_USD_PER_TX,DLOG_AVG_BLOCK_SIZE,DLOG_MED_CONFIRM_TIME,DLOG_AVG_TX_VALUE_USD
2021-01-05,18.890398118979977,30.554160817284643,0.0,0.0,0.0,0.0,0.3267081853153577,0.0,0.0,0.0,0.0,0.0,0.0
2021-01-06,18.890398118979977,30.554160817284643,0.0,0.0,0.2984338452926032,0.2907972612521146,0.0,0.0,0.5809612410036209,0.2901639797514748,-0.07586958420489459,0.0,-0.2907972612521146
2021-01-07,18.890398118979977,30.554160817284643,0.0,0.0,0.0,0.0,0.0,0.0,0.0,0.0,0.0,0.0,0.0
2021-01-08,18.734318798246314,30.554160817284643,-0.1560793207336637,0.0,0.0,0.0,0.0,0.16383340854820716,0.0,0.0,0.0,0.189465019778158,0.16383340854820894
2021-01-09,18.734318798246314,30.554160817284643,0.0,0.0,0.0,0.0,-0.10618853029065711,0.0,0.0,0.0,0.0,0.0,0.0
2021-01-10,18.734318798246314,30.554160817284643,0.0,0.0,0.0038707539018218995,-0.180174807890646,0.0,0.0,-0.2061032125893174,-0.025928404698666974,-0.00852102910045971,0.0,0.180174807890646
2021-01-11,18.734318798246314,30.554160817284643,0.0,0.0,0.0,0.0,0.0,0.0,0.0,0.0,0.0,0.0,0.0
2021-01-12,18.836830219724437,30.656672238762766,0.10251142147812331,0.10251142147812331,0.0,0.0,0.0,-0.18345174072827675,0.0,0.0,0.0,0.16332139042085903,-0.18345174072827675
2021-01-13,18.836830219724437,30.656672238762766,0.0,0.0,0.0,0.0,0.01620234103125817,0.0,0.0,0.0,0.0,0.0,0.0
2021-01-14,18.836830219724437,30.656672238762766,0.0,0.0,-0.01524618980101522,0.020708267054331486,0.0,0.0,0.45809773470593207,0.43738946765156905,0.010694725287612672,0.0,-0.020708267054331486
2021-01-15,18.836830219724437,30.656672238762766,0.0,0.0,0.0,0.0,0.0,0.0,0.0,0.0,0.0,0.0,0.0
2021-01-16,18.830050532739058,30.656672238762766,-0.0067796869853786745,0.0,0.0,0.0,0.0,-1.0516808389365053,0.0,0.0,0.0,-0.15399917615299552,-1.0516808389365053
2021-01-17,18.830050532739058,30.656672238762766,0.0,0.0,0.0,0.0,-0.18403154353073958,0.0,0.0,0.0,0.0,0.0,0.0
2021-01-18,18.830050532739058,30.656672238762766,0.0,0.0,-0.15948009954661302,-0.07662969988034973,0.0,0.0,-0.6242245328589195,-0.5475948329785276,0.03489832162703621,0.0,0.07662969988034973
2021-01-19,18.830050532739058,30.656672238762766,0.0,0.0,0.0,0.0,0.0,0.0,0.0,0.0,0.0,0.0,0.0
2021-01-20,18.78837783633849,30.656672238762766,-0.04167269640056759,0.0,0.0,0.0,0.0,0.6841754821413346,0.0,0.0,0.0,-0.2880356167368632,0.6841754821413346
2021-01-21,18.78837783633849,30.656672238762766,0.0,0.0,0.0,0.0,0.1363039834464832,0.0,0.0,0.0,0.0,0.0,0.0
2021-01-22,18.78837783633849,30.656672238762766,0.0,0.0,-0.12891765215617923,0.04095454749065475,0.0,0.0,0.1794293991295035,0.13847485163883455,-0.04502608306787198,0.0,-0.04095454749065652
2021-01-23,18.78837783633849,30.656672238762766,0.0,0.0,0.0,0.0,0.0,0.0,0.0,0.0,0.0,0.0,0.0
2021-01-24,18.784524408814303,30.66710476848606,-0.0038534275241879357,0.01043252972329256,0.0,0.0,0.0,-0.952041768126616,0.0,0.0,0.0,-0.13940839809004224,-0.9520417681266142
2021-01-25,18.784524408814303,30.66710476848606,0.0,0.0,0.0,0.0,-0.00506447349975403,0.0,0.0,0.0,0.0,0.0,0.0
2021-01-26,18.784524408814303,30.66710476848606,0.0,0.0,0.09979215268646868,0.030128659030538074,0.0,0.0,-0.3396029731972785,-0.36973163222777794,0.05824700069948863,0.0,-0.030128659030538074
2021-01-27,18.784524408814303,30.66710476848606,0.0,0.0,0.0,0.0,0.0,0.0,0.0,0.0,0.0,0.0,0.0
2021-01-28,18.826784218104187,30.66710476848606,0.04225980928988449,0.0,0.0,0.0,0.0,0.9309242649235543,0.0,0.0,0.0,0.11143956173419811,0.9309242649235543
2021-01-29,18.826784218104187,30.66710476848606,0.0,0.0,0.0,0.0,0.19308800081447863,0.0,0.0,0.0,0.0,0.0,0.0
2021-01-30,18.826784218104187,30.66710476848606,0.0,0.0,-0.04525433692378655,-0.07588414334694527,0.0,0.0,0.5847401619076678,0.6606243052545526,-0.04406968908261144,0.0,0.07588414334694527
2021-01-31,18.826784218104187,30.66710476848606,0.0,0.0,0.0,0.0,0.0,0.0,0.0,0.0,0.0,0.0,0.0
2021-02-01,18.637542218465658,30.66710476848606,-0.18924199963852928,0.0,0.0,0.0,0.0,-0.08399733434600165,0.0,0.0,0.0,0.10844665770968565,-0.08399733434600165
2021-02-02,18.637542218465658,30.66710476848606,0.0,0.0,0.0,0.0,-0.026727534637309702,0.0,0.0,0.0,0.0,0.0,0.0
2021-02-03,18.637542218465658,30.66710476848606,0.0,0.0,0.15085432141453836,0.09787046986694392,0.0,0.0,0.040814263066861756,-0.05705620680007861,5.567896289720986e-05,0.0,-0.09787046986694392
2021-02-04,18.637542218465658,30.66710476848606,0.0,0.0,0.0,0.0,0.0,0.0,0.0,0.0,0.0,0.0,0.0
2021-02-05,18.979949190606686,30.66710476848606,0.34240697214102767,0.0,0.0,0.0,0.0,0.29465052193980057,0.0,0.0,0.0,-0.22969021954050373,0.2946505219397988
2021-02-06,18.979949190606686,30.66710476848606,0.0,0.0,0.0,0.0,-0.08488322470207699,0.0,0.0,0.0,0.0,0.0,0.0
2021-02-07,18.979949190606686,30.66710476848606,0.0,0.0,0.048733187749142814,-0.18461263106889092,0.0,0.0,-0.40460533878052907,-0.21999270771162172,0.06809599058112303,0.0,0.18461263106889092
2021-02-08,18.979949190606686,30.66710476848606,0.0,0.0,0.0,0.0,0.0,0.0,0.0,0.0,0.0,0.0,0.0
2021-02-09,18.841808373022513,30.69601803556505,-0.13814081758417274,0.02891326707899111,0.0,0.0,0.0,0.5650126764232581,0.0,0.0,0.0,0.06669137449866591,0.5650126764232581
2021-02-10,18.841808373022513,30.69601803556505,0.0,0.0,0.0,0.0,0.08014767480029938,0.0,0.0,0.0,0.0,0.0,0.0
2021-02-11,18.841808373022513,30.69601803556505,0.0,0.0,0.14248838781884743,0.06219194368819636,0.0,0.0,0.9954115360603417,0.933219592372093,-0.09190894355203597,0.0,-0.06219194368819636
2021-02-12,18.841808373022513,30.69601803556505,0.0,0.0,0.0,0.0,0.0,0.0,0.0,0.0,0.0,0.0,0.0
2021-02-13,18.93520954811091,30.69601803556505,0.09340117508839896,0.0,0.0,0.0,0.0,-1.08071473304258,0.0,0.0,0.0,0.09377290048543019,-1.0807147330425781
2021-02-14,18.93520954811091,30.69601803556505,0.0,0.0,0.0,0.0,-0.20919881921563288,0.0,0.0,0.0,0.0,0.0,0.0
2021-02-15,18.93520954811091,30.69601803556505,0.0,0.0,0.08850159256995482,0.012253204747072033,0.0,0.0,-0.4059501562925263,-0.41820336103958056,0.03917157509135852,0.0,-0.012253204747072033
2021-02-16,18.93520954811091,30.69601803556505,0.0,0.0,0.0,0.0,0.0,0.0,0.0,0.0,0.0,0.0,0.0
2021-02-17,18.806217427919808,30.69601803556505,-0.1289921201911035,0.0,0.0,0.0,0.0,0.7444970065754468,0.0,0.0,0.0,-0.06799436915735635,0.744497006575445
2021-02-18,18.806217427919808,30.69601803556505,0.0,0.0,0.0,0.0,0.16016153422454416,0.0,0.0,0.0,0.0,0.0,0.0
2021-02-19,18.806217427919808,30.69601803556505,0.0,0.0,0.13501825012177449,0.1018906001709663,0.0,0.0,0.3701692415585942,0.2682786413876159,0.0050381544664919176,0.0,-0.1018906001709663
2021-02-20,18.806217427919808,30.69601803556505,0.0,0.0,0.0,0.0,0.0,0.0,0.0,0.0,0.0,0.0,0.0
2021-02-21,18.84115056338172,30.709444965805996,0.03493313546191246,0.013426930240946433,0.0,0.0,0.0,0.012702593983370036,0.0,0.0,0.0,-0.2610926182625146,0.012702593983373589
2021-02-22,18.84115056338172,30.709444965805996,0.0,0.0,0.0,0.0,-0.07368274572831268,0.0,0.0,0.0,0.0,0.0,0.0
2021-02-23,18.84115056338172,30.709444965805996,0.0,0.0,-0.2003526158541007,-0.1710418562465943,0.0,0.0,0.05650472954617847,0.22754658579276565,-0.023073396379384048,0.0,0.1710418562465943
2021-02-24,18.84115056338172,30.709444965805996,0.0,0.0,0.0,0.0,0.0,0.0,0.0,0.0,0.0,0.0,0.0
2021-02-25,18.94224668025309,30.709444965805996,0.10109611687136777,0.0,0.0,0.0,0.0,0.03070839332234243,0.0,0.0,0.0,-0.01962771548043829,0.030708393322340655
2021-02-26,18.94224668025309,30.709444965805996,0.0,0.0,0.0,0.0,0.06986421279759725,0.0,0.0,0.0,0.0,0.0,0.0
2021-02-27,18.94224668025309,30.709444965805996,0.0,0.0,0.053417294350971645,0.10821037821541246,0.0,0.0,-0.6113732210470761,-0.7195835992624562,-0.004992929479935182,0.0,-0.10821037821541246
2021-02-28,18.94224668025309,30.709444965805996,0.0,0.0,0.0,0.0,0.0,0.0,0.0,0.0,0.0,0.0,0.0
2021-03-01,18.759925123459134,30.709444965805996,-0.1823215567939549,0.0,0.0,0.0,0.0,-0.3205515241993595,0.0,0.0,0.0,0.3105843042290215,-0.3205515241993595
2021-03-02,18.759925123459134,30.709444965805996,0.0,0.0,0.0,0.0,-0.008655881055524617,0.0,0.0,0.0,0.0,0.0,0.0
2021-03-03,18.759925123459134,30.709444965805996,0.0,0.0,0.0752847129328913,0.038580969662117326,0.0,0.0,0.31464383613500146,0.27606286647286904,0.007047979164786278,0.0,-0.038580969662117326
2021-03-04,18.759925123459134,30.709444965805996,0.0,0.0,0.0,0.0,0.0,0.0,0.0,0.0,0.0,0.0,0.0
2021-03-05,18.896336978949012,30.709444965805996,0.13641185548987877,0.0,0.0,0.0,0.0,0.3790906311069584,0.0,0.0,0.0,0.09124022398523168,0.3790906311069584
2021-03-06,18.896336978949012,30.709444965805996,0.0,0.0,0.0,0.0,-0.17893066900269616,0.0,0.0,0.0,0.0,0.0,0.0
2021-03-07,18.896336978949012,30.709444965805996,0.0,0.0,-0.10903046822661722,-0.2458290621098307,0.0,0.0,-0.6312221221767889,-0.3853930600669342,0.051508104349630934,0.0,0.2458290621098307
2021-03-08,18.896336978949012,30.709444965805996,0.0,0.0,0.0,0.0,0.0,0.0,0.0,0.0,0.0,0.0,0.0
2021-03-09,18.821253597026274,30.696665467219418,-0.07508338192273811,-0.012779498586578342,0.0,0.0,0.0,-0.1650142085258075,0.0,0.0,0.0,-0.20377010020142006,-0.1650142085258075
2021-03-10,18.821253597026274,30.696665467219418,0.0,0.0,0.0,0.0,0.20711011895040876,0.0,0.0,0.0,0.0,0.0,0.0
2021-03-11,18.821253597026274,30.696665467219418,0.0,0.0,0.06433007227223797,0.11064493036146494,0.0,0.0,0.5599969778761142,0.44935204751462354,-0.06402143389754295,0.0,-0.11064493036146494
2021-03-12,18.821253597026274,30.696665467219418,0.0,0.0,0.0,0.0,0.0,0.0,0.0,0.0,0.0,0.0,0.0
2021-03-13,18.842455804676877,30.696665467219418,0.0212022076506031,0.0,0.0,0.0,0.0,-0.15047792833304285,0.0,0.0,0.0,0.2864618160465273,-0.15047792833304285
2021-03-14,18.842455804676877,30.696665467219418,0.0,0.0,0.0,0.0,-0.12401591832220049,0.0,0.0,0.0,0.0,0.0,0.0
2021-03-15,18.842455804676877,30.696665467219418,0.0,0.0,0.12357009595899626,0.0033797480566963856,0.0,0.0,0.029106158390911574,0.025726410334211636,0.05414235753754437,0.0,-0.0033797480566963856
2021-03-16,18.842455804676877,30.696665467219418,0.0,0.0,0.0,0.0,0.0,0.0,0.0,0.0,0.0,0.0,0.0
2021-03-17,18.792266060153025,30.696665467219418,-0.05018974452385194,0.0,0.0,0.0,0.0,0.02488263011867886,0.0,0.0,0.0,-0.2481796294755143,0.024882630118677085
2021-03-18,18.792266060153025,30.696665467219418,0.0,0.0,0.0,0.0,0.18506278447303792,0.0,0.0,0.0,0.0,0.0,0.0
2021-03-19,18.792266060153025,30.696665467219418,0.0,0.0,0.03205966621810674,0.07876708626077011,0.0,0.0,0.06519844405708852,-0.013568642203679815,-0.024840848285223205,0.0,-0.07876708626076834
2021-03-20,18.792266060153025,30.696665467219418,0.0,0.0,0.0,0.0,0.0,0.0,0.0,0.0,0.0,0.0,0.0
2021-03-21,18.948735537192952,30.71593382274586,0.15646947703992709,0.01926835552644235,0.0,0.0,0.0,-0.5619746371536856,0.0,0.0,0.0,-0.4609678924307967,-0.5619746371536838
2021-03-22,18.948735537192952,30.71593382274586,0.0,0.0,0.0,0.0,-0.12456668614252742,0.0,0.0,0.0,0.0,0.0,0.0
2021-03-23,18.948735537192952,30.71593382274586,0.0,0.0,-0.011641231667265828,-0.006173740370581271,0.0,0.0,-0.4207902420664045,-0.41461650169579833,0.02193016740554188,0.0,0.006173740370581271
2021-03-24,18.948735537192952,30.71593382274586,0.0,0.0,0.0,0.0,0.0,0.0,0.0,0.0,0.0,0.0,0.0
2021-03-25,18.935832132357042,30.71593382274586,-0.012903404835910237,0.0,0.0,0.0,0.0,0.7156765114749675,0.0,0.0,0.0,0.387942757415914,0.7156765114749675
2021-03-26,18.935832132357042,30.71593382274586,0.0,0.0,0.0,0.0,0.010989289303166672,0.0,0.0,0.0,0.0,0.0,0.0
2021-03-27,18.935832132357042,30.71593382274586,0.0,0.0,-0.028163642951955836,-0.08627854973892646,0.0,0.0,-0.2014720309000726,-0.11519348116114037,-0.04091911576654006,0.0,0.08627854973892468
2021-03-28,18.935832132357042,30.71593382274586,0.0,0.0,0.0,0.0,0.0,0.0,0.0,0.0,0.0,0.0,0.0
2021-03-29,18.91615936675834,30.71593382274586,-0.01967276559870257,0.0,0.0,0.0,0.0,-0.1237827644024101,0.0,0.0,0.0,-0.04828524115945676,-0.12378276440241187
2021-03-30,18.91615936675834,30.71593382274586,0.0,0.0,0.0,0.0,0.044432403220145744,0.0,0.0,0.0,0.0,0.0,0.0
2021-03-31,18.91615936675834,30.71593382274586,0.0,0.0,0.07302411478143256,0.14352907045296703,0.0,0.0,0.48782598329243854,0.34429691283944974,0.03570861153552002,0.0,-0.14352907045296526
2021-04-01,18.91615936675834,30.71593382274586,0.0,0.0,0.0,0.0,0.0,0.0,0.0,0.0,0.0,0.0,0.0
2021-04-02,18.893915188386213,30.769327058579353,-0.022244178372126555,0.05339323583349298,0.0,0.0,0.0,-0.015681811329343986,0.0,0.0,0.0,0.2259664183968928,-0.015681811329345763
2021-04-03,18.893915188386213,30.769327058579353,0.0,0.0,0.0,0.0,-0.1599643163333404,0.0,0.0,0.0,0.0,0.0,0.0
2021-04-04,18.893915188386213,30.769327058579353,0.0,0.0,-0.11989641076146285,-0.30202846119942883,0.0,0.0,-0.43978645094236946,-0.13775798974293174,0.01820209896858016,0.0,0.3020284611994306
2021-04-05,18.893915188386213,30.769327058579353,0.0,0.0,0.0,0.0,0.0,0.0,0.0,0.0,0.0,0.0,0.0
2021-04-06,18.92523219299041,30.772473186216857,0.03131700460419751,0.0031461276375033265,0.0,0.0,0.0,0.5600925122120763,0.0,0.0,0.0,-0.16846452213251295,0.5600925122120763
2021-04-07,18.92523219299041,30.772473186216857,0.0,0.0,0.0,0.0,0.20089191155787844,0.0,0.0,0.0,0.0,0.0,0.0
2021-04-08,18.92523219299041,30.772473186216857,0.0,0.0,-0.06350272063584583,0.12418014368907215,0.0,0.0,0.30011965463702417,0.1759395109479409,-0.04161017558070329,0.0,-0.12418014368907393
2021-04-09,18.92523219299041,30.772473186216857,0.0,0.0,0.0,0.0,0.0,0.0,0.0,0.0,0.0,0.0,0.0
2021-04-10,19.01166469876272,30.772473186216857,0.08643250577230788,0.0,0.0,0.0,0.0,-0.6250828867836304,0.0,0.0,0.0,0.0575290244251172,-0.6250828867836304
2021-04-11,19.01166469876272,30.772473186216857,0.0,0.0,0.0,0.0,-0.27538277407750833,0.0,0.0,0.0,0.0,0.0,0.0
2021-04-12,19.01166469876272,30.772473186216857,0.0,0.0,0.117933197643449,0.04505037062216566,0.0,0.0,0.05284675228273272,0.007796381660567064,0.023631633780783645,0.0,-0.04505037062216566
2021-04-13,19.01166469876272,30.772473186216857,0.0,0.0,0.0,0.0,0.0,0.0,0.0,0.0,0.0,0.0,0.0
2021-04-14,18.86069367185284,30.772473186216857,-0.15097102690987896,0.0,0.0,0.0,0.0,0.4407800058171958,0.0,0.0,0.0,0.029482352564504488,0.44078000581719756
2021-04-15,18.86069367185284,30.772473186216857,0.0,0.0,0.0,0.0,0.376281514376835,0.0,0.0,0.0,0.0,0.0,0.0
2021-04-16,18.86069367185284,30.772473186216857,0.0,0.0,-0.210091677864515,-0.28230931925305924,0.0,0.0,0.4493662270769079,0.7316755463299391,-0.021287199409264657,0.0,0.282309319253061
2021-04-17,18.86069367185284,30.772473186216857,0.0,0.0,0.0,0.0,0.0,0.0,0.0,0.0,0.0,0.0,0.0
2021-04-18,18.794731310999722,30.79150403819713,-0.06596236085311702,0.01903085198027199,0.0,0.0,0.0,0.22499156543360854,0.0,0.0,0.0,0.30642729613748276,0.224991565433605
2021-04-19,18.794731310999722,30.79150403819713,0.0,0.0,0.0,0.0,-0.3446517549364181,0.0,0.0,0.0,0.0,0.0,0.0
2021-04-20,18.794731310999722,30.79150403819713,0.0,0.0,0.24860305937417948,0.24242627106794679,0.0,0.0,0.6693900020916121,0.4269637310236556,0.009495601401842024,0.0,-0.24242627106794679
2021-04-21,18.794731310999722,30.79150403819713,0.0,0.0,0.0,0.0,0.0,0.0,0.0,0.0,0.0,0.0,0.0
2021-04-22,18.93729437565459,30.79150403819713,0.142563064654869,0.0,0.0,0.0,0.0,-0.3328071696668822,0.0,0.0,0.0,-0.328066471240962,-0.3328071696668786
2021-04-23,18.93729437565459,30.79150403819713,0.0,0.0,0.0,0.0,0.1631555609228066,0.0,0.0,0.0,0.0,0.0,0.0
2021-04-24,18.93729437565459,30.79150403819713,0.0,0.0,-0.14049281378677136,0.03754995031014552,0.0,0.0,-0.6949405402863835,-0.7324904905965108,-0.00274160985751587,0.0,-0.03754995031014552
2021-04-25,18.93729437565459,30.79150403819713,0.0,0.0,0.0,0.0,0.0,0.0,0.0,0.0,0.0,0.0,0.0
2021-04-26,18.71064819378918,30.79150403819713,-0.2266461818654122,0.0,0.0,0.0,0.0,-0.19599192511811836,0.0,0.0,0.0,0.20834712207143502,-0.19599192511812014
2021-04-27,18.71064819378918,30.79150403819713,0.0,0.0,0.0,0.0,-0.05957671401474762,0.0,0.0,0.0,0.0,0.0,0.0
2021-04-28,18.71064819378918,30.79150403819713,0.0,0.0,0.03915822772703592,-0.047785130838450485,0.0,0.0,-0.125278768765531,-0.07749363792707697,-0.01107043132514568,0.0,0.047785130838450485
2021-04-29,18.71064819378918,30.79150403819713,0.0,0.0,0.0,0.0,0.0,0.0,0.0,0.0,0.0,0.0,0.0
2021-04-30,18.951183487815257,30.79150403819713,0.24053529402607765,0.0,0.0,0.0,0.0,0.1401637803511271,0.0,0.0,0.0,-0.14625299227564614,0.1401637803511253
2021-05-01,18.951183487815257,30.79150403819713,0.0,0.0,0.0,0.0,-0.0990924058903655,0.0,0.0,0.0,0.0,0.0,0.0
2021-05-02,18.951183487815257,30.79150403819713,0.0,0.0,0.2316820593566895,-0.16397653834736836,0.0,0.0,-0.4312863214393605,-0.26730978309198017,0.07072764085053446,0.0,0.16397653834736836
2021-05-03,18.951183487815257,30.79150403819713,0.0,0.0,0.0,0.0,0.0,0.0,0.0,0.0,0.0,0.0,0.0
2021-05-04,19.03818424276565,30.656741504302268,0.08700075495039172,-0.13476253389486104,0.0,0.0,0.0,-0.043267671018437426,0.0,0.0,0.0,-0.46210538722144334,-0.04326767101843387
2021-05-05,19.03818424276565,30.656741504302268,0.0,0.0,0.0,0.0,0.17599965044136567,0.0,0.0,0.0,0.0,0.0,0.0
2021-05-06,19.03818424276565,30.656741504302268,0.0,0.0,-0.0579625961696415,0.28051829319900357,0.0,0.0,0.2537387510150868,-0.026779542183916316,-0.03321236124947902,0.0,-0.28051829319900357
2021-05-07,19.03818424276565,30.656741504302268,0.0,0.0,0.0,0.0,0.0,0.0,0.0,0.0,0.0,0.0,0.0
2021-05-08,18.981350768002482,30.656741504302268,-0.05683347476316669,0.0,0.0,0.0,0.0,-0.5103828365825365,0.0,0.0,0.0,0.0,-0.5103828365825382
2021-05-09,18.981350768002482,30.656741504302268,0.0,0.0,0.0,0.0,-0.1577612540831712,0.0,0.0,0.0,0.0,0.0,0.0
2021-05-10,18.981350768002482,30.656741504302268,0.0,0.0,0.06409936110649639,-0.026301507812744873,0.0,0.0,-0.06727712563625943,-0.04097561782351056,0.00926935355365488,0.0,0.02630150781274665
2021-05-11,18.981350768002482,30.656741504302268,0.0,0.0,0.0,0.0,0.0,0.0,0.0,0.0,0.0,0.0,0.0
2021-05-12,18.987181688313278,30.656741504302268,0.005830920310796017,0.0,0.0,0.0,0.0,1.0307565560772858,0.0,0.0,0.0,-0.0662493855411912,1.030756556077284
2021-05-13,18.987181688313278,30.656741504302268,0.0,0.0,0.0,0.0,0.1561192399564888,0.0,0.0,0.0,0.0,0.0,0.0
2021-05-14,18.987181688313278,30.656741504302268,0.0,0.0,-0.44262647619234485,-0.13100946912312317,0.0,0.0,-0.45883414201613704,-0.3278246728929952,-0.043801745951439874,0.0,0.13100946912312317
2021-05-15,18.987181688313278,30.656741504302268,0.0,0.0,0.0,0.0,0.0,0.0,0.0,0.0,0.0,0.0,0.0
2021-05-16,18.91750234744742,30.851754717663493,-0.06967934086585714,0.195013213361225,0.0,0.0,0.0,-0.8164262301827918,0.0,0.0,0.0,0.42234140903201434,-0.8164262301827918
2021-05-17,18.91750234744742,30.851754717663493,0.0,0.0,0.0,0.0,-0.16480878503556795,0.0,0.0,0.0,0.0,0.0,0.0
2021-05-18,18.91750234744742,30.851754717663493,0.0,0.0,-0.3991314425259489,-0.18545890816081112,0.0,0.0,-0.21744151422906555,-0.03198260606825043,0.01257238611025524,0.0,0.18545890816081112
2021-05-19,18.91750234744742,30.851754717663493,0.0,0.0,0.0,0.0,0.0,0.0,0.0,0.0,0.0,0.0,0.0
2021-05-20,18.753199296156144,30.851754717663493,-0.1643030512912773,0.0,0.0,0.0,0.0,0.7448870495938316,0.0,0.0,0.0,0.11478534980345678,0.7448870495938316
2021-05-21,18.753199296156144,30.851754717663493,0.0,0.0,0.0,0.0,0.01672522852601155,0.0,0.0,0.0,0.0,0.0,0.0
2021-05-22,18.753199296156144,30.851754717663493,0.0,0.0,0.014504070922267687,0.012508649712975384,0.0,0.0,0.25936725141191275,0.24685860169891916,-0.03252834160609891,0.0,-0.012508649712975384
2021-05-23,18.753199296156144,30.851754717663493,0.0,0.0,0.0,0.0,0.0,0.0,0.0,0.0,0.0,0.0,0.0
2021-05-24,18.870982331812527,30.851754717663493,0.11778303565638382,0.0,0.0,0.0,0.0,-0.5146428854694811,0.0,0.0,0.0,-0.06541226518616217,-0.5146428854694829
2021-05-25,18.870982331812527,30.851754717663493,0.0,0.0,0.0,0.0,-0.08283539152469821,0.0,0.0,0.0,0.0,0.0,0.0
2021-05-26,18.870982331812527,30.851754717663493,0.0,0.0,0.05935822925184553,0.030595078504047635,0.0,0.0,-0.22790843574795971,-0.2585035142519896,0.008190033194814816,0.0,-0.03059507850404586
2021-05-27,18.870982331812527,30.851754717663493,0.0,0.0,0.0,0.0,0.0,0.0,0.0,0.0,0.0,0.0,0.0
2021-05-28,18.813823917972577,30.851754717663493,-0.05715841383995013,0.0,0.0,0.0,0.0,-0.27886023956707007,0.0,0.0,0.0,0.06541226518616217,-0.27886023956707007
2021-05-29,18.813823917972577,30.851754717663493,0.0,0.0,0.0,0.0,-0.17569258549473332,0.0,0.0,0.0,0.0,0.0,0.0
2021-05-30,18.813823917972577,30.851754717663493,0.0,0.0,0.007808592818594917,-0.24953056140732777,0.0,0.0,-0.8564814280950035,-0.6069508666876122,0.14243679464277098,0.0,0.24953056140732777
2021-05-31,18.813823917972577,30.851754717663493,0.0,0.0,0.0,0.0,0.0,0.0,0.0,0.0,0.0,0.0,0.0
2021-06-01,18.81658662375876,30.677813858959944,0.002762705786182096,-0.17394085870354914,0.0,0.0,0.0,-0.005904932532327933,0.0,0.0,0.0,-0.22651531374675127,-0.00590493253232971
2021-06-02,18.81658662375876,30.677813858959944,0.0,0.0,0.0,0.0,0.21149784865581722,0.0,0.0,0.0,0.0,0.0,0.0
2021-06-03,18.81658662375876,30.677813858959944,0.0,0.0,0.1136994909362592,0.3518785657783319,0.0,0.0,0.39153992391596404,0.039661358137626834,-0.1474497889780514,0.0,-0.3518785657783319
2021-06-04,18.81658662375876,30.677813858959944,0.0,0.0,0.0,0.0,0.0,0.0,0.0,0.0,0.0,0.0,0.0
2021-06-05,18.73595688935865,30.677813858959944,-0.08062973440010879,0.0,0.0,0.0,0.0,-0.9055587160147773,0.0,0.0,0.0,-0.023552231579567096,-0.9055587160147756
2021-06-06,18.73595688935865,30.677813858959944,0.0,0.0,0.0,0.0,-0.350311524499368,0.0,0.0,0.0,0.0,0.0,0.0
2021-06-07,18.73595688935865,30.677813858959944,0.0,0.0,-0.14953511286748977,-0.08207414124698253,0.0,0.0,-0.4163403093529521,-0.3342661681059167,-0.033747459130540086,0.0,0.08207414124698253
2021-06-08,18.73595688935865,30.677813858959944,0.0,0.0,0.0,0.0,0.0,0.0,0.0,0.0,0.0,0.0,0.0
2021-06-09,18.697041473108975,30.677813858959944,-0.03891541624967587,0.0,0.0,0.0,0.0,0.6168198723745988,0.0,0.0,0.0,-0.08633191373942584,0.6168198723745988
2021-06-10,18.697041473108975,30.677813858959944,0.0,0.0,0.0,0.0,0.37397579813030823,0.0,0.0,0.0,0.0,0.0,0.0
2021-06-11,18.697041473108975,30.677813858959944,0.0,0.0,-0.21918970363788048,-0.08402195223072972,0.0,0.0,0.1728250694329283,0.2568470216636154,0.11410121573781815,0.0,0.08402195223072972
2021-06-12,18.697041473108975,30.677813858959944,0.0,0.0,0.0,0.0,0.0,0.0,0.0,0.0,0.0,0.0,0.0
2021-06-13,18.733478255166677,30.667730625382752,0.03643678205770229,-0.010083233577191208,0.0,0.0,0.0,-0.9700571860277094,0.0,0.0,0.0,-0.004083721856994682,-0.9700571860277094
2021-06-14,18.733478255166677,30.667730625382752,0.0,0.0,0.0,0.0,-0.08445969280877286,0.0,0.0,0.0,0.0,0.0,0.0
2021-06-15,18.733478255166677,30.667730625382752,0.0,0.0,0.2913638186363947,0.11076339569675397,0.0,0.0,0.033954481550084736,-0.07680891414665858,-0.07996080039778225,0.0,-0.11076339569675397
2021-06-16,18.733478255166677,30.667730625382752,0.0,0.0,0.0,0.0,0.0,0.0,0.0,0.0,0.0,0.0,0.0
2021-06-17,18.673867439509923,30.623387281856786,-0.05961081565675386,-0.04434334352596636,0.0,0.0,0.0,0.8091671893575665,0.0,0.0,0.0,0.16945136627340096,0.8091671893575683
2021-06-18,18.673867439509923,30.623387281856786,0.0,0.0,0.0,0.0,-0.09684377562705038,0.0,0.0,0.0,0.0,0.0,0.0
2021-06-19,18.673867439509923,30.623387281856786,0.0,0.0,-0.36787482564349006,-0.25702999040541386,0.0,0.0,-0.5702185408821006,-0.3131885504766294,-0.08589551312549967,0.0,0.2570299904054121
2021-06-20,18.673867439509923,30.623387281856786,0.0,0.0,0.0,0.0,0.0,0.0,0.0,0.0,0.0,0.0,0.0
2021-06-21,18.460293339211862,30.623387281856786,-0.2135741002980609,0.0,0.0,0.0,0.0,0.317749130744712,0.0,0.0,0.0,0.3504379174831538,0.31774913074471023
2021-06-22,18.460293339211862,30.623387281856786,0.0,0.0,0.0,0.0,-0.02878412649688933,0.0,0.0,0.0,0.0,0.0,0.0
2021-06-23,18.460293339211862,30.623387281856786,0.0,0.0,-0.009916688550202224,0.21843406910840102,0.0,0.0,0.7801925705869497,0.5617585014784576,0.15921798447659066,0.0,-0.21843406910840102
2021-06-24,18.460293339211862,30.623387281856786,0.0,0.0,0.0,0.0,0.0,0.0,0.0,0.0,0.0,0.0,0.0
2021-06-25,18.506813354846756,30.623387281856786,0.0465200156348935,0.0,0.0,0.0,0.0,-0.08679626490342329,0.0,0.0,0.0,-0.09600993795995327,-0.08679626490341974
2021-06-26,18.506813354846756,30.623387281856786,0.0,0.0,0.0,0.0,-0.11700649441894839,0.0,0.0,0.0,0.0,0.0,0.0
2021-06-27,18.506813354846756,30.623387281856786,0.0,0.0,-0.5922548918993229,-0.6243376775524663,0.0,0.0,-0.7645252312746766,-0.14018755372219172,0.022913827918444485,0.0,0.6243376775524663
2021-06-28,18.506813354846756,30.623387281856786,0.0,0.0,0.0,0.0,0.0,0.0,0.0,0.0,0.0,0.0,0.0
2021-06-29,18.306142659384605,30.623387281856786,-0.20067069546215066,0.0,0.0,0.0,0.0,-0.27774731588477053,0.0,0.0,0.0,0.4566914434411222,-0.2777473158847723
2021-06-30,18.306142659384605,30.623387281856786,0.0,0.0,0.0,0.0,0.14687990340149248,0.0,0.0,0.0,0.0,0.0,0.0
2021-07-01,18.306142659384605,30.623387281856786,0.0,0.0,0.5428242120174858,0.613749122244057,0.0,0.0,1.005102450089833,0.39135332784572974,-0.02276871113429696,0.0,-0.613749122244057
2021-07-02,18.306142659384605,30.623387281856786,0.0,0.0,0.0,0.0,0.0,0.0,0.0,0.0,0.0,0.0,0.0
2021-07-03,18.40765706494323,30.380524271287083,0.10151440555862479,-0.24286301056970316,0.0,0.0,0.0,-0.7711535324701764,0.0,0.0,0.0,-0.3384249476886798,-0.7711535324701781
2021-07-04,18.40765706494323,30.380524271287083,0.0,0.0,0.0,0.0,-0.19423856295524367,0.0,0.0,0.0,0.0,0.0,0.0
2021-07-05,18.40765706494323,30.380524271287083,0.0,0.0,0.281162264690785,-0.028604655472792118,0.0,0.0,-0.4122097565637848,-0.3836051010909487,-0.047968572085566596,0.0,0.028604655472792118
2021-07-06,18.40765706494323,30.380524271287083,0.0,0.0,0.0,0.0,0.0,0.0,0.0,0.0,0.0,0.0,0.0
2021-07-07,18.29080842143251,30.29567835886254,-0.11684864351072122,-0.08484591242454442,0.0,0.0,0.0,0.4588961191465586,0.0,0.0,0.0,-0.31889999367704824,0.45889611914656037
2021-07-08,18.29080842143251,30.29567835886254,0.0,0.0,0.0,0.0,0.21651288259134027,0.0,0.0,0.0,0.0,0.0,0.0
2021-07-09,18.29080842143251,30.29567835886254,0.0,0.0,-0.06016842534253186,0.01662453997674973,0.0,0.0,-0.5960476329504392,-0.6126721729270714,-0.05247789318947493,0.0,-0.01662453997674973
2021-07-10,18.29080842143251,30.29567835886254,0.0,0.0,0.0,0.0,0.0,0.0,0.0,0.0,0.0,0.0,0.0
2021-07-11,18.306937803362395,30.29567835886254,0.016129381929886222,0.0,0.0,0.0,0.0,-0.573347165199074,0.0,0.0,0.0,-0.4336827479170615,-0.5733471651990723
2021-07-12,18.306937803362395,30.29567835886254,0.0,0.0,0.0,0.0,-0.03436498095540763,0.0,0.0,0.0,0.0,0.0,0.0
2021-07-13,18.306937803362395,30.29567835886254,0.0,0.0,0.031026175850840332,0.010515435953323049,0.0,0.0,0.15288166277385962,0.14236622682050193,-0.08279057730321124,0.0,-0.010515435953324825
2021-07-14,18.306937803362395,30.29567835886254,0.0,0.0,0.0,0.0,0.0,0.0,0.0,0.0,0.0,0.0,0.0
2021-07-15,18.33065432997971,30.29567835886254,0.023716526617313605,0.0,0.0,0.0,0.0,0.9574521332276014,0.0,0.0,0.0,0.3703437253148978,0.9574521332275996
2021-07-16,18.33065432997971,30.29567835886254,0.0,0.0,0.0,0.0,-0.014515549624899649,0.0,0.0,0.0,0.0,0.0,0.0
2021-07-17,18.33065432997971,30.29567835886254,0.0,0.0,-0.011916959511079739,-0.23344912932740236,0.0,0.0,-0.959314509126326,-0.7258653797986856,-0.3902349026505188,0.0,0.23344912932740414
2021-07-18,18.33065432997971,30.29567835886254,0.0,0.0,0.0,0.0,0.0,0.0,0.0,0.0,0.0,0.0,0.0
2021-07-19,18.565158671459148,30.246414527211332,0.23450434147943966,-0.0492638316512064,0.0,0.0,0.0,-0.1700368712033189,0.0,0.0,0.0,-0.5038751179393988,-0.1700368712033189
2021-07-20,18.565158671459148,30.246414527211332,0.0,0.0,0.0,0.0,0.03393236676401834,0.0,0.0,0.0,0.0,0.0,0.0
2021-07-21,18.565158671459148,30.246414527211332,0.0,0.0,0.0005720383918550453,0.258210057217946,0.0,0.0,0.12624019349879667,-0.13196986371908548,0.3302019475740737,0.0,-0.258210057217946
2021-07-22,18.565158671459148,30.246414527211332,0.0,0.0,0.0,0.0,0.0,0.0,0.0,0.0,0.0,0.0,0.0
2021-07-23,18.334635012847315,30.246414527211332,-0.23052365861183333,0.0,0.0,0.0,0.0,-0.17157322884521875,0.0,0.0,0.0,0.24116205681685088,-0.17157322884521875
2021-07-24,18.334635012847315,30.246414527211332,0.0,0.0,0.0,0.0,-0.13973702264837407,0.0,0.0,0.0,0.0,0.0,0.0
2021-07-25,18.334635012847315,30.246414527211332,0.0,0.0,0.14905760166763926,-0.30034965811802294,0.0,0.0,-0.3013062841784784,-0.0009566260604552124,-0.3202595518588309,0.0,0.30034965811802294
2021-07-26,18.334635012847315,30.246414527211332,0.0,0.0,0.0,0.0,0.0,0.0,0.0,0.0,0.0,0.0,0.0
2021-07-27,18.565158671459148,30.246414527211332,0.23052365861183333,0.0,0.0,0.0,0.0,1.0698695536875107,0.0,0.0,0.0,-0.1755418698085498,1.0698695536875107
2021-07-28,18.565158671459148,30.246414527211332,0.0,0.0,0.0,0.0,0.19684093152959647,0.0,0.0,0.0,0.0,0.0,0.0
2021-07-29,18.565158671459148,30.246414527211332,0.0,0.0,0.20871821336308116,0.40855236310570753,0.0,0.0,0.5893067190124892,0.18075435590669509,0.2541182182497083,0.0,-0.4085523631057093
2021-07-30,18.565158671459148,30.246414527211332,0.0,0.0,0.0,0.0,0.0,0.0,0.0,0.0,0.0,0.0,0.0
2021-07-31,18.53816028578929,30.29261954556477,-0.02699838566985946,0.0462050183534366,0.0,0.0,0.0,-1.3392840429083712,0.0,0.0,0.0,-0.1948319184882834,-1.3392840429083677
2021-08-01,18.53816028578929,30.29261954556477,0.0,0.0,0.0,0.0,-0.24382982105917428,0.0,0.0,0.0,0.0,0.0,0.0
2021-08-02,18.53816028578929,30.29261954556477,0.0,0.0,-0.12938236301726747,-0.09305578107174739,0.0,0.0,-0.12119563738471761,-0.028139856312958678,0.2154076449805792,0.0,0.09305578107174739
2021-08-03,18.53816028578929,30.29261954556477,0.0,0.0,0.0,0.0,0.0,0.0,0.0,0.0,0.0,0.0,0.0
2021-08-04,18.400525007940956,30.30492441500735,-0.1376352778483323,0.012304869442580468,0.0,0.0,0.0,0.7548362121690708,0.0,0.0,0.0,0.5313041551094502,0.7548362121690673
2021-08-05,18.400525007940956,30.30492441500735,0.0,0.0,0.0,0.0,0.2588526850027879,0.0,0.0,0.0,0.0,0.0,0.0
2021-08-06,18.400525007940956,30.30492441500735,0.0,0.0,0.14566182321109622,0.08617029624542738,0.0,0.0,0.0992784309475887,0.013108134702156216,-0.2003982913325067,0.0,-0.0861702962454256
2021-08-07,18.400525007940956,30.30492441500735,0.0,0.0,0.0,0.0,0.0,0.0,0.0,0.0,0.0,0.0,0.0
2021-08-08,18.55046515523187,30.30492441500735,0.14994014729091276,0.0,0.0,0.0,0.0,-0.3576502852688357,0.0,0.0,0.0,-0.5223134938132594,-0.3576502852688357
2021-08-09,18.55046515523187,30.30492441500735,0.0,0.0,0.0,0.0,-0.005485267850236397,0.0,0.0,0.0,0.0,0.0,0.0
2021-08-10,18.55046515523187,30.30492441500735,0.0,0.0,0.14859710797896497,0.0006056215663718945,0.0,0.0,0.08808529354145378,0.08747967197504514,-0.047126432551377086,0.0,-0.0006056215663718945
2021-08-11,18.55046515523187,30.30492441500735,0.0,0.0,0.0,0.0,0.0,0.0,0.0,0.0,0.0,0.0,0.0
2021-08-12,18.50514995901983,30.30492441500735,-0.04531519621204083,0.0,0.0,0.0,0.0,0.1815107030284544,0.0,0.0,0.0,0.4502823656043853,0.18151070302845618
2021-08-13,18.50514995901983,30.30492441500735,0.0,0.0,0.0,0.0,0.04535522642087564,0.0,0.0,0.0,0.0,0.0,0.0
2021-08-14,18.50514995901983,30.30492441500735,0.0,0.0,0.010980785150334071,-0.2217095381585228,0.0,0.0,-0.2270833008937423,-0.005373762735217613,-0.2582559250586912,0.0,0.2217095381585228
2021-08-15,18.50514995901983,30.30492441500735,0.0,0.0,0.0,0.0,0.0,0.0,0.0,0.0,0.0,0.0,0.0
2021-08-16,18.639823628923267,30.37547355674125,0.13467366990343876,0.07054914173390259,0.0,0.0,0.0,0.23358802582211524,0.0,0.0,0.0,-0.1557079082758437,0.23358802582211347
2021-08-17,18.639823628923267,30.37547355674125,0.0,0.0,0.0,0.0,-0.03281061741564706,0.0,0.0,0.0,0.0,0.0,0.0
2021-08-18,18.639823628923267,30.37547355674125,0.0,0.0,-0.23031585455009562,0.168047350505935,0.0,0.0,0.30569940964803166,0.13765205914204615,0.49032301074591267,0.0,-0.16804735050593322
2021-08-19,18.639823628923267,30.37547355674125,0.0,0.0,0.0,0.0,0.0,0.0,0.0,0.0,0.0,0.0,0.0
2021-08-20,18.63359307917263,30.37547355674125,-0.006230549750636527,0.0,0.0,0.0,0.0,0.2704723155210793,0.0,0.0,0.0,-0.15860503017661354,0.2704723155210793
2021-08-21,18.63359307917263,30.37547355674125,0.0,0.0,0.0,0.0,-0.10826551717088506,0.0,0.0,0.0,0.0,0.0,0.0
2021-08-22,18.63359307917263,30.37547355674125,0.0,0.0,0.2696662761488966,-0.2603959845132966,0.0,0.0,-0.20417252250644502,0.056223462006831815,-0.3983513826666454,0.0,0.2603959845132948
2021-08-23,18.63359307917263,30.37547355674125,0.0,0.0,0.0,0.0,0.0,0.0,0.0,0.0,0.0,0.0,0.0
2021-08-24,18.595371866352433,30.37547355674125,-0.03822121282019708,0.0,0.0,0.0,0.0,-0.31203019651222164,0.0,0.0,0.0,0.2762533766281172,-0.3120301965122234
2021-08-25,18.595371866352433,30.37547355674125,0.0,0.0,0.0,0.0,0.1363275122427794,0.0,0.0,0.0,0.0,0.0,0.0
2021-08-26,18.595371866352433,30.37547355674125,0.0,0.0,-0.1343881635270563,0.3049041735536431,0.0,0.0,-0.025697533229253722,-0.3306017067827659,0.19533980824978195,0.0,-0.3049041735536431
2021-08-27,18.595371866352433,30.37547355674125,0.0,0.0,0.0,0.0,0.0,0.0,0.0,0.0,0.0,0.0,0.0
2021-08-28,18.631479400928924,30.4997738033532,0.03610753457649096,0.1243002466119485,0.0,0.0,0.0,-0.8217766354497194,0.0,0.0,0.0,-0.2345227041716511,-0.8217766354497158
2021-08-29,18.631479400928924,30.4997738033532,0.0,0.0,0.0,0.0,-0.2933608416426168,0.0,0.0,0.0,0.0,0.0,0.0
2021-08-30,18.631479400928924,30.4997738033532,0.0,0.0,-0.07337062686577411,-0.029970155639650997,0.0,0.0,0.08608852140911516,0.1160586770487152,0.14531324420090255,0.0,0.029970155639650997
2021-08-31,18.631479400928924,30.4997738033532,0.0,0.0,0.0,0.0,0.0,0.0,0.0,0.0,0.0,0.0,0.0
2021-09-01,18.602700436378882,30.4997738033532,-0.028778964550042474,0.0,0.0,0.0,0.0,1.091736854440395,0.0,0.0,0.0,0.6407059451652126,1.0917368544403931
2021-09-02,18.602700436378882,30.4997738033532,0.0,0.0,0.0,0.0,0.4084091685689142,0.0,0.0,0.0,0.0,0.0,0.0
2021-09-03,18.602700436378882,30.4997738033532,0.0,0.0,0.1340046214905044,0.12366890732805302,0.0,0.0,0.4246281072092053,0.3009591998810419,0.07365925468684731,0.0,-0.1236689073280548
2021-09-04,18.602700436378882,30.4997738033532,0.0,0.0,0.0,0.0,0.0,0.0,0.0,0.0,0.0,0.0,0.0
2021-09-05,18.782585938374954,30.4997738033532,0.1798855019960719,0.0,0.0,0.0,0.0,-1.0039969776357616,0.0,0.0,0.0,-0.8607887901281013,-1.0039969776357598
2021-09-06,18.782585938374954,30.4997738033532,0.0,0.0,0.0,0.0,-0.13015958840999886,0.0,0.0,0.0,0.0,0.0,0.0
2021-09-07,18.782585938374954,30.4997738033532,0.0,0.0,0.06481288165527488,-0.026283364155796463,0.0,0.0,0.09345272179090713,0.11973608594667051,-0.10617244005094045,0.0,0.02628336415579824
2021-09-08,18.782585938374954,30.4997738033532,0.0,0.0,0.0,0.0,0.0,0.0,0.0,0.0,0.0,0.0,0.0
2021-09-09,18.647121815356833,30.54419518233115,-0.13546412301812083,0.044421378977951065,0.0,0.0,0.0,0.9891419463233362,0.0,0.0,0.0,0.5608277623898339,0.9891419463233326
2021-09-10,18.647121815356833,30.54419518233115,0.0,0.0,0.0,0.0,0.021236368042188758,0.0,0.0,0.0,0.0,0.0,0.0
2021-09-11,18.647121815356833,30.54419518233115,0.0,0.0,-0.1689868598706532,-0.236124916759767,0.0,0.0,-0.7223240032963503,-0.48619908653641297,-0.051956086089074774,0.0,0.236124916759767
2021-09-12,18.647121815356833,30.54419518233115,0.0,0.0,0.0,0.0,0.0,0.0,0.0,0.0,0.0,0.0,0.0
2021-09-13,18.796045091748937,30.54419518233115,0.1489232763921038,0.0,0.0,0.0,0.0,-0.20353802814753408,0.0,0.0,0.0,-0.3006861568749468,-0.20353802814753053
2021-09-14,18.796045091748937,30.54419518233115,0.0,0.0,0.0,0.0,0.009547131092670469,0.0,0.0,0.0,0.0,0.0,0.0
2021-09-15,18.796045091748937,30.54419518233115,0.0,0.0,0.013370745964916608,0.20801724892048945,0.0,0.0,0.5027693542660199,0.2947521053454185,0.20673806017000346,0.0,-0.20801724892048945
2021-09-16,18.796045091748937,30.54419518233115,0.0,0.0,0.0,0.0,0.0,0.0,0.0,0.0,0.0,0.0,0.0
2021-09-17,18.717573476307443,30.54419518233115,-0.07847161544149373,0.0,0.0,0.0,0.0,-0.27892174976234685,0.0,0.0,0.0,0.1043128466253671,-0.2789217497623486
2021-09-18,18.717573476307443,30.54419518233115,0.0,0.0,0.0,0.0,-0.14047559786147268,0.0,0.0,0.0,0.0,0.0,0.0
2021-09-19,18.717573476307443,30.54419518233115,0.0,0.0,0.11212218634994997,-0.2936574714616569,0.0,0.0,-0.725712025952193,-0.4320545544903579,-0.5473077428839916,0.0,0.2936574714616569
2021-09-20,18.717573476307443,30.54419518233115,0.0,0.0,0.0,0.0,0.0,0.0,0.0,0.0,0.0,0.0,0.0
2021-09-21,18.551085192911106,30.555955130341133,-0.1664882833963368,0.011759948009981258,0.0,0.0,0.0,0.14126449702706267,0.0,0.0,0.0,0.3488614793032081,0.14126449702706267
2021-09-22,18.551085192911106,30.555955130341133,0.0,0.0,0.0,0.0,0.13936459323199735,0.0,0.0,0.0,0.0,0.0,0.0
2021-09-23,18.551085192911106,30.555955130341133,0.0,0.0,-0.0448238744512075,0.29266053287308047,0.0,0.0,0.43427799204160955,0.14161745916846213,0.27730998276384583,0.0,-0.29266053287308047
2021-09-24,18.551085192911106,30.555955130341133,0.0,0.0,0.0,0.0,0.0,0.0,0.0,0.0,0.0,0.0,0.0
2021-09-25,18.728094944780267,30.57533593800671,0.17700975186916068,0.019380807665577038,0.0,0.0,0.0,-0.9349721369279074,0.0,0.0,0.0,-0.6693071694705495,-0.9349721369279056
2021-09-26,18.728094944780267,30.57533593800671,0.0,0.0,0.0,0.0,-0.2670779200048514,0.0,0.0,0.0,0.0,0.0,0.0
2021-09-27,18.728094944780267,30.57533593800671,0.0,0.0,-0.06284722500138429,-0.048873349300221136,0.0,0.0,-0.09539305152832078,-0.04651970222807855,0.03407796838130281,0.0,0.048873349300221136
2021-09-28,18.728094944780267,30.57533593800671,0.0,0.0,0.0,0.0,0.0,0.0,0.0,0.0,0.0,0.0,0.0
2021-09-29,18.625816095659847,30.57533593800671,-0.10227884912042029,0.0,0.0,0.0,0.0,0.6984219199111017,0.0,0.0,0.0,0.3760633474206183,0.6984219199111017
2021-09-30,18.625816095659847,30.57533593800671,0.0,0.0,0.0,0.0,0.35712397275720775,0.0,0.0,0.0,0.0,0.0,0.0
2021-10-01,18.625816095659847,30.57533593800671,0.0,0.0,-0.05551331591104969,0.07948789160789005,0.0,0.0,0.3133141544654965,0.2338262628575103,0.16216975331691152,0.0,-0.07948789160789005
2021-10-02,18.625816095659847,30.57533593800671,0.0,0.0,0.0,0.0,0.0,0.0,0.0,0.0,0.0,0.0,0.0
2021-10-03,18.76891693930052,30.57533593800671,0.1431008436406742,0.0,0.0,0.0,0.0,-0.4125557315755657,0.0,0.0,0.0,-0.22621575035114594,-0.41255573157556746
2021-10-04,18.76891693930052,30.57533593800671,0.0,0.0,0.0,0.0,-0.08351843311841023,0.0,0.0,0.0,0.0,0.0,0.0
2021-10-05,18.76891693930052,30.57533593800671,0.0,0.0,0.24195984235909762,0.12055694254154048,0.0,0.0,0.014543355011749526,-0.10601358752975065,0.030024973897585433,0.0,-0.12055694254154048
2021-10-06,18.76891693930052,30.57533593800671,0.0,0.0,0.0,0.0,0.0,0.0,0.0,0.0,0.0,0.0,0.0
2021-10-07,18.753096889100608,30.621391291524883,-0.015820050199913283,0.0460553535181738,0.0,0.0,0.0,1.2646425527010443,0.0,0.0,0.0,0.6762215296765199,1.264642552701046
2021-10-08,18.753096889100608,30.621391291524883,0.0,0.0,0.0,0.0,0.059207346661230176,0.0,0.0,0.0,0.0,0.0,0.0
2021-10-09,18.753096889100608,30.621391291524883,0.0,0.0,0.0011035663716931765,-0.2386265281542297,0.0,0.0,0.048336724933326636,0.28696325308745296,0.011799927482819078,0.0,0.2386265281542279
2021-10-10,18.753096889100608,30.621391291524883,0.0,0.0,0.0,0.0,0.0,0.0,0.0,0.0,0.0,0.0,0.0
2021-10-11,18.787943620430777,30.621391291524883,0.03484673133016969,0.0,0.0,0.0,0.0,-0.3187865287895342,0.0,0.0,0.0,-0.34425493271772556,-0.31878652878953595
2021-10-12,18.787943620430777,30.621391291524883,0.0,0.0,0.0,0.0,-0.023652833713397214,0.0,0.0,0.0,0.0,0.0,0.0
2021-10-13,18.787943620430777,30.621391291524883,0.0,0.0,0.1437849162273288,0.16003645479437978,0.0,0.0,0.1577033860628756,-0.0023330687315006315,-0.1525829961055919,0.0,-0.160036454794378
2021-10-14,18.787943620430777,30.621391291524883,0.0,0.0,0.0,0.0,0.0,0.0,0.0,0.0,0.0,0.0,0.0
2021-10-15,18.753096889100608,30.621391291524883,-0.03484673133016969,0.0,0.0,0.0,0.0,0.4568858108544127,0.0,0.0,0.0,-0.012623242600594775,0.4568858108544127
2021-10-16,18.753096889100608,30.621391291524883,0.0,0.0,0.0,0.0,0.0005372155446821125,0.0,0.0,0.0,0.0,0.0,0.0
2021-10-17,18.753096889100608,30.621391291524883,0.0,0.0,0.022333045466290002,-0.2913993941608144,0.0,0.0,-0.31115767168081376,-0.01975827751999537,-0.20357586058921356,0.0,0.2913993941608126
2021-10-18,18.753096889100608,30.621391291524883,0.0,0.0,0.0,0.0,0.0,0.0,0.0,0.0,0.0,0.0,0.0
2021-10-19,18.857238743839996,30.630867919723194,0.10414185473938886,0.009476628198310522,0.0,0.0,0.0,-0.057050731136484956,0.0,0.0,0.0,-0.01846206283973295,-0.05705073113648318
2021-10-20,18.857238743839996,30.630867919723194,0.0,0.0,0.0,0.0,0.056359988813056816,0.0,0.0,0.0,0.0,0.0,0.0
2021-10-21,18.857238743839996,30.630867919723194,0.0,0.0,-0.0122366085477843,0.3959035851441399,0.0,0.0,0.6360372513799941,0.2401336662357878,0.5155950804604948,0.0,-0.39590358514413815
2021-10-22,18.857238743839996,30.630867919723194,0.0,0.0,0.0,0.0,0.0,0.0,0.0,0.0,0.0,0.0,0.0
2021-10-23,18.790547369341322,30.630867919723194,-0.06669137449867435,0.0,0.0,0.0,0.0,-1.0221133217167875,0.0,0.0,0.0,-0.28699217935780186,-1.022113321716791
2021-10-24,18.790547369341322,30.630867919723194,0.0,0.0,0.0,0.0,-0.25066776813574165,0.0,0.0,0.0,0.0,0.0,0.0
2021-10-25,18.790547369341322,30.630867919723194,0.0,0.0,0.2019871073552153,-0.11927443697618045,0.0,0.0,-0.3918560670867812,-0.2725816301105224,-0.31707907428146787,0.0,0.11927443697618223
2021-10-26,18.790547369341322,30.630867919723194,0.0,0.0,0.0,0.0,0.0,0.0,0.0,0.0,0.0,0.0,0.0
2021-10-27,18.870059432269056,30.630867919723194,0.0795120629277335,0.0,0.0,0.0,0.0,0.8013062253136205,0.0,0.0,0.0,-0.058213737232114315,0.8013062253136205
2021-10-28,18.870059432269056,30.630867919723194,0.0,0.0,0.0,0.0,0.30105496504014795,0.0,0.0,0.0,0.0,0.0,0.0
2021-10-29,18.870059432269056,30.630867919723194,0.0,0.0,-0.08439377396062042,0.07134642960922477,0.0,0.0,0.10436380735045603,0.033017377741220155,-0.03173638579736404,0.0,-0.07134642960922655
2021-10-30,18.870059432269056,30.630867919723194,0.0,0.0,0.0,0.0,0.0,0.0,0.0,0.0,0.0,0.0,0.0
2021-10-31,18.758404334085853,30.640984693757606,-0.11165509818320274,0.01011677403441169,0.0,0.0,0.0,-0.6918943670488815,0.0,0.0,0.0,0.13133600206106522,-0.691894367048878
2021-11-01,18.758404334085853,30.640984693757606,0.0,0.0,0.0,0.0,-0.024072802498876555,0.0,0.0,0.0,0.0,0.0,0.0
2021-11-02,18.758404334085853,30.640984693757606,0.0,0.0,-0.08437178528632572,-0.02762741308729133,0.0,0.0,0.11859540756768538,0.14622282065493386,0.15835795998356222,0.0,0.02762741308729133
2021-11-03,18.758404334085853,30.640984693757606,0.0,0.0,0.0,0.0,0.0,0.0,0.0,0.0,0.0,0.0,0.0
2021-11-04,18.852248446729682,30.70645810927222,0.09384411264382919,0.06547341551461372,0.0,0.0,0.0,0.4478530274221093,0.0,0.0,0.0,0.26038993016373824,0.44785302742210753
2021-11-05,18.852248446729682,30.70645810927222,0.0,0.0,0.0,0.0,-0.014867133975741353,0.0,0.0,0.0,0.0,0.0,0.0
2021-11-06,18.852248446729682,30.70645810927222,0.0,0.0,-0.056984215004863614,-0.23026615284018703,0.0,0.0,-0.5171628513993092,-0.2868966985590311,-0.30574248966233525,0.0,0.23026615284018703
2021-11-07,18.852248446729682,30.70645810927222,0.0,0.0,0.0,0.0,0.0,0.0,0.0,0.0,0.0,0.0,0.0
2021-11-08,18.794678594908206,30.70645810927222,-0.05756985182147645,0.0,0.0,0.0,0.0,0.4916612781280172,0.0,0.0,0.0,0.09243144445895846,0.4916612781280172
2021-11-09,18.794678594908206,30.70645810927222,0.0,0.0,0.0,0.0,0.0994449364355976,0.0,0.0,0.0,0.0,0.0,0.0
2021-11-10,18.794678594908206,30.70645810927222,0.0,0.0,0.06785254725548029,0.2423747116654642,0.0,0.0,0.6320337953434585,0.38965908367787616,0.3918750874460848,0.0,-0.2423747116654642
2021-11-11,18.794678594908206,30.70645810927222,0.0,0.0,0.0,0.0,0.0,0.0,0.0,0.0,0.0,0.0,0.0
2021-11-12,18.845230874071035,30.70645810927222,0.05055227916282945,0.0,0.0,0.0,0.0,-0.22357237778831873,0.0,0.0,0.0,-0.14726751633550217,-0.2235723777883205
2021-11-13,18.845230874071035,30.70645810927222,0.0,0.0,0.0,0.0,-0.23794567381265175,0.0,0.0,0.0,0.0,0.0,0.0
2021-11-14,18.845230874071035,30.70645810927222,0.0,0.0,0.029165217887189954,-0.2954758399027124,0.0,0.0,-0.7789848170050018,-0.48350897710213736,-0.4365541411169086,0.0,0.2954758399027142
2021-11-15,18.845230874071035,30.70645810927222,0.0,0.0,0.0,0.0,0.0,0.0,0.0,0.0,0.0,0.0,0.0
2021-11-16,18.945827548392455,30.752246547098643,0.1005966743214195,0.045788437826423944,0.0,0.0,0.0,0.5119229273895698,0.0,0.0,0.0,-0.07475054245694635,0.5119229273895698
2021-11-17,18.945827548392455,30.752246547098643,0.0,0.0,0.0,0.0,0.12086134120838388,0.0,0.0,0.0,0.0,0.0,0.0
2021-11-18,18.945827548392455,30.752246547098643,0.0,0.0,-0.19515188210484524,0.2714098061555976,0.0,0.0,0.2021516200354352,-0.06925818612013401,0.36426706457422764,0.0,-0.2714098061555976
2021-11-19,18.945827548392455,30.752246547098643,0.0,0.0,0.0,0.0,0.0,0.0,0.0,0.0,0.0,0.0,0.0
2021-11-20,18.91192599671677,30.752246547098643,-0.033901551675683095,0.0,0.0,0.0,0.0,-1.291840670130945,0.0,0.0,0.0,-0.0918291813984784,-1.291840670130945
2021-11-21,18.91192599671677,30.752246547098643,0.0,0.0,0.0,0.0,-0.1898010994970516,0.0,0.0,0.0,0.0,0.0,0.0
2021-11-22,18.91192599671677,30.752246547098643,0.0,0.0,-0.047614673696820375,-0.05132427916712956,0.0,0.0,0.019375495931329922,0.07069977509843228,-0.05902837483095977,0.0,0.05132427916713134
2021-11-23,18.91192599671677,30.752246547098643,0.0,0.0,0.0,0.0,0.0,0.0,0.0,0.0,0.0,0.0,0.0
2021-11-24,18.991438059644505,30.752246547098643,0.0795120629277335,0.0,0.0,0.0,0.0,0.6811289282810336,0.0,0.0,0.0,0.0816538533568274,0.6811289282810318
2021-11-25,18.991438059644505,30.752246547098643,0.0,0.0,0.0,0.0,0.2345702930522382,0.0,0.0,0.0,0.0,0.0,0.0
2021-11-26,18.991438059644505,30.752246547098643,0.0,0.0,-0.0968192722287533,0.04715726547181376,0.0,0.0,0.13515769063409877,0.08800042516225126,0.11639325939421477,0.0,-0.047157265471815535
2021-11-27,18.991438059644505,30.752246547098643,0.0,0.0,0.0,0.0,0.0,0.0,0.0,0.0,0.0,0.0,0.0
2021-11-28,18.860386986505734,30.742967346177487,-0.13105107313877085,-0.009279200921156416,0.0,0.0,0.0,-1.1113127662358302,0.0,0.0,0.0,-0.4134514597407444,-1.1113127662358284
2021-11-29,18.860386986505734,30.742967346177487,0.0,0.0,0.0,0.0,-0.018481773829693182,0.0,0.0,0.0,0.0,0.0,0.0
2021-11-30,18.860386986505734,30.742967346177487,0.0,0.0,0.046241004601231595,0.004197639325909108,0.0,0.0,-0.10809401164497778,-0.11229165097084448,-0.07623299258667515,0.0,-0.004197639325909108
2021-12-01,18.860386986505734,30.742967346177487,0.0,0.0,0.0,0.0,0.0,0.0,0.0,0.0,0.0,0.0,0.0
2021-12-02,18.963576411715618,30.737205587598815,0.10318942520988372,-0.005761758578671561,0.0,0.0,0.0,1.4095773786723207,0.0,0.0,0.0,0.6420347343507444,1.4095773786723225
2021-12-03,18.963576411715618,30.737205587598815,0.0,0.0,0.0,0.0,0.015234256445880945,0.0,0.0,0.0,0.0,0.0,0.0
2021-12-04,18.963576411715618,30.737205587598815,0.0,0.0,-0.00981062725889359,-0.14710793155622248,0.0,0.0,0.15737571235234427,0.3044836439084597,-0.13063233085645176,0.0,0.1471079315562207
2021-12-05,18.963576411715618,30.737205587598815,0.0,0.0,0.0,0.0,0.0,0.0,0.0,0.0,0.0,0.0,0.0
2021-12-06,19.067645771609826,30.737205587598815,0.10406935989420774,0.0,0.0,0.0,0.0,-0.0147693041027388,0.0,0.0,0.0,-0.6132435839667387,-0.0147693041027388
2021-12-07,19.067645771609826,30.737205587598815,0.0,0.0,0.0,0.0,-0.018279102798221203,0.0,0.0,0.0,0.0,0.0,0.0
2021-12-08,19.067645771609826,30.737205587598815,0.0,0.0,0.09532111494734608,0.04785977902919747,0.0,0.0,-0.49139307048567105,-0.5392528495146538,-0.13744583982287048,0.0,-0.04785977902919747
2021-12-09,19.067645771609826,30.737205587598815,0.0,0.0,0.0,0.0,0.0,0.0,0.0,0.0,0.0,0.0,0.0
2021-12-10,18.970007302045907,30.737205587598815,-0.0976384695639183,0.0,0.0,0.0,0.0,-0.4878129772049,0.0,0.0,0.0,0.2665931424298149,-0.48781297720489825
2021-12-11,18.970007302045907,30.737205587598815,0.0,0.0,0.0,0.0,-0.19071325470422096,0.0,0.0,0.0,0.0,0.0,0.0
2021-12-12,18.970007302045907,30.737205587598815,0.0,0.0,-0.196726574829178,-0.21416515124570523,0.0,0.0,-0.47224270953300795,-0.25807755828715223,-0.09759992191375695,0.0,0.21416515124570523
2021-12-13,18.970007302045907,30.737205587598815,0.0,0.0,0.0,0.0,0.0,0.0,0.0,0.0,0.0,0.0,0.0
2021-12-14,18.997336958218867,30.817178977257196,0.02732965617295946,0.07997338965838097,0.0,0.0,0.0,0.0,0.0,0.0,0.0,-0.08260352853519692,0.0
2021-12-15,18.997336958218867,30.817178977257196,0.0,0.0,0.0,0.0,0.165996481671554,-0.23147444512708404,0.0,0.0,0.0,0.0,-0.23147444512708581
2021-12-16,18.997336958218867,30.817178977257196,0.0,0.0,-0.20271679773096452,0.1762372025031258,0.0,0.0,0.45625736273317585,0.280020160229887,0.390190373943963,0.0,-0.1762372025031258
2021-12-17,18.997336958218867,30.817178977257196,0.0,0.0,0.0,0.0,0.0,0.0,0.0,0.0,0.0,0.0,0.0
2021-12-18,18.85215494837437,30.817178977257196,-0.14518200984449692,0.0,0.0,0.0,0.0,0.0,0.0,0.0,0.0,0.29028285415179655,0.0
2021-12-19,18.85215494837437,30.817178977257196,0.0,0.0,0.0,0.0,-0.2377575106110843,-1.1285038852186382,0.0,0.0,0.0,0.0,-1.1285038852186382
2021-12-20,18.85215494837437,30.817178977257196,0.0,0.0,0.17661451683702367,0.04106832843132935,0.0,0.0,0.0031258452672382475,-0.03794248316407245,-0.021039224657866507,0.0,-0.041068328431331125
2021-12-21,18.85215494837437,30.817178977257196,0.0,0.0,0.0,0.0,0.0,0.0,0.0,0.0,0.0,0.0,0.0
2021-12-22,18.997336958218867,30.817178977257196,0.14518200984449692,0.0,0.0,0.0,0.0,0.0,0.0,0.0,0.0,-0.09531017980431278,0.0
2021-12-23,18.997336958218867,30.817178977257196,0.0,0.0,0.0,0.0,0.28797194966818473,0.0,0.0,0.0,0.0,0.0,0.0
2021-12-24,18.997336958218867,30.817178977257196,0.0,0.0,0.14520351541553467,-0.024197786601488858,0.0,0.0,0.18363487846669813,0.20783266506809084,-0.007359801592908388,0.0,0.024197786601490634
2021-12-25,18.997336958218867,30.817178977257196,0.0,0.0,0.0,0.0,0.0,1.5102121045039318,0.0,0.0,0.0,0.0,1.5102121045039336
2021-12-26,18.90114372377768,30.820358216629213,-0.09619323444118777,0.0031792393720166956,0.0,0.0,0.0,0.0,0.0,0.0,0.0,-0.10472579649972014,0.0
2021-12-27,18.90114372377768,30.820358216629213,0.0,0.0,0.0,0.0,-0.09882501307451363,0.0,0.0,0.0,0.0,0.0,0.0
2021-12-28,18.90114372377768,30.820358216629213,0.0,0.0,-0.1259608614568286,0.01846866198590469,0.0,0.0,0.38356988614199494,0.36510122415596136,0.17118469445469056,0.0,-0.01846866198590469
2021-12-29,18.90114372377768,30.820358216629213,0.0,0.0,0.0,0.0,0.0,0.14656001602014257,0.0,0.0,0.0,0.0,0.1465600160201408
2021-12-30,18.782427416938297,30.820358216629213,-0.1187163068393815,0.0,0.0,0.0,0.0,0.0,0.0,0.0,0.0,0.31521823026034523,0.0
2021-12-31,18.782427416938297,30.820358216629213,0.0,0.0,0.0,0.0,0.042581063112393736,0.0,0.0,0.0,0.0,0.0,0.0
2022-01-01,18.782427416938297,30.820358216629213,0.0,0.0,0.14545681167995284,-0.3511004901275214,0.0,0.0,-0.7428856358667151,-0.39178514573905376,-0.7457368739631203,0.0,0.3511004901275214
2022-01-02,18.782427416938297,30.820358216629213,0.0,0.0,0.0,0.0,0.0,-1.4599278696329527,0.0,0.0,0.0,0.0,-1.459927869632951
2022-01-03,18.944946346436073,30.820358216629213,0.16251892949777513,0.0,0.0,0.0,0.0,0.0,0.0,0.0,0.0,-0.23419981756259056,0.0
2022-01-04,18.944946346436073,30.820358216629213,0.0,0.0,0.0,0.0,-0.03300214600431417,0.0,0.0,0.0,0.0,0.0,0.0
2022-01-05,18.944946346436073,30.820358216629213,0.0,0.0,-0.1371244897180688,0.376151234852264,0.0,0.0,0.5226892640119747,0.14653802915965253,0.5710409985500331,0.0,-0.376151234852264
2022-01-06,18.944946346436073,30.820358216629213,0.0,0.0,0.0,0.0,0.0,1.4190093914178874,0.0,0.0,0.0,0.0,1.4190093914178874
2022-01-07,18.944946346436073,30.820358216629213,0.0,0.0,0.0,0.0,0.0,0.0,0.0,0.0,0.0,0.07494353369965112,0.0
2022-01-08,18.944946346436073,30.820358216629213,0.0,0.0,0.0,0.0,-0.1410909765524586,0.0,0.0,0.0,0.0,0.0,0.0
2022-01-09,18.944946346436073,30.820358216629213,0.0,0.0,-0.16511880084589592,-0.2585835055770964,0.0,0.0,-0.7954063930565081,-0.5368228874791456,-0.2840991598408639,0.0,0.2585835055770964
2022-01-10,18.944946346436073,30.820358216629213,0.0,0.0,0.0,0.0,0.0,-0.33702573293003013,0.0,0.0,0.0,0.0,-0.3370257329300319
2022-01-11,19.069991643866064,30.824450903641544,0.12504529742999182,0.004092687012331453,0.0,0.0,0.0,0.0,0.0,0.0,0.0,-0.15850324382607783,0.0
2022-01-12,19.069991643866064,30.824450903641544,0.0,0.0,0.0,0.0,0.14013837991976708,0.0,0.0,0.0,0.0,0.0,0.0
2022-01-13,19.069991643866064,30.824450903641544,0.0,0.0,0.29124932315720997,0.2672176529098085,0.0,0.0,0.3351464244745994,0.06792877156474897,0.02207707953301523,0.0,-0.2672176529098085
2022-01-14,19.069991643866064,30.824450903641544,0.0,0.0,0.0,0.0,0.0,-0.06035514259450281,0.0,0.0,0.0,0.0,-0.06035514259450281
2022-01-15,19.119384399195642,30.824450903641544,0.04939275532957765,0.0,0.0,0.0,0.0,0.0,0.0,0.0,0.0,-0.4266809472583557,0.0
2022-01-16,19.119384399195642,30.824450903641544,0.0,0.0,0.0,0.0,-0.17655929240572732,0.0,0.0,0.0,0.0,0.0,0.0
2022-01-17,19.119384399195642,30.824450903641544,0.0,0.0,-0.12520221163917,-0.06149995699892408,0.0,0.0,-0.15722418310020814,-0.095724226101226,0.1575216331845007,0.0,0.0614999569989223
2022-01-18,19.119384399195642,30.824450903641544,0.0,0.0,0.0,0.0,0.0,-0.1511448824917352,0.0,0.0,0.0,0.0,-0.1511448824917334
2022-01-19,19.160688205336875,30.824450903641544,0.04130380614123297,0.0,0.0,0.0,0.0,0.0,0.0,0.0,0.0,0.06599944177723094,0.0
2022-01-20,19.160688205336875,30.824450903641544,0.0,0.0,0.0,0.0,0.18197317472675323,0.0,0.0,0.0,0.0,0.0,0.0
2022-01-21,19.160688205336875,30.824450903641544,0.0,0.0,-0.2829325698359817,0.05357471304445838,0.0,0.0,0.1815393532603462,0.1279646402158099,0.23734038521519762,0.0,-0.0535747130444566
2022-01-22,19.160688205336875,30.824450903641544,0.0,0.0,0.0,0.0,0.0,0.41576225684835677,0.0,0.0,0.0,0.0,0.415762256848355
2022-01-23,19.04526011871568,30.91355452113996,-0.11542808662119342,0.08910361749841655,0.0,0.0,0.0,0.0,0.0,0.0,0.0,0.12666480579113792,0.0
2022-01-24,19.04526011871568,30.91355452113996,0.0,0.0,0.0,0.0,-0.021832148288007502,0.0,0.0,0.0,0.0,0.0,0.0
2022-01-25,19.04526011871568,30.91355452113996,0.0,0.0,0.06196696570301796,-0.0268679320728058,0.0,0.0,-0.16876140698787978,-0.14189347491498577,-0.27354409258063217,0.0,0.0268679320728058
2022-01-26,19.04526011871568,30.91355452113996,0.0,0.0,0.0,0.0,0.0,-0.10652040524913886,0.0,0.0,0.0,0.0,-0.10652040524913708
2022-01-27,18.971697551538664,30.91355452113996,-0.07356256717701726,0.0,0.0,0.0,0.0,0.0,0.0,0.0,0.0,0.6128364841402438,0.0
2022-01-28,18.971697551538664,30.91355452113996,0.0,0.0,0.0,0.0,0.017413473032329208,0.0,0.0,0.0,0.0,0.0,0.0
2022-01-29,18.971697551538664,30.91355452113996,0.0,0.0,0.016868905516066235,-0.137630529080786,0.0,0.0,0.16123895728969195,0.29886948637030447,-0.02703436056239611,0.0,0.13763052908078421
2022-01-30,18.971697551538664,30.91355452113996,0.0,0.0,0.0,0.0,0.0,0.3133357307733675,0.0,0.0,0.0,0.0,0.3133357307733675
2022-01-31,19.05934485859742,30.91355452113996,0.08764730705875579,0.0,0.0,0.0,0.0,0.0,0.0,0.0,0.0,-0.21923135332289245,0.0
2022-02-01,19.05934485859742,30.91355452113996,0.0,0.0,0.0,0.0,0.010471009069490833,0.0,0.0,0.0,0.0,0.0,0.0
2022-02-02,19.05934485859742,30.91355452113996,0.0,0.0,0.032429422673093455,0.18857581777790244,0.0,0.0,0.0025347213196962315,-0.18604109645810396,0.13140299957118487,0.0,-0.18857581777790244
2022-02-03,19.05934485859742,30.91355452113996,0.0,0.0,0.0,0.0,0.0,-0.5263779398715407,0.0,0.0,0.0,0.0,-0.5263779398715407
2022-02-04,18.96559159689086,30.915111439237723,-0.09375326170655995,0.00155691809776215,0.0,0.0,0.0,0.0,0.0,0.0,0.0,-0.0087146521024426,0.0
2022-02-05,18.96559159689086,30.915111439237723,0.0,0.0,0.0,0.0,-0.021329055485153958,0.0,0.0,0.0,0.0,0.0,0.0
2022-02-06,18.96559159689086,30.915111439237723,0.0,0.0,0.10598956730257925,-0.24119171020302232,0.0,0.0,-0.09040645310740736,0.15078525709553248,-0.09171520300307909,0.0,0.24119171020302055
2022-02-07,18.96559159689086,30.915111439237723,0.0,0.0,0.0,0.0,0.0,0.343677469222726,0.0,0.0,0.0,0.0,0.34367746922272957
2022-02-08,19.135228069819295,30.915329760208113,0.16963647292843476,0.00021832097039009568,0.0,0.0,0.0,0.0,0.0,0.0,0.0,-0.0021905813798182017,0.0
2022-02-09,19.135228069819295,30.915329760208113,0.0,0.0,0.0,0.0,-0.01481550699950418,0.0,0.0,0.0,0.0,0.0,0.0
2022-02-10,19.135228069819295,30.915329760208113,0.0,0.0,0.0156482289007549,0.17383736870378463,0.0,0.0,0.7124710618210486,0.5386336931170491,0.2455960841947725,0.0,-0.1738373687037864
2022-02-11,19.135228069819295,30.915329760208113,0.0,0.0,0.0,0.0,0.0,0.15902667409265447,0.0,0.0,0.0,0.0,0.1590266740926527
2022-02-12,19.329384084260255,30.915329760208113,0.19415601444095998,0.0,0.0,0.0,0.0,0.0,0.0,0.0,0.0,-0.538996500732593,0.0
2022-02-13,19.329384084260255,30.915329760208113,0.0,0.0,0.0,0.0,-0.11628438080390424,0.0,0.0,0.0,0.0,0.0,0.0
2022-02-14,19.329384084260255,30.915329760208113,0.0,0.0,-0.01911057395820137,-0.05202144532521302,0.0,0.0,-0.6120613914521424,-0.5600399461267037,-0.27181943796429453,0.0,0.05202144532521302
2022-02-15,19.329384084260255,30.915329760208113,0.0,0.0,0.0,0.0,0.0,-0.051282405109351004,0.0,0.0,0.0,0.0,-0.05128240510934923
2022-02-16,19.148131474655205,30.915329760208113,-0.18125260960504974,0.0,0.0,0.0,0.0,0.0,0.0,0.0,0.0,0.30538164955112235,0.0
2022-02-17,19.148131474655205,30.915329760208113,0.0,0.0,0.0,0.0,0.11941658688715506,0.0,0.0,0.0,0.0,0.0,0.0
2022-02-18,19.148131474655205,30.915329760208113,0.0,0.0,-0.17633322597113477,0.05294888298127276,0.0,0.0,-0.21590032087846645,-0.2688492038595775,0.2028197301986991,0.0,-0.05294888298127276
2022-02-19,19.148131474655205,30.915329760208113,0.0,0.0,0.0,0.0,0.0,-1.3068595779254437,0.0,0.0,0.0,0.0,-1.3068595779254437
2022-02-20,19.11481082038726,30.9620518136137,-0.03332065426794628,0.046722053405588326,0.0,0.0,0.0,0.0,0.0,0.0,0.0,-0.2904559993344502,0.0
2022-02-21,19.11481082038726,30.9620518136137,0.0,0.0,0.0,0.0,-0.07774357945349308,0.0,0.0,0.0,0.0,0.0,0.0
2022-02-22,19.11481082038726,30.9620518136137,0.0,0.0,0.0738962269462462,-0.003030770370278546,0.0,0.0,-0.09660943170086433,-0.09357866133051918,-0.16614029319241677,0.0,0.0030307703702767697
2022-02-23,19.11481082038726,30.9620518136137,0.0,0.0,0.0,0.0,0.0,0.6202694368473516,0.0,0.0,0.0,0.0,0.6202694368473534
2022-02-24,19.02779944339763,30.9620518136137,-0.08701137698962924,0.0,0.0,0.0,0.0,0.0,0.0,0.0,0.0,0.6374582746992519,0.0
2022-02-25,19.02779944339763,30.9620518136137,0.0,0.0,0.0,0.0,0.11029636967146317,0.0,0.0,0.0,0.0,0.0,0.0
2022-02-26,19.02779944339763,30.9620518136137,0.0,0.0,-0.08269689188989915,-0.16615191517078465,0.0,0.0,-0.1792710578627812,-0.013119142691985275,0.05949924406625337,0.0,0.16615191517078642
2022-02-27,19.02779944339763,30.9620518136137,0.0,0.0,0.0,0.0,0.0,-0.49254921806859997,0.0,0.0,0.0,0.0,-0.49254921806859997
2022-02-28,19.181950123224887,30.9620518136137,0.15415067982725716,0.0,0.0,0.0,0.0,0.0,0.0,0.0,0.0,-0.35954599384332986,0.0
2022-03-01,19.181950123224887,30.9620518136137,0.0,0.0,0.0,0.0,0.05023498030019091,0.0,0.0,0.0,0.0,0.0,0.0
2022-03-02,19.181950123224887,30.9620518136137,0.0,0.0,0.1340045721832901,0.26969070448473254,0.0,0.0,1.4974605580221034,1.2277698535368295,0.267307187017159,0.0,-0.26969070448473254
2022-03-03,19.181950123224887,30.9620518136137,0.0,0.0,0.0,0.0,0.0,0.9083038819515785,0.0,0.0,0.0,0.0,0.9083038819515785
2022-03-04,19.064455345661255,30.94703570533301,-0.11749477756363191,-0.015016108280690332,0.0,0.0,0.0,0.0,0.0,0.0,0.0,0.36783266080933363,0.0
2022-03-05,19.064455345661255,30.94703570533301,0.0,0.0,0.0,0.0,-0.19469696662386582,0.0,0.0,0.0,0.0,0.0,0.0
2022-03-06,19.064455345661255,30.94703570533301,0.0,0.0,-0.1819903275331498,-0.33196010925475683,0.0,0.0,-1.251140780713671,-0.9191806714585758,-0.35460961468972174,0.0,0.33196010925475683
2022-03-07,19.064455345661255,30.94703570533301,0.0,0.0,0.0,0.0,0.0,-0.0013901621365128847,0.0,0.0,0.0,0.0,-0.0013901621365128847
2022-03-08,19.127193686294678,30.94703570533301,0.0627383406334232,0.0,0.0,0.0,0.0,0.0,0.0,0.0,0.0,-0.26972135872531267,0.0
2022-03-09,19.127193686294678,30.94703570533301,0.0,0.0,0.0,0.0,0.16592334375482665,0.0,0.0,0.0,0.0,0.0,0.0
2022-03-10,19.127193686294678,30.94703570533301,0.0,0.0,0.12127536422095986,0.23335791705210696,0.0,0.0,0.22437748830281024,-0.00898042874929128,0.18223246664395476,0.0,-0.23335791705210696
2022-03-11,19.127193686294678,30.94703570533301,0.0,0.0,0.0,0.0,0.0,0.1425536067596198,0.0,0.0,0.0,0.0,0.1425536067596198
2022-03-12,19.1798374197801,30.94703570533301,0.05264373348542151,0.0,0.0,0.0,0.0,0.0,0.0,0.0,0.0,-0.3778771515892654,0.0
2022-03-13,19.1798374197801,30.94703570533301,0.0,0.0,0.0,0.0,-0.23629993868235744,0.0,0.0,0.0,0.0,0.0,0.0
2022-03-14,19.1798374197801,30.94703570533301,0.0,0.0,0.02330738721086334,-0.007525772118935237,0.0,0.0,-0.14433601654618045,-0.13681024442716316,-0.12562607101893417,0.0,0.007525772118935237
2022-03-15,19.1798374197801,30.94703570533301,0.0,0.0,0.0,0.0,0.0,-0.398191948299786,0.0,0.0,0.0,0.0,-0.39819194829978777
2022-03-16,19.17340652944981,30.94703570533301,-0.006430890330289429,0.0,0.0,0.0,0.0,0.0,0.0,0.0,0.0,0.5604105952364078,0.0
2022-03-17,19.17340652944981,30.94703570533301,0.0,0.0,0.0,0.0,0.2930867582826373,0.0,0.0,0.0,0.0,0.0,0.0
2022-03-18,19.17340652944981,30.94703570533301,0.0,0.0,-0.01130911711892324,0.0066268887774487695,0.0,0.0,0.0810187542153713,0.07439186543787613,0.12483204117736085,0.0,-0.0066268887774487695
2022-03-19,19.17340652944981,30.94703570533301,0.0,0.0,0.0,0.0,0.0,-0.46179563499322995,0.0,0.0,0.0,0.0,-0.4617956349932282
2022-03-20,19.163384229667578,30.943485920056393,-0.010022299782232125,-0.0035497852766184224,0.0,0.0,0.0,0.0,0.0,0.0,0.0,-0.5097668624176639,0.0
2022-03-21,19.163384229667578,30.943485920056393,0.0,0.0,0.0,0.0,-0.11342678010749907,0.0,0.0,0.0,0.0,0.0,0.0
2022-03-22,19.163384229667578,30.943485920056393,0.0,0.0,0.07628250956669902,0.012364030351466937,0.0,0.0,0.056288154005539326,0.04392412365404508,-0.13887123887420483,0.0,-0.012364030351466937
2022-03-23,19.163384229667578,30.943485920056393,0.0,0.0,0.0,0.0,0.0,0.5755302768919961,0.0,0.0,0.0,0.0,0.5755302768919943
2022-03-24,19.089276257513855,30.943485920056393,-0.07410797215372256,0.0,0.0,0.0,0.0,0.0,0.0,0.0,0.0,0.5348727835487375,0.0
2022-03-25,19.089276257513855,30.943485920056393,0.0,0.0,0.0,0.0,0.12617675450868227,0.0,0.0,0.0,0.0,0.0,0.0
2022-03-26,19.089276257513855,30.943485920056393,0.0,0.0,0.1338283870436392,-0.13555018619092785,0.0,0.0,-0.21147244391902298,-0.07592225772804889,-0.1893488456088843,0.0,0.13555018619092962
2022-03-27,19.089276257513855,30.943485920056393,0.0,0.0,0.0,0.0,0.0,0.029392022275267493,0.0,0.0,0.0,0.0,0.029392022275265717
2022-03-28,19.19533582947418,30.943485920056393,0.10605957196032278,0.0,0.0,0.0,0.0,0.0,0.0,0.0,0.0,-0.1634916922203753,0.0
2022-03-29,19.19533582947418,30.943485920056393,0.0,0.0,0.0,0.0,-0.06350258478235205,0.0,0.0,0.0,0.0,0.0,0.0
2022-03-30,19.19533582947418,30.943485920056393,0.0,0.0,-0.12161424285699596,0.16642160190754396,0.0,0.0,0.35090121560968157,0.18447961370203275,0.359543443451572,0.0,-0.16642160190754396
2022-03-31,19.19533582947418,30.943485920056393,0.0,0.0,0.0,0.0,0.0,0.6380721644419225,0.0,0.0,0.0,0.0,0.6380721644419207
2022-04-01,19.115684231930484,30.98397863435476,-0.07965159754369466,0.04049271429836665,0.0,0.0,0.0,0.0,0.0,0.0,0.0,0.20299049766235555,0.0
2022-04-02,19.115684231930484,30.98397863435476,0.0,0.0,0.0,0.0,-0.06709718169594048,0.0,0.0,0.0,0.0,0.0,0.0
2022-04-03,19.115684231930484,30.98397863435476,0.0,0.0,0.008386611674769284,-0.1903695701371806,0.0,0.0,-0.08734463779977908,0.1030249323373501,-0.21883342242465426,0.0,0.1903695701371806
2022-04-04,19.115684231930484,30.98397863435476,0.0,0.0,0.0,0.0,0.0,-0.4496199603682385,0.0,0.0,0.0,0.0,-0.4496199603682385
2022-04-05,19.143658083972888,30.98397863435476,0.02797385204240399,0.0,0.0,0.0,0.0,0.0,0.0,0.0,0.0,-0.06672561814219113,0.0
2022-04-06,19.143658083972888,30.98397863435476,0.0,0.0,0.0,0.0,0.008038673329540558,0.0,0.0,0.0,0.0,0.0,0.0
2022-04-07,19.143658083972888,30.98397863435476,0.0,0.0,-0.05720166762820966,0.17760817925352512,0.0,0.0,-0.10024249892582837,-0.2778506781792037,0.1866843335330881,0.0,-0.17760817925352512
2022-04-08,19.143658083972888,30.98397863435476,0.0,0.0,0.0,0.0,0.0,-0.427232648106461,0.0,0.0,0.0,0.0,-0.4272326481064592
2022-04-09,19.19736226294475,30.98397863435476,0.05370417897186286,0.0,0.0,0.0,0.0,0.0,0.0,0.0,0.0,-0.3407275621912995,0.0
2022-04-10,19.19736226294475,30.98397863435476,0.0,0.0,0.0,0.0,-0.18860589968260477,0.0,0.0,0.0,0.0,0.0,0.0
2022-04-11,19.19736226294475,30.98397863435476,0.0,0.0,-0.07151802083184222,0.026443456664575038,0.0,0.0,-0.014478543505799024,-0.040922000170347195,0.020326089485788706,0.0,-0.026443456664575038
2022-04-12,19.19736226294475,30.98397863435476,0.0,0.0,0.0,0.0,0.0,0.09942383384969133,0.0,0.0,0.0,0.0,0.09942383384968956
2022-04-13,19.10856676416162,30.98397863435476,-0.08879549878313142,0.0,0.0,0.0,0.0,0.0,0.0,0.0,0.0,0.3720780920753719,0.0
2022-04-14,19.10856676416162,30.98397863435476,0.0,0.0,0.0,0.0,0.19979384621957763,0.0,0.0,0.0,0.0,0.0,0.0
2022-04-15,19.10856676416162,30.98397863435476,0.0,0.0,0.11301819669690616,-0.08205498799278566,0.0,0.0,-0.18992007926214427,-0.10786509126928695,-0.25493245087136457,0.0,0.08205498799278566
2022-04-16,19.10856676416162,30.98397863435476,0.0,0.0,0.0,0.0,0.0,-0.6920830666580464,0.0,0.0,0.0,0.0,-0.6920830666580446
2022-04-17,19.26015329053276,30.971262109434626,0.15158652637114045,-0.01271652492013331,0.0,0.0,0.0,0.0,0.0,0.0,0.0,-0.6768202872723974,0.0
2022-04-18,19.26015329053276,30.971262109434626,0.0,0.0,0.0,0.0,-0.06485706810678771,0.0,0.0,0.0,0.0,0.0,0.0
2022-04-19,19.26015329053276,30.971262109434626,0.0,0.0,-0.21872279253260274,0.06948641018110457,0.0,0.0,0.07679694688173377,0.007310536700624259,0.29547558296673276,0.0,-0.0694864101811028
2022-04-20,19.26015329053276,30.971262109434626,0.0,0.0,0.0,0.0,0.0,1.1096460982911616,0.0,0.0,0.0,0.0,1.109646098291158
2022-04-21,19.284106531555253,30.971262109434626,0.023953241022493188,0.0,0.0,0.0,0.0,0.0,0.0,0.0,0.0,0.3017526563486601,0.0
2022-04-22,19.284106531555253,30.971262109434626,0.0,0.0,0.0,0.0,0.061706241549956076,0.0,0.0,0.0,0.0,0.0,0.0
2022-04-23,19.284106531555253,30.971262109434626,0.0,0.0,0.23507647855410596,-0.1505950977883419,0.0,0.0,-0.16769487285238327,-0.017099775064027878,-0.3552693328681774,0.0,0.1505950977883419
2022-04-24,19.284106531555253,30.971262109434626,0.0,0.0,0.0,0.0,0.0,-1.1291048444921472,0.0,0.0,0.0,0.0,-1.1291048444921454
2022-04-25,19.241804151864564,30.971262109434626,-0.04230237969068895,0.0,0.0,0.0,0.0,0.0,0.0,0.0,0.0,0.17405394111765737,0.0
2022-04-26,19.241804151864564,30.971262109434626,0.0,0.0,0.0,0.0,0.026282957457805622,0.0,0.0,0.0,0.0,0.0,0.0
2022-04-27,19.241804151864564,30.971262109434626,0.0,0.0,0.0464377411814354,0.2003561097694906,0.0,0.0,0.2928718831553052,0.09251577338574951,0.10856580083752732,0.0,-0.20035610976949236
2022-04-28,19.241804151864564,30.971262109434626,0.0,0.0,0.0,0.0,0.0,1.001037038693461,0.0,0.0,0.0,0.0,1.001037038693461
2022-04-29,19.21892282833429,31.025341827040478,-0.0228813235302745,0.05407971760585184,0.0,0.0,0.0,0.0,0.0,0.0,0.0,0.19326771769142548,0.0
2022-04-30,19.21892282833429,31.025341827040478,0.0,0.0,0.0,0.0,-0.007371758021818664,0.0,0.0,0.0,0.0,0.0,0.0
2022-05-01,19.21892282833429,31.025341827040478,0.0,0.0,-0.05185461534860636,-0.21172366209522409,0.0,0.0,-0.38255598886508047,-0.17083232676973417,-0.19400332720162067,0.0,0.21172366209522409
2022-05-02,19.21892282833429,31.025341827040478,0.0,0.0,0.0,0.0,0.0,-0.007891445763725358,0.0,0.0,0.0,0.0,-0.007891445763725358
2022-05-03,19.21892282833429,31.025341827040478,0.0,0.0,0.0,0.0,0.0,0.0,0.0,0.0,0.0,-0.26495964614753076,0.0
2022-05-04,19.21892282833429,31.025341827040478,0.0,0.0,0.0,0.0,-0.10666979981861147,0.0,0.0,0.0,0.0,0.0,0.0
2022-05-05,19.21892282833429,31.025341827040478,0.0,0.0,-0.04762045474192078,0.3068549239725247,0.0,0.0,1.0604199265505905,0.7535650025776528,0.48380755106937684,0.0,-0.3068549239725247
2022-05-06,19.21892282833429,31.025341827040478,0.0,0.0,0.0,0.0,0.0,0.3170675143377615,0.0,0.0,0.0,0.0,0.3170675143377615
2022-05-07,19.17113216449794,31.025341827040478,-0.04779066383634856,0.0,0.0,0.0,0.0,0.0,0.0,0.0,0.0,-0.035767223858625075,0.0
2022-05-08,19.17113216449794,31.025341827040478,0.0,0.0,0.0,0.0,-0.029272442835287293,0.0,0.0,0.0,0.0,0.0,0.0
2022-05-09,19.17113216449794,31.025341827040478,0.0,0.0,-0.17983239177783616,-0.12193761657375468,0.0,0.0,-0.29469781357880187,-0.17276019700497736,-0.13057281697061168,0.0,0.12193761657375646
2022-05-10,19.17113216449794,31.025341827040478,0.0,0.0,0.0,0.0,0.0,0.5318755740556931,0.0,0.0,0.0,0.0,0.5318755740556949
2022-05-11,19.232755184810795,31.073075735192667,0.06162302031285449,0.04773390815218903,0.0,0.0,0.0,0.0,0.0,0.0,0.0,0.14328756756986483,0.0
2022-05-12,19.232755184810795,31.073075735192667,0.0,0.0,0.0,0.0,0.20132326305111725,0.0,0.0,0.0,0.0,0.0,0.0
2022-05-13,19.232755184810795,31.073075735192667,0.0,0.0,-0.08335846974173933,-0.0350642320543475,0.0,0.0,0.3990684181079569,0.43413265016215064,0.046844611863487595,0.0,0.03506423205434572
2022-05-14,19.232755184810795,31.073075735192667,0.0,0.0,0.0,0.0,0.0,-0.8936966979760967,0.0,0.0,0.0,0.0,-0.8936966979760967
2022-05-15,19.06004248712348,31.073075735192667,-0.17271269768731656,0.0,0.0,0.0,0.0,0.0,0.0,0.0,0.0,0.39570893316275213,0.0
2022-05-16,19.06004248712348,31.073075735192667,0.0,0.0,0.0,0.0,-0.09580187100669413,0.0,0.0,0.0,0.0,0.0,0.0
2022-05-17,19.06004248712348,31.073075735192667,0.0,0.0,-0.04480942730847204,0.03142628084787802,0.0,0.0,-0.51153650391438,-0.5429627847620548,0.11204418946690237,0.0,-0.03142628084787802
2022-05-18,19.06004248712348,31.073075735192667,0.0,0.0,0.0,0.0,0.0,0.040878459197479344,0.0,0.0,0.0,0.0,0.040878459197479344
2022-05-19,19.06004248712348,31.073075735192667,0.0,0.0,0.0,0.0,0.0,0.0,0.0,0.0,0.0,-0.059756942803206314,0.0
2022-05-20,19.06004248712348,31.073075735192667,0.0,0.0,0.0,0.0,0.007244189520434929,0.0,0.0,0.0,0.0,0.0,0.0
2022-05-21,19.06004248712348,31.073075735192667,0.0,0.0,-0.10826116910864059,-0.21230379406959798,0.0,0.0,-0.4792346137673338,-0.26693081969758514,-0.30980147474419917,0.0,0.21230379406959976
2022-05-22,19.06004248712348,31.073075735192667,0.0,0.0,0.0,0.0,0.0,-1.017903211719993,0.0,0.0,0.0,0.0,-1.0179032117199949
2022-05-23,19.33119525762405,31.073075735192667,0.27115277050057074,0.0,0.0,0.0,0.0,0.0,0.0,0.0,0.0,-0.48345009046575327,0.0
2022-05-24,19.33119525762405,31.073075735192667,0.0,0.0,0.0,0.0,-0.10810714265905652,0.0,0.0,0.0,0.0,0.0,0.0
2022-05-25,19.33119525762405,31.073075735192667,0.0,0.0,0.07107224953585956,0.2487799232702237,0.0,0.0,0.4912457792208027,0.24246585595044146,0.23482940716967948,0.0,-0.2487799232702237
2022-05-26,19.33119525762405,31.073075735192667,0.0,0.0,0.0,0.0,0.0,0.870555202749177,0.0,0.0,0.0,0.0,0.870555202749177
2022-05-27,19.13899235244667,31.02879296009191,-0.19220290517737837,-0.04428277510075773,0.0,0.0,0.0,0.0,0.0,0.0,0.0,0.3410828491788471,0.0
2022-05-28,19.13899235244667,31.02879296009191,0.0,0.0,0.0,0.0,-0.04035904924084299,0.0,0.0,0.0,0.0,0.0,0.0
2022-05-29,19.13899235244667,31.02879296009191,0.0,0.0,0.0019330981705429906,-0.3290198605894581,0.0,0.0,-0.6896060946452742,-0.36058623405559836,-0.2819032032528284,0.0,0.3290198605894581
2022-05-30,19.13899235244667,31.02879296009191,0.0,0.0,0.0,0.0,0.0,-0.12605580881530898,0.0,0.0,0.0,0.0,-0.12605580881530898
2022-05-31,19.195345288997803,31.02879296009191,0.05635293655113216,0.0,0.0,0.0,0.0,0.0,0.0,0.0,0.0,-0.09706171284311882,0.0
2022-06-01,19.195345288997803,31.02879296009191,0.0,0.0,0.0,0.0,0.1703121068582778,0.0,0.0,0.0,0.0,0.0,0.0
2022-06-02,19.195345288997803,31.02879296009191,0.0,0.0,-0.12974915867058456,0.24249620606206612,0.0,0.0,0.7044483056957613,0.46195209963342926,0.3316535031519042,0.0,-0.2424962060620679
2022-06-03,19.195345288997803,31.02879296009191,0.0,0.0,0.0,0.0,0.0,0.1758513601544216,0.0,0.0,0.0,0.0,0.17585136015442338
2022-06-04,19.146212600420156,31.02879296009191,-0.04913268857764663,0.0,0.0,0.0,0.0,0.0,0.0,0.0,0.0,-0.19195458262175835,0.0
2022-06-05,19.146212600420156,31.02879296009191,0.0,0.0,0.0,0.0,-0.23902654387376288,0.0,0.0,0.0,0.0,0.0,0.0
2022-06-06,19.146212600420156,31.02879296009191,0.0,0.0,0.2234291048936754,0.01506148489160175,0.0,0.0,-0.37287757709539804,-0.3879390619867857,-0.16091979506054577,0.0,-0.01506148489160175
2022-06-07,19.146212600420156,31.02879296009191,0.0,0.0,0.0,0.0,0.0,0.0018626830597163746,0.0,0.0,0.0,0.0,0.0018626830597145982
2022-06-08,19.40053115081101,31.03580189332137,0.2543185503908525,0.007008933229460723,0.0,0.0,0.0,0.0,0.0,0.0,0.0,-0.2739802006299321,0.0
2022-06-09,19.40053115081101,31.03580189332137,0.0,0.0,0.0,0.0,0.2071364116170482,0.0,0.0,0.0,0.0,0.0,0.0
2022-06-10,19.40053115081101,31.03580189332137,0.0,0.0,-0.08327077609336087,-0.02662292182696646,0.0,0.0,-0.010342847619725148,0.016280074207230155,-0.06122971513402595,0.0,0.02662292182696646
2022-06-11,19.40053115081101,31.03580189332137,0.0,0.0,0.0,0.0,0.0,-0.45774570256291724,0.0,0.0,0.0,0.0,-0.45774570256291724
2022-06-12,19.068750101979266,31.041617308323122,-0.3317810488317434,0.0058154150017522,0.0,0.0,0.0,0.0,0.0,0.0,0.0,0.44195816771776886,0.0
2022-06-13,19.068750101979266,31.041617308323122,0.0,0.0,0.0,0.0,0.06783284957131563,0.0,0.0,0.0,0.0,0.0,0.0
2022-06-14,19.068750101979266,31.041617308323122,0.0,0.0,-0.28675056010747113,0.07846808476076284,0.0,0.0,0.3650420208706464,0.2865739361097219,0.23559138074871225,0.0,-0.07846808476076106
2022-06-15,19.068750101979266,31.041617308323122,0.0,0.0,0.0,0.0,0.0,1.3009083764130445,0.0,0.0,0.0,0.0,1.3009083764130462
2022-06-16,19.003686508632203,31.041617308323122,-0.06506359334706246,0.0,0.0,0.0,0.0,0.0,0.0,0.0,0.0,0.2608002707521837,0.0
2022-06-17,19.003686508632203,31.041617308323122,0.0,0.0,0.0,0.0,-0.06495448553498484,0.0,0.0,0.0,0.0,0.0,0.0
2022-06-18,19.003686508632203,31.041617308323122,0.0,0.0,-0.08172461047805868,-0.13327771972453206,0.0,0.0,-0.3591393979401367,-0.22586167821548214,-0.1895708968705723,0.0,0.13327771972453029
2022-06-19,19.003686508632203,31.041617308323122,0.0,0.0,0.0,0.0,0.0,-1.1710027891527908,0.0,0.0,0.0,0.0,-1.1710027891527925
2022-06-20,19.107364938107047,31.041617308323122,0.10367842947484363,0.0,0.0,0.0,0.0,0.0,0.0,0.0,0.0,-0.23958227765734152,0.0
2022-06-21,19.107364938107047,31.041617308323122,0.0,0.0,0.0,0.0,-0.024575270330656096,0.0,0.0,0.0,0.0,0.0,0.0
2022-06-22,19.107364938107047,31.041617308323122,0.0,0.0,-0.1374923812814366,0.030127715216142548,0.0,0.0,-0.15886445976679298,-0.18899217498280696,0.06868608048753194,0.0,-0.030127715216142548
2022-06-23,19.107364938107047,31.041617308323122,0.0,0.0,0.0,0.0,0.0,0.004533076462823971,0.0,0.0,0.0,0.0,0.004533076462825747
2022-06-24,19.060545264290177,31.01778715273095,-0.04681967381687002,-0.023830155592172275,0.0,0.0,0.0,0.0,0.0,0.0,0.0,0.2131490205891886,0.0
2022-06-25,19.060545264290177,31.01778715273095,0.0,0.0,0.0,0.0,-0.14946798843039133,0.0,0.0,0.0,0.0,0.0,0.0
2022-06-26,19.060545264290177,31.01778715273095,0.0,0.0,0.11436268490024304,-0.2115782971891118,0.0,0.0,-0.23199191985672662,-0.020413622667600495,-0.00586320411082103,0.0,0.2115782971891118
2022-06-27,19.060545264290177,31.01778715273095,0.0,0.0,0.0,0.0,0.0,0.40770208105175243,0.0,0.0,0.0,0.0,0.40770208105175065
2022-06-28,19.18433948163684,31.01778715273095,0.12379421734666352,0.0,0.0,0.0,0.0,0.0,0.0,0.0,0.0,-0.22986250156292698,0.0
2022-06-29,19.18433948163684,31.01778715273095,0.0,0.0,0.0,0.0,0.16057302976050813,0.0,0.0,0.0,0.0,0.0,0.0
2022-06-30,19.18433948163684,31.01778715273095,0.0,0.0,0.11403786459190002,0.27136997261240126,0.0,0.0,0.15532850188641056,-0.11604147072589646,-0.17100631429537705,0.0,-0.27136997261240126
2022-07-01,19.18433948163684,31.01778715273095,0.0,0.0,0.0,0.0,0.0,-0.01915264548259188,0.0,0.0,0.0,0.0,-0.01915264548259188
2022-07-02,19.127986545085708,31.01778715273095,-0.05635293655113216,0.0,0.0,0.0,0.0,0.0,0.0,0.0,0.0,-0.002812941376614031,0.0
2022-07-03,19.127986545085708,31.01778715273095,0.0,0.0,0.0,0.0,-0.1779354278237708,0.0,0.0,0.0,0.0,0.0,0.0
2022-07-04,19.127986545085708,31.01778715273095,0.0,0.0,-0.16974606697666417,-0.12066268531294888,0.0,0.0,-0.1815123010989783,-0.0608496157859751,0.031218733528208517,0.0,0.12066268531294888
2022-07-05,19.127986545085708,31.01778715273095,0.0,0.0,0.0,0.0,0.0,-0.7143872130660505,0.0,0.0,0.0,0.0,-0.7143872130660505
2022-07-06,19.044919946387097,31.01778715273095,-0.08306659869861122,0.0,0.0,0.0,0.0,0.0,0.0,0.0,0.0,0.5140879023777005,0.0
2022-07-07,19.044919946387097,31.01778715273095,0.0,0.0,0.0,0.0,0.23244943019075492,0.0,0.0,0.0,0.0,0.0,0.0
2022-07-08,19.044919946387097,31.01778715273095,0.0,0.0,0.1516258554765919,0.1099794883527867,0.0,0.0,0.6251775516520812,0.5151980632989296,0.11011030239056084,0.0,-0.1099794883527867
2022-07-09,19.044919946387097,31.01778715273095,0.0,0.0,0.0,0.0,0.0,-0.003575800785270644,0.0,0.0,0.0,0.0,-0.003575800785268868
2022-07-10,19.21695566671189,31.003572038121902,0.17203572032479286,-0.014215114609047674,0.0,0.0,0.0,0.0,0.0,0.0,0.0,-1.0641717986876646,0.0
2022-07-11,19.21695566671189,31.003572038121902,0.0,0.0,0.0,0.0,-0.15850656041228284,0.0,0.0,0.0,0.0,0.0,0.0
2022-07-12,19.21695566671189,31.003572038121902,0.0,0.0,-0.0681086662139414,0.02592340623782796,0.0,0.0,-0.35165964676256856,-0.37758305300014794,-0.024474848526258003,0.0,-0.025923406237826185
2022-07-13,19.21695566671189,31.003572038121902,0.0,0.0,0.0,0.0,0.0,0.0720716662214933,0.0,0.0,0.0,0.0,0.0720716662214933
2022-07-14,19.006799310924492,31.003572038121902,-0.21015635578739733,0.0,0.0,0.0,0.0,0.0,0.0,0.0,0.0,0.957612601435917,0.0
2022-07-15,19.006799310924492,31.003572038121902,0.0,0.0,0.0,0.0,0.11348247953244872,0.0,0.0,0.0,0.0,0.0,0.0
2022-07-16,19.006799310924492,31.003572038121902,0.0,0.0,0.02012787284360229,-0.19479066838257175,0.0,0.0,0.08953802286273849,0.2843286912451142,-0.1619603385461782,0.0,0.19479066838256998
2022-07-17,19.006799310924492,31.003572038121902,0.0,0.0,0.0,0.0,0.0,-0.22497163397973807,0.0,0.0,0.0,0.0,-0.22497163397973807
2022-07-18,19.061715068520606,31.003572038121902,0.054915757596113224,0.0,0.0,0.0,0.0,0.0,0.0,0.0,0.0,-0.11171080437764225,0.0
2022-07-19,19.061715068520606,31.003572038121902,0.0,0.0,0.0,0.0,0.0319174129265587,0.0,0.0,0.0,0.0,0.0,0.0
2022-07-20,19.061715068520606,31.003572038121902,0.0,0.0,-0.025942373265451124,0.13807731899034614,0.0,0.0,0.4609492076912982,0.32287188870078976,0.294214928384426,0.0,-0.13807731899034614
2022-07-21,19.061715068520606,31.003572038121902,0.0,0.0,0.0,0.0,0.0,1.2348527434459555,0.0,0.0,0.0,0.0,1.2348527434459555
2022-07-22,19.01793281818482,30.952185188400897,-0.04378225033578431,-0.05138684972100549,0.0,0.0,0.0,0.0,0.0,0.0,0.0,-0.12435318885365909,0.0
2022-07-23,19.01793281818482,30.952185188400897,0.0,0.0,0.0,0.0,-0.17549617768583303,0.0,0.0,0.0,0.0,0.0,0.0
2022-07-24,19.01793281818482,30.952185188400897,0.0,0.0,0.15932900861616162,-0.2635190653926873,0.0,0.0,-0.9182551649834938,-0.6547360995904102,-0.47237122547149096,0.0,0.2635190653926873
2022-07-25,19.01793281818482,30.952185188400897,0.0,0.0,0.0,0.0,0.0,-1.0714643475546026,0.0,0.0,0.0,0.0,-1.0714643475546026
2022-07-26,19.21030471083228,30.952185188400897,0.1923718926474578,0.0,0.0,0.0,0.0,0.0,0.0,0.0,0.0,-0.3160835000965292,0.0
2022-07-27,19.21030471083228,30.952185188400897,0.0,0.0,0.0,0.0,0.1175267392467294,0.0,0.0,0.0,0.0,0.0,0.0
2022-07-28,19.21030471083228,30.952185188400897,0.0,0.0,-0.05738388028749952,0.36245455727083,0.0,0.0,0.45237587025298076,0.08992131298207909,0.45322833933925494,0.0,-0.36245455727083
2022-07-29,19.21030471083228,30.952185188400897,0.0,0.0,0.0,0.0,0.0,0.3280618172509655,0.0,0.0,0.0,0.0,0.3280618172509637
2022-07-30,18.994943299960124,30.952185188400897,-0.21536141087215555,0.0,0.0,0.0,0.0,0.0,0.0,0.0,0.0,0.26994761751197527,0.0
2022-07-31,18.994943299960124,30.952185188400897,0.0,0.0,0.0,0.0,-0.13817632605013586,0.0,0.0,0.0,0.0,0.0,0.0
2022-08-01,18.994943299960124,30.952185188400897,0.0,0.0,-0.0552195648424032,-0.14046714198892474,0.0,0.0,-0.12491354178742675,0.015553600201487439,-0.04667579454463483,0.0,0.14046714198892474
2022-08-02,18.994943299960124,30.952185188400897,0.0,0.0,0.0,0.0,0.0,-0.2542996680289846,0.0,0.0,0.0,0.0,-0.25429966802898285
2022-08-03,19.111864638019025,30.952185188400897,0.11692133805890137,0.0,0.0,0.0,0.0,0.0,0.0,0.0,0.0,-0.0530736792113915,0.0
2022-08-04,19.111864638019025,30.952185188400897,0.0,0.0,0.0,0.0,0.2148954611958942,0.0,0.0,0.0,0.0,0.0,0.0
2022-08-05,19.111864638019025,30.952185188400897,0.0,0.0,0.09430113716973665,0.07281340205089926,0.0,0.0,0.2964601316188684,0.22364672956781945,-0.10662524644291449,0.0,-0.07281340205089926
2022-08-06,19.111864638019025,30.952185188400897,0.0,0.0,0.0,0.0,0.0,-1.0292959272564453,0.0,0.0,0.0,0.0,-1.0292959272564453
2022-08-07,19.221294318789074,30.969444409371285,0.10942968077004878,0.0172592209703879,0.0,0.0,0.0,0.0,0.0,0.0,0.0,-0.5953624587104742,0.0
2022-08-08,19.221294318789074,30.969444409371285,0.0,0.0,0.0,0.0,-0.06387720863144253,0.0,0.0,0.0,0.0,0.0,0.0
2022-08-09,19.221294318789074,30.969444409371285,0.0,0.0,-0.024795238683285703,-0.04662591505767999,0.0,0.0,0.1711323349395233,0.2177582499970866,0.09440502385073832,0.0,0.04662591505767999
2022-08-10,19.221294318789074,30.969444409371285,0.0,0.0,0.0,0.0,0.0,1.4247331428709806,0.0,0.0,0.0,0.0,1.4247331428709824
2022-08-11,19.094032539178144,30.969444409371285,-0.12726177961092944,0.0,0.0,0.0,0.0,0.0,0.0,0.0,0.0,0.7184887525203076,0.0
2022-08-12,19.094032539178144,30.969444409371285,0.0,0.0,0.0,0.0,0.07498616233755939,0.0,0.0,0.0,0.0,0.0,0.0
2022-08-13,19.094032539178144,30.969444409371285,0.0,0.0,0.0045110354629684934,-0.09372771773609223,0.0,0.0,-0.6345312084280028,-0.5408034906915664,-0.159548486464065,0.0,0.09372771773609223
2022-08-14,19.094032539178144,30.969444409371285,0.0,0.0,0.0,0.0,0.0,-1.2933501651574062,0.0,0.0,0.0,0.0,-1.2933501651574062
2022-08-15,19.129123858989416,30.969444409371285,0.035091319811272115,0.0,0.0,0.0,0.0,0.0,0.0,0.0,0.0,-0.25277186477601954,0.0
2022-08-16,19.129123858989416,30.969444409371285,0.0,0.0,0.0,0.0,-0.037080278370430264,0.0,0.0,0.0,0.0,0.0,0.0
2022-08-17,19.129123858989416,30.969444409371285,0.0,0.0,-0.08574973404632047,0.09331394616332211,0.0,0.0,0.23764350657945954,0.14432956041602646,0.2047721774828457,0.0,-0.09331394616332211
2022-08-18,19.129123858989416,30.969444409371285,0.0,0.0,0.0,0.0,0.0,0.9001251766802056,0.0,0.0,0.0,0.0,0.9001251766802039
2022-08-19,19.340434077241486,30.975704819751847,0.21131021825206986,0.0062604103805625755,0.0,0.0,0.0,0.0,0.0,0.0,0.0,-0.3142858179697041,0.0
2022-08-20,19.340434077241486,30.975704819751847,0.0,0.0,0.0,0.0,-0.12636040981702656,0.0,0.0,0.0,0.0,0.0,0.0
2022-08-21,19.340434077241486,30.975704819751847,0.0,0.0,-0.008329546632328544,-0.22054373301654984,0.0,0.0,-0.7533513505316822,-0.5328076175146315,-0.34107124011692463,0.0,0.22054373301654984
2022-08-22,19.340434077241486,30.975704819751847,0.0,0.0,0.0,0.0,0.0,-0.022662057968222626,0.0,0.0,0.0,0.0,-0.022662057968224403
2022-08-23,19.306145003762854,30.975704819751847,-0.034289073478632304,0.0,0.0,0.0,0.0,0.0,0.0,0.0,0.0,-0.08345265437261862,0.0
2022-08-24,19.306145003762854,30.975704819751847,0.0,0.0,0.0,0.0,0.08366465313718408,0.0,0.0,0.0,0.0,0.0,0.0
2022-08-25,19.306145003762854,30.975704819751847,0.0,0.0,0.0993185492705706,0.2373196163403648,0.0,0.0,0.32900466897372027,0.09168505263324747,0.14606248035032884,0.0,-0.2373196163403648
2022-08-26,19.306145003762854,30.975704819751847,0.0,0.0,0.0,0.0,0.0,-0.04416123828677243,0.0,0.0,0.0,0.0,-0.044161238286770654
2022-08-27,19.135384269369975,30.975704819751847,-0.17076073439287853,0.0,0.0,0.0,0.0,0.0,0.0,0.0,0.0,0.2319853418956268,0.0
2022-08-28,19.135384269369975,30.975704819751847,0.0,0.0,0.0,0.0,-0.1701151573905033,0.0,0.0,0.0,0.0,0.0,0.0
2022-08-29,19.135384269369975,30.975704819751847,0.0,0.0,-0.09137236481923594,-0.03208810589059041,0.0,0.0,-0.065874245335511,-0.03378613944488065,0.04130312777939647,0.0,0.03208810589059041
2022-08-30,19.135384269369975,30.975704819751847,0.0,0.0,0.0,0.0,0.0,0.311617626575039,0.0,0.0,0.0,0.0,0.311617626575039
2022-08-31,19.20851376805877,31.041961439152878,0.07312949868879315,0.066256619401031,0.0,0.0,0.0,0.0,0.0,0.0,0.0,0.29330006475596093,0.0
2022-09-01,19.20851376805877,31.041961439152878,0.0,0.0,0.0,0.0,0.22414193559114182,0.0,0.0,0.0,0.0,0.0,0.0
2022-09-02,19.20851376805877,31.041961439152878,0.0,0.0,-0.17869159005540425,0.07023617620640898,0.0,0.0,0.510749656785972,0.4405134805791556,0.21024802939990578,0.0,-0.07023617620640898
2022-09-03,19.20851376805877,31.041961439152878,0.0,0.0,0.0,0.0,0.0,-1.255573121668533,0.0,0.0,0.0,0.0,-1.255573121668533
2022-09-04,19.371177467090877,31.064267780490066,0.16266369903210887,0.02230634133718823,0.0,0.0,0.0,0.0,0.0,0.0,0.0,-0.6529976810212064,0.0
2022-09-05,19.371177467090877,31.064267780490066,0.0,0.0,0.0,0.0,-0.08631651999700374,0.0,0.0,0.0,0.0,0.0,0.0
2022-09-06,19.371177467090877,31.064267780490066,0.0,0.0,0.06642845513972517,-0.0091440791730939,0.0,0.0,-0.2062658981527683,-0.19712181897951503,-0.11222656542863144,0.0,0.0091440791730939
2022-09-07,19.371177467090877,31.064267780490066,0.0,0.0,0.0,0.0,0.0,1.060690100370067,0.0,0.0,0.0,0.0,1.060690100370067
2022-09-08,19.09140057414621,31.064267780490066,-0.27977689294466757,0.0,0.0,0.0,0.0,0.0,0.0,0.0,0.0,0.7566761104960358,0.0
2022-09-09,19.09140057414621,31.064267780490066,0.0,0.0,0.0,0.0,0.1809289706960886,0.0,0.0,0.0,0.0,0.0,0.0
2022-09-10,19.09140057414621,31.064267780490066,0.0,0.0,0.18237025530769913,-0.10278006131196804,0.0,0.0,-0.11792505832674927,-0.01514499701476818,-0.1794261128266349,0.0,0.10278006131196804
2022-09-11,19.09140057414621,31.064267780490066,0.0,0.0,0.0,0.0,0.0,-0.8837460957548693,0.0,0.0,0.0,0.0,-0.8837460957548693
2022-09-12,19.277651409080054,31.064267780490066,0.1862508349338441,0.0,0.0,0.0,0.0,0.0,0.0,0.0,0.0,-0.15541410387401156,0.0
2022-09-13,19.277651409080054,31.064267780490066,0.0,0.0,0.0,0.0,-0.1271607092346052,0.0,0.0,0.0,0.0,0.0,0.0
2022-09-14,19.277651409080054,31.064267780490066,0.0,0.0,-0.2598950168113241,0.11089252069518096,0.0,0.0,0.26482592141582906,0.15393340072051806,0.33566648850701736,0.0,-0.11089252069518096
2022-09-15,19.277651409080054,31.064267780490066,0.0,0.0,0.0,0.0,0.0,0.689506799324775,0.0,0.0,0.0,0.0,0.689506799324775
2022-09-16,19.133149472575656,31.098173501458486,-0.14450193650439758,0.03390572096841993,0.0,0.0,0.0,0.0,0.0,0.0,0.0,0.3128062776254241,0.0
2022-09-17,19.133149472575656,31.098173501458486,0.0,0.0,0.0,0.0,-0.03323664590928921,0.0,0.0,0.0,0.0,0.0,0.0
2022-09-18,19.133149472575656,31.098173501458486,0.0,0.0,0.17960202853146257,-0.24111329226675515,0.0,0.0,-0.35682279602522193,-0.11570950375836925,-0.4423798157307811,0.0,0.24111329226675693
2022-09-19,19.133149472575656,31.098173501458486,0.0,0.0,0.0,0.0,0.0,0.35015154084801736,0.0,0.0,0.0,0.0,0.3501515408480156
2022-09-20,19.304999729502317,31.098173501458486,0.17185025692666045,0.0,0.0,0.0,0.0,0.0,0.0,0.0,0.0,-0.3826686800157353,0.0
2022-09-21,19.304999729502317,31.098173501458486,0.0,0.0,0.0,0.0,-0.01443349426488183,0.0,0.0,0.0,0.0,0.0,0.0
2022-09-22,19.304999729502317,31.098173501458486,0.0,0.0,-0.2415427058910531,0.1460413299457617,0.0,0.0,0.013777705673456708,-0.1322636242721808,0.2598622837353315,0.0,-0.1460413299457617
2022-09-23,19.304999729502317,31.098173501458486,0.0,0.0,0.0,0.0,0.0,-0.19406717561572506,0.0,0.0,0.0,0.0,-0.19406717561572506
2022-09-24,19.264725830364377,31.098173501458486,-0.040273899137940106,0.0,0.0,0.0,0.0,0.0,0.0,0.0,0.0,-0.08927858443851266,0.0
2022-09-25,19.264725830364377,31.098173501458486,0.0,0.0,0.0,0.0,-0.09716184510311088,0.0,0.0,0.0,0.0,0.0,0.0
2022-09-26,19.264725830364377,31.098173501458486,0.0,0.0,0.1876792558193081,0.05353432680546355,0.0,0.0,0.11856943104055517,0.06503510423502766,-0.03789466118776594,0.0,-0.053534326805465327
2022-09-27,19.264725830364377,31.098173501458486,0.0,0.0,0.0,0.0,0.0,0.262449963525313,0.0,0.0,0.0,0.0,0.262449963525313
2022-09-28,19.272043519420766,31.07846251812696,0.007317689056389298,-0.019710983331528098,0.0,0.0,0.0,0.0,0.0,0.0,0.0,-0.06427915140455442,0.0
2022-09-29,19.272043519420766,31.07846251812696,0.0,0.0,0.0,0.0,0.12783065391133341,0.0,0.0,0.0,0.0,0.0,0.0
2022-09-30,19.272043519420766,31.07846251812696,0.0,0.0,0.12027603816490284,0.10031059150757748,0.0,0.0,0.15987001357014563,0.059559422062512524,-0.03689098439791333,0.0,-0.10031059150757748
2022-10-01,19.272043519420766,31.07846251812696,0.0,0.0,0.0,0.0,0.0,-1.0351404516387994,0.0,0.0,0.0,0.0,-1.0351404516387994
2022-10-02,19.315763303814848,31.076571791268982,0.04371978439408153,-0.0018907268579759773,0.0,0.0,0.0,0.0,0.0,0.0,0.0,-0.11882091846878273,0.0
2022-10-03,19.315763303814848,31.076571791268982,0.0,0.0,0.0,0.0,0.005995972261180427,0.0,0.0,0.0,0.0,0.0,0.0
2022-10-04,19.315763303814848,31.076571791268982,0.0,0.0,-0.02240403377268052,-0.028044907178548684,0.0,0.0,-0.4601739834126377,-0.4321290762336104,-0.02293477432867419,0.0,0.02804490717855046
2022-10-05,19.315763303814848,31.076571791268982,0.0,0.0,0.0,0.0,0.0,0.9037518509444453,0.0,0.0,0.0,0.0,0.9037518509444453
2022-10-06,19.328421700686768,31.076571791268982,0.012658396871920274,0.0,0.0,0.0,0.0,0.0,0.0,0.0,0.0,0.17135825199665566,0.0
2022-10-07,19.328421700686768,31.076571791268982,0.0,0.0,0.0,0.0,0.028211469601391315,0.0,0.0,0.0,0.0,0.0,0.0
2022-10-08,19.328421700686768,31.076571791268982,0.0,0.0,0.05671454743193394,-0.1685913770275853,0.0,0.0,-0.4495213447638946,-0.2809299677358691,-0.26147183938679275,0.0,0.16859137702758353
2022-10-09,19.328421700686768,31.076571791268982,0.0,0.0,0.0,0.0,0.0,-1.381260212943129,0.0,0.0,0.0,0.0,-1.381260212943129
2022-10-10,19.456575222712953,31.14966553611214,0.12815352202618513,0.07309374484315612,0.0,0.0,0.0,0.0,0.0,0.0,0.0,-0.29031019485799736,0.0
2022-10-11,19.456575222712953,31.14966553611214,0.0,0.0,0.0,0.0,-0.06060314097937791,0.0,0.0,0.0,0.0,0.0,0.0
2022-10-12,19.456575222712953,31.14966553611214,0.0,0.0,-0.27102598820795976,0.10356866249792773,0.0,0.0,0.3218740587909288,0.21830539629264872,0.3478087199435864,0.0,-0.10356866249792684
2022-10-13,19.456575222712953,31.14966553611214,0.0,0.0,0.0,0.0,0.0,1.232599271438243,0.0,0.0,0.0,0.0,1.2325992714382439
2022-10-14,19.436471629140094,31.203669914693002,-0.02010359357285907,0.05400437858086349,0.0,0.0,0.0,0.0,0.0,0.0,0.0,0.4611929995635027,0.0
2022-10-15,19.436471629140094,31.203669914693002,0.0,0.0,0.0,0.0,-0.03677580410992931,0.0,0.0,0.0,0.0,0.0,0.0
2022-10-16,19.436471629140094,31.203669914693002,0.0,0.0,0.06421243851514902,-0.20435927165546985,0.0,0.0,-0.1269384708627168,0.07742080079264546,-0.23293995611592788,0.0,0.20435927165546808
2022-10-17,19.436471629140094,31.203669914693002,0.0,0.0,0.0,0.0,0.0,-0.16224462809095286,0.0,0.0,0.0,0.0,-0.16224462809095286
2022-10-18,19.342442679491818,31.203669914693002,-0.09402894964827624,0.0,0.0,0.0,0.0,0.0,0.0,0.0,0.0,0.03905051487186828,0.0
2022-10-19,19.342442679491818,31.203669914693002,0.0,0.0,0.0,0.0,0.0006937728049987157,0.0,0.0,0.0,0.0,0.0,0.0
2022-10-20,19.342442679491818,31.203669914693002,0.0,0.0,0.010812148599491422,0.21498425974326452,0.0,0.0,0.43340718832138236,0.21842292857785472,0.2405425351339239,0.0,-0.21498425974326452
2022-10-21,19.342442679491818,31.203669914693002,0.0,0.0,0.0,0.0,0.0,-0.2723638231704797,0.0,0.0,0.0,0.0,-0.2723638231704797
2022-10-22,19.29927050762661,31.203669914693002,-0.0431721718652085,0.0,0.0,0.0,0.0,0.0,0.0,0.0,0.0,-0.1445339486049373,0.0
2022-10-23,19.29927050762661,31.203669914693002,0.0,0.0,0.0,0.0,-0.050923622028541615,0.0,0.0,0.0,0.0,0.0,0.0
2022-10-24,19.29927050762661,31.203669914693002,0.0,0.0,-0.06534648867370763,0.0018922484036689724,0.0,0.0,-0.05647737646896367,-0.058369624872566916,0.05334688745886679,0.0,-0.001892248403667196
2022-10-25,19.29927050762661,31.203669914693002,0.0,0.0,0.0,0.0,0.0,0.26562347545389997,0.0,0.0,0.0,0.0,0.2656234754538982
2022-10-26,19.463858949852025,31.237488125735222,0.16458844222541558,0.03381821104222027,0.0,0.0,0.0,0.0,0.0,0.0,0.0,0.20840735498568996,0.0
2022-10-27,19.463858949852025,31.237488125735222,0.0,0.0,0.0,0.0,0.10732294201049264,0.0,0.0,0.0,0.0,0.0,0.0
2022-10-28,19.463858949852025,31.237488125735222,0.0,0.0,0.21243893316029272,0.06778224506698827,0.0,0.0,0.5023324993377987,0.43455025427040705,-0.11367523147168723,0.0,-0.06778224506698827
2022-10-29,19.463858949852025,31.237488125735222,0.0,0.0,0.0,0.0,0.0,-0.392595402120719,0.0,0.0,0.0,0.0,-0.3925954021207154
2022-10-30,19.325708611371205,31.237488125735222,-0.1381503384808198,0.0,0.0,0.0,0.0,0.0,0.0,0.0,0.0,-0.24534426129436904,0.0
2022-10-31,19.325708611371205,31.237488125735222,0.0,0.0,0.0,0.0,0.029184674222795692,0.0,0.0,0.0,0.0,0.0,0.0
2022-11-01,19.325708611371205,31.237488125735222,0.0,0.0,-0.08177990693227244,-0.024474288870539596,0.0,0.0,-0.20528932434935498,-0.1808150354786682,0.12929353198360505,0.0,0.024474288870539596
2022-11-02,19.325708611371205,31.237488125735222,0.0,0.0,0.0,0.0,0.0,0.5539144279402635,0.0,0.0,0.0,0.0,0.5539144279402617
2022-11-03,19.520300260756976,31.237488125735222,0.1945916493857709,0.0,0.0,0.0,0.0,0.0,0.0,0.0,0.0,0.04611408910201331,0.0
2022-11-04,19.520300260756976,31.237488125735222,0.0,0.0,0.0,0.0,0.032234397370153545,0.0,0.0,0.0,0.0,0.0,0.0
2022-11-05,19.520300260756976,31.237488125735222,0.0,0.0,0.07303285150699068,-0.07125005975378329,0.0,0.0,0.09307547780766967,0.16432553756131843,-0.11572983587880342,0.0,0.07125005975378329
2022-11-06,19.520300260756976,31.237488125735222,0.0,0.0,0.0,0.0,0.0,-0.4633430351073713,0.0,0.0,0.0,0.0,-0.4633430351073695
2022-11-07,19.38837515697364,31.235616150200084,-0.13192510378333466,-0.0018719755351384038,0.0,0.0,0.0,0.0,0.0,0.0,0.0,-0.00488401459242449,0.0
2022-11-08,19.38837515697364,31.235616150200084,0.0,0.0,0.0,0.0,0.042420298814784374,0.0,0.0,0.0,0.0,0.0,0.0
2022-11-09,19.38837515697364,31.235616150200084,0.0,0.0,-0.20053685441320113,0.12781470867117228,0.0,0.0,0.23324388138851937,0.10542917271727015,0.11792555277200029,0.0,-0.12781470867117228
2022-11-10,19.38837515697364,31.235616150200084,0.0,0.0,0.0,0.0,0.0,1.289815098492813,0.0,0.0,0.0,0.0,1.2898150984928094
2022-11-11,19.316276734294313,31.235491227145847,-0.07209842267932842,-0.0001249230542370583,0.0,0.0,0.0,0.0,0.0,0.0,0.0,0.19408401242484397,0.0
2022-11-12,19.316276734294313,31.235491227145847,0.0,0.0,0.0,0.0,-0.05966191605710236,0.0,0.0,0.0,0.0,0.0,0.0
2022-11-13,19.316276734294313,31.235491227145847,0.0,0.0,-0.2002984219281636,-0.2498779197698049,0.0,0.0,-0.4598064235367971,-0.20992850376683247,-0.07960716639839199,0.0,0.24987791976980667
2022-11-14,19.316276734294313,31.235491227145847,0.0,0.0,0.0,0.0,0.0,-0.2811391632475839,0.0,0.0,0.0,0.0,-0.2811391632475839
2022-11-15,19.46186205126265,31.235491227145847,0.14558531696833654,0.0,0.0,0.0,0.0,0.0,0.0,0.0,0.0,-0.08408311721053074,0.0
2022-11-16,19.46186205126265,31.235491227145847,0.0,0.0,0.0,0.0,-0.010796736662872064,0.0,0.0,0.0,0.0,0.0,0.0
2022-11-17,19.46186205126265,31.235491227145847,0.0,0.0,0.09598364722655717,0.08751898536183056,0.0,0.0,0.7540085750271164,0.666489589664879,0.07291014683211061,0.0,-0.08751898536183056
2022-11-18,19.46186205126265,31.235491227145847,0.0,0.0,0.0,0.0,0.0,0.44215452110288567,0.0,0.0,0.0,0.0,0.44215452110288567
2022-11-19,19.40886952112214,31.235491227145847,-0.05299253014051075,0.0,0.0,0.0,0.0,0.0,0.0,0.0,0.0,0.006557400546158387,0.0
2022-11-20,19.40886952112214,31.235491227145847,0.0,0.0,0.0,0.0,-0.11796205783771008,0.0,0.0,0.0,0.0,0.0,0.0
2022-11-21,19.40886952112214,31.235491227145847,0.0,0.0,-0.10930089632582352,0.08600099947854645,0.0,0.0,-0.350840056642177,-0.4368410561204889,0.08831069116530632,0.0,-0.08600099947854645
2022-11-22,19.40886952112214,31.235491227145847,0.0,0.0,0.0,0.0,0.0,-0.8856158028008103,0.0,0.0,0.0,0.0,-0.8856158028008085
2022-11-23,19.372305732046488,31.240600134470768,-0.03656378907565028,0.005108907324920864,0.0,0.0,0.0,0.0,0.0,0.0,0.0,0.01727904760834953,0.0
2022-11-24,19.372305732046488,31.240600134470768,0.0,0.0,0.0,0.0,0.07601865733310298,0.0,0.0,0.0,0.0,0.0,0.0
2022-11-25,19.372305732046488,31.240600134470768,0.0,0.0,-0.030469549019763065,-0.04702257236098184,0.0,0.0,0.08967681282880591,0.13669938518970454,0.05755640205432827,0.0,0.04702257236098184
2022-11-26,19.372305732046488,31.240600134470768,0.0,0.0,0.0,0.0,0.0,-0.7823312386240637,0.0,0.0,0.0,0.0,-0.7823312386240655
2022-11-27,19.336200727404375,31.240600134470768,-0.036105004642113414,0.0,0.0,0.0,0.0,0.0,0.0,0.0,0.0,-0.13261410162607712,0.0
2022-11-28,19.336200727404375,31.240600134470768,0.0,0.0,0.0,0.0,-0.018851757864149832,0.0,0.0,0.0,0.0,0.0,0.0
2022-11-29,19.336200727404375,31.240600134470768,0.0,0.0,0.05112007720774514,0.04972591962804884,0.0,0.0,-0.15604159930822803,-0.20576751893614553,-0.10152898468513977,0.0,-0.04972591962804884
2022-11-30,19.336200727404375,31.240600134470768,0.0,0.0,0.0,0.0,0.0,0.5653041030964907,0.0,0.0,0.0,0.0,0.5653041030964889
2022-12-01,19.453983763060755,31.240600134470768,0.11778303565638026,0.0,0.0,0.0,0.0,0.0,0.0,0.0,0.0,-0.004901970600206029,0.0
2022-12-02,19.453983763060755,31.240600134470768,0.0,0.0,0.0,0.0,0.08481343264985419,0.0,0.0,0.0,0.0,0.0,0.0
2022-12-03,19.453983763060755,31.240600134470768,0.0,0.0,0.03435327896490392,-0.07874863634173046,0.0,0.0,0.026876973349963862,0.10562560969162366,-0.031841430158262185,0.0,0.07874863634173224
2022-12-04,19.453983763060755,31.240600134470768,0.0,0.0,0.0,0.0,0.0,-0.9662798688554197,0.0,0.0,0.0,0.0,-0.966279868855418
2022-12-05,19.407152463376658,31.240600134470768,-0.04683129968409716,0.0,0.0,0.0,0.0,0.0,0.0,0.0,0.0,-0.003692311887127042,0.0
2022-12-06,19.407152463376658,31.240600134470768,0.0,0.0,0.0,0.0,-0.07378113856455215,0.0,0.0,0.0,0.0,0.0,0.0
2022-12-07,19.407152463376658,31.240600134470768,0.0,0.0,0.25625633843577944,0.08174952120625356,0.0,0.0,-0.23649490635198767,-0.31824442755800264,-0.247472502564597,0.0,-0.08174952120625267
2022-12-08,19.407152463376658,31.240600134470768,0.0,0.0,0.0,0.0,0.0,0.8713816896150917,0.0,0.0,0.0,0.0,0.8713816896150908
2022-12-09,19.371368394638694,31.164542166594863,-0.03578406873796425,-0.07605796787590435,0.0,0.0,0.0,0.0,0.0,0.0,0.0,-0.062321498428757005,0.0
2022-12-10,19.371368394638694,31.164542166594863,0.0,0.0,0.0,0.0,-0.032457759695548205,0.0,0.0,0.0,0.0,0.0,0.0
2022-12-11,19.371368394638694,31.164542166594863,0.0,0.0,-0.14940381991094398,-0.2234851095945345,0.0,0.0,-0.7887897557033412,-0.5653046461081376,-0.057376440537879464,0.0,0.2234851095945345
2022-12-12,19.371368394638694,31.164542166594863,0.0,0.0,0.0,0.0,0.0,-0.09029785995291206,0.0,0.0,0.0,0.0,-0.09029785995291384
2022-12-13,19.453433347692997,31.164542166594863,0.08206495305430295,0.0,0.0,0.0,0.0,0.0,0.0,0.0,0.0,-0.09203471012183884,0.0
2022-12-14,19.453433347692997,31.164542166594863,0.0,0.0,0.0,0.0,0.08761501744280054,0.0,0.0,0.0,0.0,0.0,0.0
2022-12-15,19.453433347692997,31.164542166594863,0.0,0.0,-0.017943716774524887,0.23945875541827277,0.0,0.0,0.9344274825246295,0.6949687271055802,0.23987791320930918,0.0,-0.23945875541827455
2022-12-16,19.453433347692997,31.164542166594863,0.0,0.0,0.0,0.0,0.0,0.24071888007219755,0.0,0.0,0.0,0.0,0.2407188800722011
2022-12-17,19.27474155894962,31.164542166594863,-0.1786917887433752,0.0,0.0,0.0,0.0,0.0,0.0,0.0,0.0,0.4513963304251436,0.0
2022-12-18,19.27474155894962,31.164542166594863,0.0,0.0,0.0,0.0,-0.18598467018072995,0.0,0.0,0.0,0.0,0.0,0.0
2022-12-19,19.27474155894962,31.164542166594863,0.0,0.0,-0.07509793967458478,-0.0657822185864454,0.0,0.0,-0.1721968053855747,-0.10641458679904087,0.0678087643228884,0.0,0.0657822185864454
2022-12-20,19.27474155894962,31.164542166594863,0.0,0.0,0.0,0.0,0.0,-0.08734592120722695,0.0,0.0,0.0,0.0,-0.08734592120722873
2022-12-21,19.34250767041774,31.196717332960276,0.06776611146811717,0.03217516636541262,0.0,0.0,0.0,0.0,0.0,0.0,0.0,-0.17966818591564548,0.0
2022-12-22,19.34250767041774,31.196717332960276,0.0,0.0,0.0,0.0,0.17324650037951095,0.0,0.0,0.0,0.0,0.0,0.0
2022-12-23,19.34250767041774,31.196717332960276,0.0,0.0,-0.021267454702499577,0.05565934752499935,0.0,0.0,-0.02921680833737028,-0.08487615586229544,-0.04668018476018604,0.0,-0.05565934752499935
2022-12-24,19.34250767041774,31.196717332960276,0.0,0.0,0.0,0.0,0.0,-0.6957130635578217,0.0,0.0,0.0,0.0,-0.6957130635578217
2022-12-25,19.328422930535996,31.196717332960276,-0.014084739881742081,0.0,0.0,0.0,0.0,0.0,0.0,0.0,0.0,-0.18495660443193307,0.0
2022-12-26,19.328422930535996,31.196717332960276,0.0,0.0,0.0,0.0,-0.19249935816789865,0.0,0.0,0.0,0.0,0.0,0.0
2022-12-27,19.328422930535996,31.196717332960276,0.0,0.0,-0.12783307174655434,-0.13489347994919143,0.0,0.0,0.3134572283124477,0.4483507082613034,0.08676574572148044,0.0,0.13489347994919143
2022-12-28,19.328422930535996,31.196717332960276,0.0,0.0,0.0,0.0,0.0,0.6289228504385953,0.0,0.0,0.0,0.0,0.6289228504385953
2022-12-29,19.328422930535996,31.196717332960276,0.0,0.0,0.0,0.0,0.0,0.0,0.0,0.0,0.0,0.10033471483969625,0.0
2022-12-30,19.328422930535996,31.196717332960276,0.0,0.0,0.0,0.0,0.27973849548628316,0.0,0.0,0.0,0.0,0.0,0.0
2022-12-31,19.328422930535996,31.196717332960276,0.0,0.0,0.27090087074580893,0.012315283408771194,0.0,0.0,-0.6841379561554692,-0.6964532395636407,-0.25021877230657497,0.0,-0.01231528340877297
2023-01-01,19.328422930535996,31.196717332960276,0.0,0.0,0.0,0.0,0.0,-0.6959657692287529,0.0,0.0,0.0,0.0,-0.6959657692287529
2023-01-02,19.429519047407368,31.196717332960276,0.10109611687137132,0.0,0.0,0.0,0.0,0.0,0.0,0.0,0.0,-0.3576983109050089,0.0
2023-01-03,19.429519047407368,31.196717332960276,0.0,0.0,0.0,0.0,-0.11759627396161143,0.0,0.0,0.0,0.0,0.0,0.0
2023-01-04,19.429519047407368,31.196717332960276,0.0,0.0,-0.05404045094076082,0.1371110709808967,0.0,0.0,0.21231867875131272,0.07520760777032907,0.13323560745194135,0.0,-0.1371110709808967
2023-01-05,19.429519047407368,31.196717332960276,0.0,0.0,0.0,0.0,0.0,0.788640041058855,0.0,0.0,0.0,0.0,0.7886400410588585
2023-01-06,19.536032487014257,31.16012992892649,0.1065134396068892,-0.03658740403378502,0.0,0.0,0.0,0.0,0.0,0.0,0.0,-0.0817506500186751,0.0
2023-01-07,19.536032487014257,31.16012992892649,0.0,0.0,0.0,0.0,-0.07141283835416878,0.0,0.0,0.0,0.0,0.0,0.0
2023-01-08,19.536032487014257,31.16012992892649,0.0,0.0,0.05133276709387502,-0.1959071788157214,0.0,0.0,-0.7759914515101212,-0.5800842726935251,-0.30211838623608894,0.0,0.1959071788157214
2023-01-09,19.536032487014257,31.16012992892649,0.0,0.0,0.0,0.0,0.0,-0.1802449711399312,0.0,0.0,0.0,0.0,-0.18024497113993299
2023-01-10,19.47297435104712,31.16012992892649,-0.06305813596713605,0.0,0.0,0.0,0.0,0.0,0.0,0.0,0.0,0.20369641637864722,0.0
2023-01-11,19.47297435104712,31.16012992892649,0.0,0.0,0.0,0.0,0.09547033562312102,0.0,0.0,0.0,0.0,0.0,0.0
2023-01-12,19.47297435104712,31.16012992892649,0.0,0.0,0.07736450314670051,0.32419522790085686,0.0,0.0,0.9737447531023875,0.6495495252005818,0.40021245835171776,0.0,-0.32419522790085864
2023-01-13,19.47297435104712,31.16012992892649,0.0,0.0,0.0,0.0,0.0,0.3335106554732761,0.0,0.0,0.0,0.0,0.3335106554732761
2023-01-14,19.484739192626705,31.16012992892649,0.011764841579584129,0.0,0.0,0.0,0.0,0.0,0.0,0.0,0.0,0.03415328232521109,0.0
2023-01-15,19.484739192626705,31.16012992892649,0.0,0.0,0.0,0.0,-0.0887119958962792,0.0,0.0,0.0,0.0,0.0,0.0
2023-01-16,19.484739192626705,31.16012992892649,0.0,0.0,0.1032674017996662,-0.042593188929030745,0.0,0.0,-0.33898821727763107,-0.29639502834824294,-0.06888345885740063,0.0,0.042593188929030745
2023-01-17,19.484739192626705,31.16012992892649,0.0,0.0,0.0,0.0,0.0,0.08441767365817654,0.0,0.0,0.0,0.0,0.08441767365817832
2023-01-18,19.382359371754152,31.257771241947292,-0.10237982087255304,0.09764131302080159,0.0,0.0,0.0,0.0,0.0,0.0,0.0,0.2522061635756605,0.0
2023-01-19,19.382359371754152,31.257771241947292,0.0,0.0,0.0,0.0,0.12387443917364038,0.0,0.0,0.0,0.0,0.0,0.0
2023-01-20,19.382359371754152,31.257771241947292,0.0,0.0,-0.07011434877587419,-0.023327809427208024,0.0,0.0,0.6793141347229419,0.7026419441494451,0.025631503502724057,0.0,0.023327809427208024
2023-01-21,19.382359371754152,31.257771241947292,0.0,0.0,0.0,0.0,0.0,-0.09011711367227448,0.0,0.0,0.0,0.0,-0.09011711367227271
2023-01-22,19.45799678595977,31.257771241947292,0.07563741420561954,0.0,0.0,0.0,0.0,0.0,0.0,0.0,0.0,-0.2079448348772477,0.0
2023-01-23,19.45799678595977,31.257771241947292,0.0,0.0,0.0,0.0,-0.04950682356557046,0.0,0.0,0.0,0.0,0.0,0.0
2023-01-24,19.45799678595977,31.257771241947292,0.0,0.0,0.03651679708350741,-0.009687707392014744,0.0,0.0,-0.09601951578507517,-0.0863318083929972,0.036860870308961624,0.0,0.009687707392014744
2023-01-25,19.45799678595977,31.257771241947292,0.0,0.0,0.0,0.0,0.0,0.1992772710816233,0.0,0.0,0.0,0.0,0.19927727108162152
2023-01-26,19.484142066064095,31.257771241947292,0.026145280104323376,0.0,0.0,0.0,0.0,0.0,0.0,0.0,0.0,0.06226638872599044,0.0
2023-01-27,19.484142066064095,31.257771241947292,0.0,0.0,0.0,0.0,0.070439565824584,0.0,0.0,0.0,0.0,0.0,0.0
2023-01-28,19.484142066064095,31.257771241947292,0.0,0.0,0.2561857029651975,-0.08592033099389518,0.0,0.0,-0.3743176013638969,-0.28839727036975066,-0.33485500298270704,0.0,0.08592033099389518
2023-01-29,19.484142066064095,31.257771241947292,0.0,0.0,0.0,0.0,0.0,-1.0886673309667323,0.0,0.0,0.0,0.0,-1.0886673309667323
2023-01-30,19.413740433756292,31.303541041401534,-0.07040163230780294,0.04576979945424142,0.0,0.0,0.0,0.0,0.0,0.0,0.0,0.2173525374994012,0.0
2023-01-31,19.413740433756292,31.303541041401534,0.0,0.0,0.0,0.0,0.014233989224257115,0.0,0.0,0.0,0.0,0.0,0.0
2023-02-01,19.413740433756292,31.303541041401534,0.0,0.0,-0.1834318980451748,0.251019299637397,0.0,0.0,0.6488223714366921,0.39780307179896496,0.49548054816298515,0.0,-0.251019299637397
2023-02-02,19.413740433756292,31.303541041401534,0.0,0.0,0.0,0.0,0.0,0.848259178135752,0.0,0.0,0.0,0.0,0.848259178135752
2023-02-03,19.37683587682084,31.303541041401534,-0.03690455693545047,0.0,0.0,0.0,0.0,0.0,0.0,0.0,0.0,0.25821302331004947,0.0
2023-02-04,19.37683587682084,31.303541041401534,0.0,0.0,0.0,0.0,-0.026165825569050227,0.0,0.0,0.0,0.0,0.0,0.0
2023-02-05,19.37683587682084,31.303541041401534,0.0,0.0,0.09564549708809977,-0.30739013336225796,0.0,0.0,-0.45848594557337563,-0.15109581221100646,0.0332054770252056,0.0,0.30739013336225973
2023-02-06,19.37683587682084,31.303541041401534,0.0,0.0,0.0,0.0,0.0,-0.213938682808422,0.0,0.0,0.0,0.0,-0.21393868280842554
2023-02-07,19.44231380620035,31.303541041401534,0.06547792937950803,0.0,0.0,0.0,0.0,0.0,0.0,0.0,0.0,-0.2677621674899018,0.0
2023-02-08,19.44231380620035,31.303541041401534,0.0,0.0,0.0,0.0,-0.01198074088005896,0.0,0.0,0.0,0.0,0.0,0.0
2023-02-09,19.44231380620035,31.303541041401534,0.0,0.0,0.04130262223218395,0.3743689840469546,0.0,0.0,0.4070232876165836,0.03265430356960222,0.2746177325814146,0.0,-0.3743689840469546
2023-02-10,19.44231380620035,31.303541041401534,0.0,0.0,0.0,0.0,0.0,0.39662646216913444,0.0,0.0,0.0,0.0,0.3966264621691362
2023-02-11,19.490433054544546,31.303541041401534,0.048119248344196563,0.0,0.0,0.0,0.0,0.0,0.0,0.0,0.0,-0.07296052509723538,0.0
2023-02-12,19.490433054544546,31.303541041401534,0.0,0.0,0.0,0.0,-0.10014133930839186,0.0,0.0,0.0,0.0,0.0,0.0
2023-02-13,19.490433054544546,31.303541041401534,0.0,0.0,-0.07402939359254646,-0.2106047311100454,0.0,0.0,0.07863075534010378,0.2892354864499589,0.008421252840241644,0.0,0.2106047311100454
2023-02-14,19.490433054544546,31.303541041401534,0.0,0.0,0.0,0.0,0.0,-0.09880248261349678,0.0,0.0,0.0,0.0,-0.09880248261349855
2023-02-15,19.575280908342197,31.29858500033788,0.08484785379765114,-0.004956041063653771,0.0,0.0,0.0,0.0,0.0,0.0,0.0,0.2102163168127238,0.0
2023-02-16,19.575280908342197,31.29858500033788,0.0,0.0,0.0,0.0,0.20606033611699104,0.0,0.0,0.0,0.0,0.0,0.0
2023-02-17,19.575280908342197,31.29858500033788,0.0,0.0,0.1712375893526712,0.07070746121501692,0.0,0.0,0.20210490082809507,0.13139743961300787,-0.05407464255591521,0.0,-0.07070746121501692
2023-02-18,19.575280908342197,31.29858500033788,0.0,0.0,0.0,0.0,0.0,-0.6184201350885523,0.0,0.0,0.0,0.0,-0.6184201350885505
2023-02-19,19.569127042767818,31.29858500033788,-0.00615386557437958,0.0,0.0,0.0,0.0,0.0,0.0,0.0,0.0,-0.4213905032284291,0.0
2023-02-20,19.569127042767818,31.29858500033788,0.0,0.0,0.0,0.0,-0.20908836714829349,0.0,0.0,0.0,0.0,0.0,0.0
2023-02-21,19.569127042767818,31.29858500033788,0.0,0.0,0.030563756994023805,-0.10079521944783565,0.0,0.0,-0.39967588660748277,-0.29888066715947165,-0.0017098618109793184,0.0,0.10079521944783743
2023-02-22,19.569127042767818,31.29858500033788,0.0,0.0,0.0,0.0,0.0,0.6110707838059284,0.0,0.0,0.0,0.0,0.6110707838059284
2023-02-23,19.623194264038094,31.29858500033788,0.05406722127027663,0.0,0.0,0.0,0.0,0.0,0.0,0.0,0.0,0.048385387802836854,0.0
2023-02-24,19.623194264038094,31.29858500033788,0.0,0.0,0.0,0.0,0.1219001172014238,0.0,0.0,0.0,0.0,0.0,0.0
2023-02-25,19.623194264038094,31.29858500033788,0.0,0.0,-0.49978725633726384,-0.11689646444129842,0.0,0.0,-0.14492985268018188,-0.028033388238863866,-0.10175437533644227,0.0,0.11689646444129842
2023-02-26,19.623194264038094,31.29858500033788,0.0,0.0,0.0,0.0,0.0,-1.1186920298935341,0.0,0.0,0.0,0.0,-1.1186920298935359
2023-02-27,19.518060768648695,31.39347263884184,-0.1051334953893992,0.09488763850395898,0.0,0.0,0.0,0.0,0.0,0.0,0.0,0.3669459032263238,0.0
2023-02-28,19.518060768648695,31.39347263884184,0.0,0.0,0.0,0.0,0.050406398302680344,0.0,0.0,0.0,0.0,0.0,0.0
2023-03-01,19.518060768648695,31.39347263884184,0.0,0.0,0.47983894201043853,0.39068350204914104,0.0,0.0,0.4983015896068874,0.10761808755767494,0.13340862290673727,0.0,-0.39068350204914193
2023-03-02,19.518060768648695,31.39347263884184,0.0,0.0,0.0,0.0,0.0,0.923002765208615,0.0,0.0,0.0,0.0,0.9230027652086141
2023-03-03,19.70038232544265,31.39347263884184,0.1823215567939549,0.0,0.0,0.0,0.0,0.0,0.0,0.0,0.0,-0.13868725124537695,0.0
2023-03-04,19.70038232544265,31.39347263884184,0.0,0.0,0.0,0.0,-0.07488791657082672,0.0,0.0,0.0,0.0,0.0,0.0
2023-03-05,19.70038232544265,31.39347263884184,0.0,0.0,-0.14907798718690657,-0.2870224867105158,0.0,0.0,-0.4432197068343289,-0.15619722012370862,-0.08752473283880624,0.0,0.2870224867105158
2023-03-06,19.70038232544265,31.39347263884184,0.0,0.0,0.0,0.0,0.0,0.04120728899771109,0.0,0.0,0.0,0.0,0.041207288997712865
2023-03-07,19.682363819939972,31.39347263884184,-0.018018505502677584,0.0,0.0,0.0,0.0,0.0,0.0,0.0,0.0,-0.005385042630886794,0.0
2023-03-08,19.682363819939972,31.39347263884184,0.0,0.0,0.0,0.0,-0.03386772948987726,0.0,0.0,0.0,0.0,0.0,0.0
2023-03-09,19.682363819939972,31.39347263884184,0.0,0.0,-0.16207111357228143,0.16142950647873988,0.0,0.0,0.8876896794691564,0.7262601729900402,-0.05751116684669033,0.0,-0.16142950647873988
2023-03-10,19.682363819939972,31.39347263884184,0.0,0.0,0.0,0.0,0.0,0.369299953563921,0.0,0.0,0.0,0.0,0.36929995356392276
2023-03-11,19.693861545205515,31.404970364107378,0.011497725265542158,0.011497725265538605,0.0,0.0,0.0,0.0,0.0,0.0,0.0,0.036059049815698074,0.0
2023-03-12,19.693861545205515,31.404970364107378,0.0,0.0,0.0,0.0,-0.054832054816564835,0.0,0.0,0.0,0.0,0.0,0.0
2023-03-13,19.693861545205515,31.404970364107378,0.0,0.0,0.19276167887039009,-0.011185842368725218,0.0,0.0,-0.4631490751446776,-0.45196323277575046,0.12373993154667795,0.0,0.011185842368725218
2023-03-14,19.693861545205515,31.404970364107378,0.0,0.0,0.0,0.0,0.0,0.4978048177292429,0.0,0.0,0.0,0.0,0.49780481772923935
2023-03-15,19.57834865808367,31.404970364107378,-0.11551288712184515,0.0,0.0,0.0,0.0,0.0,0.0,0.0,0.0,0.25270235355572623,0.0
2023-03-16,19.57834865808367,31.404970364107378,0.0,0.0,0.0,0.0,0.10134999295459224,0.0,0.0,0.0,0.0,0.0,0.0
2023-03-17,19.57834865808367,31.404970364107378,0.0,0.0,0.09077201783584599,0.017014087443374848,0.0,0.0,0.620773991278778,0.6037599038351521,-0.08350803056013445,0.0,-0.017014087443374848
2023-03-18,19.57834865808367,31.404970364107378,0.0,0.0,0.0,0.0,0.0,-0.8426873175745335,0.0,0.0,0.0,0.0,-0.8426873175745317
2023-03-19,19.585128345069048,31.404970364107378,0.0067796869853786745,0.0,0.0,0.0,0.0,0.0,0.0,0.0,0.0,-0.3363104374136374,0.0
2023-03-20,19.585128345069048,31.404970364107378,0.0,0.0,0.0,0.0,0.05345640312479283,0.0,0.0,0.0,0.0,0.0,0.0
2023-03-21,19.585128345069048,31.404970364107378,0.0,0.0,0.046986673941916024,-0.032671577314681954,0.0,0.0,-0.3110264363233739,-0.2783548590085947,0.04546634267625482,0.0,0.032671577314681954
2023-03-22,19.585128345069048,31.404970364107378,0.0,0.0,0.0,0.0,0.0,0.6064332955689089,0.0,0.0,0.0,0.0,0.6064332955689071
2023-03-23,19.802346107147542,31.409914247108564,0.2172177620784943,0.004943883001185867,0.0,0.0,0.0,0.0,0.0,0.0,0.0,-0.1526418149615658,0.0
2023-03-24,19.802346107147542,31.409914247108564,0.0,0.0,0.0,0.0,-0.059075382680449096,0.0,0.0,0.0,0.0,0.0,0.0
2023-03-25,19.802346107147542,31.409914247108564,0.0,0.0,-0.028392923232903655,-0.12224626711930497,0.0,0.0,0.023345985373122602,0.14559225249237318,0.04973359326033744,0.0,0.12224626711930497
2023-03-26,19.802346107147542,31.409914247108564,0.0,0.0,0.0,0.0,0.0,-1.4236537054700769,0.0,0.0,0.0,0.0,-1.4236537054700733
2023-03-27,19.657989226628775,31.477831245667105,-0.14435688051876738,0.06791699855854105,0.0,0.0,0.0,0.0,0.0,0.0,0.0,0.20611280439924196,0.0
2023-03-28,19.657989226628775,31.477831245667105,0.0,0.0,0.0,0.0,0.0012218561746966117,0.0,0.0,0.0,0.0,0.0,0.0
2023-03-29,19.657989226628775,31.477831245667105,0.0,0.0,0.03193904698815686,0.14248635953748767,0.0,0.0,-0.08280810304091801,-0.2252944625783171,-0.0367537742264169,0.0,-0.14248635953748767
2023-03-30,19.657989226628775,31.477831245667105,0.0,0.0,0.0,0.0,0.0,1.7102075321530634,0.0,0.0,0.0,0.0,1.7102075321530599
2023-03-31,19.609536843242825,31.477831245667105,-0.048452383385949815,0.0,0.0,0.0,0.0,0.0,0.0,0.0,0.0,0.07991883031195579,0.0
2023-04-01,19.609536843242825,31.477831245667105,0.0,0.0,0.0,0.0,0.02559770389813565,0.0,0.0,0.0,0.0,0.0,0.0
2023-04-02,19.609536843242825,31.477831245667105,0.0,0.0,0.029507383581762525,0.02065850041494599,0.0,0.0,-0.10596684781239318,-0.12662534822728222,-0.0713875715541401,0.0,-0.02065850041494599
2023-04-03,19.609536843242825,31.477831245667105,0.0,0.0,0.0,0.0,0.0,-0.8073304361950306,0.0,0.0,0.0,0.0,-0.8073304361950289
2023-04-04,19.748373288097042,31.477831245667105,0.13883644485421698,0.0,0.0,0.0,0.0,0.0,0.0,0.0,0.0,0.22769215996750614,0.0
2023-04-05,19.748373288097042,31.477831245667105,0.0,0.0,0.0,0.0,0.024471248157313497,0.0,0.0,0.0,0.0,0.0,0.0
2023-04-06,19.748373288097042,31.477831245667105,0.0,0.0,0.09073173364418352,0.03564572135890387,0.0,0.0,0.3173272805493408,0.28168155919031634,0.042519026626764655,0.0,-0.035645721358905647
2023-04-07,19.748373288097042,31.477831245667105,0.0,0.0,0.0,0.0,0.0,-0.38068557224799804,0.0,0.0,0.0,0.0,-0.3806855722479945
2023-04-08,19.673259439906683,31.49988114593039,-0.07511384819035882,0.022049900263287014,0.0,0.0,0.0,0.0,0.0,0.0,0.0,-0.23265988006943994,0.0
2023-04-09,19.673259439906683,31.49988114593039,0.0,0.0,0.0,0.0,-0.23307462283526803,0.0,0.0,0.0,0.0,0.0,0.0
2023-04-10,19.673259439906683,31.49988114593039,0.0,0.0,-0.285506462788252,-0.20076360125731085,0.0,0.0,-0.42897478557956426,-0.2282111843221577,-0.18791229423191236,0.0,0.20076360125731085
2023-04-11,19.673259439906683,31.49988114593039,0.0,0.0,0.0,0.0,0.0,1.20560891611645,0.0,0.0,0.0,0.0,1.20560891611645
2023-04-12,19.758000668361774,31.49988114593039,0.08474122845509058,0.0,0.0,0.0,0.0,0.0,0.0,0.0,0.0,-0.2890109763017945,0.0
2023-04-13,19.758000668361774,31.49988114593039,0.0,0.0,0.0,0.0,0.23365380359543586,0.0,0.0,0.0,0.0,0.0,0.0
2023-04-14,19.758000668361774,31.49988114593039,0.0,0.0,0.21607410720121223,0.08702547558108087,0.0,0.0,0.30906848207335713,0.222043006492184,0.0912338815385737,0.0,-0.08702547558108087
2023-04-15,19.758000668361774,31.49988114593039,0.0,0.0,0.0,0.0,0.0,-1.331489186426733,0.0,0.0,0.0,0.0,-1.3314891864267349
2023-04-16,19.50310841873298,31.49988114593039,-0.2548922496287922,0.0,0.0,0.0,0.0,0.0,0.0,0.0,0.0,0.20975647053172009,0.0
2023-04-17,19.50310841873298,31.49988114593039,0.0,0.0,0.0,0.0,-0.07945727053534846,0.0,0.0,0.0,0.0,0.0,0.0
2023-04-18,19.50310841873298,31.49988114593039,0.0,0.0,0.12311435300390272,-0.01093759163512864,0.0,0.0,-0.3297194160380137,-0.31878182440274505,-0.0013712909113153815,0.0,0.01093759163512864
2023-04-19,19.50310841873298,31.49988114593039,0.0,0.0,0.0,0.0,0.0,0.6517799513776907,0.0,0.0,0.0,0.0,0.6517799513776907
2023-04-20,19.581685087477915,31.508390252058607,0.07857666874493319,0.008509106128215649,0.0,0.0,0.0,0.0,0.0,0.0,0.0,0.17781907282561793,0.0
2023-04-21,19.581685087477915,31.508390252058607,0.0,0.0,0.0,0.0,0.1483824724981968,0.0,0.0,0.0,0.0,0.0,0.0
2023-04-22,19.581685087477915,31.508390252058607,0.0,0.0,-0.19744816208308436,0.12674408709884766,0.0,0.0,-0.30584224267280646,-0.4325863297713764,-0.05123060335081919,0.0,-0.12674408709884766
2023-04-23,19.581685087477915,31.508390252058607,0.0,0.0,0.0,0.0,0.0,-0.904805279892134,0.0,0.0,0.0,0.0,-0.9048052798921322
2023-04-24,19.64866045351531,31.516954855939584,0.06697536603739351,0.008564603880977018,0.0,0.0,0.0,0.0,0.0,0.0,0.0,0.3945757083088606,0.0
2023-04-25,19.64866045351531,31.516954855939584,0.0,0.0,0.0,0.0,-0.15035832203746935,0.0,0.0,0.0,0.0,0.0,0.0
2023-04-26,19.64866045351531,31.516954855939584,0.0,0.0,-0.06308594589930294,0.20728007041159202,0.0,0.0,0.7567973633249494,0.5495172929130236,-0.04776534418432776,0.0,-0.20728007041159202
2023-04-27,19.64866045351531,31.516954855939584,0.0,0.0,0.0,0.0,0.0,0.8877085549055082,0.0,0.0,0.0,0.0,0.8877085549055082
2023-04-28,19.690333149915876,31.516954855939584,0.04167269640056759,0.0,0.0,0.0,0.0,0.0,0.0,0.0,0.0,-0.218743271093782,0.0
2023-04-29,19.690333149915876,31.516954855939584,0.0,0.0,0.0,0.0,-0.05395843715358595,0.0,0.0,0.0,0.0,0.0,0.0
2023-04-30,19.690333149915876,31.516954855939584,0.0,0.0,0.15762072862573717,0.2643304328248437,0.0,0.0,0.37895142051609376,0.11462098769119944,0.024307023712103915,0.0,-0.2643304328248437
2023-05-01,19.690333149915876,31.516954855939584,0.0,0.0,0.0,0.0,0.0,-0.06772910529658205,0.0,0.0,0.0,0.0,-0.06772910529658382
2023-05-02,19.55971296749881,31.516954855939584,-0.13062018241706497,0.0,0.0,0.0,0.0,0.0,0.0,0.0,0.0,0.13372062528663342,0.0
2023-05-03,19.55971296749881,31.516954855939584,0.0,0.0,0.0,0.0,0.14678036384787418,0.0,0.0,0.0,0.0,0.0,0.0
2023-05-04,19.55971296749881,31.516954855939584,0.0,0.0,0.04192013569604569,-0.14633485144646663,0.0,0.0,0.8544075993072919,1.000742450753502,-0.031269528616394704,0.0,0.14633485144646663
2023-05-05,19.55971296749881,31.516954855939584,0.0,0.0,0.0,0.0,0.0,-0.02673750662491159,0.0,0.0,0.0,0.0,-0.026737506624909813
2023-05-06,19.689229431532688,31.502337418389676,0.12951646403387684,-0.01461743754990863,0.0,0.0,0.0,0.0,0.0,0.0,0.0,-0.19377765650982814,0.0
2023-05-07,19.689229431532688,31.502337418389676,0.0,0.0,0.0,0.0,-0.412764071162087,0.0,0.0,0.0,0.0,0.0,0.0
2023-05-08,19.689229431532688,31.502337418389676,0.0,0.0,0.33805248745560945,0.15776412692898845,0.0,0.0,1.6873600951581214,1.5295959682290168,0.06464618432485375,0.0,-0.15776412692899022
2023-05-09,19.689229431532688,31.502337418389676,0.0,0.0,0.0,0.0,0.0,-0.09578813920176188,0.0,0.0,0.0,0.0,-0.09578813920176188
2023-05-10,19.82108156263749,31.502337418389676,0.13185213110480376,0.0,0.0,0.0,0.0,0.0,0.0,0.0,0.0,0.11599508595782648,0.0
2023-05-11,19.82108156263749,31.502337418389676,0.0,0.0,0.0,0.0,0.2133017740851617,0.0,0.0,0.0,0.0,0.0,0.0
2023-05-12,19.82108156263749,31.502337418389676,0.0,0.0,-0.4017817988276846,-0.1216983875351616,0.0,0.0,-1.353618538459374,-1.2319201509241346,-0.019396811732741104,0.0,0.1216983875351616
2023-05-13,19.82108156263749,31.502337418389676,0.0,0.0,0.0,0.0,0.0,-0.8333968206557643,0.0,0.0,0.0,0.0,-0.8333968206557643
2023-05-14,19.84433842480176,31.502337418389676,0.023256862164267034,0.0,0.0,0.0,0.0,0.0,0.0,0.0,0.0,-0.2518258587630564,0.0
2023-05-15,19.84433842480176,31.502337418389676,0.0,0.0,0.0,0.0,-0.029303186088981192,0.0,0.0,0.0,0.0,0.0,0.0
2023-05-16,19.84433842480176,31.502337418389676,0.0,0.0,0.07479138114144845,0.1066496546845439,0.0,0.0,-0.36550359229364027,-0.47215324697811667,0.025910864140162193,0.0,-0.10664965468454213
2023-05-17,19.84433842480176,31.502337418389676,0.0,0.0,0.0,0.0,0.0,0.9113347373973433,0.0,0.0,0.0,0.0,0.9113347373973415
2023-05-18,19.658382543586928,31.526676946011204,-0.18595588121483075,0.024339527621528134,0.0,0.0,0.0,0.0,0.0,0.0,0.0,0.18293524199269884,0.0
2023-05-19,19.658382543586928,31.526676946011204,0.0,0.0,0.0,0.0,0.13688155598180884,0.0,0.0,0.0,0.0,0.0,0.0
2023-05-20,19.658382543586928,31.526676946011204,0.0,0.0,-0.21097342504578975,-0.2902993798648801,0.0,0.0,-0.3274602635645749,-0.037160883699688396,-0.0024629090925342156,0.0,0.2902993798648801
2023-05-21,19.658382543586928,31.526676946011204,0.0,0.0,0.0,0.0,0.0,-1.136405752990214,0.0,0.0,0.0,0.0,-1.136405752990214
2023-05-22,19.686756393118948,31.53399738634539,0.028373849532020046,0.007320440334186884,0.0,0.0,0.0,0.0,0.0,0.0,0.0,-0.08311490671049837,0.0
2023-05-23,19.686756393118948,31.53399738634539,0.0,0.0,0.0,0.0,-0.04227679652621674,0.0,0.0,0.0,0.0,0.0,0.0
2023-05-24,19.686756393118948,31.53399738634539,0.0,0.0,0.03342300996018821,-0.04393795967012615,0.0,0.0,-0.2853572952222603,-0.24141933555208328,0.04788851423755924,0.0,0.04393795967012615
2023-05-25,19.686756393118948,31.53399738634539,0.0,0.0,0.0,0.0,0.0,1.4496794110878,0.0,0.0,0.0,0.0,1.4496794110878017
2023-05-26,19.74738101493538,31.53399738634539,0.06062462181643369,0.0,0.0,0.0,0.0,0.0,0.0,0.0,0.0,-0.005012541823544048,0.0
2023-05-27,19.74738101493538,31.53399738634539,0.0,0.0,0.0,0.0,0.054678303283560936,0.0,0.0,0.0,0.0,0.0,0.0
2023-05-28,19.74738101493538,31.53399738634539,0.0,0.0,0.14090979826854166,0.20172176425558597,0.0,0.0,-0.009749307964527887,-0.211471072220059,-0.05564023623254888,0.0,-0.20172176425558597
2023-05-29,19.74738101493538,31.53399738634539,0.0,0.0,0.0,0.0,0.0,-0.2740570895925103,0.0,0.0,0.0,0.0,-0.27405708959251207
2023-05-30,19.753895695956576,31.53399738634539,0.006514681021194235,0.0,0.0,0.0,0.0,0.0,0.0,0.0,0.0,0.19769688565302745,0.0
2023-05-31,19.753895695956576,31.53399738634539,0.0,0.0,0.0,0.0,0.05257371950908585,0.0,0.0,0.0,0.0,0.0,0.0
2023-06-01,19.753895695956576,31.53399738634539,0.0,0.0,-0.15673742994712825,-0.3320030201502071,0.0,0.0,0.11388523129301653,0.4458882514431195,-0.0590916950986653,0.0,0.33200302015020533
2023-06-02,19.753895695956576,31.53399738634539,0.0,0.0,0.0,0.0,0.0,0.1913082648390656,0.0,0.0,0.0,0.0,0.19130826483906738
2023-06-03,19.617911261747825,31.567431104094688,-0.13598443420875128,0.03343371774929693,0.0,0.0,0.0,0.0,0.0,0.0,0.0,-0.15186234930923215,0.0
2023-06-04,19.617911261747825,31.567431104094688,0.0,0.0,0.0,0.0,-0.1859082945271613,0.0,0.0,0.0,0.0,0.0,0.0
2023-06-05,19.617911261747825,31.567431104094688,0.0,0.0,-0.01842631912375836,0.009138254968680926,0.0,0.0,-0.22980917470971995,-0.2389474296783518,-0.0010361635606306319,0.0,-0.009138254968680926
2023-06-06,19.617911261747825,31.567431104094688,0.0,0.0,0.0,0.0,0.0,-0.007571679611622528,0.0,0.0,0.0,0.0,-0.007571679611622528
2023-06-07,19.655651589730674,31.567431104094688,0.03774032798284921,0.0,0.0,0.0,0.0,0.0,0.0,0.0,0.0,0.2592825979300608,0.0
2023-06-08,19.655651589730674,31.567431104094688,0.0,0.0,0.0,0.0,0.14737531549758742,0.0,0.0,0.0,0.0,0.0,0.0
2023-06-09,19.655651589730674,31.567431104094688,0.0,0.0,0.2195300185641571,0.07461206453574576,0.0,0.0,0.25768023843689747,0.18306817390111307,0.020625093678689477,0.0,-0.07461206453574576
2023-06-10,19.655651589730674,31.567431104094688,0.0,0.0,0.0,0.0,0.0,-0.29305510228841314,0.0,0.0,0.0,0.0,-0.29305510228841314
2023-06-11,19.844127012099005,31.567431104094688,0.18847542236833092,0.0,0.0,0.0,0.0,0.0,0.0,0.0,0.0,-0.5679840376058825,0.0
2023-06-12,19.844127012099005,31.567431104094688,0.0,0.0,0.0,0.0,-0.10002421761851465,0.0,0.0,0.0,0.0,0.0,0.0
2023-06-13,19.844127012099005,31.567431104094688,0.0,0.0,-0.19911944068742216,0.058692791383380793,0.0,0.0,-0.7099320636533797,-0.7686248550365342,0.09763354616675379,0.0,-0.058692791383380793
2023-06-14,19.844127012099005,31.567431104094688,0.0,0.0,0.0,0.0,0.0,0.35778174002414076,0.0,0.0,0.0,0.0,0.35778174002414076
2023-06-15,19.769139428736707,31.588981447775037,-0.07498758336229727,0.02155034368034947,0.0,0.0,0.0,0.0,0.0,0.0,0.0,0.26286690333202634,0.0
2023-06-16,19.769139428736707,31.588981447775037,0.0,0.0,0.0,0.0,0.2144547706508142,0.0,0.0,0.0,0.0,0.0,0.0
2023-06-17,19.769139428736707,31.588981447775037,0.0,0.0,-0.011367585978259598,0.14651067454723865,0.0,0.0,0.09986510638528934,-0.04664556816192855,-0.04839652671111805,0.0,-0.14651067454723865
2023-06-18,19.769139428736707,31.588981447775037,0.0,0.0,0.0,0.0,0.0,-0.5221903963110677,0.0,0.0,0.0,0.0,-0.5221903963110677
2023-06-19,19.727754212573853,31.588981447775037,-0.04138521616285473,0.0,0.0,0.0,0.0,0.0,0.0,0.0,0.0,-0.009255429974159401,0.0
2023-06-20,19.727754212573853,31.588981447775037,0.0,0.0,0.0,0.0,-0.024365907238394158,0.0,0.0,0.0,0.0,0.0,0.0
2023-06-21,19.727754212573853,31.588981447775037,0.0,0.0,-0.04840709157155487,-0.26867130288140295,0.0,0.0,0.18751325115028195,0.456184554031522,-0.06333786304073852,0.0,0.26867130288140295
2023-06-22,19.727754212573853,31.588981447775037,0.0,0.0,0.0,0.0,0.0,0.8308489873850817,0.0,0.0,0.0,0.0,0.8308489873850817
2023-06-23,19.600240892274893,31.588981447775037,-0.12751332029895934,0.0,0.0,0.0,0.0,0.0,0.0,0.0,0.0,0.1868197369958371,0.0
2023-06-24,19.600240892274893,31.588981447775037,0.0,0.0,0.0,0.0,-0.08780864194423188,0.0,0.0,0.0,0.0,0.0,0.0
2023-06-25,19.600240892274893,31.588981447775037,0.0,0.0,0.2543018670356183,0.05225778727371022,0.0,0.0,-0.3603460621027885,-0.41260384937635464,0.14986043631461543,0.0,-0.05225778727371022
2023-06-26,19.600240892274893,31.588981447775037,0.0,0.0,0.0,0.0,0.0,-0.2417377328115684,0.0,0.0,0.0,0.0,-0.2417377328115684
2023-06-27,19.713569577581897,31.588981447775037,0.11332868530700324,0.0,0.0,0.0,0.0,0.0,0.0,0.0,0.0,-0.15438446124268657,0.0
2023-06-28,19.713569577581897,31.588981447775037,0.0,0.0,0.0,0.0,-0.08621498652434134,0.0,0.0,0.0,0.0,0.0,0.0
2023-06-29,19.713569577581897,31.588981447775037,0.0,0.0,-0.043614176544583216,0.13522777852947243,0.0,0.0,0.22524626783256707,0.09001848930305656,-0.1081128552617534,0.0,-0.13522777852947243
2023-06-30,19.713569577581897,31.588981447775037,0.0,0.0,0.0,0.0,0.0,0.40172442884665926,0.0,0.0,0.0,0.0,0.4017244288466575
2023-07-01,19.62918028152895,31.555885446109638,-0.08438929605294732,-0.033096001665398944,0.0,0.0,0.0,0.0,0.0,0.0,0.0,-0.09073799679027506,0.0
2023-07-02,19.62918028152895,31.555885446109638,0.0,0.0,0.0,0.0,-0.1604853584947783,0.0,0.0,0.0,0.0,0.0,0.0
2023-07-03,19.62918028152895,31.555885446109638,0.0,0.0,-0.032236918665741854,-0.28929834361844975,0.0,0.0,-0.33987291695591537,-0.050574573337445416,0.05993773632283328,0.0,0.2892983436184515
2023-07-04,19.62918028152895,31.555885446109638,0.0,0.0,0.0,0.0,0.0,-0.5319874947217222,0.0,0.0,0.0,0.0,-0.5319874947217222
2023-07-05,19.78225627022644,31.555885446109638,0.15307598869749128,0.0,0.0,0.0,0.0,0.0,0.0,0.0,0.0,-0.012624153228395052,0.0
2023-07-06,19.78225627022644,31.555885446109638,0.0,0.0,0.0,0.0,0.28291385746044106,0.0,0.0,0.0,0.0,0.0,0.0
2023-07-07,19.78225627022644,31.555885446109638,0.0,0.0,0.19489061958319098,0.5274323648152617,0.0,0.0,-0.316294846581906,-0.8437272113966255,0.010753098234660863,0.0,-0.5274323648152617
2023-07-08,19.78225627022644,31.555885446109638,0.0,0.0,0.0,0.0,0.0,-0.5784879175583448,0.0,0.0,0.0,0.0,-0.5784879175583466
2023-07-09,19.868729868230268,31.555885446109638,0.08647359800382759,0.0,0.0,0.0,0.0,0.0,0.0,0.0,0.0,0.12601684058347384,0.0
2023-07-10,19.868729868230268,31.555885446109638,0.0,0.0,0.0,0.0,-0.042686245347910656,0.0,0.0,0.0,0.0,0.0,0.0
2023-07-11,19.868729868230268,31.555885446109638,0.0,0.0,-0.24341883513624296,-0.2516898747061429,0.0,0.0,-0.11597289210391182,0.13571698260211176,-0.04807687445218323,0.0,0.2516898747061447
2023-07-12,19.868729868230268,31.555885446109638,0.0,0.0,0.0,0.0,0.0,0.8093106488886939,0.0,0.0,0.0,0.0,0.8093106488886939
2023-07-13,19.588796313640948,31.61835886366135,-0.27993355458932,0.06247341755171121,0.0,0.0,0.0,0.0,0.0,0.0,0.0,0.13732419086320657,0.0
2023-07-14,19.588796313640948,31.61835886366135,0.0,0.0,0.0,0.0,0.1120992122541189,0.0,0.0,0.0,0.0,0.0,0.0
2023-07-15,19.588796313640948,31.61835886366135,0.0,0.0,0.014970532697809347,0.11500405389026014,0.0,0.0,-0.01363554736714434,-0.12863960125729235,-0.018559533281427343,0.0,-0.11500405389026191
2023-07-16,19.588796313640948,31.61835886366135,0.0,0.0,0.0,0.0,0.0,0.0,0.0,0.0,0.0,0.0,0.0
2023-07-17,19.713959456594957,31.61835886366135,0.12516314295400832,0.0,0.0,0.0,0.0,-0.17060810630681544,0.0,0.0,0.0,-0.24713905687040194,-0.17060810630681367
2023-07-18,19.713959456594957,31.61835886366135,0.0,0.0,0.0,0.0,0.01983175403413817,0.0,0.0,0.0,0.0,0.0,0.0
2023-07-19,19.713959456594957,31.61835886366135,0.0,0.0,0.04555681890827401,-0.009802933576137818,0.0,0.0,0.059249615054007165,0.06905254863008428,0.032324717498788624,0.0,0.009802933576139594
2023-07-20,19.713959456594957,31.61835886366135,0.0,0.0,0.0,0.0,0.0,0.0,0.0,0.0,0.0,0.0,0.0
2023-07-21,19.519803442153997,31.61835886366135,-0.19415601444095998,0.0,0.0,0.0,0.0,0.02005022566512693,0.0,0.0,0.0,0.274651108460116,0.020050225665125154
2023-07-22,19.519803442153997,31.61835886366135,0.0,0.0,0.0,0.0,-0.3313507324610647,0.0,0.0,0.0,0.0,0.0,0.0
2023-07-23,19.519803442153997,31.61835886366135,0.0,0.0,-0.0006276475026361084,0.1529604102509854,0.0,0.0,0.33957414604144454,0.18661373579030718,-0.004813754604546694,0.0,-0.1529604102509854
2023-07-24,19.519803442153997,31.61835886366135,0.0,0.0,0.0,0.0,0.0,0.0,0.0,0.0,0.0,0.0,0.0
2023-07-25,19.728558256016107,31.61835886366135,0.20875481386211092,0.0,0.0,0.0,0.0,-0.24336125453077528,0.0,0.0,0.0,-0.2872298906669748,-0.24336125453077528
2023-07-26,19.728558256016107,31.61835886366135,0.0,0.0,0.0,0.0,0.2808517110976112,0.0,0.0,0.0,0.0,0.0,0.0
2023-07-27,19.728558256016107,31.61835886366135,0.0,0.0,-0.0718611159961533,-0.303725531235024,0.0,0.0,-0.21205430106259904,0.09167123017236217,-0.0454681074205594,0.0,0.303725531235024
2023-07-28,19.728558256016107,31.61835886366135,0.0,0.0,0.0,0.0,0.0,0.0,0.0,0.0,0.0,0.0,0.0
2023-07-29,19.654306309957104,31.58855868017318,-0.07425194605900387,-0.029800183488170262,0.0,0.0,0.0,-0.492575086338487,0.0,0.0,0.0,0.04508054511139159,-0.492575086338487
2023-07-30,19.654306309957104,31.58855868017318,0.0,0.0,0.0,0.0,0.08255773528850519,0.0,0.0,0.0,0.0,0.0,0.0
2023-07-31,19.654306309957104,31.58855868017318,0.0,0.0,0.043195383589747394,0.07603019413277146,0.0,0.0,-0.20508140180265855,-0.28111159593521423,0.015194475554047293,0.0,-0.07603019413276968
2023-08-01,19.654306309957104,31.58855868017318,0.0,0.0,0.0,0.0,0.0,0.0,0.0,0.0,0.0,0.0,0.0
2023-08-02,19.80845698978436,31.58855868017318,0.15415067982725716,0.0,0.0,0.0,0.0,0.7677596860828722,0.0,0.0,0.0,-0.12211392159420997,0.7677596860828704
2023-08-03,19.80845698978436,31.58855868017318,0.0,0.0,0.0,0.0,-0.111133270635829,0.0,0.0,0.0,0.0,0.0,0.0
2023-08-04,19.80845698978436,31.58855868017318,0.0,0.0,-0.174550549438937,-0.33599127454423616,0.0,0.0,0.27185288131363095,0.607844155857465,-0.051678673167550315,0.0,0.3359912745442344
2023-08-05,19.80845698978436,31.58855868017318,0.0,0.0,0.0,0.0,0.0,0.0,0.0,0.0,0.0,0.0,0.0
2023-08-06,19.871370815194933,31.58855868017318,0.06291382541057189,0.0,0.0,0.0,0.0,-1.0359926683972631,0.0,0.0,0.0,0.1272863469191976,-1.0359926683972613
2023-08-07,19.871370815194933,31.58855868017318,0.0,0.0,0.0,0.0,-0.05759958311239899,0.0,0.0,0.0,0.0,0.0,0.0
2023-08-08,19.871370815194933,31.58855868017318,0.0,0.0,0.03282915732765446,0.039125788402813555,0.0,0.0,0.26095670695817574,0.2218309185552666,-0.01990181100614624,0.0,-0.039125788402813555
2023-08-09,19.871370815194933,31.58855868017318,0.0,0.0,0.0,0.0,0.0,0.0,0.0,0.0,0.0,0.0,0.0
2023-08-10,19.616892146690894,31.58975935303475,-0.25447866850403855,0.001200672861571661,0.0,0.0,0.0,0.9531907172546568,0.0,0.0,0.0,0.11902426367652108,0.953190717254655
2023-08-11,19.616892146690894,31.58975935303475,0.0,0.0,0.0,0.0,0.08174646083125303,0.0,0.0,0.0,0.0,0.0,0.0
2023-08-12,19.616892146690894,31.58975935303475,0.0,0.0,0.27061603559532443,0.41974100071042564,0.0,0.0,-0.40807802387657865,-0.8278190245865071,0.020147811560242368,0.0,-0.41974100071042386
2023-08-13,19.616892146690894,31.58975935303475,0.0,0.0,0.0,0.0,0.0,0.0,0.0,0.0,0.0,0.0,0.0
2023-08-14,19.914368616734965,31.58975935303475,0.29747647004407085,0.0,0.0,0.0,0.0,0.03825590588903438,0.0,0.0,0.0,-0.29842661173472607,0.03825590588903438
2023-08-15,19.914368616734965,31.58975935303475,0.0,0.0,0.0,0.0,0.06885040847939194,0.0,0.0,0.0,0.0,0.0,0.0
2023-08-16,19.914368616734965,31.58975935303475,0.0,0.0,-0.022878677644836642,0.11769880591198856,0.0,0.0,-0.07488896039881432,-0.1925877663106152,0.055314588440981916,0.0,-0.11769880591198678
2023-08-17,19.914368616734965,31.58975935303475,0.0,0.0,0.0,0.0,0.0,0.0,0.0,0.0,0.0,0.0,0.0
2023-08-18,19.707178993362994,31.58975935303475,-0.20718962337197055,0.0,0.0,0.0,0.0,0.17657422827161184,0.0,0.0,0.0,0.29842661173472607,0.17657422827161007
2023-08-19,19.707178993362994,31.58975935303475,0.0,0.0,0.0,0.0,-0.22401435228814215,0.0,0.0,0.0,0.0,0.0,0.0
2023-08-20,19.707178993362994,31.58975935303475,0.0,0.0,-0.11771794462559981,0.0773411538948583,0.0,0.0,-0.29430881288455524,-0.371649966778935,0.021426656591246873,0.0,-0.07734115389486007
2023-08-21,19.707178993362994,31.58975935303475,0.0,0.0,0.0,0.0,0.0,0.0,0.0,0.0,0.0,0.0,0.0
2023-08-22,19.758144269049687,31.612353931592224,0.050965275686692735,0.02259457855747371,0.0,0.0,0.0,-0.3395098813399784,0.0,0.0,0.0,-0.053304153701768,-0.33950988133997484
2023-08-23,19.758144269049687,31.612353931592224,0.0,0.0,0.0,0.0,0.037013579415258846,0.0,0.0,0.0,0.0,0.0,0.0
2023-08-24,19.758144269049687,31.612353931592224,0.0,0.0,-0.1529760263784894,-0.4281454755097691,0.0,0.0,0.15029360538297354,0.578439080892064,-0.09193908088322872,0.0,0.4281454755097691
2023-08-25,19.758144269049687,31.612353931592224,0.0,0.0,0.0,0.0,0.0,0.0,0.0,0.0,0.0,0.0,0.0
2023-08-26,19.752516561814023,31.649589928788345,-0.005627707235664303,0.03723599719612025,0.0,0.0,0.0,-0.9607884585902973,0.0,0.0,0.0,0.10969891725641423,-0.960788458590299
2023-08-27,19.752516561814023,31.649589928788345,0.0,0.0,0.0,0.0,-0.07310593415256683,0.0,0.0,0.0,0.0,0.0,0.0
2023-08-28,19.752516561814023,31.649589928788345,0.0,0.0,-0.17096957604715968,-0.1861796627763148,0.0,0.0,-0.037249851897660946,0.14892981087853394,0.008063158461364295,0.0,0.1861796627763148
2023-08-29,19.752516561814023,31.649589928788345,0.0,0.0,0.0,0.0,0.0,0.0,0.0,0.0,0.0,0.0,0.0
2023-08-30,19.668817542937376,31.649589928788345,-0.0836990188766471,0.0,0.0,0.0,0.0,1.2011055852803167,0.0,0.0,0.0,-0.16685733109635725,1.2011055852803185
2023-08-31,19.668817542937376,31.649589928788345,0.0,0.0,0.0,0.0,0.20250363918443526,0.0,0.0,0.0,0.0,0.0,0.0
2023-09-01,19.668817542937376,31.649589928788345,0.0,0.0,0.24478547289643515,0.2360178126562733,0.0,0.0,0.4254549328763009,0.1894371202198985,0.064049710091939,0.0,-0.2360178126562733
2023-09-02,19.668817542937376,31.649589928788345,0.0,0.0,0.0,0.0,0.0,0.0,0.0,0.0,0.0,0.0,0.0
2023-09-03,19.895130669012865,31.649589928788345,0.22631312607548892,0.0,0.0,0.0,0.0,-1.2215414281869421,0.0,0.0,0.0,-0.29882663700481027,-1.221541428186943
2023-09-04,19.895130669012865,31.649589928788345,0.0,0.0,0.0,0.0,-0.01625844438445867,0.0,0.0,0.0,0.0,0.0,0.0
2023-09-05,19.895130669012865,31.649589928788345,0.0,0.0,-0.16755528893410698,0.09658822823273105,0.0,0.0,-0.04415770972155286,-0.14074593795419021,-0.09104131062956705,0.0,-0.09658822823273105
2023-09-06,19.895130669012865,31.649589928788345,0.0,0.0,0.0,0.0,0.0,0.0,0.0,0.0,0.0,0.0,0.0
2023-09-07,19.789334047446587,31.622781718540697,-0.10579662156627734,-0.02680821024764768,0.0,0.0,0.0,0.7367135922369457,0.0,0.0,0.0,0.2199199703509347,0.7367135922369465
2023-09-08,19.789334047446587,31.622781718540697,0.0,0.0,0.0,0.0,-0.05034641447752719,0.0,0.0,0.0,0.0,0.0,0.0
2023-09-09,19.789334047446587,31.622781718540697,0.0,0.0,0.17350478934741176,0.2568358014262486,0.0,0.0,0.2620670036586361,0.005231202232382048,0.09611158084675958,0.0,-0.2568358014262486
2023-09-10,19.789334047446587,31.622781718540697,0.0,0.0,0.0,0.0,0.0,0.0,0.0,0.0,0.0,0.0,0.0
2023-09-11,19.874631627958482,31.622781718540697,0.08529758051189518,0.0,0.0,0.0,0.0,0.05683251535126388,0.0,0.0,0.0,-0.16839681732544065,0.056832515351260326
2023-09-12,19.874631627958482,31.622781718540697,0.0,0.0,0.0,0.0,0.12241268094704871,0.0,0.0,0.0,0.0,0.0,0.0
2023-09-13,19.874631627958482,31.622781718540697,0.0,0.0,-0.01934245656025979,-0.15340663134388777,0.0,0.0,-0.03568648406690578,0.11772014727690477,-0.014370152652417145,0.0,0.15340663134388777
2023-09-14,19.874631627958482,31.622781718540697,0.0,0.0,0.0,0.0,0.0,0.0,0.0,0.0,0.0,0.0,0.0
2023-09-15,20.0421693885682,31.622781718540697,0.1675377606097186,0.0,0.0,0.0,0.0,0.11900923384652629,0.0,0.0,0.0,0.023733584332091162,0.11900923384652629
2023-09-16,20.0421693885682,31.622781718540697,0.0,0.0,0.0,0.0,0.11031646376805604,0.0,0.0,0.0,0.0,0.0,0.0
2023-09-17,20.0421693885682,31.622781718540697,0.0,0.0,0.027583471147380578,0.1762616202224958,0.0,0.0,-0.07792132841540145,-0.2541829486377165,0.029489930230747086,0.0,-0.1762616202224958
2023-09-18,20.0421693885682,31.622781718540697,0.0,0.0,0.0,0.0,0.0,0.0,0.0,0.0,0.0,0.0,0.0
2023-09-19,19.770512233078332,31.653092592750085,-0.27165715548986924,0.030310874209387606,0.0,0.0,0.0,-0.024505872315963018,0.0,0.0,0.0,0.400477566597083,-0.024505872315959465
2023-09-20,19.770512233078332,31.653092592750085,0.0,0.0,0.0,0.0,-0.061917364140091635,0.0,0.0,0.0,0.0,0.0,0.0
2023-09-21,19.770512233078332,31.653092592750085,0.0,0.0,-0.0440776659117752,-0.34809675371879045,0.0,0.0,0.5232782765493091,0.8713750302676282,-0.048289905154642265,0.0,0.34809675371879045
2023-09-22,19.770512233078332,31.653092592750085,0.0,0.0,0.0,0.0,0.0,0.0,0.0,0.0,0.0,0.0,0.0
2023-09-23,19.908974895334314,31.676173180887222,0.13846266225598214,0.023080588137137426,0.0,0.0,0.0,-0.5076063850456194,0.0,0.0,0.0,-0.35158587443122524,-0.5076063850456229
2023-09-24,19.908974895334314,31.676173180887222,0.0,0.0,0.0,0.0,-0.18315044168034866,0.0,0.0,0.0,0.0,0.0,0.0
2023-09-25,19.908974895334314,31.676173180887222,0.0,0.0,0.011436545489239336,-0.41224290343631864,0.0,0.0,-0.3704805268690432,0.041762376567260784,0.05335049191566954,0.0,0.41224290343631864
2023-09-26,19.908974895334314,31.676173180887222,0.0,0.0,0.0,0.0,0.0,0.0,0.0,0.0,0.0,0.0,0.0
2023-09-27,19.915364693433087,31.676173180887222,0.006389798098773269,0.0,0.0,0.0,0.0,0.5235483888604406,0.0,0.0,0.0,0.08650363389671112,0.5235483888604424
2023-09-28,19.915364693433087,31.676173180887222,0.0,0.0,0.0,0.0,-0.06924360879083657,0.0,0.0,0.0,0.0,0.0,0.0
2023-09-29,19.915364693433087,31.676173180887222,0.0,0.0,0.05079267184440539,0.14479017124519977,0.0,0.0,-0.08556304503879986,-0.23035321628391459,-0.010479216549147963,0.0,-0.14479017124519977
2023-09-30,19.915364693433087,31.676173180887222,0.0,0.0,0.0,0.0,0.0,0.0,0.0,0.0,0.0,0.0,0.0
2023-10-01,19.807878778462946,31.676173180887222,-0.10748591497014104,0.0,0.0,0.0,0.0,-0.6574783221728531,0.0,0.0,0.0,0.11093156070727028,-0.6574783221728513
2023-10-02,19.807878778462946,31.676173180887222,0.0,0.0,0.0,0.0,0.07809206136313662,0.0,0.0,0.0,0.0,0.0,0.0
2023-10-03,19.807878778462946,31.676173180887222,0.0,0.0,0.1110866421380976,-0.06119553163046554,0.0,0.0,-0.00562542579105596,0.0555701058393866,0.0865972258126777,0.0,0.06119553163046376
2023-10-04,19.807878778462946,31.676173180887222,0.0,0.0,0.0,0.0,0.0,0.0,0.0,0.0,0.0,0.0,0.0
2023-10-05,19.811402628561517,31.679697030985793,0.003523850098570591,0.003523850098570591,0.0,0.0,0.0,0.6676490035365212,0.0,0.0,0.0,-0.25060039754722085,0.6676490035365212
2023-10-06,19.811402628561517,31.679697030985793,0.0,0.0,0.0,0.0,-0.01877981245148952,0.0,0.0,0.0,0.0,0.0,0.0
2023-10-07,19.811402628561517,31.679697030985793,0.0,0.0,0.06734481038445495,-0.23922264228385792,0.0,0.0,0.37158344559279044,0.6108060878764717,-0.16369057043274637,0.0,0.23922264228385792
2023-10-08,19.811402628561517,31.679697030985793,0.0,0.0,0.0,0.0,0.0,0.0,0.0,0.0,0.0,0.0,0.0
2023-10-09,19.912498745432885,31.679697030985793,0.10109611687136777,0.0,0.0,0.0,0.0,-0.1952558209274109,0.0,0.0,0.0,-0.21011318479136354,-0.19525582092740912
2023-10-10,19.912498745432885,31.679697030985793,0.0,0.0,0.0,0.0,-0.07568880404704714,0.0,0.0,0.0,0.0,0.0,0.0
2023-10-11,19.912498745432885,31.679697030985793,0.0,0.0,-0.11426182510331984,0.0787299516750597,0.0,0.0,-0.6863609806184776,-0.7650909322932945,-0.07517921556894569,0.0,-0.0787299516750597
2023-10-12,19.912498745432885,31.679697030985793,0.0,0.0,0.0,0.0,0.0,0.0,0.0,0.0,0.0,0.0,0.0
2023-10-13,19.789896423340554,31.679697030985793,-0.12260232209233024,0.0,0.0,0.0,0.0,0.11522443864944876,0.0,0.0,0.0,0.14257230240213237,0.11522443864944698
2023-10-14,19.789896423340554,31.679697030985793,0.0,0.0,0.0,0.0,-0.026922919737396356,0.0,0.0,0.0,0.0,0.0,0.0
2023-10-15,19.789896423340554,31.679697030985793,0.0,0.0,0.02728699607848739,-0.04909576641659896,0.0,0.0,-0.6416537938767863,-0.5925580274598226,0.24570313969404267,0.0,0.049095766416597186
2023-10-16,19.789896423340554,31.679697030985793,0.0,0.0,0.0,0.0,0.0,0.0,0.0,0.0,0.0,0.0,0.0
2023-10-17,20.012939879408837,31.7423978369789,0.22304345606828235,0.06270080599310646,0.0,0.0,0.0,0.5682303234564436,0.0,0.0,0.0,-0.11264163615594858,0.5682303234564454
2023-10-18,20.012939879408837,31.7423978369789,0.0,0.0,0.0,0.0,0.0018309454372307243,0.0,0.0,0.0,0.0,0.0,0.0
2023-10-19,20.012939879408837,31.7423978369789,0.0,0.0,-0.09721685915524603,0.11280840806081471,0.0,0.0,0.5538426270072847,0.44103421894617884,-0.09664368504811449,0.0,-0.11280840806081294
2023-10-20,20.012939879408837,31.7423978369789,0.0,0.0,0.0,0.0,0.0,0.0,0.0,0.0,0.0,0.0,0.0
2023-10-21,19.93597883827271,31.7423978369789,-0.07696104113612634,0.0,0.0,0.0,0.0,-0.9080915487746353,0.0,0.0,0.0,0.08240677496840498,-0.908091548774637
2023-10-22,19.93597883827271,31.7423978369789,0.0,0.0,0.0,0.0,-0.06094984662814973,0.0,0.0,0.0,0.0,0.0,0.0
2023-10-23,19.93597883827271,31.7423978369789,0.0,0.0,0.1777127329036965,0.0677663817604337,0.0,0.0,-0.012193540535152536,-0.07995992229554283,0.11504734801719274,0.0,-0.0677663817604337
2023-10-24,19.93597883827271,31.7423978369789,0.0,0.0,0.0,0.0,0.0,0.0,0.0,0.0,0.0,0.0,0.0
2023-10-25,19.895156843752453,31.7423978369789,-0.040821994520257476,0.0,0.0,0.0,0.0,1.1436845239465576,0.0,0.0,0.0,0.35087302132258236,1.1436845239465576
2023-10-26,19.895156843752453,31.7423978369789,0.0,0.0,0.0,0.0,0.2985977536711406,0.0,0.0,0.0,0.0,0.0,0.0
2023-10-27,19.895156843752453,31.7423978369789,0.0,0.0,0.09854584368807195,0.40578758686822347,0.0,0.0,0.5152395892489672,0.10945200238068464,-0.14561238390850129,0.0,-0.4057875868682217
2023-10-28,19.895156843752453,31.7423978369789,0.0,0.0,0.0,0.0,0.0,0.0,0.0,0.0,0.0,0.0,0.0
2023-10-29,19.845324470004577,31.7423978369789,-0.049832373747875636,0.0,0.0,0.0,0.0,-1.1422497329958219,0.0,0.0,0.0,-0.06083245721154418,-1.1422497329958237
2023-10-30,19.845324470004577,31.7423978369789,0.0,0.0,0.0,0.0,0.0012758459985224846,0.0,0.0,0.0,0.0,0.0,0.0
2023-10-31,19.845324470004577,31.7423978369789,0.0,0.0,-0.0006902947386819847,-0.04301522521981305,0.0,0.0,-0.34189850928185983,-0.29888328406186737,0.014135735817221828,0.0,0.04301522521981305
2023-11-01,19.845324470004577,31.7423978369789,0.0,0.0,0.0,0.0,0.0,0.0,0.0,0.0,0.0,0.0,0.0
2023-11-02,19.918362055252764,31.765603048479207,0.07303758524818704,0.023205211500307854,0.0,0.0,0.0,0.9427208684630735,0.0,0.0,0.0,-0.11304603974264404,0.9427208684630735
2023-11-03,19.918362055252764,31.765603048479207,0.0,0.0,0.0,0.0,0.012636791935419112,0.0,0.0,0.0,0.0,0.0,0.0
2023-11-04,19.918362055252764,31.765603048479207,0.0,0.0,0.179882195102131,0.4770613573909621,0.0,0.0,1.5070029636816606,1.0299416062902547,0.004105540446832312,0.0,-0.4770613573909621
2023-11-05,19.918362055252764,31.765603048479207,0.0,0.0,0.0,0.0,0.0,0.0,0.0,0.0,0.0,0.0,0.0
2023-11-06,19.792735842135354,31.765603048479207,-0.1256262131174104,0.0,0.0,0.0,0.0,-0.22219883252387262,0.0,0.0,0.0,0.19444688968659518,-0.22219883252387085
2023-11-07,19.792735842135354,31.765603048479207,0.0,0.0,0.0,0.0,-0.06776888859630681,0.0,0.0,0.0,0.0,0.0,0.0
2023-11-08,19.792735842135354,31.765603048479207,0.0,0.0,-0.09108706134228584,-0.18100009875425904,0.0,0.0,0.38871283782828847,0.5697129365824398,-0.019727678878425636,0.0,0.18100009875425727
2023-11-09,19.792735842135354,31.765603048479207,0.0,0.0,0.0,0.0,0.0,0.0,0.0,0.0,0.0,0.0,0.0
2023-11-10,19.985501358090392,31.765603048479207,0.19276551595503832,0.0,0.0,0.0,0.0,0.44941814663063795,0.0,0.0,0.0,-0.08494067664907501,0.4494181466306362
2023-11-11,19.985501358090392,31.765603048479207,0.0,0.0,0.0,0.0,0.1924357654413349,0.0,0.0,0.0,0.0,0.0,0.0
2023-11-12,19.985501358090392,31.765603048479207,0.0,0.0,0.1735162127276304,0.1872900376515041,0.0,0.0,0.08375281156929582,-0.1035372260821934,0.04995716084329804,0.0,-0.1872900376515041
2023-11-13,19.985501358090392,31.765603048479207,0.0,0.0,0.0,0.0,0.0,0.0,0.0,0.0,0.0,0.0,0.0
2023-11-14,19.910650709165377,31.800451316810616,-0.0748506489250147,0.03484826833140886,0.0,0.0,0.0,0.0,0.0,0.0,0.0,0.15718558352239675,0.0
2023-11-15,19.910650709165377,31.800451316810616,0.0,0.0,0.0,0.0,-0.14892965891234589,-0.3043259546500856,0.0,0.0,0.0,0.0,-0.30432595465008383
2023-11-16,19.910650709165377,31.800451316810616,0.0,0.0,0.03980241428408604,-0.11260365257614247,0.0,0.0,0.9493524185890898,1.0619560711651304,-0.033593586008450416,0.0,0.11260365257614247
2023-11-17,19.910650709165377,31.800451316810616,0.0,0.0,0.0,0.0,0.0,0.0,0.0,0.0,0.0,0.0,0.0
2023-11-18,19.98734332995363,31.800451316810616,0.07669262078825412,0.0,0.0,0.0,0.0,0.0,0.0,0.0,0.0,-0.02144033123786704,0.0
2023-11-19,19.98734332995363,31.800451316810616,0.0,0.0,0.0,0.0,0.045901515596323605,-0.9908240081839494,0.0,0.0,0.0,0.0,-0.9908240081839503
2023-11-20,19.98734332995363,31.800451316810616,0.0,0.0,-0.013669946470798777,0.019296223316244365,0.0,0.0,-0.571407908939495,-0.5907041322556963,0.021576357136204205,0.0,-0.019296223316243477
2023-11-21,19.98734332995363,31.800451316810616,0.0,0.0,0.0,0.0,0.0,0.0,0.0,0.0,0.0,0.0,0.0
2023-11-22,19.93922408160943,31.800451316810616,-0.048119248344200116,0.0,0.0,0.0,0.0,0.0,0.0,0.0,0.0,-0.07888239038999245,0.0
2023-11-23,19.93922408160943,31.800451316810616,0.0,0.0,0.0,0.0,-0.04498444194370421,0.9110117316399382,0.0,0.0,0.0,0.0,0.91101173163994
2023-11-24,19.93922408160943,31.800451316810616,0.0,0.0,-0.049009681951620365,-0.02652761029255224,0.0,0.0,-0.589593194424296,-0.5630655841316703,0.01938892575647244,0.0,0.026527610292550463
2023-11-25,19.93922408160943,31.800451316810616,0.0,0.0,0.0,0.0,0.0,0.0,0.0,0.0,0.0,0.0,0.0
2023-11-26,20.01579900071374,31.84924667180785,0.07657491910430991,0.04879535499723531,0.0,0.0,0.0,0.0,0.0,0.0,0.0,-0.19140793934989064,0.0
2023-11-27,20.01579900071374,31.84924667180785,0.0,0.0,0.0,0.0,-0.015254147785137562,0.37738052835484837,0.0,0.0,0.0,0.0,0.37738052835484837
2023-11-28,20.01579900071374,31.84924667180785,0.0,0.0,-0.14556981236368216,-0.33194841009181353,0.0,0.0,-0.22132558033963967,0.11062282975215587,-0.01952453515276631,0.0,0.33194841009181353
2023-11-29,20.01579900071374,31.84924667180785,0.0,0.0,0.0,0.0,0.0,0.0,0.0,0.0,0.0,0.0,0.0
2023-11-30,19.930693404621376,31.84990789747291,-0.08510559609236523,0.0006612256650591064,0.0,0.0,0.0,0.0,0.0,0.0,0.0,0.21867109010825203,0.0
2023-12-01,19.930693404621376,31.84990789747291,0.0,0.0,0.0,0.0,0.10603695162947702,-0.0034759577381109352,0.0,0.0,0.0,0.0,-0.0034759577381109352
2023-12-02,19.930693404621376,31.84990789747291,0.0,0.0,-0.09770459639655726,-0.041738097424364184,0.0,0.0,-0.15954334145926374,-0.11780524403488024,-0.020817871757537798,0.0,0.041738097424364184
2023-12-03,19.930693404621376,31.84990789747291,0.0,0.0,0.0,0.0,0.0,0.0,0.0,0.0,0.0,0.0,0.0
2023-12-04,20.076278721589713,31.84990789747291,0.14558531696833654,0.0,0.0,0.0,0.0,0.0,0.0,0.0,0.0,-0.16343022239758165,0.0
2023-12-05,20.076278721589713,31.84990789747291,0.0,0.0,0.0,0.0,-0.22522366916713388,0.2991191373739639,0.0,0.0,0.0,0.0,0.2991191373739639
2023-12-06,20.076278721589713,31.84990789747291,0.0,0.0,0.408545957608375,0.08572977981111762,0.0,0.0,1.6489517317640292,1.5632219519527746,-0.10279431691346086,0.0,-0.08572977981111762
2023-12-07,20.076278721589713,31.84990789747291,0.0,0.0,0.0,0.0,0.0,0.0,0.0,0.0,0.0,0.0,0.0
2023-12-08,19.938128383108896,31.84990789747291,-0.13815033848081626,0.0,0.0,0.0,0.0,0.0,0.0,0.0,0.0,0.17235523093121063,0.0
2023-12-09,19.938128383108896,31.84990789747291,0.0,0.0,0.0,0.0,0.0919500214922202,-0.8618811706431515,0.0,0.0,0.0,0.0,-0.8618811706431497
2023-12-10,19.938128383108896,31.84990789747291,0.0,0.0,-0.13087922809994623,0.1364304345564129,0.0,0.0,-0.9168615795578319,-1.053292014114176,0.14983893444519514,0.0,-0.1364304345564129
2023-12-11,19.938128383108896,31.84990789747291,0.0,0.0,0.0,0.0,0.0,0.0,0.0,0.0,0.0,0.0,0.0
2023-12-12,19.993028125219393,31.84026911844584,0.05489974211049642,-0.00963877902707111,0.0,0.0,0.0,0.0,0.0,0.0,0.0,0.01044605722236902,0.0
2023-12-13,19.993028125219393,31.84026911844584,0.0,0.0,0.0,0.0,-0.1792408010153359,0.190855718315035,0.0,0.0,0.0,0.0,0.190855718315035
2023-12-14,19.993028125219393,31.84026911844584,0.0,0.0,0.17977929633561374,0.06290233928765332,0.0,0.0,1.0090366166275757,0.946134277339858,-0.1567180755792147,0.0,-0.06290233928765332
2023-12-15,19.993028125219393,31.84026911844584,0.0,0.0,0.0,0.0,0.0,0.0,0.0,0.0,0.0,0.0,0.0
2023-12-16,20.047095346489666,31.84026911844584,0.05406722127027308,0.0,0.0,0.0,0.0,0.0,0.0,0.0,0.0,-0.22795125288228846,0.0
2023-12-17,20.047095346489666,31.84026911844584,0.0,0.0,0.0,0.0,-0.07947885863261206,-0.5059614422620626,0.0,0.0,0.0,0.0,-0.5059614422620662
2023-12-18,20.047095346489666,31.84026911844584,0.0,0.0,0.10998532878277345,0.1155666683334875,0.0,0.0,0.12066337157514084,0.005096703241654232,0.0999050877123343,0.0,-0.1155666683334875
2023-12-19,20.047095346489666,31.84026911844584,0.0,0.0,0.0,0.0,0.0,0.0,0.0,0.0,0.0,0.0,0.0
2023-12-20,19.999948568063967,31.84026911844584,-0.0471467784256987,0.0,0.0,0.0,0.0,0.0,0.0,0.0,0.0,0.08834916983127972,0.0
2023-12-21,19.999948568063967,31.84026911844584,0.0,0.0,0.0,0.0,0.2029276125218722,0.6327698953999601,0.0,0.0,0.0,0.0,0.6327698953999636
2023-12-22,19.999948568063967,31.84026911844584,0.0,0.0,0.009140608038300968,-0.02432871891155486,0.0,0.0,-0.12814689882590713,-0.10381817991434872,0.02111934286022421,0.0,0.02432871891155486
2023-12-23,19.999948568063967,31.84026911844584,0.0,0.0,0.0,0.0,0.0,0.0,0.0,0.0,0.0,0.0,0.0
2023-12-24,20.232381862759073,31.907772599058863,0.23243329469510599,0.06750348061302347,0.0,0.0,0.0,0.0,0.0,0.0,0.0,-0.3509142576752504,0.0
2023-12-25,20.232381862759073,31.907772599058863,0.0,0.0,0.0,0.0,-0.20042326009980194,-0.4593555845028199,0.0,0.0,0.0,0.0,-0.4593555845028199
2023-12-26,20.232381862759073,31.907772599058863,0.0,0.0,-0.30468074718809035,-0.12199050750663609,0.0,0.0,-0.6839983405036083,-0.5620078329969393,0.03714135115459294,0.0,0.12199050750663609
2023-12-27,20.232381862759073,31.907772599058863,0.0,0.0,0.0,0.0,0.0,0.0,0.0,0.0,0.0,0.0,0.0
2023-12-28,19.886508851853154,31.90777259905886,-0.34587301090591893,-3.552713678800501e-15,0.0,0.0,0.0,0.0,0.0,0.0,0.0,0.6129956767158551,0.0
2023-12-29,19.886508851853154,31.90777259905886,0.0,0.0,0.0,0.0,0.20617137784063466,1.0179545548700375,0.0,0.0,0.0,0.0,1.0179545548700357
2023-12-30,19.886508851853154,31.90777259905886,0.0,0.0,0.10516879245922084,-0.036546058183169805,0.0,0.0,0.4400737401846353,0.47661979836777535,-0.08277894129642838,0.0,0.036546058183169805
2023-12-31,19.886508851853154,31.90777259905886,0.0,0.0,0.0,0.0,0.0,0.0,0.0,0.0,0.0,0.0,0.0
2024-01-01,20.13414342317566,31.907772599058863,0.2476345713225072,3.552713678800501e-15,0.0,0.0,0.0,0.0,0.0,0.0,0.0,0.1924072527011922,0.0
2024-01-02,20.13414342317566,31.907772599058863,0.0,0.0,0.0,0.0,-0.24406660705610328,-0.13399710658741526,0.0,0.0,0.0,0.0,-0.13399710658741526
2024-01-03,20.13414342317566,31.907772599058863,0.0,0.0,0.011811249636576093,-0.05997328375019073,0.0,0.0,-0.5503590249844805,-0.4903857412342565,0.08603680920242018,0.0,0.05997328375019251
2024-01-04,20.13414342317566,31.907772599058863,0.0,0.0,0.0,0.0,0.0,0.0,0.0,0.0,0.0,0.0,0.0
2024-01-05,20.017971991413617,31.90777259905886,-0.11617143176204436,-3.552713678800501e-15,0.0,0.0,0.0,0.0,0.0,0.0,0.0,-0.5388298201755379,0.0
2024-01-06,20.017971991413617,31.90777259905886,0.0,0.0,0.0,0.0,0.03796514205166979,-0.6284490127033706,0.0,0.0,0.0,0.0,-0.6284490127033706
2024-01-07,20.017971991413617,31.90777259905886,0.0,0.0,-0.3304572851299312,-0.36591350003715917,0.0,0.0,-0.6475071212877594,-0.2815936212505763,0.0030220098612681046,0.0,0.36591350003715917
2024-01-08,20.017971991413617,31.90777259905886,0.0,0.0,0.0,0.0,0.0,0.0,0.0,0.0,0.0,0.0,0.0
2024-01-09,20.13101044483331,31.92418421678948,0.11303845341969421,0.01641161773062194,0.0,0.0,0.0,0.0,0.0,0.0,0.0,0.07973496801884394,0.0
2024-01-10,20.13101044483331,31.92418421678948,0.0,0.0,0.0,0.0,0.057451314903762096,0.891524443716424,0.0,0.0,0.0,0.0,0.891524443716424
2024-01-11,20.13101044483331,31.92418421678948,0.0,0.0,0.4285630048908864,0.253012372101443,0.0,0.0,0.33757860862528766,0.08456623652383666,-0.1194229050082844,0.0,-0.2530123721014448
2024-01-12,20.13101044483331,31.92418421678948,0.0,0.0,0.0,0.0,0.0,0.0,0.0,0.0,0.0,0.0,0.0
2024-01-13,20.176034126207266,31.92418421678948,0.04502368137395507,0.0,0.0,0.0,0.0,0.0,0.0,0.0,0.0,-0.46246058915746313,0.0
2024-01-14,20.176034126207266,31.92418421678948,0.0,0.0,0.0,0.0,0.017355267408618147,-1.1527540717028941,0.0,0.0,0.0,0.0,-1.152754071702896
2024-01-15,20.176034126207266,31.92418421678948,0.0,0.0,-0.4436305890258261,-0.09470044533825295,0.0,0.0,0.057734230047049806,0.15243467538528943,0.09328325526182796,0.0,0.09470044533825472
2024-01-16,20.176034126207266,31.92418421678948,0.0,0.0,0.0,0.0,0.0,0.0,0.0,0.0,0.0,0.0,0.0
2024-01-17,19.902920469583776,31.92418421678948,-0.2731136566234902,0.0,0.0,0.0,0.0,0.0,0.0,0.0,0.0,0.6603573577368691,0.0
2024-01-18,19.902920469583776,31.92418421678948,0.0,0.0,0.0,0.0,0.09513707598008203,1.2296080605028017,0.0,0.0,0.0,0.0,1.2296080605028035
2024-01-19,19.902920469583776,31.92418421678948,0.0,0.0,0.07679674001316528,0.12039434470231924,0.0,0.0,-0.348869668689602,-0.46926401339187285,-0.03668630682132645,0.0,-0.12039434470232102
2024-01-20,19.902920469583776,31.92418421678948,0.0,0.0,0.0,0.0,0.0,0.0,0.0,0.0,0.0,0.0,0.0
2024-01-21,20.00899991282673,31.884411783019875,0.1060794432429546,-0.03977243376960615,0.0,0.0,0.0,0.0,0.0,0.0,0.0,0.021731840627337462,0.0
2024-01-22,20.00899991282673,31.884411783019875,0.0,0.0,0.0,0.0,-0.0883534989064394,0.01429996997137195,0.0,0.0,0.0,0.0,0.01429996997137195
2024-01-23,20.00899991282673,31.884411783019875,0.0,0.0,0.08357805178349409,-0.22354622546672154,0.0,0.0,-0.011958304150569532,0.21158792131612847,-0.08154506362152508,0.0,0.22354622546672331
2024-01-24,20.00899991282673,31.884411783019875,0.0,0.0,0.0,0.0,0.0,0.0,0.0,0.0,0.0,0.0,0.0
2024-01-25,20.265854521483252,31.88441178301988,0.2568546086565213,3.552713678800501e-15,0.0,0.0,0.0,0.0,0.0,0.0,0.0,-0.4905240826867212,0.0
2024-01-26,20.265854521483252,31.88441178301988,0.0,0.0,0.0,0.0,0.09653643480752017,0.03846630937180606,0.0,0.0,0.0,0.0,0.038466309371804286
2024-01-27,20.265854521483252,31.88441178301988,0.0,0.0,0.13869003517052292,0.4833263176001754,0.0,0.0,-0.34892615748370126,-0.8322524750837417,0.12342886067183884,0.0,-0.4833263176001772
2024-01-28,20.265854521483252,31.88441178301988,0.0,0.0,0.0,0.0,0.0,0.0,0.0,0.0,0.0,0.0,0.0
2024-01-29,20.117213497466963,31.884411783019875,-0.14864102401628898,-3.552713678800501e-15,0.0,0.0,0.0,0.0,0.0,0.0,0.0,0.21194304464365965,0.0
2024-01-30,20.117213497466963,31.884411783019875,0.0,0.0,0.0,0.0,0.005583176340428153,0.06526970872991456,0.0,0.0,0.0,0.0,0.06526970872991633
2024-01-31,20.117213497466963,31.884411783019875,0.0,0.0,-0.22819898840323916,-0.29582634046473544,0.0,0.0,-0.1211772885281448,0.17464905193655222,-0.03569451843709437,0.0,0.29582634046473544
2024-02-01,20.117213497466963,31.884411783019875,0.0,0.0,0.0,0.0,0.0,0.0,0.0,0.0,0.0,0.0,0.0
2024-02-02,20.33187739704806,31.912489727020557,0.21466389958109744,0.028077944000681754,0.0,0.0,0.0,0.0,0.0,0.0,0.0,-0.31649678333153,0.0
2024-02-03,20.33187739704806,31.912489727020557,0.0,0.0,0.0,0.0,-0.02843790735041729,-1.6626383566406027,0.0,0.0,0.0,0.0,-1.6626383566406027
2024-02-04,20.33187739704806,31.912489727020557,0.0,0.0,0.1877141635468753,-0.279098623628542,0.0,0.0,0.6630045320012901,0.9421031556297084,-0.05888365730032452,0.0,0.279098623628542
2024-02-05,20.33187739704806,31.912489727020557,0.0,0.0,0.0,0.0,0.0,0.0,0.0,0.0,0.0,0.0,0.0
2024-02-06,20.273926599780157,31.95518245553234,-0.0579507972679032,0.04269272851178485,0.0,0.0,0.0,0.0,0.0,0.0,0.0,-0.19694407566146133,0.0
2024-02-07,20.273926599780157,31.95518245553234,0.0,0.0,0.0,0.0,-0.042004538612372855,1.0847015015186514,0.0,0.0,0.0,0.0,1.0847015015186496
2024-02-08,20.273926599780157,31.95518245553234,0.0,0.0,-0.06770852442274489,-0.1648954356054535,0.0,0.0,-0.5489779830441552,-0.38408254743866577,-0.03839777746859596,0.0,0.1648954356054535
2024-02-09,20.273926599780157,31.95518245553234,0.0,0.0,0.0,0.0,0.0,0.0,0.0,0.0,0.0,0.0,0.0
2024-02-10,20.162008683576172,31.95518245553234,-0.11191791620398561,0.0,0.0,0.0,0.0,0.0,0.0,0.0,0.0,0.5153978067799521,0.0
2024-02-11,20.162008683576172,31.95518245553234,0.0,0.0,0.0,0.0,-0.13708940746974285,-0.5311680748542607,0.0,0.0,0.0,0.0,-0.5311680748542607
2024-02-12,20.162008683576172,31.95518245553234,0.0,0.0,0.30015020749362264,0.36309655951014363,0.0,0.0,0.3027751400241776,-0.06032141948595671,0.2057715765898035,0.0,-0.36309655951014186
2024-02-13,20.162008683576172,31.95518245553234,0.0,0.0,0.0,0.0,0.0,0.0,0.0,0.0,0.0,0.0,0.0
2024-02-14,20.07260209586059,31.95518245553234,-0.08940658771558319,0.0,0.0,0.0,0.0,0.0,0.0,0.0,0.0,0.08701137698961992,0.0
2024-02-15,20.07260209586059,31.95518245553234,0.0,0.0,0.0,0.0,0.09253655575731834,1.0209475613134877,0.0,0.0,0.0,0.0,1.0209475613134895
2024-02-16,20.07260209586059,31.95518245553234,0.0,0.0,-0.20020396795629125,-0.27043360070547173,0.0,0.0,-0.6227338276298511,-0.35230022692432783,-0.034479405671641206,0.0,0.27043360070546996
2024-02-17,20.07260209586059,31.95518245553234,0.0,0.0,0.0,0.0,0.0,0.0,0.0,0.0,0.0,0.0,0.0
2024-02-18,20.01312098999623,32.03438473720194,-0.059481105864357176,0.0792022816695983,0.0,0.0,0.0,0.0,0.0,0.0,0.0,0.08086949564952217,0.0
2024-02-19,20.01312098999623,32.03438473720194,0.0,0.0,0.0,0.0,0.0074664395220711555,-0.6815468500680026,0.0,0.0,0.0,0.0,-0.6815468500680044
2024-02-20,20.01312098999623,32.03438473720194,0.0,0.0,0.0008243907800320471,0.2386716027986484,0.0,0.0,-0.07211514385359052,-0.3107867466521754,-0.06885992271008246,0.0,-0.2386716027986484
2024-02-21,20.01312098999623,32.03438473720194,0.0,0.0,0.0,0.0,0.0,0.0,0.0,0.0,0.0,0.0,0.0
2024-02-22,20.122605222837922,32.03438473720194,0.10948423284169095,0.0,0.0,0.0,0.0,0.0,0.0,0.0,0.0,-0.1304664367888888,0.0
2024-02-23,20.122605222837922,32.03438473720194,0.0,0.0,0.0,0.0,0.09613699089949534,0.49268685603778195,0.0,0.0,0.0,0.0,0.4926868560377837
2024-02-24,20.122605222837922,32.03438473720194,0.0,0.0,-0.032028828407941745,-0.15400085322923118,0.0,0.0,-0.2047660771288804,-0.05076522389963678,-0.030048304418753558,0.0,0.15400085322923118
2024-02-25,20.122605222837922,32.03438473720194,0.0,0.0,0.0,0.0,0.0,0.0,0.0,0.0,0.0,0.0,0.0
2024-02-26,20.107679572621244,32.03438473720194,-0.014925650216678576,0.0,0.0,0.0,0.0,0.0,0.0,0.0,0.0,0.18670615511175948,0.0
2024-02-27,20.107679572621244,32.03438473720194,0.0,0.0,0.0,0.0,-0.0077814738457337995,0.4442167509369277,0.0,0.0,0.0,0.0,0.44421675093692947
2024-02-28,20.107679572621244,32.03438473720194,0.0,0.0,0.2574382155583308,0.19520555348366564,0.0,0.0,0.9863025819837006,0.7910970284998977,0.09799618640603663,0.0,-0.19520555348366564
2024-02-29,20.107679572621244,32.03438473720194,0.0,0.0,0.0,0.0,0.0,0.0,0.0,0.0,0.0,0.0,0.0
2024-03-01,20.225774258977523,32.005875949366335,0.11809468635627951,-0.028508787835605176,0.0,0.0,0.0,0.0,0.0,0.0,0.0,-0.20763936477822265,0.0
2024-03-02,20.225774258977523,32.005875949366335,0.0,0.0,0.0,0.0,-0.07831943342182512,-1.2589536098641219,0.0,0.0,0.0,0.0,-1.2589536098641236
2024-03-03,20.225774258977523,32.005875949366335,0.0,0.0,0.061666263619745365,-0.07097906554711031,0.0,0.0,-0.22661297933530378,-0.15563391378817526,0.06874564939968475,0.0,0.07097906554711031
2024-03-04,20.225774258977523,32.005875949366335,0.0,0.0,0.0,0.0,0.0,0.0,0.0,0.0,0.0,0.0,0.0
2024-03-05,20.305844559788532,32.00490504017422,0.08007030081100908,-0.0009709091921124013,0.0,0.0,0.0,0.0,0.0,0.0,0.0,-0.06967992063798167,0.0
2024-03-06,20.305844559788532,32.00490504017422,0.0,0.0,0.0,0.0,0.08890385248703225,1.7240347314906828,0.0,0.0,0.0,0.0,1.7240347314906828
2024-03-07,20.305844559788532,32.00490504017422,0.0,0.0,0.2189813377751797,0.12402722332074845,0.0,0.0,0.19283910331237664,0.0688118799916193,-0.01812411702118999,0.0,-0.12402722332074845
2024-03-08,20.305844559788532,32.00490504017422,0.0,0.0,0.0,0.0,0.0,0.0,0.0,0.0,0.0,0.0,0.0
2024-03-09,20.28160094817854,32.00490504017422,-0.02424361160999311,0.0,0.0,0.0,0.0,0.0,0.0,0.0,0.0,-0.08832432850524707,0.0
2024-03-10,20.28160094817854,32.00490504017422,0.0,0.0,0.0,0.0,-0.08229573172426541,-1.2250215764789338,0.0,0.0,0.0,0.0,-1.2250215764789356
2024-03-11,20.28160094817854,32.00490504017422,0.0,0.0,0.00499835406998983,-0.10183131375109866,0.0,0.0,-0.16102881043887152,-0.059197496687765305,-0.0909793627297909,0.0,0.10183131375109866
2024-03-12,20.28160094817854,32.00490504017422,0.0,0.0,0.0,0.0,0.0,0.0,0.0,0.0,0.0,0.0,0.0
2024-03-13,20.263024562605604,32.00490504017422,-0.01857638557293484,0.0,0.0,0.0,0.0,0.0,0.0,0.0,0.0,0.085226752461113,0.0
2024-03-14,20.263024562605604,32.00490504017422,0.0,0.0,0.0,0.0,0.05520343407248873,1.0469815376955722,0.0,0.0,0.0,0.0,1.046981537695574
2024-03-15,20.263024562605604,32.00490504017422,0.0,0.0,-0.32402520667884005,-0.24681156325699405,0.0,0.0,-0.14990664090806582,0.09690492234891712,-0.05885074851478028,0.0,0.24681156325699405
2024-03-16,20.263024562605604,32.00490504017422,0.0,0.0,0.0,0.0,0.0,0.0,0.0,0.0,0.0,0.0,0.0
2024-03-17,20.22776997017365,32.06121764126776,-0.03525459243195428,0.05631260109353775,0.0,0.0,0.0,0.0,0.0,0.0,0.0,0.05531827531034894,0.0
2024-03-18,20.22776997017365,32.06121764126776,0.0,0.0,0.0,0.0,0.015022691971646296,-0.31806941051006277,0.0,0.0,0.0,0.0,-0.31806941051006277
2024-03-19,20.22776997017365,32.06121764126776,0.0,0.0,0.1506985778167973,0.40999305252226215,0.0,0.0,0.15388171156321206,-0.2561113409590159,0.06349025580231787,0.0,-0.40999305252226215
2024-03-20,20.22776997017365,32.06121764126776,0.0,0.0,0.0,0.0,0.0,0.0,0.0,0.0,0.0,0.0,0.0
2024-03-21,20.03165509124736,32.06121764126776,-0.19611487892629142,0.0,0.0,0.0,0.0,0.0,0.0,0.0,0.0,-0.012801750410039503,0.0
2024-03-22,20.03165509124736,32.06121764126776,0.0,0.0,0.0,0.0,0.008234880519445653,0.03895976844341931,0.0,0.0,0.0,0.0,0.03895976844341753
2024-03-23,20.03165509124736,32.06121764126776,0.0,0.0,0.011940152896848133,-0.35101430003805234,0.0,0.0,-0.5929359128381364,-0.2419216128000412,0.024927703651142052,0.0,0.35101430003805234
2024-03-24,20.03165509124736,32.06121764126776,0.0,0.0,0.0,0.0,0.0,0.0,0.0,0.0,0.0,0.0,0.0
2024-03-25,20.126965271051684,32.06121764126776,0.09531017980432566,0.0,0.0,0.0,0.0,0.0,0.0,0.0,0.0,0.0781349654794532,0.0
2024-03-26,20.126965271051684,32.06121764126776,0.0,0.0,0.0,0.0,-0.04680967447281503,0.21871732232535024,0.0,0.0,0.0,0.0,0.21871732232535024
2024-03-27,20.126965271051684,32.06121764126776,0.0,0.0,-0.08997710681649451,0.08588861349521437,0.0,0.0,0.2492847868130923,0.16339617331784773,0.02949865885791525,0.0,-0.08588861349521437
2024-03-28,20.126965271051684,32.06121764126776,0.0,0.0,0.0,0.0,0.0,0.0,0.0,0.0,0.0,0.0,0.0
2024-03-29,20.204149649540128,32.05139064276657,0.07718437848844317,-0.009826998501189621,0.0,0.0,0.0,0.0,0.0,0.0,0.0,0.012750628118781027,0.0
2024-03-30,20.204149649540128,32.05139064276657,0.0,0.0,0.0,0.0,-0.052516907142647895,-1.1478676354345758,0.0,0.0,0.0,0.0,-1.1478676354345723
2024-03-31,20.204149649540128,32.05139064276657,0.0,0.0,0.030200507624076778,-0.10735055735918131,0.0,0.0,-0.05550619272643331,0.05184436463273889,0.21973366378761594,0.0,0.10735055735917953
2024-04-01,20.204149649540128,32.05139064276657,0.0,0.0,0.0,0.0,0.0,0.0,0.0,0.0,0.0,0.0,0.0
2024-04-02,20.23154862372824,32.05139064276657,0.0273989741881131,0.0,0.0,0.0,0.0,0.0,0.0,0.0,0.0,-0.14379722249888216,0.0
2024-04-03,20.23154862372824,32.05139064276657,0.0,0.0,0.0,0.0,0.14970045980469138,0.8569088500335909,0.0,0.0,0.0,0.0,0.8569088500335909
2024-04-04,20.23154862372824,32.05139064276657,0.0,0.0,-0.03827445592749612,0.0029112193009979137,0.0,0.0,-0.2429606419049719,-0.24587186120592253,-0.28474638746963876,0.0,-0.0029112193009961373
2024-04-05,20.23154862372824,32.05139064276657,0.0,0.0,0.0,0.0,0.0,0.0,0.0,0.0,0.0,0.0,0.0
2024-04-06,20.277761466883373,32.05139064276657,0.04621284315513208,0.0,0.0,0.0,0.0,0.0,0.0,0.0,0.0,-0.0010454784015530016,0.0
2024-04-07,20.277761466883373,32.05139064276657,0.0,0.0,0.0,0.0,-0.08992298245349772,-0.8342787144318464,0.0,0.0,0.0,0.0,-0.8342787144318482
2024-04-08,20.277761466883373,32.05139064276657,0.0,0.0,0.17614046504941783,0.35143647031150493,0.0,0.0,0.41301226158436144,0.061575791272842295,0.11659739322531859,0.0,-0.35143647031150493
2024-04-09,20.277761466883373,32.05139064276657,0.0,0.0,0.0,0.0,0.0,0.0,0.0,0.0,0.0,0.0,0.0
2024-04-10,20.25550621559789,32.05528067158541,-0.022255251285482558,0.0038900288188372656,0.0,0.0,0.0,0.0,0.0,0.0,0.0,0.25849454019311136,0.0
2024-04-11,20.25550621559789,32.05528067158541,0.0,0.0,0.0,0.0,-0.032579802686480974,0.5354264578028491,0.0,0.0,0.0,0.0,0.5354264578028491
2024-04-12,20.25550621559789,32.05528067158541,0.0,0.0,-0.024532400746092975,-0.015768389310094832,0.0,0.0,1.5357112179054635,1.5514796072154058,-0.08920334957393872,0.0,0.015768389310093056
2024-04-13,20.25550621559789,32.05528067158541,0.0,0.0,0.0,0.0,0.0,0.0,0.0,0.0,0.0,0.0,0.0
2024-04-14,20.32906787566858,32.08987636312272,0.0735616600706912,0.034595691537312234,0.0,0.0,0.0,0.0,0.0,0.0,0.0,-0.1037463103032743,0.0
2024-04-15,20.32906787566858,32.08987636312272,0.0,0.0,0.0,0.0,0.052734556114490516,0.3002706831982316,0.0,0.0,0.0,0.0,0.30027068319823336
2024-04-16,20.32906787566858,32.08987636312272,0.0,0.0,0.014746801821825528,0.013685526687298832,0.0,0.0,-0.5976569765408151,-0.6113425032280784,0.08843534739641801,0.0,-0.013685526687298832
2024-04-17,20.32906787566858,32.08987636312272,0.0,0.0,0.0,0.0,0.0,0.0,0.0,0.0,0.0,0.0,0.0
2024-04-18,20.249555812740848,32.08987636312272,-0.0795120629277335,0.0,0.0,0.0,0.0,0.0,0.0,0.0,0.0,0.008032171697263557,0.0
2024-04-19,20.249555812740848,32.08987636312272,0.0,0.0,0.0,0.0,0.08780821364920577,-0.19831658753455628,0.0,0.0,0.0,0.0,-0.19831658753455628
2024-04-20,20.249555812740848,32.08987636312272,0.0,0.0,0.40490148545383775,0.327737765639073,0.0,0.0,2.5956572616322617,2.2679194959931226,-0.2878006062392079,0.0,-0.3277377656390712
2024-04-21,20.249555812740848,32.08987636312272,0.0,0.0,0.0,0.0,0.0,0.0,0.0,0.0,0.0,0.0,0.0
2024-04-22,20.29670259116655,32.08987636312272,0.04714677842570225,0.0,0.0,0.0,0.0,0.0,0.0,0.0,0.0,-0.12380110798193256,0.0
2024-04-23,20.29670259116655,32.08987636312272,0.0,0.0,0.0,0.0,-0.49826990589842524,-0.26600036921826486,0.0,0.0,0.0,0.0,-0.26600036921826664
2024-04-24,20.29670259116655,32.08987636312272,0.0,0.0,-0.789772103714121,-0.039251585213223805,0.0,0.0,-1.5554092912539481,-1.5161577060406994,0.07741725965921709,0.0,0.039251585213223805
2024-04-25,20.29670259116655,32.08987636312272,0.0,0.0,0.0,0.0,0.0,0.0,0.0,0.0,0.0,0.0,0.0
2024-04-26,20.175288849813583,32.109541220029655,-0.12141374135296701,0.019664856906935313,0.0,0.0,0.0,0.0,0.0,0.0,0.0,0.00501757199197872,0.0
2024-04-27,20.175288849813583,32.109541220029655,0.0,0.0,0.0,0.0,0.4223350989758696,-0.8035070106618996,0.0,0.0,0.0,0.0,-0.8035070106618996
2024-04-28,20.175288849813583,32.109541220029655,0.0,0.0,-0.44609410010026096,-0.218722495679593,0.0,0.0,-1.6170290919575212,-1.3983065962778185,0.05890299378297248,0.0,0.218722495679593
2024-04-29,20.175288849813583,32.109541220029655,0.0,0.0,0.0,0.0,0.0,0.0,0.0,0.0,0.0,0.0,0.0
2024-04-30,20.24124681760538,32.109541220029655,0.06595796779179608,0.0,0.0,0.0,0.0,0.0,0.0,0.0,0.0,0.11254187506647817,0.0
2024-05-01,20.24124681760538,32.109541220029655,0.0,0.0,0.0,0.0,-0.1370285418850674,0.9866123328138023,0.0,0.0,0.0,0.0,0.9866123328138023
2024-05-02,20.24124681760538,32.109541220029655,0.0,0.0,-0.07898062082910684,0.1383158759599521,0.0,0.0,-0.48368329342379646,-0.6219991693836255,-0.019399033047375225,0.0,-0.1383158759599521
2024-05-03,20.24124681760538,32.109541220029655,0.0,0.0,0.0,0.0,0.0,0.0,0.0,0.0,0.0,0.0,0.0
2024-05-04,20.24124681760538,32.109541220029655,0.0,0.0,0.0,0.0,0.0,0.0,0.0,0.0,0.0,0.017730960971229948,0.0
2024-05-05,20.24124681760538,32.109541220029655,0.0,0.0,0.0,0.0,-0.3139405205458967,-1.6879096616301972,0.0,0.0,0.0,0.0,-1.6879096616301972
2024-05-06,20.24124681760538,32.109541220029655,0.0,0.0,-0.05259357716084878,-0.0741724158340542,0.0,0.0,0.23091102157535381,0.3050834374093383,-0.044135699138598994,0.0,0.0741724158340542
2024-05-07,20.24124681760538,32.109541220029655,0.0,0.0,0.0,0.0,0.0,0.0,0.0,0.0,0.0,0.0,0.0
2024-05-08,20.136674013685802,32.109541220029655,-0.10457280391957724,0.0,0.0,0.0,0.0,0.0,0.0,0.0,0.0,0.31413061174438894,0.0
2024-05-09,20.136674013685802,32.109541220029655,0.0,0.0,0.0,0.0,0.17810998904270647,1.0583536409008154,0.0,0.0,0.0,0.0,1.0583536409008154
2024-05-10,20.136674013685802,32.109541220029655,0.0,0.0,0.10877479668238621,0.3171133758436486,0.0,0.0,-0.29600262790176224,-0.6131160037452448,-0.01476143247012407,0.0,-0.3171133758436486
2024-05-11,20.136674013685802,32.109541220029655,0.0,0.0,0.0,0.0,0.0,0.0,0.0,0.0,0.0,0.0,0.0
2024-05-12,20.117395169907894,32.051647540123966,-0.019278843777907895,-0.057893679905689055,0.0,0.0,0.0,0.0,0.0,0.0,0.0,-0.22990577318613248,0.0
2024-05-13,20.117395169907894,32.051647540123966,0.0,0.0,0.0,0.0,-0.09587697835245201,0.2140944039207362,0.0,0.0,0.0,0.0,0.21409440392073442
2024-05-14,20.117395169907894,32.051647540123966,0.0,0.0,-0.09849397063028675,-0.5254829978231488,0.0,0.0,-0.3714795337626491,0.15400346406044974,0.048976318755955595,0.0,0.5254829978231506
2024-05-15,20.117395169907894,32.051647540123966,0.0,0.0,0.0,0.0,0.0,0.0,0.0,0.0,0.0,0.0,0.0
2024-05-16,20.19042030492278,32.051647540123966,0.07302513501488761,0.0,0.0,0.0,0.0,0.0,0.0,0.0,0.0,-0.03870388388923729,0.0
2024-05-17,20.19042030492278,32.051647540123966,0.0,0.0,0.0,0.0,0.09816080226610246,0.30781712379886983,0.0,0.0,0.0,0.0,0.30781712379886983
2024-05-18,20.19042030492278,32.051647540123966,0.0,0.0,0.025023015920957903,-0.050487639778308946,0.0,0.0,-0.11293729973873212,-0.06244965996040319,-0.10598490750337414,0.0,0.050487639778308946
2024-05-19,20.19042030492278,32.051647540123966,0.0,0.0,0.0,0.0,0.0,0.0,0.0,0.0,0.0,0.0,0.0
2024-05-20,20.28444925457106,32.051647540123966,0.09402894964827979,0.0,0.0,0.0,0.0,0.0,0.0,0.0,0.0,-0.30262666188301224,0.0
2024-05-21,20.28444925457106,32.051647540123966,0.0,0.0,0.0,0.0,-0.011062542113355889,0.34335718507975344,0.0,0.0,0.0,0.0,0.34335718507975344
2024-05-22,20.28444925457106,32.051647540123966,0.0,0.0,0.31371775167011506,0.37404606625295855,0.0,0.0,0.2853495019573611,-0.08869656429556816,0.1330976532761397,0.0,-0.37404606625295855
2024-05-23,20.28444925457106,32.051647540123966,0.0,0.0,0.0,0.0,0.0,0.0,0.0,0.0,0.0,0.0,0.0
2024-05-24,20.32448836878413,32.06636884635275,0.04003911421306938,0.01472130622878609,0.0,0.0,0.0,0.0,0.0,0.0,0.0,0.13877331154820172,0.0
2024-05-25,20.32448836878413,32.06636884635275,0.0,0.0,0.0,0.0,-0.08844215593475191,-1.700559706546052,0.0,0.0,0.0,0.0,-1.700559706546052
2024-05-26,20.32448836878413,32.06636884635275,0.0,0.0,-0.011273764163519218,0.37968937975832695,0.0,0.0,-0.15980320703097917,-0.5394925867890448,0.0032382814551858985,0.0,-0.3796893797583252
2024-05-27,20.32448836878413,32.06636884635275,0.0,0.0,0.0,0.0,0.0,0.0,0.0,0.0,0.0,0.0,0.0
2024-05-28,20.147154353501215,32.06636884635275,-0.17733401528291637,0.0,0.0,0.0,0.0,0.0,0.0,0.0,0.0,0.30896727970815174,0.0
2024-05-29,20.147154353501215,32.06636884635275,0.0,0.0,0.0,0.0,-0.03592687441796372,1.153085917655659,0.0,0.0,0.0,0.0,1.1530859176556572
2024-05-30,20.147154353501215,32.06636884635275,0.0,0.0,-0.29094446709601485,-0.5131269721266296,0.0,0.0,0.6242872821581731,1.137414254284379,-0.09211114244585572,0.0,0.5131269721266296
2024-05-31,20.147154353501215,32.06636884635275,0.0,0.0,0.0,0.0,0.0,0.0,0.0,0.0,0.0,0.0,0.0
2024-06-01,20.19807444392847,32.06636884635275,0.05092009042725465,0.0,0.0,0.0,0.0,0.0,0.0,0.0,0.0,-0.05447075624205189,0.0
2024-06-02,20.19807444392847,32.06636884635275,0.0,0.0,0.0,0.0,-0.13335898766074195,-1.3603087001660654,0.0,0.0,0.0,0.0,-1.3603087001660654
2024-06-03,20.19807444392847,32.06636884635275,0.0,0.0,0.24690115649620736,0.41015417578998736,0.0,0.0,0.1650742567277952,-0.2450799190621369,0.014922594032815595,0.0,-0.41015417578998736
2024-06-04,20.19807444392847,32.06636884635275,0.0,0.0,0.0,0.0,0.0,0.0,0.0,0.0,0.0,0.0,0.0
2024-06-05,20.06149890892272,32.06636884635275,-0.13657553500575048,0.0,0.0,0.0,0.0,0.0,0.0,0.0,0.0,-0.13440820109804363,0.0
2024-06-06,20.06149890892272,32.06636884635275,0.0,0.0,0.0,0.0,0.19185223367380644,1.5295124571072165,0.0,0.0,0.0,0.0,1.5295124571072165
2024-06-07,20.06149890892272,32.06636884635275,0.0,0.0,0.3733973237104209,-1.0695012954722785,0.0,0.0,1.9899079856718451,3.05940928114388,-0.1488178603341916,0.0,1.0695012954722767
2024-06-08,20.06149890892272,32.06636884635275,0.0,0.0,0.0,0.0,0.0,0.0,0.0,0.0,0.0,0.0,0.0
2024-06-09,20.27184268502937,32.058459056439375,0.2103437761066509,-0.007909789913377097,0.0,0.0,0.0,0.0,0.0,0.0,0.0,0.005249355886143281,0.0
2024-06-10,20.27184268502937,32.058459056439375,0.0,0.0,0.0,0.0,-0.006464590653644464,-0.06763321745294348,0.0,0.0,0.0,0.0,-0.06763321745294348
2024-06-11,20.27184268502937,32.058459056439375,0.0,0.0,-0.613975038748169,0.5634366621800702,0.0,0.0,-1.9977574407073906,-2.5611941028873177,0.1687696713729746,0.0,-0.5634366621800684
2024-06-12,20.27184268502937,32.058459056439375,0.0,0.0,0.0,0.0,0.0,0.0,0.0,0.0,0.0,0.0,0.0
2024-06-13,20.21813850605751,32.058459056439375,-0.05370417897185931,0.0,0.0,0.0,0.0,0.0,0.0,0.0,0.0,0.14588927347110836,0.0
2024-06-14,20.21813850605751,32.058459056439375,0.0,0.0,0.0,0.0,0.005846909836314751,0.09186859006856807,0.0,0.0,0.0,0.0,0.09186859006856807
2024-06-15,20.21813850605751,32.058459056439375,0.0,0.0,0.07364861508305154,-0.023546875875346984,0.0,0.0,0.01133846944479977,0.034885345320142536,-0.06526749129724913,0.0,0.023546875875346984
2024-06-16,20.21813850605751,32.058459056439375,0.0,0.0,0.0,0.0,0.0,0.0,0.0,0.0,0.0,0.0,0.0
2024-06-17,20.183047186246238,32.058459056439375,-0.035091319811272115,0.0,0.0,0.0,0.0,0.0,0.0,0.0,0.0,-0.2633451375230558,0.0
2024-06-18,20.183047186246238,32.058459056439375,0.0,0.0,0.0,0.0,0.01885328193073832,0.049132254603598824,0.0,0.0,0.0,0.0,0.049132254603598824
2024-06-19,20.183047186246238,32.058459056439375,0.0,0.0,-0.03594202391983359,0.33715168460770784,0.0,0.0,-0.35789655719222324,-0.6950482417997808,0.08716078434743874,0.0,-0.33715168460770784
2024-06-20,20.183047186246238,32.058459056439375,0.0,0.0,0.0,0.0,0.0,0.0,0.0,0.0,0.0,0.0,0.0
2024-06-21,20.182552627516383,32.05796449770952,-0.0004945587298550436,-0.0004945587298550436,0.0,0.0,0.0,0.0,0.0,0.0,0.0,0.20592051843729742,0.0
2024-06-22,20.182552627516383,32.05796449770952,0.0,0.0,0.0,0.0,-0.05982178650599934,-0.4030737969720164,0.0,0.0,0.0,0.0,-0.4030737969720164
2024-06-23,20.182552627516383,32.05796449770952,0.0,0.0,-0.2477516942880058,-0.25372848207960885,0.0,0.0,-0.795023823430963,-0.5412953413511397,0.03125478824538802,0.0,0.25372848207960885
2024-06-24,20.182552627516383,32.05796449770952,0.0,0.0,0.0,0.0,0.0,0.0,0.0,0.0,0.0,0.0,0.0
2024-06-25,20.061191770512114,32.05796449770952,-0.12136085700426946,0.0,0.0,0.0,0.0,0.0,0.0,0.0,0.0,0.14475017497142684,0.0
2024-06-26,20.061191770512114,32.05796449770952,0.0,0.0,0.0,0.0,0.04191377953158515,0.18390569640977716,0.0,0.0,0.0,0.0,0.18390569640977894
2024-06-27,20.061191770512114,32.05796449770952,0.0,0.0,0.13504976897603171,-0.17182182239007027,0.0,0.0,0.1760459394156424,0.3478677618055608,0.004743854077845833,0.0,0.17182182239007027
2024-06-28,20.061191770512114,32.05796449770952,0.0,0.0,0.0,0.0,0.0,0.0,0.0,0.0,0.0,0.0,0.0
2024-06-29,20.297156010255385,32.05796449770952,0.23596423974327152,0.0,0.0,0.0,0.0,0.0,0.0,0.0,0.0,-0.26693585932422925,0.0
2024-06-30,20.297156010255385,32.05796449770952,0.0,0.0,0.0,0.0,-0.02185475698507844,0.0,0.0,0.0,0.0,0.0,0.0
2024-07-01,20.297156010255385,32.05796449770952,0.0,0.0,0.09143754103578416,0.38782634157225004,0.0,0.10144981041488421,0.03257270751590369,-0.35525363405619026,-0.00796354437808744,0.0,-0.28637653115736583
2024-07-02,20.297156010255385,32.05796449770952,0.0,0.0,0.0,0.0,0.0,0.0,0.0,0.0,0.0,0.0,0.0
2024-07-03,20.21764394732765,32.05796449770952,-0.0795120629277335,0.0,0.0,0.0,0.0,0.0,0.0,0.0,0.0,0.17204024457801648,0.0
2024-07-04,20.21764394732765,32.05796449770952,0.0,0.0,0.0,0.0,0.04531362065897504,0.0,0.0,0.0,0.0,0.0,0.0
2024-07-05,20.21764394732765,32.05796449770952,0.0,0.0,-0.2773352777339575,-0.21969771762677937,0.0,0.8581026061656907,-0.3470782980366298,-0.12738058040978062,-0.03780483051029365,0.0,1.0778003237924665
2024-07-06,20.21764394732765,32.05796449770952,0.0,0.0,0.0,0.0,0.0,0.0,0.0,0.0,0.0,0.0,0.0
2024-07-07,20.138423297149927,32.00671769957421,-0.0792206501777244,-0.051246798135309746,0.0,0.0,0.0,0.0,0.0,0.0,0.0,-0.004569695690065156,0.0
2024-07-08,20.138423297149927,32.00671769957421,0.0,0.0,0.0,0.0,0.09249419746901388,0.0,0.0,0.0,0.0,0.0,0.0
2024-07-09,20.138423297149927,32.00671769957421,0.0,0.0,0.24348374216261703,0.28766321538857476,0.0,-0.7684378121614373,-0.09013652991599841,-0.37779974530430216,-0.017412147820614565,0.0,-1.0561010275500102
2024-07-10,20.138423297149927,32.00671769957421,0.0,0.0,0.0,0.0,0.0,0.0,0.0,0.0,0.0,0.0,0.0
2024-07-11,20.131305829381063,32.00671769957421,-0.0071174677688645716,0.0,0.0,0.0,0.0,0.0,0.0,0.0,0.0,0.09183433341296432,0.0
2024-07-12,20.131305829381063,32.00671769957421,0.0,0.0,0.0,0.0,-0.09568850097732806,0.0,0.0,0.0,0.0,0.0,0.0
2024-07-13,20.131305829381063,32.00671769957421,0.0,0.0,0.05635890588124681,0.11763947248099171,0.0,-1.0533833940345936,0.4278278989664184,0.3101884264851973,-0.004510472319535552,0.0,-1.1710228665155853
2024-07-14,20.131305829381063,32.00671769957421,0.0,0.0,0.0,0.0,0.0,0.0,0.0,0.0,0.0,0.0,0.0
2024-07-15,20.220101328164194,32.00671769957421,0.08879549878313142,0.0,0.0,0.0,0.0,0.0,0.0,0.0,0.0,-0.30926902050683136,0.0
2024-07-16,20.220101328164194,32.00671769957421,0.0,0.0,0.0,0.0,0.013926486993293352,0.0,0.0,0.0,0.0,0.0,0.0
2024-07-17,20.220101328164194,32.00671769957421,0.0,0.0,0.1005351757157058,-0.17776749496081123,0.0,1.0306798643949975,-0.2439119247883781,-0.06614442982752344,0.029026742697756236,0.0,1.208447359355807
2024-07-18,20.220101328164194,32.00671769957421,0.0,0.0,0.0,0.0,0.0,0.0,0.0,0.0,0.0,0.0,0.0
2024-07-19,20.211700542230567,32.038322248254275,-0.008400785933627475,0.03160454868006468,0.0,0.0,0.0,0.0,0.0,0.0,0.0,0.17374599209153985,0.0
2024-07-20,20.211700542230567,32.038322248254275,0.0,0.0,0.0,0.0,-0.10214110214659478,0.0,0.0,0.0,0.0,0.0,0.0
2024-07-21,20.211700542230567,32.038322248254275,0.0,0.0,0.09482379576282085,0.3334649985203466,0.0,-1.129706094577596,-0.3122697894795081,-0.645734787999245,-0.014861783694588127,0.0,-1.463171093097941
2024-07-22,20.211700542230567,32.038322248254275,0.0,0.0,0.0,0.0,0.0,0.0,0.0,0.0,0.0,0.0,0.0
2024-07-23,20.3511666703749,32.03832224825427,0.1394661281443348,-7.105427357601002e-15,0.0,0.0,0.0,0.0,0.0,0.0,0.0,0.1087042016008799,0.0
2024-07-24,20.3511666703749,32.03832224825427,0.0,0.0,0.0,0.0,0.0856188003717584,0.0,0.0,0.0,0.0,0.0,0.0
2024-07-25,20.3511666703749,32.03832224825427,0.0,0.0,-0.08291476069160453,-0.17765115827784328,0.0,1.14612503677046,0.032528208078634435,0.2101793663562342,0.007774656583770412,0.0,1.3237761950483034
2024-07-26,20.3511666703749,32.03832224825427,0.0,0.0,0.0,0.0,0.0,0.0,0.0,0.0,0.0,0.0,0.0
2024-07-27,20.258220557865457,32.03832224825427,-0.09294611250944484,0.0,0.0,0.0,0.0,0.0,0.0,0.0,0.0,-0.3113261171942714,0.0
2024-07-28,20.258220557865457,32.03832224825427,0.0,0.0,0.0,0.0,-0.11537241291951972,0.0,0.0,0.0,0.0,0.0,0.0
2024-07-29,20.258220557865457,32.03832224825427,0.0,0.0,0.17891816776903013,0.13790119311804716,0.0,0.2300489306105824,0.10011188518313752,-0.0377893079348696,0.017985007469825842,0.0,0.09214773749253524
2024-07-30,20.258220557865457,32.03832224825427,0.0,0.0,0.0,0.0,0.0,0.0,0.0,0.0,0.0,0.0,0.0
2024-07-31,20.234227754889844,32.10252215731412,-0.023992802975612904,0.06419990905985173,0.0,0.0,0.0,0.0,0.0,0.0,0.0,0.3395367326815055,0.0
2024-08-01,20.234227754889844,32.10252215731412,0.0,0.0,0.0,0.0,0.24197135800571878,0.0,0.0,0.0,0.0,0.0,0.0
2024-08-02,20.234227754889844,32.10252215731412,0.0,0.0,-0.45172790990683964,-0.7003182041801175,0.0,-0.009475929489280333,-0.3075424218110925,0.39277578236867383,0.00117656724573173,0.0,0.6908422746908389
2024-08-03,20.234227754889844,32.10252215731412,0.0,0.0,0.0,0.0,0.0,0.0,0.0,0.0,0.0,0.0,0.0
2024-08-04,20.28399942030159,32.13820908284413,0.049771665411746824,0.035686925530008295,0.0,0.0,0.0,0.0,0.0,0.0,0.0,-0.15056416588849064,0.0
2024-08-05,20.28399942030159,32.13820908284413,0.0,0.0,0.0,0.0,0.03971747922204827,0.0,0.0,0.0,0.0,0.0,0.0
2024-08-06,20.28399942030159,32.13820908284413,0.0,0.0,-0.02736730450506286,0.1680727968846636,0.0,-0.3651654520602392,-0.20206164605362353,-0.37013444293795883,-0.0009413913388985895,0.0,-0.5332382489449046
2024-08-07,20.28399942030159,32.13820908284413,0.0,0.0,0.0,0.0,0.0,0.0,0.0,0.0,0.0,0.0,0.0
2024-08-08,20.180967194403355,32.13820908284413,-0.10303222589823591,0.0,0.0,0.0,0.0,0.0,0.0,0.0,0.0,0.28929758168841113,0.0
2024-08-09,20.180967194403355,32.13820908284413,0.0,0.0,0.0,0.0,-0.1242508117659753,0.0,0.0,0.0,0.0,0.0,0.0
2024-08-10,20.180967194403355,32.13820908284413,0.0,0.0,-0.0011943321417717812,0.12318663754672876,0.0,-0.5741207390265544,-0.11074124723922019,-0.233927884785671,-0.00991939594414204,0.0,-0.6973073765732831
2024-08-11,20.180967194403355,32.13820908284413,0.0,0.0,0.0,0.0,0.0,0.0,0.0,0.0,0.0,0.0,0.0
2024-08-12,20.241135715869806,32.13820908284413,0.06016852146645135,0.0,0.0,0.0,0.0,0.0,0.0,0.0,0.0,-0.17268292795617235,0.0
2024-08-13,20.241135715869806,32.13820908284413,0.0,0.0,0.0,0.0,-0.012614985422876757,0.0,0.0,0.0,0.0,0.0,0.0
2024-08-14,20.241135715869806,32.13820908284413,0.0,0.0,0.018178938645199594,-0.0837259911931234,0.0,0.6002663615165105,0.15700137424867577,0.24072736544151263,0.01297645498291855,0.0,0.6839923527096321
2024-08-15,20.241135715869806,32.13820908284413,0.0,0.0,0.0,0.0,0.0,0.0,0.0,0.0,0.0,0.0,0.0
2024-08-16,20.234223600350077,32.09545083555126,-0.006912115519728701,-0.04275824729286626,0.0,0.0,0.0,0.0,0.0,0.0,0.0,-0.14365440025595788,0.0
2024-08-17,20.234223600350077,32.09545083555126,0.0,0.0,0.0,0.0,-0.06454813548987559,0.0,0.0,0.0,0.0,0.0,0.0
2024-08-18,20.234223600350077,32.09545083555126,0.0,0.0,0.16621171200348428,0.42203725223253485,0.0,-1.3334524347739034,-0.098877633156226,-0.520914885388042,0.0315629694762658,0.0,-1.7554896870064356
2024-08-19,20.234223600350077,32.09545083555126,0.0,0.0,0.0,0.0,0.0,0.0,0.0,0.0,0.0,0.0,0.0
2024-08-20,20.289031836845073,32.09545083555126,0.054808236494995555,0.0,0.0,0.0,0.0,0.0,0.0,0.0,0.0,0.19483977515134043,0.0
2024-08-21,20.289031836845073,32.09545083555126,0.0,0.0,0.0,0.0,0.12151546899699106,0.0,0.0,0.0,0.0,0.0,0.0
2024-08-22,20.289031836845073,32.09545083555126,0.0,0.0,0.19692291604003032,0.0324669813592795,0.0,1.1435192666439384,2.640839560611452,2.6083725792505357,-0.05554767722246612,0.0,1.1110522852846563
2024-08-23,20.289031836845073,32.09545083555126,0.0,0.0,0.0,0.0,0.0,0.0,0.0,0.0,0.0,0.0,0.0
2024-08-24,20.308834464141253,32.09545083555126,0.019802627296179764,0.0,0.0,0.0,0.0,0.0,0.0,0.0,0.0,0.028968007339712276,0.0
2024-08-25,20.308834464141253,32.09545083555126,0.0,0.0,0.0,0.0,-0.2516731741341367,0.0,0.0,0.0,0.0,0.0,0.0
2024-08-26,20.308834464141253,32.09545083555126,0.0,0.0,-0.2763692763812564,-0.2803381431869276,0.0,0.054302481192930685,-2.3967736135598514,-2.116435470371973,0.05019623421361219,0.0,0.3346406243798601
2024-08-27,20.308834464141253,32.09545083555126,0.0,0.0,0.0,0.0,0.0,0.0,0.0,0.0,0.0,0.0,0.0
2024-08-28,20.371996282343773,32.10764621016176,0.06316181820251998,0.012195374610499243,0.0,0.0,0.0,0.0,0.0,0.0,0.0,-0.1138068872767346,0.0
2024-08-29,20.371996282343773,32.10764621016176,0.0,0.0,0.0,0.0,0.26807644419129417,0.0,0.0,0.0,0.0,0.0,0.0
2024-08-30,20.371996282343773,32.10764621016176,0.0,0.0,-0.032963743340481244,-0.10267993418151988,0.0,0.18552801535578922,-0.15702659589751988,-0.054346661715940214,-0.009813609009914126,0.0,0.2882079495373091
2024-08-31,20.371996282343773,32.10764621016176,0.0,0.0,0.0,0.0,0.0,0.0,0.0,0.0,0.0,0.0,0.0
2024-09-01,20.263715861210784,32.124943096411975,-0.10828042113298864,0.017296886250214527,0.0,0.0,0.0,0.0,0.0,0.0,0.0,0.024982930490506927,0.0
2024-09-02,20.263715861210784,32.124943096411975,0.0,0.0,0.0,0.0,-0.07636955166739057,0.0,0.0,0.0,0.0,0.0,0.0
2024-09-03,20.263715861210784,32.124943096411975,0.0,0.0,0.03988311678293499,0.07230766297341518,0.0,-0.20033275640128423,0.04557391582273951,-0.02673374715064475,0.05821079017924735,0.0,-0.2726404193746994
2024-09-04,20.263715861210784,32.124943096411975,0.0,0.0,0.0,0.0,0.0,0.0,0.0,0.0,0.0,0.0,0.0
2024-09-05,20.35131392052877,32.124943096411975,0.08759805931798681,0.0,0.0,0.0,0.0,0.0,0.0,0.0,0.0,0.11891124916955054,0.0
2024-09-06,20.35131392052877,32.124943096411975,0.0,0.0,0.0,0.0,0.0842211775696402,0.0,0.0,0.0,0.0,0.0,0.0
2024-09-07,20.35131392052877,32.124943096411975,0.0,0.0,-0.011337077093898529,0.29336046176277364,0.0,-1.3755983217745502,-0.3232359924972332,-0.6165964542590054,-0.06993405753159626,0.0,-1.6689587835373212
2024-09-08,20.35131392052877,32.124943096411975,0.0,0.0,0.0,0.0,0.0,0.0,0.0,0.0,0.0,0.0,0.0
2024-09-09,20.2846225460301,32.124943096411975,-0.0666913744986708,0.0,0.0,0.0,0.0,0.0,0.0,0.0,0.0,-0.1833530164006012,0.0
2024-09-10,20.2846225460301,32.124943096411975,0.0,0.0,0.0,0.0,-0.08728959970072658,0.0,0.0,0.0,0.0,0.0,0.0
2024-09-11,20.2846225460301,32.124943096411975,0.0,0.0,-0.3406251576923047,-0.6415496170231307,0.0,1.1904699544154127,0.05121090001678752,0.6927605170388328,0.0011622855841924573,0.0,1.8320195714385425
2024-09-12,20.2846225460301,32.124943096411975,0.0,0.0,0.0,0.0,0.0,0.0,0.0,0.0,0.0,0.0,0.0
2024-09-13,20.155212983396304,32.16008292082633,-0.12940956263379633,0.035139824414358145,0.0,0.0,0.0,0.0,0.0,0.0,0.0,0.06444176723105066,0.0
2024-09-14,20.155212983396304,32.16008292082633,0.0,0.0,0.0,0.0,0.0017013706678383755,0.0,0.0,0.0,0.0,0.0,0.0
2024-09-15,20.155212983396304,32.16008292082633,0.0,0.0,0.38415472669454687,0.5491725815931616,0.0,-1.1657306783818235,0.005667229999048118,-0.5435053515933315,-0.005292271243802216,0.0,-1.714903259974987
2024-09-16,20.155212983396304,32.16008292082633,0.0,0.0,0.0,0.0,0.0,0.0,0.0,0.0,0.0,0.0,0.0
2024-09-17,20.353663922120145,32.160082920826326,0.19845093872384112,-7.105427357601002e-15,0.0,0.0,0.0,0.0,0.0,0.0,0.0,-0.04679650696173443,0.0
2024-09-18,20.353663922120145,32.160082920826326,0.0,0.0,0.0,0.0,0.013041225632468567,0.0,0.0,0.0,0.0,0.0,0.0
2024-09-19,20.353663922120145,32.160082920826326,0.0,0.0,-0.14200437754378825,-0.4468933611139523,0.0,1.6667542094612244,0.5156100762963494,0.9625034374091469,-0.0019546343026475843,0.0,2.1136475705751767
2024-09-20,20.353663922120145,32.160082920826326,0.0,0.0,0.0,0.0,0.0,0.0,0.0,0.0,0.0,0.0,0.0
2024-09-21,20.248303406462316,32.16008292082633,-0.10536051565782856,7.105427357601002e-15,0.0,0.0,0.0,0.0,0.0,0.0,0.0,-0.017645260269316232,0.0
2024-09-22,20.248303406462316,32.16008292082633,0.0,0.0,0.0,0.0,-0.13590624609343216,0.0,0.0,0.0,0.0,0.0,0.0
2024-09-23,20.248303406462316,32.16008292082633,0.0,0.0,0.16824006849416406,0.24135389101254745,0.0,-0.16375389698751164,-0.2591277913958763,-0.5004816824079606,0.02713936982810261,0.0,-0.4051077880000591
2024-09-24,20.248303406462316,32.16008292082633,0.0,0.0,0.0,0.0,0.0,0.0,0.0,0.0,0.0,0.0,0.0
2024-09-25,20.303202660537472,32.150443653763915,0.05489925407515628,-0.009639267062418355,0.0,0.0,0.0,0.0,0.0,0.0,0.0,-0.11512596508179618,0.0
2024-09-26,20.303202660537472,32.150443653763915,0.0,0.0,0.0,0.0,0.16015096350025715,0.0,0.0,0.0,0.0,0.0,0.0
2024-09-27,20.303202660537472,32.150443653763915,0.0,0.0,-0.008308892993621697,-0.25013479003188266,0.0,0.20043669601639635,0.40044073905839106,0.6505755290897098,0.039607430045818126,0.0,0.450571486048279
2024-09-28,20.303202660537472,32.150443653763915,0.0,0.0,0.0,0.0,0.0,0.0,0.0,0.0,0.0,0.0,0.0
2024-09-29,20.339313709025863,32.11294288490906,0.036111048488390196,-0.03750076885485498,0.0,0.0,0.0,0.0,0.0,0.0,0.0,0.1320104797838031,0.0
2024-09-30,20.339313709025863,32.11294288490906,0.0,0.0,0.0,0.0,-0.004681802008933644,0.0,0.0,0.0,0.0,0.0,0.0
2024-10-01,20.339313709025863,32.11294288490906,0.0,0.0,0.08319384795232665,0.3372337914500534,0.0,-0.04785327314991861,-0.37600429098270105,-0.713238082432113,-0.07426109970696426,0.0,-0.385087064599972
2024-10-02,20.339313709025863,32.11294288490906,0.0,0.0,0.0,0.0,0.0,0.0,0.0,0.0,0.0,0.0,0.0
2024-10-03,20.358483625133584,32.11294288490906,0.019169916107721008,0.0,0.0,0.0,0.0,0.0,0.0,0.0,0.0,-0.14908994028141276,0.0
2024-10-04,20.358483625133584,32.11294288490906,0.0,0.0,0.0,0.0,0.07577506352996899,0.0,0.0,0.0,0.0,0.0,0.0
2024-10-05,20.358483625133584,32.11294288490906,0.0,0.0,-0.05683230211342405,0.17981959081767762,0.0,-1.094159145405193,0.398278180222702,0.21845858940477775,-0.05038323031966868,0.0,-1.273978736222869
2024-10-06,20.358483625133584,32.11294288490906,0.0,0.0,0.0,0.0,0.0,0.0,0.0,0.0,0.0,0.0,0.0
2024-10-07,20.339313709025863,32.11294288490906,-0.019169916107721008,0.0,0.0,0.0,0.0,0.0,0.0,0.0,0.0,-0.060072654037332196,0.0
2024-10-08,20.339313709025863,32.11294288490906,0.0,0.0,0.0,0.0,0.003984959010452371,0.0,0.0,0.0,0.0,0.0,0.0
2024-10-09,20.339313709025863,32.11294288490906,0.0,0.0,-0.16406336013573508,-0.34433489832303543,0.0,0.9007448132427847,0.227169529508501,0.5715044278310973,0.02762004676289087,0.0,1.2450797115658183
2024-10-10,20.339313709025863,32.11294288490906,0.0,0.0,0.0,0.0,0.0,0.0,0.0,0.0,0.0,0.0,0.0
2024-10-11,20.27793674871696,32.1533486189101,-0.06137696030890183,0.04040573400104108,0.0,0.0,0.0,0.0,0.0,0.0,0.0,0.11506932978477513,0.0
2024-10-12,20.27793674871696,32.1533486189101,0.0,0.0,0.0,0.0,-0.233258923635967,0.0,0.0,0.0,0.0,0.0,0.0
2024-10-13,20.27793674871696,32.1533486189101,0.0,0.0,0.11581532952098783,0.18924283459201874,0.0,-1.4368441288469356,0.4993192795541095,0.3100764449619382,-0.024622770640078062,0.0,-1.6260869634389552
2024-10-14,20.27793674871696,32.1533486189101,0.0,0.0,0.0,0.0,0.0,0.0,0.0,0.0,0.0,0.0,0.0
2024-10-15,20.386150333357193,32.1533486189101,0.10821358464023234,0.0,0.0,0.0,0.0,0.0,0.0,0.0,0.0,-0.1829906769259586,0.0
2024-10-16,20.386150333357193,32.1533486189101,0.0,0.0,0.0,0.0,0.05421143251239435,0.0,0.0,0.0,0.0,0.0,0.0
2024-10-17,20.386150333357193,32.1533486189101,0.0,0.0,0.28354584979300057,0.00658799739564131,0.0,1.6985363352693525,0.9919341919672959,0.9853461945713935,0.05100913004203328,0.0,1.691948337873714
2024-10-18,20.386150333357193,32.1533486189101,0.0,0.0,0.0,0.0,0.0,0.0,0.0,0.0,0.0,0.0,0.0
2024-10-19,20.489585920605435,32.153348618910094,0.1034355872482422,-7.105427357601002e-15,0.0,0.0,0.0,0.0,0.0,0.0,0.0,-0.09030265807369098,0.0
2024-10-20,20.489585920605435,32.153348618910094,0.0,0.0,0.0,0.0,-0.004839492730791761,0.0,0.0,0.0,0.0,0.0,0.0
2024-10-21,20.489585920605435,32.153348618910094,0.0,0.0,-0.009082760571171633,0.24582642236879693,0.0,-0.0060535784185979935,-1.2555538486763513,-1.5013802710446047,-0.024276440583640868,0.0,-0.2518800007873967
2024-10-22,20.489585920605435,32.153348618910094,0.0,0.0,0.0,0.0,0.0,0.0,0.0,0.0,0.0,0.0,0.0
2024-10-23,20.392179686869827,32.19195414285735,-0.09740623373560808,0.03860552394725403,0.0,0.0,0.0,0.0,0.0,0.0,0.0,0.559301766893376,0.0
2024-10-24,20.392179686869827,32.19195414285735,0.0,0.0,0.0,0.0,-0.01953393379101165,0.0,0.0,0.0,0.0,0.0,0.0
2024-10-25,20.392179686869827,32.19195414285735,0.0,0.0,-0.07984795774194353,-0.465926496895392,0.0,-0.060320570211278124,0.7342364596461266,1.2001629565410297,0.10198863973506506,0.0,0.40560592668411566
2024-10-26,20.392179686869827,32.19195414285735,0.0,0.0,0.0,0.0,0.0,0.0,0.0,0.0,0.0,0.0,0.0
2024-10-27,20.456304215039367,32.19195414285735,0.06412452816953973,0.0,0.0,0.0,0.0,0.0,0.0,0.0,0.0,-0.38433318440470154,0.0
2024-10-28,20.456304215039367,32.19195414285735,0.0,0.0,0.0,0.0,0.16523570955286893,0.0,0.0,0.0,0.0,0.0,0.0
2024-10-29,20.456304215039367,32.19195414285735,0.0,0.0,0.04390688531949394,0.1600729714989484,0.0,0.5475023657959106,-1.100810112976541,-1.2608830844749572,-0.024998391496371397,0.0,0.38742939429696044
2024-10-30,20.456304215039367,32.19195414285735,0.0,0.0,0.0,0.0,0.0,0.0,0.0,0.0,0.0,0.0,0.0
2024-10-31,20.437494883081868,32.19195414285735,-0.018809331957498898,0.0,0.0,0.0,0.0,0.0,0.0,0.0,0.0,-0.06281798488911594,0.0
2024-11-01,20.437494883081868,32.19195414285735,0.0,0.0,0.0,0.0,0.03952197697668325,0.0,0.0,0.0,0.0,0.0,0.0
2024-11-02,20.437494883081868,32.19195414285735,0.0,0.0,-0.12764525105973235,-0.12151775850268365,0.0,-1.803966401347168,-0.4863484898511885,-0.36483073134817745,0.017692974253139537,0.0,-1.6824486428444843
2024-11-03,20.437494883081868,32.19195414285735,0.0,0.0,0.0,0.0,0.0,0.0,0.0,0.0,0.0,0.0,0.0
2024-11-04,20.395482492489105,32.195256948476626,-0.04201239059276318,0.003302805619277649,0.0,0.0,0.0,0.0,0.0,0.0,0.0,-0.16866280786289312,0.0
2024-11-05,20.395482492489105,32.195256948476626,0.0,0.0,0.0,0.0,-0.015273936066872551,0.0,0.0,0.0,0.0,0.0,0.0
2024-11-06,20.395482492489105,32.195256948476626,0.0,0.0,0.1302068490592383,-0.0821888901023442,0.0,1.9668384840864377,0.1999610029400447,0.28214989304212446,-0.04154939444532568,0.0,2.049027374188782
2024-11-07,20.395482492489105,32.195256948476626,0.0,0.0,0.0,0.0,0.0,0.0,0.0,0.0,0.0,0.0,0.0
2024-11-08,20.391298369191095,32.252525604392275,-0.004184123298010434,0.05726865591564945,0.0,0.0,0.0,0.0,0.0,0.0,0.0,0.19292406575319432,0.0
2024-11-09,20.391298369191095,32.252525604392275,0.0,0.0,0.0,0.0,-0.08790081512039372,0.0,0.0,0.0,0.0,0.0,0.0
2024-11-10,20.391298369191095,32.252525604392275,0.0,0.0,0.05113308851634457,0.10697232178696403,0.0,-0.6355257750313505,0.33224016117653754,0.2252678393894109,-0.01696252505968049,0.0,-0.7424980968183146
2024-11-11,20.391298369191095,32.252525604392275,0.0,0.0,0.0,0.0,0.0,0.0,0.0,0.0,0.0,0.0,0.0
2024-11-12,20.41907793329817,32.252525604392275,0.027779564107074606,0.0,0.0,0.0,0.0,0.0,0.0,0.0,0.0,0.05047800527445201,0.0
2024-11-13,20.41907793329817,32.252525604392275,0.0,0.0,0.0,0.0,0.23684820518994876,0.0,0.0,0.0,0.0,0.0,0.0
2024-11-14,20.41907793329817,32.252525604392275,0.0,0.0,-0.012856147413181418,-0.10314226021116646,0.0,1.0104907271029404,0.9404089708911805,1.0435512311019304,-0.04133596980348986,0.0,1.1136329873141069
2024-11-15,20.41907793329817,32.252525604392275,0.0,0.0,0.0,0.0,0.0,0.0,0.0,0.0,0.0,0.0,0.0
2024-11-16,20.49171711693814,32.252525604392275,0.07263918363997135,0.0,0.0,0.0,0.0,0.0,0.0,0.0,0.0,-0.008238032859340993,0.0
2024-11-17,20.49171711693814,32.252525604392275,0.0,0.0,0.0,0.0,-0.20598805568017475,0.0,0.0,0.0,0.0,0.0,0.0
2024-11-18,20.49171711693814,32.252525604392275,0.0,0.0,0.19229927953128012,0.2904880912658676,0.0,0.0,-0.3298604649216941,-0.620348556187367,0.017229933508346507,0.0,-0.2904880912658676
2024-11-19,20.49171711693814,32.252525604392275,0.0,0.0,0.0,0.0,0.0,-0.30061848321716056,0.0,0.0,0.0,0.0,-0.30061848321716056
2024-11-20,20.432205534425453,32.258827240449165,-0.05951158251268751,0.0063016360568894925,0.0,0.0,0.0,0.0,0.0,0.0,0.0,0.15152117528821796,0.0
2024-11-21,20.432205534425453,32.258827240449165,0.0,0.0,0.0,0.0,0.2514476021917549,0.0,0.0,0.0,0.0,0.0,0.0
2024-11-22,20.432205534425453,32.258827240449165,0.0,0.0,-0.0015012459916619036,-0.22006908233168865,0.0,0.0,0.1516298056464045,0.3716988879779637,-0.009053207536666719,0.0,0.22006908233168865
2024-11-23,20.432205534425453,32.258827240449165,0.0,0.0,0.0,0.0,0.0,-0.4627827035990286,0.0,0.0,0.0,0.0,-0.4627827035990286
2024-11-24,20.339612747597627,32.258827240449165,-0.09259278682782579,0.0,0.0,0.0,0.0,0.0,0.0,0.0,0.0,0.3041336773437613,0.0
2024-11-25,20.339612747597627,32.258827240449165,0.0,0.0,0.0,0.0,-0.11612611832394748,0.0,0.0,0.0,0.0,0.0,0.0
2024-11-26,20.339612747597627,32.258827240449165,0.0,0.0,-0.08495443029595862,-0.12736951557194054,0.0,0.0,-0.1473505772319097,-0.019981061659964716,-0.02419994617148058,0.0,0.12736951557194054
2024-11-27,20.339612747597627,32.258827240449165,0.0,0.0,0.0,0.0,0.0,0.10769138074351403,0.0,0.0,0.0,0.0,0.10769138074351581
2024-11-28,20.397600005247977,32.258827240449165,0.05798725765034973,0.0,0.0,0.0,0.0,0.0,0.0,0.0,0.0,-0.34114514232057713,0.0
2024-11-29,20.397600005247977,32.258827240449165,0.0,0.0,0.0,0.0,-0.07213742196854334,0.0,0.0,0.0,0.0,0.0,0.0
2024-11-30,20.397600005247977,32.258827240449165,0.0,0.0,0.19525044545464354,0.29817625005645,0.0,0.0,-0.48280419342657943,-0.7809804434826784,0.055407650707280987,0.0,-0.29817625005645
2024-12-01,20.397600005247977,32.258827240449165,0.0,0.0,0.0,0.0,0.0,-1.1023750944603101,0.0,0.0,0.0,0.0,-1.102375094460312
2024-12-02,20.291840801232777,32.26470800757663,-0.10575920401520023,0.005880767127464992,0.0,0.0,0.0,0.0,0.0,0.0,0.0,-0.02995232228334821,0.0
2024-12-03,20.291840801232777,32.26470800757663,0.0,0.0,0.0,0.0,0.1059954205000384,0.0,0.0,0.0,0.0,0.0,0.0
2024-12-04,20.291840801232777,32.26470800757663,0.0,0.0,-0.10574678790609582,-0.2425253249138546,0.0,0.0,0.1589192044429879,0.4014445293566286,-0.047980485963056596,0.0,0.2425253249138528
2024-12-05,20.291840801232777,32.26470800757663,0.0,0.0,0.0,0.0,0.0,1.6754645186379378,0.0,0.0,0.0,0.0,1.6754645186379395
2024-12-06,20.3702395661249,32.274638973191294,0.07839876489212472,0.009930965614664444,0.0,0.0,0.0,0.0,0.0,0.0,0.0,-0.16291646478424848,0.0
2024-12-07,20.3702395661249,32.274638973191294,0.0,0.0,0.0,0.0,-0.15856976164271686,0.0,0.0,0.0,0.0,0.0,0.0
2024-12-08,20.3702395661249,32.274638973191294,0.0,0.0,0.021696229322856198,-0.17939887855870928,0.0,0.0,0.271971617152051,0.4513704957106034,0.015949975790402193,0.0,0.17939887855870928
2024-12-09,20.3702395661249,32.274638973191294,0.0,0.0,0.0,0.0,0.0,-0.27628556132246374,0.0,0.0,0.0,0.0,-0.27628556132246374
2024-12-10,20.49453728280248,32.274638973191294,0.12429771667757805,0.0,0.0,0.0,0.0,0.0,0.0,0.0,0.0,-0.12139292318885975,0.0
2024-12-11,20.49453728280248,32.274638973191294,0.0,0.0,0.0,0.0,0.1648830616181236,0.0,0.0,0.0,0.0,0.0,0.0
2024-12-12,20.49453728280248,32.274638973191294,0.0,0.0,0.03179360171136025,0.12225216123532867,0.0,0.0,0.26685333897437147,0.14460117773900594,-0.0012269279667028177,0.0,-0.12225216123532867
2024-12-13,20.49453728280248,32.274638973191294,0.0,0.0,0.0,0.0,0.0,0.04394635534506719,0.0,0.0,0.0,0.0,0.043946355345068966
2024-12-14,20.526488882609083,32.274638973191294,0.03195159980660378,0.0,0.0,0.0,0.0,0.0,0.0,0.0,0.0,0.012270092591812443,0.0
2024-12-15,20.526488882609083,32.274638973191294,0.0,0.0,0.0,0.0,-0.13321332532365915,0.0,0.0,0.0,0.0,0.0,0.0
2024-12-16,20.526488882609083,32.274638973191294,0.0,0.0,0.026192183752893783,-0.14043367272096496,0.0,0.0,-0.42695302328212215,-0.2865193505610788,0.01162719660851036,0.0,0.14043367272096496
2024-12-17,20.526488882609083,32.274638973191294,0.0,0.0,0.0,0.0,0.0,-0.09590151667046953,0.0,0.0,0.0,0.0,-0.09590151667047131
2024-12-18,20.470739007811307,32.31798000103775,-0.055749874797776044,0.04334102784645921,0.0,0.0,0.0,0.0,0.0,0.0,0.0,0.1091228305970473,0.0
2024-12-19,20.470739007811307,32.31798000103775,0.0,0.0,0.0,0.0,0.15994873716568847,0.0,0.0,0.0,0.0,0.0,0.0
2024-12-20,20.470739007811307,32.31798000103775,0.0,0.0,-0.022495574018250863,-0.03470080744006765,0.0,0.0,0.15226938206597218,0.18697018950598498,-0.03375171422695672,0.0,0.03470080744006765
2024-12-21,20.470739007811307,32.31798000103775,0.0,0.0,0.0,0.0,0.0,-0.8460175324536436,0.0,0.0,0.0,0.0,-0.8460175324536436
2024-12-22,20.544350825154552,32.31798000103775,0.07361181734324518,0.0,0.0,0.0,0.0,0.0,0.0,0.0,0.0,-0.16967816434831517,0.0
2024-12-23,20.544350825154552,32.31798000103775,0.0,0.0,0.0,0.0,-0.18220551217466863,0.0,0.0,0.0,0.0,0.0,0.0
2024-12-24,20.544350825154552,32.31798000103775,0.0,0.0,-0.18688114666896993,-0.19948968617484475,0.0,0.0,-0.49724838891135725,-0.29775870273642124,0.009628873105087365,0.0,0.19948968617484475
2024-12-25,20.544350825154552,32.31798000103775,0.0,0.0,0.0,0.0,0.0,-0.2303844442460381,0.0,0.0,0.0,0.0,-0.23038444424603632
2024-12-26,20.376123031436457,32.31798000103775,-0.1682277937180956,0.0,0.0,0.0,0.0,0.0,0.0,0.0,0.0,0.23322215531937074,0.0
2024-12-27,20.376123031436457,32.31798000103775,0.0,0.0,0.0,0.0,0.07282523746804692,0.0,0.0,0.0,0.0,0.0,0.0
2024-12-28,20.376123031436457,32.31798000103775,0.0,0.0,0.07274721364811043,-0.08960641721123785,0.0,0.0,-0.5270699457941888,-0.4374635285827563,0.07679963178148108,0.0,0.08960641721123608
2024-12-29,20.376123031436457,32.31798000103775,0.0,0.0,0.0,0.0,0.0,-0.044514525766295776,0.0,0.0,0.0,0.0,-0.04451452576629755
2024-12-30,20.581368295184088,32.3295183857663,0.2052452637476314,0.011538384728545736,0.0,0.0,0.0,0.0,0.0,0.0,0.0,-0.2679770013724143,0.0
2024-12-31,20.581368295184088,32.3295183857663,0.0,0.0,0.0,0.0,-0.04178501926503131,0.0,0.0,0.0,0.0,0.0,0.0
2025-01-01,20.581368295184088,32.3295183857663,0.0,0.0,-0.04347247850185454,-0.021554915223207516,0.0,0.0,-0.188949562088915,-0.16739464686560496,0.07199860061807328,0.0,0.021554915223207516
2025-01-02,20.581368295184088,32.3295183857663,0.0,0.0,0.0,0.0,0.0,0.1558813145179201,0.0,0.0,0.0,0.0,0.1558813145179201
2025-01-03,20.46829115056512,32.3295183857663,-0.11307714461896978,0.0,0.0,0.0,0.0,0.0,0.0,0.0,0.0,0.10083810985682407,0.0
2025-01-04,20.46829115056512,32.3295183857663,0.0,0.0,0.0,0.0,-0.057923093637475276,0.0,0.0,0.0,0.0,0.0,0.0
2025-01-05,20.46829115056512,32.3295183857663,0.0,0.0,0.16243791632339466,0.3954555492973384,0.0,0.0,0.26764464089082907,-0.12781090840642217,-0.052608789854113214,0.0,-0.3954555492973384
2025-01-06,20.46829115056512,32.3295183857663,0.0,0.0,0.0,0.0,0.0,0.5621815363958866,0.0,0.0,0.0,0.0,0.5621815363958866
2025-01-07,20.41030389291477,32.3295183857663,-0.05798725765034973,0.0,0.0,0.0,0.0,0.0,0.0,0.0,0.0,0.07434420192763636,0.0
2025-01-08,20.41030389291477,32.3295183857663,0.0,0.0,0.0,0.0,0.05837601337298892,0.0,0.0,0.0,0.0,0.0,0.0
2025-01-09,20.41030389291477,32.3295183857663,0.0,0.0,-0.08281429797986206,0.20748164553358528,0.0,0.0,0.15452742257616414,-0.05295422295737848,0.0022970630086378563,0.0,-0.2074816455335835
2025-01-10,20.41030389291477,32.3295183857663,0.0,0.0,0.0,0.0,0.0,-0.26482252466612266,0.0,0.0,0.0,0.0,-0.26482252466612266
2025-01-11,20.43971777812106,32.3295183857663,0.02941388520629218,0.0,0.0,0.0,0.0,0.0,0.0,0.0,0.0,-0.0771043472074231,0.0
2025-01-12,20.43971777812106,32.3295183857663,0.0,0.0,0.0,0.0,-0.13097385249398918,0.0,0.0,0.0,0.0,0.0,0.0
2025-01-13,20.43971777812106,32.3295183857663,0.0,0.0,-0.17118695157967778,-0.26854535035355553,0.0,0.0,0.055089005207092256,0.32363435556043196,0.003938447166077164,0.0,0.26854535035355553
2025-01-14,20.43971777812106,32.3295183857663,0.0,0.0,0.0,0.0,0.0,0.030011798274408363,0.0,0.0,0.0,0.0,0.030011798274408363
2025-01-15,20.453020955096942,32.335601314768695,0.01330317697588157,0.0060829290023960425,0.0,0.0,0.0,0.0,0.0,0.0,0.0,0.1043649954163115,0.0
2025-01-16,20.453020955096942,32.335601314768695,0.0,0.0,0.0,0.0,0.14398388673035178,0.0,0.0,0.0,0.0,0.0,0.0
2025-01-17,20.453020955096942,32.335601314768695,0.0,0.0,0.25522643550208457,0.041768421945157286,0.0,0.0,0.24514510608323725,0.20337668413797472,-0.02575228218039527,0.0,-0.041768421945157286
2025-01-18,20.453020955096942,32.335601314768695,0.0,0.0,0.0,0.0,0.0,-0.4528576674814673,0.0,0.0,0.0,0.0,-0.4528576674814655
2025-01-19,20.529182316062506,32.335601314768695,0.07616136096556403,0.0,0.0,0.0,0.0,0.0,0.0,0.0,0.0,-0.22090502283308133,0.0
2025-01-20,20.529182316062506,32.335601314768695,0.0,0.0,0.0,0.0,0.10141820353084263,0.0,0.0,0.0,0.0,0.0,0.0
2025-01-21,20.529182316062506,32.335601314768695,0.0,0.0,-0.10536824138006295,-0.271628941898987,0.0,0.0,0.13775892205700835,0.4093878639558408,0.06829818848490621,0.0,0.271628941898987
2025-01-22,20.529182316062506,32.335601314768695,0.0,0.0,0.0,0.0,0.0,0.9239745572096147,0.0,0.0,0.0,0.0,0.923974557209613
2025-01-23,20.431201907702302,32.335601314768695,-0.09798040836020405,0.0,0.0,0.0,0.0,0.0,0.0,0.0,0.0,0.19262030899450266,0.0
2025-01-24,20.431201907702302,32.335601314768695,0.0,0.0,0.0,0.0,-0.09653165201489777,0.0,0.0,0.0,0.0,0.0,0.0
2025-01-25,20.431201907702302,32.335601314768695,0.0,0.0,-0.024266079374921645,0.04395039559805625,0.0,0.0,-0.6091385677822512,-0.6530889633800255,-0.050867705961996856,0.0,-0.04395039559805625
2025-01-26,20.431201907702302,32.335601314768695,0.0,0.0,0.0,0.0,0.0,-1.5847284856294799,0.0,0.0,0.0,0.0,-1.584728485629478
2025-01-27,20.550818095537036,32.31801638108995,0.11961618783473327,-0.017584933678747916,0.0,0.0,0.0,0.0,0.0,0.0,0.0,-0.20637912516592838,0.0
2025-01-28,20.550818095537036,32.31801638108995,0.0,0.0,0.0,0.0,-0.05309149056731144,0.0,0.0,0.0,0.0,0.0,0.0
2025-01-29,20.550818095537036,32.31801638108995,0.0,0.0,0.1640260139620544,0.04708785518159431,0.0,0.0,-0.14823506987781343,-0.19532292505928095,0.04173313039132831,0.0,-0.04708785518159431
2025-01-30,20.550818095537036,32.31801638108995,0.0,0.0,0.0,0.0,0.0,0.9778377307826958,0.0,0.0,0.0,0.0,0.977837730782694
2025-01-31,20.325387550647854,32.314128106148004,-0.22543054488918202,-0.003888274941942882,0.0,0.0,0.0,0.0,0.0,0.0,0.0,0.10737360139049223,0.0
2025-02-01,20.325387550647854,32.314128106148004,0.0,0.0,0.0,0.0,0.03970373025611096,0.0,0.0,0.0,0.0,0.0,0.0
2025-02-02,20.325387550647854,32.314128106148004,0.0,0.0,0.051264234021278554,0.075655827931703,0.0,0.0,-0.0939479815255897,-0.16960380945716144,-0.0636832213917714,0.0,-0.07565582793170478
2025-02-03,20.325387550647854,32.314128106148004,0.0,0.0,0.0,0.0,0.0,0.8893973754650517,0.0,0.0,0.0,0.0,0.8893973754650535
2025-02-04,20.372271136546704,32.314128106148004,0.046883585898850555,0.0,0.0,0.0,0.0,0.0,0.0,0.0,0.0,0.086634231972891,0.0
2025-02-05,20.372271136546704,32.314128106148004,0.0,0.0,0.0,0.0,0.003150492717546527,0.0,0.0,0.0,0.0,0.0,0.0
2025-02-06,20.372271136546704,32.314128106148004,0.0,0.0,-0.17801923114254947,0.11117619625495578,0.0,0.0,0.13489892881128895,0.023722732556315657,0.050797430139123634,0.0,-0.11117619625495401
2025-02-07,20.372271136546704,32.314128106148004,0.0,0.0,0.0,0.0,0.0,-0.727210553916251,0.0,0.0,0.0,0.0,-0.727210553916251
2025-02-08,20.57224762857938,32.314128106148004,0.19997649203267542,0.0,0.0,0.0,0.0,0.0,0.0,0.0,0.0,-0.2299091248699221,0.0
2025-02-09,20.57224762857938,32.314128106148004,0.0,0.0,0.0,0.0,-0.18198904769691282,0.0,0.0,0.0,0.0,0.0,0.0
2025-02-10,20.57224762857938,32.314128106148004,0.0,0.0,-0.03263074925785858,-0.17510921649768463,0.0,0.0,-0.1193167906744037,0.05579242582323421,-0.04718144913802402,0.0,0.17510921649768463
2025-02-11,20.57224762857938,32.314128106148004,0.0,0.0,0.0,0.0,0.0,0.08514939563705681,0.0,0.0,0.0,0.0,0.08514939563705326
2025-02-12,20.44198061131467,32.36868577589536,-0.13026701726471046,0.05455766974735354,0.0,0.0,0.0,0.0,0.0,0.0,0.0,0.3435341503776286,0.0
2025-02-13,20.44198061131467,32.36868577589536,0.0,0.0,0.0,0.0,0.19103711310499172,0.0,0.0,0.0,0.0,0.0,0.0
2025-02-14,20.44198061131467,32.36868577589536,0.0,0.0,0.07383026068422538,-0.0383308160065603,0.0,0.0,0.004170394320075488,0.042501210326603006,0.050798756727981176,0.0,0.0383308160065603
2025-02-15,20.44198061131467,32.36868577589536,0.0,0.0,0.0,0.0,0.0,-1.2071212212372657,0.0,0.0,0.0,0.0,-1.207121221237264
2025-02-16,20.56891131990784,32.36868577589536,0.12693070859317146,0.0,0.0,0.0,0.0,0.0,0.0,0.0,0.0,-0.3834862013893372,0.0
2025-02-17,20.56891131990784,32.36868577589536,0.0,0.0,0.0,0.0,-0.14112197790584347,0.0,0.0,0.0,0.0,0.0,0.0
2025-02-18,20.56891131990784,32.36868577589536,0.0,0.0,-0.09929147832989926,0.20023944365447832,0.0,0.0,-0.026565167732437445,-0.2268046113867252,0.008178629552108796,0.0,-0.20023944365447832
2025-02-19,20.56891131990784,32.36868577589536,0.0,0.0,0.0,0.0,0.0,1.0349167912580732,0.0,0.0,0.0,0.0,1.0349167912580732
2025-02-20,20.4191659335485,32.36868577589536,-0.1497453863593421,0.0,0.0,0.0,0.0,0.0,0.0,0.0,0.0,0.6725561991159381,0.0
2025-02-21,20.4191659335485,32.36868577589536,0.0,0.0,0.0,0.0,0.11343930827010063,0.0,0.0,0.0,0.0,0.0,0.0
2025-02-22,20.4191659335485,32.36868577589536,0.0,0.0,0.008575515210090146,0.2665904590883166,0.0,0.0,0.31531445079566645,0.04872399170730526,-0.020422152552885153,0.0,-0.2665904590883166
2025-02-23,20.4191659335485,32.36868577589536,0.0,0.0,0.0,0.0,0.0,-0.6509752705587637,0.0,0.0,0.0,0.0,-0.6509752705587637
2025-02-24,20.387135863518854,32.33665570586571,-0.032030070029644975,-0.03203007002964853,0.0,0.0,0.0,0.0,0.0,0.0,0.0,0.006910877539846538,0.0
2025-02-25,20.387135863518854,32.33665570586571,0.0,0.0,0.0,0.0,0.09457525004468614,0.0,0.0,0.0,0.0,0.0,0.0
2025-02-26,20.387135863518854,32.33665570586571,0.0,0.0,0.032465472040072996,-0.312912114087041,0.0,0.0,0.4390632335106712,0.7519753475972382,-0.17409071470834625,0.0,0.312912114087041
2025-02-27,20.387135863518854,32.33665570586571,0.0,0.0,0.0,0.0,0.0,1.1419708861683908,0.0,0.0,0.0,0.0,1.141970886168389
2025-02-28,20.56945742031281,32.33665570586571,0.1823215567939549,0.0,0.0,0.0,0.0,0.0,0.0,0.0,0.0,-0.44497511930238964,0.0
2025-03-01,20.56945742031281,32.33665570586571,0.0,0.0,0.0,0.0,-0.09769956513992106,0.0,0.0,0.0,0.0,0.0,0.0
2025-03-02,20.56945742031281,32.33665570586571,0.0,0.0,-0.22390321373763555,-0.4209646486783374,0.0,0.0,-0.6669455014981693,-0.24598085281971271,0.1796740163839603,0.0,0.4209646486783374
2025-03-03,20.56945742031281,32.33665570586571,0.0,0.0,0.0,0.0,0.0,0.0018125749735382612,0.0,0.0,0.0,0.0,0.0018125749735400376
2025-03-04,20.503208034771607,32.33665570586571,-0.06624938554120163,0.0,0.0,0.0,0.0,0.0,0.0,0.0,0.0,-0.12276587540521877,0.0
2025-03-05,20.503208034771607,32.33665570586571,0.0,0.0,0.0,0.0,0.027945308183880968,0.0,0.0,0.0,0.0,0.0,0.0
2025-03-06,20.503208034771607,32.33665570586571,0.0,0.0,0.33677852982328815,0.33504810894188886,0.0,0.0,-0.036890524771729716,-0.37193863371337516,-0.03601108925169538,0.0,-0.33504810894188886
2025-03-07,20.503208034771607,32.33665570586571,0.0,0.0,0.0,0.0,0.0,-0.2556732832388704,0.0,0.0,0.0,0.0,-0.2556732832388722
2025-03-08,20.439582338891395,32.33665570586571,-0.06362569588021216,0.0,0.0,0.0,0.0,0.0,0.0,0.0,0.0,0.04397618857047747,0.0
2025-03-09,20.439582338891395,32.33665570586571,0.0,0.0,0.0,0.0,-0.1650452123744195,0.0,0.0,0.0,0.0,0.0,0.0
2025-03-10,20.439582338891395,32.33665570586571,0.0,0.0,-0.221929518916415,0.1863752637840097,0.0,0.0,-0.09154724472436193,-0.2779225085081214,-0.060671890337506196,0.0,-0.1863752637840097
2025-03-11,20.439582338891395,32.33665570586571,0.0,0.0,0.0,0.0,0.0,0.043149705785026526,0.0,0.0,0.0,0.0,0.0431497057850283
2025-03-12,20.564237584524015,32.35085395593402,0.12465524563262065,0.014198250068311324,0.0,0.0,0.0,0.0,0.0,0.0,0.0,0.18811867447825636,0.0
2025-03-13,20.564237584524015,32.35085395593402,0.0,0.0,0.0,0.0,0.15587074444556315,0.0,0.0,0.0,0.0,0.0,0.0
2025-03-14,20.564237584524015,32.35085395593402,0.0,0.0,-0.05333990015591894,-0.015891223746818284,0.0,0.0,0.052965284153817294,0.06885650790056808,0.03176171712959097,0.0,0.015891223746818284
2025-03-15,20.564237584524015,32.35085395593402,0.0,0.0,0.0,0.0,0.0,-1.6512702097607388,0.0,0.0,0.0,0.0,-1.651270209760737
2025-03-16,20.510533405552156,32.35085395593402,-0.05370417897185931,0.0,0.0,0.0,0.0,0.0,0.0,0.0,0.0,0.2173464336298614,0.0
2025-03-17,20.510533405552156,32.35085395593402,0.0,0.0,0.0,0.0,-0.06918605024398872,0.0,0.0,0.0,0.0,0.0,0.0
2025-03-18,20.510533405552156,32.35085395593402,0.0,0.0,-0.007821944341063869,-0.17349113005227146,0.0,0.0,-0.19810803789945908,-0.02461690784716524,-0.029181259145645067,0.0,0.17349113005227146
2025-03-19,20.510533405552156,32.35085395593402,0.0,0.0,0.0,0.0,0.0,1.2853428276476286,0.0,0.0,0.0,0.0,1.2853428276476269
2025-03-20,20.48962672073284,32.35085395593402,-0.020906684819316013,0.0,0.0,0.0,0.0,0.0,0.0,0.0,0.0,-0.3423811326815498,0.0
2025-03-21,20.48962672073284,32.35085395593402,0.0,0.0,0.0,0.0,0.058518582880372705,0.0,0.0,0.0,0.0,0.0,0.0
2025-03-22,20.48962672073284,32.35085395593402,0.0,0.0,0.0832711246946829,0.1140382950074681,0.0,0.0,0.7960920263308982,0.6820537313229428,0.045193108216704414,0.0,-0.11403829500746632
2025-03-23,20.48962672073284,32.35085395593402,0.0,0.0,0.0,0.0,0.0,-1.4091075895259628,0.0,0.0,0.0,0.0,-1.4091075895259628
2025-03-24,20.584988492716118,32.36509018310493,0.09536177198327778,0.014236227170911775,0.0,0.0,0.0,0.0,0.0,0.0,0.0,0.3330352702633128,0.0
2025-03-25,20.584988492716118,32.36509018310493,0.0,0.0,0.0,0.0,-0.009431794609426447,0.0,0.0,0.0,0.0,0.0,0.0
2025-03-26,20.584988492716118,32.36509018310493,0.0,0.0,0.062474721508174014,0.218821921482796,0.0,0.0,0.029968797658954216,-0.18885312382373876,-0.034064631846818516,0.0,-0.218821921482796
2025-03-27,20.584988492716118,32.36509018310493,0.0,0.0,0.0,0.0,0.0,1.4364614427646636,0.0,0.0,0.0,0.0,1.4364614427646618
2025-03-28,20.584988492716118,32.36509018310493,0.0,0.0,0.0,0.0,0.0,0.0,0.0,0.0,0.0,-0.2304077434615679,0.0
2025-03-29,20.584988492716118,32.36509018310493,0.0,0.0,0.0,0.0,-0.08958749052881032,0.0,0.0,0.0,0.0,0.0,0.0
2025-03-30,20.584988492716118,32.36509018310493,0.0,0.0,-0.18175703423197476,-0.5233119723254234,0.0,0.0,-1.1810498622024141,-0.6577378898764278,-0.03928968993047871,0.0,0.5233119723254234
2025-03-31,20.584988492716118,32.36509018310493,0.0,0.0,0.0,0.0,0.0,0.26620851142413215,0.0,0.0,0.0,0.0,0.2662085114241304
2025-04-01,20.45331066874092,32.36509018310493,-0.131677823975199,0.0,0.0,0.0,0.0,0.0,0.0,0.0,0.0,0.004914014802428479,0.0
2025-04-02,20.45331066874092,32.36509018310493,0.0,0.0,0.0,0.0,0.13315435859979985,0.0,0.0,0.0,0.0,0.0,0.0
2025-04-03,20.45331066874092,32.36509018310493,0.0,0.0,0.13195924598002762,0.25038456919517493,0.0,0.0,0.622561183702663,0.37217661450712425,0.01759149364224394,0.0,-0.25038456919517493
2025-04-04,20.45331066874092,32.36509018310493,0.0,0.0,0.0,0.0,0.0,-0.11206222827337697,0.0,0.0,0.0,0.0,-0.11206222827337697
2025-04-05,20.670899697695862,32.38808756267411,0.2175890289549436,0.022997379569176246,0.0,0.0,0.0,0.0,0.0,0.0,0.0,-0.6276899639051989,0.0
2025-04-06,20.670899697695862,32.38808756267411,0.0,0.0,0.0,0.0,-0.18071690170419252,0.0,0.0,0.0,0.0,0.0,0.0
2025-04-07,20.670899697695862,32.38808756267411,0.0,0.0,-0.1064482352012881,-0.2367786072025666,0.0,0.0,0.06183602533566024,0.29861463253802,-0.08910666641085352,0.0,0.23677860720256838
2025-04-08,20.670899697695862,32.38808756267411,0.0,0.0,0.0,0.0,0.0,-0.10704005838742248,0.0,0.0,0.0,0.0,-0.10704005838742248
2025-04-09,20.489142548054186,32.43099951765548,-0.1817571496416761,0.04291195498137057,0.0,0.0,0.0,0.0,0.0,0.0,0.0,0.5835946440399797,0.0
2025-04-10,20.489142548054186,32.43099951765548,0.0,0.0,0.0,0.0,0.17828989363693815,0.0,0.0,0.0,0.0,0.0,0.0
2025-04-11,20.489142548054186,32.43099951765548,0.0,0.0,0.06141773304052123,0.26936821798775235,0.0,0.0,0.2005205329211961,-0.06884768506651251,-0.01865191451092807,0.0,-0.26936821798775235
2025-04-12,20.489142548054186,32.43099951765548,0.0,0.0,0.0,0.0,0.0,-0.9024113385519037,0.0,0.0,0.0,0.0,-0.9024113385519001
2025-04-13,20.76143970166649,32.43099951765548,0.27229715361230333,0.0,0.0,0.0,0.0,0.0,0.0,0.0,0.0,-0.22673606223466947,0.0
2025-04-14,20.76143970166649,32.43099951765548,0.0,0.0,0.0,0.0,-0.051816191266924605,0.0,0.0,0.0,0.0,0.0,0.0
2025-04-15,20.76143970166649,32.43099951765548,0.0,0.0,0.007300951726346483,0.08938061464332314,0.0,0.0,-0.2552626171435133,-0.3446432317865759,0.0586768993181262,0.0,-0.08938061464332492
2025-04-16,20.76143970166649,32.43099951765548,0.0,0.0,0.0,0.0,0.0,1.0391286626106542,0.0,0.0,0.0,0.0,1.0391286626106506
2025-04-17,20.64438314624547,32.43099951765548,-0.11705655542101923,0.0,0.0,0.0,0.0,0.0,0.0,0.0,0.0,0.45641558452863973,0.0
2025-04-18,20.64438314624547,32.43099951765548,0.0,0.0,0.0,0.0,-0.030817057020259497,0.0,0.0,0.0,0.0,0.0,0.0
2025-04-19,20.64438314624547,32.43099951765548,0.0,0.0,-0.0488905569812772,0.2075834814017572,0.0,0.0,0.09952324048677141,-0.10806024091488159,0.08879418752011975,0.0,-0.20758348140175542
2025-04-20,20.64438314624547,32.43099951765548,0.0,0.0,0.0,0.0,0.0,-1.399026381028488,0.0,0.0,0.0,0.0,-1.3990263810284862
2025-04-21,20.464336865419718,32.44510925127069,-0.1800462808257528,0.014109733615207176,0.0,0.0,0.0,0.0,0.0,0.0,0.0,0.03912674732544774,0.0
2025-04-22,20.464336865419718,32.44510925127069,0.0,0.0,0.0,0.0,0.09997764147783172,0.0,0.0,0.0,0.0,0.0,0.0
2025-04-23,20.464336865419718,32.44510925127069,0.0,0.0,-0.08684061723560532,-0.264958273912395,0.0,0.0,0.6661428000743363,0.9311010739861212,-0.047898915104266304,0.0,0.264958273912395
2025-04-24,20.464336865419718,32.44510925127069,0.0,0.0,0.0,0.0,0.0,1.838387897061807,0.0,0.0,0.0,0.0,1.8383878970618053
2025-04-25,20.59786825804424,32.445109251270694,0.13353139262452274,7.105427357601002e-15,0.0,0.0,0.0,0.0,0.0,0.0,0.0,-0.28429444706221574,0.0
2025-04-26,20.59786825804424,32.445109251270694,0.0,0.0,0.0,0.0,-0.15741280707596061,0.0,0.0,0.0,0.0,0.0,0.0
2025-04-27,20.59786825804424,32.445109251270694,0.0,0.0,0.1581493887613874,0.05495144217477943,0.0,0.0,-0.771263039952748,-0.8262144821270171,0.019605090698729122,0.0,-0.05495144217477943
2025-04-28,20.59786825804424,32.445109251270694,0.0,0.0,0.0,0.0,0.0,-0.19621635227315082,0.0,0.0,0.0,0.0,-0.19621635227315082
2025-04-29,20.611661580176577,32.445109251270694,0.013793322132336527,0.0,0.0,0.0,0.0,0.0,0.0,0.0,0.0,0.22459930700436104,0.0
2025-04-30,20.611661580176577,32.445109251270694,0.0,0.0,0.0,0.0,0.13711057565524065,0.0,0.0,0.0,0.0,0.0,0.0
2025-05-01,20.611661580176577,32.445109251270694,0.0,0.0,0.0174529111738444,-0.288198999561855,0.0,0.0,0.08041605795617102,0.3686150575177466,0.0393326586661521,0.0,0.288198999561855
2025-05-02,20.611661580176577,32.445109251270694,0.0,0.0,0.0,0.0,0.0,-0.10689634285492033,0.0,0.0,0.0,0.0,-0.10689634285491856
2025-05-03,20.723223830523505,32.44041169550176,0.11156225034692824,-0.004697555768935047,0.0,0.0,0.0,0.0,0.0,0.0,0.0,-0.4605719385789906,0.0
2025-05-04,20.723223830523505,32.44041169550176,0.0,0.0,0.0,0.0,-0.22389514007235434,0.0,0.0,0.0,0.0,0.0,0.0
2025-05-05,20.723223830523505,32.44041169550176,0.0,0.0,0.24464641462067505,0.19438421443855525,0.0,0.0,-0.08879641675540917,-0.2831806311937608,-0.11608060591152752,0.0,-0.19438421443855702
2025-05-06,20.723223830523505,32.44041169550176,0.0,0.0,0.0,0.0,0.0,-0.06712588797808294,0.0,0.0,0.0,0.0,-0.06712588797808294
2025-05-07,20.611346621578196,32.411121077565724,-0.11187720894530884,-0.02929061793603438,0.0,0.0,0.0,0.0,0.0,0.0,0.0,0.18363821267867508,0.0
2025-05-08,20.611346621578196,32.411121077565724,0.0,0.0,0.0,0.0,0.2833321040232821,0.0,0.0,0.0,0.0,0.0,0.0
2025-05-09,20.611346621578196,32.411121077565724,0.0,0.0,-0.09067085797938645,-0.1843381962402617,0.0,0.0,0.4249866399601139,0.6093248361999967,0.03545061011445788,0.0,0.1843381962402617
2025-05-10,20.611346621578196,32.411121077565724,0.0,0.0,0.0,0.0,0.0,-0.9789200329552159,0.0,0.0,0.0,0.0,-0.9789200329552159
2025-05-11,20.59801309070873,32.411121077565724,-0.01333353086946687,0.0,0.0,0.0,0.0,0.0,0.0,0.0,0.0,-0.16924947522657763,0.0
2025-05-12,20.59801309070873,32.411121077565724,0.0,0.0,0.0,0.0,-0.10651112475427915,0.0,0.0,0.0,0.0,0.0,0.0
2025-05-13,20.59801309070873,32.411121077565724,0.0,0.0,-0.11454503839398811,-0.1231325823294096,0.0,0.0,-0.1321655339721186,-0.00903295164270479,0.025637692398525813,0.0,0.1231325823294096
2025-05-14,20.59801309070873,32.411121077565724,0.0,0.0,0.0,0.0,0.0,0.9252837102530691,0.0,0.0,0.0,0.0,0.9252837102530709
2025-05-15,20.577673406471607,32.411121077565724,-0.020339684237121958,0.0,0.0,0.0,0.0,0.0,0.0,0.0,0.0,0.2850812907516851,0.0
2025-05-16,20.577673406471607,32.411121077565724,0.0,0.0,0.0,0.0,0.012478916785587657,0.0,0.0,0.0,0.0,0.0,0.0
2025-05-17,20.577673406471607,32.411121077565724,0.0,0.0,0.09526934970682532,-0.01357448403031647,0.0,0.0,0.13513482193397586,0.14870930596423138,-0.05370257847001053,0.0,0.01357448403031647
2025-05-18,20.577673406471607,32.411121077565724,0.0,0.0,0.0,0.0,0.0,-0.7643897841576113,0.0,0.0,0.0,0.0,-0.7643897841576113
2025-05-19,20.56394424826039,32.43223865068467,-0.01372915821121623,0.0211175731189428,0.0,0.0,0.0,0.0,0.0,0.0,0.0,0.2983669725517668,0.0
2025-05-20,20.56394424826039,32.43223865068467,0.0,0.0,0.0,0.0,-0.005623766662298024,0.0,0.0,0.0,0.0,0.0,0.0
2025-05-21,20.56394424826039,32.43223865068467,0.0,0.0,0.06216325347595131,0.36939946325415285,0.0,0.0,0.14073071060484033,-0.22866875264921305,0.12826248469992585,0.0,-0.3693994632541546
2025-05-22,20.56394424826039,32.43223865068467,0.0,0.0,0.0,0.0,0.0,1.3219814819622613,0.0,0.0,0.0,0.0,1.3219814819622613
2025-05-23,20.65860947480147,32.43223865068467,0.09466522654107834,0.0,0.0,0.0,0.0,0.0,0.0,0.0,0.0,-0.35460669087463614,0.0
2025-05-24,20.65860947480147,32.43223865068467,0.0,0.0,0.0,0.0,-0.06834879198381216,0.0,0.0,0.0,0.0,0.0,0.0
2025-05-25,20.65860947480147,32.43223865068467,0.0,0.0,0.11296887191514315,-0.16953039327700026,0.0,0.0,-0.650859441419593,-0.48132904814228705,-0.1577411505354776,0.0,0.16953039327700026
2025-05-26,20.65860947480147,32.43223865068467,0.0,0.0,0.0,0.0,0.0,-0.5543243870157433,0.0,0.0,0.0,0.0,-0.5543243870157415
2025-05-27,20.56394424826039,32.43223865068467,-0.09466522654107834,0.0,0.0,0.0,0.0,0.0,0.0,0.0,0.0,-0.08626034428439588,0.0
2025-05-28,20.56394424826039,32.43223865068467,0.0,0.0,0.0,0.0,0.08695161561395537,0.0,0.0,0.0,0.0,0.0,0.0
2025-05-29,20.56394424826039,32.43223865068467,0.0,0.0,-0.03379030464585853,0.07173935018549749,0.0,0.0,0.23998550213472214,0.1682461519491014,-0.020669981545371807,0.0,-0.07173935018549749
2025-05-30,20.56394424826039,32.43223865068467,0.0,0.0,0.0,0.0,0.0,0.2671268102142328,0.0,0.0,0.0,0.0,0.26712681021422924
2025-05-31,20.739418777808353,32.475068705626335,0.17547452954796228,0.042830054941667584,0.0,0.0,0.0,0.0,0.0,0.0,0.0,-0.31508104663984526,0.0
2025-06-01,20.739418777808353,32.475068705626335,0.0,0.0,0.0,0.0,-0.18734242639495413,0.0,0.0,0.0,0.0,0.0,0.0
2025-06-02,20.739418777808353,32.475068705626335,0.0,0.0,-0.20341218958490614,-0.09981858918846953,0.0,0.0,-0.1257198609919321,-0.025901271803445702,0.016595758616347378,0.0,0.09981858918846953
2025-06-03,20.739418777808353,32.475068705626335,0.0,0.0,0.0,0.0,0.0,-0.05103397005847654,0.0,0.0,0.0,0.0,-0.051033970058474765
2025-06-04,20.49429631977537,32.475068705626335,-0.24512245803298427,0.0,0.0,0.0,0.0,0.0,0.0,0.0,0.0,0.4769240720902388,0.0
2025-06-05,20.49429631977537,32.475068705626335,0.0,0.0,0.0,0.0,0.21704371298512726,0.0,0.0,0.0,0.0,0.0,0.0
2025-06-06,20.49429631977537,32.475068705626335,0.0,0.0,-0.002863180457772785,-0.14859930589997106,0.0,0.0,-0.08183308075067508,0.06676622514925162,0.08630303472133799,0.0,0.14859930589997106
2025-06-07,20.49429631977537,32.475068705626335,0.0,0.0,0.0,0.0,0.0,-1.1347336394001246,0.0,0.0,0.0,0.0,-1.1347336394001246
2025-06-08,20.688452334216326,32.475068705626335,0.19415601444095643,0.0,0.0,0.0,0.0,0.0,0.0,0.0,0.0,-0.47846847394161274,0.0
2025-06-09,20.688452334216326,32.475068705626335,0.0,0.0,0.0,0.0,-0.10429492193271273,0.0,0.0,0.0,0.0,0.0,0.0
2025-06-10,20.688452334216326,32.475068705626335,0.0,0.0,0.2854677953992599,0.36173473336780937,0.0,0.0,0.2396604519686214,-0.1220742813991032,-0.09978821968721491,0.0,-0.3617347333678076
2025-06-11,20.688452334216326,32.475068705626335,0.0,0.0,0.0,0.0,0.0,0.8636006157554128,0.0,0.0,0.0,0.0,0.8636006157554093
2025-06-12,20.655226686588005,32.475068705626335,-0.03322564762832059,0.0,0.0,0.0,0.0,0.0,0.0,0.0,0.0,0.5142201649054516,0.0
2025-06-13,20.655226686588005,32.475068705626335,0.0,0.0,0.0,0.0,0.11363508776448228,0.0,0.0,0.0,0.0,0.0,0.0
2025-06-14,20.655226686588005,32.475068705626335,0.0,0.0,-0.14250020126072016,-0.4484031022337316,0.0,0.0,-0.5931974443418753,-0.14479434210803108,-0.25951511765928015,0.0,0.4484031022337316
2025-06-15,20.655226686588005,32.475068705626335,0.0,0.0,0.0,0.0,0.0,-1.0166553799775961,0.0,0.0,0.0,0.0,-1.0166553799775961
2025-06-16,20.63711540862376,32.47056307971787,-0.01811127796424472,-0.004505625908464594,0.0,0.0,0.0,0.0,0.0,0.0,0.0,-0.27482606435021184,0.0
2025-06-17,20.63711540862376,32.47056307971787,0.0,0.0,0.0,0.0,-0.09100817428904229,0.0,0.0,0.0,0.0,0.0,0.0
2025-06-18,20.63711540862376,32.47056307971787,0.0,0.0,-0.06911899192351356,0.4771829268508174,0.0,0.0,0.8163066457131052,0.33912371886204573,0.31640776343733,0.0,-0.4771829268508174
2025-06-19,20.63711540862376,32.47056307971787,0.0,0.0,0.0,0.0,0.0,0.5100040130559265,0.0,0.0,0.0,0.0,0.5100040130559265
2025-06-20,20.67078862373035,32.47056307971787,0.03367321510658883,0.0,0.0,0.0,0.0,0.0,0.0,0.0,0.0,0.15310738291465986,0.0
2025-06-21,20.67078862373035,32.47056307971787,0.0,0.0,0.0,0.0,-0.12915173908877975,0.0,0.0,0.0,0.0,0.0,0.0
2025-06-22,20.67078862373035,32.47056307971787,0.0,0.0,-0.32425290904160775,-0.5084461934649482,0.0,0.0,-0.9540139327564621,-0.445567739291177,-0.06435733789923409,0.0,0.5084461934649482
2025-06-23,20.67078862373035,32.47056307971787,0.0,0.0,0.0,0.0,0.0,0.6068218387059723,0.0,0.0,0.0,0.0,0.6068218387059741
2025-06-24,20.41568272171318,32.47056307971787,-0.25510590201717065,0.0,0.0,0.0,0.0,0.0,0.0,0.0,0.0,0.1427528359809762,0.0
2025-06-25,20.41568272171318,32.47056307971787,0.0,0.0,0.0,0.0,0.12443227315351457,0.0,0.0,0.0,0.0,0.0,0.0
2025-06-26,20.41568272171318,32.47056307971787,0.0,0.0,0.4490768990235523,0.6419353819753564,0.0,0.0,1.0618086640157305,0.41987328204005125,0.07984940445013428,0.0,-0.6419353819753564
2025-06-27,20.41568272171318,32.47056307971787,0.0,0.0,0.0,0.0,0.0,0.0,0.0,0.0,0.0,0.0,0.0
2025-06-28,20.630242529335998,32.47056307971787,0.21455980762281968,0.0,0.0,0.0,0.0,-1.0612246392839388,0.0,0.0,0.0,-0.05678584550926313,-1.0612246392839406
2025-06-29,20.630242529335998,32.47056307971787,0.0,0.0,0.0,0.0,-0.15432414448378573,0.0,0.0,0.0,0.0,0.0,0.0
2025-06-30,20.630242529335998,32.47056307971787,0.0,0.0,-0.08191780344679245,-0.3964622710668593,0.0,0.0,-0.5814353181202492,-0.1849730470532629,-0.10800400066328386,0.0,0.39646227106686105
2025-07-01,20.630242529335998,32.47056307971787,0.0,0.0,0.0,0.0,0.0,0.0,0.0,0.0,0.0,0.0,0.0
2025-07-02,20.60622401830982,32.39284038971983,-0.02401851102617769,-0.07772268999804055,0.0,0.0,0.0,1.0805656169916347,0.0,0.0,0.0,-0.251314428280873,1.0805656169916364
2025-07-03,20.60622401830982,32.39284038971983,0.0,0.0,0.0,0.0,0.2562123596078063,0.0,0.0,0.0,0.0,0.0,0.0
2025-07-04,20.60622401830982,32.39284038971983,0.0,0.0,0.09679804922451396,0.07822538359536502,0.0,0.0,-0.21752554771274824,-0.2957509313078577,-0.07713335367529936,0.0,-0.07822538359536502
2025-07-05,20.60622401830982,32.39284038971983,0.0,0.0,0.0,0.0,0.0,0.0,0.0,0.0,0.0,0.0,0.0
2025-07-06,20.65095991215121,32.39284038971983,0.044735893841391317,0.0,0.0,0.0,0.0,-1.2358751200225235,0.0,0.0,0.0,0.4892899685503893,-1.2358751200225235
2025-07-07,20.65095991215121,32.39284038971983,0.0,0.0,0.0,0.0,-0.1467903081129105,0.0,0.0,0.0,0.0,0.0,0.0
2025-07-08,20.65095991215121,32.39284038971983,0.0,0.0,-0.09595353383641836,-0.03359396645544699,0.0,0.0,0.3186806550080128,0.35227462146316324,0.1447429785882223,0.0,0.03359396645544699
2025-07-09,20.65095991215121,32.39284038971983,0.0,0.0,0.0,0.0,0.0,0.0,0.0,0.0,0.0,0.0,0.0
2025-07-10,20.717449653420047,32.39284038971983,0.06648974126883544,0.0,0.0,0.0,0.0,1.4008854198696596,0.0,0.0,0.0,-0.4435539592277118,1.4008854198696596
2025-07-11,20.717449653420047,32.39284038971983,0.0,0.0,0.0,0.0,0.23916434893604155,0.0,0.0,0.0,0.0,0.0,0.0
2025-07-12,20.717449653420047,32.39284038971983,0.0,0.0,0.13672104383554284,0.10934576489563241,0.0,0.0,-0.05811606843874806,-0.16746183333425144,0.007114629306872844,0.0,-0.10934576489563241
2025-07-13,20.717449653420047,32.39284038971983,0.0,0.0,0.0,0.0,0.0,0.0,0.0,0.0,0.0,0.0,0.0
2025-07-14,20.629132978179396,32.469453528561274,-0.08831667524065168,0.07661313884144505,0.0,0.0,0.0,0.8952419389177173,0.0,0.0,0.0,0.3022808718728969,0.8952419389177155
2025-07-15,20.629132978179396,32.469453528561274,0.0,0.0,0.0,0.0,-0.11176995705576864,0.0,0.0,0.0,0.0,0.0,0.0
2025-07-16,20.629132978179396,32.469453528561274,0.0,0.0,-0.14309361111134677,0.008684986787381277,0.0,0.0,0.12520871991624638,0.11652373312877254,-0.029207996350834764,0.0,-0.008684986787381277
2025-07-17,20.629132978179396,32.469453528561274,0.0,0.0,0.0,0.0,0.0,0.0,0.0,0.0,0.0,0.0,0.0
2025-07-18,20.62221253533482,32.469453528561274,-0.0069204428445743815,0.0,0.0,0.0,0.0,-0.5085984327446162,0.0,0.0,0.0,-0.2117951452749658,-0.5085984327446162
2025-07-19,20.62221253533482,32.469453528561274,0.0,0.0,0.0,0.0,-0.16052926746711904,0.0,0.0,0.0,0.0,0.0,0.0
2025-07-20,20.62221253533482,32.469453528561274,0.0,0.0,0.1205172829850305,0.03863079611054232,0.0,0.0,-0.36758183945641676,-0.40621263556658915,-0.027394698979006316,0.0,-0.0386307961105441
2025-07-21,20.62221253533482,32.469453528561274,0.0,0.0,0.0,0.0,0.0,0.0,0.0,0.0,0.0,0.0,0.0
2025-07-22,20.66303452985508,32.469453528561274,0.040821994520257476,0.0,0.0,0.0,0.0,-0.18593838409743313,0.0,0.0,0.0,-0.37738379273745637,-0.18593838409743135
2025-07-23,20.66303452985508,32.469453528561274,0.0,0.0,0.0,0.0,0.11550637269579056,0.0,0.0,0.0,0.0,0.0,0.0
2025-07-24,20.66303452985508,32.469453528561274,0.0,0.0,0.007068135997396752,-0.012570270592448196,0.0,0.0,1.1407476954208242,1.153317966012514,0.0527234251459181,0.0,0.012570270592449972
2025-07-25,20.66303452985508,32.469453528561274,0.0,0.0,0.0,0.0,0.0,0.0,0.0,0.0,0.0,0.0,0.0
2025-07-26,20.692840617681906,32.479456989091915,0.029806087826827365,0.010003460530640496,0.0,0.0,0.0,-1.048748023141865,0.0,0.0,0.0,0.2868980661395253,-1.0487480231418669
2025-07-27,20.692840617681906,32.479456989091915,0.0,0.0,0.0,0.0,-0.1586477321473403,0.0,0.0,0.0,0.0,0.0,0.0
2025-07-28,20.692840617681906,32.479456989091915,0.0,0.0,0.029414905487129772,0.20358893590262994,0.0,0.0,-0.8032431854100572,-1.0068321213120788,0.10087889791696236,0.0,-0.20358893590263172
2025-07-29,20.692840617681906,32.479456989091915,0.0,0.0,0.0,0.0,0.0,0.0,0.0,0.0,0.0,0.0,0.0
2025-07-30,20.583005528215324,32.48007889518964,-0.10983508946658205,0.0006219060977272761,0.0,0.0,0.0,0.7489481772518864,0.0,0.0,0.0,-0.12516314295398723,0.7489481772518882
2025-07-31,20.583005528215324,32.48007889518964,0.0,0.0,0.0,0.0,0.24542449802248356,0.0,0.0,0.0,0.0,0.0,0.0
2025-08-01,20.583005528215324,32.48007889518964,0.0,0.0,-0.018427755663157797,-0.2266754015658865,0.0,0.0,0.21841537312188564,0.44509077468742764,0.0879349832804921,0.0,0.22667540156588828
2025-08-02,20.583005528215324,32.48007889518964,0.0,0.0,0.0,0.0,0.0,0.0,0.0,0.0,0.0,0.0,0.0
2025-08-03,20.706449719306445,32.48007889518964,0.12344419109112081,0.0,0.0,0.0,0.0,-1.0289622197548667,0.0,0.0,0.0,-0.471604910612613,-1.0289622197548685
2025-08-04,20.706449719306445,32.48007889518964,0.0,0.0,0.0,0.0,-0.07435472983932279,0.0,0.0,0.0,0.0,0.0,0.0
2025-08-05,20.706449719306445,32.48007889518964,0.0,0.0,-0.12649681089539655,0.02713696228968132,0.0,0.0,-0.4396069755328451,-0.4667439378221614,-0.071143875934356,0.0,-0.02713696228968132
2025-08-06,20.706449719306445,32.48007889518964,0.0,0.0,0.0,0.0,0.0,0.0,0.0,0.0,0.0,0.0,0.0
2025-08-07,20.74442896737166,32.48007889518964,0.03797924806521635,0.0,0.0,0.0,0.0,0.8721839131749043,0.0,0.0,0.0,0.6268977950186254,0.8721839131749043
2025-08-08,20.74442896737166,32.48007889518964,0.0,0.0,0.0,0.0,0.32399233080917433,0.0,0.0,0.0,0.0,0.0,0.0
2025-08-09,20.74442896737166,32.48007889518964,0.0,0.0,-0.1297704554676038,-0.08965264636026582,0.0,0.0,0.24842219920919995,0.3380748455691848,-0.03373629429337072,0.0,0.0896526463602676
2025-08-10,20.74442896737166,32.48007889518964,0.0,0.0,0.0,0.0,0.0,0.0,0.0,0.0,0.0,0.0,0.0
2025-08-11,20.667580054598353,32.49420176062206,-0.07684891277330763,0.014122865432419474,0.0,0.0,0.0,0.2666402259520595,0.0,0.0,0.0,-0.30456658715374085,0.2666402259520577
2025-08-12,20.667580054598353,32.49420176062206,0.0,0.0,0.0,0.0,-0.3214402662300895,0.0,0.0,0.0,0.0,0.0,0.0
2025-08-13,20.667580054598353,32.49420176062206,0.0,0.0,0.31972622664909167,0.15934710452935796,0.0,0.0,-0.006317284780195109,-0.1656643893094267,-0.03137041796107504,0.0,-0.15934710452935796
2025-08-14,20.667580054598353,32.49420176062206,0.0,0.0,0.0,0.0,0.0,0.0,0.0,0.0,0.0,0.0,0.0
2025-08-15,20.574987267770528,32.49420176062206,-0.09259278682782579,0.0,0.0,0.0,0.0,0.17907926171277921,0.0,0.0,0.0,0.1545928642253276,0.17907926171277744
2025-08-16,20.574987267770528,32.49420176062206,0.0,0.0,0.0,0.0,-0.13449679170064321,0.0,0.0,0.0,0.0,0.0,0.0
2025-08-17,20.574987267770528,32.49420176062206,0.0,0.0,-0.04998826973587711,-0.0004875432791227041,0.0,0.0,-0.5713263077100752,-0.5708387644303178,-0.02216844671439616,0.0,0.0004875432791227041
2025-08-18,20.574987267770528,32.49420176062206,0.0,0.0,0.0,0.0,0.0,0.0,0.0,0.0,0.0,0.0,0.0
2025-08-19,20.574987267770528,32.49420176062206,0.0,0.0,0.0,0.0,0.0,0.029842152961474966,0.0,0.0,0.0,-0.04060097562223319,0.029842152961476742
2025-08-20,20.574987267770528,32.49420176062206,0.0,0.0,0.0,0.0,0.11798146581505264,0.0,0.0,0.0,0.0,0.0,0.0
2025-08-21,20.574987267770528,32.49420176062206,0.0,0.0,-0.03091473592201055,0.015502546454410293,0.0,0.0,0.18994533207746578,0.17444278562282148,0.04779383785893837,0.0,-0.015502546454410293
2025-08-22,20.574987267770528,32.49420176062206,0.0,0.0,0.0,0.0,0.0,0.0,0.0,0.0,0.0,0.0,0.0
2025-08-23,20.703064935356004,32.496238707312166,0.128077667585476,0.0020369466901044575,0.0,0.0,0.0,-0.5781241864430307,0.0,0.0,0.0,-0.5094453612969221,-0.5781241864430289
2025-08-24,20.703064935356004,32.496238707312166,0.0,0.0,0.0,0.0,-0.1869358702269608,0.0,0.0,0.0,0.0,0.0,0.0
2025-08-25,20.703064935356004,32.496238707312166,0.0,0.0,-0.08001347353409471,0.07393455698564999,0.0,0.0,-0.11101252313111942,-0.18494708011652003,0.000885403722703404,0.0,-0.07393455698565177
2025-08-26,20.703064935356004,32.496238707312166,0.0,0.0,0.0,0.0,0.0,0.0,0.0,0.0,0.0,0.0,0.0
2025-08-27,20.689819708605985,32.496238707312166,-0.013245226750019157,0.0,0.0,0.0,0.0,0.24275128710037563,0.0,0.0,0.0,-0.025612575856719166,0.24275128710037386
2025-08-28,20.689819708605985,32.496238707312166,0.0,0.0,0.0,0.0,0.21102109132427138,0.0,0.0,0.0,0.0,0.0,0.0
2025-08-29,20.689819708605985,32.496238707312166,0.0,0.0,0.13441878406827357,0.21229649037286613,0.0,0.0,0.1759890313031871,-0.03630745906962346,-0.0571525454603532,0.0,-0.21229649037286613
2025-08-30,20.689819708605985,32.496238707312166,0.0,0.0,0.0,0.0,0.0,0.0,0.0,0.0,0.0,0.0,0.0
2025-08-31,20.561986337096098,32.49623870731217,-0.12783337150988672,7.105427357601002e-15,0.0,0.0,0.0,-0.8030654341930585,0.0,0.0,0.0,-0.3163921783341068,-0.8030654341930568
2025-09-01,20.561986337096098,32.49623870731217,0.0,0.0,0.0,0.0,-0.04999207614193146,0.0,0.0,0.0,0.0,0.0,0.0
2025-09-02,20.561986337096098,32.49623870731217,0.0,0.0,0.0424832028873432,-0.005884863755385439,0.0,0.0,0.37935189265408376,0.3852367564089797,0.02622806890882523,0.0,0.005884863755387215
2025-09-03,20.561986337096098,32.49623870731217,0.0,0.0,0.0,0.0,0.0,0.0,0.0,0.0,0.0,0.0,0.0
2025-09-04,20.620826837119033,32.49623870731217,0.05884050002293506,0.0,0.0,0.0,0.0,0.8467377884420415,0.0,0.0,0.0,0.9722978179620159,0.8467377884420397
2025-09-05,20.620826837119033,32.49623870731217,0.0,0.0,0.0,0.0,0.1203556317561496,0.0,0.0,0.0,0.0,0.0,0.0
2025-09-06,20.620826837119033,32.49623870731217,0.0,0.0,-0.16839023974642586,-0.2954949540620877,0.0,0.0,-0.3410367367689844,-0.04554178270684913,-0.02377493329865965,0.0,0.2954949540620877
2025-09-07,20.620826837119033,32.49623870731217,0.0,0.0,0.0,0.0,0.0,0.0,0.0,0.0,0.0,0.0,0.0
2025-09-08,20.80208866383413,32.54396914140275,0.18126182671509738,0.04773043409057465,0.0,0.0,0.0,-0.34223529806735087,0.0,0.0,0.0,-1.1449574638441604,-0.34223529806735087
2025-09-09,20.80208866383413,32.54396914140275,0.0,0.0,0.0,0.0,-0.06727478524890351,0.0,0.0,0.0,0.0,0.0,0.0
2025-09-10,20.80208866383413,32.54396914140275,0.0,0.0,0.169934308555316,0.37739211297795805,0.0,0.0,0.13183294156521264,-0.24555917141244227,0.007670832683062012,0.0,-0.37739211297795805
2025-09-11,20.80208866383413,32.54396914140275,0.0,0.0,0.0,0.0,0.0,0.0,0.0,0.0,0.0,0.0,0.0
2025-09-12,20.51440659138235,32.54396914140275,-0.2876820724517799,0.0,0.0,0.0,0.0,0.5912442495635304,0.0,0.0,0.0,1.1950872909684056,0.5912442495635286
2025-09-13,20.51440659138235,32.54396914140275,0.0,0.0,0.0,0.0,-0.0436187914165842,0.0,0.0,0.0,0.0,0.0,0.0
2025-09-14,20.51440659138235,32.54396914140275,0.0,0.0,-0.04207344012176861,-0.185749793602211,0.0,0.0,-0.226235270554751,-0.04048547695248167,0.06608590005908294,0.0,0.18574979360221278
2025-09-15,20.51440659138235,32.54396914140275,0.0,0.0,0.0,0.0,0.0,0.0,0.0,0.0,0.0,0.0,0.0
2025-09-16,20.80208866383413,32.54396914140275,0.2876820724517799,0.0,0.0,0.0,0.0,-0.22822124227096552,0.0,0.0,0.0,-0.5966735334922084,-0.22822124227096374
2025-09-17,20.80208866383413,32.54396914140275,0.0,0.0,0.0,0.0,-0.01671975935176917,0.0,0.0,0.0,0.0,0.0,0.0
2025-09-18,20.80208866383413,32.54396914140275,0.0,0.0,0.03315515263951241,-0.17481105360754157,0.0,0.0,0.1868889775846121,0.3617000311917131,-0.09366050162205447,0.0,0.1748110536075398
2025-09-19,20.80208866383413,32.54396914140275,0.0,0.0,0.0,0.0,0.0,0.0,0.0,0.0,0.0,0.0,0.0
2025-09-20,20.802641592921038,32.589257964331054,0.0005529290869077386,0.04528882292830616,0.0,0.0,0.0,-0.5263598300852941,0.0,0.0,0.0,-0.17768117723740295,-0.5263598300852941
2025-09-21,20.802641592921038,32.589257964331054,0.0,0.0,0.0,0.0,-0.10135339615751171,0.0,0.0,0.0,0.0,0.0,0.0
2025-09-22,20.802641592921038,32.589257964331054,0.0,0.0,-0.11107860966072991,0.018283587749490238,0.0,0.0,-0.1436022776666217,-0.16188586541593553,0.05537225746665425,0.0,-0.018283587749490238
2025-09-23,20.802641592921038,32.589257964331054,0.0,0.0,0.0,0.0,0.0,0.0,0.0,0.0,0.0,0.0,0.0
2025-09-24,20.802641592921038,32.589257964331054,0.0,0.0,0.0,0.0,0.0,0.5277712395776675,0.0,0.0,0.0,-0.17627924233793357,0.5277712395776657
2025-09-25,20.802641592921038,32.589257964331054,0.0,0.0,0.0,0.0,0.14793165271879438,0.0,0.0,0.0,0.0,0.0,0.0
2025-09-26,20.802641592921038,32.589257964331054,0.0,0.0,-0.09814088339483718,-0.08618203077978848,0.0,0.0,0.18606262134315976,0.27224465212266646,-0.03845668759834914,0.0,0.08618203077978848
2025-09-27,20.802641592921038,32.589257964331054,0.0,0.0,0.0,0.0,0.0,0.0,0.0,0.0,0.0,0.0,0.0
2025-09-28,20.878149145429184,32.589257964331054,0.07550755250814589,0.0,0.0,0.0,0.0,-0.8890951335109882,0.0,0.0,0.0,-1.893111963486304,-0.8890951335109882
2025-09-29,20.878149145429184,32.589257964331054,0.0,0.0,0.0,0.0,-0.03905581222350385,0.0,0.0,0.0,0.0,0.0,0.0
2025-09-30,20.878149145429184,32.589257964331054,0.0,0.0,0.19661127005937118,0.2815612926308013,0.0,0.0,-0.2243902842925234,-0.5059515769227296,-0.06040192115618376,0.0,-0.2815612926308013
2025-10-01,20.878149145429184,32.589257964331054,0.0,0.0,0.0,0.0,0.0,0.0,0.0,0.0,0.0,0.0,0.0
2025-10-02,20.742837983247938,32.64723739031433,-0.13531116218124595,0.057979425983276656,0.0,0.0,0.0,1.4063350803273522,0.0,0.0,0.0,2.9861868607081807,1.4063350803273558
2025-10-03,20.742837983247938,32.64723739031433,0.0,0.0,0.0,0.0,0.13288596585595336,0.0,0.0,0.0,0.0,0.0,0.0
2025-10-04,20.742837983247938,32.64723739031433,0.0,0.0,-0.08974485207455629,-0.27453958169205883,0.0,0.0,0.2863907857825563,0.5609303674739712,0.029859783033265974,0.0,0.27453958169205883
2025-10-05,20.742837983247938,32.64723739031433,0.0,0.0,0.0,0.0,0.0,0.0,0.0,0.0,0.0,0.0,0.0
2025-10-06,20.6423674528843,32.64723739031433,-0.10047053036363707,0.0,0.0,0.0,0.0,-0.09207150616371251,0.0,0.0,0.0,-0.15297351665422343,-0.09207150616371607
2025-10-07,20.6423674528843,32.64723739031433,0.0,0.0,0.0,0.0,-0.05791752460106636,0.0,0.0,0.0,0.0,0.0,0.0
2025-10-08,20.6423674528843,32.64723739031433,0.0,0.0,0.06944435977753471,0.01281469676021274,0.0,0.0,-0.145209933915595,-0.1580246306756602,0.01765182089194156,0.0,-0.01281469676021274
2025-10-09,20.6423674528843,32.64723739031433,0.0,0.0,0.0,0.0,0.0,0.0,0.0,0.0,0.0,0.0,0.0
2025-10-10,20.712985020098255,32.64723739031433,0.0706175672139544,0.0,0.0,0.0,0.0,-0.09295473329193271,0.0,0.0,0.0,0.10064352577967406,-0.09295473329193094
2025-10-11,20.712985020098255,32.64723739031433,0.0,0.0,0.0,0.0,-0.027312913994318677,0.0,0.0,0.0,0.0,0.0,0.0
2025-10-12,20.712985020098255,32.64723739031433,0.0,0.0,-0.10750571325853642,0.08088486933380068,0.0,0.0,-0.4352913625511565,-0.5161762318842785,-0.009447996469678865,0.0,-0.08088486933380068
2025-10-13,20.712985020098255,32.64723739031433,0.0,0.0,0.0,0.0,0.0,0.0,0.0,0.0,0.0,0.0,0.0
2025-10-14,20.960081812434957,32.64723739031434,0.247096792336702,7.105427357601002e-15,0.0,0.0,0.0,0.24149605649763473,0.0,0.0,0.0,0.045746021788197755,0.2414960564976365
2025-10-15,20.960081812434957,32.64723739031434,0.0,0.0,0.0,0.0,-0.007250319018753615,0.0,0.0,0.0,0.0,0.0,0.0
2025-10-16,20.960081812434957,32.64723739031434,0.0,0.0,0.022655332006610962,0.07061619422167098,0.0,0.0,0.23796582698819968,0.16734963276626702,0.007985737182880148,0.0,-0.07061619422167276
2025-10-17,20.960081812434957,32.64723739031434,0.0,0.0,0.0,0.0,0.0,0.0,0.0,0.0,0.0,0.0,0.0
2025-10-18,20.908411402024818,32.61952022092669,-0.05167041041013931,-0.027717169387649676,0.0,0.0,0.0,-1.3069288400251722,0.0,0.0,0.0,0.32287851709885684,-1.306928840025174
2025-10-19,20.908411402024818,32.61952022092669,0.0,0.0,0.0,0.0,-0.2009847364972437,0.0,0.0,0.0,0.0,0.0,0.0
2025-10-20,20.908411402024818,32.61952022092669,0.0,0.0,0.06542271753611573,-0.1581221665267698,0.0,0.0,0.06854260275810908,0.2266647692845915,-0.005895237131589848,0.0,0.15812216652677158
2025-10-21,20.908411402024818,32.61952022092669,0.0,0.0,0.0,0.0,0.0,0.0,0.0,0.0,0.0,0.0,0.0
2025-10-22,20.832903849516672,32.61952022092669,-0.07550755250814589,0.0,0.0,0.0,0.0,1.0579079977914354,0.0,0.0,0.0,-0.3351486096906693,1.0579079977914354
2025-10-23,20.832903849516672,32.61952022092669,0.0,0.0,0.0,0.0,0.1719297947255587,0.0,0.0,0.0,0.0,0.0,0.0
2025-10-24,20.832903849516672,32.61952022092669,0.0,0.0,0.16660082675711863,0.29648805436552905,0.0,0.0,-0.1257425765785971,-0.42223063094353047,-0.04485693586857331,0.0,-0.29648805436552905
2025-10-25,20.832903849516672,32.61952022092669,0.0,0.0,0.0,0.0,0.0,0.0,0.0,0.0,0.0,0.0,0.0
2025-10-26,20.792898514902973,32.61952022092669,-0.04000533461369926,0.0,0.0,0.0,0.0,-0.801495614404292,0.0,0.0,0.0,0.12370965432600833,-0.8014956144042902
2025-10-27,20.792898514902973,32.61952022092669,0.0,0.0,0.0,0.0,-0.008997545099948212,0.0,0.0,0.0,0.0,0.0,0.0
2025-10-28,20.792898514902973,32.61952022092669,0.0,0.0,-0.13100316471463103,-0.0849204076476493,0.0,0.0,0.0251887034273377,0.11010911107480759,0.04965041421274363,0.0,0.0849204076476493
2025-10-29,20.792898514902973,32.61952022092669,0.0,0.0,0.0,0.0,0.0,0.0,0.0,0.0,0.0,0.0,0.0
2025-10-30,20.938823760127633,32.680704237696254,0.14592524522466022,0.061184016769566085,0.0,0.0,0.0,0.7512954049441447,0.0,0.0,0.0,-0.02671738833871018,0.7512954049441429
2025-10-31,20.938823760127633,32.680704237696254,0.0,0.0,0.0,0.0,0.09104707313621319,0.0,0.0,0.0,0.0,0.0,0.0
2025-11-01,20.938823760127633,32.680704237696254,0.0,0.0,-0.20547866859800834,-0.29331437197118504,0.0,0.0,-0.20045860956313533,0.09285576240791177,0.11382084562499262,0.0,0.29331437197118504
2025-11-02,20.938823760127633,32.680704237696254,0.0,0.0,0.0,0.0,0.0,0.0,0.0,0.0,0.0,0.0,0.0
2025-11-03,20.819477002495066,32.680704237696254,-0.11934675763256664,0.0,0.0,0.0,0.0,-0.01563575283838503,0.0,0.0,0.0,0.037567404362774504,-0.01563575283838503
2025-11-04,20.819477002495066,32.680704237696254,0.0,0.0,0.0,0.0,0.018044587010136226,0.0,0.0,0.0,0.0,0.0,0.0
2025-11-05,20.819477002495066,32.680704237696254,0.0,0.0,0.002427897081723529,0.01207037332014771,0.0,0.0,0.4663830429112039,0.45431266959053973,-0.06187019237223107,0.0,-0.012070373320149486
2025-11-06,20.819477002495066,32.680704237696254,0.0,0.0,0.0,0.0,0.0,0.0,0.0,0.0,0.0,0.0,0.0
2025-11-07,20.819477002495066,32.680704237696254,0.0,0.0,0.0,0.0,0.0,0.40679092044278065,0.0,0.0,0.0,0.20572656532018785,0.4067909204427824
2025-11-08,20.819477002495066,32.680704237696254,0.0,0.0,0.0,0.0,-0.21408163524121093,0.0,0.0,0.0,0.0,0.0,0.0
2025-11-09,20.819477002495066,32.680704237696254,0.0,0.0,-0.0656437110343191,0.1633339793061701,0.0,0.0,-0.6265406068009618,-0.7898745861060525,-0.048161719132720715,0.0,-0.16333397930616833
2025-11-10,20.819477002495066,32.680704237696254,0.0,0.0,0.0,0.0,0.0,0.0,0.0,0.0,0.0,0.0,0.0
2025-11-11,20.89408786628624,32.680704237696254,0.07461086379117532,0.0,0.0,0.0,0.0,-0.6728376563791407,0.0,0.0,0.0,-0.15147003974267914,-0.6728376563791407
2025-11-12,20.89408786628624,32.680704237696254,0.0,0.0,0.0,0.0,0.07064442524635695,0.0,0.0,0.0,0.0,0.0,0.0
2025-11-13,20.89408786628624,32.680704237696254,0.0,0.0,0.06597278401974904,0.0,0.0,0.0,0.24473563787332253,0.24473563787289354,0.0,0.0,0.0
2025-11-14,20.89408786628624,32.680704237696254,0.0,0.0,0.0,0.0,0.0,0.0,0.0,0.0,0.0,0.0,0.0
2025-11-15,20.89408786628624,32.680704237696254,0.0,0.0,0.0,0.0,0.0,-0.6626704884901677,0.0,0.0,0.0,0.0,-0.6626704884901677
2025-11-16,20.89408786628624,32.680704237696254,0.0,0.0,0.0,0.22128612764465494,0.0,0.0,0.0,-0.2212861276442718,0.035692405111697245,0.0,-0.22128612764465494
2025-11-17,20.89408786628624,32.680704237696254,0.0,0.0,-0.25661886799481337,0.0,0.0,0.0,0.3642748813805685,0.36427488137998043,0.0,0.0,0.0
2025-11-18,20.72998044212833,32.65668560670902,-0.1641074241579119,-0.024018630987235667,0.0,0.0,0.0,0.0,0.0,0.0,0.0,-0.05605670608165614,0.0
2025-11-19,20.72998044212833,32.65668560670902,0.0,0.0,0.0,0.0,0.05846469804351351,1.129809240563052,0.0,0.0,0.0,0.0,1.1298092405630502
2025-11-20,20.72998044212833,32.65668560670902,0.0,0.0,0.0,-0.4748620053572079,0.0,0.0,0.0,0.4748620053567011,0.0597356889390272,0.0,0.4748620053572079
2025-11-21,20.72998044212833,32.65668560670902,0.0,0.0,0.09339988373107388,0.0,0.0,0.0,-0.33424294670101595,-0.33424294670068566,0.0,0.0,0.0
2025-11-22,20.80247594416648,32.65668560670902,0.07249550203815147,0.0,0.0,0.0,0.0,0.0,0.0,0.0,0.0,0.1671926751976378,0.0
2025-11-23,20.80247594416648,32.65668560670902,0.0,0.0,0.0,0.0,-0.1897103650518286,0.027279735274760242,0.0,0.0,0.0,0.0,0.027279735274762018
2025-11-24,20.80247594416648,32.65668560670902,0.0,0.0,0.0,0.10042288378703468,0.0,0.0,0.0,-0.10042288378691158,-0.04111775958469305,0.0,-0.10042288378703468
2025-11-25,20.80247594416648,32.65668560670902,0.0,0.0,-0.22835124809779472,0.0,0.0,0.0,-0.09952679008308607,-0.09952679008295029,0.0,0.0,0.0
2025-11-26,20.939497741730772,32.65668560670902,0.1370217975642909,0.0,0.0,0.0,0.0,0.0,0.0,0.0,0.0,-0.23137090088904166,0.0
2025-11-27,20.939497741730772,32.65668560670902,0.0,0.0,0.0,0.0,0.17178369504738455,-0.6837138227082953,0.0,0.0,0.0,0.0,-0.6837138227082971
2025-11-28,20.939497741730772,32.65668560670902,0.0,0.0,0.0,0.24594392893561867,0.0,0.0,0.0,-0.245943928935223,-0.02704416888168726,0.0,-0.24594392893561867
2025-11-29,20.939497741730772,32.65668560670902,0.0,0.0,0.21656872871159294,0.0,0.0,0.0,-0.2942776621724299,-0.29427766217180873,0.0,0.0,0.0
2025-11-30,20.937926417481368,32.63698689786706,-0.0015713242494044266,-0.01969870884195757,0.0,0.0,0.0,0.0,0.0,0.0,0.0,-0.16574501260815677,0.0
2025-12-01,20.937926417481368,32.63698689786706,0.0,0.0,0.0,0.0,0.059288308175782234,0.39377050932373336,0.0,0.0,0.0,0.0,0.39377050932373336
2025-12-02,20.937926417481368,32.63698689786706,0.0,0.0,0.0,-0.21512115118695263,0.0,0.0,0.0,0.215121151186481,0.03609013554081786,0.0,0.2151211511869544
2025-12-03,20.937926417481368,32.63698689786706,0.0,0.0,-0.011247695884502917,0.0,0.0,0.0,0.4867299050848999,0.4867299050841411,0.0,0.0,0.0
2025-12-04,20.702734527650986,32.63698689786706,-0.2351918898303822,0.0,0.0,0.0,0.0,0.0,0.0,0.0,0.0,0.37125073872440795,0.0
2025-12-05,20.702734527650986,32.63698689786706,0.0,0.0,0.0,0.0,-0.0433718018584166,-0.2676149099061007,0.0,0.0,0.0,0.0,-0.2676149099061007
2025-12-06,20.702734527650986,32.63698689786706,0.0,0.0,0.0,0.2447165153298254,0.0,0.0,0.0,-0.24471651532949085,-0.10483784419501563,0.0,-0.2447165153298272
2025-12-07,20.702734527650986,32.63698689786706,0.0,0.0,0.1345495287989884,0.0,0.0,0.0,-0.6391706151537573,-0.6391706151523742,0.0,0.0,0.0
2025-12-08,20.817144878828728,32.63698689786706,0.11441035117774234,0.0,0.0,0.0,0.0,0.0,0.0,0.0,0.0,-0.17616145310047582,0.0
2025-12-09,20.817144878828728,32.63698689786706,0.0,0.0,0.0,0.0,-0.05077868171578537,-0.05859403602816826,0.0,0.0,0.0,0.0,-0.05859403602816826
2025-12-10,20.817144878828728,32.63698689786706,0.0,0.0,0.0,0.04347978330013014,0.0,0.0,0.0,-0.043479783299999575,0.06364604853937422,0.0,-0.04347978330012836
2025-12-11,20.817144878828728,32.63698689786706,0.0,0.0,-0.013312316560273985,0.0,0.0,0.0,0.2869871928576515,0.2869871928568887,0.0,0.0,0.0
2025-12-12,20.789231608812756,32.629552159194624,-0.027913270015972103,-0.007434738672436936,0.0,0.0,0.0,0.0,0.0,0.0,0.0,-0.09792553717029673,0.0
2025-12-13,20.789231608812756,32.629552159194624,0.0,0.0,0.0,0.0,-0.09155214061410177,-0.8809793195650357,0.0,0.0,0.0,0.0,-0.8809793195650375
2025-12-14,20.789231608812756,32.629552159194624,0.0,0.0,0.0,-0.2784631341168584,0.0,0.0,0.0,0.27846313411630086,-0.05174802136475243,0.0,0.2784631341168584
2025-12-15,20.789231608812756,32.629552159194624,0.0,0.0,-0.1764080760992357,0.0,0.0,0.0,0.03920910421988566,0.039209104219818935,0.0,0.0,0.0
2025-12-16,20.802930453170916,32.629552159194624,0.013698844358160045,0.0,0.0,0.0,0.0,0.0,0.0,0.0,0.0,0.11274062295543574,0.0
2025-12-17,20.802930453170916,32.629552159194624,0.0,0.0,0.0,0.0,0.0985638191191871,1.1341919525497381,0.0,0.0,0.0,0.0,1.13419195254974
2025-12-18,20.802930453170916,32.629552159194624,0.0,0.0,0.0,0.10729511326431762,0.0,0.0,0.0,-0.10729511326412933,0.06323989349758768,0.0,-0.1072951132643194
2025-12-19,20.802930453170916,32.629552159194624,0.0,0.0,0.08585771914671625,0.0,0.0,0.0,0.18110542470002855,0.1811054246997199,0.0,0.0,0.0
2025-12-20,20.802930453170916,32.629552159194624,0.0,0.0,0.0,0.0,0.0,0.0,0.0,0.0,0.0,-0.011090686694157359,0.0
2025-12-21,20.802930453170916,32.629552159194624,0.0,0.0,0.0,0.0,-0.15911506798085995,-1.6009774180104763,0.0,0.0,0.0,0.0,-1.6009774180104746
2025-12-22,20.802930453170916,32.629552159194624,0.0,0.0,0.0,-0.0821955389663298,0.0,0.0,0.0,0.0821955389662069,-0.035136729525271304,0.0,0.08219553896632803
2025-12-23,20.802930453170916,32.629552159194624,0.0,0.0,-0.03911886166073941,0.0,0.0,0.0,-0.28816895308339596,-0.2881689530829178,0.0,0.0,0.0
2025-12-24,20.88140206861241,32.629552159194624,0.07847161544149373,0.0,0.0,0.0,0.0,0.0,0.0,0.0,0.0,-0.030190972279142247,0.0
2025-12-25,20.88140206861241,32.629552159194624,0.0,0.0,0.0,0.0,-0.010429209391688232,0.182798040253477,0.0,0.0,0.0,0.0,0.18279804025347524
2025-12-26,20.88140206861241,32.629552159194624,0.0,0.0,0.0,0.19076121868504536,0.0,0.0,0.0,-0.19076121868464302,-0.012043827407664465,0.0,-0.1907612186850436
2025-12-27,20.88140206861241,32.629552159194624,0.0,0.0,-0.05288462494799617,0.0,0.0,0.0,-0.18688054035435542,-0.1868805403538818,0.0,0.0,0.0
2025-12-28,20.85634886571807,32.62997804160126,-0.025053202894341098,0.00042588240663832266,0.0,0.0,0.0,0.0,0.0,0.0,0.0,0.3557166304968864,0.0
2025-12-29,20.85634886571807,32.62997804160126,0.0,0.0,0.0,0.0,0.17921833513915786,1.782905108782554,0.0,0.0,0.0,0.0,1.7829051087825558
2025-12-30,20.85634886571807,32.62997804160126,0.0,0.0,0.0,-0.3360456995101764,0.0,0.0,0.0,0.3360456995093811,0.05090715369113907,0.0,0.3360456995101746
2025-12-31,20.85634886571807,32.62997804160126,0.0,0.0,0.04624965645799861,0.0,0.0,0.0,0.44652458563621167,0.44652458563549563,0.0,0.0,0.0
