date,h,y_true,y_pred,error
2024-06-29,1,-8.047431954150777,-8.76282787322998,0.715395919079203
2024-06-30,1,-8.0094388103616,-7.589303493499756,-0.4201353168618436
2024-07-01,1,-8.415744212880016,-7.308220863342285,-1.1075233495377308
2024-07-02,1,-7.590110308893971,-7.844628810882568,0.2545185019885974
2024-07-03,1,-6.7568326341271066,-7.750465393066406,0.9936327589392997
2024-07-04,1,-6.028709939198225,-7.573792457580566,1.5450825183823413
2024-07-05,1,-7.82183717488344,-6.765853404998779,-1.0559837698846604
2024-07-06,1,-7.599232953126869,-8.157265663146973,0.5580327100201039
2024-07-07,1,-6.2016000220281144,-7.619373321533203,1.4177732995050887
2024-07-08,1,-7.13201098663784,-6.6128034591674805,-0.5192075274703596
2024-07-09,1,-7.364155934126495,-6.933866024017334,-0.4302899101091606
2024-07-10,1,-6.970855511693713,-7.464199066162109,0.49334355446839595
2024-07-11,1,-7.461112349654011,-7.1710662841796875,-0.2900460654743231
2024-07-12,1,-8.001579020126183,-7.84464693069458,-0.15693208943160286
2024-07-13,1,-7.503141944073601,-7.740880966186523,0.23773902211292253
2024-07-14,1,-7.10151927124952,-7.566586971282959,0.46506770003343867
2024-07-15,1,-6.8751174522895955,-7.380492687225342,0.5053752349357463
2024-07-16,1,-7.273310670983561,-6.7710652351379395,-0.5022454358456212
2024-07-17,1,-7.590004120123674,-7.092249393463135,-0.4977547266605393
2024-07-18,1,-7.361953880672214,-8.228683471679688,0.8667295910074735
2024-07-19,1,-8.183252874840827,-8.189715385437012,0.006462510596184856
2024-07-20,1,-7.540508981035038,-8.099843978881836,0.5593349978467979
2024-07-21,1,-7.831068909072291,-7.42720365524292,-0.40386525382937144
2024-07-22,1,-7.504319171318432,-7.479605197906494,-0.02471397341193793
2024-07-23,1,-7.715830478728725,-7.529420375823975,-0.18641010290475002
2024-07-24,1,-7.1111013620300145,-7.7362380027771,0.6251366407470851
2024-07-25,1,-7.731151246587125,-7.442686080932617,-0.2884651656545074
2024-07-26,1,-6.6745965844828605,-8.2752103805542,1.6006137960713387
2024-07-27,1,-8.297723232050007,-7.6479878425598145,-0.6497353894901927
2024-07-28,1,-7.220642471062432,-7.689823627471924,0.46918115640949143
2024-07-29,1,-7.567743991658627,-7.108107089996338,-0.45963690166228943
2024-07-30,1,-7.537578973039193,-7.420974254608154,-0.11660471843103881
2024-07-31,1,-7.134693601377736,-7.815556049346924,0.6808624479691883
2024-08-01,1,-6.728020741506768,-7.4745893478393555,0.7465686063325876
2024-08-02,1,-7.102715268773577,-7.198169231414795,0.0954539626412183
2024-08-03,1,-6.901570663299103,-7.274866104125977,0.3732954408268734
2024-08-04,1,-4.331832929576587,-6.744457721710205,2.4126247921336184
2024-08-05,1,-6.129507554817753,-6.012849807739258,-0.11665774707849508
2024-08-06,1,-6.56821202032419,-6.594973564147949,0.02676154382375895
2024-08-07,1,-5.881456842610719,-6.838593482971191,0.9571366403604724
2024-08-08,1,-6.5521594278707,-6.96642541885376,0.4142659909830595
2024-08-09,1,-8.164746233335169,-7.029634475708008,-1.1351117576271612
2024-08-10,1,-7.347966273268356,-7.577609539031982,0.22964326576362648
2024-08-11,1,-6.301581779560638,-7.249699592590332,0.9481178130296941
2024-08-12,1,-7.032064393779834,-6.689581871032715,-0.3424825227471189
2024-08-13,1,-7.145182948564176,-7.02478551864624,-0.12039742991793556
2024-08-14,1,-6.782869713050387,-7.409975528717041,0.6271058156666536
2024-08-15,1,-6.993243057300741,-7.2594146728515625,0.2661716155508218
2024-08-16,1,-8.93414336978374,-7.745932102203369,-1.188211267580371
2024-08-17,1,-8.090430304827276,-8.007730484008789,-0.08269982081848681
2024-08-18,1,-7.395852713362074,-7.380804061889648,-0.015048651472425512
2024-08-19,1,-7.252727153074581,-7.392380714416504,0.1396535613419232
2024-08-20,1,-7.122737507461557,-7.127159118652344,0.004421611190786656
2024-08-21,1,-7.663977474896019,-7.271872043609619,-0.3921054312864003
2024-08-22,1,-6.8510987312401355,-7.5167622566223145,0.665663525382179
2024-08-23,1,-8.299722443510342,-7.591048240661621,-0.7086742028487212
2024-08-24,1,-8.590906417273768,-8.115326881408691,-0.4755795358650765
2024-08-25,1,-7.848062431939034,-7.513892650604248,-0.33416978133478636
2024-08-26,1,-6.578074293173222,-7.37516975402832,0.7970954608550986
2024-08-27,1,-6.625319225980788,-6.860401630401611,0.2350824044208233
2024-08-28,1,-7.220716390846805,-6.814501762390137,-0.40621462845666834
2024-08-29,1,-7.355348084977686,-7.331446170806885,-0.023901914170801675
2024-08-30,1,-9.250891127347398,-8.148587226867676,-1.102303900479722
2024-08-31,1,-7.427050700993551,-8.298709869384766,0.8716591683912149
2024-09-01,1,-7.578986184704846,-7.560714244842529,-0.018271939862316344
2024-09-02,1,-7.813351757199836,-7.484897136688232,-0.3284546205116037
2024-09-03,1,-6.5034602127886165,-7.328793048858643,0.825332836070026
2024-09-04,1,-6.940360945467537,-7.008084297180176,0.06772335171263855
2024-09-05,1,-6.522114937682515,-7.156368255615234,0.6342533179327194
2024-09-06,1,-8.259113009436971,-7.139334678649902,-1.119778330787069
2024-09-07,1,-7.6986759889953715,-7.837124824523926,0.13844883552855425
2024-09-08,1,-7.142083192560166,-7.136731147766113,-0.005352044794053157
2024-09-09,1,-7.454039970224542,-7.186709880828857,-0.2673300893956849
2024-09-10,1,-6.9566648361472945,-7.671975612640381,0.7153107764930864
2024-09-11,1,-7.375311173852939,-7.147456645965576,-0.22785452788736293
2024-09-12,1,-7.641682246432809,-8.054251670837402,0.41256942440459365
2024-09-13,1,-8.772444578271369,-8.400123596191406,-0.37232098207996245
2024-09-14,1,-8.222190817885775,-7.680436611175537,-0.5417542067102374
2024-09-15,1,-7.505284819602623,-7.608214855194092,0.10293003559146907
2024-09-16,1,-7.206662096750963,-7.291659355163574,0.08499725841261085
2024-09-17,1,-7.000512980515621,-7.201759338378906,0.20124635786328504
2024-09-18,1,-7.40385524870723,-7.263416290283203,-0.14043895842402687
2024-09-19,1,-7.62533614746632,-7.646356582641602,0.021020435175281627
2024-09-20,1,-9.118912980170885,-7.980479717254639,-1.1384332629162461
2024-09-21,1,-8.210854186197356,-8.330095291137695,0.11924110494033968
2024-09-22,1,-7.594933488516639,-7.284396171569824,-0.31053731694681463
2024-09-23,1,-7.695982377007085,-7.206770420074463,-0.4892119569326221
2024-09-24,1,-7.912236774178686,-7.686309337615967,-0.22592743656271885
2024-09-25,1,-7.548593418115738,-7.65412712097168,0.10553370285594177
2024-09-26,1,-8.156771512470494,-7.630885601043701,-0.5258859114267924
2024-09-27,1,-9.137411157807458,-7.864792823791504,-1.272618334015954
2024-09-28,1,-9.22010927366513,-8.571407318115234,-0.6487019555498961
2024-09-29,1,-7.657672162115085,-7.747803688049316,0.09013152593423168
2024-09-30,1,-7.16418081548918,-7.6493659019470215,0.4851850864578413
2024-10-01,1,-6.873239201215958,-7.254724979400635,0.3814857781846763
2024-10-02,1,-7.372161845921349,-7.207926273345947,-0.1642355725754019
2024-10-03,1,-7.762377171311247,-7.523952484130859,-0.23842468718038745
2024-10-04,1,-9.410517858234718,-8.087754249572754,-1.3227636086619636
2024-10-05,1,-8.859802514595454,-8.203144073486328,-0.6566584411091263
2024-10-06,1,-7.354846982929903,-7.903717041015625,0.548870058085722
2024-10-07,1,-7.717832727168758,-7.353593349456787,-0.36423937771197057
2024-10-08,1,-7.9430170498383745,-7.5582594871521,-0.3847575626862749
2024-10-09,1,-7.587117550241822,-7.296641826629639,-0.2904757236121833
2024-10-10,1,-7.8173580785041725,-8.081172943115234,0.26381486461106185
2024-10-11,1,-8.746814229333626,-8.343999862670898,-0.40281436666272796
2024-10-12,1,-8.44461347063351,-7.822103023529053,-0.6225104471044567
2024-10-13,1,-7.511216222523129,-7.629203796386719,0.11798757386358982
2024-10-14,1,-6.879154515339575,-7.587459087371826,0.708304572032251
2024-10-15,1,-7.561391084229369,-7.107573509216309,-0.4538175750130602
2024-10-16,1,-7.954807249048968,-7.738005638122559,-0.21680161092640926
2024-10-17,1,-7.899727601495052,-8.286861419677734,0.387133818182682
2024-10-18,1,-9.798785632524316,-8.740744590759277,-1.0580410417650388
2024-10-19,1,-9.000277471682907,-8.354043960571289,-0.6462335111116175
2024-10-20,1,-7.724745468477852,-7.815688133239746,0.0909426647618945
2024-10-21,1,-7.774179791525233,-7.551092147827148,-0.22308764369808465
2024-10-22,1,-7.863362515397026,-7.763615608215332,-0.09974690718169388
2024-10-23,1,-8.018551193752419,-7.742206573486328,-0.27634462026609086
2024-10-24,1,-6.898530866282754,-7.764017105102539,0.865486238819785
2024-10-25,1,-8.921658190779526,-7.114917755126953,-1.8067404356525731
2024-10-26,1,-9.079636360099444,-8.43084716796875,-0.6487891921306943
2024-10-27,1,-7.784069601964099,-8.021334648132324,0.23726504616822552
2024-10-28,1,-7.368623299413477,-7.3639702796936035,-0.004653019719873086
2024-10-29,1,-7.512997901045132,-7.543217182159424,0.03021928111429162
2024-10-30,1,-7.671750079550882,-7.35399866104126,-0.31775141850962196
2024-10-31,1,-6.998467037027406,-7.791616916656494,0.7931498796290883
2024-11-01,1,-8.813773417610177,-7.768192291259766,-1.0455811263504113
2024-11-02,1,-7.784664629556363,-8.008596420288086,0.2239317907317231
2024-11-03,1,-7.509206844606907,-7.500168800354004,-0.009038044252903
2024-11-04,1,-7.320254941313007,-6.9507246017456055,-0.3695303395674019
2024-11-05,1,-6.357178323463686,-7.311492443084717,0.9543141196210305
2024-11-06,1,-7.505193457512192,-7.1465163230896,-0.3586771344225923
2024-11-07,1,-7.882091528500882,-8.283085823059082,0.4009942945581999
2024-11-08,1,-8.951124037321541,-8.059032440185547,-0.8920915971359946
2024-11-09,1,-6.982350958300895,-8.086555480957031,1.1042045226561363
2024-11-10,1,-6.610143513022823,-7.170036315917969,0.5598928028951455
2024-11-11,1,-5.89742196217559,-6.988069534301758,1.0906475721261675
2024-11-12,1,-5.970825445834223,-6.618695259094238,0.6478698132600149
2024-11-13,1,-6.298780197423048,-6.596131324768066,0.297351127345018
2024-11-14,1,-6.69026855754187,-6.853582382202148,0.16331382466027833
2024-11-15,1,-7.962925402749825,-6.943039417266846,-1.0198859854829792
2024-11-16,1,-7.719913234094788,-7.697311878204346,-0.02260135589044232
2024-11-17,1,-6.813641525214108,-7.072173118591309,0.25853159337720033
2024-11-18,1,-7.123061515534054,-6.460805892944336,-0.6622556225897185
2024-11-19,1,-7.349584827177568,-6.993434906005859,-0.35614992117170896
2024-11-20,1,-6.9277588146226785,-7.14052152633667,0.21276271171399141
2024-11-21,1,-7.639603303246092,-7.123630046844482,-0.51597325640161
2024-11-22,1,-8.458730870211758,-7.958341121673584,-0.5003897485381739
2024-11-23,1,-7.906636805257383,-7.79349422454834,-0.11314258070904337
2024-11-24,1,-6.845783544407805,-7.2661542892456055,0.42037074483780046
2024-11-25,1,-6.704121318827724,-6.891648769378662,0.1875274505509381
2024-11-26,1,-7.421131408187987,-6.874611854553223,-0.5465195536347647
2024-11-27,1,-7.777480941685613,-7.317424774169922,-0.4600561675156909
2024-11-28,1,-7.7915055329164575,-7.685535430908203,-0.10597010200825441
2024-11-29,1,-8.944575839059315,-7.629762649536133,-1.314813189523182
2024-11-30,1,-8.526681786585359,-8.158745765686035,-0.3679360208993234
2024-12-01,1,-7.2277762188452845,-7.489811897277832,0.2620356784325475
2024-12-02,1,-7.477860175072574,-7.153421401977539,-0.3244387730950349
2024-12-03,1,-7.352016227925319,-7.495809555053711,0.14379332712839155
2024-12-04,1,-5.520755763032788,-7.510022163391113,1.989266400358325
2024-12-05,1,-7.056676956855624,-6.8895392417907715,-0.1671377150648521
2024-12-06,1,-8.28612317218258,-7.215091705322266,-1.0710314668603136
2024-12-07,1,-8.152794625419403,-7.925025939941406,-0.22776868547799722
2024-12-08,1,-6.452164940538162,-7.331972599029541,0.8798076584913792
2024-12-09,1,-6.668355412158304,-6.767148971557617,0.09879355939931322
2024-12-10,1,-7.380414836630238,-6.913384914398193,-0.46702992223204465
2024-12-11,1,-7.347004798406336,-7.425351142883301,0.07834634447696498
2024-12-12,1,-7.800269430130499,-7.530405521392822,-0.26986390873767707
2024-12-13,1,-8.329129180116265,-7.994236946105957,-0.334892234010308
2024-12-14,1,-7.954173621957407,-7.7399983406066895,-0.21417528135071784
2024-12-15,1,-7.167863912303163,-7.541769981384277,0.373906069081114
2024-12-16,1,-7.46114260237137,-6.91114616394043,-0.5499964384309406
2024-12-17,1,-6.653480385951037,-7.275745391845703,0.6222650058946657
2024-12-18,1,-6.215955295754829,-6.805161952972412,0.5892066572175834
2024-12-19,1,-6.2286006577328035,-6.967169761657715,0.7385691039249114
2024-12-20,1,-7.472773492215739,-6.852723598480225,-0.6200498937355148
2024-12-21,1,-7.349660055218582,-7.465051174163818,0.11539111894523657
2024-12-22,1,-6.8404400613287955,-7.098628520965576,0.2581884596367807
2024-12-23,1,-7.374187208078972,-6.933969020843506,-0.440218187235466
2024-12-24,1,-7.715762789103233,-7.455987930297852,-0.25977485880538165
2024-12-25,1,-7.307697534873444,-7.762465953826904,0.45476841895346
2024-12-26,1,-7.106588924470662,-7.071728229522705,-0.03486069494795707
2024-12-27,1,-8.634132442724063,-7.256767749786377,-1.377364692937686
2024-12-28,1,-8.326756050975344,-7.64064359664917,-0.6861124543261745
2024-12-29,1,-7.3543943334481,-7.518304347991943,0.16391001454384302
2024-12-30,1,-7.276893060792656,-7.310075759887695,0.03318269909503968
2024-12-31,1,-8.238782332690736,-7.339684009552002,-0.899098323138734
2025-01-01,1,-7.367896287600902,-7.7116379737854,0.3437416861844982
2025-01-02,1,-8.097617541330267,-7.626565456390381,-0.4710520849398865
2025-01-03,1,-9.19804542909942,-8.301473617553711,-0.8965718115457086
2025-01-04,1,-8.787325094170878,-8.091175079345703,-0.6961500148251751
2025-01-05,1,-7.415021751205516,-7.496857643127441,0.08183589192192553
2025-01-06,1,-7.590481289361926,-7.412674903869629,-0.1778063854922971
2025-01-07,1,-6.90681582272137,-7.662468433380127,0.7556526106587569
2025-01-08,1,-6.968115739055578,-7.585988998413086,0.6178732593575083
2025-01-09,1,-6.709305206835529,-7.294251441955566,0.5849462351200376
2025-01-10,1,-8.995729032967116,-7.248795032501221,-1.7469340004658953
2025-01-11,1,-8.852150045924287,-8.581104278564453,-0.27104576735983343
2025-01-12,1,-6.553319507908563,-7.549718856811523,0.9963993489029601
2025-01-13,1,-7.303486208762694,-6.941561698913574,-0.3619245098491195
2025-01-14,1,-7.312096925574036,-7.209397315979004,-0.10269960959503166
2025-01-15,1,-7.391486709026281,-7.508942127227783,0.1174554182015024
2025-01-16,1,-7.511145310148465,-7.8730621337890625,0.3619168236405974
2025-01-17,1,-7.438401020768668,-7.91425895690918,0.4758579361405113
2025-01-18,1,-6.148112404271952,-7.827617645263672,1.6795052409917197
2025-01-19,1,-5.214773987217453,-6.801493167877197,1.5867191806597445
2025-01-20,1,-6.34915971482197,-6.093173503875732,-0.2559862109462374
2025-01-21,1,-7.594519813201731,-6.599312782287598,-0.9952070309141332
2025-01-22,1,-5.989812005402478,-7.289640426635742,1.299828421233264
2025-01-23,1,-7.355564283258395,-6.585520267486572,-0.7700440157718225
2025-01-24,1,-8.788612678268954,-7.971203327178955,-0.8174093510899993
2025-01-25,1,-8.623226788453762,-7.406646728515625,-1.2165800599381367
2025-01-26,1,-6.548166225847454,-7.013372898101807,0.46520667225435286
2025-01-27,1,-7.335119722465245,-6.903834342956543,-0.4312853795087017
2025-01-28,1,-7.350021545427285,-7.10044527053833,-0.2495762748889545
2025-01-29,1,-7.86523565131056,-6.961740016937256,-0.9034956343733045
2025-01-30,1,-7.64515655585875,-8.04922866821289,0.4040721123541404
2025-01-31,1,-8.395509658549456,-7.357024192810059,-1.038485465739397
2025-02-01,1,-7.035755186208709,-8.390113830566406,1.3543586443576974
2025-02-02,1,-5.95199845728886,-7.228989124298096,1.276990667009236
2025-02-03,1,-6.579587906443687,-6.673056125640869,0.09346821919718185
2025-02-04,1,-7.222214210843608,-7.017486095428467,-0.2047281154151408
2025-02-05,1,-7.456911400328808,-7.398092269897461,-0.05881913043134723
2025-02-06,1,-7.097257483150888,-7.59891414642334,0.5016566632724517
2025-02-07,1,-8.810076811866075,-7.289824962615967,-1.5202518492501085
2025-02-08,1,-8.10773415201615,-8.169559478759766,0.06182532674361596
2025-02-09,1,-7.786812840962016,-7.4136576652526855,-0.3731551757093303
2025-02-10,1,-8.095685364957285,-7.5110087394714355,-0.5846766254858498
2025-02-11,1,-6.962691557561749,-7.921985626220703,0.959294068658954
2025-02-12,1,-7.850939573833918,-7.385829448699951,-0.46511012513396643
2025-02-13,1,-7.6048640411791055,-7.899540424346924,0.2946763831678183
2025-02-14,1,-9.31204237724052,-8.079692840576172,-1.2323495366643478
2025-02-15,1,-9.354075786569943,-8.079193115234375,-1.2748826713355683
2025-02-16,1,-8.328308753403542,-7.865512847900391,-0.4627959055031514
2025-02-17,1,-7.735386570485104,-7.6196417808532715,-0.11574478963183221
2025-02-18,1,-8.074161026658576,-7.4633331298828125,-0.6108278967757634
2025-02-19,1,-8.388064413225592,-7.6776909828186035,-0.7103734304069889
2025-02-20,1,-7.422492670788367,-7.899979114532471,0.47748644374410354
2025-02-21,1,-9.351071668633756,-8.038484573364258,-1.3125870952694978
2025-02-22,1,-9.327182940847992,-8.294013977050781,-1.0331689637972108
2025-02-23,1,-7.366790273234517,-8.027771949768066,0.6609816765335497
2025-02-24,1,-6.241011939761488,-7.545551776885986,1.3045398371244987
2025-02-25,1,-6.08442226100039,-6.917495250701904,0.8330729897015141
2025-02-26,1,-6.878853344044446,-6.658055782318115,-0.22079756172633047
2025-02-27,1,-5.588570041559089,-7.391747951507568,1.803177909948479
2025-02-28,1,-7.482186017843935,-7.215819835662842,-0.266366182181093
2025-03-01,1,-6.026685262486463,-7.510899543762207,1.4842142812757437
2025-03-02,1,-6.005721130764149,-6.522259712219238,0.5165385814550891
2025-03-03,1,-5.832575425345344,-6.7370686531066895,0.9044932277613453
2025-03-04,1,-6.528431978871631,-6.6241936683654785,0.09576168949384734
2025-03-05,1,-6.412729998936713,-6.828786373138428,0.41605637420171515
2025-03-06,1,-5.651155219226064,-6.99254035949707,1.3413851402710062
2025-03-07,1,-7.82002049036847,-7.072690963745117,-0.7473295266233526
2025-03-08,1,-7.116223896566312,-7.532339572906494,0.41611567634018254
2025-03-09,1,-5.949376876735946,-6.798724174499512,0.8493472977635657
2025-03-10,1,-6.2051256349718855,-6.216610908508301,0.011485273536415264
2025-03-11,1,-6.9226794457074154,-6.7298502922058105,-0.1928291535016049
2025-03-12,1,-7.250092425539886,-6.997528076171875,-0.2525643493680114
2025-03-13,1,-7.447118934719969,-7.546927452087402,0.09980851736743368
2025-03-14,1,-8.898459551988159,-7.880167484283447,-1.0182920677047118
2025-03-15,1,-7.329432996679352,-8.216239929199219,0.8868069325198666
2025-03-16,1,-7.67080326390782,-7.252399444580078,-0.4184038193277422
2025-03-17,1,-7.616041619926752,-7.531693458557129,-0.08434816136962286
2025-03-18,1,-7.472221310413124,-7.501278400421143,0.029057090008018704
2025-03-19,1,-7.439639310421675,-7.6497297286987305,0.21009041827705577
2025-03-20,1,-7.976296204139535,-7.64927864074707,-0.3270175633924648
2025-03-21,1,-9.81200323221424,-8.198019027709961,-1.6139842045042787
2025-03-22,1,-8.77472856117907,-8.249029159545898,-0.5256994016331724
2025-03-23,1,-7.738805643991428,-7.886159896850586,0.1473542528591576
2025-03-24,1,-7.907900185694711,-7.614861965179443,-0.2930382205152675
2025-03-25,1,-7.926440425992742,-7.6327714920043945,-0.29366893398834737
2025-03-26,1,-8.15773669999174,-7.4426350593566895,-0.7151016406350497
2025-03-27,1,-7.842789124023152,-7.912241458892822,0.06945233486966984
2025-03-28,1,-8.003994184702773,-8.121191024780273,0.11719684007750075
2025-03-29,1,-8.165887428032145,-8.062421798706055,-0.10346562932608983
2025-03-30,1,-7.254418259891095,-7.627964496612549,0.37354623672145415
2025-03-31,1,-7.756757128271761,-7.310643196105957,-0.44611393216580364
2025-04-01,1,-6.587482790091052,-7.5049004554748535,0.9174176653838018
2025-04-02,1,-7.252194880144823,-7.035365104675293,-0.21682977546953008
2025-04-03,1,-6.63516370951007,-7.6672282218933105,1.0320645123832408
2025-04-04,1,-8.681969956851141,-6.810035705566406,-1.8719342512847348
2025-04-05,1,-7.188412492677708,-7.288876533508301,0.1004640408305928
2025-04-06,1,-5.629049006791348,-6.534558296203613,0.9055092894122652
2025-04-07,1,-6.933967406336497,-6.500604629516602,-0.4333627768198953
2025-04-08,1,-5.92065466170989,-7.111404895782471,1.1907502340725804
2025-04-09,1,-7.031037787314499,-6.636679172515869,-0.3943586147986302
2025-04-10,1,-7.032090018849573,-6.943199634552002,-0.08889038429757079
2025-04-11,1,-7.79990038655869,-7.536553859710693,-0.26334652684799664
2025-04-12,1,-7.287263687197286,-7.473866939544678,0.18660325234739172
2025-04-13,1,-7.167014962280521,-6.157067775726318,-1.0099471865542027
2025-04-14,1,-7.777788884630375,-6.820643901824951,-0.9571449828054241
2025-04-15,1,-7.413189676387737,-7.464113712310791,0.050924035923054056
2025-04-16,1,-8.268721841318316,-7.5648512840271,-0.7038705572912161
2025-04-17,1,-9.681279444888752,-8.23745059967041,-1.4438288452183414
2025-04-18,1,-9.171548905690758,-8.345511436462402,-0.8260374692283552
2025-04-19,1,-9.01552740253416,-7.92842960357666,-1.0870977989574993
2025-04-20,1,-7.457356285992482,-7.816395282745361,0.3590389967528793
2025-04-21,1,-6.979201722253075,-7.311305046081543,0.3321033238284681
2025-04-22,1,-7.403345870725576,-7.401125907897949,-0.002219962827626709
2025-04-23,1,-8.021045389721651,-7.5813117027282715,-0.4397336869933799
2025-04-24,1,-7.797960553044787,-8.211227416992188,0.41326686394740086
2025-04-25,1,-8.912576429259436,-8.161543846130371,-0.7510325831290654
2025-04-26,1,-8.579169330655771,-8.265137672424316,-0.31403165823145507
2025-04-27,1,-7.92097208375074,-7.881659984588623,-0.03931209916211653
2025-04-28,1,-8.087519781534887,-7.723893642425537,-0.3636261391093498
2025-04-29,1,-8.023455793775357,-7.707381248474121,-0.3160745453012357
2025-04-30,1,-8.09456339337235,-7.774630546569824,-0.3199328468025264
2025-05-01,1,-8.294066343106515,-8.032915115356445,-0.2611512277500694
2025-05-02,1,-9.46541060137628,-8.44491958618164,-1.02049101519464
2025-05-03,1,-8.596552100361416,-8.80729866027832,0.21074655991690427
2025-05-04,1,-8.166003817373237,-7.6703033447265625,-0.49570047264667494
2025-05-05,1,-8.013724640481898,-7.540462970733643,-0.4732616697482559
2025-05-06,1,-7.894201229610753,-7.680994033813477,-0.21320719579727676
2025-05-07,1,-7.474703553304063,-8.039437294006348,0.5647337407022848
2025-05-08,1,-7.7544076279684,-7.866608619689941,0.11220099172154097
2025-05-09,1,-8.51169203750711,-8.198031425476074,-0.3136606120310361
2025-05-10,1,-7.894756830708296,-8.426520347595215,0.5317635168869188
2025-05-11,1,-7.171315375183232,-7.424561977386475,0.2532466022032427
2025-05-12,1,-7.898122089143746,-7.39280891418457,-0.5053131749591753
2025-05-13,1,-8.318310440418038,-7.865295886993408,-0.45301455342463015
2025-05-14,1,-7.7147571999584414,-7.8545942306518555,0.13983703069341402
2025-05-15,1,-8.244800643227538,-8.300460815429688,0.05566017220214903
2025-05-16,1,-8.88548365814237,-8.410497665405273,-0.4749859927370963
2025-05-17,1,-7.9130966647344225,-8.051284790039062,0.13818812530463997
2025-05-18,1,-7.475391981698435,-7.924742221832275,0.44935024013384073
2025-05-19,1,-7.413492676031776,-7.295090675354004,-0.11840200067777218
2025-05-20,1,-6.9048202411259405,-7.486096382141113,0.5812761410151728
2025-05-21,1,-7.5998782354004675,-7.100580215454102,-0.4992980199463659
2025-05-22,1,-7.443883442529285,-7.793369293212891,0.3494858506836058
2025-05-23,1,-8.225636513265073,-7.41558837890625,-0.8100481343588228
2025-05-24,1,-8.196992018610825,-8.219856262207031,0.022864243596206535
2025-05-25,1,-8.288440304342084,-7.355180263519287,-0.9332600408227965
2025-05-26,1,-7.940076582517803,-7.233010292053223,-0.7070662904645806
2025-05-27,1,-8.336031186903472,-7.468662261962891,-0.8673689249405818
2025-05-28,1,-7.769467517478563,-8.0225191116333,0.253051594154738
2025-05-29,1,-7.728674501465333,-7.84846830368042,0.11979380221508684
2025-05-30,1,-8.421598154519437,-8.36948013305664,-0.052118021462796094
2025-05-31,1,-8.743472246073782,-8.143277168273926,-0.6001950777998566
2025-06-01,1,-8.184430028615092,-7.816204071044922,-0.3682259575701696
2025-06-02,1,-8.331213911925008,-7.858837604522705,-0.4723763074023033
2025-06-03,1,-8.71279939743139,-7.962972640991211,-0.7498267564401786
2025-06-04,1,-7.51988335958094,-8.037859916687012,0.5179765571060715
2025-06-05,1,-8.345664194572562,-7.875658988952637,-0.4700052056199251
2025-06-06,1,-9.05218826005398,-8.523085594177246,-0.5291026658767333
2025-06-07,1,-9.384555576107418,-8.578740119934082,-0.8058154561733364
2025-06-08,1,-7.968985833169205,-8.016461372375488,0.04747553920628356
2025-06-09,1,-8.125005944838898,-7.659717559814453,-0.46528838502444536
2025-06-10,1,-8.19082610478049,-7.798354148864746,-0.39247195591574346
2025-06-11,1,-7.927023759209108,-7.733036518096924,-0.19398724111218435
2025-06-12,1,-7.443188684929166,-8.047231674194336,0.60404298926517
2025-06-13,1,-9.05726972859608,-8.052915573120117,-1.004354155475962
2025-06-14,1,-8.953471985164441,-8.631233215332031,-0.32223876983240984
2025-06-15,1,-8.110641264350848,-8.060432434082031,-0.05020883026881684
2025-06-16,1,-7.806286485181062,-7.835858345031738,0.029571859850676674
2025-06-17,1,-7.866192379807445,-7.868805408477783,0.002613028670338302
2025-06-18,1,-8.633468871743753,-7.873502254486084,-0.7599666172576693
2025-06-19,1,-7.900331132706684,-8.103760719299316,0.2034295865926321
2025-06-20,1,-7.967196587131996,-8.221379280090332,0.2541826929583362
2025-06-21,1,-7.027680658640498,-7.815698146820068,0.7880174881795705
2025-06-22,1,-7.236497370232764,-7.220707893371582,-0.015789476861182372
2025-06-23,1,-8.149886293035856,-7.411303520202637,-0.7385827728332188
2025-06-24,1,-8.176305065875129,-8.039658546447754,-0.1366465194273747
2025-06-25,1,-8.376095118293176,-8.261124610900879,-0.11497050739229664
2025-06-26,1,-8.542770722531861,-8.088253021240234,-0.4545177012916266
2025-06-27,1,-10.649971722513076,-8.700345993041992,-1.9496257294710837
2025-06-28,1,-9.316586495538738,-8.532083511352539,-0.784502984186199
2025-06-29,1,-8.62277199796468,-7.973791599273682,-0.6489803986909983
2025-06-30,1,-8.642591743070529,-7.94251823425293,-0.7000735088175993
2025-07-01,1,-8.308439939764494,-8.2523775100708,-0.056062429693692906
2025-07-02,1,-8.29396771419438,-8.212577819824219,-0.08138989437016164
2025-07-03,1,-8.898524051817713,-8.799249649047852,-0.09927440276986133
2025-07-04,1,-9.987284347496226,-8.712329864501953,-1.2749544829942732
2025-07-05,1,-9.36677210235694,-8.168184280395508,-1.198587821961432
2025-07-06,1,-8.713378263033814,-8.21316146850586,-0.5002167945279545
2025-07-07,1,-8.902586131499698,-7.844589710235596,-1.057996421264102
2025-07-08,1,-8.29417874240117,-8.350269317626953,0.05609057522578276
2025-07-09,1,-7.209350045659884,-8.47080135345459,1.2614513077947063
2025-07-10,1,-7.867944834377488,-8.218331336975098,0.35038650259761006
2025-07-11,1,-9.356431837546369,-8.545649528503418,-0.8107823090429509
2025-07-12,1,-8.773942349578554,-9.459700584411621,0.6857582348330666
2025-07-13,1,-7.481016702523509,-7.969136714935303,0.4881200124117937
2025-07-14,1,-7.254884046098786,-7.753826141357422,0.4989420952586361
2025-07-15,1,-7.906106583346014,-7.987210750579834,0.08110416723382041
2025-07-16,1,-7.750043741635851,-8.28322696685791,0.533183225222059
2025-07-17,1,-7.925867888823022,-8.108574867248535,0.18270697842551353
2025-07-18,1,-9.191851708958271,-8.155503273010254,-1.0363484359480175
2025-07-19,1,-8.749889889500176,-8.475503921508789,-0.27438596799138715
2025-07-20,1,-8.062198643566044,-7.899566173553467,-0.16263247001257675
2025-07-21,1,-7.740429316317312,-8.08752727508545,0.34709795876813754
2025-07-22,1,-8.047332828013449,-7.9363694190979,-0.11096340891554846
2025-07-23,1,-8.253076728769177,-8.52103328704834,0.2679565582791632
2025-07-24,1,-7.605517370811197,-8.452960014343262,0.847442643532065
2025-07-25,1,-9.606954095499765,-8.66946792602539,-0.9374861694743739
2025-07-26,1,-8.981033746649764,-8.763040542602539,-0.21799320404722522
2025-07-27,1,-8.30508496766559,-7.998291015625,-0.30679395204058935
2025-07-28,1,-8.268215689597376,-8.178847312927246,-0.08936837667013009
2025-07-29,1,-8.393240576178409,-7.760602951049805,-0.6326376251286039
2025-07-30,1,-8.520230588607557,-8.330805778503418,-0.18942481010413914
2025-07-31,1,-7.533737412187012,-8.83950138092041,1.3057639687333982
2025-08-01,1,-8.568970525996992,-8.278142929077148,-0.2908275969198435
2025-08-02,1,-9.01457508878402,-8.53391170501709,-0.48066338376693096
2025-08-03,1,-8.64759502280641,-7.436217308044434,-1.2113777147619764
2025-08-04,1,-8.327990264931364,-8.225014686584473,-0.10297557834689108
2025-08-05,1,-8.51421068372607,-8.134812355041504,-0.3793983286845659
2025-08-06,1,-8.532403748070708,-8.452021598815918,-0.08038214925479004
2025-08-07,1,-8.651182815348951,-8.7706937789917,0.11951096364274783
2025-08-08,1,-9.32597851139552,-8.718365669250488,-0.6076128421450324
2025-08-09,1,-8.441043602227696,-9.113450050354004,0.6724064481263081
2025-08-10,1,-7.811382584426513,-8.12485408782959,0.3134715034030773
2025-08-11,1,-8.297044334912817,-7.834399700164795,-0.4626446347480222
2025-08-12,1,-7.759195959681331,-8.236953735351562,0.4777577756702316
2025-08-13,1,-6.9615054586384755,-8.045022964477539,1.0835175058390636
2025-08-14,1,-8.400633017404333,-7.9221343994140625,-0.4784986179902706
2025-08-15,1,-9.797853695149604,-8.41120719909668,-1.386646496052924
2025-08-16,1,-9.5559821565806,-8.812154769897461,-0.7438273866831384
2025-08-17,1,-8.156814886452334,-8.260420799255371,0.10360591280303666
2025-08-18,1,-8.142712241205171,-7.928574085235596,-0.2141381559695752
2025-08-19,1,-8.113278831395304,-8.066574096679688,-0.046704734715616425
2025-08-20,1,-8.175195141952578,-7.967796325683594,-0.20739881626898438
2025-08-21,1,-7.391375071440983,-8.233499526977539,0.8421244555365561
2025-08-22,1,-9.155666824013634,-8.252447128295898,-0.9032196957177359
2025-08-23,1,-7.722034948084426,-8.551688194274902,0.8296532461904764
2025-08-24,1,-7.330218334497994,-7.798747539520264,0.4685292050222696
2025-08-25,1,-7.622910020795579,-7.696053504943848,0.07314348414826899
2025-08-26,1,-8.082710716050025,-7.934103488922119,-0.14860722712790597
2025-08-27,1,-8.403842583904545,-7.980470180511475,-0.4233724033930706
2025-08-28,1,-8.0046493464786,-8.62602710723877,0.6213777607601703
2025-08-29,1,-9.133680845548108,-8.380961418151855,-0.7527194273962525
2025-08-30,1,-9.177958657568531,-8.46140193939209,-0.7165567181764416
2025-08-31,1,-7.953683190386181,-8.181593894958496,0.22791070457231477
2025-09-01,1,-7.872158994764496,-7.775214672088623,-0.09694432267587327
2025-09-02,1,-8.182388144667684,-7.661810398101807,-0.520577746565877
2025-09-03,1,-8.292311256544016,-8.410192489624023,0.11788123308000742
2025-09-04,1,-8.049751286620033,-8.32699203491211,0.27724074829207623
2025-09-05,1,-9.772848916168195,-8.548773765563965,-1.2240751506042304
2025-09-06,1,-9.53452627568605,-9.12148666381836,-0.4130396118676902
2025-09-07,1,-8.677120971758,-8.554494857788086,-0.12262611396991474
2025-09-08,1,-8.403115304394708,-8.14787769317627,-0.2552376112184387
2025-09-09,1,-8.21218014894868,-8.128071784973145,-0.08410836397553467
2025-09-10,1,-8.499654294702792,-8.128708839416504,-0.37094545528628764
2025-09-11,1,-8.617547509904476,-8.613116264343262,-0.004431245561214325
2025-09-12,1,-9.831130650802836,-8.523943901062012,-1.3071867497408238
2025-09-13,1,-9.54978554808957,-8.99400806427002,-0.5557774838195506
2025-09-14,1,-8.439814402280856,-8.429654121398926,-0.010160280881930106
2025-09-15,1,-8.792523838198322,-8.085025787353516,-0.7074980508448068
2025-09-16,1,-8.101310617641094,-8.329219818115234,0.22790920047414076
2025-09-17,1,-8.766447689945338,-8.093502044677734,-0.6729456452676033
2025-09-18,1,-9.267364905921823,-8.35524845123291,-0.9121164546889133
2025-09-19,1,-10.6050280488101,-8.83983039855957,-1.7651976502505295
2025-09-20,1,-10.133520913612236,-9.064955711364746,-1.0685652022474894
2025-09-21,1,-7.891930026244774,-8.7159423828125,0.8240123565677262
2025-09-22,1,-8.692216418426757,-8.15538501739502,-0.536831401031737
2025-09-23,1,-8.715111261187413,-8.498053550720215,-0.21705771046719846
2025-09-24,1,-7.797766269227527,-8.527559280395508,0.7297930111679811
2025-09-25,1,-8.199318457410062,-8.216053009033203,0.016734551623141414
2025-09-26,1,-10.290127372923022,-8.703319549560547,-1.5868078233624754
2025-09-27,1,-9.254128583110203,-9.019131660461426,-0.23499692264877758
2025-09-28,1,-8.541521038784206,-8.24476432800293,-0.29675671078127586
2025-09-29,1,-8.603434629923894,-8.230897903442383,-0.3725367264815116
2025-09-30,1,-8.240112062129832,-8.33453369140625,0.09442162927641817
2025-10-01,1,-8.296715658902626,-8.350268363952637,0.053552705050011085
2025-10-02,1,-7.823921809963694,-8.595200538635254,0.7712787286715601
2025-10-03,1,-9.45214532988536,-8.18539047241211,-1.2667548574732503
2025-10-04,1,-7.695218782358524,-9.104779243469238,1.409560461110714
2025-10-05,1,-8.01510033381816,-8.23058032989502,0.2154799960768603
2025-10-06,1,-7.842639336975692,-8.058423042297363,0.21578370532167135
2025-10-07,1,-8.002081163490216,-8.204916000366211,0.20283483687599535
2025-10-08,1,-8.012382804006961,-8.345529556274414,0.33314675226745294
2025-10-09,1,-4.587612791666304,-8.403949737548828,3.816336945882524
2025-10-10,1,-7.115722376608375,-7.127499103546143,0.01177672693776799
2025-10-11,1,-7.1264281234111495,-7.401608943939209,0.2751808205280595
2025-10-12,1,-7.601098600323596,-7.251818656921387,-0.3492799434022089
2025-10-13,1,-7.344241412122854,-8.02756118774414,0.6833197756212863
2025-10-14,1,-7.591723650096573,-7.651994705200195,0.060271055103622295
2025-10-15,1,-6.905012356907999,-7.833677291870117,0.9286649349621179
2025-10-16,1,-7.053262415309131,-7.828458309173584,0.7751958938644528
2025-10-17,1,-8.645181515778779,-7.3958539962768555,-1.2493275195019233
2025-10-18,1,-7.946925952270387,-8.013725280761719,0.06679932849133152
2025-10-19,1,-7.702435877483535,-7.765820026397705,0.06338414891416999
2025-10-20,1,-6.814365684609184,-7.891729831695557,1.0773641470863726
2025-10-21,1,-7.329678651800407,-7.5399250984191895,0.21024644661878256
2025-10-22,1,-7.503043703626393,-7.70826530456543,0.20522160093903707
2025-10-23,1,-8.016664491858316,-8.731343269348145,0.7146787774898282
2025-10-24,1,-9.436012357444428,-8.759454727172852,-0.6765576302715761
2025-10-25,1,-8.127811371886041,-8.505973815917969,0.37816244403192734
2025-10-26,1,-8.31020361926275,-7.77721643447876,-0.5329871847839911
2025-10-27,1,-7.874738990868753,-8.047897338867188,0.17315834799843444
2025-10-28,1,-7.054000148404952,-7.829650402069092,0.7756502536641401
2025-10-29,1,-7.043093926149241,-7.738877773284912,0.6957838471356714
2025-10-30,1,-7.299625987456839,-8.030877113342285,0.7312511258854464
2025-10-31,1,-9.102269176611976,-8.147857666015625,-0.9544115105963513
2025-11-01,1,-8.604699637140742,-8.229879379272461,-0.3748202578682811
2025-11-02,1,-7.27163389114966,-7.986635684967041,0.7150017938173807
2025-11-03,1,-6.542526955726167,-7.528097629547119,0.985570673820952
2025-11-04,1,-7.130332009579842,-7.010633945465088,-0.11969806411475403
2025-11-05,1,-7.168157359718235,-7.437345504760742,0.26918814504250754
2025-11-06,1,-7.037002738488869,-7.588685035705566,0.551682297216697
2025-11-07,1,-8.218470766094887,-7.995700836181641,-0.2227699299132464
2025-11-08,1,-7.88633221123335,-7.866737365722656,-0.019594845510694014
2025-11-09,1,-7.707023434157362,-7.806617736816406,0.09959430265904423
2025-11-10,1,-7.4421296812380255,-7.7895636558532715,0.34743397461524594
2025-11-11,1,-7.572570868483227,-7.582319259643555,0.00974839116032733
2025-11-12,1,-7.0002820840938105,-7.682950496673584,0.6826684125797735
2025-11-13,1,-6.384560789541653,-7.362607955932617,0.9780471663909642
2025-11-14,1,-7.714310407924918,-7.153746604919434,-0.5605638030054845
2025-11-15,1,-7.175102452523699,-7.336816787719727,0.1617143351960273
2025-11-16,1,-6.993087708054424,-7.2894487380981445,0.2963610300437205
2025-11-17,1,-6.75464809359329,-7.07841682434082,0.3237687307475303
2025-11-18,1,-6.988105858772633,-7.0656867027282715,0.07758084395563891
2025-11-19,1,-6.842480066767818,-7.1746506690979,0.33217060233008233
2025-11-20,1,-5.7867108645783665,-7.000108242034912,1.2133973774565456
2025-11-21,1,-7.555518494073084,-7.563414096832275,0.007895602759191434
2025-11-22,1,-7.596708359678786,-7.036874771118164,-0.5598335885606218
2025-11-23,1,-6.969901638005364,-7.057219505310059,0.08731786730469437
2025-11-24,1,-7.231650335428167,-7.189392566680908,-0.04225776874725895
2025-11-25,1,-7.364305501511629,-7.32931661605835,-0.03498888545327983
2025-11-26,1,-7.879568199495125,-7.800904273986816,-0.07866392550830881
2025-11-27,1,-7.694293783175389,-7.932641506195068,0.23834772301967977
2025-11-28,1,-8.832361523993656,-8.256136894226074,-0.5762246297675819
2025-11-29,1,-8.56370363864505,-8.013336181640625,-0.550367457004425
2025-11-30,1,-6.7205038180139995,-7.839076519012451,1.1185727009984516
2025-12-01,1,-7.166694063037643,-7.19965124130249,0.03295717826484701
2025-12-02,1,-6.799725179739331,-7.596866130828857,0.797140951089526
2025-12-03,1,-7.278058894103278,-7.049323558807373,-0.22873533529590517
2025-12-04,1,-7.384608832790334,-7.6017889976501465,0.21718016485981284
2025-12-05,1,-8.780922005770533,-7.973608016967773,-0.8073139888027594
2025-12-06,1,-7.414740413919735,-7.9063615798950195,0.4916211659752845
2025-12-07,1,-7.457035504573326,-7.5338287353515625,0.07679323077823685
2025-12-08,1,-7.256857420158548,-7.0882415771484375,-0.16861584301011057
2025-12-09,1,-7.058992929899828,-7.285412788391113,0.2264198584912851
2025-12-10,1,-7.347794785273569,-7.4097580909729,0.06196330569933117
2025-12-11,1,-7.561466219241837,-7.883684158325195,0.32221793908335794
2025-12-12,1,-9.696511840594232,-8.115653991699219,-1.580857848895013
2025-12-13,1,-8.293293428630856,-8.74472713470459,0.45143370607373434
2025-12-14,1,-7.227863026447627,-7.711221218109131,0.4833581916615035
2025-12-15,1,-7.710960999236119,-7.35507345199585,-0.35588754724026916
2025-12-16,1,-6.682453263792524,-7.592990875244141,0.910537611451617
2025-12-17,1,-6.740374624315311,-7.01956033706665,0.27918571275133974
2025-12-18,1,-7.020317942574881,-7.4885573387146,0.4682393961397189
2025-12-19,1,-9.6115694039447,-7.749162197113037,-1.8624072068316622
2025-12-20,1,-8.628519475678901,-8.645606994628906,0.01708751895000482
2025-12-21,1,-7.534308322325102,-7.719048023223877,0.184739700898775
2025-12-22,1,-7.663101554070803,-7.664732456207275,0.0016309021364726561
2025-12-23,1,-8.228128764798534,-7.740555763244629,-0.4875730015539048
2025-12-24,1,-8.643584150115842,-8.09075927734375,-0.5528248727720921
2024-06-29,3,-8.415744212880016,-7.336483955383301,-1.0792602574967152
2024-06-30,3,-7.590110308893971,-7.468987464904785,-0.12112284398918582
2024-07-01,3,-6.7568326341271066,-7.557319164276123,0.8004865301490165
2024-07-02,3,-6.028709939198225,-7.9672088623046875,1.9384989231064624
2024-07-03,3,-7.82183717488344,-8.18421459197998,0.3623774170965408
2024-07-04,3,-7.599232953126869,-7.523554801940918,-0.07567815118595078
2024-07-05,3,-6.2016000220281144,-7.923895359039307,1.7222953370111922
2024-07-06,3,-7.13201098663784,-7.488883972167969,0.3568729855301287
2024-07-07,3,-7.364155934126495,-7.367804050445557,0.0036481163190620336
2024-07-08,3,-6.970855511693713,-6.953422546386719,-0.017432965306994674
2024-07-09,3,-7.461112349654011,-7.532542705535889,0.07143035588187807
2024-07-10,3,-8.001579020126183,-7.6618428230285645,-0.3397361970976185
2024-07-11,3,-7.503141944073601,-7.562238693237305,0.05909674916370378
2024-07-12,3,-7.10151927124952,-7.733017921447754,0.6314986501982336
2024-07-13,3,-6.8751174522895955,-7.528958320617676,0.6538408683280803
2024-07-14,3,-7.273310670983561,-7.340000152587891,0.06668948160432997
2024-07-15,3,-7.590004120123674,-6.993772029876709,-0.5962320902469651
2024-07-16,3,-7.361953880672214,-7.4969635009765625,0.1350096203043485
2024-07-17,3,-8.183252874840827,-7.67834997177124,-0.5049029030695866
2024-07-18,3,-7.540508981035038,-7.775766372680664,0.23525739164562598
2024-07-19,3,-7.831068909072291,-7.61981201171875,-0.21125689735354136
2024-07-20,3,-7.504319171318432,-7.531482696533203,0.027163525214771056
2024-07-21,3,-7.715830478728725,-7.2650465965271,-0.450783882201625
2024-07-22,3,-7.1111013620300145,-7.39794921875,0.2868478567199855
2024-07-23,3,-7.731151246587125,-7.450444221496582,-0.2807070250905426
2024-07-24,3,-6.6745965844828605,-7.636370658874512,0.9617740743916512
2024-07-25,3,-8.297723232050007,-7.951513767242432,-0.34620946480757553
2024-07-26,3,-7.220642471062432,-7.786968231201172,0.5663257601387395
2024-07-27,3,-7.567743991658627,-7.541234493255615,-0.02650949840301209
2024-07-28,3,-7.537578973039193,-7.060879230499268,-0.47669974253992553
2024-07-29,3,-7.134693601377736,-7.380386829376221,0.24569322799848514
2024-07-30,3,-6.728020741506768,-7.6252312660217285,0.8972105245149606
2024-07-31,3,-7.102715268773577,-8.121944427490234,1.0192291587166578
2024-08-01,3,-6.901570663299103,-7.939835548400879,1.0382648851017757
2024-08-02,3,-4.331832929576587,-7.122255802154541,2.7904228725779543
2024-08-03,3,-6.129507554817753,-7.25708532333374,1.1275777685159873
2024-08-04,3,-6.56821202032419,-7.179920196533203,0.6117081762090129
2024-08-05,3,-5.881456842610719,-6.428288459777832,0.546831617167113
2024-08-06,3,-6.5521594278707,-6.928391456604004,0.37623202873330364
2024-08-07,3,-8.164746233335169,-7.207861423492432,-0.9568848098427374
2024-08-08,3,-7.347966273268356,-6.669047832489014,-0.6789184407793423
2024-08-09,3,-6.301581779560638,-7.322931289672852,1.0213495101122136
2024-08-10,3,-7.032064393779834,-7.154978275299072,0.12291388151923854
2024-08-11,3,-7.145182948564176,-7.115610599517822,-0.02957234904635353
2024-08-12,3,-6.782869713050387,-7.0692362785339355,0.2863665654835481
2024-08-13,3,-6.993243057300741,-7.478061676025391,0.48481861872464993
2024-08-14,3,-8.93414336978374,-7.824916839599609,-1.1092265301841309
2024-08-15,3,-8.090430304827276,-7.438352584838867,-0.6520777199884087
2024-08-16,3,-7.395852713362074,-7.380281925201416,-0.015570788160657933
2024-08-17,3,-7.252727153074581,-7.285304546356201,0.03257739328162046
2024-08-18,3,-7.122737507461557,-7.291271209716797,0.16853370225523978
2024-08-19,3,-7.663977474896019,-7.402015209197998,-0.2619622656980214
2024-08-20,3,-6.8510987312401355,-7.535305023193359,0.6842062919532239
2024-08-21,3,-8.299722443510342,-7.74492073059082,-0.554801712919522
2024-08-22,3,-8.590906417273768,-7.978079795837402,-0.6128266214363656
2024-08-23,3,-7.848062431939034,-7.44081974029541,-0.40724269164362425
2024-08-24,3,-6.578074293173222,-6.890273094177246,0.3121988010040244
2024-08-25,3,-6.625319225980788,-7.1805524826049805,0.5552332566241924
2024-08-26,3,-7.220716390846805,-7.040832042694092,-0.17988434815271326
2024-08-27,3,-7.355348084977686,-7.203774452209473,-0.15157363276821378
2024-08-28,3,-9.250891127347398,-7.489315032958984,-1.7615760943884133
2024-08-29,3,-7.427050700993551,-7.539149284362793,0.11209858336924228
2024-08-30,3,-7.578986184704846,-7.332650661468506,-0.24633552323633978
2024-08-31,3,-7.813351757199836,-7.301255226135254,-0.5120965310645822
2024-09-01,3,-6.5034602127886165,-7.2128777503967285,0.709417537608112
2024-09-02,3,-6.940360945467537,-7.127926826477051,0.18756588100951355
2024-09-03,3,-6.522114937682515,-7.730259895324707,1.208144957642192
2024-09-04,3,-8.259113009436971,-7.660855770111084,-0.5982572393258874
2024-09-05,3,-7.6986759889953715,-7.2889251708984375,-0.40975081809693403
2024-09-06,3,-7.142083192560166,-7.176992893218994,0.0349097006588277
2024-09-07,3,-7.454039970224542,-7.207259654998779,-0.24678031522576305
2024-09-08,3,-6.9566648361472945,-7.034933090209961,0.07826825406266646
2024-09-09,3,-7.375311173852939,-7.16335391998291,-0.21195725387002895
2024-09-10,3,-7.641682246432809,-7.457163333892822,-0.18451891253998642
2024-09-11,3,-8.772444578271369,-8.003608703613281,-0.7688358746580874
2024-09-12,3,-8.222190817885775,-7.490055084228516,-0.7321357336572589
2024-09-13,3,-7.505284819602623,-7.3835344314575195,-0.1217503881451032
2024-09-14,3,-7.206662096750963,-7.294776439666748,0.08811434291578468
2024-09-15,3,-7.000512980515621,-7.261725425720215,0.26121244520459364
2024-09-16,3,-7.40385524870723,-7.243985652923584,-0.159869595783646
2024-09-17,3,-7.62533614746632,-7.6285600662231445,0.0032239187568245953
2024-09-18,3,-9.118912980170885,-8.034844398498535,-1.0840685816723497
2024-09-19,3,-8.210854186197356,-7.811280250549316,-0.3995739356480392
2024-09-20,3,-7.594933488516639,-7.388685703277588,-0.20624778523905096
2024-09-21,3,-7.695982377007085,-7.011440277099609,-0.6845420999074756
2024-09-22,3,-7.912236774178686,-7.203860759735107,-0.7083760144435782
2024-09-23,3,-7.548593418115738,-7.135303020477295,-0.413290397638443
2024-09-24,3,-8.156771512470494,-7.859718322753906,-0.29705318971658734
2024-09-25,3,-9.137411157807458,-7.764560222625732,-1.3728509351817255
2024-09-26,3,-9.22010927366513,-7.678919315338135,-1.5411899583269957
2024-09-27,3,-7.657672162115085,-7.762327194213867,0.10465503209878246
2024-09-28,3,-7.16418081548918,-7.952018737792969,0.7878379223037886
2024-09-29,3,-6.873239201215958,-7.175920009613037,0.30268080839707867
2024-09-30,3,-7.372161845921349,-7.502049922943115,0.12988807702176608
2024-10-01,3,-7.762377171311247,-7.398176670074463,-0.36420050123678394
2024-10-02,3,-9.410517858234718,-7.583366394042969,-1.8271514641917488
2024-10-03,3,-8.859802514595454,-7.295430660247803,-1.5643718543476517
2024-10-04,3,-7.354846982929903,-7.288469314575195,-0.06637766835470771
2024-10-05,3,-7.717832727168758,-7.532888412475586,-0.18494431469317174
2024-10-06,3,-7.9430170498383745,-7.416508674621582,-0.5265083752167925
2024-10-07,3,-7.587117550241822,-7.2307891845703125,-0.3563283656715095
2024-10-08,3,-7.8173580785041725,-7.527741432189941,-0.2896166463142311
2024-10-09,3,-8.746814229333626,-8.489945411682129,-0.2568688176514975
2024-10-10,3,-8.44461347063351,-7.48773717880249,-0.9568762918310192
2024-10-11,3,-7.511216222523129,-7.8443498611450195,0.3331336386218906
2024-10-12,3,-6.879154515339575,-7.607815265655518,0.7286607503159424
2024-10-13,3,-7.561391084229369,-7.550450801849365,-0.010940282380003552
2024-10-14,3,-7.954807249048968,-7.51068115234375,-0.44412609670521785
2024-10-15,3,-7.899727601495052,-7.498668193817139,-0.4010594076779137
2024-10-16,3,-9.798785632524316,-8.160658836364746,-1.63812679615957
2024-10-17,3,-9.000277471682907,-8.315893173217773,-0.6843842984651332
2024-10-18,3,-7.724745468477852,-7.544167518615723,-0.18057794986212894
2024-10-19,3,-7.774179791525233,-7.63373327255249,-0.14044651897274285
2024-10-20,3,-7.863362515397026,-7.516263961791992,-0.3470985536050337
2024-10-21,3,-8.018551193752419,-7.402563095092773,-0.6159880986596455
2024-10-22,3,-6.898530866282754,-7.577043056488037,0.6785121902052831
2024-10-23,3,-8.921658190779526,-8.214356422424316,-0.7073017683552099
2024-10-24,3,-9.079636360099444,-7.8258562088012695,-1.2537801512981748
2024-10-25,3,-7.784069601964099,-7.8968186378479,0.1127490358838017
2024-10-26,3,-7.368623299413477,-7.229666233062744,-0.13895706635073246
2024-10-27,3,-7.512997901045132,-7.443930149078369,-0.06906775196676307
2024-10-28,3,-7.671750079550882,-7.6207194328308105,-0.05103064672007118
2024-10-29,3,-6.998467037027406,-7.644163131713867,0.6456960946864614
2024-10-30,3,-8.813773417610177,-8.508371353149414,-0.3054020644607629
2024-10-31,3,-7.784664629556363,-7.5261735916137695,-0.2584910379425933
2024-11-01,3,-7.509206844606907,-7.7465691566467285,0.2373623120398216
2024-11-02,3,-7.320254941313007,-7.210983753204346,-0.10927118810866165
2024-11-03,3,-6.357178323463686,-7.323917388916016,0.9667390654523293
2024-11-04,3,-7.505193457512192,-7.318296909332275,-0.18689654817991652
2024-11-05,3,-7.882091528500882,-7.639460563659668,-0.24263096484121416
2024-11-06,3,-8.951124037321541,-7.716116905212402,-1.2350071321091391
2024-11-07,3,-6.982350958300895,-7.616616249084473,0.6342652907835777
2024-11-08,3,-6.610143513022823,-7.898636341094971,1.2884928280721475
2024-11-09,3,-5.89742196217559,-7.40648889541626,1.5090669332406694
2024-11-10,3,-5.970825445834223,-7.341692924499512,1.3708674786652884
2024-11-11,3,-6.298780197423048,-7.089836120605469,0.7910559231824204
2024-11-12,3,-6.69026855754187,-7.287927627563477,0.5976590700216065
2024-11-13,3,-7.962925402749825,-7.34168815612793,-0.6212372466218952
2024-11-14,3,-7.719913234094788,-7.591627597808838,-0.12828563628595013
2024-11-15,3,-6.813641525214108,-6.75919246673584,-0.05444905847826842
2024-11-16,3,-7.123061515534054,-6.918717384338379,-0.20434413119567552
2024-11-17,3,-7.349584827177568,-6.830604553222656,-0.5189802739549121
2024-11-18,3,-6.9277588146226785,-6.731586933135986,-0.19617188148669218
2024-11-19,3,-7.639603303246092,-6.703294277191162,-0.9363090260549303
2024-11-20,3,-8.458730870211758,-7.453174114227295,-1.005556755984463
2024-11-21,3,-7.906636805257383,-7.258304119110107,-0.6483326861472758
2024-11-22,3,-6.845783544407805,-7.529942035675049,0.6841584912672438
2024-11-23,3,-6.704121318827724,-7.289341926574707,0.585220607746983
2024-11-24,3,-7.421131408187987,-7.298705101013184,-0.12242630717480374
2024-11-25,3,-7.777480941685613,-7.209709167480469,-0.567771774205144
2024-11-26,3,-7.7915055329164575,-7.367104530334473,-0.4244010025819849
2024-11-27,3,-8.944575839059315,-7.370289325714111,-1.5742865133452035
2024-11-28,3,-8.526681786585359,-7.536223411560059,-0.9904583750253
2024-11-29,3,-7.2277762188452845,-7.353372097015381,0.12559587817009632
2024-11-30,3,-7.477860175072574,-7.280860900878906,-0.1969992741936677
2024-12-01,3,-7.352016227925319,-7.477535724639893,0.1255194967145732
2024-12-02,3,-5.520755763032788,-7.342462062835693,1.821706299802905
2024-12-03,3,-7.056676956855624,-7.670337677001953,0.6136607201463296
2024-12-04,3,-8.28612317218258,-7.858764171600342,-0.4273590005822374
2024-12-05,3,-8.152794625419403,-7.660965919494629,-0.49182870592477457
2024-12-06,3,-6.452164940538162,-7.269700527191162,0.8175355866530003
2024-12-07,3,-6.668355412158304,-7.245530605316162,0.5771751931578581
2024-12-08,3,-7.380414836630238,-7.364729881286621,-0.015684955343616913
2024-12-09,3,-7.347004798406336,-7.123249053955078,-0.22375574445125768
2024-12-10,3,-7.800269430130499,-7.047025203704834,-0.7532442264256654
2024-12-11,3,-8.329129180116265,-7.755545139312744,-0.5735840408035209
2024-12-12,3,-7.954173621957407,-7.543250560760498,-0.41092306119690925
2024-12-13,3,-7.167863912303163,-7.793412208557129,0.6255482962539656
2024-12-14,3,-7.46114260237137,-7.183378219604492,-0.2777643827668781
2024-12-15,3,-6.653480385951037,-7.271105766296387,0.6176253803453493
2024-12-16,3,-6.215955295754829,-7.1439595222473145,0.9280042264924857
2024-12-17,3,-6.2286006577328035,-7.61884069442749,1.3902400366946868
2024-12-18,3,-7.472773492215739,-7.529658317565918,0.05688482535017858
2024-12-19,3,-7.349660055218582,-7.321719646453857,-0.027940408764724367
2024-12-20,3,-6.8404400613287955,-7.199784278869629,0.35934421754083345
2024-12-21,3,-7.374187208078972,-6.82940673828125,-0.5447804697977219
2024-12-22,3,-7.715762789103233,-7.197520732879639,-0.5182420562235945
2024-12-23,3,-7.307697534873444,-7.146350860595703,-0.1613466742777412
2024-12-24,3,-7.106588924470662,-7.258138179779053,0.15154925530839058
2024-12-25,3,-8.634132442724063,-7.414098739624023,-1.2200337031000394
2024-12-26,3,-8.326756050975344,-7.234007835388184,-1.0927482155871608
2024-12-27,3,-7.3543943334481,-7.346310615539551,-0.00808371790854956
2024-12-28,3,-7.276893060792656,-7.58329963684082,0.3064065760481647
2024-12-29,3,-8.238782332690736,-7.276622772216797,-0.962159560473939
2024-12-30,3,-7.367896287600902,-7.1482696533203125,-0.2196266342805897
2024-12-31,3,-8.097617541330267,-7.969147682189941,-0.12846985914032594
2025-01-01,3,-9.19804542909942,-7.960000514984131,-1.2380449141152887
2025-01-02,3,-8.787325094170878,-7.503366947174072,-1.283958146996806
2025-01-03,3,-7.415021751205516,-7.294444561004639,-0.1205771902008772
2025-01-04,3,-7.590481289361926,-7.730523109436035,0.14004182007410915
2025-01-05,3,-6.90681582272137,-7.562554836273193,0.6557390135518233
2025-01-06,3,-6.968115739055578,-7.469253063201904,0.5011373241463266
2025-01-07,3,-6.709305206835529,-7.5372233390808105,0.8279181322452818
2025-01-08,3,-8.995729032967116,-7.8595290184021,-1.1362000145650164
2025-01-09,3,-8.852150045924287,-7.572749614715576,-1.2794004312087104
2025-01-10,3,-6.553319507908563,-7.096264362335205,0.5429448544266418
2025-01-11,3,-7.303486208762694,-7.274806976318359,-0.028679232444334346
2025-01-12,3,-7.312096925574036,-7.447730541229248,0.13563361565521248
2025-01-13,3,-7.391486709026281,-6.926865577697754,-0.4646211313285269
2025-01-14,3,-7.511145310148465,-7.498574733734131,-0.012570576414334234
2025-01-15,3,-7.438401020768668,-8.311416625976562,0.8730156052078941
2025-01-16,3,-6.148112404271952,-7.601863861083984,1.4537514568120322
2025-01-17,3,-5.214773987217453,-7.9693756103515625,2.7546016231341097
2025-01-18,3,-6.34915971482197,-7.296760082244873,0.9476003674229032
2025-01-19,3,-7.594519813201731,-6.916511058807373,-0.6780087543943578
2025-01-20,3,-5.989812005402478,-6.722885608673096,0.7330736032706175
2025-01-21,3,-7.355564283258395,-6.85725736618042,-0.4983069170779748
2025-01-22,3,-8.788612678268954,-7.834954738616943,-0.9536579396520111
2025-01-23,3,-8.623226788453762,-7.163924694061279,-1.4593020943924824
2025-01-24,3,-6.548166225847454,-7.286249160766602,0.7380829349191478
2025-01-25,3,-7.335119722465245,-7.486571311950684,0.1514515894854389
2025-01-26,3,-7.350021545427285,-7.283214092254639,-0.06680745317264591
2025-01-27,3,-7.86523565131056,-6.517947673797607,-1.347287977512953
2025-01-28,3,-7.64515655585875,-7.586365222930908,-0.058791332927842
2025-01-29,3,-8.395509658549456,-7.652518272399902,-0.7429913861495532
2025-01-30,3,-7.035755186208709,-7.820407867431641,0.7846526812229317
2025-01-31,3,-5.95199845728886,-7.10185432434082,1.1498558670519605
2025-02-01,3,-6.579587906443687,-7.296131610870361,0.716543704426674
2025-02-02,3,-7.222214210843608,-7.247879981994629,0.02566577115102131
2025-02-03,3,-7.456911400328808,-6.943260669708252,-0.5136507306205562
2025-02-04,3,-7.097257483150888,-7.283388137817383,0.1861306546664947
2025-02-05,3,-8.810076811866075,-7.404865741729736,-1.405211070136339
2025-02-06,3,-8.10773415201615,-7.568701267242432,-0.539032884773718
2025-02-07,3,-7.786812840962016,-7.3744964599609375,-0.41231638100107837
2025-02-08,3,-8.095685364957285,-7.440550327301025,-0.6551350376562599
2025-02-09,3,-6.962691557561749,-7.3992509841918945,0.43655942663014535
2025-02-10,3,-7.850939573833918,-7.440627574920654,-0.4103119989132633
2025-02-11,3,-7.6048640411791055,-7.505875110626221,-0.09898893055288482
2025-02-12,3,-9.31204237724052,-7.70427942276001,-1.6077629544805099
2025-02-13,3,-9.354075786569943,-7.3608527183532715,-1.9932230682166718
2025-02-14,3,-8.328308753403542,-8.100759506225586,-0.2275492471779561
2025-02-15,3,-7.735386570485104,-7.323851108551025,-0.4115354619340783
2025-02-16,3,-8.074161026658576,-7.332607269287109,-0.7415537573714666
2025-02-17,3,-8.388064413225592,-7.176376819610596,-1.2116875936149967
2025-02-18,3,-7.422492670788367,-7.563300609588623,0.14080793880025588
2025-02-19,3,-9.351071668633756,-7.844189167022705,-1.5068825016110505
2025-02-20,3,-9.327182940847992,-8.039387702941895,-1.2877952379060975
2025-02-21,3,-7.366790273234517,-7.690856456756592,0.32406618352207506
2025-02-22,3,-6.241011939761488,-7.969262599945068,1.7282506601835808
2025-02-23,3,-6.08442226100039,-7.8212761878967285,1.7368539268963383
2025-02-24,3,-6.878853344044446,-7.34812068939209,0.46926734534764414
2025-02-25,3,-5.588570041559089,-7.537295818328857,1.948725776769768
2025-02-26,3,-7.482186017843935,-8.664643287658691,1.1824572698147566
2025-02-27,3,-6.026685262486463,-7.717111587524414,1.6904263250379508
2025-02-28,3,-6.005721130764149,-7.40018367767334,1.3944625469091907
2025-03-01,3,-5.832575425345344,-7.4005022048950195,1.5679267795496754
2025-03-02,3,-6.528431978871631,-7.21567440032959,0.6872424214579587
2025-03-03,3,-6.412729998936713,-6.866122722625732,0.45339272368901984
2025-03-04,3,-5.651155219226064,-7.257532596588135,1.6063773773620706
2025-03-05,3,-7.82002049036847,-7.1386332511901855,-0.6813872391782843
2025-03-06,3,-7.116223896566312,-7.004822731018066,-0.1114011655482452
2025-03-07,3,-5.949376876735946,-6.732033729553223,0.7826568528172766
2025-03-08,3,-6.2051256349718855,-7.14702033996582,0.9418947049939348
2025-03-09,3,-6.9226794457074154,-7.035237789154053,0.11255834344663729
2025-03-10,3,-7.250092425539886,-6.6560492515563965,-0.5940431739834899
2025-03-11,3,-7.447118934719969,-6.734910011291504,-0.7122089234284648
2025-03-12,3,-8.898459551988159,-7.522702217102051,-1.3757573348861083
2025-03-13,3,-7.329432996679352,-7.321042060852051,-0.008390935827301327
2025-03-14,3,-7.67080326390782,-7.301822185516357,-0.3689810783914629
2025-03-15,3,-7.616041619926752,-7.252363681793213,-0.3636779381335389
2025-03-16,3,-7.472221310413124,-7.142672061920166,-0.32954924849295786
2025-03-17,3,-7.439639310421675,-7.419567584991455,-0.020071725430219622
2025-03-18,3,-7.976296204139535,-7.589799404144287,-0.386496799995248
2025-03-19,3,-9.81200323221424,-8.347434043884277,-1.4645691883299623
2025-03-20,3,-8.77472856117907,-7.7361907958984375,-1.0385377652806334
2025-03-21,3,-7.738805643991428,-7.479358673095703,-0.2594469708957252
2025-03-22,3,-7.907900185694711,-7.611624717712402,-0.2962754679823085
2025-03-23,3,-7.926440425992742,-7.366223335266113,-0.5602170907266286
2025-03-24,3,-8.15773669999174,-7.476389408111572,-0.6813472918801668
2025-03-25,3,-7.842789124023152,-7.715381145477295,-0.1274079785458575
2025-03-26,3,-8.003994184702773,-8.517948150634766,0.5139539659319929
2025-03-27,3,-8.165887428032145,-8.063879013061523,-0.10200841497062108
2025-03-28,3,-7.254418259891095,-7.634438514709473,0.380020254818378
2025-03-29,3,-7.756757128271761,-7.394473075866699,-0.36228405240506145
2025-03-30,3,-6.587482790091052,-7.255162715911865,0.6676799258208135
2025-03-31,3,-7.252194880144823,-7.366191387176514,0.11399650703169062
2025-04-01,3,-6.63516370951007,-7.769687175750732,1.1345234662406627
2025-04-02,3,-8.681969956851141,-7.898122787475586,-0.7838471693755551
2025-04-03,3,-7.188412492677708,-7.062150001525879,-0.12626249115182908
2025-04-04,3,-5.629049006791348,-6.768013000488281,1.1389639936969331
2025-04-05,3,-6.933967406336497,-7.063349723815918,0.12938231747942108
2025-04-06,3,-5.92065466170989,-6.918359756469727,0.9977050947598363
2025-04-07,3,-7.031037787314499,-6.469956398010254,-0.5610813893042454
2025-04-08,3,-7.032090018849573,-7.778510570526123,0.7464205516765503
2025-04-09,3,-7.79990038655869,-6.808400630950928,-0.9914997556077623
2025-04-10,3,-7.287263687197286,-6.692958831787109,-0.5943048554101766
2025-04-11,3,-7.167014962280521,-6.832423210144043,-0.33459175213647807
2025-04-12,3,-7.777788884630375,-6.893445014953613,-0.884343869676762
2025-04-13,3,-7.413189676387737,-7.218494892120361,-0.19469478426737563
2025-04-14,3,-8.268721841318316,-7.152890205383301,-1.1158316359350149
2025-04-15,3,-9.681279444888752,-7.468750953674316,-2.212528491214435
2025-04-16,3,-9.171548905690758,-8.126154899597168,-1.0453940060935896
2025-04-17,3,-9.01552740253416,-7.042535781860352,-1.9729916206738078
2025-04-18,3,-7.457356285992482,-7.4065165519714355,-0.05083973402104647
2025-04-19,3,-6.979201722253075,-7.33383846282959,0.35463674057651495
2025-04-20,3,-7.403345870725576,-7.496370315551758,0.09302444482618188
2025-04-21,3,-8.021045389721651,-7.540163516998291,-0.48088187272336036
2025-04-22,3,-7.797960553044787,-7.765249252319336,-0.0327113007254507
2025-04-23,3,-8.912576429259436,-8.264206886291504,-0.6483695429679326
2025-04-24,3,-8.579169330655771,-8.3174409866333,-0.2617283440224707
2025-04-25,3,-7.92097208375074,-7.6242356300354,-0.2967364537153392
2025-04-26,3,-8.087519781534887,-7.468785285949707,-0.6187344955851799
2025-04-27,3,-8.023455793775357,-7.6044135093688965,-0.4190422844064603
2025-04-28,3,-8.09456339337235,-7.403775215148926,-0.6907881782234249
2025-04-29,3,-8.294066343106515,-7.7942118644714355,-0.49985447863507915
2025-04-30,3,-9.46541060137628,-8.081036567687988,-1.3843740336882924
2025-05-01,3,-8.596552100361416,-7.942009925842285,-0.6545421745191309
2025-05-02,3,-8.166003817373237,-8.019245147705078,-0.14675866966815931
2025-05-03,3,-8.013724640481898,-7.7120232582092285,-0.30170138227266996
2025-05-04,3,-7.894201229610753,-7.709908962249756,-0.18429226736099746
2025-05-05,3,-7.474703553304063,-7.539495944976807,0.06479239167274375
2025-05-06,3,-7.7544076279684,-7.917726993560791,0.16331936559239058
2025-05-07,3,-8.51169203750711,-7.912045955657959,-0.5996460818491514
2025-05-08,3,-7.894756830708296,-7.993542671203613,0.09878584049531725
2025-05-09,3,-7.171315375183232,-8.068780899047852,0.8974655238646196
2025-05-10,3,-7.898122089143746,-7.712672710418701,-0.1854493787250444
2025-05-11,3,-8.318310440418038,-7.4856085777282715,-0.8327018626897669
2025-05-12,3,-7.7147571999584414,-7.529277801513672,-0.18547939844476957
2025-05-13,3,-8.244800643227538,-7.827832221984863,-0.4169684212426752
2025-05-14,3,-8.88548365814237,-8.2296142578125,-0.6558694003298697
2025-05-15,3,-7.9130966647344225,-7.4385786056518555,-0.47451805908256706
2025-05-16,3,-7.475391981698435,-8.142464637756348,0.667072656057913
2025-05-17,3,-7.413492676031776,-7.855555057525635,0.4420623814938587
2025-05-18,3,-6.9048202411259405,-7.658725261688232,0.7539050205622919
2025-05-19,3,-7.5998782354004675,-7.477456569671631,-0.12242166572883662
2025-05-20,3,-7.443883442529285,-7.504714488983154,0.0608310464538695
2025-05-21,3,-8.225636513265073,-7.825982570648193,-0.3996539426168795
2025-05-22,3,-8.196992018610825,-8.263784408569336,0.06679238995851122
2025-05-23,3,-8.288440304342084,-7.730860233306885,-0.5575800710351988
2025-05-24,3,-7.940076582517803,-7.327948093414307,-0.6121284891034966
2025-05-25,3,-8.336031186903472,-7.531177997589111,-0.8048531893143611
2025-05-26,3,-7.769467517478563,-7.342776775360107,-0.42669074211845537
2025-05-27,3,-7.728674501465333,-7.583383560180664,-0.14529094128466902
2025-05-28,3,-8.421598154519437,-8.157979965209961,-0.2636181893094758
2025-05-29,3,-8.743472246073782,-8.1262788772583,-0.6171933688154816
2025-05-30,3,-8.184430028615092,-8.104153633117676,-0.08027639549741572
2025-05-31,3,-8.331213911925008,-7.731566429138184,-0.5996474827868248
2025-06-01,3,-8.71279939743139,-7.681215286254883,-1.0315841111765067
2025-06-02,3,-7.51988335958094,-7.77543830871582,0.2555549491348801
2025-06-03,3,-8.345664194572562,-7.872947692871094,-0.47271650170146806
2025-06-04,3,-9.05218826005398,-8.320253372192383,-0.7319348878615966
2025-06-05,3,-9.384555576107418,-8.320978164672852,-1.0635774114345669
2025-06-06,3,-7.968985833169205,-8.314743995666504,0.3457581624972992
2025-06-07,3,-8.125005944838898,-7.806920528411865,-0.31808541642703325
2025-06-08,3,-8.19082610478049,-7.516449928283691,-0.6743761764967982
2025-06-09,3,-7.927023759209108,-7.605433464050293,-0.3215902951588152
2025-06-10,3,-7.443188684929166,-7.897665500640869,0.4544768157117032
2025-06-11,3,-9.05726972859608,-8.695462226867676,-0.3618075017284035
2025-06-12,3,-8.953471985164441,-7.880838871002197,-1.0726331141622438
2025-06-13,3,-8.110641264350848,-8.143558502197266,0.032917237846417535
2025-06-14,3,-7.806286485181062,-7.871624946594238,0.06533846141317667
2025-06-15,3,-7.866192379807445,-7.705279350280762,-0.16091302952668318
2025-06-16,3,-8.633468871743753,-7.672354221343994,-0.9611146503997592
2025-06-17,3,-7.900331132706684,-7.906481742858887,0.006150610152202418
2025-06-18,3,-7.967196587131996,-8.61762809753418,0.6504315104021838
2025-06-19,3,-7.027680658640498,-8.097557067871094,1.069876409230596
2025-06-20,3,-7.236497370232764,-7.776320934295654,0.5398235640628899
2025-06-21,3,-8.149886293035856,-7.752593994140625,-0.39729229889523054
2025-06-22,3,-8.176305065875129,-7.939657211303711,-0.23664785457141768
2025-06-23,3,-8.376095118293176,-7.869748115539551,-0.5063470027536248
2025-06-24,3,-8.542770722531861,-7.865826606750488,-0.6769441157813727
2025-06-25,3,-10.649971722513076,-8.395920753479004,-2.254050969034072
2025-06-26,3,-9.316586495538738,-7.839872360229492,-1.476714135309246
2025-06-27,3,-8.62277199796468,-8.119332313537598,-0.5034396844270823
2025-06-28,3,-8.642591743070529,-7.878664970397949,-0.7639267726725798
2025-06-29,3,-8.308439939764494,-8.081107139587402,-0.22733280017709134
2025-06-30,3,-8.29396771419438,-8.274699211120605,-0.019268503073774923
2025-07-01,3,-8.898524051817713,-8.486164093017578,-0.41235995880013476
2025-07-02,3,-9.987284347496226,-9.36379623413086,-0.6234881133653669
2025-07-03,3,-9.36677210235694,-8.3220796585083,-1.0446924438486391
2025-07-04,3,-8.713378263033814,-7.900570869445801,-0.8128073935880131
2025-07-05,3,-8.902586131499698,-8.166114807128906,-0.7364713243707914
2025-07-06,3,-8.29417874240117,-7.75002384185791,-0.5441549005432602
2025-07-07,3,-7.209350045659884,-7.872945308685303,0.6635952630254192
2025-07-08,3,-7.867944834377488,-8.227046012878418,0.3591011785009304
2025-07-09,3,-9.356431837546369,-8.477652549743652,-0.8787792878027165
2025-07-10,3,-8.773942349578554,-8.49086856842041,-0.2830737811581443
2025-07-11,3,-7.481016702523509,-8.583118438720703,1.102101736197194
2025-07-12,3,-7.254884046098786,-8.127503395080566,0.8726193489817806
2025-07-13,3,-7.906106583346014,-7.830830097198486,-0.07527648614752724
2025-07-14,3,-7.750043741635851,-8.188965797424316,0.4389220557884652
2025-07-15,3,-7.925867888823022,-7.825526237487793,-0.10034165133522865
2025-07-16,3,-9.191851708958271,-8.773115158081055,-0.41873655087721673
2025-07-17,3,-8.749889889500176,-8.313470840454102,-0.43641904904607465
2025-07-18,3,-8.062198643566044,-8.1830415725708,0.12084292900475724
2025-07-19,3,-7.740429316317312,-7.9700188636779785,0.22958954736066683
2025-07-20,3,-8.047332828013449,-7.73089075088501,-0.3164420771284391
2025-07-21,3,-8.253076728769177,-7.86826753616333,-0.38480919260584656
2025-07-22,3,-7.605517370811197,-8.381941795349121,0.7764244245379244
2025-07-23,3,-9.606954095499765,-8.883928298950195,-0.7230257965495692
2025-07-24,3,-8.981033746649764,-8.334831237792969,-0.6462025088567955
2025-07-25,3,-8.30508496766559,-7.815730571746826,-0.4893543959187632
2025-07-26,3,-8.268215689597376,-8.192773818969727,-0.07544187062764962
2025-07-27,3,-8.393240576178409,-8.17458724975586,-0.2186533264225492
2025-07-28,3,-8.520230588607557,-7.807846546173096,-0.7123840424344614
2025-07-29,3,-7.533737412187012,-8.156290054321289,0.6225526421342771
2025-07-30,3,-8.568970525996992,-8.999540328979492,0.43056980298250025
2025-07-31,3,-9.01457508878402,-8.353581428527832,-0.6609936602561888
2025-08-01,3,-8.64759502280641,-7.424034118652344,-1.2235609041540663
2025-08-02,3,-8.327990264931364,-8.192316055297852,-0.13567420963351218
2025-08-03,3,-8.51421068372607,-7.845602512359619,-0.6686081713664507
2025-08-04,3,-8.532403748070708,-7.872472286224365,-0.6599314618463428
2025-08-05,3,-8.651182815348951,-8.282596588134766,-0.36858622721418577
2025-08-06,3,-9.32597851139552,-8.974418640136719,-0.35155987125880195
2025-08-07,3,-8.441043602227696,-8.584588050842285,0.14354444861458937
2025-08-08,3,-7.811382584426513,-8.638374328613281,0.8269917441867687
2025-08-09,3,-8.297044334912817,-8.234933853149414,-0.06211048176340306
2025-08-10,3,-7.759195959681331,-8.314373016357422,0.555177056676091
2025-08-11,3,-6.9615054586384755,-7.9861602783203125,1.024654819681837
2025-08-12,3,-8.400633017404333,-8.217436790466309,-0.1831962269380245
2025-08-13,3,-9.797853695149604,-8.429344177246094,-1.3685095179035098
2025-08-14,3,-9.5559821565806,-8.111970901489258,-1.4440112550913415
2025-08-15,3,-8.156814886452334,-8.539462089538574,0.3826472030862398
2025-08-16,3,-8.142712241205171,-7.890940189361572,-0.25177205184359863
2025-08-17,3,-8.113278831395304,-8.06129264831543,-0.05198618307987424
2025-08-18,3,-8.175195141952578,-8.009916305541992,-0.16527883641058594
2025-08-19,3,-7.391375071440983,-8.190068244934082,0.7986931734930991
2025-08-20,3,-9.155666824013634,-8.765460968017578,-0.3902058559960562
2025-08-21,3,-7.722034948084426,-8.259099960327148,0.5370650122427225
2025-08-22,3,-7.330218334497994,-8.311357498168945,0.9811391636709512
2025-08-23,3,-7.622910020795579,-8.13273811340332,0.5098280926077416
2025-08-24,3,-8.082710716050025,-8.110899925231934,0.02818920918190848
2025-08-25,3,-8.403842583904545,-7.7890706062316895,-0.6147719776728557
2025-08-26,3,-8.0046493464786,-8.096449851989746,0.09180050551114682
2025-08-27,3,-9.133680845548108,-8.501285552978516,-0.6323952925695924
2025-08-28,3,-9.177958657568531,-8.823969841003418,-0.3539888165651135
2025-08-29,3,-7.953683190386181,-8.237028121948242,0.28334493156206086
2025-08-30,3,-7.872158994764496,-8.330915451049805,0.45875645628530837
2025-08-31,3,-8.182388144667684,-7.806105136871338,-0.3762830077963457
2025-09-01,3,-8.292311256544016,-7.788699626922607,-0.5036116296214086
2025-09-02,3,-8.049751286620033,-8.025654792785645,-0.02409649383438861
2025-09-03,3,-9.772848916168195,-8.120256423950195,-1.652592492218
2025-09-04,3,-9.53452627568605,-8.709677696228027,-0.8248485794580223
2025-09-05,3,-8.677120971758,-8.761483192443848,0.08436222068584698
2025-09-06,3,-8.403115304394708,-8.085709571838379,-0.3174057325563293
2025-09-07,3,-8.21218014894868,-7.9372406005859375,-0.2749395483627417
2025-09-08,3,-8.499654294702792,-7.896925926208496,-0.6027283684942955
2025-09-09,3,-8.617547509904476,-8.261541366577148,-0.3560061433273276
2025-09-10,3,-9.831130650802836,-8.971990585327148,-0.8591400654756871
2025-09-11,3,-9.54978554808957,-8.689541816711426,-0.8602437313781444
2025-09-12,3,-8.439814402280856,-8.485555648803711,0.04574124652285505
2025-09-13,3,-8.792523838198322,-8.624542236328125,-0.1679816018701974
2025-09-14,3,-8.101310617641094,-8.033610343933105,-0.06770027370798815
2025-09-15,3,-8.766447689945338,-8.045745849609375,-0.7207018403359626
2025-09-16,3,-9.267364905921823,-8.1663818359375,-1.1009830699843235
2025-09-17,3,-10.6050280488101,-8.507887840270996,-2.0971402085391038
2025-09-18,3,-10.133520913612236,-8.474016189575195,-1.6595047240370402
2025-09-19,3,-7.891930026244774,-8.43221378326416,0.5402837570193864
2025-09-20,3,-8.692216418426757,-8.00883960723877,-0.683376811187987
2025-09-21,3,-8.715111261187413,-8.423213005065918,-0.29189825612149534
2025-09-22,3,-7.797766269227527,-8.113280296325684,0.3155140270981569
2025-09-23,3,-8.199318457410062,-8.249430656433105,0.05011219902304376
2025-09-24,3,-10.290127372923022,-9.622735977172852,-0.6673913957501707
2025-09-25,3,-9.254128583110203,-8.16947078704834,-1.0846577960618635
2025-09-26,3,-8.541521038784206,-8.686944007873535,0.1454229690893296
2025-09-27,3,-8.603434629923894,-8.48242473602295,-0.12100989390094519
2025-09-28,3,-8.240112062129832,-8.253929138183594,0.013817076053761923
2025-09-29,3,-8.296715658902626,-8.247194290161133,-0.04952136874149282
2025-09-30,3,-7.823921809963694,-8.618577003479004,0.7946551935153101
2025-10-01,3,-9.45214532988536,-9.150216102600098,-0.30192922728526206
2025-10-02,3,-7.695218782358524,-8.912960052490234,1.21774127013171
2025-10-03,3,-8.01510033381816,-8.901375770568848,0.8862754367506884
2025-10-04,3,-7.842639336975692,-8.442989349365234,0.6003500123895424
2025-10-05,3,-8.002081163490216,-8.073543548583984,0.07146238509376879
2025-10-06,3,-8.012382804006961,-8.218045234680176,0.20566243067321466
2025-10-07,3,-4.587612791666304,-8.181095123291016,3.5934823316247115
2025-10-08,3,-7.115722376608375,-8.773757934570312,1.658035557961938
2025-10-09,3,-7.1264281234111495,-8.059771537780762,0.9333434143696122
2025-10-10,3,-7.601098600323596,-7.742813587188721,0.14171498686512507
2025-10-11,3,-7.344241412122854,-7.471466064453125,0.1272246523302707
2025-10-12,3,-7.591723650096573,-7.402425289154053,-0.18929836094252028
2025-10-13,3,-6.905012356907999,-7.4893269538879395,0.5843145969799401
2025-10-14,3,-7.053262415309131,-7.89963436126709,0.8463719459579586
2025-10-15,3,-8.645181515778779,-8.41766357421875,-0.2275179415600288
2025-10-16,3,-7.946925952270387,-7.93941593170166,-0.007510020568727072
2025-10-17,3,-7.702435877483535,-7.913632392883301,0.2111965153997657
2025-10-18,3,-6.814365684609184,-7.950617790222168,1.136252105612984
2025-10-19,3,-7.329678651800407,-7.850629806518555,0.5209511547181478
2025-10-20,3,-7.503043703626393,-8.151510238647461,0.6484665350210683
2025-10-21,3,-8.016664491858316,-7.523810386657715,-0.49285410520060147
2025-10-22,3,-9.436012357444428,-8.449368476867676,-0.9866438805767519
2025-10-23,3,-8.127811371886041,-8.621932029724121,0.4941206578380797
2025-10-24,3,-8.31020361926275,-8.211234092712402,-0.09896952655034852
2025-10-25,3,-7.874738990868753,-7.9121270179748535,0.03738802710610045
2025-10-26,3,-7.054000148404952,-7.709649562835693,0.6556494144307417
2025-10-27,3,-7.043093926149241,-7.912927150726318,0.8698332245770777
2025-10-28,3,-7.299625987456839,-8.298443794250488,0.9988178067936495
2025-10-29,3,-9.102269176611976,-8.420838356018066,-0.6814308205939099
2025-10-30,3,-8.604699637140742,-8.059473991394043,-0.5452256457466991
2025-10-31,3,-7.27163389114966,-8.038851737976074,0.7672178468264139
2025-11-01,3,-6.542526955726167,-7.795343399047852,1.2528164433216844
2025-11-02,3,-7.130332009579842,-7.598034381866455,0.46770237228661315
2025-11-03,3,-7.168157359718235,-7.579860210418701,0.4117028507004665
2025-11-04,3,-7.037002738488869,-7.55010461807251,0.5131018795836404
2025-11-05,3,-8.218470766094887,-8.729450225830078,0.5109794597351911
2025-11-06,3,-7.88633221123335,-7.63837194442749,-0.24796026680586003
2025-11-07,3,-7.707023434157362,-7.7535786628723145,0.046555228714952435
2025-11-08,3,-7.4421296812380255,-7.545989990234375,0.10386030899634946
2025-11-09,3,-7.572570868483227,-7.475698471069336,-0.09687239741389142
2025-11-10,3,-7.0002820840938105,-7.815311431884766,0.8150293477909551
2025-11-11,3,-6.384560789541653,-7.763983249664307,1.3794224601226537
2025-11-12,3,-7.714310407924918,-8.27164077758789,0.5573303696629726
2025-11-13,3,-7.175102452523699,-7.8676300048828125,0.6925275523591132
2025-11-14,3,-6.993087708054424,-7.171179294586182,0.1780915865317576
2025-11-15,3,-6.75464809359329,-7.254821300506592,0.5001732069133018
2025-11-16,3,-6.988105858772633,-7.31602668762207,0.32792082884943774
2025-11-17,3,-6.842480066767818,-7.367166996002197,0.5246869292343792
2025-11-18,3,-5.7867108645783665,-6.88966178894043,1.1029509243620632
2025-11-19,3,-7.555518494073084,-7.81567907333374,0.2601605792606563
2025-11-20,3,-7.596708359678786,-6.850148677825928,-0.7465596818528581
2025-11-21,3,-6.969901638005364,-6.8739013671875,-0.09600027081786422
2025-11-22,3,-7.231650335428167,-7.23732328414917,0.0056729487210027685
2025-11-23,3,-7.364305501511629,-7.137403964996338,-0.22690153651529155
2025-11-24,3,-7.879568199495125,-7.3635125160217285,-0.5160556834733967
2025-11-25,3,-7.694293783175389,-7.8472089767456055,0.15291519357021688
2025-11-26,3,-8.832361523993656,-7.898370742797852,-0.9339907811958046
2025-11-27,3,-8.56370363864505,-7.482595443725586,-1.081108194919464
2025-11-28,3,-6.7205038180139995,-7.745358467102051,1.0248546490880512
2025-11-29,3,-7.166694063037643,-7.3684868812561035,0.2017928182184603
2025-11-30,3,-6.799725179739331,-7.952692031860352,1.1529668521210201
2025-12-01,3,-7.278058894103278,-7.159022331237793,-0.11903656286548525
2025-12-02,3,-7.384608832790334,-7.818357944488525,0.43374911169819175
2025-12-03,3,-8.780922005770533,-8.390202522277832,-0.3907194834927008
2025-12-04,3,-7.414740413919735,-7.7337327003479,0.31899228642816535
2025-12-05,3,-7.457035504573326,-8.245735168457031,0.7886996638837056
2025-12-06,3,-7.256857420158548,-7.392576217651367,0.13571879749281912
2025-12-07,3,-7.058992929899828,-7.531229496002197,0.4722365661023691
2025-12-08,3,-7.347794785273569,-7.528542995452881,0.18074821017931164
2025-12-09,3,-7.561466219241837,-7.582696437835693,0.021230218593855987
2025-12-10,3,-9.696511840594232,-7.78789758682251,-1.908614253771722
2025-12-11,3,-8.293293428630856,-7.7201313972473145,-0.573162031383541
2025-12-12,3,-7.227863026447627,-7.54966402053833,0.32180099409070273
2025-12-13,3,-7.710960999236119,-7.573171138763428,-0.13778986047269104
2025-12-14,3,-6.682453263792524,-7.440174579620361,0.7577213158278377
2025-12-15,3,-6.740374624315311,-7.513629913330078,0.7732552890147675
2025-12-16,3,-7.020317942574881,-7.9194254875183105,0.8991075449434298
2025-12-17,3,-9.6115694039447,-8.404149055480957,-1.2074203484637422
2025-12-18,3,-8.628519475678901,-7.552400588989258,-1.0761188866896436
2025-12-19,3,-7.534308322325102,-8.037248611450195,0.5029402891250934
2025-12-20,3,-7.663101554070803,-7.45882511138916,-0.20427644268164258
2025-12-21,3,-8.228128764798534,-7.560665130615234,-0.6674636341832993
2025-12-22,3,-8.643584150115842,-7.52425479888916,-1.119329351226682
2025-12-23,3,-7.837277913270711,-7.485718727111816,-0.3515591861588945
2025-12-24,3,-10.1372374475085,-8.847587585449219,-1.2896498620592816
2024-06-29,5,-6.7568326341271066,-7.697707653045654,0.9408750189185477
2024-06-30,5,-6.028709939198225,-7.516554355621338,1.4878444164231128
2024-07-01,5,-7.82183717488344,-8.483133316040039,0.6612961411565994
2024-07-02,5,-7.599232953126869,-7.831407070159912,0.23217411703304336
2024-07-03,5,-6.2016000220281144,-7.58768892288208,1.3860889008539656
2024-07-04,5,-7.13201098663784,-7.859650611877441,0.7276396252396014
2024-07-05,5,-7.364155934126495,-7.309085845947266,-0.05507008817922898
2024-07-06,5,-6.970855511693713,-7.252050876617432,0.2811953649237182
2024-07-07,5,-7.461112349654011,-7.350648403167725,-0.11046394648628599
2024-07-08,5,-8.001579020126183,-7.529742240905762,-0.4718367792204212
2024-07-09,5,-7.503141944073601,-7.442423343658447,-0.060718600415153645
2024-07-10,5,-7.10151927124952,-7.290384769439697,0.18886549819017695
2024-07-11,5,-6.8751174522895955,-7.358199596405029,0.4830821441154338
2024-07-12,5,-7.273310670983561,-7.290184020996094,0.016873350012533095
2024-07-13,5,-7.590004120123674,-7.430656433105469,-0.15934768701820534
2024-07-14,5,-7.361953880672214,-7.607334136962891,0.2453802562906766
2024-07-15,5,-8.183252874840827,-7.622955322265625,-0.5602975525752019
2024-07-16,5,-7.540508981035038,-7.5851030349731445,0.04459405393810645
2024-07-17,5,-7.831068909072291,-7.188588619232178,-0.6424802898401136
2024-07-18,5,-7.504319171318432,-7.439910888671875,-0.06440828264655707
2024-07-19,5,-7.715830478728725,-7.485873222351074,-0.2299572563776504
2024-07-20,5,-7.1111013620300145,-7.3915557861328125,0.280454424102798
2024-07-21,5,-7.731151246587125,-7.279067516326904,-0.4520837302602203
2024-07-22,5,-6.6745965844828605,-7.845057010650635,1.1704604261677742
2024-07-23,5,-8.297723232050007,-7.632946014404297,-0.6647772176457103
2024-07-24,5,-7.220642471062432,-7.468830108642578,0.24818763758014573
2024-07-25,5,-7.567743991658627,-7.487725734710693,-0.08001825694793396
2024-07-26,5,-7.537578973039193,-7.496295928955078,-0.041283044084114984
2024-07-27,5,-7.134693601377736,-7.277214527130127,0.1425209257523914
2024-07-28,5,-6.728020741506768,-7.359716892242432,0.6316961507356638
2024-07-29,5,-7.102715268773577,-7.593965530395508,0.4912502616219312
2024-07-30,5,-6.901570663299103,-8.204846382141113,1.30327571884201
2024-07-31,5,-4.331832929576587,-7.386598587036133,3.054765657459546
2024-08-01,5,-6.129507554817753,-7.567453861236572,1.4379463064188194
2024-08-02,5,-6.56821202032419,-7.4091796875,0.8409676671758097
2024-08-03,5,-5.881456842610719,-7.1320013999938965,1.2505445573831775
2024-08-04,5,-6.5521594278707,-7.251392841339111,0.6992334134684111
2024-08-05,5,-8.164746233335169,-7.2029337882995605,-0.9618124450356085
2024-08-06,5,-7.347966273268356,-7.1696014404296875,-0.17836483283866844
2024-08-07,5,-6.301581779560638,-7.02812385559082,0.7265420760301824
2024-08-08,5,-7.032064393779834,-6.926047325134277,-0.10601706864555638
2024-08-09,5,-7.145182948564176,-7.0385966300964355,-0.10658631846774025
2024-08-10,5,-6.782869713050387,-7.064544677734375,0.28167496468398756
2024-08-11,5,-6.993243057300741,-7.389838695526123,0.39659563822538235
2024-08-12,5,-8.93414336978374,-7.587149620056152,-1.346993749727588
2024-08-13,5,-8.090430304827276,-7.209113121032715,-0.881317183794561
2024-08-14,5,-7.395852713362074,-7.222349166870117,-0.17350354649195676
2024-08-15,5,-7.252727153074581,-7.20790958404541,-0.044817569029170556
2024-08-16,5,-7.122737507461557,-7.064058780670166,-0.05867872679139108
2024-08-17,5,-7.663977474896019,-7.211117744445801,-0.45285973045021866
2024-08-18,5,-6.8510987312401355,-7.318899154663086,0.4678004234229505
2024-08-19,5,-8.299722443510342,-8.248824119567871,-0.05089832394247118
2024-08-20,5,-8.590906417273768,-7.704774856567383,-0.8861315607063851
2024-08-21,5,-7.848062431939034,-7.384470462799072,-0.46359196913996215
2024-08-22,5,-6.578074293173222,-7.304726600646973,0.726652307473751
2024-08-23,5,-6.625319225980788,-7.313039302825928,0.6877200768451397
2024-08-24,5,-7.220716390846805,-7.234104633331299,0.013388242484493773
2024-08-25,5,-7.355348084977686,-7.2666730880737305,-0.08867499690395597
2024-08-26,5,-9.250891127347398,-8.134977340698242,-1.1159137866491555
2024-08-27,5,-7.427050700993551,-8.049480438232422,0.6224297372388712
2024-08-28,5,-7.578986184704846,-7.231790065765381,-0.3471961189394648
2024-08-29,5,-7.813351757199836,-7.168942451477051,-0.6444093057227853
2024-08-30,5,-6.5034602127886165,-7.205419540405273,0.7019593276166569
2024-08-31,5,-6.940360945467537,-7.114256858825684,0.17389591335814636
2024-09-01,5,-6.522114937682515,-7.212948799133301,0.6908338614507858
2024-09-02,5,-8.259113009436971,-8.527660369873047,0.2685473604360755
2024-09-03,5,-7.6986759889953715,-7.4162116050720215,-0.28246438392335005
2024-09-04,5,-7.142083192560166,-7.188867568969727,0.046784376409560124
2024-09-05,5,-7.454039970224542,-7.241552829742432,-0.2124871404821107
2024-09-06,5,-6.9566648361472945,-7.049338340759277,0.09267350461198287
2024-09-07,5,-7.375311173852939,-7.091134548187256,-0.28417662566568325
2024-09-08,5,-7.641682246432809,-7.145362377166748,-0.49631986926606064
2024-09-09,5,-8.772444578271369,-8.120685577392578,-0.6517590008787906
2024-09-10,5,-8.222190817885775,-7.451165676116943,-0.7710251417688312
2024-09-11,5,-7.505284819602623,-7.072042942047119,-0.4332418775555036
2024-09-12,5,-7.206662096750963,-7.296517372131348,0.08985527538038429
2024-09-13,5,-7.000512980515621,-7.103128910064697,0.10261592954907606
2024-09-14,5,-7.40385524870723,-7.278688907623291,-0.12516634108393898
2024-09-15,5,-7.62533614746632,-7.521791934967041,-0.10354421249927892
2024-09-16,5,-9.118912980170885,-8.345552444458008,-0.773360535712877
2024-09-17,5,-8.210854186197356,-8.133848190307617,-0.07700599588973844
2024-09-18,5,-7.594933488516639,-7.442026138305664,-0.1529073502109748
2024-09-19,5,-7.695982377007085,-7.096512317657471,-0.5994700593496143
2024-09-20,5,-7.912236774178686,-7.052466869354248,-0.8597699048244376
2024-09-21,5,-7.548593418115738,-7.3227763175964355,-0.22581710051930237
2024-09-22,5,-8.156771512470494,-7.488436222076416,-0.6683352903940776
2024-09-23,5,-9.137411157807458,-8.430190086364746,-0.7072210714427118
2024-09-24,5,-9.22010927366513,-8.108434677124023,-1.111674596541107
2024-09-25,5,-7.657672162115085,-7.378724098205566,-0.2789480639095183
2024-09-26,5,-7.16418081548918,-7.375485897064209,0.2113050815750288
2024-09-27,5,-6.873239201215958,-7.265030860900879,0.39179165968492047
2024-09-28,5,-7.372161845921349,-7.386107921600342,0.013946075678992642
2024-09-29,5,-7.762377171311247,-7.533384323120117,-0.22899284819112964
2024-09-30,5,-9.410517858234718,-8.46803092956543,-0.9424869286692878
2024-10-01,5,-8.859802514595454,-8.437042236328125,-0.4227602782673294
2024-10-02,5,-7.354846982929903,-7.272220611572266,-0.0826263713576374
2024-10-03,5,-7.717832727168758,-7.059206485748291,-0.6586262414204667
2024-10-04,5,-7.9430170498383745,-7.141191482543945,-0.8018255672944292
2024-10-05,5,-7.587117550241822,-7.256956100463867,-0.3301614497779548
2024-10-06,5,-7.8173580785041725,-7.381743907928467,-0.43561417057570573
2024-10-07,5,-8.746814229333626,-8.672935485839844,-0.07387874349378265
2024-10-08,5,-8.44461347063351,-8.126511573791504,-0.3181018968420055
2024-10-09,5,-7.511216222523129,-7.3030877113342285,-0.2081285111889004
2024-10-10,5,-6.879154515339575,-7.431130886077881,0.5519763707383056
2024-10-11,5,-7.561391084229369,-7.362515926361084,-0.1988751578682848
2024-10-12,5,-7.954807249048968,-7.458586692810059,-0.49622055623890926
2024-10-13,5,-7.899727601495052,-7.639791488647461,-0.25993611284759144
2024-10-14,5,-9.798785632524316,-8.294820785522461,-1.5039648470018552
2024-10-15,5,-9.000277471682907,-8.102967262268066,-0.8973102094148402
2024-10-16,5,-7.724745468477852,-7.395003795623779,-0.3297416728540723
2024-10-17,5,-7.774179791525233,-7.353518486022949,-0.42066130550228387
2024-10-18,5,-7.863362515397026,-7.52827262878418,-0.3350898866128462
2024-10-19,5,-8.018551193752419,-7.523785591125488,-0.4947656026269307
2024-10-20,5,-6.898530866282754,-7.491634368896484,0.5931035026137303
2024-10-21,5,-8.921658190779526,-8.788240432739258,-0.13341775804026845
2024-10-22,5,-9.079636360099444,-8.252169609069824,-0.8274667510296201
2024-10-23,5,-7.784069601964099,-7.427886962890625,-0.3561826390734737
2024-10-24,5,-7.368623299413477,-7.388091087341309,0.019467787927831992
2024-10-25,5,-7.512997901045132,-7.238509178161621,-0.2744887228835111
2024-10-26,5,-7.671750079550882,-7.613663673400879,-0.05808640615000282
2024-10-27,5,-6.998467037027406,-7.315173149108887,0.3167061120814809
2024-10-28,5,-8.813773417610177,-8.4494047164917,-0.36436870111847774
2024-10-29,5,-7.784664629556363,-8.415667533874512,0.6310029043181489
2024-10-30,5,-7.509206844606907,-7.433925628662109,-0.07528121594479753
2024-10-31,5,-7.320254941313007,-7.3613362312316895,0.041081289918682096
2024-11-01,5,-6.357178323463686,-7.457740306854248,1.1005619833905618
2024-11-02,5,-7.505193457512192,-7.386713027954102,-0.11848042955809035
2024-11-03,5,-7.882091528500882,-7.389804840087891,-0.4922866884129915
2024-11-04,5,-8.951124037321541,-8.250407218933105,-0.700716818388436
2024-11-05,5,-6.982350958300895,-7.613877296447754,0.631526338146859
2024-11-06,5,-6.610143513022823,-7.304960250854492,0.694816737831669
2024-11-07,5,-5.89742196217559,-7.2808098793029785,1.3833879171273882
2024-11-08,5,-5.970825445834223,-7.267059803009033,1.2962343571748098
2024-11-09,5,-6.298780197423048,-7.3446149826049805,1.045834785181932
2024-11-10,5,-6.69026855754187,-7.459773063659668,0.7695045061177979
2024-11-11,5,-7.962925402749825,-8.366734504699707,0.4038091019498822
2024-11-12,5,-7.719913234094788,-7.150929927825928,-0.5689833062688603
2024-11-13,5,-6.813641525214108,-7.180265426635742,0.3666239014216339
2024-11-14,5,-7.123061515534054,-6.941501617431641,-0.1815598981024138
2024-11-15,5,-7.349584827177568,-7.129228591918945,-0.22035623525862302
2024-11-16,5,-6.9277588146226785,-7.129281044006348,0.20152222938366915
2024-11-17,5,-7.639603303246092,-7.314676284790039,-0.3249270184560533
2024-11-18,5,-8.458730870211758,-7.58726167678833,-0.8714691934234278
2024-11-19,5,-7.906636805257383,-7.435573101043701,-0.47106370421368204
2024-11-20,5,-6.845783544407805,-7.294872283935547,0.44908873952774186
2024-11-21,5,-6.704121318827724,-7.245218753814697,0.5410974349869733
2024-11-22,5,-7.421131408187987,-7.157144546508789,-0.26398686167919827
2024-11-23,5,-7.777480941685613,-7.257021427154541,-0.5204595145310718
2024-11-24,5,-7.7915055329164575,-7.522262096405029,-0.26924343651142824
2024-11-25,5,-8.944575839059315,-8.170906066894531,-0.7736697721647836
2024-11-26,5,-8.526681786585359,-7.408337116241455,-1.1183446703439035
2024-11-27,5,-7.2277762188452845,-7.159153461456299,-0.06862275738898571
2024-11-28,5,-7.477860175072574,-7.309497356414795,-0.16836281865777902
2024-11-29,5,-7.352016227925319,-7.335709571838379,-0.016306656086940485
2024-11-30,5,-5.520755763032788,-7.55027961730957,2.029523854276782
2024-12-01,5,-7.056676956855624,-7.367514133453369,0.31083717659774557
2024-12-02,5,-8.28612317218258,-8.446703910827637,0.1605807386450575
2024-12-03,5,-8.152794625419403,-8.275327682495117,0.12253305707571371
2024-12-04,5,-6.452164940538162,-7.234926700592041,0.7827617600538792
2024-12-05,5,-6.668355412158304,-7.3527421951293945,0.6843867829710906
2024-12-06,5,-7.380414836630238,-7.281586170196533,-0.0988286664337048
2024-12-07,5,-7.347004798406336,-7.241431713104248,-0.10557308530208775
2024-12-08,5,-7.800269430130499,-7.285224437713623,-0.5150449924168763
2024-12-09,5,-8.329129180116265,-8.350117683410645,0.020988503294379512
2024-12-10,5,-7.954173621957407,-7.706531524658203,-0.24764209729920417
2024-12-11,5,-7.167863912303163,-7.161738872528076,-0.00612503977508716
2024-12-12,5,-7.46114260237137,-7.141017436981201,-0.3201251653901691
2024-12-13,5,-6.653480385951037,-7.361502647399902,0.7080222614488649
2024-12-14,5,-6.215955295754829,-7.300512313842773,1.0845570180879447
2024-12-15,5,-6.2286006577328035,-7.393773555755615,1.1651728980228118
2024-12-16,5,-7.472773492215739,-8.250225067138672,0.7774515749229325
2024-12-17,5,-7.349660055218582,-7.490894317626953,0.14123426240837134
2024-12-18,5,-6.8404400613287955,-7.20414924621582,0.36370918488702486
2024-12-19,5,-7.374187208078972,-7.022916793823242,-0.3512704142557297
2024-12-20,5,-7.715762789103233,-7.026451587677002,-0.6893112014262313
2024-12-21,5,-7.307697534873444,-7.107561111450195,-0.200136423423249
2024-12-22,5,-7.106588924470662,-7.240451812744141,0.13386288827347848
2024-12-23,5,-8.634132442724063,-7.409319877624512,-1.2248125650995512
2024-12-24,5,-8.326756050975344,-7.356247425079346,-0.9705086258959987
2024-12-25,5,-7.3543943334481,-7.242832660675049,-0.11156167277305151
2024-12-26,5,-7.276893060792656,-7.2558393478393555,-0.021053712953300163
2024-12-27,5,-8.238782332690736,-7.453919887542725,-0.7848624451480113
2024-12-28,5,-7.367896287600902,-7.407632827758789,0.03973654015788686
2024-12-29,5,-8.097617541330267,-7.274810314178467,-0.8228072271518005
2024-12-30,5,-9.19804542909942,-8.34860610961914,-0.849439319480279
2024-12-31,5,-8.787325094170878,-8.184785842895508,-0.6025392512753704
2025-01-01,5,-7.415021751205516,-7.340149879455566,-0.07487187174994947
2025-01-02,5,-7.590481289361926,-7.380466938018799,-0.21001435134312718
2025-01-03,5,-6.90681582272137,-8.206755638122559,1.2999398154011885
2025-01-04,5,-6.968115739055578,-7.54225492477417,0.5741391857185922
2025-01-05,5,-6.709305206835529,-7.5576863288879395,0.8483811220524107
2025-01-06,5,-8.995729032967116,-8.658011436462402,-0.33771759650471367
2025-01-07,5,-8.852150045924287,-8.283507347106934,-0.568642698817353
2025-01-08,5,-6.553319507908563,-7.184239387512207,0.6309198796036437
2025-01-09,5,-7.303486208762694,-7.024781703948975,-0.2787045048137191
2025-01-10,5,-7.312096925574036,-7.310325622558594,-0.0017713030154418163
2025-01-11,5,-7.391486709026281,-7.280998706817627,-0.11048800220865385
2025-01-12,5,-7.511145310148465,-7.158016681671143,-0.3531286284773225
2025-01-13,5,-7.438401020768668,-8.477448463439941,1.039047442671273
2025-01-14,5,-6.148112404271952,-8.22461223602295,2.076499831750997
2025-01-15,5,-5.214773987217453,-7.195540428161621,1.9807664409441683
2025-01-16,5,-6.34915971482197,-7.174330234527588,0.825170519705618
2025-01-17,5,-7.594519813201731,-7.187925338745117,-0.4065944744566137
2025-01-18,5,-5.989812005402478,-7.320058822631836,1.3302468172293578
2025-01-19,5,-7.355564283258395,-7.274805068969727,-0.08075921428866817
2025-01-20,5,-8.788612678268954,-7.322218418121338,-1.4663942601476165
2025-01-21,5,-8.623226788453762,-7.258490562438965,-1.3647362260147968
2025-01-22,5,-6.548166225847454,-7.341740608215332,0.7935743823678783
2025-01-23,5,-7.335119722465245,-7.211246967315674,-0.12387275514957086
2025-01-24,5,-7.350021545427285,-7.432774543762207,0.08275299833492245
2025-01-25,5,-7.86523565131056,-7.263071060180664,-0.6021645911298963
2025-01-26,5,-7.64515655585875,-7.241081714630127,-0.40407484122862325
2025-01-27,5,-8.395509658549456,-8.294915199279785,-0.10059445926967037
2025-01-28,5,-7.035755186208709,-8.181251525878906,1.1454963396701974
2025-01-29,5,-5.95199845728886,-7.197734355926514,1.2457358986376539
2025-01-30,5,-6.579587906443687,-7.260143280029297,0.6805553735856096
2025-01-31,5,-7.222214210843608,-7.218708515167236,-0.0035056956763712677
2025-02-01,5,-7.456911400328808,-7.3663506507873535,-0.09056074954145465
2025-02-02,5,-7.097257483150888,-7.469209671020508,0.3719521878696197
2025-02-03,5,-8.810076811866075,-8.135828971862793,-0.6742478400032823
2025-02-04,5,-8.10773415201615,-7.383397102355957,-0.7243370496601926
2025-02-05,5,-7.786812840962016,-7.208657741546631,-0.578155099415385
2025-02-06,5,-8.095685364957285,-7.314002990722656,-0.781682374234629
2025-02-07,5,-6.962691557561749,-7.335555076599121,0.3728635190373719
2025-02-08,5,-7.850939573833918,-7.239757061004639,-0.6111825128292789
2025-02-09,5,-7.6048640411791055,-7.268706321716309,-0.33615771946279693
2025-02-10,5,-9.31204237724052,-8.3235502243042,-0.9884921529363204
2025-02-11,5,-9.354075786569943,-7.730216979980469,-1.6238588065894746
2025-02-12,5,-8.328308753403542,-7.362234592437744,-0.9660741609657979
2025-02-13,5,-7.735386570485104,-7.522444725036621,-0.2129418454484826
2025-02-14,5,-8.074161026658576,-7.180208206176758,-0.8939528204818181
2025-02-15,5,-8.388064413225592,-7.442994594573975,-0.9450698186516178
2025-02-16,5,-7.422492670788367,-7.415788173675537,-0.0067044971128300546
2025-02-17,5,-9.351071668633756,-8.708918571472168,-0.6421530971615876
2025-02-18,5,-9.327182940847992,-8.708918571472168,-0.6182643693758241
2025-02-19,5,-7.366790273234517,-8.05618667602539,0.6893964027908739
2025-02-20,5,-6.241011939761488,-7.47914981842041,1.2381378786589226
2025-02-21,5,-6.08442226100039,-7.421381950378418,1.3369596893780278
2025-02-22,5,-6.878853344044446,-7.891464710235596,1.01261136619115
2025-02-23,5,-5.588570041559089,-7.345587253570557,1.7570172120114673
2025-02-24,5,-7.482186017843935,-8.810441970825195,1.3282559529812605
2025-02-25,5,-6.026685262486463,-8.691903114318848,2.6652178518323844
2025-02-26,5,-6.005721130764149,-7.399641513824463,1.3939203830603137
2025-02-27,5,-5.832575425345344,-7.240927696228027,1.4083522708826832
2025-02-28,5,-6.528431978871631,-7.223058223724365,0.694626244852734
2025-03-01,5,-6.412729998936713,-7.17147970199585,0.758749703059137
2025-03-02,5,-5.651155219226064,-7.196533679962158,1.545378460736094
2025-03-03,5,-7.82002049036847,-7.365802764892578,-0.4542177254758917
2025-03-04,5,-7.116223896566312,-7.313237190246582,0.19701329368027043
2025-03-05,5,-5.949376876735946,-7.09792947769165,1.1485526009557043
2025-03-06,5,-6.2051256349718855,-7.173867702484131,0.9687420675122453
2025-03-07,5,-6.9226794457074154,-7.174579620361328,0.2519001746539127
2025-03-08,5,-7.250092425539886,-7.101073265075684,-0.14901916046420283
2025-03-09,5,-7.447118934719969,-7.220602035522461,-0.22651689919750773
2025-03-10,5,-8.898459551988159,-7.507192611694336,-1.3912669402938231
2025-03-11,5,-7.329432996679352,-7.290856838226318,-0.03857615845303375
2025-03-12,5,-7.67080326390782,-7.001810073852539,-0.6689931900552812
2025-03-13,5,-7.616041619926752,-7.032124996185303,-0.583916623741449
2025-03-14,5,-7.472221310413124,-7.159017562866211,-0.31320374754691294
2025-03-15,5,-7.439639310421675,-7.299065589904785,-0.14057372051688954
2025-03-16,5,-7.976296204139535,-7.313387870788574,-0.6629083333509609
2025-03-17,5,-9.81200323221424,-8.250275611877441,-1.5617276203367982
2025-03-18,5,-8.77472856117907,-7.506103515625,-1.2686250455540709
2025-03-19,5,-7.738805643991428,-7.3458781242370605,-0.3929275197543678
2025-03-20,5,-7.907900185694711,-7.411257266998291,-0.49664291869641985
2025-03-21,5,-7.926440425992742,-7.375010013580322,-0.5514304124124196
2025-03-22,5,-8.15773669999174,-7.489382743835449,-0.6683539561562899
2025-03-23,5,-7.842789124023152,-7.512935161590576,-0.32985396243257625
2025-03-24,5,-8.003994184702773,-8.894268035888672,0.8902738511858992
2025-03-25,5,-8.165887428032145,-8.289417266845703,0.12352983881355861
2025-03-26,5,-7.254418259891095,-7.4519853591918945,0.19756709930079985
2025-03-27,5,-7.756757128271761,-7.252664089202881,-0.5040930390688798
2025-03-28,5,-6.587482790091052,-7.32795524597168,0.7404724558806279
2025-03-29,5,-7.252194880144823,-7.510056495666504,0.25786161552168085
2025-03-30,5,-6.63516370951007,-7.453627109527588,0.8184634000175182
2025-03-31,5,-8.681969956851141,-7.763726711273193,-0.9182432455779477
2025-04-01,5,-7.188412492677708,-7.7943291664123535,0.6059166737346455
2025-04-02,5,-5.629049006791348,-7.282930374145508,1.6538813673541597
2025-04-03,5,-6.933967406336497,-7.164930820465088,0.230963414128591
2025-04-04,5,-5.92065466170989,-7.190789699554443,1.270135037844553
2025-04-05,5,-7.031037787314499,-7.2469096183776855,0.2158718310631862
2025-04-06,5,-7.032090018849573,-7.197315216064453,0.16522519721488038
2025-04-07,5,-7.79990038655869,-8.250783920288086,0.45088353372939594
2025-04-08,5,-7.287263687197286,-7.131473541259766,-0.15579014593752039
2025-04-09,5,-7.167014962280521,-6.66957426071167,-0.4974407015688511
2025-04-10,5,-7.777788884630375,-7.114169597625732,-0.6636192870046429
2025-04-11,5,-7.413189676387737,-6.698923110961914,-0.7142665654258229
2025-04-12,5,-8.268721841318316,-7.23076057434082,-1.0379612669774954
2025-04-13,5,-9.681279444888752,-7.190378189086914,-2.4909012558018375
2025-04-14,5,-9.171548905690758,-7.626666069030762,-1.5448828366599958
2025-04-15,5,-9.01552740253416,-7.426374912261963,-1.5891524902721965
2025-04-16,5,-7.457356285992482,-7.181687355041504,-0.2756689309509781
2025-04-17,5,-6.979201722253075,-7.420567035675049,0.44136531342197394
2025-04-18,5,-7.403345870725576,-7.175118923187256,-0.22822694753832007
2025-04-19,5,-8.021045389721651,-8.041123390197754,0.02007800047610253
2025-04-20,5,-7.797960553044787,-8.650493621826172,0.8525330687813852
2025-04-21,5,-8.912576429259436,-8.540825843811035,-0.37175058544840134
2025-04-22,5,-8.579169330655771,-7.949335098266602,-0.6298342323891699
2025-04-23,5,-7.92097208375074,-7.449570178985596,-0.4714019047651439
2025-04-24,5,-8.087519781534887,-7.365769863128662,-0.7217499184062248
2025-04-25,5,-8.023455793775357,-7.366360187530518,-0.6570956062448392
2025-04-26,5,-8.09456339337235,-7.5631489753723145,-0.5314144180000362
2025-04-27,5,-8.294066343106515,-7.490877151489258,-0.8031891916172569
2025-04-28,5,-9.46541060137628,-8.48359489440918,-0.981815706967101
2025-04-29,5,-8.596552100361416,-8.389673233032227,-0.20687886732918948
2025-04-30,5,-8.166003817373237,-7.49845027923584,-0.6675535381373976
2025-05-01,5,-8.013724640481898,-7.530613899230957,-0.48311074125094144
2025-05-02,5,-7.894201229610753,-7.691040992736816,-0.20316023687393692
2025-05-03,5,-7.474703553304063,-7.635194301605225,0.16049074830116172
2025-05-04,5,-7.7544076279684,-7.9492034912109375,0.19479586324253706
2025-05-05,5,-8.51169203750711,-8.627080917358398,0.1153888798512881
2025-05-06,5,-7.894756830708296,-8.44599437713623,0.5512375464279344
2025-05-07,5,-7.171315375183232,-7.761454105377197,0.5901387301939653
2025-05-08,5,-7.898122089143746,-7.4850754737854,-0.4130466153583452
2025-05-09,5,-8.318310440418038,-7.376932621002197,-0.9413778194158411
2025-05-10,5,-7.7147571999584414,-7.412199020385742,-0.30255817957269926
2025-05-11,5,-8.244800643227538,-7.640444278717041,-0.6043563645104975
2025-05-12,5,-8.88548365814237,-8.295454978942871,-0.5900286791994986
2025-05-13,5,-7.9130966647344225,-7.565086841583252,-0.34800982315117057
2025-05-14,5,-7.475391981698435,-7.365171909332275,-0.11022007236615927
2025-05-15,5,-7.413492676031776,-7.378407955169678,-0.03508472086209835
2025-05-16,5,-6.9048202411259405,-7.882349491119385,0.9775292499934443
2025-05-17,5,-7.5998782354004675,-7.453311920166016,-0.14656631523445185
2025-05-18,5,-7.443883442529285,-8.07847785949707,0.6345944169677855
2025-05-19,5,-8.225636513265073,-8.464483261108398,0.2388467478433256
2025-05-20,5,-8.196992018610825,-7.690489768981934,-0.5065022496288911
2025-05-21,5,-8.288440304342084,-7.452734470367432,-0.8357058339746519
2025-05-22,5,-7.940076582517803,-7.3471293449401855,-0.5929472375776177
2025-05-23,5,-8.336031186903472,-7.28040075302124,-1.0556304338822322
2025-05-24,5,-7.769467517478563,-7.504792213439941,-0.2646753040386214
2025-05-25,5,-7.728674501465333,-7.420588970184326,-0.3080855312810069
2025-05-26,5,-8.421598154519437,-8.173415184020996,-0.24818297049844062
2025-05-27,5,-8.743472246073782,-7.787295341491699,-0.9561769045820832
2025-05-28,5,-8.184430028615092,-8.110990524291992,-0.07343950432309931
2025-05-29,5,-8.331213911925008,-7.526727199554443,-0.804486712370565
2025-05-30,5,-8.71279939743139,-7.861264705657959,-0.8515346917734306
2025-05-31,5,-7.51988335958094,-7.503143787384033,-0.016739572196907027
2025-06-01,5,-8.345664194572562,-7.563388824462891,-0.7822753701096712
2025-06-02,5,-9.05218826005398,-8.397468566894531,-0.6547196931594481
2025-06-03,5,-9.384555576107418,-8.289870262145996,-1.0946853139614223
2025-06-04,5,-7.968985833169205,-7.676321983337402,-0.2926638498318024
2025-06-05,5,-8.125005944838898,-7.885519027709961,-0.23948691712893755
2025-06-06,5,-8.19082610478049,-7.821566581726074,-0.36925952305441534
2025-06-07,5,-7.927023759209108,-7.429165363311768,-0.4978583958973406
2025-06-08,5,-7.443188684929166,-7.989743232727051,0.5465545477978848
2025-06-09,5,-9.05726972859608,-8.481772422790527,-0.5754973058055519
2025-06-10,5,-8.953471985164441,-8.382277488708496,-0.571194496455945
2025-06-11,5,-8.110641264350848,-7.455402374267578,-0.65523889008327
2025-06-12,5,-7.806286485181062,-7.528093338012695,-0.2781931471683663
2025-06-13,5,-7.866192379807445,-7.568817138671875,-0.2973752411355699
2025-06-14,5,-8.633468871743753,-7.550081253051758,-1.0833876186919955
2025-06-15,5,-7.900331132706684,-7.5438385009765625,-0.3564926317301218
2025-06-16,5,-7.967196587131996,-8.568297386169434,0.6011007990374377
2025-06-17,5,-7.027680658640498,-8.568297386169434,1.5406167275289357
2025-06-18,5,-7.236497370232764,-7.582231044769287,0.3457336745365227
2025-06-19,5,-8.149886293035856,-7.47713565826416,-0.6727506347716954
2025-06-20,5,-8.176305065875129,-7.5899434089660645,-0.5863616569090642
2025-06-21,5,-8.376095118293176,-7.974072456359863,-0.40202266193331226
2025-06-22,5,-8.542770722531861,-7.646790027618408,-0.8959806949134528
2025-06-23,5,-10.649971722513076,-7.913605690002441,-2.7363660325106345
2025-06-24,5,-9.316586495538738,-7.739820957183838,-1.5767655383549002
2025-06-25,5,-8.62277199796468,-7.474616050720215,-1.1481559472444651
2025-06-26,5,-8.642591743070529,-7.6507954597473145,-0.9917962833232146
2025-06-27,5,-8.308439939764494,-7.606764793395996,-0.7016751463684976
2025-06-28,5,-8.29396771419438,-8.021181106567383,-0.2727866076269976
2025-06-29,5,-8.898524051817713,-8.115885734558105,-0.7826383172596074
2025-06-30,5,-9.987284347496226,-8.872838973999023,-1.1144453734972029
2025-07-01,5,-9.36677210235694,-8.509675025939941,-0.8570970764169985
2025-07-02,5,-8.713378263033814,-8.160536766052246,-0.5528414969815678
2025-07-03,5,-8.902586131499698,-8.022912979125977,-0.8796731523737211
2025-07-04,5,-8.29417874240117,-7.715127944946289,-0.5790507974548813
2025-07-05,5,-7.209350045659884,-7.891003131866455,0.6816530862065715
2025-07-06,5,-7.867944834377488,-8.495001792907715,0.6270569585302272
2025-07-07,5,-9.356431837546369,-8.983530044555664,-0.3729017929907048
2025-07-08,5,-8.773942349578554,-8.536919593811035,-0.2370227557675193
2025-07-09,5,-7.481016702523509,-8.177688598632812,0.6966718961093035
2025-07-10,5,-7.254884046098786,-8.029623985290527,0.7747399391917416
2025-07-11,5,-7.906106583346014,-8.009367942810059,0.10326135946404502
2025-07-12,5,-7.750043741635851,-7.747874736785889,-0.002169004849962519
2025-07-13,5,-7.925867888823022,-7.73283576965332,-0.1930321191697013
2025-07-14,5,-9.191851708958271,-8.607217788696289,-0.5846339202619824
2025-07-15,5,-8.749889889500176,-8.380668640136719,-0.36922124936345746
2025-07-16,5,-8.062198643566044,-7.776331424713135,-0.2858672188529088
2025-07-17,5,-7.740429316317312,-7.855385780334473,0.11495646401716098
2025-07-18,5,-8.047332828013449,-7.759954929351807,-0.2873778986616422
2025-07-19,5,-8.253076728769177,-7.758403778076172,-0.49467295069300476
2025-07-20,5,-7.605517370811197,-7.855385780334473,0.24986840952327594
2025-07-21,5,-9.606954095499765,-8.724348068237305,-0.8826060272624598
2025-07-22,5,-8.981033746649764,-8.446839332580566,-0.5341944140691979
2025-07-23,5,-8.30508496766559,-7.850183486938477,-0.4549014807271128
2025-07-24,5,-8.268215689597376,-7.762979030609131,-0.5052366589882453
2025-07-25,5,-8.393240576178409,-7.964937686920166,-0.42830288925824256
2025-07-26,5,-8.520230588607557,-7.778870105743408,-0.7413604828641489
2025-07-27,5,-7.533737412187012,-7.800785064697266,0.26704765251025364
2025-07-28,5,-8.568970525996992,-8.879959106445312,0.31098858044832056
2025-07-29,5,-9.01457508878402,-8.523303031921387,-0.4912720568626341
2025-07-30,5,-8.64759502280641,-7.787487506866455,-0.8601075159399549
2025-07-31,5,-8.327990264931364,-7.869807243347168,-0.45818302158419577
2025-08-01,5,-8.51421068372607,-7.918711185455322,-0.5954994982707476
2025-08-02,5,-8.532403748070708,-8.03797435760498,-0.49442939046572754
2025-08-03,5,-8.651182815348951,-7.908750057220459,-0.7424327581284924
2025-08-04,5,-9.32597851139552,-8.508709907531738,-0.8172686038637824
2025-08-05,5,-8.441043602227696,-8.637772560119629,0.19672895789193312
2025-08-06,5,-7.811382584426513,-8.112210273742676,0.3008276893161632
2025-08-07,5,-8.297044334912817,-8.026732444763184,-0.2703118901496335
2025-08-08,5,-7.759195959681331,-8.113712310791016,0.3545163511096847
2025-08-09,5,-6.9615054586384755,-7.926126956939697,0.9646214983012218
2025-08-10,5,-8.400633017404333,-8.134539604187012,-0.2660934132173214
2025-08-11,5,-9.797853695149604,-8.711373329162598,-1.086480365987006
2025-08-12,5,-9.5559821565806,-8.267891883850098,-1.2880902727305017
2025-08-13,5,-8.156814886452334,-7.897251605987549,-0.2595632804647856
2025-08-14,5,-8.142712241205171,-7.918999195098877,-0.22371304610629394
2025-08-15,5,-8.113278831395304,-7.9166717529296875,-0.19660707846561642
2025-08-16,5,-8.175195141952578,-7.776504039764404,-0.39869110218817383
2025-08-17,5,-7.391375071440983,-8.005205154418945,0.6138300829779624
2025-08-18,5,-9.155666824013634,-8.73901653289795,-0.4166502911156851
2025-08-19,5,-7.722034948084426,-8.798437118530273,1.0764021704458475
2025-08-20,5,-7.330218334497994,-7.849405288696289,0.519186954198295
2025-08-21,5,-7.622910020795579,-8.027899742126465,0.4049897213308862
2025-08-22,5,-8.082710716050025,-7.891385078430176,-0.19132563761984933
2025-08-23,5,-8.403842583904545,-7.854640483856201,-0.549202100048344
2025-08-24,5,-8.0046493464786,-7.886579990386963,-0.11806935609163638
2025-08-25,5,-9.133680845548108,-8.271862030029297,-0.8618188155188111
2025-08-26,5,-9.177958657568531,-8.121983528137207,-1.0559751294313244
2025-08-27,5,-7.953683190386181,-7.897723197937012,-0.055959992449169604
2025-08-28,5,-7.872158994764496,-7.898859024047852,0.026700029283355242
2025-08-29,5,-8.182388144667684,-7.927088737487793,-0.25529940717989064
2025-08-30,5,-8.292311256544016,-8.101720809936523,-0.19059044660749258
2025-08-31,5,-8.049751286620033,-7.8472113609313965,-0.20253992568863666
2025-09-01,5,-9.772848916168195,-8.60216999053955,-1.1706789256286445
2025-09-02,5,-9.53452627568605,-8.641334533691406,-0.8931917419946434
2025-09-03,5,-8.677120971758,-7.877678871154785,-0.7994421006032155
2025-09-04,5,-8.403115304394708,-7.831137180328369,-0.5719781240663391
2025-09-05,5,-8.21218014894868,-7.971437454223633,-0.2407426947250464
2025-09-06,5,-8.499654294702792,-8.154620170593262,-0.3450341241095298
2025-09-07,5,-8.617547509904476,-7.818087577819824,-0.7994599320846518
2025-09-08,5,-9.831130650802836,-8.889111518859863,-0.9420191319429723
2025-09-09,5,-9.54978554808957,-8.688749313354492,-0.861036234735078
2025-09-10,5,-8.439814402280856,-8.133804321289062,-0.3060100809917934
2025-09-11,5,-8.792523838198322,-8.005977630615234,-0.786546207583088
2025-09-12,5,-8.101310617641094,-8.202590942382812,0.10128032474171889
2025-09-13,5,-8.766447689945338,-8.104325294494629,-0.6621223954507087
2025-09-14,5,-9.267364905921823,-8.07380485534668,-1.1935600505751438
2025-09-15,5,-10.6050280488101,-8.895044326782227,-1.7099837220278733
2025-09-16,5,-10.133520913612236,-8.853638648986816,-1.279882264625419
2025-09-17,5,-7.891930026244774,-8.283018112182617,0.3910880859378434
2025-09-18,5,-8.692216418426757,-8.259210586547852,-0.43300583187890496
2025-09-19,5,-8.715111261187413,-7.8750386238098145,-0.8400726373775989
2025-09-20,5,-7.797766269227527,-8.1583833694458,0.3606171002182741
2025-09-21,5,-8.199318457410062,-8.333724975585938,0.1344065181758758
2025-09-22,5,-10.290127372923022,-8.962359428405762,-1.3277679445172605
2025-09-23,5,-9.254128583110203,-8.86156940460205,-0.3925591785081526
2025-09-24,5,-8.541521038784206,-7.970664978027344,-0.5708560607568618
2025-09-25,5,-8.603434629923894,-8.269675254821777,-0.33375937510211706
2025-09-26,5,-8.240112062129832,-8.098875999450684,-0.14123606267914823
2025-09-27,5,-8.296715658902626,-8.035299301147461,-0.2614163577551647
2025-09-28,5,-7.823921809963694,-8.12829875946045,0.3043769494967554
2025-09-29,5,-9.45214532988536,-8.966713905334473,-0.48543142455088706
2025-09-30,5,-7.695218782358524,-8.846161842346191,1.150943059987667
2025-10-01,5,-8.01510033381816,-8.252429008483887,0.2373286746657275
2025-10-02,5,-7.842639336975692,-8.146125793457031,0.3034864564813393
2025-10-03,5,-8.002081163490216,-8.245620727539062,0.2435395640488469
2025-10-04,5,-8.012382804006961,-8.064943313598633,0.05256050959167169
2025-10-05,5,-4.587612791666304,-7.973936080932617,3.386323289266313
2025-10-06,5,-7.115722376608375,-8.83237361907959,1.7166512424712153
2025-10-07,5,-7.1264281234111495,-7.997791767120361,0.8713636437092118
2025-10-08,5,-7.601098600323596,-7.917756080627441,0.3166574803038458
2025-10-09,5,-7.344241412122854,-7.973936080932617,0.6296946688097629
2025-10-10,5,-7.591723650096573,-8.09925365447998,0.5075300043834075
2025-10-11,5,-6.905012356907999,-7.65596342086792,0.7509510639599206
2025-10-12,5,-7.053262415309131,-7.540267467498779,0.48700505218964807
2025-10-13,5,-8.645181515778779,-7.860293865203857,-0.7848876505749214
2025-10-14,5,-7.946925952270387,-7.860293865203857,-0.0866320870665298
2025-10-15,5,-7.702435877483535,-7.823847770690918,0.12141189320738288
2025-10-16,5,-6.814365684609184,-7.599474906921387,0.7851092223122027
2025-10-17,5,-7.329678651800407,-7.640094757080078,0.31041610527967123
2025-10-18,5,-7.503043703626393,-7.731194496154785,0.22815079252839254
2025-10-19,5,-8.016664491858316,-7.753046035766602,-0.26361845609171475
2025-10-20,5,-9.436012357444428,-8.445540428161621,-0.9904719292828066
2025-10-21,5,-8.127811371886041,-8.05201530456543,-0.07579606732061173
2025-10-22,5,-8.31020361926275,-7.856886863708496,-0.45331675555425477
2025-10-23,5,-7.874738990868753,-7.62932014465332,-0.24541884621543275
2025-10-24,5,-7.054000148404952,-7.799220561981201,0.7452204135762495
2025-10-25,5,-7.043093926149241,-7.861103534698486,0.8180096085492456
2025-10-26,5,-7.299625987456839,-7.9186015129089355,0.6189755254520968
2025-10-27,5,-9.102269176611976,-8.707127571105957,-0.3951416055060193
2025-10-28,5,-8.604699637140742,-8.172295570373535,-0.4324040667672069
2025-10-29,5,-7.27163389114966,-8.022850036621094,0.7512161454714334
2025-10-30,5,-6.542526955726167,-7.873778343200684,1.3312513874745164
2025-10-31,5,-7.130332009579842,-7.615281105041504,0.484949095461662
2025-11-01,5,-7.168157359718235,-7.5098795890808105,0.3417222293625759
2025-11-02,5,-7.037002738488869,-7.631889820098877,0.5948870816100076
2025-11-03,5,-8.218470766094887,-8.42609691619873,0.20762615010384344
2025-11-04,5,-7.88633221123335,-8.32857894897461,0.4422467377412591
2025-11-05,5,-7.707023434157362,-7.482309818267822,-0.22471361588953975
2025-11-06,5,-7.4421296812380255,-7.51291561126709,0.0707859300290643
2025-11-07,5,-7.572570868483227,-7.5410685539245605,-0.03150231455866681
2025-11-08,5,-7.0002820840938105,-7.5301513671875,0.5298692830936895
2025-11-09,5,-6.384560789541653,-7.546090602874756,1.161529813333103
2025-11-10,5,-7.714310407924918,-8.311506271362305,0.5971958634373866
2025-11-11,5,-7.175102452523699,-7.7596025466918945,0.5845000941681953
2025-11-12,5,-6.993087708054424,-7.601734161376953,0.6086464533225291
2025-11-13,5,-6.75464809359329,-7.57483434677124,0.8201862531779502
2025-11-14,5,-6.988105858772633,-7.505707263946533,0.5176014051739006
2025-11-15,5,-6.842480066767818,-7.3661370277404785,0.5236569609726605
2025-11-16,5,-5.7867108645783665,-7.3921074867248535,1.605396622146487
2025-11-17,5,-7.555518494073084,-7.539905548095703,-0.015612945977380832
2025-11-18,5,-7.596708359678786,-7.419493675231934,-0.1772146844468523
2025-11-19,5,-6.969901638005364,-7.185100078582764,0.21519844057739945
2025-11-20,5,-7.231650335428167,-7.124885082244873,-0.1067652531832941
2025-11-21,5,-7.364305501511629,-7.2742018699646,-0.09010363154702983
2025-11-22,5,-7.879568199495125,-7.2460618019104,-0.6335063975847248
2025-11-23,5,-7.694293783175389,-7.433659553527832,-0.26063422964755656
2025-11-24,5,-8.832361523993656,-7.666301250457764,-1.1660602735358925
2025-11-25,5,-8.56370363864505,-7.739776134490967,-0.8239275041540832
2025-11-26,5,-6.7205038180139995,-7.536184787750244,0.8156809697362446
2025-11-27,5,-7.166694063037643,-7.557522296905518,0.39082823386787435
2025-11-28,5,-6.799725179739331,-7.55340576171875,0.7536805819794186
2025-11-29,5,-7.278058894103278,-7.612844467163086,0.3347855730598077
2025-11-30,5,-7.384608832790334,-7.792441368103027,0.4078325353126937
2025-12-01,5,-8.780922005770533,-8.468287467956543,-0.31263453781398987
2025-12-02,5,-7.414740413919735,-8.423456192016602,1.0087157780968665
2025-12-03,5,-7.457035504573326,-7.326841831207275,-0.13019367336605026
2025-12-04,5,-7.256857420158548,-7.546163558959961,0.28930613880141287
2025-12-05,5,-7.058992929899828,-7.481906414031982,0.42291348413215424
2025-12-06,5,-7.347794785273569,-7.457345008850098,0.10955022357652844
2025-12-07,5,-7.561466219241837,-7.394553184509277,-0.16691303473256003
2025-12-08,5,-9.696511840594232,-8.344603538513184,-1.351908302081048
2025-12-09,5,-8.293293428630856,-7.596699237823486,-0.6965941908073692
2025-12-10,5,-7.227863026447627,-7.312800884246826,0.08493785779919882
2025-12-11,5,-7.710960999236119,-7.299859046936035,-0.4111019523000836
2025-12-12,5,-6.682453263792524,-7.747694492340088,1.0652412285475643
2025-12-13,5,-6.740374624315311,-7.558584213256836,0.8182095889415253
2025-12-14,5,-7.020317942574881,-7.621716499328613,0.6013985567537325
2025-12-15,5,-9.6115694039447,-8.823221206665039,-0.7883481972796602
2025-12-16,5,-8.628519475678901,-8.269908905029297,-0.35861057064960455
2025-12-17,5,-7.534308322325102,-7.359549045562744,-0.1747592767623578
2025-12-18,5,-7.663101554070803,-7.5230889320373535,-0.14001262203344922
2025-12-19,5,-8.228128764798534,-7.462161540985107,-0.7659672238134263
2025-12-20,5,-8.643584150115842,-7.476665496826172,-1.1669186532896703
2025-12-21,5,-7.837277913270711,-7.562809944152832,-0.27446796911787885
2025-12-22,5,-10.1372374475085,-9.119935035705566,-1.017302411802934
2025-12-23,5,-9.816705351087146,-8.39906120300293,-1.4176441480842161
2025-12-24,5,-7.7426847782524995,-7.635395526885986,-0.10728925136651313
2024-06-29,7,-7.82183717488344,-8.245055198669434,0.42321802378599394
2024-06-30,7,-7.599232953126869,-7.604416370391846,0.005183417264976953
2024-07-01,7,-6.2016000220281144,-7.425057411193848,1.2234573891657332
2024-07-02,7,-7.13201098663784,-7.909924507141113,0.7779135205032732
2024-07-03,7,-7.364155934126495,-7.463313102722168,0.09915716859567336
2024-07-04,7,-6.970855511693713,-7.420628070831299,0.4497725591375854
2024-07-05,7,-7.461112349654011,-7.42431640625,-0.0367959434040106
2024-07-06,7,-8.001579020126183,-7.754083633422852,-0.24749538670333138
2024-07-07,7,-7.503141944073601,-7.606878757476807,0.10373681340320573
2024-07-08,7,-7.10151927124952,-7.374551773071289,0.27303250182176875
2024-07-09,7,-6.8751174522895955,-7.24875020980835,0.37363275751875413
2024-07-10,7,-7.273310670983561,-7.382305145263672,0.10899447428011122
2024-07-11,7,-7.590004120123674,-7.11931848526001,-0.4706856348636643
2024-07-12,7,-7.361953880672214,-7.424853801727295,0.06289992105508091
2024-07-13,7,-8.183252874840827,-7.574718475341797,-0.60853439949903
2024-07-14,7,-7.540508981035038,-7.552699089050293,0.012190108015254886
2024-07-15,7,-7.831068909072291,-7.406904220581055,-0.4241646884912367
2024-07-16,7,-7.504319171318432,-7.206462383270264,-0.2978567880481684
2024-07-17,7,-7.715830478728725,-7.347718238830566,-0.3681122398981582
2024-07-18,7,-7.1111013620300145,-7.378236770629883,0.2671354085998683
2024-07-19,7,-7.731151246587125,-7.344599723815918,-0.38655152277120663
2024-07-20,7,-6.6745965844828605,-7.780129909515381,1.1055333250325203
2024-07-21,7,-8.297723232050007,-7.547743320465088,-0.7499799115849193
2024-07-22,7,-7.220642471062432,-7.3939313888549805,0.17328891779254807
2024-07-23,7,-7.567743991658627,-7.405658721923828,-0.1620852697347992
2024-07-24,7,-7.537578973039193,-7.338486194610596,-0.1990927784285974
2024-07-25,7,-7.134693601377736,-7.219986915588379,0.08529331421064335
2024-07-26,7,-6.728020741506768,-7.525121212005615,0.7971004704988474
2024-07-27,7,-7.102715268773577,-7.221255302429199,0.1185400336556226
2024-07-28,7,-6.901570663299103,-8.217535018920898,1.3159643556217953
2024-07-29,7,-4.331832929576587,-7.437380790710449,3.1055478611338625
2024-07-30,7,-6.129507554817753,-7.485112190246582,1.3556046354288291
2024-07-31,7,-6.56821202032419,-7.384579181671143,0.8163671613469523
2024-08-01,7,-5.881456842610719,-7.283233642578125,1.401776799967406
2024-08-02,7,-6.5521594278707,-7.282171249389648,0.7300118215189482
2024-08-03,7,-8.164746233335169,-7.386739730834961,-0.7780065025002081
2024-08-04,7,-7.347966273268356,-7.29654598236084,-0.0514202909075161
2024-08-05,7,-6.301581779560638,-7.101615905761719,0.8000341262010808
2024-08-06,7,-7.032064393779834,-7.10537052154541,0.07330612776557643
2024-08-07,7,-7.145182948564176,-7.158576965332031,0.013394016767855454
2024-08-08,7,-6.782869713050387,-7.241347789764404,0.45847807671401686
2024-08-09,7,-6.993243057300741,-7.301301002502441,0.3080579452017007
2024-08-10,7,-8.93414336978374,-7.666278839111328,-1.2678645306724121
2024-08-11,7,-8.090430304827276,-7.395822525024414,-0.6946077798028618
2024-08-12,7,-7.395852713362074,-7.1048479080200195,-0.2910048053420544
2024-08-13,7,-7.252727153074581,-7.013780117034912,-0.2389470360396686
2024-08-14,7,-7.122737507461557,-7.112109184265137,-0.010628323196420375
2024-08-15,7,-7.663977474896019,-7.147664546966553,-0.5163129279294667
2024-08-16,7,-6.8510987312401355,-7.11454439163208,0.2634456603919446
2024-08-17,7,-8.299722443510342,-8.167204856872559,-0.13251758663778368
2024-08-18,7,-8.590906417273768,-7.5976715087890625,-0.9932349084847054
2024-08-19,7,-7.848062431939034,-7.427590370178223,-0.42047206176081175
2024-08-20,7,-6.578074293173222,-7.291960716247559,0.7138864230743369
2024-08-21,7,-6.625319225980788,-7.211221694946289,0.585902468965501
2024-08-22,7,-7.220716390846805,-7.188313961029053,-0.03240242981775232
2024-08-23,7,-7.355348084977686,-7.216904163360596,-0.13844392161709074
2024-08-24,7,-9.250891127347398,-8.109689712524414,-1.1412014148229837
2024-08-25,7,-7.427050700993551,-8.166609764099121,0.7395590631055704
2024-08-26,7,-7.578986184704846,-7.373945236206055,-0.20504094849879095
2024-08-27,7,-7.813351757199836,-7.128067970275879,-0.6852837869239572
2024-08-28,7,-6.5034602127886165,-7.049554347991943,0.5460941352033268
2024-08-29,7,-6.940360945467537,-7.112281799316406,0.17192085384886902
2024-08-30,7,-6.522114937682515,-7.039230823516846,0.5171158858343308
2024-08-31,7,-8.259113009436971,-8.624812126159668,0.3656991167226966
2024-09-01,7,-7.6986759889953715,-7.329360485076904,-0.36931550391846724
2024-09-02,7,-7.142083192560166,-7.273040771484375,0.13095757892420856
2024-09-03,7,-7.454039970224542,-7.108426570892334,-0.34561339933220836
2024-09-04,7,-6.9566648361472945,-7.16060733795166,0.20394250180436568
2024-09-05,7,-7.375311173852939,-7.089468002319336,-0.28584317153360317
2024-09-06,7,-7.641682246432809,-7.033050537109375,-0.6086317093234337
2024-09-07,7,-8.772444578271369,-8.24675464630127,-0.5256899319700992
2024-09-08,7,-8.222190817885775,-7.513369083404541,-0.7088217344812335
2024-09-09,7,-7.505284819602623,-7.106020450592041,-0.3992643690105817
2024-09-10,7,-7.206662096750963,-7.146912574768066,-0.05974952198289696
2024-09-11,7,-7.000512980515621,-7.149661064147949,0.149148083632328
2024-09-12,7,-7.40385524870723,-7.2372636795043945,-0.16659156920283547
2024-09-13,7,-7.62533614746632,-7.310868263244629,-0.31446788422169103
2024-09-14,7,-9.118912980170885,-8.124889373779297,-0.9940236063915879
2024-09-15,7,-8.210854186197356,-7.997113227844238,-0.21374095835311735
2024-09-16,7,-7.594933488516639,-7.412123203277588,-0.18281028523905096
2024-09-17,7,-7.695982377007085,-7.08740234375,-0.608580033257085
2024-09-18,7,-7.912236774178686,-7.071887969970703,-0.8403488042079825
2024-09-19,7,-7.548593418115738,-7.332422733306885,-0.21617068480885315
2024-09-20,7,-8.156771512470494,-7.344220161437988,-0.8125513510325053
2024-09-21,7,-9.137411157807458,-8.377963066101074,-0.7594480917063837
2024-09-22,7,-9.22010927366513,-8.004780769348145,-1.215328504316986
2024-09-23,7,-7.657672162115085,-7.242124557495117,-0.41554760461996754
2024-09-24,7,-7.16418081548918,-7.276453971862793,0.11227315637361279
2024-09-25,7,-6.873239201215958,-7.13088321685791,0.2576440156419517
2024-09-26,7,-7.372161845921349,-7.2780351638793945,-0.09412668204195462
2024-09-27,7,-7.762377171311247,-7.567578315734863,-0.19479885557638354
2024-09-28,7,-9.410517858234718,-8.184974670410156,-1.2255431878245613
2024-09-29,7,-8.859802514595454,-8.32575511932373,-0.534047395271724
2024-09-30,7,-7.354846982929903,-7.347464561462402,-0.007382421467500677
2024-10-01,7,-7.717832727168758,-7.0756425857543945,-0.6421901414143631
2024-10-02,7,-7.9430170498383745,-7.119656085968018,-0.823360963870357
2024-10-03,7,-7.587117550241822,-7.185402870178223,-0.40171468006359934
2024-10-04,7,-7.8173580785041725,-7.381466388702393,-0.43589168980177995
2024-10-05,7,-8.746814229333626,-8.554424285888672,-0.19238994344495453
2024-10-06,7,-8.44461347063351,-8.228861808776855,-0.21575166185665395
2024-10-07,7,-7.511216222523129,-7.330623626708984,-0.18059259581414455
2024-10-08,7,-6.879154515339575,-7.286074161529541,0.4069196461899658
2024-10-09,7,-7.561391084229369,-7.333184719085693,-0.22820636514367543
2024-10-10,7,-7.954807249048968,-7.461721420288086,-0.4930858287608819
2024-10-11,7,-7.899727601495052,-7.483077049255371,-0.4166505522396813
2024-10-12,7,-9.798785632524316,-8.238755226135254,-1.5600304063890622
2024-10-13,7,-9.000277471682907,-8.074216842651367,-0.9260606290315394
2024-10-14,7,-7.724745468477852,-7.4242095947265625,-0.3005358737512891
2024-10-15,7,-7.774179791525233,-7.134099960327148,-0.6400798311980846
2024-10-16,7,-7.863362515397026,-7.377681255340576,-0.48568126005644974
2024-10-17,7,-8.018551193752419,-7.514946460723877,-0.503604733028542
2024-10-18,7,-6.898530866282754,-7.407357692718506,0.5088268264357518
2024-10-19,7,-8.921658190779526,-8.935837745666504,0.014179554886977641
2024-10-20,7,-9.079636360099444,-8.441275596618652,-0.638360763480792
2024-10-21,7,-7.784069601964099,-7.394464015960693,-0.38960558600340534
2024-10-22,7,-7.368623299413477,-7.259895324707031,-0.10872797470644535
2024-10-23,7,-7.512997901045132,-7.265519618988037,-0.2474782820570951
2024-10-24,7,-7.671750079550882,-7.467349529266357,-0.2044005502845243
2024-10-25,7,-6.998467037027406,-7.1909637451171875,0.1924967080897817
2024-10-26,7,-8.813773417610177,-8.333808898925781,-0.4799645186843957
2024-10-27,7,-7.784664629556363,-8.501057624816895,0.7163929952605317
2024-10-28,7,-7.509206844606907,-7.400121688842773,-0.10908515576413347
2024-10-29,7,-7.320254941313007,-7.3693671226501465,0.04911218133713913
2024-10-30,7,-6.357178323463686,-7.434900760650635,1.0777224371869485
2024-10-31,7,-7.505193457512192,-7.550662040710449,0.045468583198257306
2024-11-01,7,-7.882091528500882,-7.254105567932129,-0.6279859605687532
2024-11-02,7,-8.951124037321541,-8.295799255371094,-0.6553247819504477
2024-11-03,7,-6.982350958300895,-7.4613542556762695,0.4790032973753746
2024-11-04,7,-6.610143513022823,-7.303961277008057,0.6938177639852334
2024-11-05,7,-5.89742196217559,-7.378589630126953,1.4811676679513628
2024-11-06,7,-5.970825445834223,-7.270956039428711,1.3001305935944876
2024-11-07,7,-6.298780197423048,-7.355835437774658,1.0570552403516098
2024-11-08,7,-6.69026855754187,-7.408501625061035,0.718233067519165
2024-11-09,7,-7.962925402749825,-8.26315689086914,0.30023148811931577
2024-11-10,7,-7.719913234094788,-7.299666881561279,-0.4202463525335087
2024-11-11,7,-6.813641525214108,-7.299666881561279,0.48602535634717103
2024-11-12,7,-7.123061515534054,-7.005147457122803,-0.11791405841125169
2024-11-13,7,-7.349584827177568,-7.171834468841553,-0.1777503583360156
2024-11-14,7,-6.9277588146226785,-7.017951965332031,0.09019315070935274
2024-11-15,7,-7.639603303246092,-7.123429775238037,-0.5161735280080553
2024-11-16,7,-8.458730870211758,-7.568499565124512,-0.8902313050872461
2024-11-17,7,-7.906636805257383,-7.477465629577637,-0.4291711756797465
2024-11-18,7,-6.845783544407805,-7.167273044586182,0.32148950017837663
2024-11-19,7,-6.704121318827724,-7.13819694519043,0.4340756263627057
2024-11-20,7,-7.421131408187987,-7.198007583618164,-0.22312382456982327
2024-11-21,7,-7.777480941685613,-7.2689995765686035,-0.5084813651170093
2024-11-22,7,-7.7915055329164575,-7.374724388122559,-0.41678114479389894
2024-11-23,7,-8.944575839059315,-8.252455711364746,-0.6921201276945688
2024-11-24,7,-8.526681786585359,-7.491667747497559,-1.0350140390878
2024-11-25,7,-7.2277762188452845,-7.192605018615723,-0.03517120022956188
2024-11-26,7,-7.477860175072574,-7.162717342376709,-0.31514283269586496
2024-11-27,7,-7.352016227925319,-7.256460189819336,-0.09555603810598345
2024-11-28,7,-5.520755763032788,-7.452064514160156,1.9313087511273679
2024-11-29,7,-7.056676956855624,-7.3984503746032715,0.3417734177476479
2024-11-30,7,-8.28612317218258,-8.23646354675293,-0.04965962542964952
2024-12-01,7,-8.152794625419403,-8.269509315490723,0.11671469007131918
2024-12-02,7,-6.452164940538162,-7.071873188018799,0.619708247480637
2024-12-03,7,-6.668355412158304,-7.407374858856201,0.7390194466978972
2024-12-04,7,-7.380414836630238,-7.382935523986816,0.0025206873565783994
2024-12-05,7,-7.347004798406336,-7.100297927856445,-0.2467068705498905
2024-12-06,7,-7.800269430130499,-7.167962074279785,-0.6323073558507142
2024-12-07,7,-8.329129180116265,-8.156390190124512,-0.1727389899917533
2024-12-08,7,-7.954173621957407,-7.866122722625732,-0.08805089933167487
2024-12-09,7,-7.167863912303163,-7.196200370788574,0.028336458485410887
2024-12-10,7,-7.46114260237137,-7.214328289031982,-0.24681431333938786
2024-12-11,7,-6.653480385951037,-7.321939468383789,0.6684590824327517
2024-12-12,7,-6.215955295754829,-7.178964138031006,0.9630088422761771
2024-12-13,7,-6.2286006577328035,-7.348970413208008,1.1203697554752043
2024-12-14,7,-7.472773492215739,-8.168807983398438,0.6960344911826981
2024-12-15,7,-7.349660055218582,-7.529926300048828,0.18026624483024634
2024-12-16,7,-6.8404400613287955,-7.245038032531738,0.40459797120294283
2024-12-17,7,-7.374187208078972,-7.299229621887207,-0.07495758619176485
2024-12-18,7,-7.715762789103233,-6.992591857910156,-0.723170931193077
2024-12-19,7,-7.307697534873444,-7.180848598480225,-0.1268489363932197
2024-12-20,7,-7.106588924470662,-7.150811195373535,0.04422227090287301
2024-12-21,7,-8.634132442724063,-7.362942218780518,-1.2711902239435453
2024-12-22,7,-8.326756050975344,-7.326605796813965,-1.0001502541613796
2024-12-23,7,-7.3543943334481,-7.2314863204956055,-0.12290801295249487
2024-12-24,7,-7.276893060792656,-7.223728179931641,-0.05316488086101501
2024-12-25,7,-8.238782332690736,-7.430990695953369,-0.8077916367373668
2024-12-26,7,-7.367896287600902,-7.143650531768799,-0.22424575583210338
2024-12-27,7,-8.097617541330267,-6.989961624145508,-1.1076559171847595
2024-12-28,7,-9.19804542909942,-8.318373680114746,-0.8796717489846735
2024-12-29,7,-8.787325094170878,-8.238726615905762,-0.5485984782651165
2024-12-30,7,-7.415021751205516,-7.296113014221191,-0.11890873698432447
2024-12-31,7,-7.590481289361926,-7.385506629943848,-0.20497465941807835
2025-01-01,7,-6.90681582272137,-8.222320556640625,1.315504733919255
2025-01-02,7,-6.968115739055578,-7.336764812469482,0.36864907341390474
2025-01-03,7,-6.709305206835529,-7.453513145446777,0.7442079386112486
2025-01-04,7,-8.995729032967116,-8.383418083190918,-0.612310949776198
2025-01-05,7,-8.852150045924287,-8.08989143371582,-0.7622586122084662
2025-01-06,7,-6.553319507908563,-7.246711254119873,0.6933917462113097
2025-01-07,7,-7.303486208762694,-7.152115345001221,-0.15137086376147302
2025-01-08,7,-7.312096925574036,-7.3455491065979,0.033452181023864824
2025-01-09,7,-7.391486709026281,-7.298980712890625,-0.0925059961356558
2025-01-10,7,-7.511145310148465,-6.973675727844238,-0.5374695823042268
2025-01-11,7,-7.438401020768668,-8.311368942260742,0.8729679214920738
2025-01-12,7,-6.148112404271952,-8.259908676147461,2.111796271875509
2025-01-13,7,-5.214773987217453,-7.198585510253906,1.9838115230364535
2025-01-14,7,-6.34915971482197,-7.293803691864014,0.9446439770420438
2025-01-15,7,-7.594519813201731,-7.284904479980469,-0.3096153332212621
2025-01-16,7,-5.989812005402478,-7.229865074157715,1.2400530687552367
2025-01-17,7,-7.355564283258395,-7.347100734710693,-0.008463548547701372
2025-01-18,7,-8.788612678268954,-7.366060733795166,-1.4225519444737884
2025-01-19,7,-8.623226788453762,-7.231329441070557,-1.391897347383205
2025-01-20,7,-6.548166225847454,-7.261627674102783,0.7134614482553294
2025-01-21,7,-7.335119722465245,-7.140350818634033,-0.19476890383121148
2025-01-22,7,-7.350021545427285,-7.412320137023926,0.062298591596641195
2025-01-23,7,-7.86523565131056,-7.261627674102783,-0.6036079772077771
2025-01-24,7,-7.64515655585875,-7.195761203765869,-0.44939535209288106
2025-01-25,7,-8.395509658549456,-8.299840927124023,-0.09566873142543209
2025-01-26,7,-7.035755186208709,-8.30938720703125,1.2736320208225411
2025-01-27,7,-5.95199845728886,-7.1056084632873535,1.1536100059984937
2025-01-28,7,-6.579587906443687,-7.319441795349121,0.7398538889054338
2025-01-29,7,-7.222214210843608,-7.4014058113098145,0.17919160046620686
2025-01-30,7,-7.456911400328808,-7.432146072387695,-0.024765327941112858
2025-01-31,7,-7.097257483150888,-7.365592002868652,0.26833451971776423
2025-02-01,7,-8.810076811866075,-8.168722152709961,-0.6413546591561143
2025-02-02,7,-8.10773415201615,-7.355682373046875,-0.7520517789692747
2025-02-03,7,-7.786812840962016,-7.004918575286865,-0.7818942656751506
2025-02-04,7,-8.095685364957285,-7.173248767852783,-0.9224365971045021
2025-02-05,7,-6.962691557561749,-7.200062274932861,0.23737071737111215
2025-02-06,7,-7.850939573833918,-7.276373386383057,-0.574566187450861
2025-02-07,7,-7.6048640411791055,-7.247638702392578,-0.3572253387865274
2025-02-08,7,-9.31204237724052,-8.285492897033691,-1.0265494802068282
2025-02-09,7,-9.354075786569943,-7.6722564697265625,-1.6818193168433808
2025-02-10,7,-8.328308753403542,-7.329068183898926,-0.9992405695046163
2025-02-11,7,-7.735386570485104,-7.5844340324401855,-0.15095253804491815
2025-02-12,7,-8.074161026658576,-7.193154811859131,-0.8810062147994451
2025-02-13,7,-8.388064413225592,-7.354484558105469,-1.0335798551201236
2025-02-14,7,-7.422492670788367,-7.340577602386475,-0.08191506840189255
2025-02-15,7,-9.351071668633756,-8.555468559265137,-0.7956031093686189
2025-02-16,7,-9.327182940847992,-8.57358455657959,-0.7535983842684022
2025-02-17,7,-7.366790273234517,-8.246550559997559,0.8797602867630419
2025-02-18,7,-6.241011939761488,-7.462151050567627,1.2211391108061393
2025-02-19,7,-6.08442226100039,-7.476199626922607,1.3917773659222172
2025-02-20,7,-6.878853344044446,-7.9335713386535645,1.0547179946091187
2025-02-21,7,-5.588570041559089,-7.335498332977295,1.7469282914182056
2025-02-22,7,-7.482186017843935,-8.590046882629395,1.1078608647854598
2025-02-23,7,-6.026685262486463,-8.762774467468262,2.7360892049817984
2025-02-24,7,-6.005721130764149,-7.358475685119629,1.3527545543554798
2025-02-25,7,-5.832575425345344,-7.216495037078857,1.3839196117335133
2025-02-26,7,-6.528431978871631,-7.274289131164551,0.7458571522929196
2025-02-27,7,-6.412729998936713,-7.22529935836792,0.8125693594312073
2025-02-28,7,-5.651155219226064,-7.22898006439209,1.5778248451660257
2025-03-01,7,-7.82002049036847,-7.251723766326904,-0.5682967240415655
2025-03-02,7,-7.116223896566312,-7.1977972984313965,0.08157340186508488
2025-03-03,7,-5.949376876735946,-7.1309709548950195,1.1815940781590735
2025-03-04,7,-6.2051256349718855,-7.1151862144470215,0.910060579475136
2025-03-05,7,-6.9226794457074154,-7.200341701507568,0.2776622558001529
2025-03-06,7,-7.250092425539886,-7.1151862144470215,-0.13490621109286494
2025-03-07,7,-7.447118934719969,-7.138138294219971,-0.30898064049999796
2025-03-08,7,-8.898459551988159,-7.456462860107422,-1.4419966918807372
2025-03-09,7,-7.329432996679352,-7.372763633728027,0.043330637048675236
2025-03-10,7,-7.67080326390782,-7.146307468414307,-0.5244957954935137
2025-03-11,7,-7.616041619926752,-7.145598888397217,-0.470442731529535
2025-03-12,7,-7.472221310413124,-7.26530647277832,-0.20691483763480356
2025-03-13,7,-7.439639310421675,-7.13703727722168,-0.302602033199995
2025-03-14,7,-7.976296204139535,-7.239181041717529,-0.7371151624220058
2025-03-15,7,-9.81200323221424,-8.156146049499512,-1.655857182714728
2025-03-16,7,-8.77472856117907,-7.484391689300537,-1.2903368718785337
2025-03-17,7,-7.738805643991428,-7.3896708488464355,-0.3491347951449928
2025-03-18,7,-7.907900185694711,-7.429806232452393,-0.4780939532423183
2025-03-19,7,-7.926440425992742,-7.422201633453369,-0.5042387925393728
2025-03-20,7,-8.15773669999174,-7.362820625305176,-0.7949160746865633
2025-03-21,7,-7.842789124023152,-7.470590591430664,-0.37219853259248836
2025-03-22,7,-8.003994184702773,-8.807470321655273,0.8034761369525008
2025-03-23,7,-8.165887428032145,-8.24439525604248,0.07850782801033596
2025-03-24,7,-7.254418259891095,-7.369546890258789,0.11512863036769438
2025-03-25,7,-7.756757128271761,-7.430952548980713,-0.3258045792910478
2025-03-26,7,-6.587482790091052,-7.34226655960083,0.7547837695097783
2025-03-27,7,-7.252194880144823,-7.590518951416016,0.3383240712711926
2025-03-28,7,-6.63516370951007,-7.237778663635254,0.6026149541251842
2025-03-29,7,-8.681969956851141,-7.522513389587402,-1.1594565672637387
2025-03-30,7,-7.188412492677708,-7.685187816619873,0.49677532394216506
2025-03-31,7,-5.629049006791348,-7.221591949462891,1.5925429426715425
2025-04-01,7,-6.933967406336497,-7.315664291381836,0.38169688504533905
2025-04-02,7,-5.92065466170989,-7.254337787628174,1.3336831259182835
2025-04-03,7,-7.031037787314499,-7.177944183349609,0.14690639603511002
2025-04-04,7,-7.032090018849573,-7.058376312255859,0.02628629340628663
2025-04-05,7,-7.79990038655869,-8.217487335205078,0.4175869486463881
2025-04-06,7,-7.287263687197286,-7.335839748382568,0.04857606118528235
2025-04-07,7,-7.167014962280521,-6.986259460449219,-0.1807555018313023
2025-04-08,7,-7.777788884630375,-7.184268951416016,-0.5935199332143597
2025-04-09,7,-7.413189676387737,-7.119533061981201,-0.2936566144065358
2025-04-10,7,-8.268721841318316,-7.1170196533203125,-1.1517021879980032
2025-04-11,7,-9.681279444888752,-7.2960944175720215,-2.38518502731673
2025-04-12,7,-9.171548905690758,-7.579010963439941,-1.5925379422508161
2025-04-13,7,-9.01552740253416,-7.565542221069336,-1.4499851814648235
2025-04-14,7,-7.457356285992482,-7.290822505950928,-0.16653378004155428
2025-04-15,7,-6.979201722253075,-7.46604061126709,0.48683888901401495
2025-04-16,7,-7.403345870725576,-7.317115783691406,-0.08623008703416968
2025-04-17,7,-8.021045389721651,-8.208856582641602,0.1878111929199502
2025-04-18,7,-7.797960553044787,-8.579838752746582,0.7818781997017954
2025-04-19,7,-8.912576429259436,-8.321247100830078,-0.5913293284293584
2025-04-20,7,-8.579169330655771,-8.141519546508789,-0.4376497841469824
2025-04-21,7,-7.92097208375074,-7.069284915924072,-0.8516871678266673
2025-04-22,7,-8.087519781534887,-7.2187042236328125,-0.8688155579020744
2025-04-23,7,-8.023455793775357,-7.503539085388184,-0.5199167083871732
2025-04-24,7,-8.09456339337235,-7.574608325958252,-0.5199550674140987
2025-04-25,7,-8.294066343106515,-7.491530895233154,-0.8025354478733604
2025-04-26,7,-9.46541060137628,-8.33947467803955,-1.1259359233367299
2025-04-27,7,-8.596552100361416,-8.164937019348145,-0.4316150810132715
2025-04-28,7,-8.166003817373237,-7.467385292053223,-0.6986185253200148
2025-04-29,7,-8.013724640481898,-7.60017204284668,-0.4135525976352188
2025-04-30,7,-7.894201229610753,-7.643410682678223,-0.25079054693253067
2025-05-01,7,-7.474703553304063,-7.690139293670654,0.2154357403665914
2025-05-02,7,-7.7544076279684,-7.930729866027832,0.1763222380594316
2025-05-03,7,-8.51169203750711,-8.357088088989258,-0.15460394851785253
2025-05-04,7,-7.894756830708296,-8.133613586425781,0.23885675571748521
2025-05-05,7,-7.171315375183232,-7.758061408996582,0.5867460338133501
2025-05-06,7,-7.898122089143746,-7.525679111480713,-0.3724429776630327
2025-05-07,7,-8.318310440418038,-7.268523693084717,-1.0497867473333216
2025-05-08,7,-7.7147571999584414,-7.398857593536377,-0.3158996064220645
2025-05-09,7,-8.244800643227538,-7.53622579574585,-0.7085748474816889
2025-05-10,7,-8.88548365814237,-8.245521545410156,-0.6399621127322135
2025-05-11,7,-7.9130966647344225,-7.635533809661865,-0.2775628550725573
2025-05-12,7,-7.475391981698435,-7.308884143829346,-0.16650783786908896
2025-05-13,7,-7.413492676031776,-7.361900806427002,-0.05159186960477413
2025-05-14,7,-6.9048202411259405,-7.827199935913086,0.9223796947871454
2025-05-15,7,-7.5998782354004675,-7.482412815093994,-0.11746542030647333
2025-05-16,7,-7.443883442529285,-7.945745944976807,0.5018625024475218
2025-05-17,7,-8.225636513265073,-8.233296394348145,0.007659881083071696
2025-05-18,7,-8.196992018610825,-7.662005424499512,-0.534986594111313
2025-05-19,7,-8.288440304342084,-7.4633941650390625,-0.8250461393030211
2025-05-20,7,-7.940076582517803,-7.372058868408203,-0.5680177141096001
2025-05-21,7,-8.336031186903472,-7.212954521179199,-1.1230766657242732
2025-05-22,7,-7.769467517478563,-7.640867233276367,-0.1286002842021956
2025-05-23,7,-7.728674501465333,-7.403390884399414,-0.325283617065919
2025-05-24,7,-8.421598154519437,-8.064020156860352,-0.35757799765908516
2025-05-25,7,-8.743472246073782,-8.074227333068848,-0.6692449130049347
2025-05-26,7,-8.184430028615092,-8.04885196685791,-0.13557806175718135
2025-05-27,7,-8.331213911925008,-7.556447505950928,-0.7747664059740806
2025-05-28,7,-8.71279939743139,-7.900461196899414,-0.8123382005319755
2025-05-29,7,-7.51988335958094,-7.53907585144043,0.019192491859489458
2025-05-30,7,-8.345664194572562,-7.440833568572998,-0.9048306259995638
2025-05-31,7,-9.05218826005398,-8.288813591003418,-0.7633746690505614
2025-06-01,7,-9.384555576107418,-8.305166244506836,-1.0793893316005825
2025-06-02,7,-7.968985833169205,-7.795187473297119,-0.17379835987208558
2025-06-03,7,-8.125005944838898,-7.72745418548584,-0.39755175935305864
2025-06-04,7,-8.19082610478049,-8.11600112915039,-0.07482497563009893
2025-06-05,7,-7.927023759209108,-7.500041484832764,-0.4269822743763445
2025-06-06,7,-7.443188684929166,-7.900544166564941,0.45735548163577544
2025-06-07,7,-9.05726972859608,-8.416945457458496,-0.6403242711375832
2025-06-08,7,-8.953471985164441,-8.524374008178711,-0.42909797698573016
2025-06-09,7,-8.110641264350848,-7.368826866149902,-0.7418143982009457
2025-06-10,7,-7.806286485181062,-7.638406276702881,-0.16788020847818075
2025-06-11,7,-7.866192379807445,-7.633469581604004,-0.232722798203441
2025-06-12,7,-8.633468871743753,-7.591303825378418,-1.0421650463653354
2025-06-13,7,-7.900331132706684,-7.362215995788574,-0.5381151369181101
2025-06-14,7,-7.967196587131996,-8.375175476074219,0.4079788889422229
2025-06-15,7,-7.027680658640498,-8.229351043701172,1.201670385060674
2025-06-16,7,-7.236497370232764,-7.650053024291992,0.4135556540592278
2025-06-17,7,-8.149886293035856,-7.5757551193237305,-0.5741311737121251
2025-06-18,7,-8.176305065875129,-7.601950168609619,-0.5743548972655095
2025-06-19,7,-8.376095118293176,-8.083511352539062,-0.29258376575411305
2025-06-20,7,-8.542770722531861,-7.703250885009766,-0.8395198375220954
2025-06-21,7,-10.649971722513076,-7.835373878479004,-2.814597844034072
2025-06-22,7,-9.316586495538738,-7.605027675628662,-1.711558819910076
2025-06-23,7,-8.62277199796468,-7.56996488571167,-1.05280711225301
2025-06-24,7,-8.642591743070529,-7.682744979858398,-0.9598467632121306
2025-06-25,7,-8.308439939764494,-7.670327663421631,-0.6381122763428628
2025-06-26,7,-8.29396771419438,-8.065552711486816,-0.22841500270756399
2025-06-27,7,-8.898524051817713,-7.787559986114502,-1.110964065703211
2025-06-28,7,-9.987284347496226,-8.656720161437988,-1.330564186058238
2025-06-29,7,-9.36677210235694,-8.564387321472168,-0.8023847808847719
2025-06-30,7,-8.713378263033814,-8.121829986572266,-0.5915482764615483
2025-07-01,7,-8.902586131499698,-8.012051582336426,-0.8905345491632719
2025-07-02,7,-8.29417874240117,-7.631099700927734,-0.663079041473436
2025-07-03,7,-7.209350045659884,-7.7665510177612305,0.5572009721013469
2025-07-04,7,-7.867944834377488,-8.313941955566406,0.44599712118891865
2025-07-05,7,-9.356431837546369,-8.577038764953613,-0.7793930725927556
2025-07-06,7,-8.773942349578554,-8.510279655456543,-0.2636626941220115
2025-07-07,7,-7.481016702523509,-8.104666709899902,0.6236500073763933
2025-07-08,7,-7.254884046098786,-8.15993881225586,0.9050547661570736
2025-07-09,7,-7.906106583346014,-7.990651607513428,0.08454502416741416
2025-07-10,7,-7.750043741635851,-7.568339824676514,-0.18170391695933752
2025-07-11,7,-7.925867888823022,-7.763562202453613,-0.16230568636940834
2025-07-12,7,-9.191851708958271,-8.623241424560547,-0.5686102843977245
2025-07-13,7,-8.749889889500176,-8.365447044372559,-0.3844428451276176
2025-07-14,7,-8.062198643566044,-7.592611312866211,-0.4695873306998326
2025-07-15,7,-7.740429316317312,-7.72735595703125,-0.013073359286061681
2025-07-16,7,-8.047332828013449,-7.786980628967285,-0.2603521990461637
2025-07-17,7,-8.253076728769177,-7.722501754760742,-0.5305749740084345
2025-07-18,7,-7.605517370811197,-7.736172676086426,0.13065530527522906
2025-07-19,7,-9.606954095499765,-8.644583702087402,-0.9623703934123622
2025-07-20,7,-8.981033746649764,-8.311860084533691,-0.6691736621160729
2025-07-21,7,-8.30508496766559,-7.777379035949707,-0.5277059317158823
2025-07-22,7,-8.268215689597376,-7.71420955657959,-0.5540061330177863
2025-07-23,7,-8.393240576178409,-7.928874492645264,-0.4643660835331449
2025-07-24,7,-8.520230588607557,-7.741329193115234,-0.7789013954923227
2025-07-25,7,-7.533737412187012,-7.797883033752441,0.2641456215654294
2025-07-26,7,-8.568970525996992,-8.8258056640625,0.25683513806550806
2025-07-27,7,-9.01457508878402,-8.314322471618652,-0.7002526171653685
2025-07-28,7,-8.64759502280641,-7.916513919830322,-0.7310811029760877
2025-07-29,7,-8.327990264931364,-8.009981155395508,-0.3180091095358559
2025-07-30,7,-8.51421068372607,-7.693964004516602,-0.8202466792094683
2025-07-31,7,-8.532403748070708,-8.100422859191895,-0.4319808888788135
2025-08-01,7,-8.651182815348951,-7.792547225952148,-0.858635589396803
2025-08-02,7,-9.32597851139552,-8.212136268615723,-1.113842242779798
2025-08-03,7,-8.441043602227696,-8.493718147277832,0.052674545050136246
2025-08-04,7,-7.811382584426513,-8.050553321838379,0.23917073741186634
2025-08-05,7,-8.297044334912817,-7.8507890701293945,-0.4462552647834226
2025-08-06,7,-7.759195959681331,-8.061680793762207,0.3024848340808761
2025-08-07,7,-6.9615054586384755,-7.785847187042236,0.8243417284037609
2025-08-08,7,-8.400633017404333,-8.172121047973633,-0.2285119694307003
2025-08-09,7,-9.797853695149604,-8.664433479309082,-1.1334202158405215
2025-08-10,7,-9.5559821565806,-8.36505126953125,-1.1909308870493494
2025-08-11,7,-8.156814886452334,-7.745514869689941,-0.41130001676239303
2025-08-12,7,-8.142712241205171,-8.023656845092773,-0.11905539611239746
2025-08-13,7,-8.113278831395304,-7.870015621185303,-0.2432632102100012
2025-08-14,7,-8.175195141952578,-7.793778419494629,-0.3814167224579492
2025-08-15,7,-7.391375071440983,-8.02975845336914,0.6383833819281577
2025-08-16,7,-9.155666824013634,-8.653148651123047,-0.5025181728905874
2025-08-17,7,-7.722034948084426,-8.843267440795898,1.1212324927114725
2025-08-18,7,-7.330218334497994,-7.879271030426025,0.5490526959280313
2025-08-19,7,-7.622910020795579,-7.993477821350098,0.370567800554519
2025-08-20,7,-8.082710716050025,-7.985593795776367,-0.09711692027365793
2025-08-21,7,-8.403842583904545,-7.918855667114258,-0.4849869167902874
2025-08-22,7,-8.0046493464786,-7.786326885223389,-0.2183224612552106
2025-08-23,7,-9.133680845548108,-8.297229766845703,-0.8364510787024049
2025-08-24,7,-9.177958657568531,-8.110477447509766,-1.0674812100587658
2025-08-25,7,-7.953683190386181,-7.722236156463623,-0.23144703392255828
2025-08-26,7,-7.872158994764496,-7.829102516174316,-0.043056478590179914
2025-08-27,7,-8.182388144667684,-7.922049045562744,-0.26033909910493946
2025-08-28,7,-8.292311256544016,-7.997340202331543,-0.29497105421247305
2025-08-29,7,-8.049751286620033,-7.881626605987549,-0.1681246806324843
2025-08-30,7,-9.772848916168195,-8.495841979980469,-1.2770069361877265
2025-08-31,7,-9.53452627568605,-8.605493545532227,-0.929032730153823
2025-09-01,7,-8.677120971758,-7.920435905456543,-0.7566850663014577
2025-09-02,7,-8.403115304394708,-7.8664937019348145,-0.5366216024598938
2025-09-03,7,-8.21218014894868,-7.987156867980957,-0.22502328096772217
2025-09-04,7,-8.499654294702792,-8.206741333007812,-0.29291296169497905
2025-09-05,7,-8.617547509904476,-7.883286952972412,-0.7342605569320639
2025-09-06,7,-9.831130650802836,-8.928288459777832,-0.9028421910250035
2025-09-07,7,-9.54978554808957,-8.780649185180664,-0.7691363629089061
2025-09-08,7,-8.439814402280856,-8.19355297088623,-0.24626143139462542
2025-09-09,7,-8.792523838198322,-8.08651351928711,-0.706010318911213
2025-09-10,7,-8.101310617641094,-8.17168140411377,0.07037078647267592
2025-09-11,7,-8.766447689945338,-8.059793472290039,-0.7066542176552986
2025-09-12,7,-9.267364905921823,-8.08519458770752,-1.182170318214304
2025-09-13,7,-10.6050280488101,-8.648934364318848,-1.9560936844912522
2025-09-14,7,-10.133520913612236,-8.956521987915039,-1.1769989256971964
2025-09-15,7,-7.891930026244774,-8.281265258789062,0.3893352325442887
2025-09-16,7,-8.692216418426757,-8.104050636291504,-0.5881657821352526
2025-09-17,7,-8.715111261187413,-8.016149520874023,-0.6989617403133899
2025-09-18,7,-7.797766269227527,-7.973573684692383,0.17580741546485612
2025-09-19,7,-8.199318457410062,-8.018760681152344,-0.18055777625771796
2025-09-20,7,-10.290127372923022,-8.954782485961914,-1.3353448869611082
2025-09-21,7,-9.254128583110203,-8.689888954162598,-0.5642396289476057
2025-09-22,7,-8.541521038784206,-7.968440532684326,-0.5730805060998794
2025-09-23,7,-8.603434629923894,-8.311935424804688,-0.2914992051192069
2025-09-24,7,-8.240112062129832,-8.256818771362305,0.01670670923247286
2025-09-25,7,-8.296715658902626,-7.983908176422119,-0.3128074824805065
2025-09-26,7,-7.823921809963694,-8.045442581176758,0.22152077121306402
2025-09-27,7,-9.45214532988536,-9.04180908203125,-0.4103362478541097
2025-09-28,7,-7.695218782358524,-8.778367042541504,1.0831482601829796
2025-09-29,7,-8.01510033381816,-8.158029556274414,0.14292922245625483
2025-09-30,7,-7.842639336975692,-7.9045281410217285,0.06188880404603658
2025-10-01,7,-8.002081163490216,-7.985897064208984,-0.016184099281231212
2025-10-02,7,-8.012382804006961,-7.792792797088623,-0.21959000691833808
2025-10-03,7,-4.587612791666304,-7.93398904800415,3.3463762563378463
2025-10-04,7,-7.115722376608375,-8.778396606445312,1.662674229836938
2025-10-05,7,-7.1264281234111495,-8.003684043884277,0.8772559204731278
2025-10-06,7,-7.601098600323596,-7.967466831207275,0.36636823088367976
2025-10-07,7,-7.344241412122854,-7.850786209106445,0.506544796983591
2025-10-08,7,-7.591723650096573,-8.011496543884277,0.4197728937877043
2025-10-09,7,-6.905012356907999,-7.842051029205322,0.937038672297323
2025-10-10,7,-7.053262415309131,-7.525791645050049,0.4725292297409176
2025-10-11,7,-8.645181515778779,-7.74374532699585,-0.9014361887829292
2025-10-12,7,-7.946925952270387,-7.881031513214111,-0.0658944390562759
2025-10-13,7,-7.702435877483535,-7.693435192108154,-0.00900068537538079
2025-10-14,7,-6.814365684609184,-7.6059441566467285,0.7915784720375445
2025-10-15,7,-7.329678651800407,-7.69279670715332,0.3631180553529134
2025-10-16,7,-7.503043703626393,-7.525907039642334,0.02286333601594137
2025-10-17,7,-8.016664491858316,-7.536158561706543,-0.48050593015177334
2025-10-18,7,-9.436012357444428,-8.27370834350586,-1.1623040139385683
2025-10-19,7,-8.127811371886041,-7.933887004852295,-0.1939243670337465
2025-10-20,7,-8.31020361926275,-7.699904441833496,-0.6102991774292548
2025-10-21,7,-7.874738990868753,-7.717936992645264,-0.1568019982234894
2025-10-22,7,-7.054000148404952,-7.801732063293457,0.7477319148885053
2025-10-23,7,-7.043093926149241,-7.741379737854004,0.6982858117047632
2025-10-24,7,-7.299625987456839,-7.925750732421875,0.6261247449650362
2025-10-25,7,-9.102269176611976,-8.542308807373047,-0.5599603692389294
2025-10-26,7,-8.604699637140742,-8.062248229980469,-0.5424514071602733
2025-10-27,7,-7.27163389114966,-8.107861518859863,0.836227627710203
2025-10-28,7,-6.542526955726167,-7.892614364624023,1.3500874088978563
2025-10-29,7,-7.130332009579842,-7.792324066162109,0.6619920565822675
2025-10-30,7,-7.168157359718235,-7.7809882164001465,0.6128308566819118
2025-10-31,7,-7.037002738488869,-7.728135108947754,0.6911323704588845
2025-11-01,7,-8.218470766094887,-8.480913162231445,0.2624423961365583
2025-11-02,7,-7.88633221123335,-8.419334411621094,0.5330022003877435
2025-11-03,7,-7.707023434157362,-7.5561418533325195,-0.1508815808248425
2025-11-04,7,-7.4421296812380255,-7.391473770141602,-0.05065591109642398
2025-11-05,7,-7.572570868483227,-7.553856372833252,-0.018714495649975404
2025-11-06,7,-7.0002820840938105,-7.4830851554870605,0.48280307139325007
2025-11-07,7,-6.384560789541653,-7.576674461364746,1.1921136718230931
2025-11-08,7,-7.714310407924918,-8.249436378479004,0.5351259705540858
2025-11-09,7,-7.175102452523699,-7.8192524909973145,0.6441500384736152
2025-11-10,7,-6.993087708054424,-7.67164945602417,0.6785617479697459
2025-11-11,7,-6.75464809359329,-7.623106956481934,0.8684588628886436
2025-11-12,7,-6.988105858772633,-7.7473673820495605,0.759261523276928
2025-11-13,7,-6.842480066767818,-7.618413925170898,0.7759338584030804
2025-11-14,7,-5.7867108645783665,-7.496067523956299,1.7093566593779324
2025-11-15,7,-7.555518494073084,-7.515924453735352,-0.039594040337732395
2025-11-16,7,-7.596708359678786,-7.490350246429443,-0.10635811324934252
2025-11-17,7,-6.969901638005364,-7.339117050170898,0.3692154121655342
2025-11-18,7,-7.231650335428167,-7.2722954750061035,0.04064513957793636
2025-11-19,7,-7.364305501511629,-7.358665943145752,-0.005639558365877484
2025-11-20,7,-7.879568199495125,-7.254056930541992,-0.625511268953133
2025-11-21,7,-7.694293783175389,-7.350157260894775,-0.3441365222806132
2025-11-22,7,-8.832361523993656,-7.822909832000732,-1.0094516919929237
2025-11-23,7,-8.56370363864505,-7.709496974945068,-0.8542066636999817
2025-11-24,7,-6.7205038180139995,-7.665480613708496,0.9449767956944966
2025-11-25,7,-7.166694063037643,-7.608005523681641,0.4413114606439974
2025-11-26,7,-6.799725179739331,-7.586519718170166,0.7867945384308346
2025-11-27,7,-7.278058894103278,-7.740839958190918,0.46278106408763975
2025-11-28,7,-7.384608832790334,-7.725104808807373,0.3404959760170394
2025-11-29,7,-8.780922005770533,-8.458353042602539,-0.32256896316799377
2025-11-30,7,-7.414740413919735,-8.360501289367676,0.9457608754479407
2025-12-01,7,-7.457035504573326,-7.26175594329834,-0.1952795612749858
2025-12-02,7,-7.256857420158548,-7.435708045959473,0.1788506258009246
2025-12-03,7,-7.058992929899828,-7.286063194274902,0.22707026437507416
2025-12-04,7,-7.347794785273569,-7.493796348571777,0.14600156329820813
2025-12-05,7,-7.561466219241837,-7.496471405029297,-0.0649948142125405
2025-12-06,7,-9.696511840594232,-8.358240127563477,-1.338271713030755
2025-12-07,7,-8.293293428630856,-7.601681232452393,-0.6916121961784629
2025-12-08,7,-7.227863026447627,-7.411113739013672,0.18325071256604453
2025-12-09,7,-7.710960999236119,-7.402594089508057,-0.30836690972806213
2025-12-10,7,-6.682453263792524,-7.482441425323486,0.7999881615309627
2025-12-11,7,-6.740374624315311,-7.4376115798950195,0.6972369555797089
2025-12-12,7,-7.020317942574881,-7.541443347930908,0.5211254053560275
2025-12-13,7,-9.6115694039447,-8.824217796325684,-0.7873516076190157
2025-12-14,7,-8.628519475678901,-8.347077369689941,-0.28144210598896
2025-12-15,7,-7.534308322325102,-7.465927600860596,-0.06838072146450624
2025-12-16,7,-7.663101554070803,-7.475524425506592,-0.18757712856421094
2025-12-17,7,-8.228128764798534,-7.315929889678955,-0.9121988751195786
2025-12-18,7,-8.643584150115842,-7.420902729034424,-1.2226814210814183
2025-12-19,7,-7.837277913270711,-7.470876216888428,-0.36640169638228315
2025-12-20,7,-10.1372374475085,-8.95306396484375,-1.1841734826647503
2025-12-21,7,-9.816705351087146,-8.429084777832031,-1.3876205732551146
2025-12-22,7,-7.7426847782524995,-7.611720561981201,-0.13096421627129828
2025-12-23,7,-8.070003787107389,-7.751786708831787,-0.31821707827560175
2025-12-24,7,-8.62278542607784,-7.885139465332031,-0.7376459607458088
